{
  "summary": {
    "tickers": [
      "AAPL",
      "NVDA"
    ],
    "avg_cv_mean": 0.3522270391196566,
    "median_cv_mean": 0.3522270391196566,
    "avg_walk_forward_sharpe": 0.0,
    "low_accuracy_tickers": [],
    "timestamp": "2025-12-01T22:15:19.775765"
  },
  "details": [
    {
      "ticker": "AAPL",
      "cv_mean": 0.3924451296934518,
      "cv_std": 0.07132958747804331,
      "samples": 744,
      "label_stats": {
        "BUY": 213,
        "HOLD": 413,
        "SELL": 125,
        "BUY_pct": 0.2836218375499334,
        "HOLD_pct": 0.5499334221038615,
        "SELL_pct": 0.16644474034620507,
        "total": 751
      },
      "relabel_attempts": 0,
      "top_features": [
        [
          "macd_hist",
          42.88011321956405
        ],
        [
          "vol_sma_20",
          10.381644623526181
        ],
        [
          "ema_5",
          10.304340508186046
        ],
        [
          "ema_13",
          9.908816020496428
        ],
        [
          "sma_20",
          9.324484467806704
        ],
        [
          "macd",
          4.332127694420217
        ],
        [
          "ema_diff_5_13",
          3.1859452348267165
        ],
        [
          "macd_signal",
          1.9960707665528206
        ],
        [
          "rsi_14",
          1.6190571740925999
        ],
        [
          "rsi_9",
          1.4738913734632988
        ],
        [
          "adx",
          1.3010040965069691
        ],
        [
          "vol_ratio",
          1.2419382216108275
        ]
      ],
      "walk_forward_sharpe": 0.0,
      "walk_forward_avg_return": 0.0
    },
    {
      "ticker": "NVDA",
      "cv_mean": 0.3120089485458613,
      "cv_std": 0.139531549930551,
      "samples": 746,
      "label_stats": {
        "BUY": 205,
        "HOLD": 466,
        "SELL": 80,
        "BUY_pct": 0.2729693741677763,
        "HOLD_pct": 0.6205059920106525,
        "SELL_pct": 0.10652463382157124,
        "total": 751
      },
      "relabel_attempts": 0,
      "top_features": [
        [
          "macd_hist",
          52.802506818856074
        ],
        [
          "atr_14",
          15.84527433054728
        ],
        [
          "ema_5",
          13.872246813563049
        ],
        [
          "ema_13",
          13.76142406578021
        ],
        [
          "sma_20",
          13.444872450068427
        ],
        [
          "adx",
          7.411266096137341
        ],
        [
          "vol_sma_20",
          6.457230790056323
        ],
        [
          "macd_signal",
          6.4450928478706135
        ],
        [
          "macd",
          1.4177354108848752
        ],
        [
          "ema_diff_5_13",
          1.3562943843427573
        ],
        [
          "vol_ratio",
          1.2787088461355134
        ],
        [
          "rsi_14",
          0.7043855453763322
        ]
      ],
      "walk_forward_sharpe": 0.0,
      "walk_forward_avg_return": 0.0
    }
  ]
}