{
  "generated_at": "2025-12-04T21:13:13.984346",
  "config": {
    "train_pct": 0.7,
    "episodes_per_strategy": 100,
    "initial_balance": 100000,
    "max_positions": 10,
    "position_size": 0.15,
    "stop_loss": -12,
    "profit_target": 20
  },
  "train_results": {
    "👤 HUMAN": {
      "avg_return": 40.93819830664098,
      "std_return": 10.788340112825964,
      "avg_win_rate": 51.0146749936982,
      "avg_sharpe": 1.8692915765322722,
      "avg_max_dd": -11.884488816254159,
      "best_return": 66.28796196073294,
      "worst_return": 2.1977200267314867
    },
    "🤖 AI": {
      "avg_return": 49.938534166153666,
      "std_return": 16.943116744812777,
      "avg_win_rate": 51.0800725802556,
      "avg_sharpe": 2.0917898910610817,
      "avg_max_dd": -11.471601654055485,
      "best_return": 87.98113595074415,
      "worst_return": 6.913843332529068
    },
    "🔥 COMBINED": {
      "avg_return": 27.983674860147836,
      "std_return": 8.556254757623286,
      "avg_win_rate": 47.695948628009795,
      "avg_sharpe": 1.4592027223198487,
      "avg_max_dd": -10.137593234250673,
      "best_return": 60.70167215794324,
      "worst_return": 4.0510215607881594
    }
  },
  "test_results": {
    "👤 HUMAN": {
      "avg_return": 24.216330652236945,
      "std_return": 3.552713678800501e-15,
      "avg_win_rate": 62.74509803921569,
      "avg_sharpe": 3.131807680683145,
      "avg_max_dd": -6.683534646947314,
      "best_return": 24.21633065223694,
      "worst_return": 24.21633065223694
    },
    "🤖 AI": {
      "avg_return": 34.52123579788208,
      "std_return": 7.105427357601002e-15,
      "avg_win_rate": 63.265306122449005,
      "avg_sharpe": 3.8112645771883735,
      "avg_max_dd": -6.15700903813384,
      "best_return": 34.521235797882085,
      "worst_return": 34.521235797882085
    },
    "🔥 COMBINED": {
      "avg_return": 32.95022878551483,
      "std_return": 7.105427357601002e-15,
      "avg_win_rate": 64.58333333333334,
      "avg_sharpe": 3.9494389212780443,
      "avg_max_dd": -4.610367203831459,
      "best_return": 32.95022878551484,
      "worst_return": 32.95022878551484
    }
  },
  "winner": "🤖 AI",
  "pattern_performance": {
    "H:bounce": {
      "wins": 3900,
      "losses": 2000,
      "win_rate": 66.10169491525424,
      "total_pnl": 65225.30436343076
    },
    "H:dip_buy": {
      "wins": 500,
      "losses": 200,
      "win_rate": 71.42857142857143,
      "total_pnl": 12325.99397006964
    },
    "H:ribbon_mom": {
      "wins": 1000,
      "losses": 400,
      "win_rate": 71.42857142857143,
      "total_pnl": 14630.071201332266
    },
    "H:squeeze": {
      "wins": 200,
      "losses": 200,
      "win_rate": 50.0,
      "total_pnl": 1166.3996366892625
    },
    "AI:trend_cont": {
      "wins": 1700,
      "losses": 1000,
      "win_rate": 62.96296296296296,
      "total_pnl": 20838.047623472157
    },
    "AI:nuclear_dip": {
      "wins": 1400,
      "losses": 300,
      "win_rate": 82.35294117647058,
      "total_pnl": 31667.316974002137
    },
    "AI:quantum_mom": {
      "wins": 2100,
      "losses": 1100,
      "win_rate": 65.625,
      "total_pnl": 36657.340245259584
    }
  },
  "recommendations": {
    "best_strategy": "🤖 AI",
    "use_patterns": [
      "H:bounce",
      "AI:quantum_mom",
      "AI:nuclear_dip",
      "AI:trend_cont",
      "H:ribbon_mom",
      "H:dip_buy"
    ],
    "avoid_patterns": []
  }
}