date,open,high,low,close,volume,dividends,stock_splits,returns,log_returns,realized_vol_5d,realized_vol_20d
2010-01-04 00:00:00-05:00,544.75,561.25,544.0,557.75,41278,0.0,0.0,,,,
2010-01-05 00:00:00-05:00,556.75,561.5,552.0,553.0,36720,0.0,0.0,-0.008516360376512822,-0.008552831790307143,,
2010-01-06 00:00:00-05:00,552.0,567.75,551.0,567.25,38503,0.0,0.0,0.025768535262206127,0.025442122137616287,,
2010-01-07 00:00:00-05:00,566.5,568.0,556.0,557.75,33873,0.0,0.0,-0.016747465843984122,-0.016889290347309203,,
2010-01-08 00:00:00-05:00,557.5,570.0,545.25,568.5,33873,0.0,0.0,0.0192738682205289,0.019090479877948825,,
2010-01-11 00:00:00-05:00,569.0,575.0,563.75,572.5,33873,0.0,0.0,0.0070360598065084545,0.007011422237804083,0.2855433690958752,
2010-01-12 00:00:00-05:00,570.0,570.5,520.5,535.75,33873,0.0,0.0,-0.06419213973799132,-0.06634510107470837,0.5789039762567454,
2010-01-13 00:00:00-05:00,534.75,538.0,519.25,537.0,60488,0.0,0.0,0.002333177788147456,0.0023304601551782877,0.5193024128018359,
2010-01-14 00:00:00-05:00,536.75,537.25,525.5,527.75,40114,0.0,0.0,-0.01722532588454373,-0.017375407780434664,0.5196778978915343,
2010-01-15 00:00:00-05:00,525.25,525.75,509.25,510.0,42330,0.0,0.0,-0.033633349123638134,-0.034211961010058585,0.46075574737823566,
2010-01-19 00:00:00-05:00,511.0,515.25,496.5,500.5,49469,0.0,0.0,-0.0186274509803922,-0.018803126963096224,0.39292726467287686,
2010-01-20 00:00:00-05:00,501.0,501.5,485.25,497.5,48241,0.0,0.0,-0.005994005994006013,-0.006012042156627834,0.21681526975614865,
2010-01-21 00:00:00-05:00,497.75,500.5,493.0,499.5,35457,0.0,0.0,0.004020100502512669,0.004012041489960854,0.22529473412869083,
2010-01-22 00:00:00-05:00,500.5,502.0,491.5,498.5,30415,0.0,0.0,-0.002002002002001957,-0.002004008686715143,0.2383513843492874,
2010-01-25 00:00:00-05:00,500.25,504.0,496.25,498.25,30539,0.0,0.0,-0.0005015045135405849,-0.0005016303089888839,0.1366876769776854,
2010-01-26 00:00:00-05:00,497.25,500.5,491.5,494.0,30418,0.0,0.0,-0.008529854490717526,-0.008566441904981608,0.077472419137221,
2010-01-27 00:00:00-05:00,493.5,495.0,483.0,483.75,42885,0.0,0.0,-0.020748987854251055,-0.020967272843930986,0.152583494338192,
2010-01-28 00:00:00-05:00,485.75,489.25,482.75,487.0,35797,0.0,0.0,0.006718346253229868,0.0066958787385981225,0.1640217277062792,
2010-01-29 00:00:00-05:00,486.5,488.5,473.0,474.0,62568,0.0,0.0,-0.026694045174537995,-0.027056801387513305,0.2196922099542629,
2010-02-01 00:00:00-05:00,476.0,483.75,473.0,474.75,57026,0.0,0.0,0.0015822784810126667,0.0015810279973187732,0.22575339292500377,
2010-02-02 00:00:00-05:00,474.25,492.5,474.25,487.25,65546,0.0,0.0,0.026329647182727678,0.02598898869527486,0.3415002261943026,0.3358126365412128
2010-02-03 00:00:00-05:00,487.5,494.75,468.25,469.0,61505,0.0,0.0,-0.03745510518214468,-0.03817456994139081,0.41106042828232786,0.3533502401660223
2010-02-04 00:00:00-05:00,471.0,482.0,466.5,475.75,50470,0.0,0.0,0.014392324093816633,0.01428973772997951,0.4291192443397244,0.34103883901349646
2010-02-05 00:00:00-05:00,475.0,476.5,467.0,473.25,55763,0.0,0.0,-0.005254860746190193,-0.005268716086826609,0.38340785488755114,0.33980516052781484
2010-02-08 00:00:00-05:00,479.5,489.0,476.25,484.0,55118,0.0,0.0,0.022715266772319165,0.02246111662719957,0.4170607524073035,0.3436608253334257
2010-02-09 00:00:00-05:00,483.0,488.5,476.75,482.25,63813,0.0,0.0,-0.003615702479338845,-0.003622254930793249,0.36800960524718773,0.33962360796644964
2010-02-10 00:00:00-05:00,483.5,503.0,480.75,496.75,87561,0.0,0.0,0.030067392431311513,0.029624229646087723,0.24948447102988305,0.2959577070190415
2010-02-11 00:00:00-05:00,497.75,501.5,486.5,493.5,54328,0.0,0.0,-0.006542526421741357,-0.006564022558389994,0.2777161109258791,0.29527141276189345
2010-02-12 00:00:00-05:00,493.5,493.75,480.25,486.5,40776,0.0,0.0,-0.014184397163120588,-0.014285957247476541,0.30897634716883016,0.29366466776129935
2010-02-16 00:00:00-05:00,490.0,509.0,488.25,505.0,59297,0.0,0.0,0.03802672147995878,0.03732152764929997,0.37434198143634184,0.307276122745071
2010-02-17 00:00:00-05:00,504.25,504.75,492.5,494.75,42283,0.0,0.0,-0.020297029702970315,-0.020505844792684736,0.4244384555913887,0.30864989762325834
2010-02-18 00:00:00-05:00,495.0,499.5,483.0,485.0,40668,0.0,0.0,-0.01970692268822638,-0.019903693545191916,0.38781180762990014,0.3157048227826317
2010-02-19 00:00:00-05:00,481.0,490.5,477.5,489.75,41882,0.0,0.0,0.009793814432989656,0.009746165887166904,0.39966023351469626,0.317602413092559
2010-02-22 00:00:00-05:00,489.75,504.0,485.25,501.25,48291,0.0,0.0,0.023481368044920847,0.02320992179612878,0.412259537026801,0.3289955810219725
2010-02-23 00:00:00-05:00,499.25,501.5,491.0,491.75,34885,0.0,0.0,-0.01895261845386531,-0.019134521351610465,0.3248384245395484,0.33616586312263497
2010-02-24 00:00:00-05:00,492.0,502.25,489.5,500.25,27762,0.0,0.0,0.017285205897305644,0.01713751619467444,0.3239051546055741,0.3403926442683979
2010-02-25 00:00:00-05:00,499.0,500.5,488.0,489.75,23569,0.0,0.0,-0.020989505247376306,-0.02121291663919265,0.3294948429062097,0.3405960429774513
2010-02-26 00:00:00-05:00,489.5,507.0,488.5,506.5,6934,0.0,0.0,0.034201123021949886,0.033629266864087855,0.4027147646162985,0.36029370459551563
2010-03-01 00:00:00-05:00,508.0,513.0,485.0,492.75,7920,0.0,0.0,-0.02714708785784803,-0.02752237765590854,0.4315801540917242,0.36077899749924613
2010-03-02 00:00:00-05:00,493.0,497.25,487.0,492.0,5407,0.0,0.0,-0.0015220700152207556,-0.0015232295405215258,0.4084152936341962,0.36101615509157736
2010-03-03 00:00:00-05:00,497.25,503.75,494.75,503.5,2932,0.0,0.0,0.023373983739837456,0.023104995666308928,0.4262066145993174,0.35852151041551394
2010-03-04 00:00:00-05:00,501.5,502.25,488.0,490.5,2358,0.0,0.0,-0.02581926514399202,-0.026158433153199174,0.4433558458572391,0.3436590414948537
2010-03-05 00:00:00-05:00,493.0,496.75,482.25,482.25,1902,0.0,0.0,-0.016819571865443472,-0.016962627219579363,0.33446110944432894,0.347133091545796
2010-03-08 00:00:00-05:00,484.0,487.25,483.25,484.5,1264,0.0,0.0,0.004665629860031162,0.0046547795449825196,0.3041098685227645,0.3465840764476875
2010-03-09 00:00:00-05:00,483.0,483.25,478.25,478.5,739,0.0,0.0,-0.012383900928792602,-0.012461220437812002,0.3099989884600898,0.3402912595553409
2010-03-10 00:00:00-05:00,478.0,478.0,468.75,470.75,462,0.0,0.0,-0.016196447230929945,-0.016329043355747114,0.1776795224317785,0.3447909752890517
2010-03-11 00:00:00-05:00,469.0,470.75,466.0,468.5,221,0.0,0.0,-0.004779607010090281,-0.004791065858784914,0.14394548235530083,0.3247754058824638
2010-03-12 00:00:00-05:00,469.5,471.75,469.5,472.25,24060,0.0,0.0,0.008004268943436532,0.007972404703142087,0.16625682230201214,0.326607583729823
2010-03-15 00:00:00-04:00,484.75,487.0,476.75,479.25,20569,0.0,0.0,0.014822657490735747,0.014713875544134853,0.21001816508836307,0.32847783143497883
2010-03-16 00:00:00-04:00,480.25,489.0,479.5,487.0,26171,0.0,0.0,0.01617110067814287,0.01604174115683585,0.21960464480184902,0.30257671124286845
2010-03-17 00:00:00-04:00,487.75,498.25,485.25,496.0,34563,0.0,0.0,0.01848049281314168,0.018311803642337688,0.14938539591002564,0.30217365928506323
2010-03-18 00:00:00-04:00,494.5,494.75,484.5,489.25,34830,0.0,0.0,-0.013608870967741882,-0.013702320448741817,0.20805672232977446,0.29755919125804037
2010-03-19 00:00:00-04:00,489.25,490.75,482.5,483.75,21371,0.0,0.0,-0.01124169647419515,-0.011305361932194004,0.2526312390574382,0.2983093616169561
2010-03-22 00:00:00-04:00,484.25,492.75,482.25,486.5,23468,0.0,0.0,0.00568475452196382,0.005668657282068186,0.2379806311161853,0.2858010643971782
2010-03-23 00:00:00-04:00,485.25,489.0,475.75,476.75,31447,0.0,0.0,-0.020041109969167525,-0.02024465714553131,0.25114244904605754,0.28671546739892995
2010-03-24 00:00:00-04:00,477.0,478.75,472.0,476.0,24110,0.0,0.0,-0.0015731515469323831,-0.0015743902491084719,0.16177430948258226,0.27810638018525186
2010-03-25 00:00:00-04:00,475.5,478.25,464.5,466.5,33361,0.0,0.0,-0.01995798319327735,-0.02015983394402153,0.18045728912248066,0.277211394162044
2010-03-26 00:00:00-04:00,466.25,468.75,464.0,464.75,26997,0.0,0.0,-0.0037513397642015,-0.003758393685845118,0.18351775673177917,0.24137880462897482
2010-03-29 00:00:00-04:00,465.5,471.25,464.0,464.75,32286,0.0,0.0,0.0,0.0,0.1598660432314282,0.22585838411971934
2010-03-30 00:00:00-04:00,464.75,473.75,462.25,472.0,34897,0.0,0.0,0.01559978483055402,0.015479358984001941,0.20071537786340837,0.2351539601264732
2010-03-31 00:00:00-04:00,472.0,474.25,450.0,450.5,58287,0.0,0.0,-0.045550847457627164,-0.046620908537162824,0.36844073062393873,0.2623377811093634
2010-04-01 00:00:00-04:00,452.5,457.75,449.5,454.75,68,0.0,0.0,0.009433962264151052,0.009389740349839137,0.38094798346001163,0.2557327282269162
2010-04-05 00:00:00-04:00,456.0,459.5,447.0,453.5,20682,0.0,0.0,-0.002748763056624526,-0.002752547843040348,0.3811971667575492,0.25095647993215286
2010-04-06 00:00:00-04:00,454.0,470.0,448.75,463.5,46216,0.0,0.0,0.022050716648291058,0.021811115450718538,0.4274877877313575,0.2651391497250824
2010-04-07 00:00:00-04:00,463.75,479.75,456.5,475.25,55200,0.0,0.0,0.025350593311758374,0.02503459636262871,0.4549750151157297,0.27915111322997754
2010-04-08 00:00:00-04:00,474.25,474.75,467.0,469.25,48344,0.0,0.0,-0.012624934245134112,-0.012705305901920315,0.2560940626044819,0.27671261929636953
2010-04-09 00:00:00-04:00,469.5,478.75,462.5,465.75,48279,0.0,0.0,-0.0074587107085775095,-0.0074866659849203545,0.2784537019455344,0.2774869144657275
2010-04-12 00:00:00-04:00,469.0,474.5,466.0,467.75,79561,0.0,0.0,0.004294149221685473,0.004284955672501178,0.2706226922374178,0.27635144105008747
2010-04-13 00:00:00-04:00,467.0,476.5,463.5,476.0,64576,0.0,0.0,0.01763762693746651,0.017483889077220923,0.2558758674821552,0.2785707826781192
2010-04-14 00:00:00-04:00,475.25,482.0,470.5,474.75,69661,0.0,0.0,-0.002626050420168058,-0.002629504539024735,0.18636868988752678,0.27183517999675705
2010-04-15 00:00:00-04:00,474.25,482.5,472.5,480.25,41466,0.0,0.0,0.011585044760400232,0.01151845195627079,0.16197737599288042,0.2662818401848507
2010-04-16 00:00:00-04:00,479.75,491.25,476.25,490.5,39879,0.0,0.0,0.021343050494534,0.02111847735675165,0.1548245557280363,0.27395427829249314
2010-04-19 00:00:00-04:00,489.0,489.0,466.75,467.75,35943,0.0,0.0,-0.04638124362895002,-0.04749131385121874,0.4389563441503489,0.3183391649541955
2010-04-20 00:00:00-04:00,469.5,487.25,468.5,486.0,36954,0.0,0.0,0.03901656867985026,0.03827465874629469,0.5122403242180962,0.34882567907852846
2010-04-21 00:00:00-04:00,486.75,490.0,481.75,487.25,22042,0.0,0.0,0.002572016460905324,0.0025687144871764005,0.5089473533818033,0.34057744713771937
2010-04-22 00:00:00-04:00,486.5,499.5,480.75,498.5,18974,0.0,0.0,0.02308876346844535,0.022826251014222823,0.5237680706805443,0.3489555456940361
2010-04-23 00:00:00-04:00,498.0,499.25,489.75,493.25,28265,0.0,0.0,-0.01053159478435306,-0.010587444499168295,0.5212108635951771,0.3424370045659642
2010-04-26 00:00:00-04:00,492.5,502.5,449.0,476.0,15952,0.0,0.0,-0.034972123669538724,-0.03559829067130467,0.45750797126532516,0.3676254049388956
2010-04-27 00:00:00-04:00,476.75,481.25,471.25,478.25,14215,0.0,0.0,0.004726890756302504,0.0047157540889422355,0.34142323658476353,0.36776033798792157
2010-04-28 00:00:00-04:00,477.0,484.0,470.75,476.25,18448,0.0,0.0,-0.004181913225300593,-0.004190681879451555,0.33779778102977187,0.36452628461011205
2010-04-29 00:00:00-04:00,477.0,495.25,477.0,484.5,15673,0.0,0.0,0.017322834645669305,0.017174504889910215,0.3095659033375135,0.3248831208403171
2010-04-30 00:00:00-04:00,484.0,493.75,482.0,491.75,10948,0.0,0.0,0.014963880288957787,0.014853025938347626,0.33543358690105773,0.32673262561440475
2010-05-03 00:00:00-04:00,493.5,495.75,480.5,490.0,6940,0.0,0.0,-0.003558718861209953,-0.003565066164496146,0.15975649389040075,0.32697106867511033
2010-05-04 00:00:00-04:00,489.0,500.5,483.0,499.75,4678,0.0,0.0,0.01989795918367343,0.019702582275837113,0.1869935827852679,0.32548780011753065
2010-05-05 00:00:00-04:00,500.5,501.5,493.0,501.0,4338,0.0,0.0,0.00250125062531259,0.002498127704355288,0.16189849988225172,0.31553707834873307
2010-05-06 00:00:00-04:00,500.0,502.0,490.0,497.25,2863,0.0,0.0,-0.007485029940119792,-0.00751318335078325,0.18719998771242186,0.3127127340020662
2010-05-07 00:00:00-04:00,492.5,506.25,490.0,500.25,2333,0.0,0.0,0.006033182503770718,0.006015055729761189,0.16777512962773214,0.31033591158818047
2010-05-10 00:00:00-04:00,498.0,502.5,482.5,482.5,776,0.0,0.0,-0.035482258870564665,-0.03612705268480212,0.32835183439517385,0.34012128775716916
2010-05-11 00:00:00-04:00,482.25,487.25,481.0,483.75,213,0.0,0.0,0.002590673575129543,0.0025873235649509544,0.27051933614072926,0.3349675474705114
2010-05-12 00:00:00-04:00,485.0,496.0,482.0,482.75,342,0.0,0.0,-0.002067183462532318,-0.0020693230353677574,0.2629201319804065,0.33489270599091087
2010-05-13 00:00:00-04:00,479.25,479.25,472.0,471.0,542,0.0,0.0,-0.024339720352149152,-0.02464082729220608,0.2896127908329913,0.34405566264597975
2010-05-14 00:00:00-04:00,465.5,465.5,463.0,463.5,34507,0.0,0.0,-0.015923566878980888,-0.0160517090105079,0.24901810260453575,0.3376922001705751
2010-05-17 00:00:00-04:00,471.0,474.5,466.25,469.0,32094,0.0,0.0,0.011866235167206085,0.011796383440369564,0.23037013015721805,0.2985884701452486
2010-05-18 00:00:00-04:00,469.0,473.5,466.0,467.75,32717,0.0,0.0,-0.0026652452025586193,-0.0026688032920803516,0.22148405939969815,0.26122889866016785
2010-05-19 00:00:00-04:00,467.75,472.0,465.25,469.25,28939,0.0,0.0,0.003206841261357507,0.0032017103124191474,0.2312714200474844,0.26137891680653613
2010-05-20 00:00:00-04:00,470.5,472.25,461.25,469.75,42108,0.0,0.0,0.0010655301012254537,0.0010649628269565903,0.1610479453620912,0.2447841492953703
2010-05-21 00:00:00-04:00,469.5,475.0,466.5,472.0,32362,0.0,0.0,0.0047897817988291624,0.004778347291980681,0.0853259540285467,0.24444991727052165
2010-05-24 00:00:00-04:00,473.75,476.0,466.0,467.5,32240,0.0,0.0,-0.009533898305084776,-0.00957963685681372,0.0906348913790681,0.21381761520611836
2010-05-25 00:00:00-04:00,465.5,466.75,456.25,460.5,41281,0.0,0.0,-0.0149732620320856,-0.015086493033380192,0.1378765981550753,0.21843228251657257
2010-05-26 00:00:00-04:00,462.75,472.0,459.0,461.75,49496,0.0,0.0,0.002714440825190012,0.0027107633839878083,0.13649749695380367,0.2188056875751297
2010-05-27 00:00:00-04:00,460.5,473.5,458.0,467.75,30745,0.0,0.0,0.01299404439631835,0.01291034607484965,0.1794302119878633,0.21437343481353383
2010-05-28 00:00:00-04:00,468.5,473.5,456.5,457.75,66816,0.0,0.0,-0.02137894174238375,-0.021610781599578903,0.21970981410088491,0.21578245748035532
2010-06-01 00:00:00-04:00,457.75,461.25,448.75,450.75,47763,0.0,0.0,-0.015292190060076427,-0.015410321471193407,0.22908904247922457,0.21981575281299892
2010-06-02 00:00:00-04:00,450.0,454.5,442.0,442.5,61748,0.0,0.0,-0.01830282861896837,-0.01847239763544243,0.23729092450055714,0.20594821054076412
2010-06-03 00:00:00-04:00,443.5,448.0,440.5,441.75,51410,0.0,0.0,-0.0016949152542372614,-0.001696353248178402,0.22675048242072554,0.20418625963297304
2010-06-04 00:00:00-04:00,442.5,444.25,435.25,435.75,54534,0.0,0.0,-0.01358234295415961,-0.013675426799675495,0.11937846192160938,0.20583800801455027
2010-06-07 00:00:00-04:00,435.25,438.5,431.25,432.25,47975,0.0,0.0,-0.008032128514056214,-0.008064559836730408,0.10442549061448822,0.20046519475070557
2010-06-08 00:00:00-04:00,432.25,436.5,431.25,432.25,57042,0.0,0.0,0.0,0.0,0.12310322840761993,0.17155715286616968
2010-06-09 00:00:00-04:00,432.75,436.0,425.5,428.0,62604,0.0,0.0,-0.009832272990167756,-0.00988092898160312,0.09010357826399462,0.16951105527999566
2010-06-10 00:00:00-04:00,428.0,437.5,426.75,433.25,62662,0.0,0.0,0.012266355140186924,0.012191733013918677,0.1631592703594968,0.18120886595191732
2010-06-11 00:00:00-04:00,433.0,449.0,427.5,440.75,92624,0.0,0.0,0.017311021350259637,0.01716289268226412,0.19179349758419897,0.18356164657548996
2010-06-14 00:00:00-04:00,442.75,454.75,441.75,451.5,72669,0.0,0.0,0.024390243902439046,0.024097551579060524,0.21767573277681773,0.20154274665970057
2010-06-15 00:00:00-04:00,451.0,456.25,445.25,451.75,41286,0.0,0.0,0.0005537098560355336,0.0005535566152978599,0.2162922443159203,0.19570583754846138
2010-06-16 00:00:00-04:00,451.5,468.0,451.0,461.25,70631,0.0,0.0,0.021029330381848288,0.02081126588239899,0.1476367195055258,0.21173302350053538
2010-06-17 00:00:00-04:00,461.0,465.5,453.5,462.75,51215,0.0,0.0,0.003252032520325132,0.003246756098869873,0.17065163313175433,0.211743903154505
2010-06-18 00:00:00-04:00,462.5,470.0,458.75,461.75,51060,0.0,0.0,-0.00216099405726633,-0.0021633323742575312,0.1959808851832458,0.21171444559820593
2010-06-21 00:00:00-04:00,462.75,469.25,455.25,462.0,42360,0.0,0.0,0.0005414185165133478,0.0005412720023895905,0.14855312670262236,0.21076859639366974
2010-06-22 00:00:00-04:00,461.25,463.75,455.75,460.75,28367,0.0,0.0,-0.0027056277056276556,-0.0027092945318061366,0.15582959016061546,0.2084771207620758
2010-06-23 00:00:00-04:00,459.75,468.5,458.25,462.25,39445,0.0,0.0,0.0032555615843732344,0.0032502737173014952,0.045252985833294866,0.20179518297122523
2010-06-24 00:00:00-04:00,461.25,470.0,461.0,463.0,32322,0.0,0.0,0.0016224986479178582,0.0016211838189999106,0.040044609155001666,0.20165665947051167
2010-06-25 00:00:00-04:00,462.75,464.75,455.25,456.25,24162,0.0,0.0,-0.014578833693304483,-0.01468614918953276,0.11370834955153726,0.20222669033922347
2010-06-28 00:00:00-04:00,455.5,455.5,444.0,449.5,32821,0.0,0.0,-0.014794520547945167,-0.014905050985026256,0.13838934128437927,0.1947091835212921
2010-06-29 00:00:00-04:00,448.25,448.5,440.0,442.0,25205,0.0,0.0,-0.016685205784204626,-0.016825971833976792,0.1555136326323083,0.196138297226644
2010-06-30 00:00:00-04:00,441.5,477.25,441.5,464.75,17201,0.0,0.0,0.05147058823529416,0.05018974452385531,0.45952336383736814,0.2600290923770209
2010-07-01 00:00:00-04:00,464.25,486.0,461.0,484.0,9964,0.0,0.0,0.041420118343195256,0.0405852801150783,0.5404339749666032,0.2935076080755847
2010-07-02 00:00:00-04:00,482.5,492.0,481.25,487.75,6254,0.0,0.0,0.00774793388429762,0.0077180727865889835,0.499830313317248,0.2855067626734638
2010-07-06 00:00:00-04:00,487.75,511.0,487.75,492.75,5525,0.0,0.0,0.01025115325474113,0.010198966529608965,0.43715895062995674,0.28109762397384164
2010-07-07 00:00:00-04:00,492.0,517.0,492.0,515.75,4025,0.0,0.0,0.04667681380010147,0.045620205918531616,0.3313974201681246,0.3132892645053915
2010-07-08 00:00:00-04:00,515.0,534.5,510.0,534.0,3901,0.0,0.0,0.0353853611245758,0.03477368700883358,0.28708240509066413,0.3182172205065561
2010-07-09 00:00:00-04:00,529.75,529.75,519.75,523.5,2714,0.0,0.0,-0.0196629213483146,-0.019858808649603286,0.41165335284051463,0.33660021386602834
2010-07-12 00:00:00-04:00,523.5,524.5,520.0,521.25,1659,0.0,0.0,-0.004297994269340966,-0.004307257197580332,0.43522125570776193,0.33886536489479663
2010-07-13 00:00:00-04:00,520.0,536.75,520.0,535.75,332,0.0,0.0,0.027817745803357274,0.027437861240675158,0.44429936161522077,0.34118933147707836
2010-07-14 00:00:00-04:00,534.5,553.25,533.5,548.25,59964,0.0,0.0,0.023331777881474558,0.023063752944311167,0.37164029429075035,0.3434542411204605
2010-07-15 00:00:00-04:00,556.75,598.5,555.5,596.25,93931,0.0,0.0,0.08755129958960328,0.0839286549045534,0.6523767466055512,0.43963140652855565
2010-07-16 00:00:00-04:00,595.5,597.75,578.75,587.25,69220,0.0,0.0,-0.015094339622641506,-0.015209418663528795,0.6341283543715126,0.4498811954693492
2010-07-19 00:00:00-04:00,582.5,597.75,575.25,582.25,51738,0.0,0.0,-0.008514261387824629,-0.008550714774571819,0.6465095148516427,0.45315336300201026
2010-07-20 00:00:00-04:00,580.5,581.0,572.75,577.0,37416,0.0,0.0,-0.009016745384285096,-0.009057642256350812,0.6812356376514862,0.457617407947581
2010-07-21 00:00:00-04:00,577.0,594.0,574.0,588.25,48904,0.0,0.0,0.019497400346620397,0.01930976109937225,0.6790526011750944,0.45521840750572024
2010-07-22 00:00:00-04:00,587.0,610.0,583.75,596.5,62992,0.0,0.0,0.014024649383765464,0.013927213930498996,0.2457105162093567,0.45386774497869015
2010-07-23 00:00:00-04:00,596.0,603.75,593.25,596.25,35816,0.0,0.0,-0.0004191114836546994,-0.0004191993354198783,0.20732988487250226,0.4546161651629168
2010-07-26 00:00:00-04:00,596.25,596.25,584.5,589.5,30102,0.0,0.0,-0.01132075471698113,-0.011385322225125352,0.21793290929604844,0.45212497145260927
2010-07-27 00:00:00-04:00,587.0,604.0,582.5,595.0,52862,0.0,0.0,0.00932994062765058,0.00928668556820417,0.19420004610822528,0.440217714860072
2010-07-28 00:00:00-04:00,593.0,623.25,592.0,615.5,61593,0.0,0.0,0.03445378151260514,0.033873540078878536,0.27203776748467945,0.42950416789406226
2010-07-29 00:00:00-04:00,615.25,632.0,613.0,627.5,57886,0.0,0.0,0.019496344435418367,0.019308725381430757,0.2807673847862025,0.4100557929085151
2010-07-30 00:00:00-04:00,626.25,663.0,625.75,661.5,80164,0.0,0.0,0.054183266932270824,0.05276631254907133,0.3940712525734856,0.4230797549884491
2010-08-02 00:00:00-04:00,660.0,711.25,657.0,693.25,115906,0.0,0.0,0.04799697656840518,0.04688070094087708,0.298922887744886,0.4364882920722507
2010-08-03 00:00:00-04:00,692.0,697.5,674.75,680.0,66221,0.0,0.0,-0.019112874143526914,-0.019297886325735085,0.4639900210941455,0.45550753263099125
2010-08-04 00:00:00-04:00,680.0,732.0,678.25,725.75,91773,0.0,0.0,0.06727941176470598,0.06511280473458698,0.5465839589018792,0.47881555516303753
2010-08-05 00:00:00-04:00,726.25,785.75,724.0,785.75,88514,0.0,0.0,0.08267309679641754,0.07943307277293775,0.6202518630766728,0.5288591286175611
2010-08-06 00:00:00-04:00,788.25,841.0,725.75,725.75,126816,0.0,0.0,-0.07636016544702517,-0.07943307277293775,1.0577999009497905,0.6163296595299576
2010-08-09 00:00:00-04:00,710.75,738.25,684.5,712.5,131546,0.0,0.0,-0.018256975542542242,-0.018425690761933726,1.053846166407284,0.6247146680456878
2010-08-10 00:00:00-04:00,713.0,718.25,690.0,694.75,99701,0.0,0.0,-0.02491228070175444,-0.02522784352019255,1.063741908897778,0.639874606060306
2010-08-11 00:00:00-04:00,695.0,709.5,680.5,694.75,90223,0.0,0.0,0.0,0.0,0.9170182919855442,0.6406437392089837
2010-08-12 00:00:00-04:00,695.0,734.5,689.0,713.0,78265,0.0,0.0,0.026268441885570315,0.025929351791682806,0.601103428226961,0.5796753735754303
2010-08-13 00:00:00-04:00,710.0,724.75,700.25,702.5,40717,0.0,0.0,-0.014726507713884951,-0.014836019206395063,0.3234645183016126,0.5794688945513764
2010-08-16 00:00:00-04:00,700.0,709.0,655.75,663.75,53329,0.0,0.0,-0.05516014234875444,-0.05673982865175223,0.4782732972118829,0.6210057913060301
2010-08-17 00:00:00-04:00,664.75,676.75,649.75,651.0,41916,0.0,0.0,-0.019209039548022555,-0.0193959303475793,0.4715207827594255,0.6255936906748714
2010-08-18 00:00:00-04:00,652.75,665.0,645.0,656.0,22493,0.0,0.0,0.007680491551459223,0.0076511467355197295,0.4873038626368283,0.6238128753354422
2010-08-19 00:00:00-04:00,657.0,700.0,657.0,681.25,32289,0.0,0.0,0.03849085365853666,0.03776855703336486,0.5499396959314047,0.6338501035232239
2010-08-20 00:00:00-04:00,685.0,695.75,670.0,679.0,15341,0.0,0.0,-0.003302752293578015,-0.003308218418757737,0.5478784047231101,0.6344054407186634
2010-08-23 00:00:00-04:00,679.0,697.0,677.25,692.25,15224,0.0,0.0,0.01951399116347563,0.019326034492375035,0.3485562623656165,0.6318547361040414
2010-08-24 00:00:00-04:00,691.5,693.0,668.25,674.75,22088,0.0,0.0,-0.025279884434813993,-0.025604910152957173,0.3803253709640432,0.6433207802608936
2010-08-25 00:00:00-04:00,674.75,682.75,646.5,647.75,21858,0.0,0.0,-0.0400148203038162,-0.040837432455894655,0.5076782995860274,0.6554950390345677
2010-08-26 00:00:00-04:00,650.25,665.25,649.75,656.5,15760,0.0,0.0,0.013508297954457849,0.013417874300631634,0.4017001811222237,0.6538828696982555
2010-08-27 00:00:00-04:00,657.5,673.25,655.0,662.5,13926,0.0,0.0,0.009139375476009182,0.009097864117526439,0.41849949767649836,0.6261362424156796
2010-08-30 00:00:00-04:00,666.0,695.25,665.5,671.25,25897,0.0,0.0,0.013207547169811429,0.013121087962697276,0.39744671518046815,0.6031180087466279
2010-08-31 00:00:00-04:00,667.0,679.75,650.5,652.5,16752,0.0,0.0,-0.027932960893854775,-0.028330506626225996,0.40595707817591864,0.6074421670131956
2010-09-01 00:00:00-04:00,654.25,678.25,653.0,675.5,11173,0.0,0.0,0.03524904214559377,0.03464201820340498,0.3629013375428563,0.5688456092355533
2010-09-02 00:00:00-04:00,680.75,687.0,680.5,680.75,7239,0.0,0.0,0.007772020725388629,0.007741974153615459,0.3603234295486815,0.47340374816590014
2010-09-03 00:00:00-04:00,682.0,709.25,682.0,708.25,4793,0.0,0.0,0.04039662137348521,0.03960200715675703,0.4307926052493228,0.42447633401510027
2010-09-07 00:00:00-04:00,711.25,713.0,696.0,702.5,4238,0.0,0.0,-0.008118602188492807,-0.008151737502725145,0.45818230017237677,0.42047781645245125
2010-09-08 00:00:00-04:00,701.75,702.0,678.0,678.75,3450,0.0,0.0,-0.03380782918149461,-0.03439252995975558,0.4892441491196594,0.4284733729977246
2010-09-09 00:00:00-04:00,683.75,707.25,683.0,706.75,2133,0.0,0.0,0.04125230202578267,0.04042412532555451,0.511431400958807,0.4537893320699276
2010-09-10 00:00:00-04:00,704.0,708.5,690.25,704.75,2842,0.0,0.0,-0.0028298549699328213,-0.002833866579477824,0.5191665028680746,0.44416154297117927
2010-09-13 00:00:00-04:00,705.75,722.0,705.75,713.75,1789,0.0,0.0,0.012770485987938951,0.012689630975998008,0.4393937332067195,0.4429637272673736
2010-09-14 00:00:00-04:00,708.25,709.0,701.5,704.5,44074,0.0,0.0,-0.012959719789842339,-0.013044429631485022,0.4475831962736668,0.39446533583056936
2010-09-15 00:00:00-04:00,735.75,744.25,723.0,726.75,44548,0.0,0.0,0.031582682753726,0.03109420810025035,0.36054831913515045,0.39725748870282246
2010-09-16 00:00:00-04:00,728.25,737.75,711.5,719.25,45246,0.0,0.0,-0.01031991744066052,-0.010373537007328057,0.2944761780611707,0.40125523949800845
2010-09-17 00:00:00-04:00,725.5,743.0,723.0,739.25,41536,0.0,0.0,0.027806743135210255,0.027427156300929272,0.3301711514941957,0.3910608181014916
2010-09-20 00:00:00-04:00,738.5,757.0,729.0,731.75,38596,0.0,0.0,-0.010145417653026678,-0.01019723316059133,0.35613739613440404,0.39359029546048374
2010-09-21 00:00:00-04:00,728.75,734.0,716.5,718.0,36945,0.0,0.0,-0.01879057055005129,-0.01896935652377109,0.376674745448191,0.3970859340237353
2010-09-22 00:00:00-04:00,721.0,732.0,713.5,719.75,37375,0.0,0.0,0.0024373259052925533,0.0024343604440611446,0.2889671312887836,0.3836777274721041
2010-09-23 00:00:00-04:00,720.5,722.0,693.0,697.25,52999,0.0,0.0,-0.03126085446335536,-0.03175990298468695,0.3578793160187591,0.3715739632047198
2010-09-24 00:00:00-04:00,701.25,723.0,697.5,720.0,51154,0.0,0.0,0.03262818214413765,0.03210718550250263,0.3870156585299864,0.38408627643998566
2010-09-27 00:00:00-04:00,722.0,731.0,702.0,706.5,37631,0.0,0.0,-0.018750000000000044,-0.01892800988551891,0.39882671018199345,0.3926694522325704
2010-09-28 00:00:00-04:00,705.0,707.75,684.5,684.75,46561,0.0,0.0,-0.030785562632696384,-0.03126939398139458,0.4295535944155185,0.4089715366960301
2010-09-29 00:00:00-04:00,685.25,688.25,663.25,683.5,57177,0.0,0.0,-0.001825483753194579,-0.0018271519791832713,0.42333257852874556,0.39445444204464886
2010-09-30 00:00:00-04:00,685.75,686.0,651.0,674.0,75444,0.0,0.0,-0.013899049012435993,-0.01399654525169722,0.3845646005881346,0.378793570205264
2010-10-01 00:00:00-04:00,674.0,678.25,646.5,655.0,56388,0.0,0.0,-0.028189910979228516,-0.028594875277055145,0.18511331342715687,0.3905330220205251
2010-10-04 00:00:00-04:00,650.0,655.75,643.5,647.25,38228,0.0,0.0,-0.011832061068702271,-0.011902617003604881,0.19138097451406627,0.3586742188433255
2010-10-05 00:00:00-04:00,647.75,667.75,644.0,663.5,48567,0.0,0.0,0.02510621861722684,0.02479623514061529,0.31487412386461455,0.37302587744680293
2010-10-06 00:00:00-04:00,664.25,673.25,655.0,658.25,29587,0.0,0.0,-0.007912584777694076,-0.007944055395843447,0.31259112240965486,0.35518183144600607
2010-10-07 00:00:00-04:00,658.0,676.25,656.5,659.25,36542,0.0,0.0,0.0015191796429927518,0.0015180268569772544,0.31138847871946024,0.3181216706254693
2010-10-08 00:00:00-04:00,660.75,719.25,657.0,719.25,41711,0.0,0.0,0.09101251422070544,0.08710617719826132,0.6735870104777854,0.461831897293727
2010-10-11 00:00:00-04:00,737.5,739.75,703.0,709.25,61235,0.0,0.0,-0.013903371567605127,-0.014000928742696546,0.6798039587484983,0.46283370915002564
2010-10-12 00:00:00-04:00,708.25,719.75,703.0,710.0,44605,0.0,0.0,0.0010574550581601283,0.0010568963464004757,0.6879515369006248,0.46026486133471267
2010-10-13 00:00:00-04:00,712.0,722.25,695.0,702.75,50559,0.0,0.0,-0.010211267605633845,-0.010263760248719887,0.6928152521402827,0.4468780019382906
2010-10-14 00:00:00-04:00,702.0,712.25,697.5,700.75,40266,0.0,0.0,-0.0028459622909996485,-0.0028500197417436045,0.6983982126437711,0.4456658942224341
2010-10-15 00:00:00-04:00,702.0,713.75,695.0,704.5,49322,0.0,0.0,0.005351409204423785,0.005337141293837201,0.12573828812561108,0.4334152676751997
2010-10-18 00:00:00-04:00,701.75,709.0,687.25,690.0,41689,0.0,0.0,-0.02058197303051812,-0.020796733747429862,0.16216969916074878,0.43756033945760525
2010-10-19 00:00:00-04:00,691.0,696.5,668.25,671.5,49092,0.0,0.0,-0.02681159420289858,-0.027177581628012832,0.20641404651318834,0.4424002443502175
2010-10-20 00:00:00-04:00,673.5,687.75,673.5,683.0,36051,0.0,0.0,0.017125837676842837,0.016980843607497745,0.28819574747585813,0.44782710678119025
2010-10-21 00:00:00-04:00,683.0,692.25,667.0,668.75,33133,0.0,0.0,-0.02086383601756958,-0.021084561360573795,0.30540859656470204,0.4403524019080767
2010-10-22 00:00:00-04:00,670.25,676.0,665.0,670.75,29604,0.0,0.0,0.0029906542056075125,0.002986191095517252,0.29873062403813266,0.42186001722493494
2010-10-25 00:00:00-04:00,669.25,686.0,669.0,674.0,35789,0.0,0.0,0.004845322400298224,0.0048336216065735646,0.2945026109297256,0.41863575478419557
2010-10-26 00:00:00-04:00,674.0,699.0,670.5,692.0,61650,0.0,0.0,0.026706231454005858,0.026355844705362456,0.2844659169974973,0.41599679967986863
2010-10-27 00:00:00-04:00,694.5,707.5,686.5,702.75,49922,0.0,0.0,0.015534682080924789,0.015415254168971628,0.28080266317452673,0.4190731911994291
2010-10-28 00:00:00-04:00,702.75,721.75,700.5,718.25,60694,0.0,0.0,0.022056207755247303,0.021816488072757732,0.1651272850829175,0.4207424150944823
2010-10-29 00:00:00-04:00,719.75,725.0,711.25,717.25,57385,0.0,0.0,-0.0013922728854856015,-0.00139324299792481,0.18587819964065036,0.40440131854557293
2010-11-01 00:00:00-04:00,724.5,728.0,701.25,702.5,59548,0.0,0.0,-0.020564656674799564,-0.020779053653573323,0.3081587711742042,0.4103230466475388
2010-11-02 00:00:00-04:00,704.0,712.25,692.5,694.25,58450,0.0,0.0,-0.011743772241992856,-0.011813275020991875,0.2848065061273878,0.4065037110038539
2010-11-03 00:00:00-04:00,696.5,699.5,680.5,690.25,57253,0.0,0.0,-0.005761613251710429,-0.005778275376645068,0.2537238150850933,0.40583930984484073
2010-11-04 00:00:00-04:00,695.25,719.5,692.75,713.75,57185,0.0,0.0,0.03404563563926111,0.03347891015995613,0.3319625985686952,0.42075871301780166
2010-11-05 00:00:00-04:00,715.75,731.5,705.0,728.75,57185,0.0,0.0,0.021015761821365997,0.020797976694482134,0.36692473243426155,0.27887707808634243
2010-11-08 00:00:00-05:00,730.0,739.0,721.0,736.25,66262,0.0,0.0,0.010291595197255532,0.010238997301094286,0.29909002610187396,0.2751548259192294
2010-11-09 00:00:00-05:00,737.5,760.75,717.25,721.75,88653,0.0,0.0,-0.019694397283531395,-0.019890916422751974,0.3376269471237458,0.2857652685365166
2010-11-10 00:00:00-05:00,721.25,723.5,695.0,710.0,68570,0.0,0.0,-0.016279875303082836,-0.01641384850768342,0.37118576872849735,0.289700703889844
2010-11-11 00:00:00-05:00,707.25,723.0,701.75,704.0,73514,0.0,0.0,-0.008450704225352101,-0.008486613877318694,0.27921571807046713,0.29128200482470157
2010-11-12 00:00:00-05:00,704.25,710.75,661.25,669.25,101953,0.0,0.0,-0.049360795454545414,-0.05062067375758047,0.34346099718381234,0.33965152676513344
2010-11-15 00:00:00-05:00,673.5,685.0,667.5,672.75,58751,0.0,0.0,0.005229734777736361,0.00521610720655339,0.319440888522059,0.333573009621641
2010-11-16 00:00:00-05:00,671.0,674.0,624.25,626.25,95326,0.0,0.0,-0.06911928651059085,-0.07162413720794063,0.48735098107566927,0.4033993138486196
2010-11-17 00:00:00-05:00,627.5,647.0,617.75,632.5,75379,0.0,0.0,0.009980039920159722,0.009930568202600788,0.5565148717868051,0.39940879028676174
2010-11-18 00:00:00-05:00,633.75,657.25,633.25,645.25,35504,0.0,0.0,0.020158102766798525,0.01995761799704805,0.6332783013320812,0.4023246631220303
2010-11-19 00:00:00-05:00,649.75,657.75,636.25,644.5,44383,0.0,0.0,-0.0011623401782254739,-0.0011630162194811483,0.5650707876727922,0.40198311501323614
2010-11-22 00:00:00-05:00,643.75,653.0,639.0,645.5,30081,0.0,0.0,0.0015515903801397446,0.0015503879074552133,0.5606487441984652,0.40144327962951587
2010-11-23 00:00:00-05:00,647.25,652.25,634.5,642.0,40267,0.0,0.0,-0.005422153369481042,-0.005436906596736036,0.16131458774811197,0.38707565251685994
2010-11-24 00:00:00-05:00,645.0,656.0,642.25,647.5,29482,0.0,0.0,0.008566978193146335,0.008530489883731559,0.15887134574953804,0.3833139278368102
2010-11-26 00:00:00-05:00,647.5,654.25,645.5,648.25,31350,0.0,0.0,0.0011583011583011782,0.0011576308450809713,0.08074544381339116,0.37161467504669965
2010-11-29 00:00:00-05:00,649.25,662.0,647.0,650.25,52156,0.0,0.0,0.003085229463941408,0.0030804799099871855,0.07940272348395998,0.3725056769512365
2010-11-30 00:00:00-05:00,651.25,657.0,645.0,650.25,18191,0.0,0.0,0.0,0.0,0.08045087419860698,0.3679582726977198
2010-12-01 00:00:00-05:00,653.0,702.25,650.5,697.5,10560,0.0,0.0,0.0726643598615917,0.07014560936675977,0.4958828838937338,0.4548855488199363
2010-12-02 00:00:00-05:00,702.0,725.0,693.75,706.5,4391,0.0,0.0,0.012903225806451646,0.012820688429061469,0.4921260924645689,0.45623286321907836
2010-12-03 00:00:00-05:00,714.25,737.0,714.25,738.0,2677,0.0,0.0,0.04458598726114649,0.04362062247589035,0.49526910385168776,0.4675806824426537
2010-12-06 00:00:00-05:00,747.75,753.75,739.0,752.0,1377,0.0,0.0,0.01897018970189701,0.01879249934936732,0.45918241767332835,0.4665374689016978
2010-12-07 00:00:00-05:00,760.75,761.5,736.75,743.0,1021,0.0,0.0,-0.01196808510638303,-0.012040279232080712,0.5128768195393346,0.46796831937949923
2010-12-08 00:00:00-05:00,733.0,750.0,725.75,742.0,575,0.0,0.0,-0.0013458950201884479,-0.0013468015503787388,0.3424857662755231,0.4617655119605183
2010-12-09 00:00:00-05:00,743.25,749.25,742.0,748.25,105,0.0,0.0,0.008423180592991963,0.008387903565427915,0.3437343739704041,0.45724981376318935
2010-12-10 00:00:00-05:00,743.5,751.0,738.75,735.5,94,0.0,0.0,-0.017039759438690294,-0.017186606691316123,0.2333694668992185,0.46110833861337525
2010-12-13 00:00:00-05:00,743.0,743.0,736.5,740.25,105,0.0,0.0,0.006458191706322225,0.006437426940208443,0.17751420931258258,0.41827387720750103
2010-12-14 00:00:00-05:00,740.75,740.75,720.0,721.0,46314,0.0,0.0,-0.026004728132387744,-0.02634882969675162,0.23903031905776712,0.4328662678604821
2010-12-15 00:00:00-05:00,761.0,776.5,759.75,764.75,41111,0.0,0.0,0.06067961165048552,0.05890984574606384,0.5353857678801898,0.3853715139108054
2010-12-16 00:00:00-05:00,764.0,766.75,746.0,749.75,30866,0.0,0.0,-0.019614253023863992,-0.01980916540189435,0.5652210603340189,0.3997589780352177
2010-12-17 00:00:00-05:00,752.75,758.0,742.0,756.75,23922,0.0,0.0,0.009336445481827216,0.009293130272709501,0.5430757087390273,0.39753196018239867
2010-12-20 00:00:00-05:00,760.5,776.5,759.5,769.5,26319,0.0,0.0,0.01684836471754214,0.016708005377105907,0.5484050535724007,0.3969916445437368
2010-12-21 00:00:00-05:00,770.75,772.0,762.0,765.0,23700,0.0,0.0,-0.005847953216374324,-0.005865119452398134,0.48397225666974186,0.39973979642082635
2010-12-22 00:00:00-05:00,762.5,785.25,756.0,783.5,32598,0.0,0.0,0.024183006535947627,0.023895227969539596,0.28070443939357426,0.3995614089256853
2010-12-23 00:00:00-05:00,785.0,788.25,776.0,783.0,19738,0.0,0.0,-0.0006381620931716903,-0.0006383658052724418,0.19528539891904864,0.40142329253364106
2010-12-27 00:00:00-05:00,775.0,783.75,766.0,780.25,12064,0.0,0.0,-0.0035121328224776427,-0.003518314839914283,0.2134243511143952,0.40310210160046683
2010-12-28 00:00:00-05:00,780.0,802.0,779.5,798.25,24215,0.0,0.0,0.02306952899711634,0.022807450444002616,0.23630972204543393,0.40504990885940534
2010-12-29 00:00:00-05:00,800.0,806.25,782.25,799.25,25276,0.0,0.0,0.0012527403695583583,0.0012519563450593806,0.21560419032681813,0.4046389838717661
2010-12-30 00:00:00-05:00,799.0,799.0,776.5,784.75,28967,0.0,0.0,-0.018142008132624343,-0.018308592217887904,0.23476341097506034,0.3439487948501368
2010-12-31 00:00:00-05:00,786.5,796.25,780.5,794.25,18720,0.0,0.0,0.012105766167569199,0.012033077427562508,0.24823893898890467,0.343752098379056
2011-01-03 00:00:00-05:00,793.5,825.0,792.75,805.5,41582,0.0,0.0,0.014164305949008416,0.014064929467403457,0.25093240058882305,0.31426300131930457
2011-01-04 00:00:00-05:00,803.5,808.75,783.25,789.25,42111,0.0,0.0,-0.020173805090006214,-0.020380075178928043,0.25860879028704015,0.32111385936433073
2011-01-05 00:00:00-05:00,794.25,810.25,776.0,808.25,43836,0.0,0.0,0.02407348748812166,0.023788289167441454,0.32083510206007837,0.3248729357149062
2011-01-06 00:00:00-05:00,809.0,809.75,787.75,789.0,38317,0.0,0.0,-0.023816888339003972,-0.024105095759668172,0.34532662577400763,0.3396143885742491
2011-01-07 00:00:00-05:00,789.0,794.0,772.0,774.0,41870,0.0,0.0,-0.019011406844106515,-0.01919444725614718,0.35435784237564505,0.3479740972592654
2011-01-10 00:00:00-05:00,777.25,783.0,766.25,767.25,45406,0.0,0.0,-0.008720930232558155,-0.008759180089881578,0.31119216537064454,0.34318281738175394
2011-01-11 00:00:00-05:00,769.75,776.75,758.25,759.5,41649,0.0,0.0,-0.010101010101010055,-0.010152371464017962,0.29739749667050097,0.34556922290012815
2011-01-12 00:00:00-05:00,761.75,790.5,760.0,770.5,63833,0.0,0.0,0.014483212639894605,0.014379332724342832,0.23432793174244385,0.33245448834526
2011-01-13 00:00:00-05:00,776.75,787.5,769.25,783.5,52198,0.0,0.0,0.016872160934458202,0.016731407035905133,0.2541854055575298,0.26133670768558537
2011-01-14 00:00:00-05:00,784.25,784.75,763.0,773.25,58445,0.0,0.0,-0.013082322910019095,-0.01316865023089647,0.230536609155131,0.25535010223597177
2011-01-18 00:00:00-05:00,777.5,795.75,773.5,793.25,45206,0.0,0.0,0.025864856126737834,0.025536018898125987,0.2755152845578463,0.2683437544267804
2011-01-19 00:00:00-05:00,792.5,808.0,792.5,797.25,52166,0.0,0.0,0.005042546485975352,0.005029875426861987,0.23495546613614124,0.26319023257861196
2011-01-20 00:00:00-05:00,798.0,805.75,782.0,803.5,47555,0.0,0.0,0.007839448102853641,0.007808879287400357,0.23138395548763732,0.2623268318113865
2011-01-21 00:00:00-05:00,805.0,830.0,798.75,824.5,69697,0.0,0.0,0.026135656502800142,0.02579995682208621,0.2600517306645518,0.26454106736035987
2011-01-24 00:00:00-05:00,829.25,839.5,823.5,835.25,53540,0.0,0.0,0.013038204972710687,0.012953939237212277,0.15767287635251412,0.266707776472825
2011-01-25 00:00:00-05:00,835.25,839.0,820.75,838.25,63195,0.0,0.0,0.003591739000299299,0.003585304109471993,0.14495459256671203,0.2654660168930103
2011-01-26 00:00:00-05:00,840.5,861.25,839.75,856.5,48711,0.0,0.0,0.021771547867581287,0.02153793241783669,0.14928597259588414,0.2642486780510048
2011-01-27 00:00:00-05:00,859.0,863.5,845.5,846.25,46081,0.0,0.0,-0.011967308814944566,-0.012039493537689874,0.24211449083057343,0.2699507645715544
2011-01-28 00:00:00-05:00,848.0,849.75,824.5,825.75,60972,0.0,0.0,-0.02422451994091579,-0.0245227599555857,0.295492248518172,0.27703881391169205
2011-01-31 00:00:00-05:00,824.0,847.75,823.0,840.75,53841,0.0,0.0,0.01816530426884655,0.018002286349479993,0.31109149117759566,0.2805814218455026
2011-02-01 00:00:00-05:00,844.5,845.0,831.5,835.75,53425,0.0,0.0,-0.005947071067499254,-0.00596482532017099,0.31434133875850306,0.27904264208117835
2011-02-02 00:00:00-05:00,836.0,864.5,835.5,863.0,59330,0.0,0.0,0.032605444211785795,0.03208516578321993,0.36748740064983937,0.28623675527075726
2011-02-03 00:00:00-05:00,862.5,872.75,846.0,859.0,62142,0.0,0.0,-0.004634994206257237,-0.004645769099172569,0.35370246731061417,0.2784057614450721
2011-02-04 00:00:00-05:00,859.25,864.75,842.5,853.75,51667,0.0,0.0,-0.006111757857974354,-0.006130511099255517,0.2811906287747819,0.2622465259760903
2011-02-07 00:00:00-05:00,861.0,869.5,851.5,858.75,63365,0.0,0.0,0.005856515373352744,0.005839432651559166,0.2628714757127498,0.24765422228081194
2011-02-08 00:00:00-05:00,859.75,880.75,844.0,874.25,92302,0.0,0.0,0.01804949053857352,0.01788853240692614,0.2588023299580623,0.24574172182047896
2011-02-09 00:00:00-05:00,876.0,893.25,875.25,886.0,69104,0.0,0.0,0.013440091507006091,0.013350574661595808,0.16987404649764748,0.23854491209487352
2011-02-10 00:00:00-05:00,886.0,886.0,861.25,862.75,75619,0.0,0.0,-0.02624153498871329,-0.026591988626968124,0.28193513265770076,0.2657511819547945
2011-02-11 00:00:00-05:00,865.0,871.25,855.5,867.0,58881,0.0,0.0,0.0049261083743843415,0.004914014802429163,0.27520728767397096,0.26251518171790766
2011-02-14 00:00:00-05:00,876.5,884.75,869.5,872.0,51283,0.0,0.0,0.005767012687427853,0.005750447128437718,0.2751537128293994,0.2534695411466013
2011-02-15 00:00:00-05:00,873.0,874.0,830.5,840.25,95153,0.0,0.0,-0.03641055045871555,-0.03708995730376454,0.3510175210922913,0.2837992477403164
2011-02-16 00:00:00-05:00,843.75,849.25,825.5,837.0,60655,0.0,0.0,-0.0038678964593871212,-0.0038753961157397578,0.30364579499790817,0.28472406718220405
2011-02-17 00:00:00-05:00,837.75,853.5,837.75,850.75,55063,0.0,0.0,0.016427718040621375,0.016294242891539894,0.3207926561212513,0.2884324376962281
2011-02-18 00:00:00-05:00,851.25,852.75,817.25,822.25,64089,0.0,0.0,-0.03349985307081982,-0.03407382831184871,0.37514626068350765,0.30238138646846013
2011-02-22 00:00:00-05:00,825.0,835.5,762.25,762.25,70284,0.0,0.0,-0.07297050775311642,-0.07576989920080215,0.5418753785396079,0.39367510911762277
2011-02-23 00:00:00-05:00,758.75,767.75,723.0,763.0,62224,0.0,0.0,0.0009839291571007713,0.0009834454160929256,0.5615663444498734,0.3930933373430195
2011-02-24 00:00:00-05:00,764.0,769.5,741.0,747.25,26991,0.0,0.0,-0.020642201834862428,-0.02085823012040981,0.5462892802967898,0.3843830563686005
2011-02-25 00:00:00-05:00,749.0,795.0,749.0,776.5,24017,0.0,0.0,0.039143526262964246,0.03839684142469456,0.6589803270899812,0.416260927051528
2011-02-28 00:00:00-05:00,783.5,783.5,764.5,782.5,10109,0.0,0.0,0.007726980038634812,0.007697279825566434,0.6605074245377408,0.411048133058332
2011-03-01 00:00:00-05:00,784.5,784.75,766.0,775.75,4655,0.0,0.0,-0.008626198083067083,-0.00866361908581869,0.3571158898902323,0.4042480878009565
2011-03-02 00:00:00-05:00,771.0,793.0,768.75,776.75,1356,0.0,0.0,0.0012890750886238589,0.0012882449446671492,0.3569752955461027,0.40453084057247246
2011-03-03 00:00:00-05:00,777.75,792.25,777.25,790.5,1237,0.0,0.0,0.01770196330865792,0.017547108376369972,0.2890487437823294,0.3901712028786589
2011-03-04 00:00:00-05:00,800.25,802.5,783.0,800.5,172,0.0,0.0,0.012650221378874171,0.012570875787242709,0.16269477290424383,0.39464647573345596
2011-03-07 00:00:00-05:00,790.0,790.0,766.25,769.0,195,0.0,0.0,-0.03935040599625239,-0.04014556293112545,0.3588961150360255,0.41498883234360445
2011-03-08 00:00:00-05:00,774.25,775.0,749.25,751.25,910,0.0,0.0,-0.023081924577373236,-0.023352483656226664,0.3861342297898933,0.41776061547281335
2011-03-09 00:00:00-05:00,750.75,763.0,727.25,732.25,193,0.0,0.0,-0.02529118136439268,-0.025616500141574475,0.39970731912756313,0.4125099784511639
2011-03-10 00:00:00-05:00,707.5,726.5,707.5,714.0,41,0.0,0.0,-0.024923181973369735,-0.025239023368258458,0.30763466643307996,0.4079033785659329
2011-03-11 00:00:00-05:00,696.0,709.75,696.0,695.0,76,0.0,0.0,-0.026610644257703098,-0.026971116774792272,0.10398823229392126,0.4080953903843357
2011-03-14 00:00:00-04:00,690.0,699.5,690.0,700.5,39105,0.0,0.0,0.007913669064748108,0.007882520212269468,0.23435534284369408,0.40972124055010517
2011-03-15 00:00:00-04:00,722.25,723.5,661.0,667.75,78878,0.0,0.0,-0.046752319771591666,-0.04788051378699139,0.3116546796419152,0.4245763927440213
2011-03-16 00:00:00-04:00,668.25,697.5,656.0,662.0,81171,0.0,0.0,-0.00861100711344065,-0.00864829605306203,0.3265194072580816,0.4155387314112691
2011-03-17 00:00:00-04:00,663.25,718.75,663.0,710.25,57595,0.0,0.0,0.07288519637462243,0.07035146479728917,0.7249740653054456,0.5123260859281512
2011-03-18 00:00:00-04:00,708.75,749.0,705.5,723.0,62659,0.0,0.0,0.017951425554382228,0.01779220142446734,0.6910688914249185,0.5133047250171101
2011-03-21 00:00:00-04:00,724.0,741.75,717.25,721.0,41676,0.0,0.0,-0.0027662517289073207,-0.002770084873815601,0.6959544471801432,0.5042548100873371
2011-03-22 00:00:00-04:00,721.25,728.0,705.25,722.25,44492,0.0,0.0,0.0017337031900139799,0.0017322020613956628,0.526548718483126,0.4381964076002507
2011-03-23 00:00:00-04:00,725.0,730.25,706.0,714.25,34716,0.0,0.0,-0.011076497057805446,-0.011138298235462151,0.5341156186234208,0.439075634687365
2011-03-24 00:00:00-04:00,714.25,741.75,710.0,739.5,53090,0.0,0.0,0.035351767588379435,0.03474124103997205,0.2933517412104309,0.4538660935545952
2011-03-25 00:00:00-04:00,739.5,753.0,726.5,733.25,45619,0.0,0.0,-0.00845165652467883,-0.008487574293294066,0.2981249386397073,0.43005169083755934
2011-03-28 00:00:00-04:00,736.0,739.75,721.0,725.25,34681,0.0,0.0,-0.010910330719399952,-0.010970284856047039,0.31320199996683806,0.4292513431907706
2011-03-29 00:00:00-04:00,723.75,742.0,721.25,737.25,48274,0.0,0.0,0.016546018614270963,0.016410624693872247,0.3315238544681031,0.43449217964424974
2011-03-30 00:00:00-04:00,738.25,741.75,725.25,727.25,41211,0.0,0.0,-0.013563919972872207,-0.013656750320074658,0.3391704332487339,0.43611050557375497
2011-03-31 00:00:00-04:00,726.5,773.5,721.75,763.25,58811,0.0,0.0,0.0495015469233413,0.04831533423967616,0.4258993759833253,0.46940344204295126
2011-04-01 00:00:00-04:00,760.5,774.0,744.75,759.5,63746,0.0,0.0,-0.004913200131018702,-0.004925309579159712,0.4186881403126433,0.4665909530267616
2011-04-04 00:00:00-04:00,765.5,792.0,764.25,790.0,55601,0.0,0.0,0.04015799868334424,0.03937262342523957,0.4351542711279237,0.4680285127349578
2011-04-05 00:00:00-04:00,788.25,798.25,778.5,786.25,65767,0.0,0.0,-0.004746835443038,-0.004758137446416923,0.46356433258522656,0.45957264601237746
2011-04-06 00:00:00-04:00,786.0,792.5,777.75,782.25,45490,0.0,0.0,-0.0050874403815580616,-0.005100425465658795,0.43570090581706494,0.4487363542454717
2011-04-07 00:00:00-04:00,782.25,793.0,757.25,773.25,67304,0.0,0.0,-0.011505273250239645,-0.011571970983812472,0.3347714110194539,0.43983139921770015
2011-04-08 00:00:00-04:00,772.25,802.25,765.75,797.5,74701,0.0,0.0,0.03136113805366958,0.030879423093820642,0.37844752205179205,0.43380030224542143
2011-04-11 00:00:00-04:00,803.0,809.25,786.25,798.25,60407,0.0,0.0,0.0009404388714733258,0.000939996935891733,0.26812861504816515,0.4343648138020697
2011-04-12 00:00:00-04:00,800.5,802.75,750.5,759.5,76981,0.0,0.0,-0.04854368932038833,-0.049761509559063825,0.4548208141209483,0.43733603201414223
2011-04-13 00:00:00-04:00,761.0,769.5,741.25,752.75,77742,0.0,0.0,-0.0088874259381172,-0.008927154673984352,0.45484211505985855,0.437466409780982
2011-04-14 00:00:00-04:00,757.0,760.75,733.25,740.5,47045,0.0,0.0,-0.016273663234805724,-0.01640753365398975,0.45884389787657776,0.36775007786362524
2011-04-15 00:00:00-04:00,742.5,748.75,730.0,744.25,55742,0.0,0.0,0.0050641458474003365,0.005051366188032224,0.33769960565614876,0.36331289546969514
2011-04-18 00:00:00-04:00,745.0,780.0,740.5,775.0,47853,0.0,0.0,0.04131676184077926,0.04048602945746118,0.5194937141913972,0.38892595135412655
2011-04-19 00:00:00-04:00,776.25,794.0,774.75,785.75,37885,0.0,0.0,0.013870967741935525,0.013775646324330025,0.3569708747347276,0.3904124343268304
2011-04-20 00:00:00-04:00,785.75,808.5,780.25,785.0,30711,0.0,0.0,-0.0009545020680877814,-0.0009549578952685147,0.3386761604073499,0.3866891469907895
2011-04-21 00:00:00-04:00,785.5,800.0,780.0,799.5,39743,0.0,0.0,0.01847133757961794,0.018302814491600594,0.2581293380283806,0.37354274188202424
2011-04-25 00:00:00-04:00,808.5,830.0,806.75,826.0,24882,0.0,0.0,0.03314571607254524,0.032608241246969046,0.2631725820247015,0.3839399018337424
2011-04-26 00:00:00-04:00,827.0,829.0,798.5,811.25,22804,0.0,0.0,-0.017857142857142905,-0.018018505502678365,0.3090726682383066,0.38881872226101083
2011-04-27 00:00:00-04:00,811.25,817.25,765.0,777.0,18882,0.0,0.0,-0.04221879815100149,-0.04313591765065226,0.4712030178259579,0.4220187332217985
2011-04-28 00:00:00-04:00,779.25,784.25,737.75,743.0,21963,0.0,0.0,-0.04375804375804371,-0.044744305649888225,0.5562071732685039,0.4503607702295286
2011-04-29 00:00:00-04:00,743.0,769.25,736.5,769.25,4479,0.0,0.0,0.03532974427994606,0.034719969484391947,0.6205722146770785,0.4327738148526341
2011-05-02 00:00:00-04:00,772.0,793.0,759.25,759.75,3035,0.0,0.0,-0.012349691257718565,-0.012426582405248764,0.5088086176618872,0.43486347862099545
2011-05-03 00:00:00-04:00,764.5,764.5,748.25,760.75,1722,0.0,0.0,0.0013162224415925738,0.0013153569801779494,0.5228194517484192,0.4088090293147113
2011-05-04 00:00:00-04:00,758.0,758.0,740.0,741.0,1049,0.0,0.0,-0.025961222477817958,-0.026304163480993587,0.4748136683516854,0.4178326720120177
2011-05-05 00:00:00-04:00,741.0,741.0,718.0,722.5,412,0.0,0.0,-0.02496626180836703,-0.02528320530949962,0.4014315272131322,0.4252759182039948
2011-05-06 00:00:00-04:00,713.25,738.25,709.25,724.5,95,0.0,0.0,0.0027681660899654403,0.0027643417741498857,0.21859205308857332,0.4247848909353136
2011-05-09 00:00:00-04:00,752.0,761.25,752.0,759.25,955,0.0,0.0,0.04796411318150451,0.0468493421651211,0.4766979715937885,0.4461039575479838
2011-05-10 00:00:00-04:00,765.75,778.75,765.75,769.0,21,0.0,0.0,0.012841620019756306,0.012759865579785794,0.48530573820623457,0.4491621600216925
2011-05-11 00:00:00-04:00,759.75,759.75,739.0,727.75,80,0.0,0.0,-0.053641092327698314,-0.05513338687991137,0.6111482539402281,0.4565492506039868
2011-05-12 00:00:00-04:00,713.5,719.75,707.0,700.5,65,0.0,0.0,-0.037444177258673994,-0.03816321684867091,0.6448834038364409,0.4734209278309568
2011-05-13 00:00:00-04:00,701.0,712.0,701.0,696.0,49031,0.0,0.0,-0.0064239828693790635,-0.006444705442642095,0.6407450897707199,0.4710894513521437
2011-05-16 00:00:00-04:00,730.0,747.75,729.75,736.5,41678,0.0,0.0,0.0581896551724137,0.05655957556826523,0.697911110411774,0.5180653551871798
2011-05-17 00:00:00-04:00,737.0,766.0,732.0,764.0,57826,0.0,0.0,0.037338764426340765,0.0366585532638355,0.7571713970961619,0.514032476029401
2011-05-18 00:00:00-04:00,768.25,822.25,767.0,817.0,96596,0.0,0.0,0.06937172774869116,0.06707130569348245,0.7146280247947462,0.5690186598924311
2011-05-19 00:00:00-04:00,816.0,834.5,805.0,812.0,75227,0.0,0.0,-0.006119951040391647,-0.006138754698324902,0.5628679498628543,0.5697365406220548
2011-05-20 00:00:00-04:00,812.5,818.5,790.0,806.5,63777,0.0,0.0,-0.0067733990147783585,-0.006796442596414432,0.5643144935462118,0.5672745545280984
2011-05-23 00:00:00-04:00,816.5,821.0,785.25,803.0,61542,0.0,0.0,-0.004339739615623062,-0.004349183618501878,0.5445873014292207,0.5545977717174997
2011-05-24 00:00:00-04:00,803.5,809.75,777.5,779.75,50702,0.0,0.0,-0.028953922789539233,-0.02938135845884904,0.5963739145363444,0.5604822232035911
2011-05-25 00:00:00-04:00,780.0,800.0,778.25,796.5,43703,0.0,0.0,0.021481243988457743,0.02125377386219048,0.2839568057414305,0.5443163612950795
2011-05-26 00:00:00-04:00,800.0,828.75,799.25,814.5,63795,0.0,0.0,0.02259887005649719,0.022347298691996618,0.3434157067307818,0.5211344502347766
2011-05-27 00:00:00-04:00,817.25,827.0,803.5,819.75,54020,0.0,0.0,0.006445672191528473,0.006424987682657741,0.33782068222560957,0.5088616519646845
2011-05-31 00:00:00-04:00,794.0,807.5,772.0,782.25,86406,0.0,0.0,-0.04574565416285448,-0.046825033175766057,0.4910729391910557,0.5358933578337319
2011-06-01 00:00:00-04:00,782.5,788.25,754.25,759.25,79412,0.0,0.0,-0.02940236497283477,-0.02984327862313337,0.49246887157768643,0.5473814506801606
2011-06-02 00:00:00-04:00,760.0,773.5,758.5,769.75,56763,0.0,0.0,0.013829436944353013,0.013734682878751639,0.46906082729158016,0.5400804742175771
2011-06-03 00:00:00-04:00,770.0,781.5,758.75,773.75,61218,0.0,0.0,0.005196492367651739,0.005183037194196008,0.4142165452487668,0.5302957755510245
2011-06-06 00:00:00-04:00,772.75,778.0,741.0,744.0,70949,0.0,0.0,-0.038449111470113095,-0.039207789165714005,0.42484796179915224,0.551290636358602
2011-06-07 00:00:00-04:00,742.75,747.0,731.25,733.75,75691,0.0,0.0,-0.013776881720430123,-0.013872663690785677,0.3520312829022259,0.5258393251926062
2011-06-08 00:00:00-04:00,733.25,759.5,731.5,748.0,80933,0.0,0.0,0.019420783645655915,0.019234606832171076,0.3744488716418326,0.5286785425511109
2011-06-09 00:00:00-04:00,749.25,777.0,739.0,745.0,93271,0.0,0.0,-0.004010695187165791,-0.004018759594917744,0.3449223393823124,0.4909683771786802
2011-06-10 00:00:00-04:00,744.0,763.75,737.5,759.25,110637,0.0,0.0,0.019127516778523423,0.01894688554629857,0.3859722012685538,0.4719647958392705
2011-06-13 00:00:00-04:00,760.75,770.0,740.25,743.0,74394,0.0,0.0,-0.021402700032927213,-0.021635059208098967,0.29771686459866076,0.4794771939404826
2011-06-14 00:00:00-04:00,743.0,748.0,714.25,731.25,55466,0.0,0.0,-0.015814266487213957,-0.015940646171692874,0.3038885456599873,0.438109376701691
2011-06-15 00:00:00-04:00,731.0,734.25,701.0,708.5,57233,0.0,0.0,-0.03111111111111109,-0.0316053394153311,0.306559707755661,0.42799627331888246
2011-06-16 00:00:00-04:00,708.75,717.75,670.25,673.25,64672,0.0,0.0,-0.04975299929428367,-0.05103332743902681,0.40151281778607645,0.36326533488243196
2011-06-17 00:00:00-04:00,674.0,683.75,664.0,672.25,51422,0.0,0.0,-0.001485332343111767,-0.0014864365427342352,0.2855657773977192,0.3641879263551244
2011-06-20 00:00:00-04:00,673.5,675.0,654.25,659.25,34631,0.0,0.0,-0.01933804388248417,-0.019527469915577952,0.28708148339214756,0.3658295628661859
2011-06-21 00:00:00-04:00,660.75,679.5,655.75,674.25,33872,0.0,0.0,0.022753128555176305,0.022498136786443246,0.44128609354262993,0.3833869163513631
2011-06-22 00:00:00-04:00,674.25,681.25,617.25,638.25,42329,0.0,0.0,-0.05339265850945496,-0.05487090589824615,0.5126185617707121,0.4096617443911548
2011-06-23 00:00:00-04:00,635.0,652.0,606.0,649.0,39718,0.0,0.0,0.01684292988640812,0.01670266058249676,0.48855217943026774,0.40529565482024976
2011-06-24 00:00:00-04:00,650.0,659.25,631.5,635.75,25110,0.0,0.0,-0.020416024653312825,-0.020627312401861015,0.4937331988071307,0.38797737265749355
2011-06-27 00:00:00-04:00,636.75,637.75,612.5,622.75,20737,0.0,0.0,-0.020448289421942545,-0.02066025015993917,0.49501673038953187,0.38270556001307376
2011-06-28 00:00:00-04:00,624.0,645.0,623.0,640.25,21684,0.0,0.0,0.02810116419108799,0.027713570937344893,0.5188275331691284,0.38955522157165723
2011-06-29 00:00:00-04:00,640.0,664.25,628.75,641.25,22366,0.0,0.0,0.0015618898867630904,0.001560671405344773,0.346375444083223,0.3842287551138728
2011-06-30 00:00:00-04:00,643.25,651.0,580.25,584.75,6507,0.0,0.0,-0.08810916179337236,-0.09223499102069092,0.6836078984013558,0.4681768741643761
2011-07-01 00:00:00-04:00,585.5,595.25,565.25,584.5,3803,0.0,0.0,-0.00042753313381782565,-0.0004276245521652586,0.6971810654649584,0.46566070237167817
2011-07-05 00:00:00-04:00,589.25,615.0,589.25,613.75,1530,0.0,0.0,0.050042771599657865,0.04883089819660727,0.8341371993868214,0.5069106957251628
2011-07-06 00:00:00-04:00,613.75,614.0,597.5,611.25,863,0.0,0.0,-0.004073319755600768,-0.004081638319648507,0.7917556930643643,0.506888882462014
2011-07-07 00:00:00-04:00,608.25,634.0,606.75,624.5,1376,0.0,0.0,0.02167689161554187,0.021445288776550536,0.8197644268296556,0.5086031932300646
2011-07-08 00:00:00-04:00,624.5,652.5,624.5,650.5,869,0.0,0.0,0.04163330664531628,0.040789968386927625,0.38514226441300403,0.5388354211305262
2011-07-11 00:00:00-04:00,643.0,643.0,625.0,636.0,288,0.0,0.0,-0.02229054573405076,-0.022542734612437852,0.48329588863895423,0.5330385152518554
2011-07-12 00:00:00-04:00,636.0,662.0,617.5,662.75,159,0.0,0.0,0.042059748427673016,0.041199281829012835,0.45160885756127894,0.5592607818544248
2011-07-13 00:00:00-04:00,669.75,706.75,669.75,702.0,139,0.0,0.0,0.05922293474160689,0.057535558856676154,0.4973610092220545,0.6019886852851707
2011-07-14 00:00:00-04:00,700.0,701.0,678.5,691.25,52409,0.0,0.0,-0.015313390313390296,-0.015431851189266547,0.5898695249763503,0.5941904906832105
2011-07-15 00:00:00-04:00,707.0,716.5,692.5,694.75,48658,0.0,0.0,0.005063291139240533,0.0050505157860685716,0.5661821958662668,0.5651454851634795
2011-07-18 00:00:00-04:00,694.75,697.25,676.0,689.5,34322,0.0,0.0,-0.007556675062972307,-0.007585371389256612,0.5143912012018993,0.5660783400105135
2011-07-19 00:00:00-04:00,694.75,727.75,689.0,693.5,50855,0.0,0.0,0.005801305293691161,0.005784542521529858,0.46365749302013876,0.5605877544900406
2011-07-20 00:00:00-04:00,693.75,707.0,692.5,697.0,44447,0.0,0.0,0.005046863734679219,0.005034171005637659,0.15198996084744956,0.5558734963735313
2011-07-21 00:00:00-04:00,697.0,703.0,671.75,677.25,52824,0.0,0.0,-0.02833572453371591,-0.02874492979531938,0.23343245597238083,0.5290760845885105
2011-07-22 00:00:00-04:00,677.0,694.25,669.25,692.25,45361,0.0,0.0,0.02214839424141757,0.021906681085866807,0.29783394363921123,0.5311811338516114
2011-07-25 00:00:00-04:00,683.75,695.25,671.5,688.5,50141,0.0,0.0,-0.005417118093174467,-0.005431843882361729,0.29505041698188866,0.5247527360768514
2011-07-26 00:00:00-04:00,690.0,699.0,679.25,694.0,38860,0.0,0.0,0.007988380537400142,0.007956642338094962,0.29822170088842964,0.516450158655022
2011-07-27 00:00:00-04:00,694.75,712.5,685.75,704.75,44543,0.0,0.0,0.015489913544668665,0.015371169487417504,0.3173277814672586,0.5111863987527772
2011-07-28 00:00:00-04:00,703.0,714.75,692.25,693.25,46023,0.0,0.0,-0.016317843206810956,-0.016452445498334543,0.24793690252530462,0.5168341318920858
2011-07-29 00:00:00-04:00,693.0,700.0,669.75,672.5,53061,0.0,0.0,-0.02993148214929675,-0.030388573019893207,0.29015500986794046,0.4086252144362105
2011-08-01 00:00:00-04:00,671.25,690.75,670.0,676.5,46522,0.0,0.0,0.005947955390334547,0.005930336134848533,0.30168794006354394,0.4076463364497461
2011-08-02 00:00:00-04:00,677.25,723.0,664.25,718.0,67010,0.0,0.0,0.061345158906134456,0.05953712143738139,0.5575189236135123,0.4248489494626356
2011-08-03 00:00:00-04:00,718.0,721.5,705.0,710.5,47148,0.0,0.0,-0.010445682451253435,-0.010500621511068807,0.563903803844218,0.42788373631758364
2011-08-04 00:00:00-04:00,709.0,710.25,674.5,681.75,64578,0.0,0.0,-0.04046446164672768,-0.04130592581145744,0.6351922447074267,0.45718183915541877
2011-08-05 00:00:00-04:00,680.25,682.75,665.25,679.0,62559,0.0,0.0,-0.004033736707004021,-0.0040418941670017665,0.590291710017199,0.43663883184453856
2011-08-08 00:00:00-04:00,667.5,677.5,642.25,656.5,68428,0.0,0.0,-0.03313696612665684,-0.033698433815845245,0.6389900371588395,0.44639503276171416
2011-08-09 00:00:00-04:00,650.5,687.25,643.25,671.75,82436,0.0,0.0,0.023229246001523318,0.022963553752749815,0.4015392622439229,0.4286086508249301
2011-08-10 00:00:00-04:00,677.25,691.0,676.0,685.0,64438,0.0,0.0,0.01972459992556752,0.01953259076662466,0.4655184987051913,0.37732925744871026
2011-08-11 00:00:00-04:00,682.5,722.75,680.0,701.25,69284,0.0,0.0,0.02372262773722622,0.023445618574680725,0.39139855726597217,0.3830313976237183
2011-08-12 00:00:00-04:00,700.0,718.75,696.25,702.5,34697,0.0,0.0,0.0017825311942958333,0.001780944370994692,0.38420961529594605,0.38274597601064136
2011-08-15 00:00:00-04:00,704.25,721.25,704.25,712.5,25788,0.0,0.0,0.014234875444839812,0.014134510934904716,0.14409434880060337,0.38422691074533766
2011-08-16 00:00:00-04:00,711.25,732.75,704.25,724.75,34726,0.0,0.0,0.017192982456140316,0.01704685565895925,0.13232918956639966,0.3878641442670262
2011-08-17 00:00:00-04:00,724.75,739.25,722.75,727.5,28630,0.0,0.0,0.0037944118661608073,0.003787231243882765,0.14657171560214932,0.38778004554492995
2011-08-18 00:00:00-04:00,727.0,728.5,699.5,707.75,23517,0.0,0.0,-0.02714776632302407,-0.027523075053638612,0.27875182598514453,0.38655113534775515
2011-08-19 00:00:00-04:00,704.0,733.5,701.0,730.75,19714,0.0,0.0,0.03249735075944904,0.03198047999934642,0.3528724780985955,0.3951824361219112
2011-08-22 00:00:00-04:00,734.0,748.0,730.75,735.5,14664,0.0,0.0,0.006500171057133075,0.0064791360501368815,0.3486679245895859,0.39407731344076297
2011-08-23 00:00:00-04:00,735.5,759.0,734.75,757.25,23795,0.0,0.0,0.02957171991842289,0.02914290986585452,0.38192298760948007,0.4045735751625841
2011-08-24 00:00:00-04:00,757.25,764.0,745.75,749.25,16589,0.0,0.0,-0.010564542753383921,-0.010620743710574056,0.4071275406237543,0.405907032287023
2011-08-25 00:00:00-04:00,747.25,764.0,734.5,757.25,20231,0.0,0.0,0.010677344010677325,0.010620743710574074,0.281183567724735,0.39980107038615464
2011-08-26 00:00:00-04:00,755.0,768.5,747.5,762.25,26609,0.0,0.0,0.00660283922086502,0.006581135961017528,0.22726022716164887,0.37824950003849567
2011-08-29 00:00:00-04:00,762.25,771.5,755.5,757.25,16457,0.0,0.0,-0.006559527714004587,-0.006581135961017475,0.25224712133778726,0.381108968099383
2011-08-30 00:00:00-04:00,757.75,759.0,743.75,750.25,18187,0.0,0.0,-0.009243974909210917,-0.009286965586870142,0.15496425789285811,0.322888920047365
2011-08-31 00:00:00-04:00,745.0,747.25,728.25,745.25,16355,0.0,0.0,-0.006664445184938361,-0.006686751762295678,0.14311594890685364,0.32116862515277694
2011-09-01 00:00:00-04:00,742.0,743.75,713.5,715.5,2088,0.0,0.0,-0.039919490103991984,-0.040738133561675265,0.27353856775783303,0.3202041381531189
2011-09-02 00:00:00-04:00,725.0,730.5,720.75,730.0,1236,0.0,0.0,0.020265548567435454,0.020062935145931306,0.3388287867807306,0.325094029286585
2011-09-06 00:00:00-04:00,720.25,722.25,706.5,716.25,726,0.0,0.0,-0.018835616438356184,-0.019015266113487514,0.3457106002143164,0.3069854870354231
2011-09-07 00:00:00-04:00,726.0,726.0,707.25,714.75,1079,0.0,0.0,-0.0020942408376963817,-0.002096436826528182,0.3515190995268668,0.29961301299482695
2011-09-08 00:00:00-04:00,709.0,712.0,703.0,709.25,769,0.0,0.0,-0.007694998251136731,-0.007724757513460425,0.35108054106343295,0.2954284404909432
2011-09-09 00:00:00-04:00,713.5,713.5,701.0,701.0,243,0.0,0.0,-0.011632005639760301,-0.01170018665437063,0.23605088775196287,0.2873447119658442
2011-09-12 00:00:00-04:00,690.0,698.75,686.0,699.75,117,0.0,0.0,-0.001783166904422262,-0.0017847586390272005,0.11319696734073366,0.28735283140487944
2011-09-13 00:00:00-04:00,698.5,704.0,684.5,688.75,41,0.0,0.0,-0.01571989996427292,-0.01584476792843862,0.09596429865096472,0.28728855568982103
2011-09-14 00:00:00-04:00,703.5,709.5,702.0,701.75,45105,0.0,0.0,0.018874773139745837,0.018698854774867553,0.21541859411171776,0.2888009132364621
2011-09-15 00:00:00-04:00,705.0,705.75,686.0,696.0,47317,0.0,0.0,-0.008193801211257568,-0.008227554907572222,0.21604545722005114,0.2890464751226217
2011-09-16 00:00:00-04:00,695.75,706.0,687.0,688.25,40875,0.0,0.0,-0.01113505747126442,-0.011197516311703005,0.2149205555192556,0.2758975591986136
2011-09-19 00:00:00-04:00,688.0,691.25,667.0,673.0,48873,0.0,0.0,-0.022157646204140957,-0.02240681437798891,0.24994142764020397,0.2546121087175546
2011-09-20 00:00:00-04:00,675.5,687.75,671.0,674.75,33443,0.0,0.0,0.002600297176820199,0.0025969222533862215,0.2465684999191302,0.2528522195358024
2011-09-21 00:00:00-04:00,674.75,683.0,666.0,666.75,38254,0.0,0.0,-0.011856243052982607,-0.011927088835990406,0.14075191982531865,0.22015490282449104
2011-09-22 00:00:00-04:00,664.5,664.5,632.25,633.75,64325,0.0,0.0,-0.04949381327334079,-0.05076060815673069,0.30920238657859545,0.26835982644635314
2011-09-23 00:00:00-04:00,636.0,649.5,634.0,640.75,61395,0.0,0.0,0.01104536489151875,0.010984810338787582,0.37513833687484216,0.268706103604347
2011-09-26 00:00:00-04:00,645.0,655.75,624.25,648.25,51841,0.0,0.0,0.011705033164260525,0.01163705917459317,0.4044719534220767,0.273004926811734
2011-09-27 00:00:00-04:00,653.0,670.0,650.25,658.25,47767,0.0,0.0,0.015426147319706818,0.015308373957644932,0.433273720852719,0.28533889704281395
2011-09-28 00:00:00-04:00,655.0,657.5,635.0,638.75,50277,0.0,0.0,-0.029624003038359326,-0.030071656858504634,0.4688328011627153,0.29657909467966975
2011-09-29 00:00:00-04:00,638.5,656.25,627.25,654.25,61683,0.0,0.0,0.02426614481408995,0.02397639989234098,0.3318482246266356,0.3177761629555697
2011-09-30 00:00:00-04:00,657.0,661.5,605.0,609.25,92718,0.0,0.0,-0.06878104700038212,-0.07126084890493964,0.6214564877611604,0.37042919288658444
2011-10-03 00:00:00-04:00,609.25,623.0,596.75,619.5,72493,0.0,0.0,0.016823963890028715,0.01668400856388152,0.6333579178971757,0.36716514842036013
2011-10-04 00:00:00-04:00,621.75,622.75,596.75,604.0,63941,0.0,0.0,-0.025020177562550483,-0.02533850313438223,0.6018982708747834,0.37024866961026554
2011-10-05 00:00:00-04:00,611.0,628.0,607.25,625.25,49475,0.0,0.0,0.035182119205298124,0.034577371822913594,0.6830218754216794,0.40081353513708745
2011-10-06 00:00:00-04:00,626.5,639.75,615.0,616.0,53310,0.0,0.0,-0.014794082367053152,-0.01490460622420863,0.6377555533457852,0.4019181386307112
2011-10-07 00:00:00-04:00,615.0,623.0,606.0,607.5,41818,0.0,0.0,-0.01379870129870131,-0.013894788318816267,0.4012506924117618,0.4023431849795032
2011-10-10 00:00:00-04:00,608.0,629.0,606.25,611.5,39936,0.0,0.0,0.006584362139917754,0.006562779912523582,0.37969170075859915,0.40482166870091746
2011-10-11 00:00:00-04:00,611.5,665.25,611.0,660.75,88907,0.0,0.0,0.08053965658217499,0.07746059835717155,0.6360015189118011,0.5067956916207517
2011-10-12 00:00:00-04:00,660.0,662.75,620.0,626.75,81056,0.0,0.0,-0.0514566780174045,-0.052827816445995844,0.7767582993898768,0.5300825679231665
2011-10-13 00:00:00-04:00,625.25,630.5,605.0,618.0,58403,0.0,0.0,-0.013960909453530124,-0.014059279580712009,0.775684746196182,0.5309226236624441
2011-10-14 00:00:00-04:00,617.25,633.0,612.25,622.75,47217,0.0,0.0,0.007686084142394911,0.007656696684599119,0.7637510449833501,0.5324251816127541
2011-10-17 00:00:00-04:00,623.5,635.25,619.0,624.25,34748,0.0,0.0,0.002408671216378888,0.002405775017592722,0.7640831593464212,0.528719404149125
2011-10-18 00:00:00-04:00,626.25,630.0,613.0,625.25,40915,0.0,0.0,0.0016019223067680333,0.0016006405978457453,0.3833745592251233,0.5285853490860198
2011-10-19 00:00:00-04:00,626.75,637.75,618.0,619.5,44916,0.0,0.0,-0.009196321471411473,-0.009238868688531333,0.14213097840904243,0.5280967723938228
2011-10-20 00:00:00-04:00,619.0,632.25,613.5,630.75,42778,0.0,0.0,0.018159806295399594,0.017996886451970066,0.15803432803486622,0.5033636769853747
2011-10-21 00:00:00-04:00,631.0,649.5,628.25,632.0,60373,0.0,0.0,0.0019817677368212383,0.0019798066256902893,0.15511406444161446,0.5018088948939722
2011-10-24 00:00:00-04:00,632.0,646.75,630.5,642.5,35762,0.0,0.0,0.01661392405063289,0.016477422622517418,0.18217562439113785,0.5036543821482281
2011-10-25 00:00:00-04:00,640.5,647.0,634.0,636.25,36955,0.0,0.0,-0.009727626459143934,-0.00977524890464233,0.21376642138262478,0.50136658905594
2011-10-26 00:00:00-04:00,637.5,643.25,616.5,619.5,51269,0.0,0.0,-0.026326129666011777,-0.02667886679553535,0.2967006431098519,0.4990202255162448
2011-10-27 00:00:00-04:00,620.0,647.75,619.5,644.0,55843,0.0,0.0,0.039548022598870025,0.03878602503515645,0.3995597023610588,0.5120844782221272
2011-10-28 00:00:00-04:00,643.75,652.75,636.25,644.5,51125,0.0,0.0,0.0007763975155279379,0.0007760962748884511,0.4001139691489042,0.44365686536601245
2011-10-31 00:00:00-04:00,645.0,648.0,619.25,628.25,50945,0.0,0.0,-0.02521334367726924,-0.02553664595554056,0.42745883654786654,0.451535665444753
2011-11-01 00:00:00-04:00,629.25,634.0,612.0,630.0,48064,0.0,0.0,0.0027855153203342198,0.0027816429618767705,0.42647319345558143,0.4408804912825412
2011-11-02 00:00:00-04:00,629.0,638.5,620.25,623.5,38585,0.0,0.0,-0.01031746031746028,-0.010371054265487194,0.38091228291912294,0.4254156786336515
2011-11-03 00:00:00-04:00,623.5,644.25,620.0,636.0,51650,0.0,0.0,0.020048115477145245,0.0198497982200311,0.2661088564097651,0.4271082204050156
2011-11-04 00:00:00-04:00,636.0,640.0,623.25,636.75,52917,0.0,0.0,0.001179245283018826,0.0011785505194442023,0.2664254653922772,0.42307944002712505
2011-11-07 00:00:00-05:00,636.75,641.0,630.0,638.75,64228,0.0,0.0,0.003140950137416665,0.0031360276583478975,0.17220357820250506,0.42283508451167257
2011-11-08 00:00:00-05:00,638.75,659.25,636.75,657.0,78959,0.0,0.0,0.02857142857142847,0.028170876966696224,0.247539002812613,0.32443387908674287
2011-11-09 00:00:00-05:00,656.5,657.75,633.0,643.0,74145,0.0,0.0,-0.0213089802130898,-0.021539294246991122,0.30571117434691525,0.27500333176176694
2011-11-10 00:00:00-05:00,642.0,648.75,618.75,620.0,82025,0.0,0.0,-0.03576982892690517,-0.036425246198482183,0.3924032594295355,0.30086417083679323
2011-11-11 00:00:00-05:00,620.0,625.75,609.5,616.75,59681,0.0,0.0,-0.005241935483870974,-0.005255722629671166,0.3888321989752158,0.30017197517601835
2011-11-14 00:00:00-05:00,616.75,622.0,610.25,615.75,44505,0.0,0.0,-0.0016214025131738863,-0.0016227184088187763,0.3831128481016249,0.30002793943878575
2011-11-15 00:00:00-05:00,615.75,634.25,612.25,632.75,63912,0.0,0.0,0.02760860738936266,0.027234362424586232,0.37748883043671183,0.3162272568127472
2011-11-16 00:00:00-05:00,631.75,639.75,615.0,616.75,57384,0.0,0.0,-0.025286448044251286,-0.025611644015767356,0.3877274766943968,0.32790496723455803
2011-11-17 00:00:00-05:00,616.25,617.5,590.25,592.5,52299,0.0,0.0,-0.03931901094446699,-0.04011288240017986,0.4041759957534114,0.348469515894526
2011-11-18 00:00:00-05:00,593.0,602.5,586.5,598.25,37746,0.0,0.0,0.009704641350210874,0.009657853779196358,0.42575313847040613,0.35097198001389107
2011-11-21 00:00:00-05:00,597.75,602.0,584.5,591.5,27397,0.0,0.0,-0.011282908483075671,-0.011347043370041271,0.4253287267021589,0.34472745132231175
2011-11-22 00:00:00-05:00,592.25,597.0,586.0,594.0,31348,0.0,0.0,0.004226542688081203,0.004217635944203513,0.3230957963302797,0.3451584079466703
2011-11-23 00:00:00-05:00,594.5,595.5,577.25,579.25,30447,0.0,0.0,-0.02483164983164987,-0.025145156050159382,0.3219664194770077,0.34386897553654516
2011-11-25 00:00:00-05:00,578.5,586.25,572.25,574.5,20635,0.0,0.0,-0.008200258955545991,-0.008234066023675242,0.2157078979301052,0.3048228740890716
2011-11-28 00:00:00-05:00,578.5,585.75,573.5,574.75,24248,0.0,0.0,0.0004351610095736369,0.000435066354480652,0.18007917618510336,0.30473181679038075
2011-11-29 00:00:00-05:00,574.75,599.25,572.5,594.5,23141,0.0,0.0,0.034362766420182655,0.03378555248754556,0.34374135185631677,0.32631871163277615
2011-11-30 00:00:00-05:00,592.0,609.5,588.5,595.75,5131,0.0,0.0,0.002102607232968845,0.002100399848014946,0.3428922972594951,0.3261794273093385
2011-12-01 00:00:00-05:00,598.75,607.5,594.0,602.0,2304,0.0,0.0,0.010490977759127107,0.01043632932996949,0.2578720882284141,0.32799903359608173
2011-12-02 00:00:00-05:00,600.25,620.0,600.25,612.25,1394,0.0,0.0,0.017026578073089604,0.01688325052345599,0.21815711546420508,0.32552625114762634
2011-12-05 00:00:00-05:00,612.75,617.25,597.75,598.75,883,0.0,0.0,-0.02204981625153124,-0.022296547107152134,0.3291523650663372,0.3331540633636544
2011-12-06 00:00:00-05:00,603.0,603.0,588.25,598.75,1724,0.0,0.0,0.0,0.0,0.23533901681134917,0.33258949928521103
2011-12-07 00:00:00-05:00,593.0,594.75,582.0,583.0,586,0.0,0.0,-0.02630480167014615,-0.026656962374632626,0.306512179020051,0.3202719994616793
2011-12-08 00:00:00-05:00,583.0,583.5,575.5,576.75,1337,0.0,0.0,-0.010720411663807883,-0.010778289296629323,0.2782971605129529,0.31562689624491025
2011-12-09 00:00:00-05:00,573.5,575.75,567.75,573.5,1054,0.0,0.0,-0.005635023840485531,-0.005650960484437719,0.17522097133251996,0.29436850956432375
2011-12-12 00:00:00-05:00,574.0,579.0,572.0,575.5,87,0.0,0.0,0.0034873583260679464,0.003481291592511897,0.18510691981298125,0.29540160021821504
2011-12-13 00:00:00-05:00,577.75,597.0,574.25,591.75,210,0.0,0.0,0.028236316246742055,0.02784502023215607,0.31987752310777506,0.31593766419018454
2011-12-14 00:00:00-05:00,583.25,598.0,583.25,588.0,47018,0.0,0.0,-0.006337135614702172,-0.006357300495466412,0.24847269689116225,0.29640668260722086
2011-12-15 00:00:00-05:00,582.75,588.0,577.25,579.25,34549,0.0,0.0,-0.014880952380952328,-0.01499278458614128,0.263016963620007,0.28845491621625735
2011-12-16 00:00:00-05:00,578.75,587.5,577.25,583.75,29368,0.0,0.0,0.007768666378938249,0.007738645670621448,0.25898029535006933,0.2564116809348247
2011-12-19 00:00:00-05:00,585.0,603.0,581.75,599.75,34437,0.0,0.0,0.027408993576017116,0.027040092736696872,0.3088803653297866,0.27302957946893797
2011-12-20 00:00:00-05:00,599.0,608.75,595.5,607.75,33345,0.0,0.0,0.01333889120466858,0.013250711476428754,0.26349913111482615,0.27320569907043507
2011-12-21 00:00:00-05:00,607.0,618.0,600.0,617.0,41643,0.0,0.0,0.015220074043603482,0.015105410709155099,0.2465982515085119,0.2774173145104712
2011-12-22 00:00:00-05:00,617.25,625.75,611.5,621.75,33821,0.0,0.0,0.007698541329011377,0.007669058778126264,0.12794811825175387,0.25903867941183584
2011-12-23 00:00:00-05:00,621.75,627.75,618.5,622.0,22013,0.0,0.0,0.00040209087253728626,0.00040201005566548926,0.15860650233678122,0.2555860534119876
2011-12-27 00:00:00-05:00,627.5,647.0,627.0,644.75,33464,0.0,0.0,0.03657556270096474,0.03592255202227482,0.21505417022018022,0.2797599598344283
2011-12-28 00:00:00-05:00,643.75,656.0,641.25,651.25,36298,0.0,0.0,0.010081426909654967,0.010030948306122577,0.21753162578398733,0.2595531468849868
2011-12-29 00:00:00-05:00,649.75,654.5,641.75,645.25,34521,0.0,0.0,-0.009213051823416474,-0.009255754468853393,0.2713629676387423,0.2641202021431427
2011-12-30 00:00:00-05:00,644.5,654.5,642.25,652.75,30937,0.0,0.0,0.01162340178225496,0.011556368980515002,0.27150833042747013,0.2645122406494041
2012-01-03 00:00:00-05:00,666.0,670.75,653.75,657.0,54591,0.0,0.0,0.006510915358100444,0.006489810905372383,0.2613266917606555,0.26034274068506136
2012-01-04 00:00:00-05:00,656.25,663.0,645.25,650.0,45615,0.0,0.0,-0.010654490106544956,-0.010711655594927772,0.17089824623921288,0.2482798186137233
2012-01-05 00:00:00-05:00,649.25,650.25,626.5,629.25,56222,0.0,0.0,-0.03192307692307694,-0.03244372887425757,0.2713133453942227,0.27940213446449347
2012-01-06 00:00:00-05:00,629.25,636.75,624.5,624.75,41967,0.0,0.0,-0.007151370679380209,-0.007177064300363481,0.2705188691339291,0.26073912757117673
2012-01-09 00:00:00-05:00,626.0,645.0,625.0,641.75,59877,0.0,0.0,0.027210884353741527,0.026847250036188056,0.3473690606043236,0.26779264143315945
2012-01-10 00:00:00-05:00,640.75,644.75,634.25,639.75,52292,0.0,0.0,-0.003116478379431298,-0.003121344711351655,0.3369793779855747,0.26655147853541544
2012-01-11 00:00:00-05:00,639.0,644.0,632.25,641.0,53041,0.0,0.0,0.0019538882375929045,0.001951981880771944,0.3358360055207818,0.26676926250436434
2012-01-12 00:00:00-05:00,641.5,648.75,592.0,605.0,99046,0.0,0.0,-0.05616224648985957,-0.05780099888982855,0.4815998086166259,0.33181281313082733
2012-01-13 00:00:00-05:00,605.0,610.0,599.0,602.25,67189,0.0,0.0,-0.004545454545454519,-0.004555816535860691,0.4820577680549729,0.33132518792574106
2012-01-17 00:00:00-05:00,603.25,611.75,601.5,604.75,52120,0.0,0.0,0.004151100041511091,0.00414250799515598,0.3999714356737979,0.32575636042358364
2012-01-18 00:00:00-05:00,605.25,606.5,590.0,592.25,56153,0.0,0.0,-0.02066969822240594,-0.02088630645124178,0.3960648079488742,0.3350021032045349
2012-01-19 00:00:00-05:00,592.25,606.5,592.0,605.75,67995,0.0,0.0,0.022794428028704017,0.022538516657740194,0.47267312647835136,0.33053645359770867
2012-01-20 00:00:00-05:00,605.25,612.0,597.0,610.5,49910,0.0,0.0,0.007841518778374024,0.007810933854124363,0.2544729099796583,0.3283184127542187
2012-01-23 00:00:00-05:00,613.5,621.5,613.5,619.75,47179,0.0,0.0,0.015151515151515138,0.015037877364540502,0.2613006870129592,0.32827754183394153
2012-01-24 00:00:00-05:00,620.0,638.0,614.0,633.5,79746,0.0,0.0,0.022186365469947456,0.021943828845893756,0.28425775250736557,0.3364594927107168
2012-01-25 00:00:00-05:00,632.75,649.75,629.5,641.25,71003,0.0,0.0,0.012233622730860372,0.012159396723785618,0.10223143101262244,0.33872309180176197
2012-01-26 00:00:00-05:00,640.75,658.25,639.75,653.5,67778,0.0,0.0,0.019103313840155955,0.018923136579297357,0.08942747000811675,0.3200566955805032
2012-01-27 00:00:00-05:00,653.25,656.5,645.0,647.25,57109,0.0,0.0,-0.009563886763580665,-0.009609914432629565,0.19907304730608594,0.3201547170187979
2012-01-30 00:00:00-05:00,646.75,654.0,635.25,644.75,49962,0.0,0.0,-0.0038624951718810863,-0.0038699738701929104,0.2233271805616433,0.3186974043296279
2012-01-31 00:00:00-05:00,645.0,667.5,644.75,666.0,82779,0.0,0.0,0.032958511050794836,0.032427025778934936,0.2737738270163046,0.3373329306607201
2012-02-01 00:00:00-05:00,667.5,683.75,666.25,674.25,79706,0.0,0.0,0.012387387387387427,0.012311291479450249,0.27384887704774236,0.33919464862409315
2012-02-02 00:00:00-05:00,674.25,674.25,657.0,662.75,69453,0.0,0.0,-0.017055988134964783,-0.01720311685070443,0.3167769333181303,0.34298108422248313
2012-02-03 00:00:00-05:00,663.0,671.0,653.25,660.75,55512,0.0,0.0,-0.003017729158808047,-0.00302229168473639,0.30359017618092715,0.3205766109459699
2012-02-06 00:00:00-05:00,660.5,669.0,656.25,668.5,46376,0.0,0.0,0.011729095724555494,0.011660843057599351,0.2973534137020138,0.3199319076532637
2012-02-07 00:00:00-05:00,669.0,672.0,655.25,662.25,69309,0.0,0.0,-0.009349289454001486,-0.009393268389818773,0.20588108321253096,0.3102998531359044
2012-02-08 00:00:00-05:00,662.0,670.0,653.0,660.75,59971,0.0,0.0,-0.0022650056625141968,-0.0022675746677805458,0.1684592909176493,0.31013714866652886
2012-02-09 00:00:00-05:00,660.75,664.75,641.75,646.0,80778,0.0,0.0,-0.022323117669315162,-0.022576049701796722,0.1960788888689405,0.3217328338706262
2012-02-10 00:00:00-05:00,644.75,645.75,628.25,630.0,68794,0.0,0.0,-0.024767801857585092,-0.02507968439702343,0.2381871371418252,0.2620532209307497
2012-02-13 00:00:00-05:00,635.0,642.25,631.25,641.25,73550,0.0,0.0,0.017857142857142794,0.017699577099400857,0.27374547592954274,0.2664831037943994
2012-02-14 00:00:00-05:00,641.0,643.0,632.5,635.0,47655,0.0,0.0,-0.00974658869395717,-0.009794397592287698,0.27386784267472075,0.27041496426506756
2012-02-15 00:00:00-05:00,635.25,640.5,624.25,626.0,52745,0.0,0.0,-0.014173228346456734,-0.014274627792593163,0.2705030382762905,0.2639115021724608
2012-02-16 00:00:00-05:00,626.5,632.25,621.0,628.75,53309,0.0,0.0,0.004392971246006461,0.004383350313850507,0.264169628240719,0.25339250545446557
2012-02-17 00:00:00-05:00,626.75,646.75,625.75,644.0,43159,0.0,0.0,0.024254473161033907,0.02396500469040476,0.26566894075865943,0.26486117439182977
2012-02-21 00:00:00-05:00,648.0,648.75,623.5,633.0,48495,0.0,0.0,-0.017080745341614856,-0.017228303960177375,0.2708786054693419,0.2696048191072871
2012-02-22 00:00:00-05:00,633.0,645.75,628.5,644.5,46907,0.0,0.0,0.018167456556082096,0.01800440023506584,0.29505217942882234,0.2658052478232591
2012-02-23 00:00:00-05:00,644.25,645.75,635.25,641.75,39711,0.0,0.0,-0.00426687354538402,-0.004276002627992289,0.2653792955601957,0.26298933655652534
2012-02-24 00:00:00-05:00,642.0,643.75,632.5,641.0,32006,0.0,0.0,-0.001168679392286709,-0.0011693628305797432,0.2692137046356049,0.25329741605570616
2012-02-27 00:00:00-05:00,644.0,647.5,630.0,645.75,31134,0.0,0.0,0.007410296411856532,0.00738297505527989,0.20916107717582827,0.2527133060437765
2012-02-28 00:00:00-05:00,643.5,663.0,642.5,662.25,13856,0.0,0.0,0.025551684088269466,0.025230696176229226,0.2007738294267126,0.2678593562235699
2012-02-29 00:00:00-05:00,662.0,671.5,658.25,664.25,3167,0.0,0.0,0.003020007550018855,0.00301545648774378,0.18612421804045728,0.24091297851555632
2012-03-01 00:00:00-05:00,662.0,666.5,654.25,659.25,1044,0.0,0.0,-0.007527286413248069,-0.007555759406526861,0.19859668365357322,0.23765649905707362
2012-03-02 00:00:00-05:00,656.25,671.0,654.75,670.75,1334,0.0,0.0,0.01744406522563513,0.01729366407233739,0.20337617415597758,0.23832846546075825
2012-03-05 00:00:00-05:00,670.75,673.0,666.0,667.75,437,0.0,0.0,-0.004472605292582976,-0.004482637315663317,0.22611463658108585,0.23868572575962793
2012-03-06 00:00:00-05:00,666.25,666.25,652.0,654.0,214,0.0,0.0,-0.020591538749532012,-0.02080650053287155,0.2223390456164247,0.24621339455831198
2012-03-07 00:00:00-05:00,656.0,657.25,633.0,633.0,531,0.0,0.0,-0.032110091743119296,-0.03263692931302255,0.2958558208467371,0.2687015356939775
2012-03-08 00:00:00-05:00,638.5,641.0,630.0,630.5,150,0.0,0.0,-0.003949447077409185,-0.003957266739201961,0.29840120701598477,0.26878012404472656
2012-03-09 00:00:00-05:00,635.5,646.0,630.0,638.75,139,0.0,0.0,0.013084853291038812,0.012999986112939895,0.2749934159715647,0.26295044671494533
2012-03-12 00:00:00-04:00,635.25,652.75,632.25,652.75,262,0.0,0.0,0.021917808219177992,0.021681066061323948,0.35748853437320804,0.25781739104787366
2012-03-13 00:00:00-04:00,658.0,660.75,647.75,651.5,182,0.0,0.0,-0.0019149751053236796,-0.0019168110143384682,0.32727681895909916,0.2510512739395947
2012-03-14 00:00:00-04:00,646.0,652.0,631.0,651.75,41955,0.0,0.0,0.00038372985418266836,0.00038365624871131534,0.1768969571924773,0.24790239861122249
2012-03-15 00:00:00-04:00,645.0,667.25,643.25,664.75,70906,0.0,0.0,0.019946298427311104,0.0197499773095181,0.1743636847855593,0.24902243274890115
2012-03-16 00:00:00-04:00,663.0,673.0,660.0,672.0,46883,0.0,0.0,0.010906355772847043,0.010847310400020457,0.173155271808297,0.25053116783550444
2012-03-19 00:00:00-04:00,671.5,675.25,651.25,652.25,52968,0.0,0.0,-0.02938988095238093,-0.02983041650631171,0.2953236588731546,0.26347853970166063
2012-03-20 00:00:00-04:00,652.5,653.25,640.0,642.5,50433,0.0,0.0,-0.014948256036795726,-0.01506110724746297,0.314483069920485,0.26166502786243545
2012-03-21 00:00:00-04:00,643.25,647.5,635.5,636.25,38072,0.0,0.0,-0.009727626459143934,-0.00977524890464233,0.3165836099791549,0.25588516088625535
2012-03-22 00:00:00-04:00,636.75,647.5,631.25,646.25,54660,0.0,0.0,0.015717092337917515,0.015594857957906418,0.29668788778141203,0.26176893156647674
2012-03-23 00:00:00-04:00,647.75,655.25,646.25,654.25,44314,0.0,0.0,0.012379110251450776,0.012303115587616448,0.30195257748231286,0.26503480249635075
2012-03-26 00:00:00-04:00,655.5,670.5,650.0,659.5,67814,0.0,0.0,0.008024455483377935,0.007992430747114072,0.21831658197072099,0.2652358995960492
2012-03-27 00:00:00-04:00,659.5,663.5,638.75,639.75,76485,0.0,0.0,-0.029946929492039476,-0.030404497117471153,0.3026145605990127,0.27072222167139076
2012-03-28 00:00:00-04:00,639.5,646.25,630.0,630.75,62374,0.0,0.0,-0.014067995310668269,-0.014167887518731104,0.3121798191843066,0.2736441302366565
2012-03-29 00:00:00-04:00,633.25,635.0,611.25,612.5,76789,0.0,0.0,-0.028933808957590124,-0.02936064510228503,0.3172249123555254,0.2890371123486081
2012-03-30 00:00:00-04:00,613.0,668.75,612.75,660.75,118402,0.0,0.0,0.07877551020408169,0.07582661106551658,0.7171472085184869,0.40624138477736854
2012-04-02 00:00:00-04:00,663.75,666.5,649.25,657.0,79665,0.0,0.0,-0.005675368898978461,-0.005691534999788097,0.7174188126093484,0.4064219015326694
2012-04-03 00:00:00-04:00,655.75,659.0,649.5,658.0,55586,0.0,0.0,0.0015220700152207556,0.0015209128407067448,0.6676363611589319,0.39944749625730885
2012-04-04 00:00:00-04:00,658.5,658.75,635.5,639.25,61565,0.0,0.0,-0.02849544072948329,-0.02890931715402121,0.7023524988118788,0.39571026037052437
2012-04-05 00:00:00-04:00,641.0,650.0,636.0,638.5,5,0.0,0.0,-0.001173249902229223,-0.0011739386987020671,0.6472299076346338,0.3953927246122825
2012-04-09 00:00:00-04:00,637.25,649.0,636.5,643.0,60188,0.0,0.0,0.007047768206734473,0.007023048765025345,0.21797734367302368,0.3935052754312522
2012-04-10 00:00:00-04:00,641.75,653.25,624.0,625.75,96735,0.0,0.0,-0.026827371695178903,-0.027193793925735846,0.2663037614249586,0.3965387929650725
2012-04-11 00:00:00-04:00,626.25,633.75,619.75,628.0,70253,0.0,0.0,0.003595685177786745,0.003589236156315169,0.2720964473253345,0.3970034624282933
2012-04-12 00:00:00-04:00,628.0,645.75,628.0,639.25,83130,0.0,0.0,0.017914012738853513,0.017755447703097334,0.2637909312962737,0.4029646002946742
2012-04-13 00:00:00-04:00,640.25,643.25,618.5,623.5,88586,0.0,0.0,-0.024638247946812686,-0.024946849051204874,0.31801618724900393,0.4037906382647274
2012-04-16 00:00:00-04:00,623.25,625.5,615.0,616.25,49485,0.0,0.0,-0.011627906976744207,-0.011696039763191298,0.302237164181169,0.40148977418311327
2012-04-17 00:00:00-04:00,617.25,627.0,615.0,615.5,40351,0.0,0.0,-0.0012170385395537942,-0.001217779732391704,0.2543073068808017,0.39017709293366165
2012-04-18 00:00:00-04:00,616.0,618.75,604.25,610.75,55830,0.0,0.0,-0.0077173030056864045,-0.007747235486658322,0.24787763757198394,0.38798371281916033
2012-04-19 00:00:00-04:00,611.75,628.25,611.75,624.75,33065,0.0,0.0,0.022922636103151817,0.02266385957721187,0.2783109628832166,0.3968504729145106
2012-04-20 00:00:00-04:00,625.25,627.75,614.25,615.75,40295,0.0,0.0,-0.014405762304921965,-0.014510532714414465,0.2381442317354759,0.394801656035547
2012-04-23 00:00:00-04:00,616.25,627.75,614.25,625.0,27228,0.0,0.0,0.015022330491270885,0.01491061273575428,0.24809743068031623,0.3961988029681959
2012-04-24 00:00:00-04:00,625.0,639.25,622.75,624.5,27341,0.0,0.0,-0.0008000000000000229,-0.0008003201707691552,0.24767652545827518,0.3944734291410843
2012-04-25 00:00:00-04:00,624.5,633.75,615.0,616.5,32696,0.0,0.0,-0.012810248198558805,-0.012893006961233335,0.26368762605659696,0.38314996460092293
2012-04-26 00:00:00-04:00,617.75,627.75,615.5,626.0,19816,0.0,0.0,0.01540957015409572,0.015292048495699555,0.2292515292260165,0.3846910696328521
2012-04-27 00:00:00-04:00,625.25,646.0,623.75,642.25,27711,0.0,0.0,0.025958466453674056,0.025627264889894367,0.24279202089382587,0.3794424976210368
2012-04-30 00:00:00-04:00,645.0,649.75,633.75,647.75,3904,0.0,0.0,0.008563643441027669,0.008527183452226425,0.23619512676388635,0.2535538393323823
2012-05-01 00:00:00-04:00,647.5,647.5,633.75,633.75,3732,0.0,0.0,-0.021613276727132424,-0.021850264536826477,0.31427601166876135,0.26366849660654884
2012-05-02 00:00:00-04:00,629.5,630.5,607.0,607.0,1311,0.0,0.0,-0.042209072978303785,-0.0431257638458947,0.44863268047517846,0.29986055633561026
2012-05-03 00:00:00-04:00,607.0,613.0,606.75,608.25,659,0.0,0.0,0.0020593080724875534,0.002057190604133641,0.4238630805226947,0.28584690882043146
2012-05-04 00:00:00-04:00,611.25,611.25,594.0,603.75,784,0.0,0.0,-0.007398273736128225,-0.007425776696849538,0.32208386704050224,0.2863671623131984
2012-05-07 00:00:00-04:00,600.0,606.25,595.5,606.25,456,0.0,0.0,0.0041407867494824835,0.004132237284910591,0.3052828278415174,0.2852467380214189
2012-05-08 00:00:00-04:00,612.0,613.0,609.0,609.0,809,0.0,0.0,0.004536082474226877,0.004525825458204144,0.3151109447052691,0.2715819711973868
2012-05-09 00:00:00-04:00,605.5,605.5,589.75,591.25,781,0.0,0.0,-0.029146141215106725,-0.029579327903754293,0.22631362914195546,0.2882455531908916
2012-05-10 00:00:00-04:00,593.5,594.75,591.0,594.75,365,0.0,0.0,0.005919661733615245,0.005902209376924357,0.23554456463588191,0.2798050957617186
2012-05-11 00:00:00-04:00,593.25,595.25,590.0,592.75,576,0.0,0.0,-0.0033627574611181377,-0.003368424237552217,0.2340345665469775,0.2683987013559909
2012-05-14 00:00:00-04:00,600.25,604.0,597.75,597.75,36826,0.0,0.0,0.008435259384226068,0.008399881392919254,0.24470546310815489,0.26868691836036834
2012-05-15 00:00:00-04:00,597.75,617.25,597.5,608.5,62763,0.0,0.0,0.017984107068172328,0.017824306089147767,0.2851257846737918,0.2773516469298685
2012-05-16 00:00:00-04:00,608.5,639.75,604.0,638.75,82702,0.0,0.0,0.049712407559572735,0.04851622909033234,0.3247369205163863,0.327677663352413
2012-05-17 00:00:00-04:00,638.25,658.5,637.75,657.75,100155,0.0,0.0,0.02974559686888445,0.029311778402487835,0.3234043491132788,0.33416351302532693
2012-05-18 00:00:00-04:00,656.75,697.5,652.5,695.25,134342,0.0,0.0,0.05701254275940704,0.055446573193672084,0.3267325963882426,0.3786307589814215
2012-05-21 00:00:00-04:00,700.0,722.0,682.75,704.0,143939,0.0,0.0,0.012585400934915558,0.012506863043968234,0.30821681025829617,0.37798940731851155
2012-05-22 00:00:00-04:00,698.5,702.25,681.75,685.5,110736,0.0,0.0,-0.02627840909090906,-0.026629857155673287,0.5289235178496781,0.3947285724840872
2012-05-23 00:00:00-04:00,683.0,685.0,663.5,665.5,83959,0.0,0.0,-0.029175784099197632,-0.029609861167202725,0.5859687637742975,0.408534767565132
2012-05-24 00:00:00-04:00,667.75,676.5,661.75,663.0,66972,0.0,0.0,-0.0037565740045079066,-0.003763647649303833,0.5580480358600959,0.40718746866345124
2012-05-25 00:00:00-04:00,664.75,688.25,661.75,680.0,72925,0.0,0.0,0.02564102564102555,0.025317807984289786,0.3793043340183732,0.4069534924379411
2012-05-29 00:00:00-04:00,675.0,684.0,655.25,656.75,81727,0.0,0.0,-0.034191176470588225,-0.03478936960450313,0.3940015878215218,0.427230957142655
2012-05-30 00:00:00-04:00,657.0,661.25,644.25,653.75,79250,0.0,0.0,-0.004567948229920016,-0.004578413186516545,0.37971064592563364,0.41946163429458144
2012-05-31 00:00:00-04:00,652.5,653.75,642.5,643.75,70598,0.0,0.0,-0.015296367112810683,-0.01541456340118673,0.34492463929548367,0.3919134172463081
2012-06-01 00:00:00-04:00,643.5,646.5,611.0,612.25,117506,0.0,0.0,-0.04893203883495145,-0.05016975614566878,0.45452071829986446,0.4335216425262692
2012-06-04 00:00:00-04:00,620.25,631.5,613.25,627.75,68065,0.0,0.0,0.025316455696202445,0.025001302205417186,0.45267333978470337,0.44092578943711785
2012-06-05 00:00:00-04:00,626.25,631.0,611.75,613.25,66686,0.0,0.0,-0.023098367184388735,-0.023369314899095755,0.4301606340095269,0.4499399538281055
2012-06-06 00:00:00-04:00,612.75,628.75,612.75,624.25,61757,0.0,0.0,0.017937219730941756,0.01777824602128397,0.48514980461284196,0.4538525287978893
2012-06-07 00:00:00-04:00,622.0,644.75,620.25,641.75,79374,0.0,0.0,0.028033640368442025,0.02764789059136709,0.5427782057465462,0.4477796968035859
2012-06-08 00:00:00-04:00,637.5,638.75,627.75,630.25,79052,0.0,0.0,-0.017919750681729685,-0.018082253683220625,0.3904579528343868,0.454707683301885
2012-06-11 00:00:00-04:00,629.25,642.25,629.0,630.5,67687,0.0,0.0,0.0003966679888933733,0.0003965893369451196,0.35110261164586404,0.45417353166884833
2012-06-12 00:00:00-04:00,630.0,639.75,613.25,616.0,79395,0.0,0.0,-0.022997620935765295,-0.0232661918714545,0.3506661703652835,0.46323899369454546
2012-06-13 00:00:00-04:00,617.0,623.75,614.25,616.0,64238,0.0,0.0,0.0,0.0,0.3179724773268745,0.45934323194330934
2012-06-14 00:00:00-04:00,615.25,629.0,615.0,623.5,48784,0.0,0.0,0.012175324675324672,0.012101801586571361,0.22972993689695287,0.4245637551650708
2012-06-15 00:00:00-04:00,623.25,627.75,607.5,609.5,65148,0.0,0.0,-0.02245388933440262,-0.02270981619876498,0.2465984925232785,0.4149657360113482
2012-06-18 00:00:00-04:00,613.5,634.0,612.0,630.25,54147,0.0,0.0,0.03404429860541436,0.033477617146703074,0.3839697362767364,0.3768137893056019
2012-06-19 00:00:00-04:00,630.0,652.0,628.25,649.5,79394,0.0,0.0,0.030543435144783748,0.030086270042624957,0.36841465084716213,0.392748361931569
2012-06-20 00:00:00-04:00,648.75,665.25,639.25,664.0,61732,0.0,0.0,0.022324865280985318,0.02207931336577957,0.3609641037966726,0.3936290016349178
2012-06-21 00:00:00-04:00,659.75,682.0,655.0,661.75,63181,0.0,0.0,-0.0033885542168674565,-0.0033943083692231884,0.38559551925006436,0.3798073149126121
2012-06-22 00:00:00-04:00,659.5,684.75,657.75,673.25,58722,0.0,0.0,0.017378163959199,0.017228890584497548,0.23378508016645097,0.3844229448997319
2012-06-25 00:00:00-04:00,682.0,725.25,682.0,724.25,48234,0.0,0.0,0.07575194949870023,0.0730199049577514,0.46387985913867574,0.4605565891856718
2012-06-26 00:00:00-04:00,723.25,738.75,709.25,729.0,25185,0.0,0.0,0.006558508802209095,0.006537095359198282,0.4879235632239032,0.43844746843215743
2012-06-27 00:00:00-04:00,727.5,744.75,721.5,732.0,26581,0.0,0.0,0.004115226337448652,0.004106781952653502,0.5079311432335284,0.43685972047605315
2012-06-28 00:00:00-04:00,731.0,737.25,723.0,726.0,26852,0.0,0.0,-0.008196721311475419,-0.00823049913651548,0.5228565791394926,0.4329736959426664
2012-06-29 00:00:00-04:00,726.0,743.0,723.0,739.0,8377,0.0,0.0,0.017906336088154173,0.01774790612340559,0.522759073299004,0.38169247554372693
2012-07-02 00:00:00-04:00,741.75,756.75,740.25,754.5,2310,0.0,0.0,0.020974289580514283,0.020757357259701886,0.1853994016091765,0.3796451529831708
2012-07-03 00:00:00-04:00,761.0,782.25,757.0,782.25,2240,0.0,0.0,0.036779324055665974,0.0361191043410879,0.27180924906039017,0.37083936531327366
2012-07-05 00:00:00-04:00,801.0,824.0,793.25,822.5,2049,0.0,0.0,0.05145413870246096,0.050174100090535544,0.35494020154345657,0.3956162968900761
2012-07-06 00:00:00-04:00,818.5,818.5,790.25,791.25,1305,0.0,0.0,-0.037993920972644424,-0.03873450918114106,0.5392581037948085,0.4326302763087797
2012-07-09 00:00:00-04:00,799.75,823.75,799.75,810.75,841,0.0,0.0,0.024644549763033208,0.02434577172904144,0.5414402240575894,0.421293155790111
2012-07-10 00:00:00-04:00,806.25,813.75,793.0,804.75,361,0.0,0.0,-0.007400555041628176,-0.0074280750085098605,0.5720938744746722,0.42527743651772465
2012-07-11 00:00:00-04:00,804.75,831.0,788.5,807.75,202,0.0,0.0,0.0037278657968313755,0.003720934525690154,0.5342173962987996,0.40572962116601324
2012-07-12 00:00:00-04:00,810.5,842.0,810.5,832.75,45,0.0,0.0,0.03095017022593627,0.03048087236918142,0.437534357513884,0.40649186499715817
2012-07-13 00:00:00-04:00,831.0,850.25,830.25,842.0,42285,0.0,0.0,0.011107775442809942,0.011046537168537669,0.246280525729173,0.40662512925873456
2012-07-16 00:00:00-04:00,858.5,889.0,856.25,884.5,48061,0.0,0.0,0.050475059382422804,0.04924249935751324,0.36532597398805006,0.3988094928878298
2012-07-17 00:00:00-04:00,890.25,898.5,866.0,885.0,55828,0.0,0.0,0.0005652911249294235,0.0005651314080896349,0.33375966304947646,0.39986143351319287
2012-07-18 00:00:00-04:00,885.0,907.75,865.5,903.25,55132,0.0,0.0,0.020621468926553588,0.020411725019820005,0.3041278627772509,0.397081809171356
2012-07-19 00:00:00-04:00,902.75,938.0,896.5,935.0,79484,0.0,0.0,0.035150844173816864,0.03454715926093748,0.3126124201930006,0.4019780746700259
2012-07-20 00:00:00-04:00,932.0,944.75,916.75,943.25,70833,0.0,0.0,0.008823529411764675,0.008784829555732811,0.3187167570277824,0.3958278284686202
2012-07-23 00:00:00-04:00,944.5,947.25,903.75,912.75,61782,0.0,0.0,-0.03233501192684862,-0.03286933830867356,0.4023055074132795,0.43458378463391895
2012-07-24 00:00:00-04:00,910.75,914.25,852.75,878.75,83045,0.0,0.0,-0.03725006847439061,-0.03796157741087162,0.5123571865401235,0.4119501386152228
2012-07-25 00:00:00-04:00,880.25,909.0,862.5,903.25,67807,0.0,0.0,0.027880512091038367,0.027498926902874907,0.5337972732964733,0.416491972770233
2012-07-26 00:00:00-04:00,901.5,904.5,873.75,884.0,53384,0.0,0.0,-0.021311929144755104,-0.021542307390106225,0.4458392337856798,0.43165162473820756
2012-07-27 00:00:00-04:00,884.5,911.0,879.5,898.0,49716,0.0,0.0,0.015837104072398134,0.015713005664556114,0.4675761250234915,0.4267429023593627
2012-07-30 00:00:00-04:00,908.0,919.75,903.0,914.5,42804,0.0,0.0,0.01837416481069032,0.01820739952872068,0.4493509882241152,0.4268460986821178
2012-07-31 00:00:00-04:00,911.75,919.5,886.0,888.25,60843,0.0,0.0,-0.028704209950792814,-0.029124232929783955,0.40586560428925644,0.4474601812468758
2012-08-01 00:00:00-04:00,889.0,897.0,861.75,879.5,54248,0.0,0.0,-0.00985083028426681,-0.009899670723523598,0.33972463588078855,0.439004099143868
2012-08-02 00:00:00-04:00,879.0,889.75,856.0,865.0,45787,0.0,0.0,-0.01648664013644119,-0.016624057245733567,0.326724061504916,0.4115783445884689
2012-08-03 00:00:00-04:00,863.25,907.0,860.5,891.25,53330,0.0,0.0,0.030346820809248554,0.02989546479662637,0.39233879579193387,0.3927051452578965
2012-08-06 00:00:00-04:00,883.25,897.25,876.75,893.25,39183,0.0,0.0,0.0022440392706872814,0.0022415251750135287,0.3565530032449364,0.38680050101983654
2012-08-07 00:00:00-04:00,892.0,904.5,883.5,889.0,53665,0.0,0.0,-0.004757906521130728,-0.004769261389614625,0.28804728523993656,0.38577668747181365
2012-08-08 00:00:00-04:00,889.75,902.75,869.25,899.25,76111,0.0,0.0,0.011529808773903305,0.011463847061828781,0.2804766927152742,0.38635654530536423
2012-08-09 00:00:00-04:00,899.0,919.5,898.0,913.0,75336,0.0,0.0,0.015290519877675823,0.015174798019235132,0.21267444346008485,0.3766378404001052
2012-08-10 00:00:00-04:00,912.75,931.75,880.0,885.25,86207,0.0,0.0,-0.030394304490690027,-0.030865789602955346,0.28736929028827546,0.39585314651144565
2012-08-13 00:00:00-04:00,882.5,885.25,854.75,856.75,74319,0.0,0.0,-0.03219429539678054,-0.03272393023729487,0.3568399359821419,0.37184530140614824
2012-08-14 00:00:00-04:00,857.0,866.0,838.25,839.75,45444,0.0,0.0,-0.01984242777939893,-0.020041932262316126,0.363924162784734,0.3774783996662551
2012-08-15 00:00:00-04:00,840.0,850.75,840.0,846.75,35525,0.0,0.0,0.008335814230425731,0.008301263205478972,0.3519074192693551,0.3700068085149366
2012-08-16 00:00:00-04:00,848.0,868.75,841.25,861.75,25173,0.0,0.0,0.017714791851195733,0.01755971369909365,0.36386553699174057,0.35086490858566965
2012-08-17 00:00:00-04:00,861.25,880.0,861.0,874.5,21210,0.0,0.0,0.014795474325500546,0.014687089061682116,0.35561680944539154,0.354346210150209
2012-08-20 00:00:00-04:00,874.0,883.5,866.75,879.5,28033,0.0,0.0,0.005717552887364308,0.005701269718956199,0.23623346556759656,0.33873205309208776
2012-08-21 00:00:00-04:00,879.75,904.75,877.75,900.5,32123,0.0,0.0,0.023877202956225085,0.02359660043839787,0.11574101927902242,0.32260314704161225
2012-08-22 00:00:00-04:00,899.0,899.0,889.5,896.5,21950,0.0,0.0,-0.004441976679622428,-0.0044518715708231965,0.17574466486063214,0.307488956387641
2012-08-23 00:00:00-04:00,896.25,903.25,871.5,874.5,19134,0.0,0.0,-0.024539877300613466,-0.024845998586530776,0.2965783812157308,0.31062647045060726
2012-08-24 00:00:00-04:00,873.5,885.5,866.0,867.5,22369,0.0,0.0,-0.00800457404230992,-0.008036782637642532,0.2837381009986948,0.3056288747058948
2012-08-27 00:00:00-04:00,868.0,877.75,860.75,862.0,19853,0.0,0.0,-0.006340057636887608,-0.00636024115732116,0.2773127239743958,0.2967211965831528
2012-08-28 00:00:00-04:00,862.5,869.0,851.5,854.75,11171,0.0,0.0,-0.00841067285382835,-0.008446242144282473,0.12837731658983373,0.2815670287383531
2012-08-29 00:00:00-04:00,854.75,887.5,853.25,885.5,12771,0.0,0.0,0.03597543141269366,0.03534342870347745,0.35900778181095383,0.30970664069696724
2012-08-30 00:00:00-04:00,885.0,896.75,878.5,883.5,14132,0.0,0.0,-0.0022586109542631627,-0.0022611654631371774,0.302274033846138,0.30339748002904887
2012-08-31 00:00:00-04:00,885.5,888.0,862.25,870.0,2460,0.0,0.0,-0.015280135823429575,-0.01539808011112172,0.3215356034864446,0.2881718461867877
2012-09-04 00:00:00-04:00,875.5,881.75,858.5,866.0,1779,0.0,0.0,-0.0045977011494252595,-0.004608303086194219,0.31935001428891024,0.2881581723695847
2012-09-05 00:00:00-04:00,864.75,865.0,844.0,845.75,1024,0.0,0.0,-0.02338337182448036,-0.02366110090161729,0.36221346803124094,0.2984451311571788
2012-09-06 00:00:00-04:00,846.75,872.25,846.75,872.0,462,0.0,0.0,0.031037540644398565,0.03056561624816187,0.32993460973692873,0.3178562773319303
2012-09-07 00:00:00-04:00,869.25,890.75,868.5,884.75,412,0.0,0.0,0.01462155963302747,0.01451569531659308,0.35295107864918207,0.31740040129284913
2012-09-10 00:00:00-04:00,884.75,891.25,868.25,868.25,394,0.0,0.0,-0.018649335970613135,-0.018825427601389326,0.3630934886878936,0.30568264828014763
2012-09-11 00:00:00-04:00,869.0,872.25,860.0,860.0,221,0.0,0.0,-0.009501871580765875,-0.00954730237662995,0.36846986804008525,0.28465511835936086
2012-09-12 00:00:00-04:00,864.0,867.0,849.0,867.0,237,0.0,0.0,0.008139534883720989,0.008106587532988494,0.31247953130616923,0.27552262801585414
2012-09-13 00:00:00-04:00,872.0,879.0,870.25,879.0,56,0.0,0.0,0.01384083044982698,0.013745920904635136,0.23750977353864652,0.2779526709761474
2012-09-14 00:00:00-04:00,896.5,906.5,896.5,897.5,75053,0.0,0.0,0.021046643913538166,0.020828222677256994,0.26260284819009677,0.28068681174657184
2012-09-17 00:00:00-04:00,921.5,926.5,876.25,878.0,70757,0.0,0.0,-0.021727019498607225,-0.021966526727317262,0.2789684111053454,0.28874258666554775
2012-09-18 00:00:00-04:00,880.0,888.0,860.75,863.5,65453,0.0,0.0,-0.016514806378132074,-0.016652696048383323,0.30130263868695983,0.29400387370420744
2012-09-19 00:00:00-04:00,865.0,883.0,865.0,881.5,48758,0.0,0.0,0.02084539664157492,0.02063110425119156,0.3322928532104241,0.290814481531639
2012-09-20 00:00:00-04:00,882.0,893.75,869.0,879.5,62662,0.0,0.0,-0.0022688598979012653,-0.0022714376603120185,0.320163685174463,0.2905663457272207
2012-09-21 00:00:00-04:00,881.75,899.25,879.5,897.25,56734,0.0,0.0,0.020181921546333248,0.01998096585010389,0.31666928375832587,0.28542037364735867
2012-09-24 00:00:00-04:00,897.5,907.25,883.25,892.0,50563,0.0,0.0,-0.005851212036779074,-0.0058683974477072975,0.26327541536709553,0.28457665360813955
2012-09-25 00:00:00-04:00,891.0,898.0,880.75,886.5,41303,0.0,0.0,-0.006165919282511201,-0.0061850070657467875,0.22113818687837264,0.2845133206319983
2012-09-26 00:00:00-04:00,888.0,889.0,866.25,869.25,45398,0.0,0.0,-0.019458544839255465,-0.019650354626291763,0.22819556609265923,0.2922429801113541
2012-09-27 00:00:00-04:00,871.0,876.0,849.25,855.5,54922,0.0,0.0,-0.015818234109864826,-0.015944677555722615,0.24610667770975284,0.26675101156531483
2012-09-28 00:00:00-04:00,855.5,907.0,850.75,902.5,114053,0.0,0.0,0.05493863237872598,0.0534825968747879,0.4833045808954895,0.33370646797527664
2012-10-01 00:00:00-04:00,902.0,904.25,872.25,884.25,69680,0.0,0.0,-0.020221606648199497,-0.020428862121446036,0.5073010537265152,0.33739780744379566
2012-10-02 00:00:00-04:00,884.0,885.0,863.75,871.5,46990,0.0,0.0,-0.014418999151823542,-0.014523963125514351,0.515558287064997,0.3413464638902251
2012-10-03 00:00:00-04:00,873.0,878.5,858.0,873.0,48740,0.0,0.0,0.001721170395869276,0.001719690879526679,0.4944445944625092,0.3294409584655999
2012-10-04 00:00:00-04:00,873.0,882.75,866.75,869.25,37882,0.0,0.0,-0.004295532646048095,-0.004304784951631408,0.47581587256244495,0.3112040918569565
2012-10-05 00:00:00-04:00,870.0,872.75,856.25,857.5,39981,0.0,0.0,-0.01351740005752089,-0.01360959184787584,0.13889069736878765,0.3097214455491915
2012-10-08 00:00:00-04:00,857.5,867.5,855.0,861.0,30139,0.0,0.0,0.004081632653061273,0.004073325387635869,0.1349336960593106,0.30336076545152446
2012-10-09 00:00:00-04:00,859.75,873.75,859.75,864.25,31444,0.0,0.0,0.003774680603948921,0.0037675743740031393,0.11812317921876837,0.301645123879127
2012-10-10 00:00:00-04:00,864.5,876.75,863.5,869.75,43498,0.0,0.0,0.006363899334683287,0.006343735230317533,0.1304217460860403,0.3011074595614361
2012-10-11 00:00:00-04:00,870.0,894.0,859.0,886.0,80601,0.0,0.0,0.01868352974992815,0.018511136573029545,0.18239033900969448,0.30446212934117056
2012-10-12 00:00:00-04:00,886.25,886.5,853.25,856.75,65032,0.0,0.0,-0.03301354401805867,-0.033570789850362714,0.3084696196248244,0.31647336457286296
2012-10-15 00:00:00-04:00,860.0,860.25,840.25,848.25,54468,0.0,0.0,-0.009921213889699465,-0.009970757090378705,0.3127230625280058,0.30947651822399347
2012-10-16 00:00:00-04:00,848.5,857.75,843.75,847.75,42521,0.0,0.0,-0.000589448865310982,-0.0005896226585915806,0.308428172110965,0.3043795343377771
2012-10-17 00:00:00-04:00,847.75,858.0,845.5,856.25,31938,0.0,0.0,0.010026540843409038,0.009976608570687065,0.3169326812899792,0.2965213011197434
2012-10-18 00:00:00-04:00,856.5,876.0,855.5,868.5,47067,0.0,0.0,0.014306569343065734,0.01420519610472462,0.29912200774984965,0.3015884360716065
2012-10-19 00:00:00-04:00,868.0,885.5,866.0,872.5,54194,0.0,0.0,0.004605641911341385,0.004595068395422595,0.1500288864082497,0.29237628095301205
2012-10-22 00:00:00-04:00,873.0,884.5,871.5,878.25,34062,0.0,0.0,0.0065902578796561695,0.006568637069354195,0.089111627255362,0.2931073501316646
2012-10-23 00:00:00-04:00,878.0,878.5,860.0,868.75,52850,0.0,0.0,-0.010816965556504465,-0.010875894266934581,0.15158338892045525,0.29473574287053395
2012-10-24 00:00:00-04:00,868.25,895.0,865.0,884.0,66641,0.0,0.0,0.017553956834532425,0.017401665758641598,0.17508670872153778,0.2930174303083968
2012-10-25 00:00:00-04:00,882.5,889.0,871.0,872.75,52944,0.0,0.0,-0.012726244343891358,-0.012807916652497975,0.20178851214606275,0.2908610002782128
2012-10-26 00:00:00-04:00,874.75,878.75,863.25,863.75,50339,0.0,0.0,-0.010312231452305975,-0.01036577090326581,0.2126854501300109,0.21250137234143585
2012-10-31 00:00:00-04:00,858.75,875.0,858.25,864.5,64287,0.0,0.0,0.0008683068017365514,0.0008679300414654773,0.20182564229317781,0.2015606915175987
2012-11-01 00:00:00-04:00,865.75,877.5,863.5,868.5,60736,0.0,0.0,0.0046269519953729965,0.004616280557814382,0.19419581918584716,0.1960713217545308
2012-11-02 00:00:00-04:00,867.25,873.75,858.75,864.5,48641,0.0,0.0,-0.004605641911341385,-0.004616280557814425,0.11599247769653491,0.19657764365205233
2012-11-05 00:00:00-05:00,864.5,875.75,863.0,866.0,56177,0.0,0.0,0.001735106998264957,0.0017336034390900282,0.0942188277659058,0.196164148623532
2012-11-06 00:00:00-05:00,867.0,879.75,867.0,877.0,46154,0.0,0.0,0.012702078521940052,0.012622083809747981,0.10063292389795032,0.19447475509914572
2012-11-07 00:00:00-05:00,876.5,897.0,870.75,894.0,92173,0.0,0.0,0.019384264538198304,0.019198782801331003,0.1492662269445447,0.20479756077168715
2012-11-08 00:00:00-05:00,894.0,905.0,886.5,902.5,111886,0.0,0.0,0.009507829977628557,0.009462915033521766,0.14887585513975501,0.2064749094262205
2012-11-09 00:00:00-05:00,898.75,916.5,884.0,886.5,118828,0.0,0.0,-0.017728531855955687,-0.017887564692773413,0.22641677594627285,0.21752104115783896
2012-11-12 00:00:00-05:00,886.0,886.5,855.0,857.75,105694,0.0,0.0,-0.03243090806542581,-0.03296844377570346,0.35308588610631847,0.23731415796213234
2012-11-13 00:00:00-05:00,857.75,864.5,843.25,851.0,83871,0.0,0.0,-0.007869425823375131,-0.007900553165184985,0.3295968715346305,0.20802174771900322
2012-11-14 00:00:00-05:00,852.25,858.0,845.25,848.75,69446,0.0,0.0,-0.002643948296122245,-0.002647449700468288,0.2512251433674592,0.20512021493614205
2012-11-15 00:00:00-05:00,849.0,856.5,843.25,845.5,60914,0.0,0.0,-0.0038291605301914444,-0.0038365105342708806,0.1972442722039863,0.20558839874065316
2012-11-16 00:00:00-05:00,844.5,850.0,829.5,838.0,81095,0.0,0.0,-0.008870490833826183,-0.008910067856551993,0.19357475607546398,0.20423901660861432
2012-11-19 00:00:00-05:00,835.5,848.0,835.5,841.75,52363,0.0,0.0,0.004474940334128874,0.004464957559100822,0.08402561885405706,0.19733275485589336
2012-11-20 00:00:00-05:00,843.25,849.75,837.5,845.0,46012,0.0,0.0,0.0038610038610038533,0.0038535693159899723,0.08890062276919056,0.19704520816429247
2012-11-21 00:00:00-05:00,844.75,849.5,841.0,845.25,49949,0.0,0.0,0.0002958579881657819,0.0002958142308216283,0.08876198543870474,0.1948609666420547
2012-11-23 00:00:00-05:00,849.75,853.75,845.25,847.75,26437,0.0,0.0,0.0029577048210589485,0.0029533394177527106,0.08730076937216112,0.19256650756233615
2012-11-26 00:00:00-05:00,849.25,854.25,844.5,849.0,42575,0.0,0.0,0.0014744913005013682,0.0014734053055993628,0.027275187747189376,0.17989097869626589
2012-11-27 00:00:00-05:00,850.25,873.5,849.25,873.0,44351,0.0,0.0,0.028268551236749095,0.02787636952825487,0.1867079928720952,0.2045101970495231
2012-11-28 00:00:00-05:00,872.25,880.0,864.75,876.0,32150,0.0,0.0,0.0034364261168384758,0.0034305350967892222,0.1872345093333595,0.20102541942379615
2012-11-29 00:00:00-05:00,875.0,879.75,865.0,869.25,29287,0.0,0.0,-0.0077054794520547976,-0.007735320048420661,0.21291146620458418,0.20326715025367612
2012-11-30 00:00:00-05:00,869.75,869.75,844.0,844.75,19236,0.0,0.0,-0.028185217141213692,-0.028590045293571457,0.3239143506099251,0.22619105000757164
2012-12-03 00:00:00-05:00,849.75,858.5,840.5,842.0,3751,0.0,0.0,-0.0032554010062149086,-0.0032607113520726526,0.323799539623367,0.2259791007732669
2012-12-04 00:00:00-05:00,842.25,845.25,835.0,838.5,1762,0.0,0.0,-0.004156769596199483,-0.004165432979063144,0.19042788084498624,0.22592463636906582
2012-12-05 00:00:00-05:00,840.25,845.0,837.75,842.25,1075,0.0,0.0,0.004472271914132353,0.004462301023398686,0.1944376830866802,0.2208880323425707
2012-12-06 00:00:00-05:00,842.5,845.5,836.75,845.25,524,0.0,0.0,0.003561887800534347,0.003555559301333184,0.21045322902099833,0.207367605114708
2012-12-07 00:00:00-05:00,844.5,844.5,837.0,844.25,162,0.0,0.0,-0.001183081928423535,-0.0011837823223182864,0.062448257865334485,0.20242098940443373
2012-12-10 00:00:00-05:00,841.5,841.5,831.0,832.75,108,0.0,0.0,-0.01362155759549899,-0.01371518219188807,0.11584925899002348,0.19902198890018946
2012-12-11 00:00:00-05:00,831.0,831.0,801.75,805.75,105,0.0,0.0,-0.03242269588712099,-0.032959956378241805,0.2463932501033896,0.19900590958482686
2012-12-12 00:00:00-05:00,805.5,805.5,794.75,794.75,103,0.0,0.0,-0.013651877133105783,-0.013745920904635126,0.22170149421042828,0.20190183841773168
2012-12-13 00:00:00-05:00,797.25,798.75,793.0,793.0,67,0.0,0.0,-0.002201950298836075,-0.002204378156064064,0.19978455012604143,0.20192803031385104
2012-12-14 00:00:00-05:00,792.25,801.75,792.25,801.0,39670,0.0,0.0,0.010088272383354413,0.010037725433511299,0.2501081941956047,0.20742543163253258
2012-12-17 00:00:00-05:00,816.0,819.0,805.0,808.0,31789,0.0,0.0,0.008739076154806513,0.00870111145273618,0.28030392381248026,0.20979027229099748
2012-12-18 00:00:00-05:00,808.0,814.25,801.5,811.25,43526,0.0,0.0,0.004022277227722748,0.0040142094972043475,0.15385942474740744,0.20961856365039244
2012-12-19 00:00:00-05:00,813.0,822.75,802.0,805.75,57923,0.0,0.0,-0.006779661016949157,-0.006802747322752523,0.11410652942492662,0.20923647523459288
2012-12-20 00:00:00-05:00,806.25,808.5,782.5,790.5,57291,0.0,0.0,-0.018926466025442124,-0.019107864046020512,0.19391385601445713,0.2170618729501608
2012-12-21 00:00:00-05:00,790.5,798.75,789.75,792.0,30912,0.0,0.0,0.00189753320683117,0.0018957351648991973,0.17315541305232038,0.21669182144724097
2012-12-24 00:00:00-05:00,793.5,796.25,791.25,793.75,9187,0.0,0.0,0.0022095959595960224,0.002207158392475611,0.1520659284465858,0.21692252337376577
2012-12-26 00:00:00-05:00,794.0,795.25,773.75,774.5,24872,0.0,0.0,-0.02425196850393696,-0.02455089034997803,0.19121265124962047,0.19460969735059286
2012-12-27 00:00:00-05:00,775.25,778.0,764.5,772.25,34718,0.0,0.0,-0.0029051000645577973,-0.0029093280582322524,0.19617833505986015,0.19185883045664673
2012-12-28 00:00:00-05:00,772.75,784.5,766.5,778.75,42704,0.0,0.0,0.008416963418582002,0.00838173830297175,0.19971320269353468,0.19861168796812176
2012-12-31 00:00:00-05:00,778.75,780.0,767.75,778.0,27171,0.0,0.0,-0.0009630818619582593,-0.0009635459232712897,0.19636444619917431,0.17982025980081104
2013-01-02 00:00:00-05:00,785.5,788.0,752.5,755.25,57612,0.0,0.0,-0.029241645244215908,-0.029677703911610204,0.25650042364277803,0.2007466692563543
2013-01-03 00:00:00-05:00,758.0,761.25,749.75,755.5,52889,0.0,0.0,0.00033101621979469975,0.0003309614460128229,0.22682998017628134,0.2017286101962257
2013-01-04 00:00:00-05:00,755.5,758.25,739.75,747.25,53001,0.0,0.0,-0.01091992058239577,-0.010979980548747026,0.22957073200915856,0.1994063790055348
2013-01-07 00:00:00-05:00,749.5,760.5,743.5,751.25,50442,0.0,0.0,0.005352960856473743,0.005338684685370101,0.21777625503543477,0.20062999352248395
2013-01-08 00:00:00-05:00,750.5,759.25,749.25,750.5,59739,0.0,0.0,-0.0009983361064891394,-0.0009988347759006448,0.21771392284861255,0.20068745080834158
2013-01-09 00:00:00-05:00,752.5,757.0,745.0,745.5,64306,0.0,0.0,-0.006662225183211246,-0.006684516868723589,0.10043884657253198,0.19859556133248146
2013-01-10 00:00:00-05:00,747.25,756.5,744.0,744.5,70507,0.0,0.0,-0.0013413816230717357,-0.0013422820807294047,0.09805946238986238,0.1713729175944321
2013-01-11 00:00:00-05:00,745.25,773.0,736.25,754.75,123386,0.0,0.0,0.013767629281396854,0.013673716462884452,0.12421374487779052,0.178160111762228
2013-01-14 00:00:00-05:00,761.5,777.0,760.75,767.0,89410,0.0,0.0,0.016230539913878683,0.01610023278030792,0.16110689192960978,0.19020159776382387
2013-01-15 00:00:00-05:00,769.75,789.75,766.5,782.75,85447,0.0,0.0,0.02053455019556716,0.020326558839258903,0.1876762407276923,0.20196420177159172
2013-01-16 00:00:00-05:00,782.75,791.0,777.0,785.0,55859,0.0,0.0,0.0028744809964866835,0.0028703575758932923,0.1469009328893994,0.19923919073964338
2013-01-17 00:00:00-05:00,786.25,789.5,776.0,781.25,49509,0.0,0.0,-0.004777070063694322,-0.004788516731797233,0.1651160435379573,0.19852903406614056
2013-01-18 00:00:00-05:00,782.75,793.75,778.75,791.25,51739,0.0,0.0,0.012799999999999923,0.012718772407774612,0.1637612292389868,0.204112154201413
2013-01-22 00:00:00-05:00,795.0,799.75,776.0,779.25,70567,0.0,0.0,-0.01516587677725123,-0.015282054810939524,0.22361056124465167,0.2000865206087867
2013-01-23 00:00:00-05:00,779.0,785.0,771.0,774.75,53745,0.0,0.0,-0.005774783445620768,-0.005791521979588825,0.16613368549187948,0.2006483439375608
2013-01-24 00:00:00-05:00,775.5,775.75,763.0,768.5,49400,0.0,0.0,-0.008067118425298503,-0.008099833689207086,0.16401869348070647,0.20176450579237287
2013-01-25 00:00:00-05:00,769.5,781.25,764.25,776.5,51964,0.0,0.0,0.010409889394925154,0.010356079610091183,0.19343350593486333,0.18698326701242246
2013-01-28 00:00:00-05:00,778.25,783.0,770.5,779.25,33839,0.0,0.0,0.003541532517707724,0.0035352760587047663,0.15953679329591158,0.18696587873227333
2013-01-29 00:00:00-05:00,779.25,785.0,776.0,777.0,32705,0.0,0.0,-0.002887391722810384,-0.002891568279799014,0.11935700597009088,0.1849259044058967
2013-01-30 00:00:00-05:00,776.25,789.0,771.75,787.0,59373,0.0,0.0,0.01287001287001277,0.012787898049755688,0.139661627840715,0.1904542116029522
2013-01-31 00:00:00-05:00,786.75,791.0,773.75,779.5,58960,0.0,0.0,-0.009529860228716602,-0.009575559919571973,0.14725791332883084,0.15981876592712202
2013-02-01 00:00:00-05:00,780.5,790.0,764.5,765.0,81099,0.0,0.0,-0.018601667735728022,-0.018776854671295362,0.19126672670083145,0.17524425057946627
2013-02-04 00:00:00-05:00,767.5,774.0,761.0,763.0,42894,0.0,0.0,-0.002614379084967311,-0.002617802542078823,0.18297508781198585,0.17036273942507849
2013-02-05 00:00:00-05:00,763.5,766.5,751.0,757.5,61957,0.0,0.0,-0.007208387942332917,-0.007234493900932819,0.18366282548448148,0.17202857488741802
2013-02-06 00:00:00-05:00,758.0,764.0,746.5,761.5,72964,0.0,0.0,0.005280528052805211,0.005266634951692225,0.13975092155810379,0.17275999090696278
2013-02-07 00:00:00-05:00,760.75,764.5,752.75,756.0,67677,0.0,0.0,-0.007222586999343417,-0.007248796155683519,0.13757869823853103,0.17309145958127237
2013-02-08 00:00:00-05:00,755.75,770.75,753.0,756.25,97838,0.0,0.0,0.00033068783068790353,0.0003306331655182932,0.08430209140263194,0.17292442483497067
2013-02-11 00:00:00-05:00,757.5,759.5,740.25,741.5,79394,0.0,0.0,-0.019504132231405014,-0.01969684776706449,0.14893354677524356,0.1801142511629319
2013-02-12 00:00:00-05:00,742.5,744.25,725.5,732.0,84273,0.0,0.0,-0.012811867835468616,-0.012894647616675197,0.1576501129399243,0.17300318980432294
2013-02-13 00:00:00-05:00,732.75,737.75,722.5,735.5,68730,0.0,0.0,0.004781420765027411,0.004770026080180738,0.15526529624530935,0.15337848667099663
2013-02-14 00:00:00-05:00,735.75,740.75,725.0,732.0,71176,0.0,0.0,-0.0047586675730795225,-0.004770026080180634,0.15591206541241046,0.15184437370578732
2013-02-15 00:00:00-05:00,732.75,744.5,732.75,742.25,60478,0.0,0.0,0.014002732240437243,0.013905599682557708,0.21286495100784744,0.16382049179210273
2013-02-19 00:00:00-05:00,747.0,747.25,726.25,732.25,60016,0.0,0.0,-0.01347254968002698,-0.01356412793602636,0.18735629933347372,0.15769259209049777
2013-02-20 00:00:00-05:00,731.75,740.75,727.75,738.5,46611,0.0,0.0,0.008535336292250006,0.008499116263591722,0.17379244798543775,0.15751771451926497
2013-02-21 00:00:00-05:00,737.5,738.25,719.25,721.25,71236,0.0,0.0,-0.023358158429248488,-0.023635284149125187,0.24413941469117129,0.17370052300247701
2013-02-22 00:00:00-05:00,721.0,729.75,713.5,715.0,47984,0.0,0.0,-0.008665511265164683,-0.0087032751283017,0.24665805308729374,0.1739213963726745
2013-02-25 00:00:00-05:00,714.5,717.5,698.0,699.25,33179,0.0,0.0,-0.02202797202797202,-0.02227421061193854,0.20458274051683945,0.17748157122011265
2013-02-26 00:00:00-05:00,699.25,706.75,692.75,705.75,37805,0.0,0.0,0.009295673936360327,0.00925273505152954,0.25134927141965174,0.18233482140664048
2013-02-27 00:00:00-05:00,705.25,717.25,702.0,704.25,42602,0.0,0.0,-0.002125398512221044,-0.0021276603771167293,0.21842315847311058,0.18246519066743938
2013-02-28 00:00:00-05:00,705.25,716.75,702.25,707.75,8211,0.0,0.0,0.004969826056087978,0.004957517235526943,0.1955696663423611,0.17426571228030582
2013-03-01 00:00:00-05:00,710.75,718.75,701.0,713.25,3790,0.0,0.0,0.0077711056163900505,0.007741066101600478,0.2039660436689734,0.17935741631108706
2013-03-04 00:00:00-05:00,714.0,714.0,691.0,696.0,2173,0.0,0.0,-0.024185068349106165,-0.02448232975918969,0.21842314483307546,0.1861979072334673
2013-03-05 00:00:00-05:00,698.5,700.0,693.5,696.25,1434,0.0,0.0,0.0003591954022987842,0.0003591309070740645,0.20075926400974176,0.18692669025751016
2013-03-06 00:00:00-05:00,695.25,695.25,676.0,676.25,724,0.0,0.0,-0.02872531418312385,-0.029145961080802474,0.2724580998132802,0.20571964065561854
2013-03-07 00:00:00-05:00,678.25,686.75,674.75,686.75,346,0.0,0.0,0.015526802218114533,0.015407494814691898,0.3115320123235332,0.21585713190985165
2013-03-08 00:00:00-05:00,688.0,693.75,679.5,690.0,73,0.0,0.0,0.004732435384055433,0.004721272615921921,0.3038127166011366,0.21842769793996633
2013-03-11 00:00:00-04:00,687.25,697.25,687.25,694.0,58,0.0,0.0,0.005797101449275255,0.005780362915499329,0.2657842068234872,0.22086822932692113
2013-03-12 00:00:00-04:00,693.0,702.25,693.0,700.5,158,0.0,0.0,0.009365994236311348,0.0093224052702573,0.2750667262672269,0.21808083109893578
2013-03-13 00:00:00-04:00,698.0,707.25,698.0,707.25,315,0.0,0.0,0.009635974304068595,0.009589844404614946,0.06716603010775561,0.21889911507731133
2013-03-14 00:00:00-04:00,712.0,714.25,712.0,714.25,61986,0.0,0.0,0.009897490279250576,0.009848830929205844,0.038565051950768994,0.22162206824266972
2013-03-15 00:00:00-04:00,724.5,725.0,717.5,723.0,51088,0.0,0.0,0.012250612530626537,0.01217618104788224,0.03672697718790207,0.2263480208081648
2013-03-18 00:00:00-04:00,720.75,721.5,705.5,712.75,45720,0.0,0.0,-0.014177040110650019,-0.014278494365983262,0.17463604716361192,0.2244605138562239
2013-03-19 00:00:00-04:00,713.0,722.75,709.25,722.0,47336,0.0,0.0,0.012977902490354243,0.012894411100044837,0.18155616707832045,0.22605123776764618
2013-03-20 00:00:00-04:00,722.0,736.75,721.0,736.0,49304,0.0,0.0,0.01939058171745156,0.019204979836050046,0.20514248397263743,0.23498204741697054
2013-03-21 00:00:00-04:00,736.0,736.5,726.5,728.75,35022,0.0,0.0,-0.009850543478260865,-0.009899381064174099,0.23913639567796174,0.2217414812695593
2013-03-22 00:00:00-04:00,728.25,731.5,715.5,729.75,43080,0.0,0.0,0.0013722126929673895,0.0013712720695219804,0.22804330589994717,0.2190180159740322
2013-03-25 00:00:00-04:00,729.75,730.75,722.5,727.25,37456,0.0,0.0,-0.0034258307639603025,-0.0034317123589131635,0.18971787049363403,0.20226312705489352
2013-03-26 00:00:00-04:00,727.0,732.75,723.5,731.5,49622,0.0,0.0,0.00584393262289451,0.0058269230848680305,0.17484655950851619,0.20098855072979777
2013-03-27 00:00:00-04:00,731.75,740.75,727.75,736.75,44193,0.0,0.0,0.0071770334928229484,0.0071514011576250865,0.11113980887679244,0.2012481445924271
2013-03-28 00:00:00-04:00,736.75,741.75,682.75,687.75,95863,0.0,0.0,-0.0665083135391924,-0.06882322181312019,0.4960419624205593,0.31603866011726445
2013-04-01 00:00:00-04:00,681.5,688.75,659.75,664.0,74648,0.0,0.0,-0.034532897128316975,-0.03514325032825007,0.504549543552003,0.3351406315026053
2013-04-02 00:00:00-04:00,667.25,674.25,664.25,670.75,76205,0.0,0.0,0.01016566265060237,0.010114339829299629,0.5378982546496363,0.3289461373462034
2013-04-03 00:00:00-04:00,674.0,697.75,670.75,696.5,96791,0.0,0.0,0.0383898620946701,0.037671303914126826,0.6561538237735689,0.3583887177769387
2013-04-04 00:00:00-04:00,698.5,705.5,684.5,694.0,86624,0.0,0.0,-0.003589375448671883,-0.003595832713055841,0.643701021333627,0.3421600967881748
2013-04-05 00:00:00-04:00,691.75,700.5,689.0,699.0,51695,0.0,0.0,0.007204610951008661,0.00717878172700577,0.41791088313712,0.33890194742675833
2013-04-08 00:00:00-04:00,700.0,716.0,699.5,712.5,59054,0.0,0.0,0.0193133047210301,0.01912916990899539,0.2501081075746776,0.344870965806364
2013-04-09 00:00:00-04:00,713.5,714.25,704.25,708.75,57723,0.0,0.0,-0.0052631578947368585,-0.005277057100843781,0.2873722254942119,0.3454198527227223
2013-04-10 00:00:00-04:00,706.0,713.0,688.0,696.75,82133,0.0,0.0,-0.016931216931216908,-0.017076188679904212,0.217667943155932,0.3498415563045741
2013-04-11 00:00:00-04:00,697.5,705.75,693.5,697.75,57183,0.0,0.0,0.0014352350197344155,0.0014342060543738955,0.21514267504848186,0.3480418880771181
2013-04-12 00:00:00-04:00,699.0,716.0,698.25,714.75,52556,0.0,0.0,0.024364027230383334,0.024071958785989594,0.2724210430099568,0.3574048008269652
2013-04-15 00:00:00-04:00,715.0,715.5,688.5,693.75,54689,0.0,0.0,-0.029380902413431276,-0.029821166141776927,0.3214724534369897,0.3692656867940133
2013-04-16 00:00:00-04:00,692.75,704.0,689.75,703.5,35701,0.0,0.0,0.014054054054054133,0.013956211493799558,0.34912572982077406,0.3703126480148618
2013-04-17 00:00:00-04:00,703.5,715.5,698.5,703.75,45451,0.0,0.0,0.00035536602700791953,0.00035530289945649246,0.32075715965285634,0.36696475626631453
2013-04-18 00:00:00-04:00,705.0,712.0,696.0,702.75,27122,0.0,0.0,-0.001420959147424461,-0.0014219696672588267,0.3218060582256713,0.35895997364511184
2013-04-19 00:00:00-04:00,704.25,711.75,697.75,709.0,29700,0.0,0.0,0.008893632159373999,0.008854316745486349,0.2669030176075398,0.35973090694377124
2013-04-22 00:00:00-04:00,707.5,707.5,691.25,702.25,31039,0.0,0.0,-0.009520451339915414,-0.00956606054777449,0.14610488068474406,0.3608046590700469
2013-04-23 00:00:00-04:00,702.75,703.5,690.25,697.5,25386,0.0,0.0,-0.006763972944108243,-0.006786952288832375,0.11318043641966555,0.3612145999002664
2013-04-24 00:00:00-04:00,697.5,698.75,688.5,691.75,24327,0.0,0.0,-0.008243727598566286,-0.008277895028485385,0.11966244526857353,0.3607031607760715
2013-04-25 00:00:00-04:00,691.25,705.5,690.5,701.25,22219,0.0,0.0,0.013733285146367846,0.013639838169870725,0.17231817476837116,0.36378333317942274
2013-04-26 00:00:00-04:00,702.0,702.0,685.5,688.75,27045,0.0,0.0,-0.017825311942959,-0.017986096369781827,0.18561490379120027,0.2813718473549943
2013-04-29 00:00:00-04:00,688.75,713.0,688.75,709.75,23663,0.0,0.0,0.030490018148820353,0.030034434885956352,0.30983248426361437,0.2692527172349316
2013-04-30 00:00:00-04:00,709.25,727.5,697.25,721.75,5497,0.0,0.0,0.016907361747094063,0.01676602318996392,0.3118785828220331,0.272518930471818
2013-05-01 00:00:00-04:00,722.25,722.25,705.0,710.5,3560,0.0,0.0,-0.015587114651887779,-0.015709871005889154,0.3377898841160463,0.2479216826230963
2013-05-02 00:00:00-04:00,710.5,718.75,709.25,718.75,2939,0.0,0.0,0.011611541168191408,0.011544644574404862,0.3348723351471815,0.24996242778025776
2013-05-03 00:00:00-04:00,718.75,722.75,711.25,711.25,1102,0.0,0.0,-0.01043478260869568,-0.010489606671019547,0.30582045346485875,0.25279670549777455
2013-05-06 00:00:00-04:00,701.0,703.5,690.75,693.0,1339,0.0,0.0,-0.025659050966608032,-0.025993986250637393,0.2887699551697732,0.2598657553463632
2013-05-07 00:00:00-04:00,696.25,699.5,690.0,699.5,536,0.0,0.0,0.009379509379509487,0.009335794915632741,0.25654143417061315,0.2620621831393126
2013-05-08 00:00:00-04:00,697.5,697.5,693.25,696.75,191,0.0,0.0,-0.00393137955682632,-0.003939127743478292,0.2424529734843505,0.25524341379275906
2013-05-09 00:00:00-04:00,700.5,719.0,700.5,716.25,157,0.0,0.0,0.027987082884822323,0.027602601666891664,0.32266335077053643,0.2737819801689583
2013-05-10 00:00:00-04:00,703.0,703.0,696.75,696.75,19,0.0,0.0,-0.027225130890052407,-0.027602601666891782,0.373190226079601,0.27773031756030453
2013-05-13 00:00:00-04:00,699.75,706.25,699.75,701.5,103,0.0,0.0,0.006817366343738751,0.006794233180458005,0.3214782941141941,0.25790787622256384
2013-05-14 00:00:00-04:00,700.75,701.5,700.75,701.5,38738,0.0,0.0,0.0,0.0,0.31587431641991287,0.25302099724525356
2013-05-15 00:00:00-04:00,711.0,711.25,692.5,693.75,52020,0.0,0.0,-0.011047754811119082,-0.011109234481871415,0.3263560922963636,0.2560154695037562
2013-05-16 00:00:00-04:00,694.0,699.0,681.5,687.75,65093,0.0,0.0,-0.008648648648648671,-0.008686265255960368,0.20435421552823138,0.2576064268409738
2013-05-17 00:00:00-04:00,688.25,689.75,680.25,683.25,42132,0.0,0.0,-0.0065430752453653485,-0.006564574996506555,0.11521236118873625,0.25560009104388626
2013-05-20 00:00:00-04:00,681.25,688.5,674.5,685.25,44151,0.0,0.0,0.0029271862422246553,0.002922910374717773,0.09376032747674316,0.2543811845634107
2013-05-21 00:00:00-04:00,684.25,684.5,674.0,680.5,35805,0.0,0.0,-0.006931776723823391,-0.006955913091374379,0.08450139625665501,0.25443140691089844
2013-05-22 00:00:00-04:00,680.5,692.75,680.0,688.5,44076,0.0,0.0,0.011756061719323974,0.011687496077188721,0.13778908691186453,0.25688770229468116
2013-05-23 00:00:00-04:00,687.5,709.0,687.0,703.25,69917,0.0,0.0,0.021423384168482107,0.021197129201256597,0.19347317587769655,0.263743375939597
2013-05-24 00:00:00-04:00,704.0,707.5,696.25,697.5,43322,0.0,0.0,-0.008176324209029473,-0.008209933674445504,0.19961032833097297,0.2571017203899488
2013-05-28 00:00:00-04:00,699.0,705.0,687.75,693.75,53639,0.0,0.0,-0.005376344086021501,-0.005390848634876423,0.21130702987720637,0.23242332678432404
2013-05-29 00:00:00-04:00,693.5,704.0,688.75,702.75,55930,0.0,0.0,0.012972972972973063,0.012889544725997083,0.20215439553249306,0.2287855349419782
2013-05-30 00:00:00-04:00,699.0,702.25,687.5,698.75,53057,0.0,0.0,-0.005691924581999297,-0.005708185317332353,0.21142013568101237,0.2231797078877402
2013-05-31 00:00:00-04:00,697.25,707.5,692.5,705.5,58724,0.0,0.0,0.009660107334525936,0.009613746823559775,0.15623989734037186,0.22185089038245823
2013-06-03 00:00:00-04:00,708.5,714.5,692.5,708.75,73766,0.0,0.0,0.004606661941885193,0.004596083749093137,0.13559394800780383,0.2196340065503637
2013-06-04 00:00:00-04:00,708.75,713.25,700.0,709.0,57525,0.0,0.0,0.00035273368606691946,0.00035267149016557283,0.1175765956091748,0.19778382984492557
2013-06-05 00:00:00-04:00,709.75,712.5,701.0,701.5,44556,0.0,0.0,-0.010578279266572621,-0.010634626989611852,0.12759403290625432,0.19953728858029726
2013-06-06 00:00:00-04:00,701.75,706.25,693.5,697.75,61320,0.0,0.0,-0.005345687811831756,-0.005360027126084046,0.12669793553585684,0.1999899731424249
2013-06-07 00:00:00-04:00,696.5,703.25,694.25,696.25,51784,0.0,0.0,-0.002149767108563294,-0.002152081174937829,0.09120814820015939,0.17083243394195557
2013-06-10 00:00:00-04:00,693.0,695.25,680.5,689.75,71412,0.0,0.0,-0.009335727109515246,-0.009379578144098297,0.07359199484136765,0.14471360625551002
2013-06-11 00:00:00-04:00,690.5,699.75,686.75,696.75,64154,0.0,0.0,0.010148604566872166,0.010097453264662234,0.13178241836193091,0.14739538905285154
2013-06-12 00:00:00-04:00,694.5,696.75,679.0,683.0,73109,0.0,0.0,-0.019734481521349156,-0.01993180679126756,0.17266499631800258,0.1627145019822127
2013-06-13 00:00:00-04:00,683.0,687.0,675.0,685.5,64445,0.0,0.0,0.0036603221083455484,0.003653639431579032,0.18393038578228024,0.15935188154747457
2013-06-14 00:00:00-04:00,685.0,685.5,676.5,680.75,54328,0.0,0.0,-0.006929248723559489,-0.006953367448500146,0.1848763907474421,0.15830637084377389
2013-06-17 00:00:00-04:00,679.5,689.25,674.5,680.5,52922,0.0,0.0,-0.00036724201248627963,-0.000367309462348268,0.18082777790671953,0.15667046114972136
2013-06-18 00:00:00-04:00,681.0,689.75,680.5,687.5,55087,0.0,0.0,0.010286554004408588,0.01023400744920566,0.1814442277846271,0.16071662506087858
2013-06-19 00:00:00-04:00,684.5,710.75,682.5,707.0,75512,0.0,0.0,0.02836363636363637,0.0279688363558464,0.21396163647252997,0.18664827456614766
2013-06-20 00:00:00-04:00,705.25,707.75,695.0,700.5,58308,0.0,0.0,-0.009193776520509234,-0.009236300119511104,0.24396845030422104,0.18690476607396048
2013-06-21 00:00:00-04:00,700.0,704.5,696.0,698.0,47533,0.0,0.0,-0.0035688793718772205,-0.0035752630146892108,0.23511551459607538,0.17093053470866068
2013-06-24 00:00:00-04:00,694.0,695.0,676.75,679.0,62320,0.0,0.0,-0.027220630372492782,-0.027597975203676288,0.33186633292727363,0.19430904707673669
2013-06-25 00:00:00-04:00,679.0,685.25,675.25,675.75,24885,0.0,0.0,-0.0047864506627393055,-0.004797942402139124,0.3186586621968432,0.19415500771054744
2013-06-26 00:00:00-04:00,675.75,681.5,666.0,667.0,22128,0.0,0.0,-0.01294857565667773,-0.013033139240933233,0.15112501151364294,0.19075592121711404
2013-06-27 00:00:00-04:00,667.0,673.0,662.5,663.5,26719,0.0,0.0,-0.005247376311844132,-0.005261192143361572,0.15745531073630792,0.190664959652719
2013-06-28 00:00:00-04:00,664.0,668.75,646.75,648.5,7568,0.0,0.0,-0.022607385079125852,-0.02286685001576363,0.16069673072348797,0.19761028305834777
2013-07-01 00:00:00-04:00,646.0,653.5,643.75,645.75,2575,0.0,0.0,-0.004240555127216661,-0.004249571780548707,0.12564305292039643,0.1948993848986388
2013-07-02 00:00:00-04:00,647.25,658.0,644.75,649.5,1234,0.0,0.0,0.005807200929152101,0.005790404134704308,0.16839267837871197,0.19766941106278987
2013-07-03 00:00:00-04:00,653.0,662.25,653.0,657.75,954,0.0,0.0,0.012702078521940052,0.012622083809747981,0.21220266230760756,0.20499902804250075
2013-07-05 00:00:00-04:00,662.75,665.0,656.0,656.0,891,0.0,0.0,-0.0026605853287723358,-0.002664130976313077,0.21105105682126696,0.2048365514203647
2013-07-08 00:00:00-04:00,656.75,666.5,656.75,660.0,474,0.0,0.0,0.0060975609756097615,0.0060790460763821925,0.11072662433240603,0.20736753639517377
2013-07-09 00:00:00-04:00,660.0,679.0,660.0,675.5,562,0.0,0.0,0.023484848484848442,0.023213322379782277,0.1543314109946027,0.22516640706933674
2013-07-10 00:00:00-04:00,676.5,676.5,666.25,672.0,585,0.0,0.0,-0.005181347150259086,-0.005194816877104023,0.18559063319523758,0.22169509714700833
2013-07-11 00:00:00-04:00,682.75,688.0,678.5,679.25,147,0.0,0.0,0.010788690476190466,0.010730907783307568,0.18228226828392324,0.21516798936750206
2013-07-12 00:00:00-04:00,685.75,685.75,675.5,675.5,39433,0.0,0.0,-0.005520794994479217,-0.005536090906203586,0.19220455369340425,0.21545791972120176
2013-07-15 00:00:00-04:00,678.75,678.75,667.25,669.5,36008,0.0,0.0,-0.0088823094004441,-0.008921992269026334,0.21895905111777686,0.21632299673898703
2013-07-16 00:00:00-04:00,671.25,681.5,665.5,669.5,41094,0.0,0.0,0.0,0.0,0.12222951395502817,0.21633542457628416
2013-07-17 00:00:00-04:00,669.5,674.0,664.0,665.0,29699,0.0,0.0,-0.006721433905899965,-0.0067441244753730974,0.1253940840052605,0.213253934127845
2013-07-18 00:00:00-04:00,665.0,667.25,656.5,660.5,43778,0.0,0.0,-0.006766917293233088,-0.006789916693474136,0.053100633403893725,0.18200709103879084
2013-07-19 00:00:00-04:00,661.0,670.0,658.0,664.5,41246,0.0,0.0,0.006056018168054456,0.006037754190919962,0.09827657308389735,0.1835377825656893
2013-07-22 00:00:00-04:00,667.25,667.75,655.0,659.75,43473,0.0,0.0,-0.007148231753197898,-0.007173902769866575,0.09263929562775855,0.18423437931072767
2013-07-23 00:00:00-04:00,659.5,659.5,650.5,653.75,36821,0.0,0.0,-0.009094353921940135,-0.0091359600043008,0.09699971695850455,0.16222220842929422
2013-07-24 00:00:00-04:00,653.75,661.75,652.75,653.25,36863,0.0,0.0,-0.000764818355640573,-0.0007651109784108259,0.09852057412397813,0.16188230173245607
2013-07-25 00:00:00-04:00,652.5,656.5,648.0,649.25,36895,0.0,0.0,-0.006123230003826974,-0.0061420538578639975,0.09729216303511276,0.157308168976053
2013-07-26 00:00:00-04:00,649.0,657.5,648.0,650.25,31586,0.0,0.0,0.0015402387370042625,0.0015390537859031256,0.07144705131941782,0.1568943703187136
2013-07-29 00:00:00-04:00,650.25,656.0,648.5,651.5,28159,0.0,0.0,0.0019223375624759509,0.001920492236138864,0.07756799920019156,0.13458423201111583
2013-07-30 00:00:00-04:00,650.5,662.5,650.0,655.25,52108,0.0,0.0,0.005755947812739803,0.005739445638615887,0.06928241669845937,0.13482347297944375
2013-07-31 00:00:00-04:00,653.75,665.75,653.5,664.25,70063,0.0,0.0,0.013735215566577752,0.013641742436407272,0.1146639376934624,0.14152666744573195
2013-08-01 00:00:00-04:00,663.5,667.5,648.25,658.0,70563,0.0,0.0,-0.00940910801656003,-0.009453653314605685,0.13274323449675213,0.1393585088257995
2013-08-02 00:00:00-04:00,657.5,667.5,656.25,660.5,52251,0.0,0.0,0.0037993920972645423,0.003792192637062912,0.13245876981698754,0.13957507363819777
2013-08-05 00:00:00-04:00,659.75,665.5,641.5,645.25,69836,0.0,0.0,-0.023088569265707792,-0.023359285363656758,0.2301641589324741,0.16058167061050366
2013-08-06 00:00:00-04:00,646.25,651.25,642.25,650.5,42089,0.0,0.0,0.008136381247578539,0.008103459353836799,0.23566893026129695,0.13694180554457824
2013-08-07 00:00:00-04:00,650.0,652.75,639.0,643.5,60887,0.0,0.0,-0.010760953112989968,-0.010819270916378573,0.19792641431736688,0.14013788571045202
2013-08-08 00:00:00-04:00,643.0,648.0,639.75,641.25,59759,0.0,0.0,-0.0034965034965035446,-0.003502630551202112,0.19645394137424027,0.13158858801655945
2013-08-09 00:00:00-04:00,641.75,645.0,630.5,633.5,79291,0.0,0.0,-0.01208576998050681,-0.012159396723785536,0.1831270804195294,0.13537050126059677
2013-08-12 00:00:00-04:00,633.5,645.25,630.0,635.0,65111,0.0,0.0,0.0023677979479084232,0.0023649991314978833,0.13649343839867925,0.13496351791110636
2013-08-13 00:00:00-04:00,636.5,643.5,626.25,628.25,63179,0.0,0.0,-0.010629921259842523,-0.010686822468990092,0.0982377888096023,0.13749071181037673
2013-08-14 00:00:00-04:00,627.0,631.75,623.0,630.5,52626,0.0,0.0,0.0035813768404298063,0.0035749789812727305,0.11436294774344197,0.13878778023725902
2013-08-15 00:00:00-04:00,631.25,641.25,629.0,637.5,40529,0.0,0.0,0.011102299762093537,0.011041121627606924,0.15761759191658864,0.14601859088371563
2013-08-16 00:00:00-04:00,637.5,641.25,626.75,631.0,39731,0.0,0.0,-0.010196078431372602,-0.010248414491368107,0.1497176545886974,0.14592039734182818
2013-08-19 00:00:00-04:00,637.0,642.5,635.25,641.5,34103,0.0,0.0,0.016640253565768592,0.016503321514477934,0.19569786752367832,0.15974008817751248
2013-08-20 00:00:00-04:00,641.0,644.0,634.0,634.25,20845,0.0,0.0,-0.01130163678877627,-0.011365985576299828,0.19848872134241782,0.16134288097905713
2013-08-21 00:00:00-04:00,634.75,646.75,634.25,638.75,38812,0.0,0.0,0.007094994087504913,0.007069943038522921,0.20183030980950342,0.1641817171306742
2013-08-22 00:00:00-04:00,640.0,640.5,629.75,630.5,28846,0.0,0.0,-0.012915851272015666,-0.012999986112939952,0.21044022429076875,0.16866346310136857
2013-08-23 00:00:00-04:00,629.25,638.0,628.5,634.5,26832,0.0,0.0,0.006344171292624878,0.006324131749468081,0.203162577243606,0.17062867993888575
2013-08-26 00:00:00-04:00,640.0,665.0,640.0,654.75,27413,0.0,0.0,0.03191489361702127,0.031416196233378914,0.28775618069067704,0.20714469962510612
2013-08-27 00:00:00-04:00,654.25,657.75,648.5,650.75,26380,0.0,0.0,-0.006109201985490698,-0.006127939513146574,0.27203438529504625,0.20730373265993032
2013-08-28 00:00:00-04:00,652.25,656.25,645.5,646.5,14129,0.0,0.0,-0.006530925854782987,-0.0065523456627626315,0.2832309636471337,0.20155437883119795
2013-08-29 00:00:00-04:00,646.25,650.5,640.0,641.25,19262,0.0,0.0,-0.008120649651972123,-0.008153801726932844,0.2684025839861512,0.2009157799542083
2013-08-30 00:00:00-04:00,641.25,647.75,639.25,643.25,3847,0.0,0.0,0.003118908382066188,0.003114054676874172,0.2672232430854455,0.20070503933365513
2013-09-03 00:00:00-04:00,652.25,654.0,635.0,636.5,929,0.0,0.0,-0.010493587252234704,-0.010549033164392298,0.08227317832808745,0.1870400415809413
2013-09-04 00:00:00-04:00,634.75,635.0,627.5,634.25,1289,0.0,0.0,-0.0035349567949725103,-0.0035412195180699593,0.08334559684443119,0.18436465215405506
2013-09-05 00:00:00-04:00,633.5,633.5,625.0,627.25,549,0.0,0.0,-0.011036657469452149,-0.011098013232859628,0.09367554746078237,0.18455677135524076
2013-09-06 00:00:00-04:00,630.75,635.75,629.0,635.0,311,0.0,0.0,0.012355520127540931,0.012279813646160055,0.15642814937421262,0.19044101106721179
2013-09-09 00:00:00-04:00,631.0,635.0,627.75,628.75,316,0.0,0.0,-0.009842519685039353,-0.009891277478742667,0.15719627069316155,0.18877795073280917
2013-09-10 00:00:00-04:00,629.25,634.75,629.0,633.75,126,0.0,0.0,0.007952286282306265,0.007920833491444058,0.1671926106926657,0.19085775270718192
2013-09-11 00:00:00-04:00,634.25,638.0,630.0,635.0,84,0.0,0.0,0.0019723865877712132,0.0019704439872987385,0.16612929907345067,0.1867737535489309
2013-09-12 00:00:00-04:00,635.5,641.75,625.0,641.75,99,0.0,0.0,0.010629921259842412,0.010573820858558037,0.1427019544571883,0.18991552908195494
2013-09-13 00:00:00-04:00,645.0,645.0,627.75,627.75,42227,0.0,0.0,-0.02181534865601875,-0.02205682171355545,0.21419595335152872,0.20213358752878396
2013-09-16 00:00:00-04:00,640.0,648.75,638.5,641.25,39528,0.0,0.0,0.021505376344086002,0.02127739844728488,0.2555433508864788,0.2133775995568874
2013-09-17 00:00:00-04:00,641.25,652.0,641.25,643.0,39854,0.0,0.0,0.0027290448343080254,0.0027253277526401304,0.2531965959924845,0.2053212817378179
2013-09-18 00:00:00-04:00,642.25,648.0,642.0,646.5,25726,0.0,0.0,0.005443234836703059,0.0054284739742928865,0.25350424317297426,0.20145177967146563
2013-09-19 00:00:00-04:00,647.5,662.5,646.75,657.0,77256,0.0,0.0,0.016241299303944245,0.01611082027269827,0.2659927834434328,0.20762371301959331
2013-09-20 00:00:00-04:00,657.0,659.25,643.75,646.25,47364,0.0,0.0,-0.016362252663622567,-0.016497592661971667,0.23227029143098313,0.21112623304524042
2013-09-23 00:00:00-04:00,645.5,656.75,645.5,653.5,41600,0.0,0.0,0.011218568665377182,0.011156107241637757,0.19766314146043712,0.21336245216559857
2013-09-24 00:00:00-04:00,653.75,660.0,649.5,658.25,51099,0.0,0.0,0.007268553940321443,0.00724226531214224,0.19866021176377904,0.1825736628210648
2013-09-25 00:00:00-04:00,657.5,675.0,657.5,670.5,72733,0.0,0.0,0.01860995062666171,0.018438904345314536,0.22211194355840344,0.19186017404617117
2013-09-26 00:00:00-04:00,671.0,679.0,668.5,678.25,59338,0.0,0.0,0.011558538404176089,0.011492248817308011,0.21264869677258957,0.19247963050251546
2013-09-27 00:00:00-04:00,678.0,685.5,675.5,683.0,58687,0.0,0.0,0.0070033173608552435,0.006978908031749039,0.07449247510759759,0.1888960539381843
2013-09-30 00:00:00-04:00,681.25,694.75,676.75,678.5,83642,0.0,0.0,-0.0065885797950219205,-0.00661038029586619,0.14606840417838576,0.1920850884863025
2013-10-01 00:00:00-04:00,678.25,683.75,672.5,681.25,69331,0.0,0.0,0.00405305821665447,0.004044866702530084,0.14825437933682506,0.18562381586445373
2013-10-02 00:00:00-04:00,681.25,689.75,678.0,686.0,47061,0.0,0.0,0.006972477064220106,0.0069482817484313175,0.10804853531852864,0.18410708754859798
2013-10-03 00:00:00-04:00,686.0,698.0,685.0,689.25,65937,0.0,0.0,0.004737609329446002,0.004726422178020835,0.08965890665861866,0.1753327340943503
2013-10-04 00:00:00-04:00,688.0,692.75,684.25,687.0,53311,0.0,0.0,-0.0032644178454842576,-0.0032697576815568182,0.09207471138239132,0.17515076199619578
2013-10-07 00:00:00-04:00,687.25,696.5,686.25,694.75,42046,0.0,0.0,0.011280931586608478,0.011217776400263795,0.08411582160585677,0.1689465570989045
2013-10-08 00:00:00-04:00,694.25,699.75,688.0,693.5,41468,0.0,0.0,-0.0017992083483266974,-0.0018008288677267808,0.09653968616954414,0.17027108882725686
2013-10-09 00:00:00-04:00,692.5,694.75,687.0,690.5,38560,0.0,0.0,-0.004325883201153569,-0.004335266905539471,0.10455577667032827,0.1729913285861516
2013-10-10 00:00:00-04:00,691.0,695.75,684.0,685.5,42908,0.0,0.0,-0.007241129616220143,-0.0072674738469777405,0.11408027667752053,0.1758635159524848
2013-10-11 00:00:00-04:00,685.0,695.5,682.25,692.25,50645,0.0,0.0,0.009846827133479286,0.009798663048702222,0.1343614405513696,0.14971320318871706
2013-10-14 00:00:00-04:00,691.25,696.5,686.25,692.5,32946,0.0,0.0,0.0003611412062116681,0.0003610760104223745,0.10333069751158475,0.13696173626564498
2013-10-15 00:00:00-04:00,691.75,693.5,685.25,685.75,34749,0.0,0.0,-0.00974729241877259,-0.00979510824378098,0.12259838766688819,0.1452690545080007
2013-10-16 00:00:00-04:00,686.0,688.0,678.25,681.5,43387,0.0,0.0,-0.006197593875319041,-0.006216878681125355,0.12531270582226475,0.1487863682108357
2013-10-17 00:00:00-04:00,681.25,693.25,680.5,686.0,55407,0.0,0.0,0.006603081438004477,0.006581376589297994,0.13137556638725173,0.1408581768927392
2013-10-18 00:00:00-04:00,685.75,706.5,685.75,705.75,71336,0.0,0.0,0.028790087463556935,0.028383439407713564,0.2417330356418638,0.1526346307066518
2013-10-21 00:00:00-04:00,706.5,711.25,694.0,699.75,63582,0.0,0.0,-0.008501594048884176,-0.00853793873803582,0.25771040065535106,0.15703592433551022
2013-10-22 00:00:00-04:00,699.75,704.5,696.0,700.75,32966,0.0,0.0,0.0014290818149338413,0.0014280616493346984,0.23643338019207502,0.15653016815213705
2013-10-23 00:00:00-04:00,701.25,710.5,699.5,701.75,40363,0.0,0.0,0.0014270424545130833,0.0014260251970942734,0.22051293196319002,0.145562585909044
2013-10-24 00:00:00-04:00,701.75,708.0,696.0,696.5,41986,0.0,0.0,-0.007481296758104716,-0.007509422022131459,0.23971648018315575,0.14522434601555173
2013-10-25 00:00:00-04:00,697.0,702.0,690.25,690.75,41734,0.0,0.0,-0.008255563531945453,-0.008289829416334486,0.08288224407896966,0.147454409899735
2013-10-28 00:00:00-04:00,690.0,691.25,680.75,681.0,44543,0.0,0.0,-0.014115092290988063,-0.014215657654013558,0.10698633278464359,0.15457284167518218
2013-10-29 00:00:00-04:00,680.5,684.75,676.25,681.25,53625,0.0,0.0,0.00036710719530108626,0.0003670398279415227,0.10290401551050747,0.15391561319504093
2013-10-30 00:00:00-04:00,684.75,688.5,674.0,675.0,43792,0.0,0.0,-0.00917431192660545,-0.009216655104923952,0.0827748044800214,0.1549439853657325
2013-10-31 00:00:00-04:00,675.0,677.0,667.0,667.5,77503,0.0,0.0,-0.011111111111111072,-0.011173300598125189,0.08602983428306242,0.15767060603126945
2013-11-01 00:00:00-04:00,667.5,672.25,664.5,667.75,65415,0.0,0.0,0.0003745318352059712,0.0003744617156656336,0.10665249770202623,0.1576765881489813
2013-11-04 00:00:00-05:00,665.75,671.5,662.0,662.75,41081,0.0,0.0,-0.007487832272557116,-0.0075160068209353505,0.08615698393858608,0.151658316576301
2013-11-05 00:00:00-05:00,662.5,665.25,655.0,656.0,54784,0.0,0.0,-0.010184835910976964,-0.010237056225045853,0.07320316818804103,0.15418238219885733
2013-11-06 00:00:00-05:00,657.25,660.5,652.25,653.25,57175,0.0,0.0,-0.004192073170731669,-0.004200884543367135,0.07462700318794331,0.15416475729083173
2013-11-07 00:00:00-05:00,653.5,657.5,652.25,653.0,66635,0.0,0.0,-0.00038270187523914423,-0.00038277512429076244,0.07186344142003913,0.1534201877281554
2013-11-08 00:00:00-05:00,653.0,658.5,644.0,649.75,87243,0.0,0.0,-0.004977029096477792,-0.004989455754831418,0.0583563042618285,0.14662218323058815
2013-11-11 00:00:00-05:00,651.0,659.5,645.75,646.25,103818,0.0,0.0,-0.0053866871873797795,-0.005401247698960772,0.0555617548717131,0.14622976284167435
2013-11-12 00:00:00-05:00,647.25,652.0,644.5,645.25,71324,0.0,0.0,-0.001547388781431347,-0.0015485872239156522,0.035090131145686126,0.1444020327842486
2013-11-13 00:00:00-05:00,646.25,649.0,643.25,645.5,59340,0.0,0.0,0.00038744672607515795,0.0003873716879739369,0.042094335933099504,0.14435999678094733
2013-11-14 00:00:00-05:00,645.5,653.0,644.25,644.75,71720,0.0,0.0,-0.0011618900077459138,-0.0011625655252430118,0.04007889278492254,0.14031854047702574
2013-11-15 00:00:00-05:00,645.5,648.5,642.75,644.5,54064,0.0,0.0,-0.0003877471888328321,-0.0003878223822120318,0.03545328522423404,0.07593103799812076
2013-11-18 00:00:00-05:00,646.75,650.5,642.0,642.25,42077,0.0,0.0,-0.003491078355314148,-0.0034971863892490707,0.02319914235044547,0.0745144299172709
2013-11-19 00:00:00-05:00,643.0,651.5,642.5,650.25,70840,0.0,0.0,0.01245620864149477,0.012379268338767992,0.09939585737116031,0.09354598722781766
2013-11-20 00:00:00-05:00,650.25,654.75,646.25,647.25,49437,0.0,0.0,-0.0046136101499423265,-0.004624285697113903,0.10899222167968975,0.09157774222569065
2013-11-21 00:00:00-05:00,647.75,653.5,647.5,648.75,45910,0.0,0.0,0.002317497103128563,0.002314815848451318,0.10832546846149174,0.0932531655923753
2013-11-22 00:00:00-05:00,649.25,653.75,648.5,649.5,50399,0.0,0.0,0.0011560693641619046,0.0011554016305558895,0.10739989000652674,0.09290887343105579
2013-11-25 00:00:00-05:00,650.25,655.0,650.25,652.5,29790,0.0,0.0,0.004618937644341736,0.004608303086194181,0.09840239414052,0.08694425349580888
2013-11-26 00:00:00-05:00,652.75,653.5,646.0,646.5,32508,0.0,0.0,-0.00919540229885063,-0.009237940984936362,0.08957042575582108,0.089890668259555
2013-11-27 00:00:00-05:00,647.0,656.5,646.75,651.25,25526,0.0,0.0,0.007347254447022333,0.00732039485566441,0.10001602898882578,0.09294110781697311
2013-11-29 00:00:00-05:00,655.0,657.0,650.75,655.0,6790,0.0,0.0,0.0057581573896352545,0.005741642567675183,0.10518137937280947,0.08969435907752019
2013-12-02 00:00:00-05:00,655.0,661.25,647.25,649.75,2767,0.0,0.0,-0.008015267175572549,-0.00804756211365231,0.1272983772082081,0.0929609539120596
2013-12-03 00:00:00-05:00,652.5,655.5,649.0,653.75,1377,0.0,0.0,0.006156213928433907,0.00613734185753291,0.13114403114726436,0.09362470765294159
2013-12-04 00:00:00-05:00,654.5,658.0,646.75,647.25,1280,0.0,0.0,-0.009942638623327005,-0.009992396747485683,0.13465244913499028,0.0933015327943217
2013-12-05 00:00:00-05:00,646.0,646.75,637.0,638.0,808,0.0,0.0,-0.014291232135959842,-0.014394335286857149,0.14969557523726865,0.10458443490342792
2013-12-06 00:00:00-05:00,638.5,639.75,637.25,637.25,115,0.0,0.0,-0.0011755485893416573,-0.0011762400885650217,0.12746815934365405,0.1045441640776847
2013-12-09 00:00:00-05:00,639.75,640.25,638.75,639.0,80,0.0,0.0,0.002746174970576609,0.0027424111213098933,0.13642413182950502,0.10443719135696242
2013-12-10 00:00:00-05:00,639.0,639.0,626.5,629.5,251,0.0,0.0,-0.014866979655712043,-0.014978600893132939,0.1258354703521802,0.11484635422592687
2013-12-11 00:00:00-05:00,630.25,633.0,624.25,630.25,162,0.0,0.0,0.0011914217633042234,0.0011907125836273628,0.13661713118993915,0.11517507914909195
2013-12-12 00:00:00-05:00,626.75,626.75,622.5,622.5,16,0.0,0.0,-0.01229670765569224,-0.012372937729166582,0.12884072278730768,0.12155282122041537
2013-12-13 00:00:00-05:00,622.5,624.25,618.25,618.25,41506,0.0,0.0,-0.006827309236947743,-0.006850721937337045,0.12478611505547978,0.1228248406066056
2013-12-16 00:00:00-05:00,628.75,628.75,621.0,621.75,43255,0.0,0.0,0.005661140315406321,0.005645176281988394,0.13862211756844145,0.1257637961482089
2013-12-17 00:00:00-05:00,622.5,626.75,618.75,619.75,44678,0.0,0.0,-0.003216726980297513,-0.0032219117682141273,0.11045616252350215,0.12571762666862762
2013-12-18 00:00:00-05:00,619.0,619.25,612.25,612.75,46711,0.0,0.0,-0.011294876966518763,-0.011359148507077935,0.11537091321689813,0.11815845034755099
2013-12-19 00:00:00-05:00,615.0,621.25,610.0,610.75,61883,0.0,0.0,-0.003263973888208871,-0.003269312270372083,0.0989702080278147,0.11800179721973629
2013-12-20 00:00:00-05:00,610.0,616.0,607.25,613.5,44551,0.0,0.0,0.004502660663119107,0.0044925540131162695,0.10920857765333337,0.11952144651114917
2013-12-23 00:00:00-05:00,614.25,615.25,608.25,609.5,19535,0.0,0.0,-0.006519967400163029,-0.006541315229639942,0.09153941593409078,0.11928920430695733
2013-12-24 00:00:00-05:00,610.25,611.75,605.75,606.25,10792,0.0,0.0,-0.00533223954060702,-0.005346506669633228,0.09169122639060681,0.11587874579652267
2013-12-26 00:00:00-05:00,606.0,607.0,600.75,606.0,18711,0.0,0.0,-0.0004123711340205949,-0.00041245618237847713,0.06997679793057843,0.11448338814469193
2013-12-27 00:00:00-05:00,608.0,610.0,603.5,609.0,22410,0.0,0.0,0.004950495049504955,0.004938281640582577,0.08486306809374745,0.11183901995365254
2013-12-30 00:00:00-05:00,607.5,609.25,600.0,600.5,20582,0.0,0.0,-0.013957307060755375,-0.014055626189858832,0.11223069864588288,0.11249691512511295
2013-12-31 00:00:00-05:00,601.75,607.25,599.0,605.25,30323,0.0,0.0,0.007910074937552025,0.007878954298129624,0.13773482875425458,0.11952395172195539
2014-01-02 00:00:00-05:00,605.0,605.25,595.5,597.0,39720,0.0,0.0,-0.013630731102850069,-0.01372448242556579,0.16305349907055966,0.11892654909490909
2014-01-03 00:00:00-05:00,596.75,609.0,596.0,605.75,49188,0.0,0.0,0.014656616415410495,0.014550246304033135,0.20735767724509382,0.13497696324853606
2014-01-06 00:00:00-05:00,608.0,612.75,605.0,605.75,39432,0.0,0.0,0.0,0.0,0.20281915059117034,0.1289007107032996
2014-01-07 00:00:00-05:00,606.5,610.0,601.75,602.5,45799,0.0,0.0,-0.005365249690466367,-0.005379694331825055,0.1755943082730519,0.12916205628694796
2014-01-08 00:00:00-05:00,603.0,607.25,586.75,588.75,55310,0.0,0.0,-0.022821576763485507,-0.023086020034182586,0.2248751878691743,0.14553202109025604
2014-01-09 00:00:00-05:00,588.0,591.0,578.5,584.25,67643,0.0,0.0,-0.007643312101910826,-0.0076726719116601665,0.2149198619801424,0.1405834203463974
2014-01-10 00:00:00-05:00,584.5,593.25,560.5,569.0,110226,0.0,0.0,-0.026101839965768092,-0.02644853929263643,0.18138362787086942,0.16005898325683576
2014-01-13 00:00:00-05:00,571.5,576.0,570.0,573.5,58021,0.0,0.0,0.00790861159929701,0.007877502443094458,0.21998909989207754,0.16394797554674412
2014-01-14 00:00:00-05:00,571.25,580.0,570.75,579.25,37720,0.0,0.0,0.010026155187445429,0.009976226743060127,0.26623954690137275,0.17091427886052699
2014-01-15 00:00:00-05:00,579.0,579.75,566.5,567.75,38950,0.0,0.0,-0.019853258523953365,-0.020052982326817716,0.25628469553587657,0.1772532949136896
2014-01-16 00:00:00-05:00,568.25,573.75,564.0,572.75,48891,0.0,0.0,0.008806693086745865,0.008768140347936992,0.27975334376015104,0.18341448370162816
2014-01-17 00:00:00-05:00,572.75,574.25,562.75,563.5,32126,0.0,0.0,-0.016150152771715387,-0.01628198785377389,0.23524959228973585,0.18679920396372887
2014-01-21 00:00:00-05:00,566.0,567.75,560.75,562.25,39481,0.0,0.0,-0.002218278615794156,-0.0022207426404059396,0.21921716311316752,0.18689920715553604
2014-01-22 00:00:00-05:00,562.5,566.75,560.75,561.25,29010,0.0,0.0,-0.0017785682525567337,-0.001780151782961057,0.1854692738069134,0.18439459065358538
2014-01-23 00:00:00-05:00,561.75,578.0,561.5,570.0,47326,0.0,0.0,0.015590200445434244,0.015469921772131733,0.19212604326560984,0.19724030368175213
2014-01-24 00:00:00-05:00,571.0,573.5,562.5,565.25,39689,0.0,0.0,-0.008333333333333304,-0.00836824967051658,0.18583672675510185,0.19794273653695243
2014-01-27 00:00:00-05:00,567.0,572.25,562.75,563.5,44294,0.0,0.0,-0.003095975232198178,-0.003100777678248271,0.14422288311499154,0.19763073222273012
2014-01-28 00:00:00-05:00,564.0,569.0,564.0,566.0,44179,0.0,0.0,0.004436557231588312,0.004426744723351967,0.14541230627837656,0.19734558397479426
2014-01-29 00:00:00-05:00,567.0,567.0,550.5,551.5,84576,0.0,0.0,-0.025618374558303847,-0.025952239509625732,0.2433678589770247,0.2094477714114246
2014-01-30 00:00:00-05:00,551.75,556.75,550.25,553.5,62117,0.0,0.0,0.0036264732547597323,0.0036199134551343935,0.1944453805615583,0.20670664855304277
2014-01-31 00:00:00-05:00,554.0,557.5,551.25,555.75,45491,0.0,0.0,0.004065040650406582,0.004056800695614469,0.20394636960279336,0.20574237737142612
2014-02-03 00:00:00-05:00,555.0,564.25,554.0,563.75,45262,0.0,0.0,0.01439496176338273,0.014292337972582059,0.239793264051962,0.2054381064559466
2014-02-04 00:00:00-05:00,563.75,585.75,562.0,584.5,84912,0.0,0.0,0.03680709534368076,0.03614589009523505,0.3573092570004302,0.25039604962419254
2014-02-05 00:00:00-05:00,585.0,588.75,579.0,587.5,76582,0.0,0.0,0.0051325919589393365,0.005119465106190995,0.22423643492895756,0.25111074850160187
2014-02-06 00:00:00-05:00,587.0,592.75,579.5,580.75,68517,0.0,0.0,-0.011489361702127665,-0.01155587436779551,0.28156636603164015,0.24115859947931065
2014-02-07 00:00:00-05:00,582.0,586.0,566.25,577.5,101476,0.0,0.0,-0.005596211795092509,-0.005611929254569874,0.3015682022772463,0.24047123703611584
2014-02-10 00:00:00-05:00,574.5,590.5,570.5,584.75,90528,0.0,0.0,0.01255411255411265,0.012475963068339896,0.29932598496166096,0.22444061436562876
2014-02-11 00:00:00-05:00,585.75,591.25,582.5,590.25,94447,0.0,0.0,0.009405728943993052,0.009361770501333787,0.16183290941638775,0.22507308709850038
2014-02-12 00:00:00-05:00,589.75,598.25,585.5,587.0,91588,0.0,0.0,-0.005506141465480674,-0.005521356137525796,0.16642402784382485,0.22405231971954245
2014-02-13 00:00:00-05:00,586.25,596.75,585.25,595.5,65904,0.0,0.0,0.014480408858603022,0.014376568967258304,0.1565449230447124,0.21512743726067682
2014-02-14 00:00:00-05:00,595.25,603.0,594.5,598.5,56021,0.0,0.0,0.005037783375314797,0.0050251362026729795,0.126164185086007,0.2140697262653986
2014-02-18 00:00:00-05:00,599.5,613.25,598.75,612.0,67231,0.0,0.0,0.022556390977443552,0.022305757514298186,0.16647673157961163,0.21394553251747475
2014-02-19 00:00:00-05:00,612.0,620.5,609.75,620.25,59705,0.0,0.0,0.013480392156862697,0.013390340059584258,0.16929135333281617,0.21493207344658427
2014-02-20 00:00:00-05:00,619.75,620.75,611.5,616.25,71755,0.0,0.0,-0.006449012494961659,-0.0064698972150104735,0.1747789611266727,0.21751175374627202
2014-02-21 00:00:00-05:00,616.25,617.5,609.25,609.75,33245,0.0,0.0,-0.010547667342799216,-0.010603688260870226,0.21777388104323175,0.22004588452773607
2014-02-24 00:00:00-05:00,604.0,618.5,603.75,617.75,29824,0.0,0.0,0.013120131201312057,0.013034807772689833,0.22570799627551522,0.21795404155625211
2014-02-25 00:00:00-05:00,618.25,620.5,602.25,615.0,27528,0.0,0.0,-0.004451639012545527,-0.004461577062201583,0.18120768314797975,0.21863601534122773
2014-02-26 00:00:00-05:00,615.25,615.5,599.25,600.0,17862,0.0,0.0,-0.024390243902439046,-0.02469261259037152,0.2138029888654394,0.24145224192283335
2014-02-27 00:00:00-05:00,600.0,601.5,581.5,582.25,16426,0.0,0.0,-0.029583333333333295,-0.03002974645169595,0.26909044907601837,0.24801300006778526
2014-02-28 00:00:00-05:00,583.0,602.0,583.0,599.0,2846,0.0,0.0,0.028767711464147805,0.028361689350999073,0.3916612051413095,0.2645831953504317
2014-03-03 00:00:00-05:00,610.0,640.0,608.25,626.75,1232,0.0,0.0,0.046327212020033315,0.04528613892295335,0.5269816999037339,0.3041079838185112
2014-03-04 00:00:00-05:00,620.0,640.0,619.0,639.75,439,0.0,0.0,0.020741922616673403,0.020529738001495504,0.5338397854114962,0.30719461341223325
2014-03-05 00:00:00-05:00,637.0,638.5,631.0,637.25,348,0.0,0.0,-0.003907776475185587,-0.003915431783673335,0.47071765914444547,0.2873063027139162
2014-03-06 00:00:00-05:00,632.5,643.5,631.0,641.5,128,0.0,0.0,0.006669282071400495,0.006647140799466242,0.30939434148780176,0.28740406693813825
2014-03-07 00:00:00-05:00,642.0,655.0,642.0,646.25,139,0.0,0.0,0.0074045206547155296,0.007377241766947787,0.30719950412947583,0.28116691889554063
2014-03-10 00:00:00-04:00,646.75,657.75,643.25,645.0,95,0.0,0.0,-0.0019342359767892114,-0.0019361090268664404,0.15485791560715123,0.2795449509982976
2014-03-11 00:00:00-04:00,643.0,671.75,643.0,663.25,115,0.0,0.0,0.028294573643410814,0.027901676222076507,0.20268241928085037,0.2900581147197129
2014-03-12 00:00:00-04:00,667.75,688.0,663.5,688.0,22,0.0,0.0,0.03731624575951753,0.036636844915494626,0.26170175880706953,0.3100294868141271
2014-03-13 00:00:00-04:00,696.25,700.75,679.0,679.0,66,0.0,0.0,-0.013081395348837233,-0.013167710374647557,0.33203753698516536,0.31548287313523343
2014-03-14 00:00:00-04:00,694.75,696.25,690.25,690.25,63971,0.0,0.0,0.016568483063328365,0.016432723251567628,0.3311150038484669,0.3161825882237904
2014-03-17 00:00:00-04:00,687.0,694.25,671.75,674.5,48518,0.0,0.0,-0.022817819630568614,-0.023082175162453217,0.4147931919541293,0.33412453210288273
2014-03-18 00:00:00-04:00,674.5,693.5,672.5,692.5,50345,0.0,0.0,0.026686434395848835,0.02633656241368305,0.4102755589959424,0.3371136120423835
2014-03-19 00:00:00-04:00,692.0,718.5,686.25,715.75,89394,0.0,0.0,0.03357400722021664,0.0330227059167309,0.39452399466686094,0.3500015702712921
2014-03-20 00:00:00-04:00,714.0,723.5,693.75,703.75,94704,0.0,0.0,-0.016765630457561964,-0.01690776452432426,0.40768355243906457,0.35726223257198925
2014-03-21 00:00:00-04:00,705.0,707.25,691.75,693.25,49016,0.0,0.0,-0.01492007104795734,-0.015032494958012687,0.42426081932667253,0.3604175095279062
2014-03-24 00:00:00-04:00,691.75,718.25,687.0,714.5,65088,0.0,0.0,0.030652722683014888,0.030192312874034778,0.4032473069428933,0.3698224363341358
2014-03-25 00:00:00-04:00,714.75,716.25,706.5,708.25,43585,0.0,0.0,-0.008747375787263811,-0.008785858659296155,0.3995354766569749,0.37198063719078894
2014-03-26 00:00:00-04:00,708.75,711.75,694.75,696.75,55708,0.0,0.0,-0.016237204376985503,-0.016370472348568317,0.3222236729614346,0.3637914814742906
2014-03-27 00:00:00-04:00,696.75,713.5,692.0,710.5,54754,0.0,0.0,0.019734481521349156,0.01954228117509777,0.3432194058586899,0.3378606229594427
2014-03-28 00:00:00-04:00,708.25,708.75,693.5,695.5,48811,0.0,0.0,-0.021111893033075257,-0.021337936173657684,0.3647021362490457,0.3477822701499769
2014-03-31 00:00:00-04:00,698.25,702.0,676.5,697.25,75550,0.0,0.0,0.0025161754133715686,0.002513015144100628,0.2593833046103642,0.3166583998727013
2014-04-01 00:00:00-04:00,695.5,698.0,683.5,685.25,67749,0.0,0.0,-0.017210469702402253,-0.01736029132470312,0.27410164628864797,0.3211055253563039
2014-04-02 00:00:00-04:00,687.0,688.0,665.0,669.25,66959,0.0,0.0,-0.023349142648668386,-0.0236260527824333,0.2940080354306899,0.3343061036344573
2014-04-03 00:00:00-04:00,669.25,677.5,666.5,676.0,44384,0.0,0.0,0.010085917071348538,0.010035393642502215,0.23990869148081978,0.33506839747272044
2014-04-04 00:00:00-04:00,673.5,676.25,658.75,669.75,51599,0.0,0.0,-0.009245562130177465,-0.00928856761824592,0.218542186712784,0.33726065573640995
2014-04-07 00:00:00-04:00,670.25,679.5,665.5,676.25,63690,0.0,0.0,0.009705113848450964,0.009658321735973207,0.24368899376271558,0.33798951056062027
2014-04-08 00:00:00-04:00,676.25,685.25,668.25,681.0,68552,0.0,0.0,0.007024029574861368,0.006999475988821089,0.2340122653245838,0.32469991298803547
2014-04-09 00:00:00-04:00,681.25,688.0,663.0,669.0,96035,0.0,0.0,-0.017621145374449365,-0.017778246021283944,0.20099230274017646,0.3021444120401559
2014-04-10 00:00:00-04:00,668.5,671.0,656.25,662.25,77610,0.0,0.0,-0.010089686098654682,-0.010140931976049337,0.18774329616085314,0.30077125409628347
2014-04-11 00:00:00-04:00,662.25,666.75,656.25,660.25,51697,0.0,0.0,-0.003020007550018855,-0.0030245769749374677,0.1819941028357101,0.2934766740567326
2014-04-14 00:00:00-04:00,666.25,689.5,664.5,678.75,75164,0.0,0.0,0.028019689511548762,0.0276343200709037,0.28086517613284623,0.30115973583805156
2014-04-15 00:00:00-04:00,678.0,702.75,673.75,701.75,66093,0.0,0.0,0.03388581952117864,0.03332434399384668,0.3689249571581285,0.3104097567053559
2014-04-16 00:00:00-04:00,701.0,711.0,684.0,688.0,65066,0.0,0.0,-0.019593872461702855,-0.01978837730864818,0.3771359391051073,0.2929359602462161
2014-04-17 00:00:00-04:00,687.75,701.5,686.5,691.25,31066,0.0,0.0,0.004723837209302362,0.00471271490320093,0.35150785095637166,0.2882835050711604
2014-04-21 00:00:00-04:00,690.5,691.0,662.75,668.25,37044,0.0,0.0,-0.033273056057866235,-0.03383919781751622,0.46341612546555117,0.3070095773341664
2014-04-22 00:00:00-04:00,668.25,677.25,662.5,673.0,42401,0.0,0.0,0.007108118219229409,0.007082974625699501,0.41257558606465217,0.28471076172754833
2014-04-23 00:00:00-04:00,673.0,679.5,667.75,676.5,24894,0.0,0.0,0.005200594353640398,0.005187117966114907,0.28990886235811636,0.28517348492476324
2014-04-24 00:00:00-04:00,677.25,695.75,671.75,689.0,44894,0.0,0.0,0.018477457501847816,0.01830882340281591,0.3122276066618288,0.2890059723019957
2014-04-25 00:00:00-04:00,689.0,701.75,688.0,700.25,32095,0.0,0.0,0.01632801161103048,0.016196143126559336,0.33245373884154517,0.2860963775616522
2014-04-28 00:00:00-04:00,700.0,708.75,689.5,700.25,28027,0.0,0.0,0.0,0.0,0.12338350871986462,0.2756162997121433
2014-04-29 00:00:00-04:00,701.5,708.25,696.0,708.0,18851,0.0,0.0,0.01106747590146373,0.011006679553501823,0.12189676810670143,0.278112884696622
2014-04-30 00:00:00-04:00,706.25,716.0,702.25,713.0,9091,0.0,0.0,0.007062146892655274,0.007037326720576084,0.11771740998584242,0.27037445429351303
2014-05-01 00:00:00-04:00,713.25,715.75,695.25,698.75,2544,0.0,0.0,-0.01998597475455821,-0.020188395944987027,0.22401066763860553,0.26640621443712614
2014-05-02 00:00:00-04:00,701.75,710.5,698.0,707.75,1890,0.0,0.0,0.012880143112701248,0.012797899522700062,0.21199979129543678,0.26767193957486374
2014-05-05 00:00:00-04:00,717.0,732.0,715.5,721.25,1123,0.0,0.0,0.01907453196750275,0.018894893830300435,0.2407954296834033,0.2701496150477182
2014-05-06 00:00:00-04:00,724.25,735.0,716.75,731.75,1185,0.0,0.0,0.014558058925476569,0.014453107749685879,0.24661025214961424,0.2720872352962751
2014-05-07 00:00:00-04:00,730.75,730.75,726.25,729.75,258,0.0,0.0,-0.0027331738981892784,-0.0027369158377711015,0.25539653789407296,0.2728955239886157
2014-05-08 00:00:00-04:00,722.0,729.0,721.0,726.75,347,0.0,0.0,-0.004110996916752319,-0.004119470295238837,0.16862218975892215,0.26299319075117916
2014-05-09 00:00:00-04:00,718.5,720.75,714.0,714.0,322,0.0,0.0,-0.01754385964912286,-0.017699577099400975,0.23690276706382427,0.2696417447777736
2014-05-12 00:00:00-04:00,695.5,705.5,695.5,705.5,318,0.0,0.0,-0.011904761904761862,-0.01197619104671565,0.1930137561077451,0.2744698134364249
2014-05-13 00:00:00-04:00,705.0,705.0,695.5,700.0,313,0.0,0.0,-0.007795889440113446,-0.007826436249464074,0.09587152125802852,0.26108474629478745
2014-05-14 00:00:00-04:00,700.0,700.0,681.0,681.0,65904,0.0,0.0,-0.027142857142857135,-0.0275180288938923,0.14320443744258723,0.2508841080015398
2014-05-15 00:00:00-04:00,690.5,691.0,676.75,678.25,57240,0.0,0.0,-0.004038179148311283,-0.004046354610471216,0.14351221070354145,0.24181847929331943
2014-05-16 00:00:00-04:00,678.75,682.75,670.5,674.25,48213,0.0,0.0,-0.005897530409141205,-0.0059149895192018125,0.14754451524555245,0.2416546635917804
2014-05-19 00:00:00-04:00,671.5,678.25,662.75,674.5,72503,0.0,0.0,0.0003707823507601571,0.0003707136279712795,0.1688641074574621,0.20970491392128457
2014-05-20 00:00:00-04:00,674.0,686.0,666.0,670.5,65289,0.0,0.0,-0.005930318754633013,-0.005947972926077309,0.17014759379660835,0.20940274989631488
2014-05-21 00:00:00-04:00,668.0,675.5,663.0,664.25,66296,0.0,0.0,-0.009321401938851559,-0.009365118081810283,0.05618614226831827,0.21086393055917613
2014-05-22 00:00:00-04:00,665.5,669.75,654.0,659.25,67073,0.0,0.0,-0.007527286413248069,-0.007555759406526861,0.05799762081720647,0.19916399973067683
2014-05-23 00:00:00-04:00,660.25,663.5,651.25,652.5,58007,0.0,0.0,-0.010238907849829393,-0.010291686036547636,0.0666554099175139,0.18855220060171735
2014-05-27 00:00:00-04:00,645.0,648.5,640.25,641.0,53220,0.0,0.0,-0.017624521072796884,-0.017781682276178382,0.07154322413992828,0.1945486474336497
2014-05-28 00:00:00-04:00,637.25,641.75,633.0,638.75,44886,0.0,0.0,-0.0035101404056162577,-0.0035163154027558832,0.08181588386724044,0.18592788183102124
2014-05-29 00:00:00-04:00,638.5,645.0,629.75,632.5,49662,0.0,0.0,-0.009784735812133127,-0.009832920916238946,0.0817667351722681,0.1808991005844975
2014-05-30 00:00:00-04:00,633.0,637.0,625.5,627.25,48580,0.0,0.0,-0.008300395256916948,-0.008335035355143582,0.0806266668689732,0.1734414966202459
2014-06-02 00:00:00-04:00,624.75,626.75,616.25,620.75,62437,0.0,0.0,-0.010362694300518172,-0.010416760858255715,0.08066502650982205,0.1601994377609709
2014-06-03 00:00:00-04:00,622.0,624.0,611.0,612.5,55548,0.0,0.0,-0.01329037454691906,-0.01337948196939395,0.056958151428758305,0.13006162179420638
2014-06-04 00:00:00-04:00,612.5,619.5,610.75,614.5,46186,0.0,0.0,0.0032653061224490187,0.003259986587207501,0.10142512963260529,0.10832166826071533
2014-06-05 00:00:00-04:00,613.5,617.25,605.0,605.75,52098,0.0,0.0,-0.014239218877135862,-0.014341569309454377,0.11162547458538619,0.1076538663722249
2014-06-06 00:00:00-04:00,605.5,619.5,603.0,618.25,66067,0.0,0.0,0.020635575732562916,0.02042554670489045,0.23600649654227898,0.1505873989546455
2014-06-09 00:00:00-04:00,618.25,626.25,607.5,612.5,65835,0.0,0.0,-0.009300444803881924,-0.009343963982643536,0.23397326644483632,0.14645079688395232
2014-06-10 00:00:00-04:00,614.75,616.0,599.25,601.25,69509,0.0,0.0,-0.01836734693877551,-0.018538120998911112,0.25077931056411384,0.1507068865041395
2014-06-11 00:00:00-04:00,603.0,608.5,588.5,589.25,75741,0.0,0.0,-0.01995841995841996,-0.020160279603730444,0.2645378960788223,0.15664098103799412
2014-06-12 00:00:00-04:00,588.0,593.5,584.75,585.25,63749,0.0,0.0,-0.006788290199406077,-0.006811435445220402,0.25913656400357943,0.14037811707617787
2014-06-13 00:00:00-04:00,585.5,594.5,583.5,586.0,66219,0.0,0.0,0.00128150363092705,0.001280683205992564,0.138685489253273,0.14336163323446396
2014-06-16 00:00:00-04:00,586.0,594.75,580.25,581.0,43308,0.0,0.0,-0.008532423208191142,-0.008569032725101403,0.13925418015963212,0.1433383908620906
2014-06-17 00:00:00-04:00,581.0,584.75,576.75,581.75,54988,0.0,0.0,0.001290877796901846,0.0012900453304898374,0.13897765581214394,0.14403346641717543
2014-06-18 00:00:00-04:00,582.0,598.0,581.5,587.0,54897,0.0,0.0,0.009024495058014503,0.008984017645695229,0.11249076194552854,0.15530262535905634
2014-06-19 00:00:00-04:00,586.25,596.5,585.75,593.5,45051,0.0,0.0,0.011073253833049357,0.011012394221626233,0.12301319209108165,0.16696709460409828
2014-06-20 00:00:00-04:00,593.25,594.5,582.75,585.25,36985,0.0,0.0,-0.013900589721988155,-0.01399810767870253,0.17235638975663145,0.16947549060557596
2014-06-23 00:00:00-04:00,585.0,593.0,577.75,579.75,30687,0.0,0.0,-0.009397693293464293,-0.009442130235379074,0.1750769137079748,0.16921472394171194
2014-06-24 00:00:00-04:00,579.75,580.0,570.0,571.0,19846,0.0,0.0,-0.015092712376024164,-0.015207766479630834,0.20180971728191718,0.16710146676856308
2014-06-25 00:00:00-04:00,570.0,576.0,567.75,575.5,18551,0.0,0.0,0.007880910683012221,0.00785001850592708,0.1973969082956793,0.1738486830538032
2014-06-26 00:00:00-04:00,575.5,584.25,572.75,582.25,24910,0.0,0.0,0.011728931364031192,0.011660680602512958,0.20055718426956062,0.18277385282130923
2014-06-27 00:00:00-04:00,580.0,590.0,577.25,585.25,15852,0.0,0.0,0.005152425933877103,0.005139197606569673,0.18484020609558852,0.18486773631382278
2014-06-30 00:00:00-04:00,583.5,584.25,555.75,564.75,5942,0.0,0.0,-0.035027765912003406,-0.03565595102290749,0.31272686446180803,0.2154074431328919
2014-07-01 00:00:00-04:00,564.75,566.25,557.25,559.75,1069,0.0,0.0,-0.008853474988933185,-0.008892899869248471,0.30312054325094673,0.2136092418565571
2014-07-02 00:00:00-04:00,560.75,562.75,555.5,561.75,1272,0.0,0.0,0.003573023671281872,0.003566655586574392,0.29404785392850397,0.21375855839076902
2014-07-03 00:00:00-04:00,561.75,568.75,559.75,568.0,517,0.0,0.0,0.011125945705384943,0.011064507655712784,0.29195097044320945,0.21719357375652554
2014-07-07 00:00:00-04:00,567.25,567.25,545.0,545.0,220,0.0,0.0,-0.040492957746478875,-0.04133562405790728,0.3646504106582589,0.23607453795574118
2014-07-08 00:00:00-04:00,549.0,549.5,545.25,545.25,138,0.0,0.0,0.0004587155963302614,0.00045861041849434966,0.3195721321959406,0.23690330048815816
2014-07-09 00:00:00-04:00,545.75,545.75,537.0,539.5,219,0.0,0.0,-0.010545621274644645,-0.010601620383549075,0.3204690853476997,0.23294622197133777
2014-07-10 00:00:00-04:00,542.75,543.5,535.25,536.75,108,0.0,0.0,-0.0050973123262280096,-0.005110347939298961,0.30780861264841936,0.22642477633084232
2014-07-11 00:00:00-04:00,536.75,536.75,514.75,514.75,107,0.0,0.0,-0.04098742431299485,-0.04185109085099155,0.3163215018668007,0.26082394187495433
2014-07-14 00:00:00-04:00,516.25,549.75,516.25,549.75,44745,0.0,0.0,0.06799417192812052,0.0657822835269718,0.6356063083920973,0.37076191195259806
2014-07-15 00:00:00-04:00,538.0,539.5,530.5,537.75,37907,0.0,0.0,-0.021828103683492528,-0.022069861287031166,0.6590757926448438,0.3763870481757771
2014-07-16 00:00:00-04:00,537.0,544.75,535.75,538.0,32658,0.0,0.0,0.00046490004649002437,0.00046479201394500444,0.6548009135349557,0.37625620665895476
2014-07-17 00:00:00-04:00,538.0,561.75,530.75,550.75,88501,0.0,0.0,0.023698884758364347,0.023422425520668123,0.6720609405696287,0.3862780139044788
2014-07-18 00:00:00-04:00,552.5,555.75,531.0,532.25,52234,0.0,0.0,-0.0335905583295506,-0.03416768190886364,0.640900559225416,0.3972235583978903
2014-07-21 00:00:00-04:00,530.5,531.25,523.75,530.0,36058,0.0,0.0,-0.0042273367778299376,-0.004236297227421304,0.34894301177189796,0.3958747439651421
2014-07-22 00:00:00-04:00,529.5,536.75,524.0,524.5,35671,0.0,0.0,-0.010377358490566091,-0.010431578709815707,0.32728412913634286,0.39604570648826287
2014-07-23 00:00:00-04:00,524.5,531.0,520.25,530.75,33126,0.0,0.0,0.011916110581506212,0.011845672747013626,0.3483237283241898,0.3982453184073981
2014-07-24 00:00:00-04:00,530.5,542.25,526.0,528.75,56461,0.0,0.0,-0.0037682524729156786,-0.003775370222877745,0.2619678841149801,0.39602804324527247
2014-07-25 00:00:00-04:00,528.75,538.5,526.5,538.0,42238,0.0,0.0,0.01749408983451528,0.017342829801296606,0.18840445393642183,0.39956517431075467
2014-07-28 00:00:00-04:00,538.0,543.25,532.0,534.75,33877,0.0,0.0,-0.0060408921933085,-0.006059212199269356,0.19269769921907398,0.39826952160390755
2014-07-29 00:00:00-04:00,534.5,535.75,518.5,520.0,52042,0.0,0.0,-0.02758298270219728,-0.02797053638704196,0.2802657377746343,0.3914461813733494
2014-07-30 00:00:00-04:00,521.25,529.0,519.75,527.25,51667,0.0,0.0,0.013942307692307754,0.013846007783410998,0.28671510461503674,0.3959066138666787
2014-07-31 00:00:00-04:00,527.0,536.25,523.5,530.25,59662,0.0,0.0,0.005689900426742556,0.005673774085907875,0.2892109240732975,0.3964219912824218
2014-08-01 00:00:00-04:00,531.0,544.0,530.5,534.25,60735,0.0,0.0,0.007543611504007508,0.007515300754465137,0.2599577068460685,0.3949796689479085
2014-08-04 00:00:00-04:00,534.75,553.25,534.25,544.0,55273,0.0,0.0,0.018249883013570445,0.018085352656685646,0.28770499473806255,0.3751026022638729
2014-08-05 00:00:00-04:00,543.75,554.25,538.0,552.5,51203,0.0,0.0,0.015625,0.015504186535965254,0.08527661723547865,0.37909917252481434
2014-08-06 00:00:00-04:00,553.0,572.0,552.75,568.0,83170,0.0,0.0,0.028054298642533837,0.02766798532924337,0.14279061747342123,0.3882537014288953
2014-08-07 00:00:00-04:00,568.0,568.25,558.5,561.5,80800,0.0,0.0,-0.011443661971830998,-0.011509644542653491,0.23527364756175012,0.3906248383634745
2014-08-08 00:00:00-04:00,561.0,561.5,547.0,549.25,74816,0.0,0.0,-0.021816562778272486,-0.022058062913778282,0.3373828282032239,0.3675360693648137
2014-08-11 00:00:00-04:00,548.5,556.5,543.0,546.5,97475,0.0,0.0,-0.005006827492034627,-0.005019403648126372,0.3231265675980318,0.27810100996661824
2014-08-12 00:00:00-04:00,547.25,547.5,533.5,538.0,96506,0.0,0.0,-0.015553522415370558,-0.015675747454808854,0.3102810195591473,0.27244840123615566
2014-08-13 00:00:00-04:00,537.75,544.25,527.25,528.0,65016,0.0,0.0,-0.018587360594795488,-0.01876227645552289,0.10373488293802192,0.28044516530784724
2014-08-14 00:00:00-04:00,528.25,539.25,528.0,537.25,44359,0.0,0.0,0.017518939393939448,0.01736725181635842,0.25322783335348614,0.27407365523812854
2014-08-15 00:00:00-04:00,535.25,556.25,533.5,551.25,57396,0.0,0.0,0.026058631921824116,0.02572489123843592,0.31694511018817556,0.2617928220407102
2014-08-18 00:00:00-04:00,549.75,551.5,540.5,542.5,27716,0.0,0.0,-0.015873015873015928,-0.01600034134644119,0.33833888507284937,0.2685746381605249
2014-08-19 00:00:00-04:00,541.0,556.0,535.5,546.0,40685,0.0,0.0,0.006451612903225712,0.006430890330290331,0.3151553512926292,0.26549386901231725
2014-08-20 00:00:00-04:00,546.25,549.25,534.25,539.5,36712,0.0,0.0,-0.011904761904761862,-0.01197619104671565,0.28861931392118256,0.26732300073975385
2014-08-21 00:00:00-04:00,539.5,549.75,536.75,546.25,29137,0.0,0.0,0.012511584800741327,0.012433961711610457,0.27625975594572083,0.2697450004909382
2014-08-22 00:00:00-04:00,546.0,562.5,545.5,552.0,44928,0.0,0.0,0.010526315789473717,0.010471299867295437,0.21030822906638794,0.2654565419011167
2014-08-25 00:00:00-04:00,551.0,554.25,540.5,542.5,14286,0.0,0.0,-0.017210144927536253,-0.017359960862480716,0.21691380372036057,0.2724867051860534
2014-08-26 00:00:00-04:00,542.25,546.0,531.25,541.5,15901,0.0,0.0,-0.0018433179723502668,-0.0018450189735693507,0.20941524136729892,0.2513500766539121
2014-08-27 00:00:00-04:00,540.0,548.0,535.0,547.25,14287,0.0,0.0,0.01061865189289013,0.010562669961927028,0.20033284748979382,0.24955178318482107
2014-08-28 00:00:00-04:00,547.0,564.5,545.0,556.5,18397,0.0,0.0,0.016902695294655157,0.016761434312627263,0.2154333876263822,0.2548795071846277
2014-08-29 00:00:00-04:00,555.0,562.0,546.0,550.25,3477,0.0,0.0,-0.011230907457322581,-0.011294450309028502,0.227655360468114,0.25867643847572724
2014-09-02 00:00:00-04:00,550.25,552.5,538.75,543.5,1409,0.0,0.0,-0.012267151294865997,-0.012343013845306942,0.20660056427901607,0.2552871222859159
2014-09-03 00:00:00-04:00,540.75,540.75,522.5,523.5,1964,0.0,0.0,-0.03679852805887762,-0.03749267625067256,0.338089896769223,0.2796022333876859
2014-09-04 00:00:00-04:00,522.0,525.25,519.5,525.25,2109,0.0,0.0,0.003342884431709603,0.0033373094145182094,0.3181648314715259,0.25654230130515887
2014-09-05 00:00:00-04:00,525.5,536.25,525.5,531.5,1101,0.0,0.0,0.011899095668729265,0.011828858056892908,0.29459166757699357,0.2606421173998646
2014-09-08 00:00:00-04:00,528.75,538.0,526.25,533.5,466,0.0,0.0,0.0037629350893697566,0.003755872959805486,0.3064651546939948,0.2512936435123982
2014-09-09 00:00:00-04:00,528.5,528.5,523.5,527.5,69,0.0,0.0,-0.011246485473289547,-0.011310205391586446,0.3052359391108659,0.25346981214374076
2014-09-10 00:00:00-04:00,524.5,525.25,518.75,518.75,135,0.0,0.0,-0.016587677725118488,-0.01672679380531351,0.18664641194384765,0.25424778129610626
2014-09-11 00:00:00-04:00,518.0,519.0,499.5,503.0,181,0.0,0.0,-0.03036144578313249,-0.030831901445168806,0.2653203267542929,0.26770069222391973
2014-09-12 00:00:00-04:00,498.75,498.75,497.0,498.25,39754,0.0,0.0,-0.009443339960238606,-0.009488211006835143,0.19615766496665132,0.2581828095990319
2014-09-15 00:00:00-04:00,501.5,504.0,496.0,500.75,39682,0.0,0.0,0.005017561465127995,0.005005015453023582,0.20290776403780217,0.23593148669171193
2014-09-16 00:00:00-04:00,499.0,508.5,491.0,496.25,48769,0.0,0.0,-0.008986520219670502,-0.009027142544527474,0.20443295794304867,0.23284707334001029
2014-09-17 00:00:00-04:00,496.0,501.5,494.25,499.25,33011,0.0,0.0,0.006045340050377934,0.006027140294524528,0.23395211336523955,0.23260161999317486
2014-09-18 00:00:00-04:00,496.25,498.75,487.75,488.5,33252,0.0,0.0,-0.02153229844767146,-0.021767500813087117,0.18242958241947782,0.2391600421964627
2014-09-19 00:00:00-04:00,487.75,488.25,473.75,474.5,45467,0.0,0.0,-0.028659160696008157,-0.029077853432854843,0.24649676324676661,0.24413252517704284
2014-09-22 00:00:00-04:00,476.25,480.75,469.5,476.75,61856,0.0,0.0,0.00474183350895685,0.004730626430545944,0.24547066450501723,0.23947438763055115
2014-09-23 00:00:00-04:00,475.5,479.75,471.0,476.0,48151,0.0,0.0,-0.0015731515469323831,-0.0015743902491084719,0.25233268347653715,0.2372200464545679
2014-09-24 00:00:00-04:00,473.5,484.5,473.5,480.25,54643,0.0,0.0,0.008928571428571397,0.008888947417245994,0.2631810578259633,0.24298196723480525
2014-09-25 00:00:00-04:00,480.25,483.5,466.25,474.0,51821,0.0,0.0,-0.013014055179593975,-0.013099479953589548,0.2408070220030008,0.23609320050791607
2014-09-26 00:00:00-04:00,472.75,476.25,468.5,474.25,27218,0.0,0.0,0.0005274261603376296,0.0005272871200471682,0.13145507973239443,0.22071003133979825
2014-09-29 00:00:00-04:00,470.75,482.5,470.5,481.25,41810,0.0,0.0,0.014760147601476037,0.014652276786870415,0.16859083669998332,0.23432605480097668
2014-09-30 00:00:00-04:00,481.25,481.75,468.0,477.75,61656,0.0,0.0,-0.0072727272727273196,-0.007299302481611608,0.18047956552203745,0.23338489638726936
2014-10-01 00:00:00-04:00,476.75,484.0,469.5,479.0,45542,0.0,0.0,0.0026164311878598134,0.00261301429053287,0.16764497165475853,0.20537616028419992
2014-10-02 00:00:00-04:00,477.5,489.75,477.25,482.75,48696,0.0,0.0,0.007828810020876764,0.007798323897708526,0.1306669952027219,0.2082031343035531
2014-10-03 00:00:00-04:00,483.25,489.0,478.0,485.75,44411,0.0,0.0,0.006214396685655155,0.006195166948925699,0.1282040085231793,0.2033199881325287
2014-10-06 00:00:00-04:00,485.5,494.75,484.75,491.5,40143,0.0,0.0,0.011837364899639713,0.011767851329671756,0.11493310884527316,0.20955039797597244
2014-10-07 00:00:00-04:00,491.5,509.5,489.25,506.25,71942,0.0,0.0,0.030010172939979762,0.029568678833527758,0.17076545201128365,0.23965854342182827
2014-10-08 00:00:00-04:00,507.25,511.75,502.0,507.75,46634,0.0,0.0,0.002962962962963056,0.0029585820397452626,0.16961784483581477,0.23379169654710824
2014-10-09 00:00:00-04:00,508.0,508.25,492.0,493.25,56948,0.0,0.0,-0.02855736090595762,-0.0289730555577693,0.3370012941667558,0.23085255533379587
2014-10-10 00:00:00-04:00,493.5,508.5,488.25,498.5,67978,0.0,0.0,0.010643689812468216,0.010587444499168187,0.3398809561605374,0.23197546905507116
2014-10-13 00:00:00-04:00,498.5,506.5,495.5,505.25,39341,0.0,0.0,0.01354062186559668,0.013449766881837261,0.3421275092776296,0.23629135697053474
2014-10-14 00:00:00-04:00,505.25,510.0,498.25,509.25,34253,0.0,0.0,0.007916872835230127,0.00788569882318485,0.27209246916336916,0.23485379560941208
2014-10-15 00:00:00-04:00,510.0,516.25,501.5,506.0,55380,0.0,0.0,-0.006381934216985741,-0.006402385819449632,0.27654860062050785,0.2357335692470382
2014-10-16 00:00:00-04:00,506.25,518.25,502.75,517.0,44556,0.0,0.0,0.021739130434782705,0.021506205220963682,0.16308550802925076,0.23142066980616538
2014-10-17 00:00:00-04:00,517.75,522.25,512.75,516.0,48282,0.0,0.0,-0.0019342359767892114,-0.0019361090268664404,0.1809548085333362,0.2003828380239365
2014-10-20 00:00:00-04:00,515.0,515.75,507.25,513.5,41062,0.0,0.0,-0.004844961240310086,-0.004856736112949822,0.18594099649535298,0.20296066888450887
2014-10-21 00:00:00-04:00,515.0,523.75,512.25,519.25,55907,0.0,0.0,0.011197663096397248,0.01113543338760874,0.19242007105527434,0.2035403364373975
2014-10-22 00:00:00-04:00,521.0,528.75,516.0,522.25,51409,0.0,0.0,0.00577756379393346,0.005760937680453384,0.16923329608510343,0.20292426649165535
2014-10-23 00:00:00-04:00,520.25,530.75,519.25,526.75,41545,0.0,0.0,0.008616562948779327,0.008579652247623254,0.10924765765779766,0.19274728780992736
2014-10-24 00:00:00-04:00,525.5,539.25,517.25,517.75,57243,0.0,0.0,-0.0170859041290935,-0.017233552408604875,0.18542185514350484,0.2081303298055663
2014-10-27 00:00:00-04:00,516.0,526.5,510.5,522.75,50296,0.0,0.0,0.00965717044905845,0.009610838033049438,0.18652087363657713,0.2055594553944031
2014-10-28 00:00:00-04:00,525.5,533.0,523.25,530.75,45034,0.0,0.0,0.015303682448589262,0.015187762274622589,0.1988808518310502,0.20443027109493078
2014-10-29 00:00:00-04:00,531.0,540.5,527.5,538.25,45827,0.0,0.0,0.01413094677343385,0.014032035661106964,0.21086425833128422,0.20646177284543443
2014-10-30 00:00:00-04:00,538.25,545.5,532.5,536.0,53290,0.0,0.0,-0.004180213655364584,-0.0041889751736704,0.2206783012610075,0.20937595634599068
2014-10-31 00:00:00-04:00,536.0,539.0,523.0,532.5,60413,0.0,0.0,-0.006529850746268662,-0.006551263487221815,0.16385303985013383,0.21350678709631804
2014-11-03 00:00:00-05:00,536.25,539.25,526.75,538.25,48408,0.0,0.0,0.010798122065727611,0.010740238660892146,0.16578815004059427,0.2130768652742474
2014-11-04 00:00:00-05:00,538.25,538.75,529.0,530.5,40640,0.0,0.0,-0.014398513701811444,-0.014503178190434604,0.19176428268622225,0.20090653463991504
2014-11-05 00:00:00-05:00,532.0,532.5,518.75,524.75,61576,0.0,0.0,-0.01083883129123464,-0.010897999353295412,0.15370686564167627,0.20631118925120273
2014-11-06 00:00:00-05:00,525.0,528.0,520.0,520.25,45901,0.0,0.0,-0.008575512148642161,-0.008612493426998514,0.15533486807231525,0.17760150023593857
2014-11-07 00:00:00-05:00,520.5,520.5,511.0,514.5,64780,0.0,0.0,-0.011052378664103801,-0.011113909999639513,0.15972976351561358,0.18143185159521846
2014-11-10 00:00:00-05:00,514.0,524.5,511.25,517.25,87728,0.0,0.0,0.005344995140913467,0.0053307613515480735,0.12211279626775397,0.1765708170790781
2014-11-11 00:00:00-05:00,518.0,526.5,511.75,525.25,95070,0.0,0.0,0.015466408893185069,0.015348023099457342,0.18821645752451038,0.1823017128588932
2014-11-12 00:00:00-05:00,524.25,545.75,522.75,542.75,138060,0.0,0.0,0.03331746787244172,0.03277446903329145,0.2900589480051988,0.21136553981435058
2014-11-13 00:00:00-05:00,542.0,559.0,537.0,553.75,111919,0.0,0.0,0.020267157991708862,0.02006451260094414,0.2642356514594235,0.20974807325573278
2014-11-14 00:00:00-05:00,553.75,564.75,549.0,560.5,63504,0.0,0.0,0.012189616252821667,0.012115921152869203,0.1660692913665672,0.2108639207153889
2014-11-17 00:00:00-05:00,559.25,563.25,551.0,551.75,40374,0.0,0.0,-0.015611061552185501,-0.015734197375368773,0.28517444919885665,0.22026158050711733
2014-11-18 00:00:00-05:00,552.0,553.0,544.25,549.0,28212,0.0,0.0,-0.004984141368373329,-0.004996603627315121,0.3104385629095372,0.22043539140488672
2014-11-19 00:00:00-05:00,549.0,549.5,535.0,537.75,38493,0.0,0.0,-0.020491803278688492,-0.020704673361691166,0.27869925991587613,0.23509172736068096
2014-11-20 00:00:00-05:00,538.5,548.0,532.0,547.25,37194,0.0,0.0,0.01766620176662026,0.017511968255132973,0.2660951118270975,0.24081577014875913
2014-11-21 00:00:00-05:00,547.0,553.75,540.75,547.25,35936,0.0,0.0,0.0,0.0,0.23690393208670157,0.23024200578242326
2014-11-24 00:00:00-05:00,546.0,551.25,541.25,542.25,26197,0.0,0.0,-0.009136592051164905,-0.00917858669598855,0.22208601212950785,0.23255138827089344
2014-11-25 00:00:00-05:00,541.75,553.0,539.25,551.5,18564,0.0,0.0,0.01705855232826181,0.01691468898657334,0.26340272384396884,0.23396858615295668
2014-11-26 00:00:00-05:00,551.25,563.0,550.75,562.0,23401,0.0,0.0,0.01903898458748876,0.018860011200134006,0.2024750847509847,0.23795231636314287
2014-11-28 00:00:00-05:00,558.0,579.25,556.5,577.25,3794,0.0,0.0,0.027135231316725905,0.02677359834091359,0.2365243046344739,0.25223329172335784
2014-12-01 00:00:00-05:00,577.5,607.0,571.75,606.75,1927,0.0,0.0,0.05110437418796021,0.04984139637210608,0.3433723512104614,0.2993857398572478
2014-12-02 00:00:00-05:00,604.5,612.0,600.0,605.25,1101,0.0,0.0,-0.0024721878862793423,-0.002475248788542877,0.30790132230588274,0.30068813642698505
2014-12-03 00:00:00-05:00,604.0,604.0,590.0,597.0,813,0.0,0.0,-0.013630731102850069,-0.01372448242556579,0.4035117077473194,0.3000071515480878
2014-12-04 00:00:00-05:00,594.0,600.0,588.5,599.75,496,0.0,0.0,0.004606365159129044,0.004595788327201934,0.410147794829611,0.2933842992056171
2014-12-05 00:00:00-05:00,599.0,609.75,594.75,609.0,542,0.0,0.0,0.01542309295539801,0.015305365990092999,0.3934329296787753,0.28896995818082916
2014-12-08 00:00:00-05:00,603.5,617.0,600.75,610.0,115,0.0,0.0,0.0016420361247948545,0.0016406894574600179,0.16790498867192544,0.28124297447755364
2014-12-09 00:00:00-05:00,606.5,608.75,599.0,600.5,193,0.0,0.0,-0.015573770491803307,-0.01569631564731873,0.20679198628471093,0.29405978525327603
2014-12-10 00:00:00-05:00,600.0,600.0,590.0,593.25,86,0.0,0.0,-0.012073272273105728,-0.012146746204165268,0.20126088253023666,0.3005293485616881
2014-12-11 00:00:00-05:00,597.0,610.25,588.5,610.25,88,0.0,0.0,0.028655710071639362,0.028252813957196588,0.29535668468926524,0.2953768939144978
2014-12-12 00:00:00-05:00,623.25,627.5,623.25,627.5,72039,0.0,0.0,0.028267103646046676,0.027874961732869477,0.33861475311901346,0.3017828435303975
2014-12-15 00:00:00-05:00,605.5,622.75,599.75,619.0,65785,0.0,0.0,-0.013545816733067761,-0.013638398321342882,0.36739180904357005,0.30902009868778024
2014-12-16 00:00:00-05:00,616.0,639.0,615.0,623.25,93302,0.0,0.0,0.006865912762520132,0.0068424497190711,0.32776038724584267,0.29912939322503335
2014-12-17 00:00:00-05:00,623.75,650.75,617.0,648.5,103230,0.0,0.0,0.04051343762535109,0.039714281352831414,0.3409144800863873,0.3193257992433776
2014-12-18 00:00:00-05:00,646.5,677.0,645.75,655.25,102121,0.0,0.0,0.010408635312258996,0.010354838447017086,0.3299281171227031,0.3003213518948891
2014-12-19 00:00:00-05:00,654.0,654.5,629.25,632.25,68685,0.0,0.0,-0.03510110644792064,-0.03573195665344119,0.44869599731825616,0.3386478431244057
2014-12-22 00:00:00-05:00,629.5,644.5,621.0,625.75,53792,0.0,0.0,-0.010280743376828827,-0.010333955238190974,0.442199653441685,0.34358161919904673
2014-12-23 00:00:00-05:00,625.0,637.0,621.0,635.5,31415,0.0,0.0,0.01558130243707545,0.015461160317625088,0.45186702939045337,0.33941440997934835
2014-12-24 00:00:00-05:00,636.5,639.75,606.25,611.5,38221,0.0,0.0,-0.037765538945711996,-0.03849713550228165,0.39381412464735144,0.37438414920442437
2014-12-26 00:00:00-05:00,614.5,616.75,607.5,610.75,21009,0.0,0.0,-0.0012264922322158256,-0.0012272449893771594,0.360408561920127,0.3715208853422319
2014-12-29 00:00:00-05:00,611.75,620.75,608.0,615.5,29593,0.0,0.0,0.007777322963569366,0.007747235486658336,0.3274912331243718,0.3620616559311498
2014-12-30 00:00:00-05:00,615.0,615.5,601.0,602.0,34044,0.0,0.0,-0.021933387489845635,-0.022177500315687142,0.3486817357800247,0.32556700249212817
2014-12-31 00:00:00-05:00,601.5,604.5,586.5,589.75,37572,0.0,0.0,-0.02034883720930236,-0.020558727021036664,0.2865135170188014,0.33331855206503647
2015-01-02 00:00:00-05:00,589.75,591.0,574.75,581.25,38997,0.0,0.0,-0.0144128868164477,-0.014517761386218398,0.20421757321236858,0.33372027265191695
2015-01-05 00:00:00-05:00,579.75,597.5,579.0,589.0,45078,0.0,0.0,0.01333333333333342,0.013245226750020723,0.2617963138369384,0.33712884299939255
2015-01-06 00:00:00-05:00,588.0,603.5,586.0,591.75,52463,0.0,0.0,0.004668930390492321,0.00465806474250657,0.25137790258953346,0.3324403756909951
2015-01-07 00:00:00-05:00,594.25,594.5,578.5,579.5,46079,0.0,0.0,-0.020701309674693746,-0.020918585614286958,0.24711076210990301,0.3392729865767265
2015-01-08 00:00:00-05:00,580.0,581.0,565.75,567.0,49560,0.0,0.0,-0.021570319240724722,-0.02180635905205429,0.251232276239057,0.34302122053803513
2015-01-09 00:00:00-05:00,568.0,574.0,561.75,563.75,54780,0.0,0.0,-0.005731922398589107,-0.005748412910864009,0.24415786116032337,0.3414442598555266
2015-01-12 00:00:00-05:00,563.0,567.0,554.0,555.5,74233,0.0,0.0,-0.014634146341463428,-0.014742281737203431,0.17579886559899863,0.32344747402380575
2015-01-13 00:00:00-05:00,555.5,566.75,547.25,548.0,61834,0.0,0.0,-0.013501350135013523,-0.013593322131669174,0.10155082980048187,0.3005072156244727
2015-01-14 00:00:00-05:00,548.0,549.75,536.0,537.75,66809,0.0,0.0,-0.01870437956204385,-0.018881518800176158,0.09558424436641848,0.30264341124546373
2015-01-15 00:00:00-05:00,540.5,545.0,528.0,532.75,59519,0.0,0.0,-0.009298000929800043,-0.00934149716911286,0.07938517853992054,0.29834405113877327
2015-01-16 00:00:00-05:00,536.75,542.0,531.25,532.75,54200,0.0,0.0,0.0,0.0,0.11293769224607442,0.2406948858254298
2015-01-20 00:00:00-05:00,532.25,539.75,523.0,537.0,62926,0.0,0.0,0.007977475363678987,0.00794582353013813,0.16975914855948962,0.2381459709521103
2015-01-21 00:00:00-05:00,537.25,544.5,535.5,536.75,50807,0.0,0.0,-0.0004655493482309536,-0.000465657749974319,0.1619261549402494,0.22040275660801528
2015-01-22 00:00:00-05:00,536.5,542.5,532.5,533.75,44525,0.0,0.0,-0.005589194224499328,-0.0056048722160561264,0.10369281632529254,0.220405457696887
2015-01-23 00:00:00-05:00,532.75,536.0,526.25,530.0,57432,0.0,0.0,-0.007025761124121788,-0.007050557996666799,0.09366264990122108,0.20243635221581893
2015-01-26 00:00:00-05:00,530.75,534.75,519.25,520.5,52607,0.0,0.0,-0.017924528301886844,-0.018087118491143996,0.15053442959428556,0.17543884934798423
2015-01-27 00:00:00-05:00,519.5,524.25,517.5,519.0,40915,0.0,0.0,-0.0028818443804035088,-0.0028860048891349867,0.10671011321766352,0.17469230543061925
2015-01-28 00:00:00-05:00,519.0,520.5,503.0,505.25,78409,0.0,0.0,-0.026493256262042353,-0.02685052688215821,0.15757704085722868,0.17586672854405586
2015-01-29 00:00:00-05:00,506.0,512.25,500.75,507.75,76823,0.0,0.0,0.004948045522018774,0.004935844176763645,0.1972701294405192,0.17707316568308384
2015-01-30 00:00:00-05:00,508.0,511.75,497.0,502.75,67223,0.0,0.0,-0.00984736582964052,-0.009896171807732586,0.19571312384595518,0.17152511450133714
2015-02-02 00:00:00-05:00,503.0,505.5,492.25,492.75,58166,0.0,0.0,-0.019890601690701115,-0.020091082619931814,0.20087957570006298,0.17534633959033197
2015-02-03 00:00:00-05:00,493.5,515.75,493.0,513.75,71013,0.0,0.0,0.0426179604261796,0.04173481977761478,0.436206504162356,0.2413573876376217
2015-02-04 00:00:00-05:00,514.5,521.75,507.5,511.0,64767,0.0,0.0,-0.005352798053527952,-0.0053671756067399,0.38320635181298324,0.237688730580633
2015-02-05 00:00:00-05:00,511.25,527.75,508.5,525.75,84138,0.0,0.0,0.02886497064579263,0.028456224379104795,0.4278657135736571,0.2640164279409338
2015-02-06 00:00:00-05:00,526.5,534.0,516.5,527.0,85342,0.0,0.0,0.002377555872562942,0.0023747339585531,0.40524280183818207,0.25735169388177614
2015-02-09 00:00:00-05:00,527.0,532.25,521.5,529.75,77084,0.0,0.0,0.005218216318785496,0.005204648607046043,0.3198536329365586,0.2590375660871803
2015-02-10 00:00:00-05:00,527.0,530.75,518.5,521.75,86985,0.0,0.0,-0.015101462954223654,-0.015216651191098284,0.2598204302836929,0.2593215696026912
2015-02-11 00:00:00-05:00,520.75,528.0,515.75,525.75,96606,0.0,0.0,0.007666506947771934,0.007637268625499046,0.24903244397760146,0.25884148783348304
2015-02-12 00:00:00-05:00,523.25,527.75,518.25,521.25,92568,0.0,0.0,-0.008559201141226769,-0.008596041469797908,0.15449440506503392,0.2525581778499791
2015-02-13 00:00:00-05:00,520.75,534.25,519.5,533.0,85848,0.0,0.0,0.022541966426858462,0.022291651052833285,0.2338153343655369,0.26442526894921015
2015-02-17 00:00:00-05:00,534.5,548.0,531.75,534.75,62801,0.0,0.0,0.0032833020637899057,0.0032779237966705063,0.23272261465784067,0.26465663485116664
2015-02-18 00:00:00-05:00,537.0,543.5,523.5,527.75,63119,0.0,0.0,-0.01309022907900892,-0.013176661234085056,0.2236928050692667,0.26712405047273186
2015-02-19 00:00:00-05:00,528.0,537.25,523.75,527.75,45850,0.0,0.0,0.0,0.0,0.21882173021818005,0.26713539406894254
2015-02-20 00:00:00-05:00,526.5,531.5,509.5,510.25,59446,0.0,0.0,-0.03315963998105165,-0.03372188503847583,0.3278771214589081,0.29069904077447334
2015-02-23 00:00:00-05:00,510.75,515.0,503.5,505.75,32153,0.0,0.0,-0.00881920627143562,-0.008858325642099377,0.22772049731637384,0.2911722024740062
2015-02-24 00:00:00-05:00,505.75,513.25,504.5,505.75,18575,0.0,0.0,0.0,0.0,0.21623352503260337,0.28520773124473847
2015-02-25 00:00:00-05:00,506.5,506.5,496.0,497.75,12524,0.0,0.0,-0.015818091942659374,-0.01594453310354913,0.2187365113316017,0.28982816948618395
2015-02-26 00:00:00-05:00,498.0,504.5,491.25,503.25,13499,0.0,0.0,0.011049723756906049,0.010989121575595165,0.26475092590820526,0.2780259706395425
2015-02-27 00:00:00-05:00,507.0,523.0,502.0,517.5,2654,0.0,0.0,0.028315946348733245,0.027922460619623283,0.2759260107159071,0.2954303158188347
2015-03-02 00:00:00-05:00,517.25,521.25,507.25,508.0,2490,0.0,0.0,-0.018357487922705307,-0.01852807756104224,0.30799319092858396,0.3011083388788215
2015-03-03 00:00:00-05:00,508.5,509.5,500.5,508.75,1527,0.0,0.0,0.001476377952756014,0.0014752891783229606,0.30785802937561096,0.2911258625920884
2015-03-04 00:00:00-05:00,507.0,509.0,491.25,493.5,1558,0.0,0.0,-0.029975429975430012,-0.03043387788326851,0.36806699490277694,0.2692059356146157
2015-03-05 00:00:00-05:00,491.75,492.5,481.0,481.25,609,0.0,0.0,-0.024822695035460973,-0.025135973271542274,0.37896439502761514,0.28115109812705363
2015-03-06 00:00:00-05:00,482.25,488.75,482.25,485.75,305,0.0,0.0,0.009350649350649443,0.009307202655555579,0.2708376406917122,0.259671820523654
2015-03-09 00:00:00-04:00,491.25,499.75,491.25,494.25,54,0.0,0.0,0.01749871332990227,0.01734737379317688,0.3339645661582581,0.2698088120635115
2015-03-10 00:00:00-04:00,490.75,496.5,489.0,496.5,83,0.0,0.0,0.004552352048558417,0.004542021434500986,0.3385755390738749,0.26954790660598266
2015-03-11 00:00:00-04:00,502.75,503.75,501.5,503.0,26,0.0,0.0,0.01309164149043296,0.013006686614511853,0.26616842348190833,0.2714674820817379
2015-03-12 00:00:00-04:00,503.0,516.75,503.0,513.25,29,0.0,0.0,0.020377733598409442,0.02017288579930365,0.1001966207843505,0.2808644929698402
2015-03-13 00:00:00-04:00,520.25,520.25,508.25,508.75,57249,0.0,0.0,-0.008767657087189518,-0.008806319142238247,0.18669920240629842,0.280939345754952
2015-03-16 00:00:00-04:00,503.25,515.75,493.0,514.0,59482,0.0,0.0,0.010319410319410416,0.010266528698360458,0.17344615861029533,0.2704733967849885
2015-03-17 00:00:00-04:00,515.5,518.0,503.0,503.5,51560,0.0,0.0,-0.020428015564202373,-0.020639553296548162,0.2685464244047931,0.27770747373944615
2015-03-18 00:00:00-04:00,503.0,512.5,500.75,510.75,44511,0.0,0.0,0.014399205561072437,0.014296521539114398,0.2718076310020492,0.28139522045173027
2015-03-19 00:00:00-04:00,516.0,520.0,505.25,512.0,55533,0.0,0.0,0.0024473813020069457,0.0024443913417764385,0.22633963548617814,0.281700549656093
2015-03-20 00:00:00-04:00,511.0,530.5,510.0,530.0,70791,0.0,0.0,0.03515625,0.034552381506659735,0.3196711093247036,0.2837958921375235
2015-03-23 00:00:00-04:00,533.25,540.5,531.75,534.0,58101,0.0,0.0,0.007547169811320753,0.007518832414027319,0.31921640725498707,0.28141668947345905
2015-03-24 00:00:00-04:00,531.25,531.75,522.5,523.5,57560,0.0,0.0,-0.0196629213483146,-0.019858808649603286,0.31496830270908494,0.2925135711679761
2015-03-25 00:00:00-04:00,523.0,528.25,516.0,519.0,46777,0.0,0.0,-0.008595988538681931,-0.00863314714470289,0.32748898681823607,0.28780101563504756
2015-03-26 00:00:00-04:00,519.0,525.25,498.25,499.25,84097,0.0,0.0,-0.038053949903660844,-0.038796910869964,0.4412188851918273,0.3189770961343456
2015-03-27 00:00:00-04:00,499.0,509.0,499.0,507.75,55820,0.0,0.0,0.01702553830746112,0.016882228164569395,0.34661409691294476,0.30791274888977505
2015-03-30 00:00:00-04:00,513.25,531.0,508.75,530.25,88442,0.0,0.0,0.04431314623338256,0.04335939298429775,0.5117651804074013,0.339208081180694
2015-03-31 00:00:00-04:00,531.75,531.75,509.0,511.75,103920,0.0,0.0,-0.034889203206034836,-0.03551236890339286,0.5562402872956373,0.3641150946761331
2015-04-01 00:00:00-04:00,513.0,529.0,506.0,528.5,83997,0.0,0.0,0.03273082559843665,0.03220658076889333,0.6097198765716629,0.3624343850479676
2015-04-02 00:00:00-04:00,528.0,544.25,522.5,536.25,93322,0.0,0.0,0.014664143803216678,0.01455766493193443,0.480615234096034,0.34806667086189347
2015-04-06 00:00:00-04:00,537.5,543.75,525.0,527.75,53328,0.0,0.0,-0.015850815850815825,-0.01597778351379671,0.5254694019328233,0.35592345355185173
2015-04-07 00:00:00-04:00,526.0,534.0,517.75,526.0,81410,0.0,0.0,-0.003315963998105187,-0.003321473990720154,0.4167603090902387,0.35341863619056885
2015-04-08 00:00:00-04:00,528.0,530.75,518.25,526.25,91366,0.0,0.0,0.00047528517110273505,0.00047517225888138627,0.2952867600205635,0.35353142393680376
2015-04-09 00:00:00-04:00,525.5,526.75,513.75,518.75,92579,0.0,0.0,-0.014251781472684133,-0.014354313451683167,0.1966445537881535,0.35664202769442194
2015-04-10 00:00:00-04:00,518.0,527.5,515.5,526.5,97676,0.0,0.0,0.01493975903614464,0.014829260029122198,0.19826526733140054,0.3533888965295907
2015-04-13 00:00:00-04:00,518.0,520.0,501.5,502.25,105802,0.0,0.0,-0.04605887939221276,-0.047153327878986434,0.36321764304394855,0.39060523785110485
2015-04-14 00:00:00-04:00,504.25,506.25,496.25,497.0,89811,0.0,0.0,-0.010452961672473893,-0.010507977598415093,0.3588944433741781,0.39003561507330764
2015-04-15 00:00:00-04:00,498.5,503.75,490.0,490.75,74272,0.0,0.0,-0.012575452716297786,-0.01265519294005828,0.3441001596914387,0.385927149455959
2015-04-16 00:00:00-04:00,490.0,495.5,489.0,494.5,69497,0.0,0.0,0.007641365257259336,0.007612317906196398,0.37547900105436355,0.3830856733140231
2015-04-17 00:00:00-04:00,494.25,499.75,490.75,494.5,45430,0.0,0.0,0.0,0.0,0.3264997703663227,0.38286333478317863
2015-04-20 00:00:00-04:00,495.0,499.25,492.0,498.75,50204,0.0,0.0,0.008594539939332568,0.008557817141306318,0.15683567140138766,0.3601030371284474
2015-04-21 00:00:00-04:00,498.5,506.5,494.25,500.75,44517,0.0,0.0,0.004010025062656686,0.004002006341854466,0.13626016930222465,0.35897359631946885
2015-04-22 00:00:00-04:00,500.25,504.75,496.25,498.75,25143,0.0,0.0,-0.003994008986520248,-0.004002006341854451,0.08379875876784196,0.3535753193185588
2015-04-23 00:00:00-04:00,499.5,503.5,497.5,497.75,31255,0.0,0.0,-0.002005012531328343,-0.0020070252597675625,0.07984418245159962,0.3527626901837659
2015-04-24 00:00:00-04:00,498.25,499.5,485.0,486.0,29515,0.0,0.0,-0.02360622802611756,-0.023889319043811936,0.1959341233406955,0.3364485757901018
2015-04-27 00:00:00-04:00,486.5,488.0,469.5,470.25,19322,0.0,0.0,-0.03240740740740744,-0.03294415571935403,0.24729170062398867,0.34666980094087657
2015-04-28 00:00:00-04:00,472.0,474.0,460.0,471.5,17459,0.0,0.0,0.0026581605528974706,0.0026546338923724927,0.24204600995673714,0.2984941613584946
2015-04-29 00:00:00-04:00,472.0,478.25,469.0,477.25,13223,0.0,0.0,0.012195121951219523,0.01212136053234482,0.2964169785906161,0.2838246793265275
2015-04-30 00:00:00-04:00,477.0,481.75,465.0,467.0,2722,0.0,0.0,-0.021477213200628564,-0.021711204936959647,0.3011828235395749,0.2563742147281942
2015-05-01 00:00:00-04:00,469.5,472.25,465.25,470.0,688,0.0,0.0,0.0064239828693790635,0.006403437035207007,0.30698987453016635,0.24911354250338935
2015-05-04 00:00:00-04:00,471.75,471.75,465.0,469.25,451,0.0,0.0,-0.0015957446808511078,-0.0015970192374861148,0.20394674104699034,0.24711187712550992
2015-05-05 00:00:00-04:00,468.75,469.75,460.0,464.0,280,0.0,0.0,-0.011188066062866264,-0.011251123240362924,0.2144593339984468,0.2476669022535535
2015-05-06 00:00:00-04:00,467.0,478.25,464.25,475.75,197,0.0,0.0,0.02532327586206895,0.025007953950003593,0.28288956094528694,0.27106196413568734
2015-05-07 00:00:00-04:00,472.75,478.0,465.75,465.75,176,0.0,0.0,-0.021019442984760883,-0.021243496694561013,0.2807619602338175,0.2751946284259345
2015-05-08 00:00:00-04:00,468.0,476.5,468.0,476.5,142,0.0,0.0,0.023081052066559415,0.022818713612559067,0.32734809526837966,0.2844696610730837
2015-05-11 00:00:00-04:00,473.5,476.25,473.5,476.25,30,0.0,0.0,-0.0005246589716684236,-0.0005247966533460907,0.3265044198055081,0.23924881017876462
2015-05-12 00:00:00-04:00,476.5,489.75,476.5,479.25,194,0.0,0.0,0.006299212598425141,0.006279455484843101,0.3007649465092563,0.2392954764871108
2015-05-13 00:00:00-04:00,481.25,481.75,472.75,481.0,37,0.0,0.0,0.003651538862806447,0.0036448881800072823,0.2511796112168275,0.23643693830668655
2015-05-14 00:00:00-04:00,490.25,503.25,490.25,501.75,147584,0.0,0.0,0.0431392931392931,0.0422347175706863,0.286461856092749,0.2825237572147287
2015-05-15 00:00:00-04:00,515.0,519.75,506.0,511.0,96766,0.0,0.0,0.01843547583457905,0.01826760252725699,0.2801670749913095,0.2892622843410309
2015-05-18 00:00:00-04:00,511.0,530.25,508.0,521.75,89702,0.0,0.0,0.021037181996086174,0.02081895575360576,0.2488391070141702,0.2964221350061364
2015-05-19 00:00:00-04:00,519.75,524.75,503.75,510.25,84320,0.0,0.0,-0.022041207474844282,-0.022287744267355962,0.38211729826982754,0.30873899847033254
2015-05-20 00:00:00-04:00,511.0,515.75,503.0,513.0,82319,0.0,0.0,0.005389514943655138,0.005375043480815426,0.3796745382148765,0.3084744057763933
2015-05-21 00:00:00-04:00,514.5,528.0,511.0,522.0,91976,0.0,0.0,0.01754385964912286,0.01739174271186924,0.2838847041621499,0.3132223411427277
2015-05-22 00:00:00-04:00,521.5,529.0,511.0,515.25,76964,0.0,0.0,-0.012931034482758674,-0.013015368112070361,0.2987012817180071,0.3035339809994622
2015-05-26 00:00:00-04:00,515.25,519.75,492.0,493.5,102712,0.0,0.0,-0.042212518195050897,-0.043129360897032086,0.3708587503767454,0.32028018412421044
2015-05-27 00:00:00-04:00,496.0,496.25,482.0,487.75,103568,0.0,0.0,-0.011651469098277634,-0.011719879370315706,0.3582270214568629,0.3242544200802609
2015-05-28 00:00:00-04:00,489.0,494.75,483.0,488.75,80155,0.0,0.0,0.002050230650948226,0.002048131796354929,0.3506137571783269,0.321971398469924
2015-05-29 00:00:00-04:00,488.0,489.25,474.5,477.0,81444,0.0,0.0,-0.024040920716112524,-0.0243346204112343,0.26210416552998234,0.32450465390880817
2015-06-01 00:00:00-04:00,478.0,495.5,474.0,493.75,90078,0.0,0.0,0.035115303983228596,0.03451282532699049,0.4628833376499701,0.3458421973194447
2015-06-02 00:00:00-04:00,495.25,513.25,493.0,512.5,96582,0.0,0.0,0.03797468354430378,0.0372713947972316,0.4406327741279709,0.3671980152533691
2015-06-03 00:00:00-04:00,513.75,526.25,508.25,510.75,116592,0.0,0.0,-0.0034146341463414664,-0.0034204773148318077,0.4210655070934316,0.36376570620961707
2015-06-04 00:00:00-04:00,510.0,524.25,504.0,523.75,100423,0.0,0.0,0.02545276554087117,0.02513423753861595,0.42757804111842684,0.3638616515605773
2015-06-05 00:00:00-04:00,525.0,534.0,516.0,517.0,145062,0.0,0.0,-0.01288782816229117,-0.012971596727918358,0.36786985908735986,0.3572136941631554
2015-06-08 00:00:00-04:00,517.0,532.75,516.0,528.0,103337,0.0,0.0,0.02127659574468077,0.021053409197832263,0.33530684125978283,0.356089657352781
2015-06-09 00:00:00-04:00,527.5,537.25,524.0,532.25,113552,0.0,0.0,0.008049242424242431,0.008017020067327385,0.2568287677936522,0.35550312826891795
2015-06-10 00:00:00-04:00,533.25,537.5,512.5,513.5,154342,0.0,0.0,-0.03522780648191637,-0.03586327440497591,0.4018745821905358,0.38415379345165274
2015-06-11 00:00:00-04:00,514.0,515.5,502.5,504.25,96999,0.0,0.0,-0.018013631937682573,-0.01817785253429177,0.3530223193583443,0.39183736773605127
2015-06-12 00:00:00-04:00,504.0,510.75,500.5,503.75,60187,0.0,0.0,-0.0009915716410510145,-0.0009920635734283643,0.3513867127439951,0.36149690572546134
2015-06-15 00:00:00-04:00,503.75,503.75,486.0,489.25,85937,0.0,0.0,-0.028784119106699757,-0.029206506984707132,0.29009023588557065,0.36910796578011373
2015-06-16 00:00:00-04:00,489.0,495.0,487.0,488.75,67525,0.0,0.0,-0.0010219724067450642,-0.0010224949766101314,0.24892224534913146,0.3590839577096261
2015-06-17 00:00:00-04:00,490.75,499.75,489.75,491.25,70462,0.0,0.0,0.005115089514066584,0.005102051883895552,0.2244063344475961,0.35288820377190305
2015-06-18 00:00:00-04:00,491.5,498.0,487.25,488.0,59159,0.0,0.0,-0.00661577608142494,-0.006637757330323818,0.20877378644278136,0.3522796625678842
2015-06-19 00:00:00-04:00,487.5,492.25,483.5,488.5,58134,0.0,0.0,0.0010245901639345245,0.0010240656296903522,0.21255695996437582,0.3447622780266112
2015-06-22 00:00:00-04:00,487.75,504.0,487.25,501.25,46204,0.0,0.0,0.026100307062435935,0.02576550713794142,0.19957085844516173,0.3575808666554475
2015-06-23 00:00:00-04:00,501.75,522.75,501.75,521.5,61302,0.0,0.0,0.04039900249376549,0.039604295820048104,0.3086841746088262,0.3519073582378057
2015-06-24 00:00:00-04:00,522.25,530.0,514.25,518.0,47285,0.0,0.0,-0.006711409395973145,-0.006734032181344068,0.338215504358466,0.34960968539012316
2015-06-25 00:00:00-04:00,517.25,533.0,513.0,532.0,39891,0.0,0.0,0.027027027027026973,0.026668247082161273,0.31215740006396897,0.35957955061360164
2015-06-26 00:00:00-04:00,532.0,566.25,530.25,562.25,79507,0.0,0.0,0.056860902255639,0.05530310149778059,0.37173322303636824,0.38798835682306193
2015-06-29 00:00:00-04:00,557.0,587.0,556.5,580.5,34257,0.0,0.0,0.03245887060915953,0.03194321029852103,0.3716346789286845,0.38568248787743087
2015-06-30 00:00:00-04:00,581.0,614.75,576.0,614.75,6344,0.0,0.0,0.05900086132644278,0.05732587995835581,0.42415754075193746,0.41329731924841295
2015-07-01 00:00:00-04:00,611.5,615.75,576.5,587.5,1985,0.0,0.0,-0.04432696217974785,-0.045339435077987905,0.6654949451302009,0.4537305499573998
2015-07-02 00:00:00-04:00,587.25,596.5,571.0,585.75,1707,0.0,0.0,-0.0029787234042553123,-0.002983168630408982,0.6965269578767925,0.44994275078369855
2015-07-06 00:00:00-04:00,580.0,591.25,567.25,588.5,1141,0.0,0.0,0.0046948356807512415,0.0046838493124264375,0.6175383066818638,0.4444549380259323
2015-07-07 00:00:00-04:00,587.75,587.75,573.25,579.5,839,0.0,0.0,-0.015293118096856406,-0.015411263920525,0.599803019185418,0.4476743585024297
2015-07-08 00:00:00-04:00,576.0,581.5,570.0,572.25,438,0.0,0.0,-0.012510785159620341,-0.0125897039471303,0.2964057533306507,0.4517703109812273
2015-07-09 00:00:00-04:00,577.75,580.0,572.25,572.25,195,0.0,0.0,0.0,0.0,0.134043021380192,0.42786261408249704
2015-07-10 00:00:00-04:00,573.5,581.5,565.0,581.5,415,0.0,0.0,0.016164263870685813,0.01603501312604296,0.2045407477324131,0.4197865601387427
2015-07-13 00:00:00-04:00,581.5,586.75,573.25,586.75,441,0.0,0.0,0.009028374892519286,0.008987862772413719,0.21472148955538828,0.4186095544190587
2015-07-14 00:00:00-04:00,587.25,589.75,582.0,583.5,63921,0.0,0.0,-0.0055389859394971985,-0.005554383004522188,0.18096085667280787,0.39921446759680346
2015-07-15 00:00:00-04:00,569.5,569.75,558.5,566.75,73106,0.0,0.0,-0.028706083976006824,-0.029126162338972268,0.272783602719804,0.4201122267053489
2015-07-16 00:00:00-04:00,567.5,574.0,561.5,562.25,62170,0.0,0.0,-0.007940008822232003,-0.00797169854821329,0.2752762495326303,0.4237423509830291
2015-07-17 00:00:00-04:00,561.75,561.75,546.0,554.0,66022,0.0,0.0,-0.014673188083592748,-0.014781904092141295,0.21838812255077886,0.4281455150332403
2015-07-20 00:00:00-04:00,553.0,553.0,530.5,532.75,64326,0.0,0.0,-0.03835740072202165,-0.03911241576855728,0.22325441523777953,0.45692830571449455
2015-07-21 00:00:00-04:00,533.5,537.75,523.75,524.75,71225,0.0,0.0,-0.015016424213984081,-0.015130312277984188,0.19555940047824572,0.4547330196138651
2015-07-22 00:00:00-04:00,524.0,528.25,515.25,516.75,71935,0.0,0.0,-0.015245354930919497,-0.015362760138864739,0.1849364679537354,0.4360266993294827
2015-07-23 00:00:00-04:00,516.75,527.0,516.5,521.5,53193,0.0,0.0,0.00919206579583931,0.009150075878949424,0.26691246649635886,0.4364840470579731
2015-07-24 00:00:00-04:00,520.75,523.75,509.5,511.75,55254,0.0,0.0,-0.01869606903163945,-0.018873049899428174,0.2682973530614281,0.43002217664460607
2015-07-27 00:00:00-04:00,511.0,511.75,501.25,502.5,61326,0.0,0.0,-0.01807523204689787,-0.018240584608168065,0.18606865739248593,0.37346708874266016
2015-07-28 00:00:00-04:00,502.5,512.5,501.75,510.75,78774,0.0,0.0,0.016417910447761086,0.016284593764500515,0.2660172955972198,0.3558590890845328
2015-07-29 00:00:00-04:00,512.0,512.5,495.5,496.25,68770,0.0,0.0,-0.028389623103279527,-0.02880040169633131,0.30979846108040654,0.2680485455675353
2015-07-30 00:00:00-04:00,495.75,504.75,493.75,496.5,69188,0.0,0.0,0.0005037783375314575,0.0005036514838270853,0.2847057161187454,0.23866609600071662
2015-07-31 00:00:00-04:00,496.75,503.5,495.75,499.25,64474,0.0,0.0,0.0055387713997985255,0.00552348881069725,0.2881476899235174,0.24304594033129284
2015-08-03 00:00:00-04:00,497.25,501.75,490.5,499.0,56799,0.0,0.0,-0.0005007511266900133,-0.0005008765444059099,0.2630612708423237,0.24017327502229008
2015-08-04 00:00:00-04:00,499.0,506.75,491.25,493.5,63486,0.0,0.0,-0.011022044088176308,-0.011083236877982346,0.2143359993574356,0.23895325072229082
2015-08-05 00:00:00-04:00,494.25,504.5,492.0,502.0,67497,0.0,0.0,0.01722391084093222,0.017077260818193024,0.16300351704294083,0.25415620438636843
2015-08-06 00:00:00-04:00,502.0,514.0,498.25,507.0,89887,0.0,0.0,0.009960159362549792,0.00991088389945396,0.16993764140439188,0.2598797673159744
2015-08-07 00:00:00-04:00,507.75,514.0,503.75,510.5,82793,0.0,0.0,0.006903353057199135,0.006879634013537007,0.17086824337023004,0.2513886349194998
2015-08-10 00:00:00-04:00,512.0,530.0,509.25,525.5,89220,0.0,0.0,0.02938295788442713,0.028959552712285664,0.23521636825119943,0.2770025692518256
2015-08-11 00:00:00-04:00,522.5,524.25,504.0,507.25,95677,0.0,0.0,-0.03472882968601332,-0.03534621161108169,0.3845891233685922,0.2959916649619757
2015-08-12 00:00:00-04:00,507.25,514.75,484.0,492.25,103263,0.0,0.0,-0.029571217348447476,-0.030017261186689168,0.43659092007664446,0.2968551042140463
2015-08-13 00:00:00-04:00,493.0,504.75,492.0,503.25,71663,0.0,0.0,0.022346368715083775,0.02210034700066592,0.4685333088185141,0.31433824942714816
2015-08-14 00:00:00-04:00,503.25,512.25,497.75,506.5,50412,0.0,0.0,0.006458022851465461,0.006437259168837192,0.46806249316341964,0.3149657433509358
2015-08-17 00:00:00-04:00,504.75,509.25,498.5,500.5,42118,0.0,0.0,-0.011846001974333609,-0.011916724933462741,0.38178901124925524,0.2899950346630916
2015-08-18 00:00:00-04:00,499.5,503.25,493.25,494.25,38650,0.0,0.0,-0.012487512487512453,-0.012566136704548949,0.31607650694833767,0.2887365660321907
2015-08-19 00:00:00-04:00,495.0,498.5,491.0,496.25,39649,0.0,0.0,0.004046535154274222,0.004038369950673947,0.22993351574327814,0.2858420387652593
2015-08-20 00:00:00-04:00,495.25,507.75,495.25,506.25,39146,0.0,0.0,0.02015113350125941,0.019950786419348693,0.21772112281876746,0.29399644071018627
2015-08-21 00:00:00-04:00,504.0,507.0,495.75,499.5,36214,0.0,0.0,-0.013333333333333308,-0.013423020332140661,0.23279336310831772,0.29038655251919937
2015-08-24 00:00:00-04:00,498.75,504.5,486.75,503.25,38298,0.0,0.0,0.007507507507507505,0.007479466431292653,0.22528325810221747,0.28463642953706125
2015-08-25 00:00:00-04:00,504.75,511.25,492.5,495.0,29852,0.0,0.0,-0.016393442622950838,-0.016529301951210582,0.24134280394148003,0.2837107577180842
2015-08-26 00:00:00-04:00,498.0,499.75,488.5,489.75,24807,0.0,0.0,-0.010606060606060619,-0.01066270574404018,0.24965345790180984,0.2678630833579144
2015-08-27 00:00:00-04:00,490.25,495.5,481.75,484.25,40564,0.0,0.0,-0.011230219499744787,-0.011293754537544895,0.14919366516155133,0.2704917465892456
2015-08-28 00:00:00-04:00,484.75,487.5,476.0,477.0,20907,0.0,0.0,-0.014971605575632374,-0.015084811398763994,0.1527334537958232,0.2735852996353564
2015-08-31 00:00:00-04:00,477.0,484.0,470.75,482.5,5907,0.0,0.0,0.011530398322851187,0.011464429890699434,0.18050179141054462,0.2778389501134961
2015-09-01 00:00:00-04:00,482.0,488.5,481.0,484.0,1851,0.0,0.0,0.0031088082901553626,0.0031039859375910123,0.17873455763905696,0.27596008390707283
2015-09-02 00:00:00-04:00,483.75,485.75,469.25,473.0,2241,0.0,0.0,-0.022727272727272707,-0.02298951822469872,0.2208570218294587,0.277731378375832
2015-09-03 00:00:00-04:00,473.5,473.5,456.0,456.5,1373,0.0,0.0,-0.03488372093023251,-0.03550668845690976,0.30001132732280733,0.29540561102051005
2015-09-04 00:00:00-04:00,456.75,459.0,455.5,457.75,467,0.0,0.0,0.0027382256297918683,0.002734483519596908,0.3134730664453695,0.29353107218845736
2015-09-08 00:00:00-04:00,456.75,467.5,456.75,465.25,219,0.0,0.0,0.016384489350081965,0.016251711967740088,0.3338061742161779,0.2762953380453401
2015-09-09 00:00:00-04:00,465.5,470.25,462.0,462.0,164,0.0,0.0,-0.006985491671144595,-0.007010004440621337,0.3218824738266918,0.2546369317749988
2015-09-10 00:00:00-04:00,462.75,468.75,462.75,468.0,128,0.0,0.0,0.01298701298701288,0.012903404835907782,0.3264164629482955,0.24372329858061698
2015-09-11 00:00:00-04:00,468.5,475.5,460.75,475.5,123,0.0,0.0,0.01602564102564097,0.015898586067798204,0.16102410571284664,0.2361219873310915
2015-09-14 00:00:00-04:00,483.75,493.0,483.75,485.75,80355,0.0,0.0,0.02155625657202953,0.02132720627210456,0.1753710085955833,0.24960807405019972
2015-09-15 00:00:00-04:00,500.0,503.25,492.25,494.75,58317,0.0,0.0,0.018528049408131686,0.018358496225125573,0.17936695640789857,0.25685147570944106
2015-09-16 00:00:00-04:00,494.75,495.25,483.0,488.25,57613,0.0,0.0,-0.01313794845881755,-0.013225014725886759,0.22164246661074113,0.25726572912364365
2015-09-17 00:00:00-04:00,488.25,489.75,480.5,481.5,41222,0.0,0.0,-0.01382488479262678,-0.01392133851860812,0.2815884738692329,0.26088615821019473
2015-09-18 00:00:00-04:00,481.25,488.75,480.0,486.75,44517,0.0,0.0,0.010903426791277315,0.010844413014128876,0.27209150734313287,0.2527007694190479
2015-09-21 00:00:00-04:00,485.75,499.25,480.5,496.75,67083,0.0,0.0,0.020544427324088232,0.020336237179617057,0.26823452316614943,0.2607514318497997
2015-09-22 00:00:00-04:00,496.5,496.75,488.25,495.5,51729,0.0,0.0,-0.0025163563160544022,-0.002519527661883598,0.239469497832437,0.2592719434307912
2015-09-23 00:00:00-04:00,494.5,508.5,493.75,507.5,76320,0.0,0.0,0.024217961654894093,0.023929357145899763,0.2529535622163964,0.2665359105051443
2015-09-24 00:00:00-04:00,507.0,509.0,496.75,497.25,55079,0.0,0.0,-0.020197044334975378,-0.020403793181860825,0.2888711411112558,0.2743180013639719
2015-09-25 00:00:00-04:00,497.75,510.5,496.25,507.75,59650,0.0,0.0,0.02111613876319751,0.02089628272641241,0.3070067322726794,0.27932658361679474
2015-09-28 00:00:00-04:00,508.5,515.5,500.0,505.5,67309,0.0,0.0,-0.004431314623338234,-0.0044411619999679365,0.29699751580942185,0.2730066914118938
2015-09-29 00:00:00-04:00,506.0,509.75,500.5,503.75,46925,0.0,0.0,-0.0034619188921859445,-0.0034679251996333586,0.2983048897794997,0.2720127128654653
2015-09-30 00:00:00-04:00,503.25,515.5,498.25,512.75,103544,0.0,0.0,0.017866004962779236,0.017708283691597333,0.27275769239663666,0.2775834594893523
2015-10-01 00:00:00-04:00,512.0,523.75,511.75,518.25,95783,0.0,0.0,0.010726474890297322,0.010669354363398885,0.18817467442517471,0.26132790098932046
2015-10-02 00:00:00-04:00,517.75,523.0,511.75,513.25,62642,0.0,0.0,-0.009647853352629077,-0.009694695416846054,0.18350808284412834,0.223189261925251
2015-10-05 00:00:00-04:00,512.25,518.0,508.75,515.5,51397,0.0,0.0,0.004383828543594648,0.004374247557971572,0.173823950132373,0.22294957688832576
2015-10-06 00:00:00-04:00,514.0,527.0,513.0,526.25,68615,0.0,0.0,0.020853540252182334,0.020639081539576543,0.192960311638222,0.22623676750967053
2015-10-07 00:00:00-04:00,525.75,531.5,515.0,516.75,68717,0.0,0.0,-0.018052256532066546,-0.01821718643471357,0.24777108368571496,0.23794764605045832
2015-10-08 00:00:00-04:00,516.0,522.0,509.25,511.5,68794,0.0,0.0,-0.010159651669085612,-0.010211613170196452,0.2439213435953515,0.24271186237516745
2015-10-09 00:00:00-04:00,511.0,519.5,504.0,509.25,80570,0.0,0.0,-0.004398826979472137,-0.0044085302847659685,0.23701269609254366,0.24074017949118284
2015-10-12 00:00:00-04:00,507.75,510.5,503.25,506.75,43655,0.0,0.0,-0.004909180166912108,-0.004921269774805765,0.23166296854161844,0.23267046289896023
2015-10-13 00:00:00-04:00,506.75,521.75,505.0,519.0,68044,0.0,0.0,0.024173655648741965,0.023886097833779204,0.25365622170980123,0.23870351822604777
2015-10-14 00:00:00-04:00,518.5,519.75,507.5,508.25,56488,0.0,0.0,-0.020712909441233163,-0.020930430657432646,0.26430152754525843,0.2466679272201567
2015-10-15 00:00:00-04:00,507.75,512.75,502.0,502.5,40391,0.0,0.0,-0.011313330054107285,-0.011377812575225252,0.2663341073480407,0.24466715574905046
2015-10-16 00:00:00-04:00,502.25,506.0,489.75,492.25,91068,0.0,0.0,-0.020398009950248763,-0.020608922413995902,0.2928885870933527,0.2549932777184072
2015-10-19 00:00:00-04:00,491.25,493.5,484.25,485.75,71086,0.0,0.0,-0.013204672422549524,-0.01329262926168546,0.29572167811134203,0.24817999557032802
2015-10-20 00:00:00-04:00,486.25,491.75,483.25,491.25,46451,0.0,0.0,0.011322696860524895,0.011259074925921457,0.2078634039655691,0.25189483481772434
2015-10-21 00:00:00-04:00,491.75,497.5,490.25,494.75,42879,0.0,0.0,0.007124681933842192,0.00709942129920407,0.21842314265022061,0.23666508606004044
2015-10-22 00:00:00-04:00,494.75,500.75,490.5,490.75,50127,0.0,0.0,-0.008084891359272373,-0.008117751326104676,0.2139750107675396,0.2274738145125098
2015-10-23 00:00:00-04:00,490.75,494.0,484.75,490.5,71235,0.0,0.0,-0.0005094243504839557,-0.0005095541511526749,0.16202621414265528,0.21260820776855524
2015-10-26 00:00:00-04:00,493.25,512.0,493.25,509.0,108092,0.0,0.0,0.03771661569826712,0.03702273754510501,0.27661731601444156,0.25390271428418326
2015-10-27 00:00:00-04:00,510.0,518.0,506.5,509.25,82173,0.0,0.0,0.0004911591355598599,0.0004910385563923954,0.2827748737007109,0.2534790540879478
2015-10-28 00:00:00-04:00,507.75,508.75,500.0,506.0,71717,0.0,0.0,-0.006381934216985741,-0.006402385819449632,0.29922475187547454,0.24616069192524495
2015-10-29 00:00:00-04:00,506.0,517.5,505.0,515.0,94994,0.0,0.0,0.01778656126482203,0.0176302313762705,0.28595208617586576,0.2516640279515766
2015-10-30 00:00:00-04:00,515.25,523.5,515.0,522.0,85681,0.0,0.0,0.013592233009708687,0.013500687218902524,0.2709917062036965,0.2536005695773737
2015-11-02 00:00:00-05:00,520.0,522.75,506.75,508.0,70898,0.0,0.0,-0.026819923371647514,-0.027186140304156833,0.28186018834651777,0.27157417257106536
2015-11-03 00:00:00-05:00,507.5,517.0,505.75,516.5,64386,0.0,0.0,0.0167322834645669,0.016593840981211316,0.3070661122691473,0.2676225610630654
2015-11-04 00:00:00-05:00,516.0,530.75,508.25,526.25,112473,0.0,0.0,0.01887705711519838,0.01870109643689787,0.31087645026005545,0.26815173722805224
2015-11-05 00:00:00-05:00,524.25,529.0,520.25,526.25,115823,0.0,0.0,0.0,0.0,0.30121664608553705,0.2649263085103966
2015-11-06 00:00:00-05:00,524.5,526.0,517.75,523.25,91783,0.0,0.0,-0.005700712589073675,-0.005717023670482102,0.29551868359148137,0.2653542682546407
2015-11-09 00:00:00-05:00,520.5,521.25,501.25,501.75,131560,0.0,0.0,-0.041089345437171576,-0.04195737364966164,0.3833080097925249,0.30503596421528106
2015-11-10 00:00:00-05:00,502.0,504.0,488.0,490.75,133293,0.0,0.0,-0.0219232685600399,-0.022167154519877115,0.3603438694996092,0.2997844745813013
2015-11-11 00:00:00-05:00,491.0,498.0,490.0,494.75,83843,0.0,0.0,0.008150789607743292,0.008117751326104703,0.310906738192539,0.29414079258062187
2015-11-12 00:00:00-05:00,495.0,500.5,492.5,498.0,87359,0.0,0.0,0.0065689742294088305,0.0065474925419778535,0.3299443012233337,0.2928173105018631
2015-11-13 00:00:00-05:00,496.25,499.75,491.25,495.75,50136,0.0,0.0,-0.004518072289156572,-0.004528309624747511,0.3311999394541879,0.2836336649264654
2015-11-16 00:00:00-05:00,494.75,498.0,490.0,494.0,41435,0.0,0.0,-0.0035300050428643814,-0.0035362502119828877,0.1905880383621058,0.2794792516727687
2015-11-17 00:00:00-05:00,493.5,494.0,484.5,487.5,73394,0.0,0.0,-0.013157894736842146,-0.01324522675002068,0.1391119456358029,0.2809807043120839
2015-11-18 00:00:00-05:00,487.5,490.25,480.5,483.25,49902,0.0,0.0,-0.008717948717948731,-0.008756172349461602,0.11667154560992302,0.28110542202504424
2015-11-19 00:00:00-05:00,483.25,492.75,481.5,490.75,42704,0.0,0.0,0.015519917227108104,0.01540071506813015,0.17414622799940646,0.28569359255172017
2015-11-20 00:00:00-05:00,489.5,494.75,486.5,488.5,39212,0.0,0.0,-0.004584819154355602,-0.004595361673733038,0.17418640271726765,0.2861850066684565
2015-11-23 00:00:00-05:00,485.0,497.25,484.0,495.0,40480,0.0,0.0,0.013306038894575156,0.013218291085852797,0.20803374024862414,0.25486376134086663
2015-11-24 00:00:00-05:00,494.75,495.0,483.25,484.25,32158,0.0,0.0,-0.02171717171717169,-0.021956460281585016,0.24833638889068751,0.2648254263334955
2015-11-25 00:00:00-05:00,484.0,487.5,479.0,479.25,38901,0.0,0.0,-0.01032524522457412,-0.010378920361351419,0.2516263869135907,0.26598308814149024
2015-11-27 00:00:00-05:00,479.0,479.5,465.0,465.75,22654,0.0,0.0,-0.028169014084507005,-0.028573372444056,0.25591489754594815,0.2693188684297264
2015-11-30 00:00:00-05:00,460.75,464.75,458.75,460.0,9457,0.0,0.0,-0.012345679012345734,-0.012422519998557209,0.25088103644425674,0.26134893629230344
2015-12-01 00:00:00-05:00,460.0,464.0,456.5,456.5,1375,0.0,0.0,-0.007608695652173925,-0.007637789448117538,0.13672742981677832,0.24986280598691113
2015-12-02 00:00:00-05:00,458.25,459.0,451.25,452.25,794,0.0,0.0,-0.009309967141292397,-0.009353575759618597,0.13254072537756723,0.23625781522515804
2015-12-03 00:00:00-05:00,452.0,469.0,452.0,464.75,419,0.0,0.0,0.027639579878385945,0.027264502326148975,0.32502928291504646,0.25037368288215767
2015-12-04 00:00:00-05:00,465.0,471.25,465.0,471.25,328,0.0,0.0,0.013986013986013957,0.013889112160667093,0.27791480344692976,0.25962606039066777
2015-12-07 00:00:00-05:00,474.75,474.75,470.25,470.25,284,0.0,0.0,-0.002122015915119402,-0.0021242705810807895,0.2518261867818407,0.2598774065579686
2015-12-08 00:00:00-05:00,471.0,471.75,466.5,470.75,134,0.0,0.0,0.0010632642211589882,0.0010626993561220547,0.2322871620111694,0.2231406961972419
2015-12-09 00:00:00-05:00,469.75,479.75,469.75,478.0,36,0.0,0.0,0.015400955921402115,0.01528356495419428,0.1904773930310204,0.2206767600415136
2015-12-10 00:00:00-05:00,478.5,487.75,476.75,484.5,32,0.0,0.0,0.013598326359832713,0.013506698839365021,0.13085134609373922,0.2245590492633603
2015-12-11 00:00:00-05:00,487.5,491.25,480.0,482.75,46,0.0,0.0,-0.003611971104231171,-0.003618510022197104,0.14251913100053826,0.22293914885915203
2015-12-14 00:00:00-05:00,488.0,490.5,487.75,487.75,36250,0.0,0.0,0.01035732780942511,0.010304058194596712,0.1310466057919959,0.22645830614556792
2015-12-15 00:00:00-05:00,491.0,498.0,486.25,494.25,50977,0.0,0.0,0.013326499231163469,0.013238482547505663,0.12255920924226095,0.23152860445680007
2015-12-16 00:00:00-05:00,493.25,497.0,483.25,483.5,56697,0.0,0.0,-0.021750126454223584,-0.02199014715737729,0.24172568897944716,0.2399238671253748
2015-12-17 00:00:00-05:00,482.75,488.25,472.25,484.0,72702,0.0,0.0,0.0010341261633919352,0.001033591823282692,0.22053151055913958,0.2378759885593164
2015-12-18 00:00:00-05:00,486.0,499.0,481.0,486.75,72904,0.0,0.0,0.005681818181818121,0.0056657375356773,0.22115289413813163,0.23195348960600098
2015-12-21 00:00:00-05:00,486.0,491.0,478.25,479.0,45649,0.0,0.0,-0.01592193117616847,-0.01605004684139384,0.23483587322807098,0.23813486790198823
2015-12-22 00:00:00-05:00,480.0,482.75,471.25,471.75,45031,0.0,0.0,-0.015135699373695188,-0.015251413162255627,0.18852051254738392,0.23707018613460493
2015-12-23 00:00:00-05:00,472.5,475.0,468.0,469.5,41185,0.0,0.0,-0.004769475357710662,-0.004780885600342008,0.15251216305333534,0.22603215644641722
2015-12-24 00:00:00-05:00,468.5,471.75,467.25,467.5,20910,0.0,0.0,-0.004259850905218299,-0.0042689499195758904,0.14177096685822724,0.22388829970372673
2015-12-28 00:00:00-05:00,468.0,472.5,466.0,466.5,30601,0.0,0.0,-0.002139037433155133,-0.0021413284413432264,0.10393259731924333,0.20001067072624698
2015-12-29 00:00:00-05:00,467.5,476.75,467.0,475.75,36636,0.0,0.0,0.019828510182207992,0.019634485888860416,0.20381012908534965,0.20585936730147866
2015-12-30 00:00:00-05:00,476.5,479.5,469.25,469.75,41223,0.0,0.0,-0.012611665790856597,-0.01269186788268423,0.1935405805392174,0.2096123996664423
2015-12-31 00:00:00-05:00,469.75,472.5,468.75,470.0,24123,0.0,0.0,0.000532197977647586,0.0005320564105294756,0.19030621830142322,0.2057473069717411
2016-01-04 00:00:00-05:00,472.75,473.5,456.0,458.25,79124,0.0,0.0,-0.025000000000000022,-0.025317807984289897,0.26407188537047205,0.2036002205433369
2016-01-05 00:00:00-05:00,460.25,464.75,458.5,461.25,52297,0.0,0.0,0.00654664484451728,0.006525308634922641,0.2746621623827046,0.19815886948842384
2016-01-06 00:00:00-05:00,461.25,465.75,456.75,462.75,44780,0.0,0.0,0.003252032520325132,0.003246756098869873,0.20833187225902083,0.19867194474739522
2016-01-07 00:00:00-05:00,464.0,469.0,456.25,468.5,65716,0.0,0.0,0.012425715829281536,0.012349150224870058,0.22896045249754735,0.2040525293568219
2016-01-08 00:00:00-05:00,468.25,480.0,467.5,478.5,86311,0.0,0.0,0.02134471718249742,0.02112010921453216,0.2771758248172394,0.21103584846957377
2016-01-11 00:00:00-05:00,481.25,481.5,466.5,469.0,70055,0.0,0.0,-0.019853709508881878,-0.020053442446729543,0.24401284498596756,0.21607975133452612
2016-01-12 00:00:00-05:00,470.25,483.25,462.5,481.25,111042,0.0,0.0,0.026119402985074647,0.025784117155714634,0.28861400060658515,0.23704682355060722
2016-01-13 00:00:00-05:00,480.5,484.25,476.5,478.0,63921,0.0,0.0,-0.006753246753246733,-0.006776153110537983,0.30847692797903054,0.23485443938008785
2016-01-14 00:00:00-05:00,478.0,478.0,468.0,468.75,61410,0.0,0.0,-0.01935146443514646,-0.01954115520683542,0.3506453882457683,0.23722382318473756
2016-01-15 00:00:00-05:00,468.75,474.5,465.0,473.75,51486,0.0,0.0,0.010666666666666602,0.010610179112015469,0.31683762828584405,0.2302091807262296
2016-01-19 00:00:00-05:00,475.0,479.0,470.5,474.5,53537,0.0,0.0,0.0015831134564643357,0.001581861653346408,0.273634950242,0.23027916864811152
2016-01-20 00:00:00-05:00,473.0,475.5,467.25,471.5,57335,0.0,0.0,-0.006322444678609096,-0.0063425159764704045,0.1765780444016817,0.22967647949842315
2016-01-21 00:00:00-05:00,473.0,480.0,470.5,475.0,66429,0.0,0.0,0.007423117709437932,0.0073957019611289926,0.1909296093792389,0.22512594115567097
2016-01-22 00:00:00-05:00,475.5,480.0,472.5,475.5,48741,0.0,0.0,0.001052631578947416,0.0010520779508038345,0.1037864691001705,0.21822731373554397
2016-01-25 00:00:00-05:00,476.0,483.75,475.5,481.5,69027,0.0,0.0,0.012618296529968376,0.012539349252735173,0.1134822851774947,0.2213791246041786
2016-01-26 00:00:00-05:00,481.5,488.5,478.0,484.75,70110,0.0,0.0,0.00674974039460019,0.006727062884580922,0.11456369332047074,0.2211247837194741
2016-01-27 00:00:00-05:00,484.75,485.75,473.5,476.5,76816,0.0,0.0,-0.017019082001031416,-0.01716557102850434,0.1822469244849656,0.23082994330808645
2016-01-28 00:00:00-05:00,477.0,477.0,470.5,472.25,54662,0.0,0.0,-0.00891920251836309,-0.008959216712637896,0.18933319702484458,0.22239743496731704
2016-01-29 00:00:00-05:00,472.25,479.75,470.75,479.25,63054,0.0,0.0,0.014822657490735747,0.014713875544134853,0.22168573326070523,0.22353239282547474
2016-02-01 00:00:00-05:00,476.25,477.0,471.25,475.25,54739,0.0,0.0,-0.008346374543557689,-0.00838140055721538,0.2057285305557926,0.2260370210541134
2016-02-02 00:00:00-05:00,475.75,483.0,473.25,475.25,81869,0.0,0.0,0.0,0.0,0.1916186206265838,0.2048326992323039
2016-02-03 00:00:00-05:00,475.75,480.5,474.5,480.0,75261,0.0,0.0,0.009994739610731163,0.00994512253339804,0.169755974212246,0.2062306179611696
2016-02-04 00:00:00-05:00,479.0,482.5,472.5,472.75,82202,0.0,0.0,-0.015104166666666696,-0.015219396363369768,0.19716211539012807,0.21494931020935934
2016-02-05 00:00:00-05:00,473.75,474.0,465.5,466.75,124187,0.0,0.0,-0.012691697514542577,-0.012772925116734888,0.16305860723188018,0.21597226461729035
2016-02-08 00:00:00-05:00,466.0,468.75,457.5,458.5,106709,0.0,0.0,-0.01767541510444559,-0.01783349072531241,0.18611348814145348,0.2088840407047133
2016-02-09 00:00:00-05:00,458.75,460.25,455.0,457.5,93619,0.0,0.0,-0.0021810250817884125,-0.0021834069809435063,0.18146107329394487,0.19804481923300524
2016-02-10 00:00:00-05:00,457.75,462.75,456.5,461.25,98224,0.0,0.0,0.008196721311475308,0.008163310639160835,0.1706472381356132,0.17405954986421787
2016-02-11 00:00:00-05:00,460.5,465.75,457.75,458.25,105497,0.0,0.0,-0.006504065040650375,-0.006525308634922515,0.158215039041986,0.1739727166522798
2016-02-12 00:00:00-05:00,458.75,462.0,455.0,457.5,69342,0.0,0.0,-0.0016366612111292644,-0.0016380020042383583,0.14869029759065244,0.16152594699672496
2016-02-16 00:00:00-05:00,460.25,465.0,459.75,464.25,78290,0.0,0.0,0.014754098360655776,0.014646315517239208,0.13809667190855965,0.16608414325943435
2016-02-17 00:00:00-05:00,463.75,470.0,462.5,468.5,69086,0.0,0.0,0.009154550350026991,0.00911290144566177,0.13720115517699513,0.16975592398569853
2016-02-18 00:00:00-05:00,468.75,468.75,461.75,462.25,84535,0.0,0.0,-0.013340448239060887,-0.013430231411242706,0.18156366714697883,0.1746607133283328
2016-02-19 00:00:00-05:00,462.0,464.25,460.0,461.75,53430,0.0,0.0,-0.0010816657652785722,-0.0010822511878849288,0.17225511210803873,0.1718507773584388
2016-02-22 00:00:00-05:00,461.0,463.25,458.0,458.5,50119,0.0,0.0,-0.0070384407146724115,-0.0070633273828297725,0.18255128179039565,0.17274318598780697
2016-02-23 00:00:00-05:00,458.0,459.25,447.5,448.0,54134,0.0,0.0,-0.022900763358778664,-0.023167059281534418,0.1926358061224944,0.17940762148924635
2016-02-24 00:00:00-05:00,447.5,448.0,438.0,442.75,41098,0.0,0.0,-0.01171875,-0.01178795575204224,0.12834234402393335,0.17732634819320187
2016-02-25 00:00:00-05:00,443.25,446.75,440.5,445.25,22796,0.0,0.0,0.005646527385657851,0.005630645506828142,0.1719267617201667,0.17426336581117122
2016-02-26 00:00:00-05:00,445.0,447.25,439.5,443.25,24548,0.0,0.0,-0.004491858506457058,-0.004501977215453774,0.16559602919354244,0.17308412971772247
2016-02-29 00:00:00-05:00,446.25,448.5,443.0,445.0,2087,0.0,0.0,0.003948110547095318,0.003940337211922941,0.18701864585027791,0.16209901424288786
2016-03-01 00:00:00-05:00,445.0,446.75,437.75,438.5,1101,0.0,0.0,-0.014606741573033655,-0.014714470354002428,0.14380519886779797,0.16598094872678154
2016-03-02 00:00:00-05:00,440.0,443.0,435.25,442.75,1337,0.0,0.0,0.009692132269099263,0.00964546485070525,0.1536909167068059,0.17248877792240594
2016-03-03 00:00:00-05:00,442.75,456.5,442.75,453.25,1000,0.0,0.0,0.02371541501976293,0.023438572972017596,0.22988123286986675,0.1924276278039231
2016-03-04 00:00:00-05:00,454.25,458.5,453.25,454.75,330,0.0,0.0,0.003309431880860414,0.003303967763271161,0.2188794235339064,0.18784922119015046
2016-03-07 00:00:00-05:00,460.0,462.25,457.75,457.75,106,0.0,0.0,0.006597031335898951,0.006575366156388563,0.21872383790641103,0.18557882091518704
2016-03-08 00:00:00-05:00,454.75,461.25,454.75,461.25,153,0.0,0.0,0.007646095030038325,0.007617011800116943,0.12547585914420128,0.17679357834116832
2016-03-09 00:00:00-05:00,461.0,463.75,454.75,463.75,145,0.0,0.0,0.005420054200542035,0.005405418566907982,0.1301272650962456,0.17740353716657487
2016-03-10 00:00:00-05:00,463.25,471.5,463.25,471.5,55,0.0,0.0,0.01671159029649605,0.01657348815186738,0.08195881708051998,0.18458123205362043
2016-03-11 00:00:00-05:00,472.5,472.75,467.75,469.75,237,0.0,0.0,-0.003711558854718966,-0.0037184637799374727,0.11530522162431592,0.1833043702484968
2016-03-14 00:00:00-04:00,469.0,473.5,469.0,471.5,44445,0.0,0.0,0.0037253858435337683,0.0037184637799374627,0.11699406988546732,0.18315179486827854
2016-03-15 00:00:00-04:00,478.5,479.25,473.0,477.25,40065,0.0,0.0,0.012195121951219523,0.01212136053234482,0.1252915419004894,0.18092056913955848
2016-03-16 00:00:00-04:00,476.75,477.0,469.75,470.75,39822,0.0,0.0,-0.013619696176008333,-0.013713295068595154,0.19350064369631767,0.18603523621785806
2016-03-17 00:00:00-04:00,471.5,476.0,460.25,462.5,86914,0.0,0.0,-0.017525225703664327,-0.017680610584781868,0.1939827535485416,0.19064229500925478
2016-03-18 00:00:00-04:00,463.0,464.25,457.5,463.0,39643,0.0,0.0,0.00108108108108107,0.0010804971337541789,0.19705999254106965,0.19061972843207367
2016-03-21 00:00:00-04:00,468.75,472.0,463.75,466.5,59600,0.0,0.0,0.0075593952483801186,0.0075309662011644315,0.20673574329317193,0.19030641469660722
2016-03-22 00:00:00-04:00,466.5,470.5,463.25,466.75,47966,0.0,0.0,0.000535905680600246,0.0005357621344335106,0.16925283461524515,0.1682850379905356
2016-03-23 00:00:00-04:00,467.5,468.0,462.5,463.0,34997,0.0,0.0,-0.008034279592929794,-0.008066728335597882,0.1540322702295951,0.1647415758607944
2016-03-24 00:00:00-04:00,463.5,464.5,458.5,463.0,39232,0.0,0.0,0.0,0.0,0.08798873151164087,0.16443456007840546
2016-03-28 00:00:00-04:00,465.75,477.25,463.5,471.0,63256,0.0,0.0,0.017278617710583255,0.017131039930183774,0.1506823040456981,0.17104764757100768
2016-03-29 00:00:00-04:00,471.0,477.5,470.5,476.75,50203,0.0,0.0,0.01220806794055207,0.012134150464110751,0.16183576618874027,0.17407952993959278
2016-03-30 00:00:00-04:00,476.0,477.5,463.0,464.0,76784,0.0,0.0,-0.02674357629785007,-0.027107692254273227,0.27743589713771827,0.1949152229051467
2016-03-31 00:00:00-04:00,464.0,475.0,455.25,473.5,114421,0.0,0.0,0.020474137931034475,0.020267360399877664,0.30475216824919354,0.2034667670964536
2016-04-01 00:00:00-04:00,473.25,476.25,466.25,475.75,59592,0.0,0.0,0.0047518479408659164,0.004740593550125962,0.3020459126284069,0.18902714601025042
2016-04-04 00:00:00-04:00,476.0,479.0,470.25,474.75,52802,0.0,0.0,-0.0021019442984760994,-0.0021041564838636217,0.28570716021070774,0.18969193374010554
2016-04-05 00:00:00-04:00,475.0,476.5,470.0,474.0,42643,0.0,0.0,-0.0015797788309637184,-0.001581027997318818,0.2701578852273738,0.18941121597337732
2016-04-06 00:00:00-04:00,473.0,473.75,461.5,463.0,77657,0.0,0.0,-0.02320675105485237,-0.023480267608842472,0.2493213605349722,0.2075984296469327
2016-04-07 00:00:00-04:00,463.0,465.25,456.75,457.0,76550,0.0,0.0,-0.01295896328293733,-0.013043663192029339,0.17563438727131245,0.21176141077642832
2016-04-08 00:00:00-04:00,457.5,462.5,456.25,460.25,82236,0.0,0.0,0.007111597374179324,0.007086429218982431,0.18608581086862272,0.2039201789013999
2016-04-11 00:00:00-04:00,458.0,458.75,446.0,447.25,103496,0.0,0.0,-0.02824551873981529,-0.028652097724358668,0.2333081205986009,0.22549704954564587
2016-04-12 00:00:00-04:00,448.0,457.0,446.5,452.5,93141,0.0,0.0,0.01173840134153159,0.011670040751152279,0.28369404700408196,0.2301093412111525
2016-04-13 00:00:00-04:00,452.5,466.75,450.0,461.5,111478,0.0,0.0,0.019889502762430844,0.019694290802925944,0.31233735008435315,0.23787428456459273
2016-04-14 00:00:00-04:00,461.5,465.5,454.25,459.75,90505,0.0,0.0,-0.003791982665222071,-0.003799190458476345,0.29562006890742054,0.23379412762857552
2016-04-15 00:00:00-04:00,459.25,462.25,454.75,459.75,72123,0.0,0.0,0.0,0.0,0.29115090502664315,0.22557389778727338
2016-04-18 00:00:00-04:00,461.75,477.0,460.5,472.75,100740,0.0,0.0,0.028276237085372413,0.027883844054136336,0.2126224608124101,0.2472400412826719
2016-04-19 00:00:00-04:00,473.0,487.75,471.0,486.25,79828,0.0,0.0,0.028556319407720743,0.028156187394089136,0.2460831883990378,0.26504334863549595
2016-04-20 00:00:00-04:00,485.5,504.75,484.75,504.25,59456,0.0,0.0,0.03701799485861179,0.03634928190166507,0.29460055222807774,0.29223246897624594
2016-04-21 00:00:00-04:00,503.0,510.75,490.75,495.75,62582,0.0,0.0,-0.016856717897868134,-0.01700040943441581,0.36233192686445,0.2986710129498854
2016-04-22 00:00:00-04:00,494.0,494.0,465.25,467.0,69802,0.0,0.0,-0.05799293998991428,-0.05974250973100806,0.6428913134614019,0.3702761648050825
2016-04-25 00:00:00-04:00,466.75,478.75,462.0,471.25,25575,0.0,0.0,0.009100642398286896,0.009059481093323166,0.6104951097203405,0.3665362039483105
2016-04-26 00:00:00-04:00,471.0,480.5,467.0,479.75,18275,0.0,0.0,0.018037135278514693,0.017876396125588875,0.5834259633429555,0.3696226638304191
2016-04-27 00:00:00-04:00,478.0,482.0,471.5,474.25,20360,0.0,0.0,-0.011464304325169317,-0.011530526072685662,0.46867156191168025,0.35845593793281705
2016-04-28 00:00:00-04:00,474.75,486.75,472.0,475.5,15480,0.0,0.0,0.0026357406431207764,0.0026322731703214692,0.47588843761564514,0.35134739827692374
2016-04-29 00:00:00-04:00,472.25,480.5,470.5,478.0,5031,0.0,0.0,0.00525762355415349,0.005243850506010948,0.17080793102214065,0.35143418818680977
2016-05-02 00:00:00-04:00,476.0,479.0,471.75,477.0,1837,0.0,0.0,-0.0020920502092049986,-0.002094241603114737,0.17117825626175157,0.3514332291503331
2016-05-03 00:00:00-04:00,480.0,481.5,458.25,459.75,751,0.0,0.0,-0.036163522012578664,-0.036833627403910794,0.266614424759006,0.3747762803422135
2016-05-04 00:00:00-04:00,460.75,465.25,460.0,460.5,343,0.0,0.0,0.0016313213703098572,0.00162999221093097,0.2731540149133456,0.3657445665693128
2016-05-05 00:00:00-04:00,460.0,461.5,452.75,453.0,329,0.0,0.0,-0.016286644951140072,-0.01642073021232752,0.2695826978656819,0.36749303729032606
2016-05-06 00:00:00-04:00,453.5,458.5,453.25,453.25,356,0.0,0.0,0.0005518763796910076,0.0005517241519264739,0.2549952241870887,0.36650262682363083
2016-05-09 00:00:00-04:00,454.75,454.75,446.0,447.0,153,0.0,0.0,-0.013789299503585206,-0.01388525502139159,0.24406566355966872,0.3554175335826382
2016-05-10 00:00:00-04:00,450.0,458.75,446.75,451.5,25,0.0,0.0,0.010067114093959662,0.010016778243471209,0.17679981691848937,0.35474758698878717
2016-05-11 00:00:00-04:00,454.0,454.0,449.5,449.5,3,0.0,0.0,-0.0044296788482834915,-0.0044395189453651385,0.17070794089916513,0.34720374293712997
2016-05-12 00:00:00-04:00,452.5,458.5,452.5,458.5,24,0.0,0.0,0.020022246941045596,0.019824437784844565,0.207198218230017,0.3549467827683727
2016-05-13 00:00:00-04:00,458.0,466.0,458.0,465.0,76197,0.0,0.0,0.014176663031624903,0.014077113890836811,0.2212903052656885,0.358441691083125
2016-05-16 00:00:00-04:00,474.0,476.5,467.5,474.75,50581,0.0,0.0,0.020967741935483897,0.020750944105038974,0.16325597872053285,0.351893726438948
2016-05-17 00:00:00-04:00,472.75,484.5,472.75,481.75,74128,0.0,0.0,0.014744602422327446,0.01463695760208042,0.16285348817842868,0.3404914467739085
2016-05-18 00:00:00-04:00,481.25,484.75,477.0,480.0,62478,0.0,0.0,-0.0036325895173845435,-0.0036392033925391667,0.1574582093489723,0.31076742916227207
2016-05-19 00:00:00-04:00,478.5,479.5,462.5,468.75,89560,0.0,0.0,-0.0234375,-0.023716526617316044,0.2879811167593053,0.31570139325270014
2016-05-20 00:00:00-04:00,467.75,474.5,464.25,467.75,62463,0.0,0.0,-0.0021333333333333204,-0.002135612130421561,0.2767404730415419,0.238561793529618
2016-05-23 00:00:00-04:00,466.0,469.0,461.0,462.0,57510,0.0,0.0,-0.012292891501870629,-0.012369074072460119,0.2234377003348181,0.24004332153122696
2016-05-24 00:00:00-04:00,462.25,470.0,457.75,464.0,67393,0.0,0.0,0.0043290043290042934,0.00431966114451638,0.1703529410185506,0.230454314544557
2016-05-25 00:00:00-04:00,464.0,469.0,463.0,466.0,48818,0.0,0.0,0.004310344827586299,0.004301081899390702,0.1897467287061369,0.22826095636731045
2016-05-26 00:00:00-04:00,465.75,482.25,465.5,481.25,100179,0.0,0.0,0.03272532188841204,0.03220125147634813,0.265488550875708,0.2573630673964791
2016-05-27 00:00:00-04:00,481.25,484.75,478.5,481.5,72037,0.0,0.0,0.0005194805194805863,0.0005193456361863339,0.26139036076191585,0.2568055667014401
2016-05-31 00:00:00-04:00,481.0,483.75,463.5,464.5,99987,0.0,0.0,-0.0353063343717549,-0.035944672984287,0.3844794347236777,0.28657229264563244
2016-06-01 00:00:00-04:00,464.5,474.75,463.0,473.75,66398,0.0,0.0,0.01991388589881593,0.019718198142742897,0.40741072256376976,0.26399757956337444
2016-06-02 00:00:00-04:00,473.5,487.0,472.75,485.5,92411,0.0,0.0,0.024802110817941925,0.02449953133474347,0.43224019110191997,0.2765116882853104
2016-06-03 00:00:00-04:00,484.25,498.25,482.25,497.25,113652,0.0,0.0,0.024201853759011405,0.023913630002702052,0.4055975124627947,0.27681116026688773
2016-06-06 00:00:00-04:00,496.0,514.75,496.0,507.5,116771,0.0,0.0,0.020613373554549952,0.020403793181860745,0.41096414883637344,0.28182711798738114
2016-06-07 00:00:00-04:00,507.0,513.5,500.75,509.0,113852,0.0,0.0,0.002955665024630516,0.0029513056345803197,0.14205677329036695,0.2724885390457848
2016-06-08 00:00:00-04:00,507.25,524.0,506.0,519.5,138771,0.0,0.0,0.02062868369351678,0.02041879398875942,0.14259542464755903,0.27678726487523914
2016-06-09 00:00:00-04:00,518.75,519.0,506.0,510.25,105867,0.0,0.0,-0.01780558229066409,-0.0179660088493279,0.2806251752343457,0.2880732229566869
2016-06-10 00:00:00-04:00,510.25,512.5,494.25,495.0,127494,0.0,0.0,-0.02988731014208723,-0.030343039121263893,0.3608646589827938,0.3106284585136082
2016-06-13 00:00:00-04:00,495.5,503.25,490.75,491.25,107395,0.0,0.0,-0.007575757575757569,-0.007604599385219304,0.3075295902351985,0.3107913205436552
2016-06-14 00:00:00-04:00,491.5,493.5,481.25,485.0,105522,0.0,0.0,-0.012722646310432517,-0.01280427224598774,0.2976678783499305,0.3078548295690588
2016-06-15 00:00:00-04:00,485.0,489.75,477.0,477.5,74692,0.0,0.0,-0.015463917525773141,-0.015584731016698203,0.1317981199390786,0.30896163551688555
2016-06-16 00:00:00-04:00,477.5,479.5,471.0,472.5,67811,0.0,0.0,-0.010471204188481686,-0.010526412986987504,0.13802874892787534,0.310898413316732
2016-06-17 00:00:00-04:00,473.75,482.5,472.5,481.25,62549,0.0,0.0,0.0185185185185186,0.018349138668196617,0.2184328675746646,0.3056572370841474
2016-06-20 00:00:00-04:00,480.5,480.75,472.25,473.0,58397,0.0,0.0,-0.017142857142857126,-0.017291497110060994,0.23404357340674328,0.3125839857995155
2016-06-21 00:00:00-04:00,473.0,476.5,457.25,458.5,65922,0.0,0.0,-0.030655391120507414,-0.03113509679541344,0.28789471315686654,0.329099725441801
2016-06-22 00:00:00-04:00,460.0,465.25,458.25,458.75,49107,0.0,0.0,0.0005452562704471031,0.0005451076722604805,0.29475892830355843,0.3286866202965176
2016-06-23 00:00:00-04:00,458.25,461.5,453.25,454.25,42623,0.0,0.0,-0.009809264305177146,-0.009857692092499495,0.29442409876935277,0.3298421271550496
2016-06-24 00:00:00-04:00,454.5,456.0,441.75,454.75,44990,0.0,0.0,0.0011007154650521933,0.001100110121950978,0.21075199713730505,0.30503482800456017
2016-06-27 00:00:00-04:00,454.75,460.0,446.0,446.75,20891,0.0,0.0,-0.017592083562396943,-0.017748663358694235,0.21157360742324793,0.3092825684424461
2016-06-28 00:00:00-04:00,446.25,454.75,442.75,443.75,20654,0.0,0.0,-0.006715165081141561,-0.006737813249911853,0.12333128338881749,0.28614127039495946
2016-06-29 00:00:00-04:00,443.75,447.25,428.5,429.5,16274,0.0,0.0,-0.03211267605633805,-0.03263959936531551,0.19999492880200592,0.2925107748694042
2016-06-30 00:00:00-04:00,429.75,438.75,423.0,431.25,2435,0.0,0.0,0.004074505238649495,0.004066226921259354,0.2352439297693099,0.2733838395186559
2016-07-01 00:00:00-04:00,430.25,431.0,414.25,416.25,735,0.0,0.0,-0.034782608695652195,-0.03540192705091595,0.2625265921105983,0.2677455461189896
2016-07-05 00:00:00-04:00,416.25,419.5,405.0,419.5,308,0.0,0.0,0.007807807807807876,0.007777484612607352,0.3176526463717316,0.25256972920131004
2016-07-06 00:00:00-04:00,415.25,418.75,408.0,415.75,355,0.0,0.0,-0.008939213349225317,-0.00897940783422386,0.31555455460834897,0.24837428181209076
2016-07-07 00:00:00-04:00,417.25,421.25,410.75,412.0,169,0.0,0.0,-0.009019843656043247,-0.009060768723510618,0.26500957567363437,0.22071818781598596
2016-07-08 00:00:00-04:00,421.0,424.0,420.75,420.75,84,0.0,0.0,0.02123786407766981,0.02101548372138891,0.33400712350682044,0.24763543519234096
2016-07-11 00:00:00-04:00,423.5,423.75,416.25,416.25,118,0.0,0.0,-0.010695187165775444,-0.01075279177626185,0.22275733594490954,0.23574395033445067
2016-07-12 00:00:00-04:00,416.25,424.0,415.5,424.0,56,0.0,0.0,0.018618618618618576,0.018447413937304136,0.25698273181217957,0.2547100232445867
2016-07-13 00:00:00-04:00,430.0,434.0,426.25,426.25,56,0.0,0.0,0.005306603773584939,0.005292573365768816,0.23706808680319746,0.25755951284962697
2016-07-14 00:00:00-04:00,431.25,431.25,421.75,421.75,72305,0.0,0.0,-0.010557184750733084,-0.01061330717164881,0.24300918842201935,0.2558295154781363
2016-07-15 00:00:00-04:00,434.0,439.75,424.0,424.75,76867,0.0,0.0,0.007113218731475968,0.007088039125963698,0.1995550395440272,0.2594014960580763
2016-07-18 00:00:00-04:00,425.0,431.75,420.25,429.5,62265,0.0,0.0,0.011183048852265953,0.011120980872268572,0.17049398262319557,0.25170388459131404
2016-07-19 00:00:00-04:00,427.75,428.25,416.25,418.0,53844,0.0,0.0,-0.0267753201396973,-0.027140308899553725,0.25030553528059424,0.25977996541159715
2016-07-20 00:00:00-04:00,419.25,423.75,406.5,413.0,78390,0.0,0.0,-0.011961722488038284,-0.012033839563723565,0.24527764768462582,0.24429345072508143
2016-07-21 00:00:00-04:00,414.0,419.75,408.75,417.75,67833,0.0,0.0,0.011501210653753091,0.011435574514470402,0.26939392042402766,0.2506629968244391
2016-07-22 00:00:00-04:00,417.25,427.0,407.0,425.25,82418,0.0,0.0,0.01795332136445249,0.017794063800468114,0.30108655807083756,0.26205154975179806
2016-07-25 00:00:00-04:00,425.75,435.25,421.0,429.0,89270,0.0,0.0,0.008818342151675429,0.008779687652045773,0.2961691659445346,0.26513072460067133
2016-07-26 00:00:00-04:00,427.5,429.25,414.0,415.0,64182,0.0,0.0,-0.03263403263403264,-0.03317839869731868,0.3303681013265533,0.2811700196029085
2016-07-27 00:00:00-04:00,416.75,421.0,414.0,414.75,46739,0.0,0.0,-0.00060240963855418,-0.0006025911601443893,0.3167583530624181,0.28108849632870786
2016-07-28 00:00:00-04:00,414.5,420.0,408.25,410.25,56838,0.0,0.0,-0.010849909584086825,-0.010909199100353621,0.3097755488956081,0.26155877093731383
2016-07-29 00:00:00-04:00,411.5,412.75,403.5,407.75,61173,0.0,0.0,-0.006093845216331495,-0.006112488469077016,0.24538839479456404,0.26083348520438965
2016-08-01 00:00:00-04:00,410.75,415.5,404.75,406.0,68357,0.0,0.0,-0.0042918454935622075,-0.0043010818993905854,0.20160901922028263,0.23189237431356807
2016-08-02 00:00:00-04:00,406.0,410.5,399.25,401.25,60901,0.0,0.0,-0.011699507389162589,-0.01176848515750705,0.07342014897249692,0.23224260768927488
2016-08-03 00:00:00-04:00,402.0,415.0,401.0,410.25,66098,0.0,0.0,0.02242990654205612,0.022182055525974704,0.22325884888971628,0.24629347894819245
2016-08-04 00:00:00-04:00,410.5,416.0,402.5,403.25,54088,0.0,0.0,-0.017062766605728252,-0.017210012964882074,0.24215433681562748,0.2515599107479149
2016-08-05 00:00:00-04:00,403.25,418.5,403.0,416.0,114185,0.0,0.0,0.03161810291382516,0.031128543255945034,0.3424161954281009,0.26598927754350465
2016-08-08 00:00:00-04:00,418.5,423.5,411.5,417.0,129025,0.0,0.0,0.0024038461538462563,0.002400961537538268,0.3351793892019107,0.26333788339738073
2016-08-09 00:00:00-04:00,415.0,419.25,411.5,417.0,88193,0.0,0.0,0.0,0.0,0.3063226368799978,0.2542210319391998
2016-08-10 00:00:00-04:00,416.5,427.5,414.5,421.75,90634,0.0,0.0,0.011390887290167795,0.011326499627276164,0.282373086335616,0.25703271262919725
2016-08-11 00:00:00-04:00,420.0,424.0,413.5,416.25,98818,0.0,0.0,-0.01304090100770594,-0.013126680131424052,0.26273532022921225,0.25848085592847725
2016-08-12 00:00:00-04:00,416.0,423.25,406.0,422.5,79674,0.0,0.0,0.01501501501501501,0.014903405502574948,0.1741346060937315,0.26306109837557184
2016-08-15 00:00:00-04:00,421.25,430.0,417.25,422.0,82009,0.0,0.0,-0.0011834319526626835,-0.0011841327612166937,0.176947449275567,0.2596446419385698
2016-08-16 00:00:00-04:00,420.0,428.0,414.5,423.5,69172,0.0,0.0,0.0035545023696681444,0.003548200056097177,0.17565885301853018,0.24097780606591535
2016-08-17 00:00:00-04:00,423.0,428.5,419.5,426.0,44740,0.0,0.0,0.005903187721369552,0.00588583217726135,0.16332094798293056,0.23677293229177276
2016-08-18 00:00:00-04:00,424.5,428.0,420.0,427.0,38516,0.0,0.0,0.0023474178403755097,0.0023446669592540547,0.09668985547627836,0.23393746713898503
2016-08-19 00:00:00-04:00,426.25,432.5,422.5,427.0,38691,0.0,0.0,0.0,0.0,0.044779756800446296,0.22540827914105818
2016-08-22 00:00:00-04:00,427.0,429.25,414.0,415.25,39066,0.0,0.0,-0.02751756440281028,-0.027903264735220274,0.21893481285586602,0.24338296087330305
2016-08-23 00:00:00-04:00,415.0,415.0,406.75,407.75,38969,0.0,0.0,-0.018061408789885602,-0.018226506992280993,0.23074177766422843,0.22334270783033555
2016-08-24 00:00:00-04:00,407.75,409.25,402.5,404.0,25597,0.0,0.0,-0.009196811771919111,-0.009239363539973225,0.19823692045713726,0.2253232291655201
2016-08-25 00:00:00-04:00,404.5,407.75,400.75,401.25,17860,0.0,0.0,-0.0068069306930692575,-0.006830203516924399,0.16946740087439766,0.2234802058376259
2016-08-26 00:00:00-04:00,401.25,402.25,381.0,383.5,35451,0.0,0.0,-0.04423676012461064,-0.04524505363691479,0.24227291260150982,0.2709502578603163
2016-08-29 00:00:00-04:00,383.5,384.0,369.5,370.5,29038,0.0,0.0,-0.03389830508474578,-0.03448617607116932,0.25662486804554524,0.29246278318962005
2016-08-30 00:00:00-04:00,370.0,374.25,361.5,363.25,27620,0.0,0.0,-0.019568151147098534,-0.019762142285749313,0.25522433838064695,0.29637439181696706
2016-08-31 00:00:00-04:00,363.5,367.0,359.5,361.0,2335,0.0,0.0,-0.00619408121128695,-0.006213344117511323,0.2659293144008018,0.2783692071846009
2016-09-01 00:00:00-04:00,363.0,369.0,362.5,368.25,712,0.0,0.0,0.020083102493074767,0.019884097009858707,0.39889201395458024,0.2901686691492928
2016-09-02 00:00:00-04:00,368.25,374.25,367.25,373.25,245,0.0,0.0,0.01357773251866945,0.013486381076560182,0.35698792830572185,0.26660262278531605
2016-09-06 00:00:00-04:00,371.0,376.5,369.75,371.0,55,0.0,0.0,-0.006028131279303461,-0.006046373811864673,0.2565346553933169,0.26505862014982284
2016-09-07 00:00:00-04:00,371.75,376.75,371.75,375.25,64,0.0,0.0,0.011455525606469008,0.0113904079061362,0.19069488470215953,0.2713660191071689
2016-09-08 00:00:00-04:00,375.5,377.0,375.5,377.0,18,0.0,0.0,0.004663557628247883,0.004652716934439476,0.15758163023103566,0.26695190520093903
2016-09-09 00:00:00-04:00,376.75,376.75,376.0,376.0,36,0.0,0.0,-0.0026525198938992522,-0.0026560440581162963,0.13571800249117927,0.2655807349800594
2016-09-12 00:00:00-04:00,382.0,384.5,381.5,383.25,29,0.0,0.0,0.01928191489361697,0.01909837436202894,0.16369783715270653,0.27022365237496015
2016-09-13 00:00:00-04:00,383.0,383.0,374.75,374.75,6,0.0,0.0,-0.02217873450750163,-0.02242838076921642,0.2511684164503236,0.27677278467327476
2016-09-14 00:00:00-04:00,376.75,376.75,376.75,376.75,57171,0.0,0.0,0.005336891260840471,0.005322700523897666,0.24035507793335195,0.2776404853953164
2016-09-15 00:00:00-04:00,401.0,406.75,398.0,399.5,42993,0.0,0.0,0.060384870603848784,0.05863192769972459,0.4906606804958909,0.36225784807908673
2016-09-16 00:00:00-04:00,398.0,404.75,393.75,403.25,49762,0.0,0.0,0.009386733416770987,0.009342951798988908,0.4751564695337018,0.36448075438585054
2016-09-19 00:00:00-04:00,404.0,409.0,399.75,404.0,45558,0.0,0.0,0.0018598884066955979,0.0018581609558318266,0.4800496907149526,0.3647170090315798
2016-09-20 00:00:00-04:00,402.25,410.0,401.5,406.0,43011,0.0,0.0,0.004950495049504955,0.004938281640582577,0.3927739356445196,0.3532249100286849
2016-09-21 00:00:00-04:00,405.0,409.0,402.25,407.75,37396,0.0,0.0,0.004310344827586299,0.004301081899390702,0.3946559685892447,0.3476853383495075
2016-09-22 00:00:00-04:00,405.25,411.75,404.25,405.5,41465,0.0,0.0,-0.005518087063151489,-0.005533367945655688,0.08700962332615625,0.3466064804087842
2016-09-23 00:00:00-04:00,403.75,409.5,401.25,404.75,44340,0.0,0.0,-0.0018495684340320562,-0.0018512809977230974,0.06991938469592875,0.3456828183381992
2016-09-26 00:00:00-04:00,401.75,407.0,395.25,396.0,55425,0.0,0.0,-0.021618282890673246,-0.021855381303263956,0.1714319912904493,0.31465272286948104
2016-09-27 00:00:00-04:00,397.25,405.0,394.0,404.0,60932,0.0,0.0,0.02020202020202011,0.020000666706669435,0.2412609857786887,0.29098108595375455
2016-09-28 00:00:00-04:00,404.5,407.25,401.75,403.25,40835,0.0,0.0,-0.0018564356435643026,-0.001858160955831773,0.2368103210003105,0.27806025668109824
2016-09-29 00:00:00-04:00,401.75,406.75,397.75,399.0,47733,0.0,0.0,-0.010539367637941721,-0.010595300115454783,0.2439153059197972,0.28087270690243105
2016-09-30 00:00:00-04:00,398.5,403.75,390.0,402.0,90561,0.0,0.0,0.007518796992481258,0.007490671729157659,0.25579734672944826,0.27550999846299695
2016-10-03 00:00:00-04:00,399.75,401.75,391.5,395.5,73010,0.0,0.0,-0.016169154228855676,-0.01630130141131245,0.23010886099738612,0.2827000679187753
2016-10-04 00:00:00-04:00,396.5,398.25,392.5,395.5,41951,0.0,0.0,0.0,0.0,0.14719493625242347,0.28093777770362865
2016-10-05 00:00:00-04:00,395.0,408.5,392.0,405.0,82177,0.0,0.0,0.02402022756005051,0.02373627989883052,0.2511682157137363,0.2891665099329282
2016-10-06 00:00:00-04:00,407.0,409.5,393.5,395.75,82996,0.0,0.0,-0.022839506172839474,-0.023104368345417577,0.2975601380513951,0.30437974386719313
2016-10-07 00:00:00-04:00,397.75,401.0,394.25,394.75,61770,0.0,0.0,-0.0025268477574226234,-0.002530045625370066,0.28674079566745786,0.30435129782441156
2016-10-11 00:00:00-04:00,402.75,408.75,401.25,407.25,69906,0.0,0.0,0.03166561114629518,0.031174594346403094,0.34814211178316556,0.31628995868108767
2016-10-12 00:00:00-04:00,405.25,414.0,396.0,396.75,96067,0.0,0.0,-0.025782688766114226,-0.026120888075636103,0.417618809884727,0.3203619377762043
2016-10-13 00:00:00-04:00,396.5,417.0,396.5,416.0,108555,0.0,0.0,0.04851921865154374,0.047378900854744777,0.5253589870524277,0.3588180454848561
2016-10-14 00:00:00-04:00,415.25,428.25,414.75,421.0,105412,0.0,0.0,0.012019230769230838,0.011947573421118202,0.4598073451294267,0.2956894214520665
2016-10-17 00:00:00-04:00,418.25,425.75,416.0,423.75,68644,0.0,0.0,0.0065320665083135054,0.006510825012278565,0.44507131513480863,0.29501729416749756
2016-10-18 00:00:00-04:00,425.0,425.5,418.25,420.0,60252,0.0,0.0,-0.008849557522123908,-0.00888894741724604,0.4400602716648128,0.297831048100775
2016-10-19 00:00:00-04:00,420.5,422.25,413.0,420.25,61517,0.0,0.0,0.0005952380952380931,0.0005950610113109969,0.3485208671243321,0.29768121818516385
2016-10-20 00:00:00-04:00,419.5,422.75,415.25,417.0,49984,0.0,0.0,-0.007733491969066031,-0.007763550489923539,0.1429348004805386,0.2994479436740091
2016-10-21 00:00:00-04:00,417.0,418.5,413.25,414.5,38986,0.0,0.0,-0.005995203836930418,-0.006013247223451746,0.10328800522313142,0.29959655658636086
2016-10-24 00:00:00-04:00,414.25,416.75,400.75,402.5,82892,0.0,0.0,-0.02895054282267795,-0.02937787771673163,0.17636192558691982,0.31820087910110145
2016-10-25 00:00:00-04:00,403.75,406.75,398.75,404.25,61130,0.0,0.0,0.004347826086956497,0.004338401598598141,0.20519565722548236,0.3080883891633528
2016-10-26 00:00:00-04:00,404.0,414.0,402.75,411.5,71491,0.0,0.0,0.017934446505875057,0.017775521659908256,0.27394728135547297,0.30633445505115453
2016-10-27 00:00:00-04:00,411.5,418.75,411.25,414.5,62056,0.0,0.0,0.007290400972053357,0.007263954458225057,0.2819681196483653,0.30688554952281105
2016-10-28 00:00:00-04:00,416.25,417.5,407.25,408.5,45840,0.0,0.0,-0.014475271411338975,-0.014581060275292103,0.29730111920940666,0.30925138337668784
2016-10-31 00:00:00-04:00,411.5,417.0,408.75,416.25,69456,0.0,0.0,0.01897184822521414,0.01879412699459595,0.21460251191854549,0.3148991591542317
2016-11-01 00:00:00-04:00,416.25,418.25,410.75,414.25,76666,0.0,0.0,-0.00480480480480483,-0.004816384987981315,0.23047814542703607,0.30876054904213257
2016-11-02 00:00:00-04:00,414.5,420.25,412.0,417.75,77145,0.0,0.0,0.00844900422450201,0.0084135111688307,0.20536822503875055,0.30931040440190866
2016-11-03 00:00:00-04:00,417.5,420.0,409.0,412.0,70194,0.0,0.0,-0.01376421304608022,-0.013859818125976734,0.23100890186094766,0.30415863038455093
2016-11-04 00:00:00-04:00,414.0,415.25,410.25,414.25,46124,0.0,0.0,0.005461165048543659,0.0054463069571458736,0.19965125939960193,0.2910067417866592
2016-11-07 00:00:00-05:00,414.25,415.75,406.5,410.0,79192,0.0,0.0,-0.0102595051297526,-0.01031249660831884,0.15360087517461318,0.29403772421431074
2016-11-08 00:00:00-05:00,410.5,419.75,408.25,415.25,132281,0.0,0.0,0.012804878048780388,0.012723588795050669,0.187567446488859,0.27591259082552555
2016-11-09 00:00:00-05:00,416.5,417.75,403.75,406.75,131826,0.0,0.0,-0.02046959662853698,-0.020682002394257028,0.22023994117305193,0.2696154643969784
2016-11-10 00:00:00-05:00,409.5,414.25,402.0,404.75,105341,0.0,0.0,-0.0049170251997541214,-0.004929153541402641,0.20725425943086678,0.20458326380611033
2016-11-14 00:00:00-05:00,402.75,403.75,392.5,394.0,80273,0.0,0.0,-0.026559604694255667,-0.026918683259810647,0.24201826187567638,0.21676368723890552
2016-11-15 00:00:00-05:00,394.0,402.0,392.75,399.0,73260,0.0,0.0,0.012690355329949332,0.012610507591929733,0.28986446424872664,0.2214889270524084
2016-11-16 00:00:00-05:00,399.25,401.0,396.75,397.0,70180,0.0,0.0,-0.005012531328320802,-0.005025136202673043,0.24371718140587365,0.22054133838338102
2016-11-17 00:00:00-05:00,397.75,406.0,396.5,403.0,60284,0.0,0.0,0.015113350125944613,0.015000281259492598,0.2667066437010875,0.22928350864395766
2016-11-18 00:00:00-05:00,403.0,410.0,400.25,408.0,53488,0.0,0.0,0.012406947890818865,0.012330612457478725,0.2816331983639385,0.2336997748163503
2016-11-21 00:00:00-05:00,409.0,412.0,404.5,410.25,57584,0.0,0.0,0.005514705882353033,0.00549955556603867,0.12979810712187326,0.23399935085476906
2016-11-22 00:00:00-05:00,410.0,412.25,405.25,407.25,56798,0.0,0.0,-0.007312614259597838,-0.0073394824880457996,0.15984806517821948,0.21041454182152416
2016-11-23 00:00:00-05:00,407.0,407.25,396.25,401.5,64716,0.0,0.0,-0.01411909146715773,-0.01421971409533811,0.20058705748245623,0.21626336258493487
2016-11-25 00:00:00-05:00,401.75,403.75,394.5,395.75,46044,0.0,0.0,-0.014321295143212898,-0.01442483462569478,0.19093600350351467,0.21051785180409513
2016-11-28 00:00:00-05:00,396.25,397.0,388.75,389.5,57169,0.0,0.0,-0.015792798483891368,-0.0159188334503186,0.1406428355736723,0.21313168847084743
2016-11-29 00:00:00-05:00,389.0,389.0,382.75,384.0,40687,0.0,0.0,-0.014120667522464658,-0.014221312723076057,0.05283572252047146,0.21288247238952912
2016-11-30 00:00:00-05:00,384.25,391.5,380.0,380.5,4932,0.0,0.0,-0.00911458333333337,-0.009156375285986368,0.04041896690090492,0.19719839084663393
2016-12-01 00:00:00-05:00,376.5,379.75,369.5,371.5,1549,0.0,0.0,-0.023653088042049908,-0.023937313143926643,0.083463729475026,0.20871666902143726
2016-12-02 00:00:00-05:00,373.0,387.5,371.5,387.5,724,0.0,0.0,0.043068640646029666,0.042166984635587886,0.4251677876051443,0.26708604736422786
2016-12-05 00:00:00-05:00,389.75,394.0,389.25,389.25,379,0.0,0.0,0.004516129032257954,0.004505961920705915,0.4137391108348784,0.2657544459352284
2016-12-06 00:00:00-05:00,393.0,393.0,388.25,389.5,95,0.0,0.0,0.0006422607578677741,0.0006420545966953233,0.3945111901738753,0.2643374924295146
2016-12-07 00:00:00-05:00,389.0,389.0,385.0,386.25,257,0.0,0.0,-0.008344030808729141,-0.008379037098847738,0.3930443793824201,0.2637212050167212
2016-12-08 00:00:00-05:00,396.5,396.5,389.75,390.75,34,0.0,0.0,0.011650485436893288,0.011583141089630855,0.31248318263412744,0.2628427588541564
2016-12-09 00:00:00-05:00,395.5,400.25,395.5,400.25,10,0.0,0.0,0.024312220089571346,0.024021382575238084,0.19480767550757833,0.2710933299202861
2016-12-12 00:00:00-05:00,397.75,401.25,397.5,401.25,25,0.0,0.0,0.002498438475952547,0.0024953225674015705,0.1966561917285748,0.27082942164242296
2016-12-13 00:00:00-05:00,400.5,404.0,398.0,398.0,34,0.0,0.0,-0.008099688473520272,-0.008132669159787938,0.22044062867270306,0.25452323360300244
2016-12-14 00:00:00-05:00,397.25,397.25,391.5,391.5,39165,0.0,0.0,-0.01633165829145733,-0.016466489853579958,0.25424264903719923,0.25711317004996737
2016-12-15 00:00:00-05:00,418.0,418.25,408.5,409.25,61058,0.0,0.0,0.045338441890166115,0.044340700820386575,0.39922349787722733,0.30406892323161616
2016-12-16 00:00:00-05:00,407.75,411.0,404.5,409.25,47320,0.0,0.0,0.0,0.0,0.37937921076059544,0.299925860126702
2016-12-19 00:00:00-05:00,412.25,413.0,403.0,405.0,52115,0.0,0.0,-0.010384850335980467,-0.01043914914470516,0.39476201293562607,0.29927617229292436
2016-12-20 00:00:00-05:00,406.0,407.75,400.25,403.25,35449,0.0,0.0,-0.004320987654320985,-0.004330350101220895,0.38948469943199415,0.298820140826039
2016-12-21 00:00:00-05:00,402.5,404.5,399.0,399.5,32138,0.0,0.0,-0.00929944203347799,-0.009342951798988882,0.3703857466162323,0.29948625032596804
2016-12-22 00:00:00-05:00,399.25,400.5,396.5,397.0,37047,0.0,0.0,-0.006257822277847325,-0.00627748451913896,0.06592458757183613,0.2961282731522648
2016-12-23 00:00:00-05:00,397.0,398.25,392.75,393.5,31852,0.0,0.0,-0.008816120906801062,-0.00885521282973255,0.039241564410568884,0.29332741364202414
2016-12-27 00:00:00-05:00,394.5,411.0,394.5,409.5,67774,0.0,0.0,0.04066073697585759,0.03985583543566611,0.34108880574998607,0.3205234466321233
2016-12-28 00:00:00-05:00,409.75,410.0,400.25,401.5,43964,0.0,0.0,-0.019536019536019578,-0.019729369906307793,0.37534104575693644,0.3248394471323277
2016-12-29 00:00:00-05:00,402.5,406.75,402.5,404.75,29865,0.0,0.0,0.008094645080946483,0.00806205917092818,0.37036800487321014,0.32246518884616837
2016-12-30 00:00:00-05:00,404.75,409.25,403.5,408.0,33934,0.0,0.0,0.008029647930821504,0.007997581846417199,0.36208046135976535,0.30657876477244145
2017-01-03 00:00:00-05:00,408.75,414.0,405.75,406.5,65585,0.0,0.0,-0.003676470588235281,-0.003683245416296405,0.3507730581107473,0.2723211142511564
2017-01-04 00:00:00-05:00,406.5,419.0,404.75,418.5,59201,0.0,0.0,0.029520295202952074,0.02909296094166477,0.28573883141466605,0.2887061364451717
2017-01-05 00:00:00-05:00,418.75,427.0,416.25,426.25,86772,0.0,0.0,0.0185185185185186,0.018349138668196617,0.19861726085104578,0.29306639089173525
2017-01-06 00:00:00-05:00,425.75,428.0,421.75,423.25,64726,0.0,0.0,-0.007038123167155463,-0.007063007584481888,0.2421207955679005,0.2923325309952471
2017-01-09 00:00:00-05:00,424.75,428.25,421.0,427.25,69623,0.0,0.0,0.00945067926757237,0.009406300982455588,0.24194594517737683,0.2917468383619343
2017-01-10 00:00:00-05:00,426.75,427.25,423.5,426.75,64135,0.0,0.0,-0.001170275014628408,-0.0011709603211502476,0.23396436442076488,0.28283547243987106
2017-01-11 00:00:00-05:00,426.25,426.25,412.0,418.75,109829,0.0,0.0,-0.018746338605741042,-0.01892427853527378,0.22927194179980148,0.2935434543815698
2017-01-12 00:00:00-05:00,419.0,430.0,414.5,426.25,133095,0.0,0.0,0.017910447761193993,0.01775194545845032,0.2262321195285502,0.2958360044807667
2017-01-13 00:00:00-05:00,426.25,426.75,419.25,426.0,72435,0.0,0.0,-0.0005865102639296405,-0.0005866823283561453,0.21792522219523563,0.2869130078716695
2017-01-17 00:00:00-05:00,426.5,437.5,423.75,433.5,107763,0.0,0.0,0.01760563380281699,0.017452449951226207,0.24319666393260525,0.2487611786950929
2017-01-18 00:00:00-05:00,433.25,434.5,428.25,431.0,67785,0.0,0.0,-0.005767012687427964,-0.005783706116848806,0.25025276699952115,0.25051903946682397
2017-01-19 00:00:00-05:00,430.5,430.75,422.75,423.5,64375,0.0,0.0,-0.01740139211136893,-0.017554576011638724,0.2432853593201604,0.256548779443978
2017-01-20 00:00:00-05:00,423.5,428.75,421.5,428.25,56203,0.0,0.0,0.011216056670602104,0.011153623112120184,0.2198253541011232,0.2571107564553025
2017-01-23 00:00:00-05:00,429.0,433.75,427.5,433.25,51610,0.0,0.0,0.01167542323409232,0.011607791391486254,0.23114774758589965,0.2544220701624555
2017-01-24 00:00:00-05:00,433.0,434.75,426.0,426.75,57334,0.0,0.0,-0.015002885170225078,-0.015116566921165503,0.22118812085112585,0.26099136567528675
2017-01-25 00:00:00-05:00,425.75,428.75,423.0,424.5,46225,0.0,0.0,-0.005272407732864637,-0.005286355923147949,0.22083378608417475,0.2590246397175212
2017-01-26 00:00:00-05:00,425.25,430.5,421.75,427.0,59387,0.0,0.0,0.005889281507656108,0.005872007477222589,0.18362615588222309,0.22009910194226037
2017-01-27 00:00:00-05:00,426.5,427.5,419.25,420.5,64696,0.0,0.0,-0.015222482435597207,-0.015339533815621826,0.19300571074233044,0.21492467171359134
2017-01-30 00:00:00-05:00,417.5,419.25,412.75,414.0,59660,0.0,0.0,-0.015457788347205681,-0.015578505587688335,0.14892490795811553,0.22276692496289022
2017-01-31 00:00:00-05:00,414.0,421.25,413.0,420.75,60231,0.0,0.0,0.016304347826086918,0.016172859245600968,0.21897595928102853,0.22799499357744427
2017-02-01 00:00:00-05:00,421.0,434.5,417.0,433.75,102491,0.0,0.0,0.030897207367795554,0.030429498190153514,0.3199976858807166,0.2493381825690464
2017-02-02 00:00:00-05:00,432.75,437.75,429.75,434.5,73989,0.0,0.0,0.0017291066282421053,0.001727613444377811,0.320208029548056,0.22939125945304756
2017-02-03 00:00:00-05:00,434.5,435.75,429.25,430.25,58722,0.0,0.0,-0.009781357882623687,-0.00982950961379791,0.30180562329376087,0.2242623008444555
2017-02-06 00:00:00-05:00,429.0,432.25,422.25,422.5,61389,0.0,0.0,-0.018012783265543342,-0.018176988294420316,0.31291749742892644,0.23242970693858248
2017-02-07 00:00:00-05:00,422.5,431.0,419.75,430.75,106310,0.0,0.0,0.019526627218934944,0.019338428610810497,0.32147166965518337,0.24046892297899788
2017-02-08 00:00:00-05:00,430.5,433.25,427.5,432.5,93300,0.0,0.0,0.004062681369704002,0.004054450963895007,0.22724592819896616,0.24069934788930497
2017-02-09 00:00:00-05:00,430.5,444.0,429.5,443.5,150249,0.0,0.0,0.025433526011560792,0.025115475377700265,0.2942851439051796,0.24422967695694542
2017-02-10 00:00:00-05:00,442.5,450.75,441.0,449.0,126174,0.0,0.0,0.012401352874858995,0.012325085992620033,0.2686971725409881,0.24051971991594953
2017-02-13 00:00:00-05:00,447.75,456.0,444.25,452.25,119108,0.0,0.0,0.007238307349666018,0.007212236533150314,0.13928417569146212,0.24070020772830247
2017-02-14 00:00:00-05:00,450.5,452.0,446.25,449.5,63197,0.0,0.0,-0.006080707573244859,-0.0060992703637295234,0.18372332638625494,0.23641828282039978
2017-02-15 00:00:00-05:00,449.0,455.5,446.25,454.75,53895,0.0,0.0,0.011679644048943283,0.011611963486556683,0.1797585941779333,0.23700617503773763
2017-02-16 00:00:00-05:00,453.5,464.25,445.25,447.75,91910,0.0,0.0,-0.015393073117097256,-0.015512776457410424,0.1939575748928245,0.2348340414704044
2017-02-17 00:00:00-05:00,445.5,447.5,440.25,441.0,66629,0.0,0.0,-0.015075376884422065,-0.01519016549397512,0.19887913679222566,0.24093770466904868
2017-02-21 00:00:00-05:00,439.75,440.75,435.0,436.0,55218,0.0,0.0,-0.0113378684807256,-0.011402632097811649,0.17818297799023067,0.2419904554882277
2017-02-22 00:00:00-05:00,436.0,443.0,435.25,441.25,49816,0.0,0.0,0.012041284403669694,0.011969364898472173,0.2257240169108352,0.2381307599733316
2017-02-23 00:00:00-05:00,441.25,444.25,436.25,438.0,34394,0.0,0.0,-0.007365439093484416,-0.00739269787106039,0.1803467000562568,0.23906677862258915
2017-02-24 00:00:00-05:00,438.25,438.5,430.0,431.25,52859,0.0,0.0,-0.015410958904109595,-0.015530942030876623,0.18039651548720473,0.24594256078653853
2017-02-27 00:00:00-05:00,430.0,431.0,418.25,418.75,38376,0.0,0.0,-0.02898550724637683,-0.02941388520629334,0.23599858664381929,0.26201941180391763
2017-02-28 00:00:00-05:00,420.0,435.5,419.5,424.75,7864,0.0,0.0,0.014328358208955283,0.014226677412765273,0.29198394006689093,0.26015823054809906
2017-03-01 00:00:00-05:00,424.25,435.5,422.75,435.5,1611,0.0,0.0,0.025309005297233567,0.024994035740515983,0.3503516539430221,0.26881525016102237
2017-03-02 00:00:00-05:00,436.75,437.75,432.0,432.0,1153,0.0,0.0,-0.008036739380022917,-0.00806920804844713,0.35097988963024074,0.24773515483709949
2017-03-03 00:00:00-05:00,430.25,434.25,429.0,433.75,729,0.0,0.0,0.004050925925925819,0.00404274301695853,0.3328085163876152,0.2480976688704633
2017-03-06 00:00:00-05:00,436.0,441.75,436.0,438.25,587,0.0,0.0,0.01037463976945241,0.010321192540274892,0.19616387958502227,0.24784232060824843
2017-03-07 00:00:00-05:00,440.0,440.0,432.25,436.0,306,0.0,0.0,-0.00513405590416427,-0.00514728045230954,0.2121504555210515,0.23876275160166077
2017-03-08 00:00:00-05:00,431.5,431.5,426.0,427.5,189,0.0,0.0,-0.019495412844036664,-0.01968795497221938,0.18247361418603353,0.24025415146609086
2017-03-09 00:00:00-05:00,432.0,432.5,425.0,426.0,27,0.0,0.0,-0.0035087719298245723,-0.003514942107444497,0.17839881707676195,0.23994631620920448
2017-03-10 00:00:00-05:00,428.0,428.0,422.75,422.75,14,0.0,0.0,-0.007629107981220629,-0.007658358490680714,0.16942265852227753,0.2201662826173011
2017-03-13 00:00:00-04:00,419.5,419.5,412.25,412.25,49,0.0,0.0,-0.024837374334713225,-0.025151026338981433,0.15044249727870218,0.226764975641403
2017-03-14 00:00:00-04:00,412.25,413.0,412.0,412.0,58513,0.0,0.0,-0.0006064281382656134,-0.0006066120901818918,0.16628891529408896,0.2232154809251025
2017-03-15 00:00:00-04:00,431.0,437.0,430.5,436.0,49625,0.0,0.0,0.058252427184465994,0.056618893999507904,0.5011920985643284,0.31523147540719865
2017-03-16 00:00:00-04:00,436.0,440.75,434.5,436.0,42947,0.0,0.0,0.0,0.0,0.4983438789373381,0.3115385913484731
2017-03-17 00:00:00-04:00,434.75,437.75,433.0,436.25,31605,0.0,0.0,0.0005733944954129377,0.0005732301676026934,0.4885162262432281,0.30751158604398293
2017-03-20 00:00:00-04:00,439.25,442.75,429.0,430.25,58040,0.0,0.0,-0.013753581661891112,-0.013849038424988113,0.4481394329322672,0.30675111113939557
2017-03-21 00:00:00-04:00,430.5,430.5,423.0,426.5,63987,0.0,0.0,-0.00871586287042414,-0.00875406815991496,0.46243916148147607,0.3057252363447239
2017-03-22 00:00:00-04:00,427.0,427.25,421.25,422.25,52127,0.0,0.0,-0.009964830011723325,-0.01001481124382435,0.10094076328404399,0.3033138978826006
2017-03-23 00:00:00-04:00,421.5,424.75,420.0,421.0,48848,0.0,0.0,-0.002960331557134377,-0.0029647220055280146,0.09085091245587615,0.3026881388469906
2017-03-24 00:00:00-04:00,421.5,426.25,420.75,424.75,49583,0.0,0.0,0.008907363420427528,0.008867926869659962,0.14024815334647897,0.3004933548376939
2017-03-27 00:00:00-04:00,426.0,426.0,418.25,420.75,51967,0.0,0.0,-0.009417304296645113,-0.009461927481126044,0.126479426922194,0.28351805120370716
2017-03-28 00:00:00-04:00,421.0,425.75,419.25,424.5,51332,0.0,0.0,0.00891265597147961,0.008873172680486726,0.1487961147128353,0.2806229113155914
2017-03-29 00:00:00-04:00,424.0,427.5,422.5,425.5,54185,0.0,0.0,0.002355712603062443,0.002352942262026836,0.12540184618039904,0.26466662278129066
2017-03-30 00:00:00-04:00,425.5,426.25,419.5,421.0,55136,0.0,0.0,-0.010575793184488869,-0.010632114331047441,0.1516103373779715,0.2657093466061643
2017-03-31 00:00:00-04:00,422.0,432.25,416.5,426.5,97629,0.0,0.0,0.013064133016627011,0.012979533249352325,0.16882733644691528,0.2699455169587287
2017-04-03 00:00:00-04:00,430.25,434.0,427.0,427.75,72143,0.0,0.0,0.0029308323563892458,0.0029265458405690814,0.14207435473608646,0.2671711504126152
2017-04-04 00:00:00-04:00,426.75,432.25,425.75,427.0,59636,0.0,0.0,-0.001753360607831711,-0.0017548995436783388,0.13574343932015967,0.2667599737549619
2017-04-05 00:00:00-04:00,427.25,430.5,425.0,429.75,69263,0.0,0.0,0.0064402810304449165,0.006419631034334035,0.14092451255914762,0.2585551856608646
2017-04-06 00:00:00-04:00,429.0,430.75,421.75,423.25,51898,0.0,0.0,-0.01512507271669572,-0.015240623249713906,0.16770067709735878,0.26410422701933695
2017-04-07 00:00:00-04:00,422.75,425.25,419.5,424.0,89806,0.0,0.0,0.0017720023626697223,0.0017704342187129713,0.1324523682108928,0.2626990208648611
2017-04-10 00:00:00-04:00,423.75,429.0,422.5,428.75,83114,0.0,0.0,0.011202830188679291,0.011140543248191954,0.15887911506131727,0.2477279682283676
2017-04-11 00:00:00-04:00,428.0,434.75,423.75,433.25,143518,0.0,0.0,0.010495626822157433,0.010440930115565789,0.17121733576833034,0.24926275360252148
2017-04-12 00:00:00-04:00,433.75,436.5,431.5,433.25,111957,0.0,0.0,0.0,0.0,0.1690542498834753,0.13763078960772301
2017-04-13 00:00:00-04:00,432.5,436.0,428.75,429.75,102775,0.0,0.0,-0.008078476630121179,-0.008111284332756825,0.1271648003098303,0.14037239681566938
2017-04-17 00:00:00-04:00,430.25,431.25,419.75,421.0,67540,0.0,0.0,-0.02036067481093662,-0.020570810580577248,0.21095677907872212,0.15661311119739718
2017-04-18 00:00:00-04:00,421.75,423.75,419.0,422.5,67014,0.0,0.0,0.0035629453681709222,0.003556613114847021,0.18804951224645824,0.15094211104128147
2017-04-19 00:00:00-04:00,421.5,425.75,417.5,419.0,59271,0.0,0.0,-0.008284023668639007,-0.00831852687509076,0.1466177151960082,0.15065172534458604
2017-04-20 00:00:00-04:00,418.0,421.75,405.25,406.25,72667,0.0,0.0,-0.030429594272076366,-0.030902186278190483,0.20672936409227124,0.18145058314264884
2017-04-21 00:00:00-04:00,406.0,408.0,400.0,405.0,77283,0.0,0.0,-0.003076923076923088,-0.003081666537408112,0.21661393955223351,0.18146037241651286
2017-04-24 00:00:00-04:00,406.5,408.5,401.25,402.5,37648,0.0,0.0,-0.006172839506172867,-0.006191970247921107,0.20400001260295192,0.17742869765820862
2017-04-25 00:00:00-04:00,402.75,411.0,398.5,408.75,50470,0.0,0.0,0.01552795031055898,0.015408625352845061,0.2599814143482681,0.18662317653751964
2017-04-26 00:00:00-04:00,409.0,413.75,405.75,407.75,31169,0.0,0.0,-0.0024464831804281717,-0.002449480710339933,0.26074145967072976,0.18262740535129837
2017-04-27 00:00:00-04:00,407.0,415.0,406.0,413.5,25256,0.0,0.0,0.014101778050275904,0.014003272962622753,0.1644395415919719,0.19087168624609543
2017-04-28 00:00:00-04:00,413.0,418.5,413.0,418.5,2487,0.0,0.0,0.012091898428053138,0.01201937546578394,0.1609380971188794,0.19330019342707805
2017-05-01 00:00:00-04:00,423.75,442.75,423.75,442.75,1080,0.0,0.0,0.05794504181600946,0.05632838673341282,0.36020196297190715,0.280300470727133
2017-05-02 00:00:00-04:00,445.75,450.75,440.0,441.5,233,0.0,0.0,-0.0028232636928289256,-0.0028272566189282327,0.3946815133418213,0.2807954431164904
2017-05-03 00:00:00-04:00,442.0,443.0,440.0,443.0,602,0.0,0.0,0.003397508493771184,0.003391750001120884,0.3795766021875466,0.28054323001273046
2017-05-04 00:00:00-04:00,442.0,442.0,425.75,426.0,351,0.0,0.0,-0.038374717832957095,-0.0391304237757652,0.5492291108749078,0.3141913700649441
2017-05-05 00:00:00-04:00,428.0,428.0,427.5,427.5,9,0.0,0.0,0.0035211267605634866,0.003514942107444592,0.5470458844109137,0.3094210770770159
2017-05-08 00:00:00-04:00,426.0,426.0,418.0,418.0,60,0.0,0.0,-0.022222222222222254,-0.02247285585205863,0.2926977835031804,0.31984304628739496
2017-05-09 00:00:00-04:00,421.0,423.25,420.5,421.75,30,0.0,0.0,0.008971291866028741,0.0089312889013214,0.3244704560072607,0.3188547093698273
2017-05-10 00:00:00-04:00,424.0,424.0,420.75,424.0,27,0.0,0.0,0.005334914048606976,0.005320733805880062,0.3293665816158222,0.31698657962558685
2017-05-11 00:00:00-04:00,425.75,434.0,425.75,426.0,13,0.0,0.0,0.004716981132075526,0.004705891037412714,0.20039012615232193,0.31760398829843717
2017-05-12 00:00:00-04:00,445.25,445.25,416.25,425.0,48739,0.0,0.0,-0.0023474178403756207,-0.0023501773449536266,0.19833293363797344,0.31647682108207054
2017-05-15 00:00:00-04:00,430.25,431.0,421.5,423.25,67802,0.0,0.0,-0.004117647058823559,-0.004126147911172163,0.08771272473271771,0.30800626394589237
2017-05-16 00:00:00-04:00,423.25,426.0,420.25,424.25,73173,0.0,0.0,0.002362669816893037,0.002359883101090948,0.06719976801722546,0.30787448956737185
2017-05-17 00:00:00-04:00,423.0,432.25,421.5,427.0,63689,0.0,0.0,0.006482027106658794,0.006461109114288842,0.07198078460138915,0.3068205779408727
2017-05-18 00:00:00-04:00,429.25,429.25,421.25,425.75,66127,0.0,0.0,-0.0029274004683840227,-0.00293169368582684,0.07035735872353746,0.28399149240669425
2017-05-19 00:00:00-04:00,425.25,436.75,425.25,435.25,54650,0.0,0.0,0.022313564298297228,0.022068259105500865,0.16925704308260828,0.29158159288319124
2017-05-22 00:00:00-04:00,437.0,442.5,434.0,434.25,68282,0.0,0.0,-0.0022975301550832716,-0.0023001735270840934,0.16359888170372966,0.2901504556033629
2017-05-23 00:00:00-04:00,433.5,435.75,428.0,429.5,65200,0.0,0.0,-0.010938399539435761,-0.010998663696904207,0.20103262740303043,0.29136265812332196
2017-05-24 00:00:00-04:00,429.25,433.0,427.5,432.5,46732,0.0,0.0,0.006984866123399325,0.006960584947623973,0.20168658101656686,0.2911033251948283
2017-05-25 00:00:00-04:00,431.5,436.0,430.25,430.75,43992,0.0,0.0,-0.004046242774566444,-0.00405445096389498,0.20377339790658888,0.289134779593017
2017-05-26 00:00:00-04:00,430.25,439.0,429.25,438.25,48908,0.0,0.0,0.01741149158444566,0.017261648393304803,0.17446174017236457,0.29214914612786874
2017-05-30 00:00:00-04:00,438.5,439.25,426.25,429.5,77245,0.0,0.0,-0.01996577296063895,-0.020167782377033865,0.23335034161441232,0.2172078881681228
2017-05-31 00:00:00-04:00,433.5,436.25,428.25,429.25,66676,0.0,0.0,-0.0005820721769499437,-0.0005822416467251516,0.2198610102798284,0.21716265545658964
2017-06-01 00:00:00-04:00,429.5,431.25,421.25,429.0,73752,0.0,0.0,-0.0005824111822947398,-0.0005825808495679805,0.2110150198145749,0.2164753260611631
2017-06-02 00:00:00-04:00,428.0,434.0,426.5,429.5,54076,0.0,0.0,0.0011655011655011815,0.0011648224962931065,0.2103783644303159,0.1670340526718263
2017-06-05 00:00:00-04:00,428.75,433.25,425.5,429.5,78886,0.0,0.0,0.0,0.0,0.14219656413839016,0.16664588527480248
2017-06-06 00:00:00-04:00,429.25,440.75,429.25,435.75,104056,0.0,0.0,0.014551804423748482,0.014446942975820177,0.10392484204249272,0.1511756416558235
2017-06-07 00:00:00-04:00,438.0,448.75,437.5,444.75,128326,0.0,0.0,0.0206540447504302,0.020443642145814133,0.15551196083467983,0.1633879657595837
2017-06-08 00:00:00-04:00,447.25,455.75,446.0,449.25,138856,0.0,0.0,0.010118043844856706,0.01006719911772394,0.13971033127406968,0.16527889088047815
2017-06-09 00:00:00-04:00,448.75,454.25,443.75,445.75,119222,0.0,0.0,-0.007790762381747363,-0.007821268920418638,0.18093948102291016,0.1694146297519493
2017-06-12 00:00:00-04:00,443.25,444.0,431.25,434.0,110890,0.0,0.0,-0.02636006730229945,-0.026713722642844884,0.30445355289888876,0.19733499682959404
2017-06-13 00:00:00-04:00,437.25,446.25,436.75,445.0,101356,0.0,0.0,0.025345622119815614,0.0250297480658353,0.3395814089608246,0.2139721325082436
2017-06-14 00:00:00-04:00,445.0,452.25,441.75,443.0,102300,0.0,0.0,-0.004494382022471877,-0.004504512121104541,0.3092983508921076,0.21545014428302428
2017-06-15 00:00:00-04:00,443.0,457.25,437.25,453.75,115587,0.0,0.0,0.024266365688487612,0.023976615533924925,0.3534486559415837,0.22890917234070685
2017-06-16 00:00:00-04:00,456.0,468.5,455.5,465.25,117468,0.0,0.0,0.02534435261707979,0.025028509943299505,0.37226063923846564,0.2406642567917609
2017-06-19 00:00:00-04:00,463.75,473.25,458.5,467.0,111586,0.0,0.0,0.0037614185921548415,0.0037543621465372587,0.22535638825341148,0.23133651736601415
2017-06-20 00:00:00-04:00,469.0,474.75,463.0,472.5,85159,0.0,0.0,0.01177730192719495,0.01170848926490022,0.20521111314355134,0.23194956839784597
2017-06-21 00:00:00-04:00,473.5,473.75,463.5,464.5,71144,0.0,0.0,-0.016931216931216908,-0.017076188679904212,0.2756082190400055,0.2380765816658852
2017-06-22 00:00:00-04:00,464.5,465.25,455.5,461.25,62654,0.0,0.0,-0.006996770721205636,-0.007021362899156305,0.2600362672509227,0.24093193424156906
2017-06-23 00:00:00-04:00,464.75,467.0,459.0,459.75,58267,0.0,0.0,-0.003252032520325243,-0.0032573318703065105,0.17243138633423513,0.2406256369001598
2017-06-26 00:00:00-04:00,458.0,460.75,449.25,450.0,42687,0.0,0.0,-0.021207177814029365,-0.021435280720065033,0.20492707057683326,0.24962005371360668
2017-06-27 00:00:00-04:00,450.0,457.0,449.25,453.25,28315,0.0,0.0,0.007222222222222241,0.0071962668705950125,0.17910611122081924,0.237034504009703
2017-06-28 00:00:00-04:00,453.5,459.25,451.5,457.25,23422,0.0,0.0,0.008825151682294585,0.008786437636014688,0.193094591035433,0.23760539341604991
2017-06-29 00:00:00-04:00,457.0,483.75,456.25,480.25,30879,0.0,0.0,0.050300710770913026,0.049076514377690915,0.41771301201604355,0.28961694589789494
2017-06-30 00:00:00-04:00,480.25,511.5,480.25,511.0,3794,0.0,0.0,0.06402915148360222,0.062062788555038335,0.5513999283448946,0.35484912269226304
2017-07-03 00:00:00-04:00,518.25,539.0,518.25,536.75,1127,0.0,0.0,0.05039138943248522,0.04916284655518588,0.41727393826266235,0.3820190939799122
2017-07-05 00:00:00-04:00,544.5,553.5,517.5,539.25,488,0.0,0.0,0.004657661853749495,0.004646848510375428,0.4287164431614979,0.3825771217665875
2017-07-06 00:00:00-04:00,519.0,528.75,519.0,519.0,199,0.0,0.0,-0.037552155771905404,-0.038275402103377106,0.6699994570526564,0.41727879993208816
2017-07-07 00:00:00-04:00,515.75,524.0,514.5,515.25,102,0.0,0.0,-0.007225433526011571,-0.007251663395320236,0.6649776795515837,0.42067882067430495
2017-07-10 00:00:00-04:00,530.75,531.0,530.5,530.5,62,0.0,0.0,0.02959728287239205,0.02916773828346942,0.5372443956150749,0.42392324111881535
2017-07-11 00:00:00-04:00,531.25,535.5,528.5,535.5,46,0.0,0.0,0.009425070688030113,0.009380931833765586,0.39276619366585025,0.4027524547068373
2017-07-12 00:00:00-04:00,533.5,534.25,521.5,522.5,145,0.0,0.0,-0.024276377217553713,-0.024575906048837415,0.4227036980738295,0.4173408202395388
2017-07-13 00:00:00-04:00,516.0,516.0,495.5,495.5,9,0.0,0.0,-0.05167464114832532,-0.05305763006892335,0.49483747372621323,0.4672655650798477
2017-07-14 00:00:00-04:00,494.75,494.75,494.75,494.75,71746,0.0,0.0,-0.0015136226034309086,-0.0015147692873676028,0.4976583084221355,0.462856605220329
2017-07-17 00:00:00-04:00,509.5,512.0,502.75,506.0,60380,0.0,0.0,0.022738756947953576,0.0224840848047905,0.46670461671686236,0.46140799116633924
2017-07-18 00:00:00-04:00,509.0,517.75,503.0,503.75,76020,0.0,0.0,-0.0044466403162055634,-0.004456556026572836,0.4418169741395671,0.46252552470367214
2017-07-19 00:00:00-04:00,504.0,509.0,500.0,503.0,71108,0.0,0.0,-0.0014888337468982327,-0.001489943161153501,0.4308712931700338,0.4620377846903307
2017-07-20 00:00:00-04:00,504.5,508.25,495.0,505.75,68993,0.0,0.0,0.005467196819085585,0.005452305948115737,0.17480928752306843,0.4556781189123854
2017-07-21 00:00:00-04:00,506.5,510.25,497.5,499.25,72396,0.0,0.0,-0.012852199703410783,-0.012935503751930257,0.2124411289723401,0.45813068608803953
2017-07-24 00:00:00-04:00,496.25,496.5,483.0,488.75,90517,0.0,0.0,-0.021031547320981447,-0.021255860996349046,0.16331701538184948,0.4663217097543697
2017-07-25 00:00:00-04:00,494.75,495.25,473.25,474.0,93082,0.0,0.0,-0.030179028132992336,-0.030643789604499042,0.22844380837110165,0.4736485199980636
2017-07-26 00:00:00-04:00,476.0,481.0,473.0,477.75,58005,0.0,0.0,0.007911392405063333,0.007880261425305965,0.2628875286360847,0.4737359111061273
2017-07-27 00:00:00-04:00,478.25,485.5,477.5,479.75,47248,0.0,0.0,0.004186289900575568,0.004177551767426827,0.25821336801888367,0.47327248533204963
2017-07-28 00:00:00-04:00,480.25,489.25,478.0,481.0,49702,0.0,0.0,0.002605523710265789,0.002602135217951914,0.2718953833764768,0.4388419513821119
2017-07-31 00:00:00-04:00,478.75,480.75,471.5,474.5,54205,0.0,0.0,-0.013513513513513487,-0.013605652055778598,0.25252649715079284,0.3708683285204158
2017-08-01 00:00:00-04:00,469.0,478.0,460.5,461.25,83058,0.0,0.0,-0.027924130663856683,-0.028321422695245606,0.23895352983107723,0.32092895381629255
2017-08-02 00:00:00-04:00,462.0,466.75,455.75,460.75,82583,0.0,0.0,-0.0010840108401084514,-0.0010845988048043295,0.21482506795823142,0.31871816038574147
2017-08-03 00:00:00-04:00,461.0,463.75,454.25,457.75,63497,0.0,0.0,-0.00651112316874658,-0.006532412995312541,0.19142324651491913,0.298485186625183
2017-08-04 00:00:00-04:00,457.75,461.5,453.5,454.75,56076,0.0,0.0,-0.006553795740032786,-0.006575366156388475,0.1647665184153803,0.2984608051592277
2017-08-07 00:00:00-04:00,457.75,464.0,454.25,463.5,71287,0.0,0.0,0.01924134139637168,0.019058567607678257,0.26708014519159035,0.2839648566688313
2017-08-08 00:00:00-04:00,463.75,468.0,454.75,457.0,92366,0.0,0.0,-0.014023732470334394,-0.014122994111705126,0.2003999652120463,0.27859057118983294
2017-08-09 00:00:00-04:00,457.25,461.5,454.0,459.5,76420,0.0,0.0,0.00547045951859948,0.005455550901536959,0.2071360659019987,0.2751700169026476
2017-08-10 00:00:00-04:00,459.5,462.0,439.25,440.5,103449,0.0,0.0,-0.041349292709466856,-0.042228496419507586,0.3613451675020637,0.2542100632071569
2017-08-11 00:00:00-04:00,441.5,444.0,434.5,439.25,89532,0.0,0.0,-0.002837684449489175,-0.002841718309027585,0.36288108524784357,0.2539612494611754
2017-08-14 00:00:00-04:00,436.5,441.75,431.0,441.0,73545,0.0,0.0,0.003984063745019917,0.003976148379639417,0.30585186969672234,0.23393599500032253
2017-08-15 00:00:00-04:00,440.0,440.25,428.0,429.5,71502,0.0,0.0,-0.02607709750566889,-0.026423134022535884,0.3276528666841961,0.2435194282047822
2017-08-16 00:00:00-04:00,429.5,435.75,417.0,419.25,72242,0.0,0.0,-0.023864959254947582,-0.024154340720991797,0.29249802655904894,0.2486921297657966
2017-08-17 00:00:00-04:00,419.5,422.25,412.25,414.0,51298,0.0,0.0,-0.012522361359570633,-0.01260142687800382,0.20672023876286438,0.24299615689489965
2017-08-18 00:00:00-04:00,414.0,417.75,412.0,416.0,34048,0.0,0.0,0.004830917874396157,0.004819286435948922,0.23410445108230737,0.2481472837828075
2017-08-21 00:00:00-04:00,414.5,418.75,408.75,409.5,26381,0.0,0.0,-0.015625,-0.015748356968139168,0.19449959361016061,0.24538629708497284
2017-08-22 00:00:00-04:00,410.75,413.0,402.0,402.25,33255,0.0,0.0,-0.017704517704517753,-0.017863117420631573,0.17120154797878673,0.23465927527131147
2017-08-23 00:00:00-04:00,402.5,408.5,401.25,403.25,31826,0.0,0.0,0.0024860161591049312,0.0024829311328255495,0.16779920856827257,0.23051283213148654
2017-08-24 00:00:00-04:00,403.25,411.25,400.75,409.0,32187,0.0,0.0,0.014259144451332917,0.0141584390374835,0.21921815261660432,0.24033598177017715
2017-08-25 00:00:00-04:00,409.0,412.75,408.5,409.5,26934,0.0,0.0,0.0012224938875304847,0.0012217472503222913,0.21318453001785814,0.23958804564145034
2017-08-28 00:00:00-04:00,406.25,410.0,398.75,400.0,25836,0.0,0.0,-0.023199023199023228,-0.02347235618514216,0.2455976216998445,0.2450008405222008
2017-08-29 00:00:00-04:00,400.5,404.0,394.5,402.75,22855,0.0,0.0,0.0068749999999999645,0.006851474949101738,0.2239259516946686,0.23927206732398987
2017-08-30 00:00:00-04:00,403.0,407.0,400.0,403.5,12502,0.0,0.0,0.0018621973929235924,0.0018604656529196708,0.22359087525349097,0.24040677957782974
2017-08-31 00:00:00-04:00,403.5,411.0,402.75,410.25,1462,0.0,0.0,0.016728624535315983,0.01659024226019679,0.23382379776596562,0.25415503859607236
2017-09-01 00:00:00-04:00,410.75,421.75,408.75,420.5,610,0.0,0.0,0.024984765386959262,0.024677749442802554,0.2910369160162477,0.2758843626689958
2017-09-05 00:00:00-04:00,428.25,433.5,428.0,430.5,410,0.0,0.0,0.02378121284185486,0.023502844454782672,0.16233437336930728,0.2813222123029008
2017-09-06 00:00:00-04:00,425.0,428.0,421.0,421.75,148,0.0,0.0,-0.020325203252032575,-0.020534602441707864,0.3015967362088287,0.28529914087504793
2017-09-07 00:00:00-04:00,421.0,421.0,412.0,413.5,126,0.0,0.0,-0.019561351511559022,-0.01975520696233172,0.36668372777436214,0.2882727531392172
2017-09-08 00:00:00-04:00,415.75,415.75,412.5,413.75,48,0.0,0.0,0.0006045949214026347,0.000604412227526626,0.35210656494279957,0.25483427992206126
2017-09-11 00:00:00-04:00,417.75,418.5,412.25,412.25,17,0.0,0.0,-0.003625377643504568,-0.0036319652515644095,0.28636371569139046,0.25484276318989824
2017-09-12 00:00:00-04:00,415.0,419.5,415.0,419.5,18,0.0,0.0,0.017586416009702788,0.017433564467552523,0.24978040921572048,0.2642198136456624
2017-09-13 00:00:00-04:00,426.0,426.0,420.75,420.75,4,0.0,0.0,0.0029797377830751426,0.0029753071636545734,0.21201583492422058,0.2493452589842393
2017-09-14 00:00:00-04:00,428.25,428.25,428.25,428.25,64496,0.0,0.0,0.017825311942959,0.017668304133313897,0.15858515488924732,0.24225746842031973
2017-09-15 00:00:00-04:00,443.5,450.25,440.75,449.0,60896,0.0,0.0,0.04845300642148276,0.04731575053802498,0.31864454307712176,0.2887620911097847
2017-09-18 00:00:00-04:00,448.5,450.75,442.25,443.5,54102,0.0,0.0,-0.012249443207126953,-0.012325085992620118,0.35680244232611996,0.29459046482934514
2017-09-19 00:00:00-04:00,442.75,446.75,435.75,443.0,71986,0.0,0.0,-0.0011273957158962622,-0.0011280317044985255,0.3723826110618665,0.2865793832127235
2017-09-20 00:00:00-04:00,443.25,452.0,442.75,449.75,62184,0.0,0.0,0.015237020316027028,0.015122102785506786,0.3654888870680637,0.2770445435195507
2017-09-21 00:00:00-04:00,451.75,454.5,445.5,452.5,61678,0.0,0.0,0.00611450806003333,0.0060958903093383055,0.3664700483785874,0.2767785817302008
2017-09-22 00:00:00-04:00,452.5,455.0,448.0,449.5,58488,0.0,0.0,-0.006629834254143652,-0.0066519092283058535,0.17105967286021156,0.27836007151554104
2017-09-25 00:00:00-04:00,448.0,454.75,444.0,454.0,64118,0.0,0.0,0.010011123470522909,0.009961344129673125,0.13829036436360612,0.27857783578863277
2017-09-26 00:00:00-04:00,453.5,460.75,451.5,453.75,70890,0.0,0.0,-0.0005506607929515184,-0.0005508124622874257,0.1368063895495997,0.2587226215505213
2017-09-27 00:00:00-04:00,454.0,462.75,449.0,461.5,74383,0.0,0.0,0.017079889807162463,0.016935668363846242,0.14595269104940378,0.2614669219453859
2017-09-28 00:00:00-04:00,462.0,462.0,454.0,455.0,57166,0.0,0.0,-0.014084507042253502,-0.014184634991956413,0.19887343965290458,0.2715235992549079
2017-09-29 00:00:00-04:00,455.5,459.0,446.25,448.25,93111,0.0,0.0,-0.014835164835164782,-0.014946306465708104,0.2258384726771716,0.27826364637901857
2017-10-02 00:00:00-04:00,446.5,448.5,439.5,444.75,75645,0.0,0.0,-0.007808142777467886,-0.007838785939297689,0.2084722183843819,0.2706173856819727
2017-10-03 00:00:00-04:00,445.0,450.5,443.25,448.0,81890,0.0,0.0,0.007307476110174349,0.00728090586904073,0.22366824655988285,0.25989904261608116
2017-10-04 00:00:00-04:00,448.75,449.25,441.5,442.0,57486,0.0,0.0,-0.013392857142857095,-0.013483350337286988,0.14755532944382782,0.25303276064415053
2017-10-05 00:00:00-04:00,443.25,444.0,438.0,440.75,57909,0.0,0.0,-0.002828054298642524,-0.002832060799718507,0.14257246393039835,0.24036630314490326
2017-10-06 00:00:00-04:00,440.5,444.75,438.75,443.5,47870,0.0,0.0,0.00623936471922848,0.0062199804716544654,0.14169435060741975,0.2403593782889737
2017-10-09 00:00:00-04:00,444.0,445.75,435.5,436.0,59165,0.0,0.0,-0.016910935738444155,-0.017055558400599823,0.17551216673095782,0.2500754058360955
2017-10-10 00:00:00-04:00,436.75,439.75,434.0,435.25,54050,0.0,0.0,-0.0017201834862384802,-0.001721664700735844,0.14880986572504581,0.24438406169576815
2017-10-11 00:00:00-04:00,435.0,435.5,429.75,433.25,72062,0.0,0.0,-0.004595060310166543,-0.004605650052582934,0.13244875295559314,0.24543986621958355
2017-10-12 00:00:00-04:00,432.5,437.75,428.0,430.5,74220,0.0,0.0,-0.006347374495095259,-0.006367604727930019,0.13290464567516921,0.23913255991922477
2017-10-13 00:00:00-04:00,430.75,440.75,430.5,439.5,52240,0.0,0.0,0.020905923344947785,0.020690393257446246,0.2205892087510061,0.1777894456764899
2017-10-16 00:00:00-04:00,440.0,442.75,435.5,436.5,46504,0.0,0.0,-0.0068259385665528916,-0.006849341845574783,0.18574057051738171,0.17424874859533085
2017-10-17 00:00:00-04:00,436.5,440.75,433.5,434.75,46207,0.0,0.0,-0.004009163802978222,-0.004017222045264469,0.18799336305130354,0.1746339817208007
2017-10-18 00:00:00-04:00,434.75,435.25,429.0,430.0,47231,0.0,0.0,-0.010925819436457762,-0.010985944546784332,0.2022072605155475,0.167137382164657
2017-10-19 00:00:00-04:00,430.5,436.25,429.5,432.75,53114,0.0,0.0,0.006395348837209269,0.006374985368710494,0.20296093502413906,0.1673253303239254
2017-10-20 00:00:00-04:00,433.0,436.0,425.0,426.0,51120,0.0,0.0,-0.01559792027729634,-0.01572084778694819,0.13150197005702344,0.17340879571463605
2017-10-23 00:00:00-04:00,426.25,438.25,423.75,436.75,82204,0.0,0.0,0.025234741784037507,0.024921602744795473,0.2579539092965681,0.1951753610193782
2017-10-24 00:00:00-04:00,438.0,438.75,433.0,438.0,47691,0.0,0.0,0.0028620492272466436,0.002857961362280119,0.25545797125094294,0.19585456626635786
2017-10-25 00:00:00-04:00,438.0,443.0,433.75,435.5,59314,0.0,0.0,-0.005707762557077611,-0.005724114083888629,0.24166053091998613,0.18317837925501684
2017-10-26 00:00:00-04:00,435.5,437.5,431.0,431.75,45422,0.0,0.0,-0.008610792192881744,-0.008648079265769503,0.2502867613766637,0.17971651940314134
2017-10-27 00:00:00-04:00,430.5,431.25,424.75,427.25,62473,0.0,0.0,-0.01042269832078746,-0.010477395031087678,0.23250715524151436,0.17637009026651124
2017-10-30 00:00:00-04:00,427.5,428.25,422.5,424.75,49312,0.0,0.0,-0.005851375073142151,-0.005868561443658829,0.08094047554470479,0.1757006412234558
2017-10-31 00:00:00-04:00,425.0,426.25,416.25,418.5,93958,0.0,0.0,-0.014714537963507968,-0.014823870622511417,0.05916598253026705,0.17721177887742504
2017-11-01 00:00:00-04:00,418.75,422.0,416.5,418.0,66275,0.0,0.0,-0.0011947431302270495,-0.0011954574047737456,0.08021321856271528,0.17328121177263237
2017-11-02 00:00:00-04:00,417.5,426.75,417.5,426.0,70604,0.0,0.0,0.019138755980861344,0.018957913744614207,0.20895880980629275,0.18986832842533471
2017-11-03 00:00:00-04:00,427.0,429.0,422.25,425.75,68733,0.0,0.0,-0.0005868544600938774,-0.0005870267265727415,0.19711907450507962,0.18764765026540658
2017-11-06 00:00:00-05:00,427.0,431.25,427.0,430.75,84448,0.0,0.0,0.01174398120963005,0.011675555865241327,0.20714676436731527,0.18494327362479945
2017-11-07 00:00:00-05:00,430.25,431.0,424.0,427.25,113496,0.0,0.0,-0.008125362739408004,-0.008158553412338726,0.17462134734995852,0.1868721920792836
2017-11-08 00:00:00-05:00,427.25,427.5,419.0,426.75,94736,0.0,0.0,-0.001170275014628408,-0.0011709603211502476,0.17457384729996678,0.18635944277012195
2017-11-09 00:00:00-05:00,425.75,432.0,423.75,429.0,155471,0.0,0.0,0.005272407732864748,0.005258557253467051,0.1186018954329367,0.18624570940835916
2017-11-10 00:00:00-05:00,429.5,434.25,426.75,431.5,105996,0.0,0.0,0.005827505827505908,0.005810591595465744,0.1204683790046143,0.17072358290265285
2017-11-13 00:00:00-05:00,432.0,432.0,422.25,424.25,110242,0.0,0.0,-0.016801853997682525,-0.016944606409146964,0.1519452463372201,0.1788247920642904
2017-11-14 00:00:00-05:00,424.75,429.5,423.25,428.0,93367,0.0,0.0,0.008839127872716457,0.008800291467460995,0.1632039890268635,0.18208835874166995
2017-11-15 00:00:00-05:00,427.75,428.25,418.0,420.0,76382,0.0,0.0,-0.01869158878504673,-0.018868484304382805,0.2134484163977855,0.18978527847186205
2017-11-16 00:00:00-05:00,421.5,424.5,419.5,421.5,65598,0.0,0.0,0.0035714285714285587,0.0035650661644961446,0.20954549798866304,0.18856527165148693
2017-11-17 00:00:00-05:00,421.5,428.0,421.0,427.25,60658,0.0,0.0,0.013641755634638209,0.013549544553790135,0.23690191117560175,0.18761727566272327
2017-11-20 00:00:00-05:00,427.75,428.0,419.25,422.0,65116,0.0,0.0,-0.012287887653598561,-0.012364007959688431,0.2206064121740359,0.16743659083596707
2017-11-21 00:00:00-05:00,421.75,428.75,420.25,424.75,62064,0.0,0.0,0.006516587677725116,0.006495446516029598,0.21462524624718354,0.16923947593667396
2017-11-22 00:00:00-05:00,424.75,426.25,420.75,422.75,46591,0.0,0.0,-0.004708652148322501,-0.004719772773351684,0.15981593661479923,0.16894540360759974
2017-11-24 00:00:00-05:00,422.0,422.25,412.5,415.75,53954,0.0,0.0,-0.016558249556475446,-0.01669686970565261,0.20079992409087222,0.17564755648856736
2017-11-27 00:00:00-05:00,415.5,416.0,408.75,409.5,43929,0.0,0.0,-0.015033072760072153,-0.015147214779912935,0.15097482845335009,0.1793626715930622
2017-11-28 00:00:00-05:00,410.25,412.25,405.25,410.75,40902,0.0,0.0,0.0030525030525030417,0.0030478536242533358,0.1648229539924537,0.1796499098720735
2017-11-29 00:00:00-05:00,410.75,417.25,410.5,416.5,37717,0.0,0.0,0.013998782714546465,0.013901704689519826,0.20290850337780159,0.18078624081783692
2017-11-30 00:00:00-05:00,415.25,417.25,407.75,409.25,14085,0.0,0.0,-0.017406962785114,-0.01756024535565305,0.22510656640851232,0.19087362973152303
2017-12-01 00:00:00-05:00,409.0,414.75,408.0,414.5,3444,0.0,0.0,0.012828344532681779,0.012746758324105425,0.2377912540073535,0.18320853480934582
2017-12-04 00:00:00-05:00,416.0,419.0,410.25,410.25,945,0.0,0.0,-0.010253317249698468,-0.010306244605149424,0.2212484270813114,0.18590011181512786
2017-12-05 00:00:00-05:00,410.25,411.0,405.75,406.0,1143,0.0,0.0,-0.010359536867763586,-0.010413570368467663,0.23153528245655844,0.18105547533466138
2017-12-06 00:00:00-05:00,407.25,407.25,398.5,398.5,137,0.0,0.0,-0.018472906403940836,-0.01864566137146286,0.20079087187165498,0.18859093008274955
2017-12-07 00:00:00-05:00,396.25,397.25,394.0,394.25,163,0.0,0.0,-0.010664993726474226,-0.010722272387121912,0.1877214146078922,0.1901009735225966
2017-12-08 00:00:00-05:00,395.5,395.5,391.5,392.0,212,0.0,0.0,-0.005707038681039944,-0.005723386052685221,0.07313386468772662,0.18705716436308387
2017-12-11 00:00:00-05:00,386.5,387.75,386.5,387.75,57,0.0,0.0,-0.010841836734693855,-0.010901037733814312,0.07282760447907871,0.18426701586111774
2017-12-12 00:00:00-05:00,387.25,387.25,387.25,387.25,152,0.0,0.0,-0.0012894906511927706,-0.0012903227596701829,0.10208399269032685,0.17955464900213539
2017-12-13 00:00:00-05:00,392.25,392.25,392.25,392.25,47,0.0,0.0,0.01291155584247905,0.012828912316163992,0.15545836656580564,0.18408933657910007
2017-12-14 00:00:00-05:00,395.0,395.0,395.0,395.0,51997,0.0,0.0,0.007010834926704845,0.006986373287979833,0.1520082458440618,0.17997836301143585
2017-12-15 00:00:00-05:00,418.75,421.5,415.0,418.25,49118,0.0,0.0,0.05886075949367098,0.057193574965811574,0.4282561670435128,0.2838149156393536
2017-12-18 00:00:00-05:00,420.25,423.5,419.5,420.5,47968,0.0,0.0,0.005379557680812885,0.0053651395460693665,0.3837444744561143,0.2799446995037664
2017-12-19 00:00:00-05:00,420.5,424.0,419.0,419.5,39615,0.0,0.0,-0.0023781212841854638,-0.0023809535057418476,0.38700120083999945,0.27667215356076275
2017-12-20 00:00:00-05:00,418.75,424.5,416.25,423.5,54040,0.0,0.0,0.009535160905840279,0.00948998818484821,0.3896283320604067,0.27784268027572867
2017-12-21 00:00:00-05:00,424.0,427.5,422.5,427.0,44546,0.0,0.0,0.008264462809917328,0.008230499136515444,0.3879688516402512,0.27874439289862185
2017-12-22 00:00:00-05:00,426.75,429.0,424.25,424.75,26982,0.0,0.0,-0.005269320843091285,-0.005283252676583099,0.1044991548725395,0.2723104033265109
2017-12-26 00:00:00-05:00,424.0,426.75,420.75,422.25,27392,0.0,0.0,-0.005885815185403209,-0.005903204864131982,0.11869957883610206,0.26695763449098975
2017-12-27 00:00:00-05:00,422.25,428.25,420.75,428.0,36729,0.0,0.0,0.013617525162818334,0.013525639893887434,0.14308127303107512,0.27029883305153246
2017-12-28 00:00:00-05:00,427.5,428.75,425.25,427.75,31942,0.0,0.0,-0.0005841121495326895,-0.0005842828094939124,0.13653762232337538,0.266785476070898
2017-12-29 00:00:00-05:00,426.25,428.0,424.0,427.0,37219,0.0,0.0,-0.001753360607831711,-0.0017548995436783388,0.12581433663783398,0.25773201830214526
2018-01-02 00:00:00-05:00,428.25,436.25,428.25,433.5,71354,0.0,0.0,0.015222482435597096,0.015107782991971895,0.15271932862183618,0.25917172886772205
2018-01-03 00:00:00-05:00,435.25,437.0,432.0,436.0,70970,0.0,0.0,0.005767012687427853,0.005750447128437718,0.12438214307102433,0.2550305868002485
2018-01-04 00:00:00-05:00,435.75,436.0,431.0,434.0,58728,0.0,0.0,-0.004587155963302725,-0.0045977092486294314,0.1254678195548215,0.25177187888906577
2018-01-05 00:00:00-05:00,433.0,433.75,427.5,430.75,62551,0.0,0.0,-0.00748847926267282,-0.007516658692365867,0.14525856759564856,0.2419082023888578
2018-01-08 00:00:00-05:00,430.25,432.25,425.75,427.75,71822,0.0,0.0,-0.006964596633778242,-0.006988962635736092,0.15671753819147172,0.23927397952840268
2018-01-09 00:00:00-05:00,427.75,433.75,425.25,432.25,63519,0.0,0.0,0.010520163646990044,0.010465211791097002,0.12994846913013158,0.23729581805737954
2018-01-10 00:00:00-05:00,432.25,435.0,431.5,434.25,62125,0.0,0.0,0.0046269519953729965,0.004616280557814382,0.12666727931875718,0.22983238900284356
2018-01-11 00:00:00-05:00,434.25,434.5,428.5,433.25,73166,0.0,0.0,-0.0023028209556706924,-0.0023054765254988505,0.12333450735244784,0.23027327170695744
2018-01-12 00:00:00-05:00,433.25,436.0,418.75,420.5,131033,0.0,0.0,-0.029428736295441404,-0.02987044918271269,0.243484912219118,0.2598894075201652
2018-01-16 00:00:00-05:00,420.25,422.75,413.25,416.5,83268,0.0,0.0,-0.009512485136741966,-0.009558017806105356,0.24563377166284195,0.2636117178973214
2018-01-17 00:00:00-05:00,416.75,423.25,415.5,421.5,53024,0.0,0.0,0.01200480192076836,0.011933315835012817,0.25177638615472847,0.1656893309703279
2018-01-18 00:00:00-05:00,422.25,425.75,421.25,425.25,53107,0.0,0.0,0.008896797153024938,0.008857453834061023,0.2635295187084354,0.16754033909550603
2018-01-19 00:00:00-05:00,425.25,427.25,421.5,422.75,39936,0.0,0.0,-0.005878894767783693,-0.0058962434972815005,0.26324276596641516,0.16882575097348756
2018-01-22 00:00:00-05:00,424.5,427.5,423.25,425.75,51153,0.0,0.0,0.007096392667060858,0.00707133176410793,0.15203322548300283,0.16729821440657086
2018-01-23 00:00:00-05:00,423.5,425.0,419.75,421.5,57485,0.0,0.0,-0.00998238402818552,-0.010032542100887479,0.15439468577226068,0.1683377256703193
2018-01-24 00:00:00-05:00,422.25,433.75,420.75,433.0,113542,0.0,0.0,0.027283511269276417,0.02691795056057972,0.23246672007438837,0.1940431245543671
2018-01-25 00:00:00-05:00,433.0,438.75,429.5,434.5,91598,0.0,0.0,0.0034642032332563577,0.003458216702956889,0.23063288000512472,0.1924530137957519
2018-01-26 00:00:00-05:00,435.0,442.5,434.25,441.0,83104,0.0,0.0,0.014959723820483273,0.014848930741399223,0.219311876694299,0.19362917856205597
2018-01-29 00:00:00-05:00,443.0,449.75,443.0,449.25,109243,0.0,0.0,0.018707482993197244,0.018534650216822393,0.2296627268187641,0.2026826586178818
2018-01-30 00:00:00-05:00,454.0,458.5,449.75,457.25,130214,0.0,0.0,0.017807456872565464,0.01765076160730673,0.1363627555910587,0.2089916136426463
2018-01-31 00:00:00-05:00,458.5,458.75,447.5,451.75,121250,0.0,0.0,-0.012028430836522719,-0.012101357798637233,0.2068704088091522,0.21111196805354523
2018-02-01 00:00:00-05:00,451.0,451.5,443.25,451.0,112717,0.0,0.0,-0.0016602102933037655,-0.0016615899696594734,0.2177690197867509,0.21106947547589255
2018-02-02 00:00:00-05:00,449.75,451.0,445.0,446.75,69044,0.0,0.0,-0.009423503325942328,-0.009468185463140905,0.23376396205948471,0.2136854189579962
2018-02-05 00:00:00-05:00,443.25,445.75,438.75,440.25,100967,0.0,0.0,-0.014549524342473474,-0.014656406663221957,0.20791940730078015,0.21904285953729763
2018-02-06 00:00:00-05:00,442.0,447.75,438.75,446.25,80120,0.0,0.0,0.013628620102214661,0.013536585717533323,0.18067538893334106,0.2210726668335087
2018-02-07 00:00:00-05:00,449.0,461.75,447.75,460.5,149038,0.0,0.0,0.031932773109243806,0.03143352260151281,0.30007254131331007,0.24365867215486786
2018-02-08 00:00:00-05:00,461.75,464.5,451.25,456.25,133037,0.0,0.0,-0.009229098805646041,-0.00927195079866028,0.3135525070056566,0.24757689503330957
2018-02-09 00:00:00-05:00,454.25,456.0,448.25,449.0,119895,0.0,0.0,-0.01589041095890409,-0.016018017154446944,0.3318367753961516,0.2557025981179849
2018-02-12 00:00:00-05:00,452.0,465.0,451.5,464.0,130177,0.0,0.0,0.03340757238307357,0.03286166448400104,0.3619279719454656,0.2507946168331005
2018-02-13 00:00:00-05:00,465.0,467.25,459.0,460.75,139468,0.0,0.0,-0.0070043103448276245,-0.00702895567632264,0.38080973802794854,0.2490144789807344
2018-02-14 00:00:00-05:00,458.0,460.75,453.75,455.75,92771,0.0,0.0,-0.01085187194791104,-0.01091118299116027,0.31771440706265713,0.25387232307556973
2018-02-15 00:00:00-05:00,455.75,463.5,452.25,461.75,79652,0.0,0.0,0.013165112452002248,0.013079205520576976,0.32492494383145065,0.2554041019171492
2018-02-16 00:00:00-05:00,463.5,464.5,456.75,457.75,69865,0.0,0.0,-0.008662696264212233,-0.008700435524729247,0.302327162467849,0.25705386328169527
2018-02-20 00:00:00-05:00,459.75,463.25,449.0,449.25,86763,0.0,0.0,-0.01856908793009282,-0.018743657890951646,0.1871885332207213,0.2689653253631157
2018-02-21 00:00:00-05:00,450.0,452.0,445.5,447.25,76893,0.0,0.0,-0.004451864218141366,-0.004461803274839899,0.18753290030994074,0.26617438529595283
2018-02-22 00:00:00-05:00,447.75,452.0,444.75,451.25,47639,0.0,0.0,0.008943543879262217,0.008903787258262193,0.20616144226570102,0.2516399252709445
2018-02-23 00:00:00-05:00,452.0,456.25,451.5,452.25,47639,0.0,0.0,0.00221606648199435,0.0022136146283137296,0.16655436675310695,0.2515947553054006
2018-02-26 00:00:00-05:00,458.5,464.0,455.75,459.5,51730,0.0,0.0,0.01603095632946383,0.015903817520337264,0.21045587614755312,0.2523473089113824
2018-02-27 00:00:00-05:00,462.0,465.75,460.25,463.25,32833,0.0,0.0,0.008161044613710589,0.008127923369727456,0.12228327197663834,0.24587759551057065
2018-02-28 00:00:00-05:00,464.5,487.5,464.0,484.5,5720,0.0,0.0,0.04587155963302747,0.04485056616535171,0.27418030483021244,0.2870691982223512
2018-03-01 00:00:00-05:00,491.25,506.25,482.75,505.5,908,0.0,0.0,0.04334365325077405,0.04243060712970524,0.32120183118775003,0.31446948128671465
2018-03-02 00:00:00-05:00,506.25,506.25,489.0,492.0,496,0.0,0.0,-0.02670623145400597,-0.027069321968218027,0.47066491646794256,0.3343127926454102
2018-03-05 00:00:00-05:00,497.0,502.25,493.0,502.25,368,0.0,0.0,0.02083333333333326,0.02061928720273561,0.4710579682031076,0.3347690792026038
2018-03-06 00:00:00-05:00,498.75,502.0,496.75,502.0,195,0.0,0.0,-0.0004977600796416404,-0.0004978840033146273,0.48655603261124003,0.32690731911112647
2018-03-07 00:00:00-05:00,505.0,505.0,493.0,493.0,222,0.0,0.0,-0.017928286852589626,-0.018090945649039073,0.4542338561468259,0.33717358359564764
2018-03-08 00:00:00-05:00,495.25,495.75,494.75,494.75,115,0.0,0.0,0.003549695740365122,0.0035434104399850114,0.29649823021297317,0.32204627186999885
2018-03-09 00:00:00-05:00,495.0,495.0,486.0,489.0,289,0.0,0.0,-0.011622031328954008,-0.011690095007803073,0.23771411758769875,0.3234379807090572
2018-03-12 00:00:00-04:00,486.0,489.75,483.5,489.75,62,0.0,0.0,0.0015337423312884457,0.0015325673497782106,0.14786507604228516,0.3152747058650994
2018-03-13 00:00:00-04:00,494.5,503.25,485.5,485.5,41,0.0,0.0,-0.00867789688616638,-0.0087157690932705,0.14353891904184857,0.29914213533801504
2018-03-14 00:00:00-04:00,485.0,496.5,485.0,495.75,64369,0.0,0.0,0.021112255406797065,0.020892479668525706,0.20454497900303034,0.3039861783761111
2018-03-15 00:00:00-04:00,488.75,493.25,476.0,478.75,76230,0.0,0.0,-0.03429147755925366,-0.03489322690504962,0.320478441286674,0.32934014152792046
2018-03-16 00:00:00-04:00,478.75,482.25,467.0,467.75,83127,0.0,0.0,-0.02297650130548301,-0.02324457534065673,0.3416003352322342,0.33890902316163923
2018-03-19 00:00:00-04:00,465.0,466.0,450.25,450.75,109989,0.0,0.0,-0.036344200962052375,-0.03702110307077234,0.374634305786342,0.36263910409295513
2018-03-20 00:00:00-04:00,452.5,457.5,450.0,453.0,92600,0.0,0.0,0.004991680532445919,0.004979263399607364,0.40346691113540145,0.3566838220816302
2018-03-21 00:00:00-04:00,453.5,454.5,446.75,453.5,79013,0.0,0.0,0.001103752759381793,0.001103144072157168,0.30935185756652084,0.3561737101929622
2018-03-22 00:00:00-04:00,453.5,459.75,451.25,455.75,64101,0.0,0.0,0.004961411245865577,0.004949144003581212,0.3005371066873176,0.3552650860962678
2018-03-23 00:00:00-04:00,455.25,461.75,446.5,460.25,78521,0.0,0.0,0.009873834339001686,0.009825406554414858,0.2992701531899509,0.35672590816356975
2018-03-26 00:00:00-04:00,462.5,463.75,451.25,454.25,65958,0.0,0.0,-0.0130363932645301,-0.013122112836906624,0.13878327679499836,0.35552661634145527
2018-03-27 00:00:00-04:00,454.25,457.5,448.75,449.0,57977,0.0,0.0,-0.011557512383049029,-0.011624819534026321,0.16108297222947188,0.3561645782888375
2018-03-28 00:00:00-04:00,449.5,452.5,444.5,445.5,55976,0.0,0.0,-0.007795100222717122,-0.007825640831390266,0.16358611716579555,0.3097695667699753
2018-03-29 00:00:00-04:00,447.5,455.75,441.5,451.0,89823,0.0,0.0,0.012345679012345734,0.012270092591814401,0.1933681727614369,0.26292578117680254
2018-04-02 00:00:00-04:00,454.25,457.25,445.75,446.25,67069,0.0,0.0,-0.010532150776053184,-0.010588006408829485,0.16661754692151962,0.2516983115223402
2018-04-03 00:00:00-04:00,448.5,463.5,448.25,457.5,99826,0.0,0.0,0.025210084033613356,0.024897551621727087,0.2610211736268386,0.25799871848096384
2018-04-04 00:00:00-04:00,457.0,461.5,447.0,455.75,94458,0.0,0.0,-0.0038251366120218844,-0.0038324711568036127,0.24164119218501565,0.25757919516616734
2018-04-05 00:00:00-04:00,458.0,466.0,456.5,464.75,73154,0.0,0.0,0.01974766867800337,0.01955521304278106,0.24265395861485056,0.266471919075985
2018-04-06 00:00:00-04:00,461.5,472.75,459.25,472.25,76592,0.0,0.0,0.016137708445400856,0.016008879780065637,0.24779121361784284,0.2740947310902609
2018-04-09 00:00:00-04:00,478.0,493.75,474.75,490.75,133935,0.0,0.0,0.03917416622551606,0.03842632677495143,0.24782585440993116,0.30808979145048376
2018-04-10 00:00:00-04:00,492.0,494.0,481.75,492.0,130242,0.0,0.0,0.0025471217524197787,0.002543883335737681,0.26532140487065337,0.3081620844629145
2018-04-11 00:00:00-04:00,491.0,492.0,483.0,487.25,101287,0.0,0.0,-0.009654471544715437,-0.009701378104637911,0.29284141855973655,0.30856323184442613
2018-04-12 00:00:00-04:00,483.5,484.75,474.75,481.0,80170,0.0,0.0,-0.012827090815803022,-0.012910068281909059,0.3375861879003474,0.30173107853213355
2018-04-13 00:00:00-04:00,480.25,481.25,469.5,472.5,63766,0.0,0.0,-0.017671517671517645,-0.017829523171963707,0.36465068773005327,0.2828315547864528
2018-04-16 00:00:00-04:00,466.5,470.25,461.5,462.25,81262,0.0,0.0,-0.021693121693121653,-0.021931876666563176,0.14717749226899168,0.2815128460397541
2018-04-17 00:00:00-04:00,463.75,470.75,461.5,466.25,55331,0.0,0.0,0.008653326122228133,0.008616100690790971,0.18607753786551445,0.24881390062387332
2018-04-18 00:00:00-04:00,466.25,476.0,465.5,475.25,51497,0.0,0.0,0.0193029490616623,0.019119010410513344,0.28368557971300223,0.25631565301646014
2018-04-19 00:00:00-04:00,477.5,480.0,471.75,476.75,43868,0.0,0.0,0.0031562335612835835,0.003151263111989953,0.27799660983977864,0.2562684314862635
2018-04-20 00:00:00-04:00,476.25,476.75,462.25,463.25,47332,0.0,0.0,-0.02831672784478234,-0.028725379315059245,0.32323753184282167,0.27850584589550037
2018-04-23 00:00:00-04:00,464.25,469.0,458.75,461.5,56901,0.0,0.0,-0.0037776578521316884,-0.003784811222562324,0.2832343937970587,0.27692325214950203
2018-04-24 00:00:00-04:00,461.25,473.0,455.5,472.5,29307,0.0,0.0,0.02383531960996743,0.023555692990890532,0.32979908317861983,0.2842405496238255
2018-04-25 00:00:00-04:00,473.0,488.5,472.25,486.25,28837,0.0,0.0,0.02910052910052907,0.028685147998858577,0.36596292428758004,0.2947319488102471
2018-04-26 00:00:00-04:00,485.25,491.5,476.5,480.75,23003,0.0,0.0,-0.01131105398457588,-0.011375510463766982,0.3840224598227732,0.2968792594868243
2018-04-27 00:00:00-04:00,484.0,495.75,480.25,495.5,16632,0.0,0.0,0.03068122724908995,0.030219969301153553,0.3134244862878717,0.310551326207817
2018-04-30 00:00:00-04:00,500.0,515.5,499.75,512.5,2353,0.0,0.0,0.034308779011099855,0.03373335724252052,0.2957082580917927,0.3215972389487149
2018-05-01 00:00:00-04:00,511.25,529.75,510.25,529.75,549,0.0,0.0,0.033658536585365884,0.03310448613584523,0.30889539108450237,0.32920204878111053
2018-05-02 00:00:00-04:00,525.0,533.25,522.5,525.75,170,0.0,0.0,-0.007550731477111827,-0.0075793825655992705,0.36915444153219856,0.33117089394980254
2018-05-03 00:00:00-04:00,525.75,540.5,523.5,540.5,186,0.0,0.0,0.02805515929624347,0.027668822496453815,0.2812910087224408,0.33655647172861636
2018-05-04 00:00:00-04:00,537.0,537.0,527.5,527.5,115,0.0,0.0,-0.02405180388529138,-0.02434577172904139,0.4276256575026783,0.35316126626220434
2018-05-07 00:00:00-04:00,515.0,515.0,514.0,514.0,72,0.0,0.0,-0.025592417061611417,-0.025925599895056495,0.44944624996240645,0.34670747027144044
2018-05-08 00:00:00-04:00,515.5,517.75,515.5,517.75,7,0.0,0.0,0.007295719844357951,0.007269234820528408,0.3580890515971291,0.34711778336864824
2018-05-09 00:00:00-04:00,508.0,514.5,508.0,514.5,30,0.0,0.0,-0.0062771607918880035,-0.006296945001589271,0.35748974095351377,0.34571736156173255
2018-05-10 00:00:00-04:00,515.75,515.75,507.75,507.75,56,0.0,0.0,-0.013119533527696792,-0.01320635481361023,0.21529129144745598,0.3458958701297427
2018-05-11 00:00:00-04:00,489.5,489.5,489.5,489.5,25,0.0,0.0,-0.03594288527818812,-0.036604738489929026,0.26647845083479366,0.3658379952001286
2018-05-14 00:00:00-04:00,479.25,480.5,479.25,480.5,66355,0.0,0.0,-0.018386108273748758,-0.018557233560217927,0.2525125144267988,0.36317349681637046
2018-05-15 00:00:00-04:00,490.5,496.25,486.25,493.5,74723,0.0,0.0,0.027055150884495394,0.026695630463189166,0.3669912139781123,0.37325401842418887
2018-05-16 00:00:00-04:00,493.75,498.75,491.0,494.25,56225,0.0,0.0,0.001519756838905817,0.0015186031771900596,0.3751661551972917,0.36832435050544116
2018-05-17 00:00:00-04:00,496.0,505.0,495.0,497.5,68134,0.0,0.0,0.006575619625695417,0.006554094547921088,0.3834529098542504,0.3686398504987184
2018-05-18 00:00:00-04:00,497.5,518.75,495.25,518.25,98776,0.0,0.0,0.04170854271356794,0.040862194717241604,0.36985931394914184,0.37502738157471943
2018-05-21 00:00:00-04:00,523.0,525.5,504.25,507.25,101857,0.0,0.0,-0.021225277375783835,-0.02145377260996479,0.384659731708143,0.38594723737607395
2018-05-22 00:00:00-04:00,505.5,530.25,502.75,521.5,121340,0.0,0.0,0.028092656481025102,0.02770529573490298,0.38742691050023,0.38898436883995696
2018-05-23 00:00:00-04:00,520.75,531.75,517.25,531.0,91158,0.0,0.0,0.0182166826462129,0.018052746801111748,0.3788173930598604,0.38198130057439295
2018-05-24 00:00:00-04:00,531.0,545.25,529.25,530.25,136823,0.0,0.0,-0.0014124293785310327,-0.001413427797146964,0.3935342455003621,0.3780793643588196
2018-05-25 00:00:00-04:00,530.0,544.75,528.25,543.0,86023,0.0,0.0,0.0240452616690241,0.023760726489143662,0.32690950736673446,0.3728404758986574
2018-05-29 00:00:00-04:00,547.5,554.0,531.5,536.5,140350,0.0,0.0,-0.011970534069981609,-0.012042757863182301,0.274421832090785,0.36032010916351387
2018-05-30 00:00:00-04:00,534.75,534.75,516.5,522.0,106721,0.0,0.0,-0.027027027027026973,-0.027398974188114388,0.3353510941461356,0.3551493303865561
2018-05-31 00:00:00-04:00,522.0,531.75,515.25,526.25,86994,0.0,0.0,0.008141762452107182,0.008108797113952357,0.3080931077238386,0.3553852922968376
2018-06-01 00:00:00-04:00,524.5,528.0,518.25,523.25,84217,0.0,0.0,-0.005700712589073675,-0.005717023670482102,0.3093909238666385,0.34027931590291105
2018-06-04 00:00:00-04:00,520.25,521.25,503.25,505.25,104589,0.0,0.0,-0.03440038222646913,-0.03500600504237866,0.269042521114537,0.35122182904317834
2018-06-05 00:00:00-04:00,507.0,518.75,506.0,510.0,106924,0.0,0.0,0.009401286491835803,0.009357369434641142,0.31840966669892606,0.3417782285328699
2018-06-06 00:00:00-04:00,509.75,531.25,507.5,519.75,102300,0.0,0.0,0.01911764705882346,0.01893720101975078,0.3304867109343457,0.34772783876060254
2018-06-07 00:00:00-04:00,522.25,537.0,519.25,526.75,121868,0.0,0.0,0.013468013468013407,0.01337812594617605,0.34143379393772805,0.3497412805697797
2018-06-08 00:00:00-04:00,528.25,533.5,513.25,520.0,128275,0.0,0.0,-0.012814428096820096,-0.012897241108825348,0.3529522669064355,0.3495748292629068
2018-06-11 00:00:00-04:00,520.0,528.25,511.75,514.5,95718,0.0,0.0,-0.01057692307692304,-0.010633256301368703,0.23034146620919502,0.32429539255906065
2018-06-12 00:00:00-04:00,514.75,538.25,510.25,534.5,145449,0.0,0.0,0.0388726919339164,0.0381361751909956,0.34341366755650815,0.33832462788799805
2018-06-13 00:00:00-04:00,535.0,538.75,514.5,516.5,123831,0.0,0.0,-0.0336763330215154,-0.034256441905406644,0.4417979191649062,0.3553855847345149
2018-06-14 00:00:00-04:00,515.75,517.0,498.25,501.5,113599,0.0,0.0,-0.029041626331074544,-0.02947168115770302,0.4572312213900259,0.3726612132482642
2018-06-15 00:00:00-04:00,515.75,517.0,487.0,499.5,98171,0.0,0.0,-0.003988035892322994,-0.003996009313381976,0.4574299613028345,0.3724475444293119
2018-06-18 00:00:00-04:00,495.5,499.0,487.75,490.0,75216,0.0,0.0,-0.019019019019019034,-0.019202206983935932,0.4646648465693357,0.3445867239409666
2018-06-19 00:00:00-04:00,489.5,490.5,467.5,477.75,102770,0.0,0.0,-0.025000000000000022,-0.025317807984289897,0.18240721776667845,0.3475442430163904
2018-06-20 00:00:00-04:00,477.75,490.0,474.75,488.25,55871,0.0,0.0,0.0219780219780219,0.02173998663640582,0.32942200277156664,0.34095932038514754
2018-06-21 00:00:00-04:00,490.75,498.75,482.25,495.25,51246,0.0,0.0,0.014336917562723928,0.01423511582187191,0.32376476743194044,0.3380122108713684
2018-06-22 00:00:00-04:00,495.75,497.5,487.0,491.25,38618,0.0,0.0,-0.008076728924785503,-0.008109522395189361,0.32636792419778593,0.33835582276022863
2018-06-25 00:00:00-04:00,490.25,491.0,473.75,476.75,28206,0.0,0.0,-0.029516539440203604,-0.029960918702942586,0.36476239135046556,0.33370500701653616
2018-06-26 00:00:00-04:00,477.5,481.75,466.75,469.5,27495,0.0,0.0,-0.015207131620346148,-0.015323945832210905,0.3369308739781971,0.33463420103097824
2018-06-27 00:00:00-04:00,470.0,482.25,468.75,479.5,30819,0.0,0.0,0.021299254526091493,0.02107559567517522,0.33374239747321943,0.339132710642988
2018-06-28 00:00:00-04:00,478.0,485.25,474.25,479.5,13880,0.0,0.0,0.0,0.0,0.29940499281816485,0.33648122676347175
2018-06-29 00:00:00-04:00,479.5,504.0,479.5,497.5,2486,0.0,0.0,0.037539103232533844,0.036851662275154504,0.42930790495632987,0.36785445023721086
2018-07-02 00:00:00-04:00,497.25,505.0,477.25,480.25,881,0.0,0.0,-0.03467336683417088,-0.03528875494998146,0.45459703520196565,0.3681718826352676
2018-07-03 00:00:00-04:00,480.75,495.0,480.5,491.5,0,0.0,0.0,0.02342529932326909,0.02315513793855517,0.4462446977825666,0.37732438506834476
2018-07-05 00:00:00-04:00,507.0,508.75,503.25,504.0,166,0.0,0.0,0.025432349949135347,0.02511432848414742,0.4540160582430962,0.3825476524668039
2018-07-06 00:00:00-04:00,500.25,513.25,500.25,512.75,161,0.0,0.0,0.01736111111111116,0.017212128881121426,0.4457494499535136,0.384778934552579
2018-07-09 00:00:00-04:00,509.5,509.75,504.25,507.75,55,0.0,0.0,-0.009751340809361242,-0.009799196491995881,0.41237774374045855,0.38369071258038767
2018-07-10 00:00:00-04:00,503.0,503.0,485.75,489.5,51,0.0,0.0,-0.03594288527818812,-0.036604738489929026,0.41997641929456797,0.4022779849522357
2018-07-11 00:00:00-04:00,469.75,469.75,469.75,469.75,14,0.0,0.0,-0.04034729315628194,-0.041183823676990396,0.4755082510877576,0.39322887383275157
2018-07-12 00:00:00-04:00,484.25,484.25,482.5,482.5,74,0.0,0.0,0.027142096860031995,0.026780282485465982,0.48331939798354984,0.39600037626838
2018-07-13 00:00:00-04:00,478.0,481.5,478.0,481.5,81163,0.0,0.0,-0.002072538860103612,-0.0020746895408603554,0.43563569892028087,0.38395841585804535
2018-07-16 00:00:00-04:00,495.25,498.5,486.75,488.5,62009,0.0,0.0,0.014537902388369606,0.014433240244657112,0.4764342972056788,0.38813744085377105
2018-07-17 00:00:00-04:00,491.0,504.25,487.75,497.75,70281,0.0,0.0,0.01893551688843398,0.018758471461468237,0.4254087278500339,0.38792614156015065
2018-07-18 00:00:00-04:00,498.25,505.0,493.75,494.5,54257,0.0,0.0,-0.006529382219989999,-0.0065507918815389116,0.22623864738165664,0.37684502103877787
2018-07-19 00:00:00-04:00,493.75,505.75,490.25,504.25,57474,0.0,0.0,0.019716885743174872,0.019525025771554298,0.19570819311853685,0.37533708524217974
2018-07-20 00:00:00-04:00,503.5,519.75,503.0,516.0,76739,0.0,0.0,0.023301933564700006,0.023034588647241536,0.18871856963187297,0.380595407274716
2018-07-23 00:00:00-04:00,518.0,522.5,512.0,513.75,74226,0.0,0.0,-0.0043604651162790775,-0.004369999671118379,0.22872785840808585,0.37947479762044684
2018-07-24 00:00:00-04:00,511.5,516.25,505.25,510.25,66279,0.0,0.0,-0.0068126520681265346,-0.006835964120490202,0.23964871251404393,0.3622226877409995
2018-07-25 00:00:00-04:00,511.5,545.25,511.25,542.75,145913,0.0,0.0,0.06369426751592355,0.06174800706844703,0.4509969846896641,0.41252757825537495
2018-07-26 00:00:00-04:00,544.75,553.75,532.0,536.5,128991,0.0,0.0,-0.011515430677107363,-0.011582246687648103,0.5001651605736035,0.4145089135587708
2018-07-27 00:00:00-04:00,536.0,542.0,525.25,530.5,94998,0.0,0.0,-0.011183597390493905,-0.011246604016715298,0.5145270481234333,0.41852106912059206
2018-07-30 00:00:00-04:00,533.5,551.75,532.75,546.5,72662,0.0,0.0,0.03016022620169645,0.029714349562555364,0.5290457900001285,0.41176959103843136
2018-07-31 00:00:00-04:00,545.5,565.0,540.5,553.75,97008,0.0,0.0,0.013266239707227845,0.013179013742752174,0.5004163343969571,0.38474346599483883
2018-08-01 00:00:00-04:00,555.25,566.0,550.75,558.25,100631,0.0,0.0,0.00812641083521437,0.008093569360921787,0.27981944078740834,0.380108538412544
2018-08-02 00:00:00-04:00,559.5,593.0,559.0,560.5,150993,0.0,0.0,0.0040304523063143805,0.004022351791947349,0.23794837206129826,0.37362461140032743
2018-08-03 00:00:00-04:00,563.25,567.75,554.0,556.25,78469,0.0,0.0,-0.007582515611061602,-0.0076114090317646824,0.2194753886060055,0.373691001564469
2018-08-06 00:00:00-04:00,555.0,576.25,551.5,574.5,75848,0.0,0.0,0.03280898876404503,0.03228226380836049,0.23533985909204902,0.3828301313152174
2018-08-07 00:00:00-04:00,575.25,586.25,564.0,568.25,106029,0.0,0.0,-0.010879025239338591,-0.010938634556157822,0.2742737448497234,0.35535442264690187
2018-08-08 00:00:00-04:00,569.75,578.0,564.5,570.0,91814,0.0,0.0,0.0030796304443467815,0.0030748980959433517,0.2733368331918786,0.30767753587435126
2018-08-09 00:00:00-04:00,570.5,573.75,561.75,564.5,87215,0.0,0.0,-0.009649122807017574,-0.009695977238879157,0.29085112125893486,0.3080373088041698
2018-08-10 00:00:00-04:00,564.75,574.0,545.75,546.75,113918,0.0,0.0,-0.03144375553587242,-0.03194872403283945,0.3751851848848598,0.33711429811535204
2018-08-13 00:00:00-04:00,546.5,549.75,530.5,533.5,94158,0.0,0.0,-0.024234110653863716,-0.024532588815069138,0.2140780777817488,0.35271515119887187
2018-08-14 00:00:00-04:00,534.75,544.25,532.25,541.75,58391,0.0,0.0,0.015463917525773141,0.01534556967466032,0.30535083719291034,0.35106121661971795
2018-08-15 00:00:00-04:00,541.0,542.75,528.25,532.25,70666,0.0,0.0,-0.017535763728657172,-0.017691336642879623,0.2869756512695011,0.3577465205042457
2018-08-16 00:00:00-04:00,532.5,547.75,531.0,542.25,45520,0.0,0.0,0.018788163457022167,0.018613845933394997,0.36991625076457874,0.35721749674630926
2018-08-17 00:00:00-04:00,542.25,563.0,535.0,560.5,66479,0.0,0.0,0.03365606270170596,0.033102092805230944,0.3955119930040893,0.36645678499277023
2018-08-20 00:00:00-04:00,562.0,562.75,540.75,542.25,42927,0.0,0.0,-0.03256021409455845,-0.03310209280523086,0.4368428552637744,0.38840570713202294
2018-08-21 00:00:00-04:00,544.0,544.25,526.25,527.25,38076,0.0,0.0,-0.02766251728907332,-0.028052330348099796,0.4689331111184762,0.4021872833450661
2018-08-22 00:00:00-04:00,526.5,533.0,520.5,526.0,35802,0.0,0.0,-0.0023707918444760834,-0.002373606621174145,0.4556928839368376,0.3294372555566619
2018-08-23 00:00:00-04:00,529.0,535.5,515.5,522.0,35630,0.0,0.0,-0.0076045627376425395,-0.007633624855071095,0.416573454624287,0.32812844722193446
2018-08-24 00:00:00-04:00,522.0,522.0,513.0,514.75,52011,0.0,0.0,-0.01388888888888884,-0.01398624197473984,0.2050839276332875,0.3293620320049533
2018-08-27 00:00:00-04:00,513.75,513.75,499.0,499.25,23190,0.0,0.0,-0.030111704711024756,-0.03057437361197422,0.1936613639295555,0.32241367931356174
2018-08-28 00:00:00-04:00,500.25,504.25,494.75,498.25,22072,0.0,0.0,-0.0020030045067601643,-0.0020050132030205213,0.18450477926975786,0.3158593934523561
2018-08-29 00:00:00-04:00,498.0,520.0,496.0,515.75,21637,0.0,0.0,0.035122930255895746,0.03452019285845721,0.3828634524415393,0.34410252770124594
2018-08-30 00:00:00-04:00,517.5,525.0,502.5,508.0,15482,0.0,0.0,-0.015026660203587006,-0.015140704372879309,0.3911714239142038,0.3450508977985575
2018-08-31 00:00:00-04:00,509.5,522.25,509.5,518.5,0,0.0,0.0,0.02066929133858264,0.020458580091100093,0.41867789585104903,0.3562906647416451
2018-09-04 00:00:00-04:00,507.25,507.25,491.75,502.75,2246,0.0,0.0,-0.030376084860173624,-0.03084699901682064,0.41994692116789445,0.34172717583917506
2018-09-05 00:00:00-04:00,501.0,507.5,493.75,493.75,839,0.0,0.0,-0.017901541521631037,-0.01806371243742981,0.4432461261851003,0.34384288083844455
2018-09-06 00:00:00-04:00,490.0,492.25,486.0,486.0,243,0.0,0.0,-0.01569620253164561,-0.0158206923148379,0.30349560785189694,0.34316101793498144
2018-09-07 00:00:00-04:00,487.0,487.25,486.25,486.25,98,0.0,0.0,0.0005144032921811093,0.0005142710321623215,0.3125734125495275,0.3442970501854038
2018-09-10 00:00:00-04:00,488.0,504.0,488.0,504.0,49,0.0,0.0,0.036503856041131044,0.03585337313871251,0.41067278710174054,0.36473867028729884
2018-09-11 00:00:00-04:00,497.25,497.25,493.75,493.75,1,0.0,0.0,-0.020337301587301626,-0.02054695185603703,0.37699887288550094,0.3620976484529447
2018-09-12 00:00:00-04:00,500.5,503.5,478.0,481.75,28,0.0,0.0,-0.024303797468354427,-0.02460400892085585,0.39484880693845686,0.3618177438471524
2018-09-13 00:00:00-04:00,473.0,473.0,471.75,471.75,2,0.0,0.0,-0.020757654385054503,-0.020976123045816187,0.40525618288542,0.36340395223149147
2018-09-14 00:00:00-04:00,478.5,480.0,478.5,480.0,86639,0.0,0.0,0.01748807631160565,0.017336919653276942,0.43816961919136543,0.36226633357089655
2018-09-17 00:00:00-04:00,513.5,517.75,505.5,506.25,72042,0.0,0.0,0.0546875,0.053244514518812285,0.545453439505999,0.3985475886140909
2018-09-18 00:00:00-04:00,506.25,514.25,506.25,510.5,58176,0.0,0.0,0.008395061728394992,0.008360019183971282,0.5104837235306389,0.3870338303273462
2018-09-19 00:00:00-04:00,511.0,523.25,510.5,522.5,59629,0.0,0.0,0.02350636630754166,0.023234346234245855,0.4319820237271803,0.3859375408223612
2018-09-20 00:00:00-04:00,523.0,525.75,516.0,524.0,58421,0.0,0.0,0.002870813397129135,0.002866700482076042,0.3214593931330896,0.3859904074584324
2018-09-21 00:00:00-04:00,521.0,524.25,515.0,521.75,43332,0.0,0.0,-0.00429389312977102,-0.004303138363732061,0.37142478955510205,0.3852936250542096
2018-09-24 00:00:00-04:00,522.0,531.25,520.0,527.0,55279,0.0,0.0,0.010062290368950677,0.010012002584052226,0.1630997371610657,0.3830070132821194
2018-09-25 00:00:00-04:00,525.25,525.75,516.25,520.75,62771,0.0,0.0,-0.01185958254269448,-0.011930468400280935,0.21574493097680938,0.36825353111223125
2018-09-26 00:00:00-04:00,521.25,527.0,516.75,517.5,46386,0.0,0.0,-0.006240998559769562,-0.0062605550015572345,0.13507915049416694,0.36922596484103976
2018-09-27 00:00:00-04:00,517.75,522.0,511.25,513.0,58588,0.0,0.0,-0.008695652173912993,-0.008733679968754553,0.1343407734745683,0.34956586622677366
2018-09-28 00:00:00-04:00,513.0,518.0,505.5,509.0,74077,0.0,0.0,-0.007797270955165692,-0.007827828620246792,0.1367663153462296,0.3463823968394353
2018-10-01 00:00:00-04:00,510.0,515.25,505.5,509.5,69142,0.0,0.0,0.0009823182711199419,0.00098183611225686,0.07573078147987988,0.33799164563307404
2018-10-02 00:00:00-04:00,510.5,524.75,505.25,519.25,92439,0.0,0.0,0.019136408243375813,0.018955610093442137,0.1846433002542654,0.3257325502023319
2018-10-03 00:00:00-04:00,521.25,527.25,514.25,515.25,65957,0.0,0.0,-0.007703418391911465,-0.007733242985653329,0.18776196797873715,0.31949792135458016
2018-10-04 00:00:00-04:00,515.75,520.75,513.75,518.0,53592,0.0,0.0,0.005337214944201918,0.0053230224889147205,0.1767659798749223,0.31240929289327335
2018-10-05 00:00:00-04:00,518.0,524.5,517.25,521.0,49345,0.0,0.0,0.005791505791505891,0.005774799493883958,0.15425106385930615,0.31233003893491734
2018-10-08 00:00:00-04:00,524.0,525.5,512.75,514.0,54161,0.0,0.0,-0.013435700575815779,-0.013526776298201851,0.20258406952723515,0.2922959396159735
2018-10-09 00:00:00-04:00,513.5,520.5,511.25,515.0,47599,0.0,0.0,0.0019455252918287869,0.0019436352085710307,0.13578615058691013,0.2810646506738957
2018-10-10 00:00:00-04:00,516.75,518.0,510.25,510.5,42673,0.0,0.0,-0.008737864077669855,-0.00877626305901585,0.13887274755752857,0.26661521791001896
2018-10-11 00:00:00-04:00,510.75,521.0,506.5,508.0,71251,0.0,0.0,-0.004897159647404559,-0.004909190026238408,0.12383610908354871,0.2534632371334459
2018-10-12 00:00:00-04:00,507.75,519.0,507.25,517.25,54233,0.0,0.0,0.018208661417322913,0.0180448690471706,0.19549235882310076,0.2539907041077948
2018-10-15 00:00:00-04:00,518.5,526.0,514.75,525.0,53487,0.0,0.0,0.014983083615273118,0.014871945965971373,0.18911601995357802,0.17562908279646622
2018-10-16 00:00:00-04:00,525.75,527.0,521.0,523.5,50816,0.0,0.0,-0.0028571428571428914,-0.002861232281032235,0.1958377544436775,0.17463001907855336
2018-10-17 00:00:00-04:00,524.0,524.5,516.0,517.5,39427,0.0,0.0,-0.011461318051575908,-0.011527505171067383,0.20705266471098266,0.15911788312195563
2018-10-18 00:00:00-04:00,516.0,519.5,511.0,513.0,42084,0.0,0.0,-0.008695652173912993,-0.008733679968754553,0.21743885869494586,0.16121560965571904
2018-10-19 00:00:00-04:00,513.0,518.5,510.75,514.75,45873,0.0,0.0,0.003411306042885087,0.003405500737129392,0.16781256008884524,0.16145473673354688
2018-10-22 00:00:00-04:00,514.0,514.25,507.25,508.0,47980,0.0,0.0,-0.013113161728994682,-0.013199898329416962,0.10786040074804787,0.16206257878007627
2018-10-23 00:00:00-04:00,508.0,511.25,505.25,509.0,47851,0.0,0.0,0.0019685039370078705,0.0019665689720408473,0.12267338418191787,0.15804474414209982
2018-10-24 00:00:00-04:00,510.0,510.75,496.75,499.5,76184,0.0,0.0,-0.018664047151277008,-0.01884041846191453,0.15166669708591995,0.16917153301539176
2018-10-25 00:00:00-04:00,499.75,499.75,485.5,487.25,84387,0.0,0.0,-0.02452452452452447,-0.02483025970093796,0.19742194495462023,0.18629856324925637
2018-10-26 00:00:00-04:00,487.25,506.75,486.75,505.25,143195,0.0,0.0,0.03694202154951265,0.036276017896060275,0.39125518526771164,0.2316204150933349
2018-10-29 00:00:00-04:00,510.25,515.0,502.75,507.25,66037,0.0,0.0,0.003958436417615063,0.003950622422193754,0.3834634922013628,0.23207416458721805
2018-10-30 00:00:00-04:00,505.5,507.5,497.0,499.75,69051,0.0,0.0,-0.014785608674223738,-0.01489600532541466,0.3961073799010387,0.22589716643032776
2018-10-31 00:00:00-04:00,499.75,501.75,490.0,500.5,82416,0.0,0.0,0.0015007503751875984,0.0014996253747658356,0.37235704678736553,0.2250769768119345
2018-11-01 00:00:00-04:00,500.5,510.0,500.5,508.0,85216,0.0,0.0,0.014985014985015033,0.014873848823206663,0.30357654983308185,0.2313989017766639
2018-11-02 00:00:00-04:00,507.0,509.75,502.75,508.75,56556,0.0,0.0,0.001476377952756014,0.0014752891783229606,0.16895065366433026,0.23025446688148374
2018-11-05 00:00:00-05:00,511.25,512.25,503.75,507.25,54254,0.0,0.0,-0.0029484029484029284,-0.0029527580508806,0.16954530160662948,0.22576174056942158
2018-11-06 00:00:00-05:00,507.25,514.0,505.5,512.0,51325,0.0,0.0,0.009364218827008441,0.009320646333583723,0.11406121477905966,0.22837672570485273
2018-11-07 00:00:00-05:00,512.5,514.25,507.25,510.25,70287,0.0,0.0,-0.00341796875,-0.00342382334955361,0.12775333725983454,0.22651023064202813
2018-11-08 00:00:00-05:00,509.5,517.0,503.25,507.75,110059,0.0,0.0,-0.004899559039686419,-0.004911601229460099,0.09195348022133172,0.22651092889592336
2018-11-09 00:00:00-05:00,507.5,508.0,500.75,502.0,92760,0.0,0.0,-0.011324470704086709,-0.011389080768764923,0.11914532505239081,0.21929041826196133
2018-11-12 00:00:00-05:00,502.5,520.75,501.25,519.75,115466,0.0,0.0,0.03535856573705187,0.034747807046393187,0.29443247745969925,0.24935296747748034
2018-11-13 00:00:00-05:00,518.25,520.75,506.0,507.75,104436,0.0,0.0,-0.023088023088023046,-0.023358726277628195,0.34927066222032455,0.26203034087675847
2018-11-14 00:00:00-05:00,507.75,511.0,501.0,503.0,80899,0.0,0.0,-0.009354997538158494,-0.00939903036075481,0.35386509963922863,0.2610623041724266
2018-11-15 00:00:00-05:00,503.0,509.0,503.0,505.5,71987,0.0,0.0,0.00497017892644136,0.004957868360786908,0.35685723141677367,0.26042846930710134
2018-11-16 00:00:00-05:00,505.25,508.75,502.75,506.75,41461,0.0,0.0,0.002472799208704357,0.002469746871583414,0.3441656434719368,0.26025755108923815
2018-11-19 00:00:00-05:00,506.5,507.25,496.0,498.5,51159,0.0,0.0,-0.016280217069560954,-0.016414195930216424,0.19043186037553073,0.2625012144172304
2018-11-20 00:00:00-05:00,497.5,502.5,495.5,500.75,39183,0.0,0.0,0.004513540621865486,0.0045033851440345034,0.15191695977937333,0.26301404047990407
2018-11-21 00:00:00-05:00,500.5,504.25,497.75,498.75,30005,0.0,0.0,-0.003994008986520248,-0.004002006341854451,0.14161942610640438,0.2547401059392889
2018-11-23 00:00:00-05:00,500.75,507.5,499.0,499.75,49829,0.0,0.0,0.002005012531328232,0.002003005176436144,0.13424141925162844,0.2376329639163583
2018-11-26 00:00:00-05:00,503.0,508.0,501.75,507.5,39278,0.0,0.0,0.015507753876938368,0.015388737535432854,0.18534230189584122,0.2050231226365304
2018-11-27 00:00:00-05:00,506.75,510.0,497.5,498.0,27085,0.0,0.0,-0.01871921182266012,-0.018896633891289497,0.1994051116617398,0.21520731762327325
2018-11-28 00:00:00-05:00,497.25,501.0,494.75,497.5,20279,0.0,0.0,-0.0010040160642570406,-0.0010045204260054762,0.19509835753537885,0.2088218891282092
2018-11-29 00:00:00-05:00,497.75,501.5,492.0,496.5,16126,0.0,0.0,-0.0020100502512563345,-0.002012073113420231,0.19383892231428282,0.20882702816686394
2018-11-30 00:00:00-05:00,497.25,517.75,497.25,515.75,2386,0.0,0.0,0.03877139979859012,0.038038668466133914,0.3448206861700864,0.2457524035201158
2018-12-03 00:00:00-05:00,524.25,525.25,514.0,515.75,2392,0.0,0.0,0.0,0.0,0.33680707749930844,0.2457599608181367
2018-12-04 00:00:00-05:00,514.75,520.75,514.75,519.25,325,0.0,0.0,0.0067862336403297085,0.006763310804860574,0.27407462405653377,0.24622153909837352
2018-12-06 00:00:00-05:00,510.0,510.0,499.5,505.25,516,0.0,0.0,-0.02696196437168996,-0.02733210647249132,0.37442018920301845,0.26356157443868244
2018-12-07 00:00:00-05:00,505.25,519.5,505.25,519.5,59,0.0,0.0,0.028203859475507187,0.027813454255551703,0.4073319876548749,0.2822133643356666
2018-12-10 00:00:00-05:00,522.75,522.75,514.75,514.75,12,0.0,0.0,-0.009143407122232938,-0.009185464631383276,0.32258969626449635,0.2837971285717077
2018-12-11 00:00:00-05:00,511.0,511.0,509.75,509.75,5,0.0,0.0,-0.009713453132588645,-0.009760936453334283,0.32946382873608326,0.2829379181973974
2018-12-12 00:00:00-05:00,520.75,520.75,515.25,515.25,12,0.0,0.0,0.010789602746444249,0.01073181031600377,0.3374459534704431,0.25536758582557684
2018-12-13 00:00:00-05:00,526.25,527.75,526.25,527.75,43,0.0,0.0,0.024260067928190132,0.02397046695786151,0.28443338776116694,0.2546651952274784
2018-12-14 00:00:00-05:00,527.75,527.75,527.75,527.75,50289,0.0,0.0,0.0,0.0,0.22873591371192242,0.25124816756168555
2018-12-17 00:00:00-05:00,531.0,537.5,530.0,535.25,37079,0.0,0.0,0.0142112742775935,0.01411124074136213,0.2082643912392489,0.2545616015532651
2018-12-18 00:00:00-05:00,534.0,536.0,530.0,532.75,40246,0.0,0.0,-0.004670714619336769,-0.004681656491065668,0.1829161801585127,0.2560109304251886
2018-12-19 00:00:00-05:00,532.75,533.0,521.5,522.5,49708,0.0,0.0,-0.019239793524167048,-0.01942728713976044,0.2680034523542455,0.25910683019486036
2018-12-20 00:00:00-05:00,524.0,527.75,521.25,523.5,45087,0.0,0.0,0.00191387559808609,0.0019120464716254415,0.19205630594945342,0.25900047169485063
2018-12-21 00:00:00-05:00,522.0,524.0,512.25,514.0,62687,0.0,0.0,-0.018147086914995225,-0.018313764855426438,0.22343431672859734,0.2683034270933787
2018-12-24 00:00:00-05:00,512.0,518.0,511.0,516.5,22528,0.0,0.0,0.004863813229571967,0.004852023104528112,0.17742687463763956,0.2685465255181005
2018-12-26 00:00:00-05:00,516.0,520.75,509.0,510.0,32515,0.0,0.0,-0.012584704743465625,-0.012664562841321772,0.17960626737741409,0.2680202679865254
2018-12-27 00:00:00-05:00,511.5,513.0,507.25,510.5,32657,0.0,0.0,0.0009803921568627416,0.000979911886348787,0.16079827437257066,0.2583486163399139
2018-12-28 00:00:00-05:00,511.75,514.0,509.5,511.5,25157,0.0,0.0,0.0019588638589618235,0.001956947786960947,0.16091327255205104,0.25820225905005995
2018-12-31 00:00:00-05:00,512.75,513.5,503.0,503.25,41278,0.0,0.0,-0.016129032258064502,-0.01626052087178029,0.15049926484764106,0.2655179549670894
2019-01-02 00:00:00-05:00,502.5,510.75,501.25,506.75,46442,0.0,0.0,0.00695479384003983,0.006930720812208639,0.15891401734863456,0.22630513807711827
2019-01-03 00:00:00-05:00,506.75,516.0,506.0,513.75,48800,0.0,0.0,0.013813517513566742,0.013718980478334841,0.17617120565118718,0.23217516252642229
2019-01-04 00:00:00-05:00,513.75,518.75,513.0,517.0,44054,0.0,0.0,0.006326034063260266,0.006306108697984695,0.17920925374080546,0.2320000016430738
2019-01-07 00:00:00-05:00,518.0,518.5,513.5,516.75,41549,0.0,0.0,-0.0004835589941972751,-0.00048367594655147114,0.18058032577145144,0.209288808269142
2019-01-08 00:00:00-05:00,516.5,524.5,513.75,517.75,71731,0.0,0.0,0.0019351717464926033,0.0019333017138160006,0.08702267947409366,0.18353605892762231
2019-01-09 00:00:00-05:00,519.75,523.75,518.25,520.0,57344,0.0,0.0,0.004345726702076336,0.004336311299779541,0.08664034204238263,0.18095336838934706
2019-01-10 00:00:00-05:00,519.5,520.25,512.0,513.75,59321,0.0,0.0,-0.012019230769230727,-0.012092045765028633,0.11429163511466162,0.18286617847806194
2019-01-11 00:00:00-05:00,513.75,523.75,512.75,519.5,73285,0.0,0.0,0.01119221411192206,0.011130044728837642,0.1346179801444586,0.183173317648831
2019-01-14 00:00:00-05:00,520.0,523.5,513.25,514.25,49124,0.0,0.0,-0.0101058710298364,-0.010157282006215552,0.15677999903434184,0.16355409177430758
2019-01-15 00:00:00-05:00,514.75,518.25,508.0,511.0,55274,0.0,0.0,-0.006319883325230924,-0.006339938329362121,0.15822116924244134,0.16445246198256008
2019-01-16 00:00:00-05:00,511.0,516.75,511.0,512.5,43239,0.0,0.0,0.0029354207436398383,0.0029311208088587263,0.15460672745950632,0.1546909132972686
2019-01-17 00:00:00-05:00,511.5,522.5,509.0,517.75,65567,0.0,0.0,0.0102439024390244,0.010191789263130307,0.1523171955291538,0.16038871687343803
2019-01-18 00:00:00-05:00,519.75,522.75,515.25,517.75,50525,0.0,0.0,0.0,0.0,0.12637841265317126,0.1458521749295522
2019-01-22 00:00:00-05:00,518.0,526.0,514.25,521.25,75782,0.0,0.0,0.006760019314340893,0.006737272837317658,0.10105439301122453,0.1478793828269781
2019-01-23 00:00:00-05:00,522.5,527.0,521.75,526.0,45101,0.0,0.0,0.009112709832134192,0.009071439624698556,0.06804278921614561,0.13503679196304197
2019-01-24 00:00:00-05:00,527.0,529.0,521.0,521.5,50940,0.0,0.0,-0.008555133079847899,-0.008591938296882713,0.12428480959452053,0.13854865536200825
2019-01-25 00:00:00-05:00,520.5,523.0,516.75,520.0,51098,0.0,0.0,-0.0028763183125599667,-0.0028804628653541415,0.1139923034503383,0.13041850951121858
2019-01-28 00:00:00-05:00,520.75,523.5,516.0,518.75,44012,0.0,0.0,-0.0024038461538461453,-0.0024067400305649764,0.1164238781087711,0.13097850793595334
2019-01-29 00:00:00-05:00,517.75,522.0,510.75,513.25,77727,0.0,0.0,-0.010602409638554189,-0.010659015645865072,0.12186294422803896,0.13699908813880565
2019-01-30 00:00:00-05:00,513.25,518.0,511.75,516.75,46572,0.0,0.0,0.006819288845591798,0.0067961426628346715,0.10768781130891023,0.12433988017328625
2019-01-31 00:00:00-05:00,517.75,520.0,513.5,516.5,56309,0.0,0.0,-0.0004837929366231508,-0.00048391000218443107,0.09880851132739342,0.12268815579488591
2019-02-01 00:00:00-05:00,515.75,526.5,515.25,524.25,83420,0.0,0.0,0.015004840271055198,0.01489338122233611,0.1539459353590484,0.12440164640330305
2019-02-04 00:00:00-05:00,524.75,529.0,521.25,525.75,74705,0.0,0.0,0.0028612303290413976,0.002857144800779744,0.14965298225644555,0.1230500539223527
2019-02-05 00:00:00-05:00,525.25,528.25,520.5,527.25,73338,0.0,0.0,0.0028530670470756636,0.002849004776074871,0.09452265685879621,0.12313393541592282
2019-02-06 00:00:00-05:00,527.0,531.25,524.25,526.0,73137,0.0,0.0,-0.0023707918444760834,-0.002373606621174145,0.10751921539319992,0.12366386438521068
2019-02-07 00:00:00-05:00,525.25,525.25,512.5,513.25,112345,0.0,0.0,-0.024239543726235713,-0.024538156838666877,0.22835394779683182,0.151375936375706
2019-02-08 00:00:00-05:00,514.75,522.25,513.5,517.25,112341,0.0,0.0,0.007793472966390658,0.007763260726609469,0.20015506281096104,0.14786599197068354
2019-02-11 00:00:00-05:00,517.25,519.0,512.0,518.25,85556,0.0,0.0,0.0019333011116482446,0.0019314346902366624,0.19865680411640918,0.142440210588297
2019-02-12 00:00:00-05:00,518.5,520.75,514.5,520.0,82836,0.0,0.0,0.0033767486734201935,0.003371060259584099,0.1996290594950694,0.13782119225776326
2019-02-13 00:00:00-05:00,519.75,524.0,518.75,522.25,74961,0.0,0.0,0.004326923076923173,0.004317588861202224,0.2058923190184039,0.13590753272820383
2019-02-14 00:00:00-05:00,521.5,522.5,506.0,507.0,103160,0.0,0.0,-0.02920057443752988,-0.029635396845491966,0.2406921615904745,0.1730300539906961
2019-02-15 00:00:00-05:00,507.75,508.75,499.25,504.25,79764,0.0,0.0,-0.005424063116370781,-0.005438826756861982,0.22324430512862567,0.16904005468326724
2019-02-19 00:00:00-05:00,502.5,505.25,488.5,489.75,74208,0.0,0.0,-0.028755577590480863,-0.02917712000967097,0.2655277128168538,0.19500714253938423
2019-02-20 00:00:00-05:00,490.0,493.5,475.75,480.75,78091,0.0,0.0,-0.018376722817764146,-0.018547672355761,0.2336199625807909,0.19919593260273674
2019-02-21 00:00:00-05:00,480.5,491.5,480.25,486.5,49588,0.0,0.0,0.011960478419136722,0.011889517157170598,0.27671606431374657,0.20191273636176232
2019-02-22 00:00:00-05:00,488.5,493.0,484.5,486.75,50629,0.0,0.0,0.0005138746145940676,0.0005137426262493428,0.2529994235236297,0.20165678144389154
2019-02-25 00:00:00-05:00,489.75,490.0,466.25,466.75,45912,0.0,0.0,-0.04108885464817669,-0.041956861830477074,0.3412726301588632,0.24201051837051046
2019-02-26 00:00:00-05:00,467.0,468.0,456.25,460.25,35046,0.0,0.0,-0.013926084627745028,-0.01402396230864474,0.3195735137080278,0.24364790188541738
2019-02-27 00:00:00-05:00,460.25,467.75,458.25,461.0,15757,0.0,0.0,0.0016295491580662347,0.0016282228834612474,0.32663123683006656,0.24435204599678106
2019-02-28 00:00:00-05:00,460.25,460.5,452.25,452.5,4222,0.0,0.0,-0.018438177874186557,-0.018610279856667713,0.2758810937512204,0.24426750738045716
2019-03-01 00:00:00-05:00,452.5,457.75,440.5,454.0,2211,0.0,0.0,0.0033149171270718814,0.0033094349013672304,0.2858682493943575,0.24587582008678535
2019-03-04 00:00:00-05:00,454.75,454.75,446.0,446.75,883,0.0,0.0,-0.0159691629955947,-0.016098044001810547,0.16383079573395673,0.23458101371803428
2019-03-05 00:00:00-05:00,446.0,454.25,446.0,454.25,328,0.0,0.0,0.016787912702853847,0.01664855323674305,0.23253956375125232,0.2478572342870221
2019-03-06 00:00:00-05:00,449.25,450.5,440.5,440.5,151,0.0,0.0,-0.03026967528893776,-0.030737261900046314,0.29769304265964863,0.2577882540603934
2019-03-07 00:00:00-05:00,435.25,437.25,431.5,431.5,69,0.0,0.0,-0.020431328036322416,-0.020642934852751618,0.30201495247425436,0.2597584989563304
2019-03-08 00:00:00-05:00,435.5,437.0,432.75,432.75,31,0.0,0.0,0.0028968713789108147,0.002892683532836036,0.3009263281785054,0.2574962353073277
2019-03-11 00:00:00-04:00,430.25,430.25,422.25,422.25,32,0.0,0.0,-0.024263431542461023,-0.024562638368409197,0.3176354191159564,0.2559497875981439
2019-03-12 00:00:00-04:00,424.0,446.25,424.0,446.25,19,0.0,0.0,0.056838365896980436,0.055281777405939356,0.5676669703503145,0.34760662413747284
2019-03-13 00:00:00-04:00,439.75,441.5,439.75,440.25,10,0.0,0.0,-0.013445378151260456,-0.013536585717533264,0.5280161939221737,0.34592658044808555
2019-03-14 00:00:00-04:00,448.25,448.25,448.25,448.25,82961,0.0,0.0,0.01817149346961955,0.01800836510892675,0.5029684824794187,0.3558532211508175
2019-03-15 00:00:00-04:00,452.5,463.0,448.5,462.25,67723,0.0,0.0,0.031232571109871765,0.03075475778199201,0.5244835887714749,0.3710241790456182
2019-03-18 00:00:00-04:00,463.25,464.0,454.5,456.75,58389,0.0,0.0,-0.01189832341806385,-0.011969675009118164,0.47289676254553853,0.3719827645009306
2019-03-19 00:00:00-04:00,458.5,462.5,453.75,456.5,53498,0.0,0.0,-0.0005473453749316182,-0.0005474952230929745,0.3092222270643754,0.36108050599023955
2019-03-20 00:00:00-04:00,456.75,465.0,454.75,464.75,53591,0.0,0.0,0.01807228915662651,0.017910926566530243,0.271319296260945,0.36401666746223216
2019-03-21 00:00:00-04:00,464.5,467.5,458.0,466.5,62807,0.0,0.0,0.0037654653039267405,0.003758393685845017,0.266585054195631,0.36116566695029023
2019-03-22 00:00:00-04:00,465.5,473.75,463.75,466.0,73007,0.0,0.0,-0.001071811361200381,-0.0010723861617525938,0.17206813941511595,0.3610717043035136
2019-03-25 00:00:00-04:00,466.5,471.75,463.0,469.5,59710,0.0,0.0,0.007510729613734002,0.00748266452267182,0.12420285137748228,0.3311392615629921
2019-03-26 00:00:00-04:00,470.0,478.0,467.0,469.25,83738,0.0,0.0,-0.0005324813631523151,-0.0005326231816994241,0.12415694769661448,0.32678568744258574
2019-03-27 00:00:00-04:00,470.0,471.75,466.5,469.5,61160,0.0,0.0,0.0005327650506126158,0.0005326231816993347,0.056948840713876805,0.3267883171818724
2019-03-28 00:00:00-04:00,468.5,469.25,459.5,464.5,49566,0.0,0.0,-0.010649627263045747,-0.010706740394424343,0.10287741746715531,0.32173851847771684
2019-03-29 00:00:00-04:00,463.75,464.75,452.5,457.75,72175,0.0,0.0,-0.014531754574811595,-0.014638374699273085,0.14178977249848604,0.32660478887071764
2019-04-01 00:00:00-04:00,459.5,468.25,456.0,462.75,61267,0.0,0.0,0.010922992900054718,0.010863767898986895,0.15949869568350955,0.3224223639632229
2019-04-02 00:00:00-04:00,463.5,465.75,456.0,464.0,48157,0.0,0.0,0.0027012425715828847,0.002697600772648335,0.16404815416197047,0.31766915904728976
2019-04-03 00:00:00-04:00,463.0,472.75,463.0,471.0,61886,0.0,0.0,0.015086206896551824,0.014973541790162583,0.20641404140802683,0.2981803989843347
2019-04-04 00:00:00-04:00,471.0,477.5,468.0,470.75,70274,0.0,0.0,-0.0005307855626327518,-0.0005309264791560118,0.18245374803217523,0.2850596369249276
2019-04-05 00:00:00-04:00,469.0,469.5,464.25,467.75,89210,0.0,0.0,-0.006372809346787078,-0.006393202383062832,0.13747471304117617,0.28764399502463867
2019-04-08 00:00:00-04:00,467.25,471.0,461.75,465.25,83285,0.0,0.0,-0.005344735435595993,-0.005359069631838914,0.13706757637030323,0.2702594277201908
2019-04-09 00:00:00-04:00,462.0,462.5,456.25,459.5,89059,0.0,0.0,-0.012358946802794146,-0.012435953726618347,0.16490925903330303,0.1954791301019769
2019-04-10 00:00:00-04:00,459.0,461.75,455.5,458.0,65278,0.0,0.0,-0.0032644178454842576,-0.0032697576815568182,0.06987233782354225,0.18834090041342808
2019-04-11 00:00:00-04:00,457.0,462.5,456.75,460.5,78538,0.0,0.0,0.005458515283842891,0.005443671581176673,0.1024509918501372,0.1790817379199195
2019-04-12 00:00:00-04:00,462.0,465.25,457.5,464.5,64972,0.0,0.0,0.008686210640608039,0.008648702558531677,0.13467631227030394,0.14366170457402783
2019-04-15 00:00:00-04:00,463.75,464.0,457.75,459.5,79730,0.0,0.0,-0.01076426264800856,-0.010822616458151416,0.14945182249632097,0.14243765682496945
2019-04-16 00:00:00-04:00,458.75,460.25,442.25,445.0,90378,0.0,0.0,-0.031556039173014194,-0.03206465962950158,0.25471789158495683,0.18202313661783504
2019-04-17 00:00:00-04:00,446.5,450.0,444.75,447.0,42630,0.0,0.0,0.004494382022471877,0.004484312447328586,0.2662162878208252,0.16884807377460925
2019-04-18 00:00:00-04:00,447.25,448.25,439.25,444.25,44044,0.0,0.0,-0.00615212527964204,-0.0061711275788081,0.2505016220596168,0.1681098293882034
2019-04-22 00:00:00-04:00,444.25,444.25,435.25,435.75,39274,0.0,0.0,-0.019133370849746756,-0.019318782634630403,0.21579651934335725,0.1781607366587565
2019-04-23 00:00:00-04:00,435.25,441.25,433.0,438.75,47314,0.0,0.0,0.0068846815834766595,0.006861090379945161,0.2576796425504765,0.17767054593319154
2019-04-24 00:00:00-04:00,438.0,439.5,429.75,432.25,37323,0.0,0.0,-0.014814814814814836,-0.014925650216675706,0.1820435731797567,0.18188045582129894
2019-04-25 00:00:00-04:00,430.75,437.5,428.25,434.75,37526,0.0,0.0,0.005783689994216301,0.0057670286709925215,0.1867804529750587,0.18456486707365838
2019-04-26 00:00:00-04:00,433.5,439.0,433.25,435.0,31927,0.0,0.0,0.0005750431282345314,0.0005748778542915947,0.19132037211768133,0.18331429801695506
2019-04-29 00:00:00-04:00,436.25,439.75,425.0,426.75,31183,0.0,0.0,-0.018965517241379293,-0.01914766941413408,0.19049362683135848,0.18757188017460452
2019-04-30 00:00:00-04:00,424.0,426.0,416.25,418.5,5053,0.0,0.0,-0.019332161687170446,-0.019521471745019954,0.18606063924916125,0.18760388729212352
2019-05-01 00:00:00-04:00,420.0,426.25,420.0,425.0,849,0.0,0.0,0.015531660692950977,0.01541227899488678,0.2452338844325772,0.1996800368301136
2019-05-02 00:00:00-04:00,428.5,438.25,428.25,433.25,277,0.0,0.0,0.01941176470588246,0.019225759671298737,0.2916612280753331,0.2057493080125847
2019-05-03 00:00:00-04:00,427.5,428.0,427.0,428.0,113,0.0,0.0,-0.012117714945181768,-0.012191733013918672,0.3022869649579399,0.20719800377443381
2019-05-06 00:00:00-04:00,424.75,428.0,424.75,428.0,33,0.0,0.0,0.0,0.0,0.26754310915842394,0.20773652367066897
2019-05-07 00:00:00-04:00,422.75,432.0,422.75,430.5,88,0.0,0.0,0.005841121495327117,0.005824128285988713,0.19995726930370525,0.2107973826587515
2019-05-08 00:00:00-04:00,430.0,431.25,430.0,431.25,48,0.0,0.0,0.0017421602787457413,0.0017406444777841182,0.18039449619486012,0.2091305185690165
2019-05-09 00:00:00-04:00,425.5,425.5,421.75,421.75,18,0.0,0.0,-0.022028985507246412,-0.022275246919491867,0.1824094238145473,0.21968539423101024
2019-05-10 00:00:00-04:00,420.5,420.5,419.0,419.0,197,0.0,0.0,-0.00652045050385297,-0.006541801503939927,0.17335776199741323,0.21692615997137954
2019-05-13 00:00:00-04:00,422.75,431.25,422.75,431.25,237,0.0,0.0,0.029236276849641918,0.028817048423431697,0.29762344245944033,0.2441974612885258
2019-05-14 00:00:00-04:00,439.25,439.25,439.25,439.25,66451,0.0,0.0,0.01855072463768126,0.018380758721637157,0.3215995750218483,0.25472513524731893
2019-05-15 00:00:00-04:00,451.5,464.0,447.0,448.75,85023,0.0,0.0,0.021627774615822437,0.02139721273528207,0.34235679067503594,0.242917044969814
2019-05-16 00:00:00-04:00,446.25,468.5,446.25,467.0,75268,0.0,0.0,0.04066852367688023,0.03986331786640869,0.2770138291003005,0.281602671800261
2019-05-17 00:00:00-04:00,469.0,473.25,462.5,465.0,74170,0.0,0.0,-0.004282655246252709,-0.004291852081541032,0.2632686243831222,0.28093238333243703
2019-05-20 00:00:00-04:00,469.75,484.0,468.0,478.25,86583,0.0,0.0,0.028494623655914042,0.028096202733006007,0.2618843041537259,0.28329924465870265
2019-05-21 00:00:00-04:00,486.25,492.75,474.0,478.75,99488,0.0,0.0,0.001045478306325176,0.0010449321744935213,0.29909185695242985,0.28349142259499993
2019-05-22 00:00:00-04:00,475.75,481.0,468.5,472.75,65945,0.0,0.0,-0.012532637075718056,-0.01261183295628891,0.36131544141188293,0.28153576026727034
2019-05-23 00:00:00-04:00,473.0,485.5,466.25,470.25,78862,0.0,0.0,-0.005288207297726055,-0.0053022393574270925,0.25166843884869433,0.283672407400555
2019-05-24 00:00:00-04:00,469.75,490.75,467.25,489.5,74194,0.0,0.0,0.040935672514619936,0.04011999378942536,0.3653973863752781,0.3118327650050333
2019-05-28 00:00:00-04:00,495.0,509.25,494.5,504.75,107854,0.0,0.0,0.031154239019407504,0.03067879522238175,0.37402082733722675,0.30913616754807577
2019-05-29 00:00:00-04:00,515.0,521.75,487.5,490.5,126551,0.0,0.0,-0.02823179791976227,-0.028637978187529115,0.4690906704689581,0.321183478531653
2019-05-30 00:00:00-04:00,488.75,515.0,482.0,514.5,101106,0.0,0.0,0.04892966360856277,0.047770276268686594,0.5225458123788084,0.3517702139077655
2019-05-31 00:00:00-04:00,514.5,520.0,500.75,503.0,107970,0.0,0.0,-0.02235179786200192,-0.022605385174365066,0.5802789348361681,0.3675678352308884
2019-06-03 00:00:00-04:00,505.75,522.75,503.0,519.75,92329,0.0,0.0,0.033300198807157066,0.03275775663838311,0.5602069972888236,0.37036321725215093
2019-06-04 00:00:00-04:00,526.0,529.0,501.25,507.25,116942,0.0,0.0,-0.0240500240500241,-0.02434394803219823,0.5814554854013261,0.3883885066992423
2019-06-05 00:00:00-04:00,507.0,508.5,488.5,490.75,95346,0.0,0.0,-0.032528339083292224,-0.03306914554935364,0.5959253560328996,0.4152340351256673
2019-06-06 00:00:00-04:00,492.0,514.0,487.75,510.0,126522,0.0,0.0,0.03922567498726437,0.038475892561800985,0.5485011869599495,0.43011682372161286
2019-06-07 00:00:00-04:00,511.0,512.75,502.0,504.5,95648,0.0,0.0,-0.010784313725490158,-0.01084288592470777,0.5262000098172486,0.4211978554619281
2019-06-10 00:00:00-04:00,505.25,508.5,493.25,507.5,70587,0.0,0.0,0.005946481665014769,0.005928871122278654,0.45098191027388557,0.41728195666078627
2019-06-11 00:00:00-04:00,504.0,518.75,500.25,518.0,93396,0.0,0.0,0.020689655172413834,0.0204785313435407,0.44012609161862526,0.4131258149793515
2019-06-12 00:00:00-04:00,519.75,528.0,513.0,526.25,98892,0.0,0.0,0.015926640926640978,0.015801142737108167,0.29311127985503843,0.4124700111613984
2019-06-13 00:00:00-04:00,526.0,536.5,524.75,535.5,80265,0.0,0.0,0.017577197149643675,0.017424504891212257,0.20316011812998439,0.41112508951825644
2019-06-14 00:00:00-04:00,535.5,544.0,530.75,538.5,80190,0.0,0.0,0.0056022408963585235,0.005586606708639776,0.11027229526754692,0.39400348280944797
2019-06-17 00:00:00-04:00,540.25,549.25,537.5,539.5,66171,0.0,0.0,0.0018570102135562205,0.0018552881017461409,0.129282004393054,0.392179427708351
2019-06-18 00:00:00-04:00,539.75,541.0,525.25,531.5,62463,0.0,0.0,-0.014828544949026856,-0.014939586916186711,0.2070896640484514,0.39192992754741335
2019-06-19 00:00:00-04:00,530.25,531.0,514.25,522.25,73042,0.0,0.0,-0.017403574788334875,-0.017556797345327425,0.2322519807946582,0.40014584006541803
2019-06-20 00:00:00-04:00,520.75,529.0,515.5,526.5,43107,0.0,0.0,0.00813786500718039,0.008104931137354946,0.18924715980801043,0.39506310008282775
2019-06-21 00:00:00-04:00,527.5,529.75,523.0,526.0,43124,0.0,0.0,-0.0009496676163343043,-0.000950118836320353,0.17494737325301252,0.39376198141804786
2019-06-24 00:00:00-04:00,526.0,540.0,522.25,538.0,35347,0.0,0.0,0.02281368821292773,0.022557347424074527,0.26436733308636806,0.37729053887155245
2019-06-25 00:00:00-04:00,540.25,545.5,534.0,535.75,35004,0.0,0.0,-0.004182156133828996,-0.004190925808098016,0.23729596440142048,0.365468563893941
2019-06-26 00:00:00-04:00,535.5,545.25,532.25,543.75,38785,0.0,0.0,0.014932337844143717,0.014821948049207443,0.17675500539653585,0.34787075786347027
2019-06-27 00:00:00-04:00,545.25,555.25,541.25,547.5,19412,0.0,0.0,0.006896551724137945,0.0068728792877620504,0.17698009452104116,0.3077870544440763
2019-06-28 00:00:00-04:00,547.75,558.0,525.75,528.0,2991,0.0,0.0,-0.03561643835616435,-0.036266177984394375,0.3613264126464945,0.3255344868345004
2019-07-01 00:00:00-04:00,532.0,532.0,511.75,514.0,857,0.0,0.0,-0.02651515151515149,-0.02687301825109634,0.3426679941894377,0.31997991706807494
2019-07-02 00:00:00-04:00,514.0,514.75,502.0,503.5,623,0.0,0.0,-0.020428015564202373,-0.020639553296548162,0.3479543053340914,0.31666480237301803
2019-07-03 00:00:00-04:00,504.0,518.5,503.75,518.0,868,0.0,0.0,0.028798411122145096,0.02839153010086618,0.42198578490423494,0.3082919661434455
2019-07-05 00:00:00-04:00,511.5,520.5,511.5,519.25,458,0.0,0.0,0.0024131274131273805,0.0024102204967385954,0.41218234058180514,0.27682500419017647
2019-07-08 00:00:00-04:00,520.0,521.5,513.0,516.75,187,0.0,0.0,-0.004814636494944624,-0.004826264194344037,0.34545566895067203,0.274240820912214
2019-07-09 00:00:00-04:00,513.75,513.75,508.5,509.75,146,0.0,0.0,-0.013546202225447557,-0.013638789107313134,0.3019989698646967,0.2785948400765561
2019-07-10 00:00:00-04:00,506.0,512.5,506.0,511.75,135,0.0,0.0,0.003923491907797949,0.003915815086834362,0.2511198471512554,0.26854992186046545
2019-07-11 00:00:00-04:00,514.25,536.25,514.25,536.25,70,0.0,0.0,0.04787493893502681,0.04676424570082776,0.37757077728692806,0.314445099139481
2019-07-12 00:00:00-04:00,535.0,538.5,535.0,536.25,60976,0.0,0.0,0.0,0.0,0.3798678329108917,0.3083806193420579
2019-07-15 00:00:00-04:00,524.25,531.5,506.0,507.75,68193,0.0,0.0,-0.05314685314685319,-0.05461126978173271,0.5762643795655893,0.3608924086779677
2019-07-16 00:00:00-04:00,507.75,510.0,501.0,507.5,51260,0.0,0.0,-0.000492368291482026,-0.0004924895445516657,0.5685842473335223,0.3605961126628934
2019-07-17 00:00:00-04:00,507.25,514.0,502.0,505.5,40000,0.0,0.0,-0.003940886699507429,-0.003948672455416331,0.5675848500416223,0.3578423398630936
2019-07-18 00:00:00-04:00,504.0,505.25,493.0,493.5,59023,0.0,0.0,-0.023738872403560873,-0.024025179586989878,0.362111039230474,0.3620792464725394
2019-07-19 00:00:00-04:00,494.75,516.75,492.5,502.5,67722,0.0,0.0,0.01823708206686936,0.0180727810596946,0.43041738642941046,0.3677737258659039
2019-07-22 00:00:00-04:00,505.25,505.25,487.0,487.25,69561,0.0,0.0,-0.030348258706467623,-0.030818301545560586,0.30826460413383666,0.381143735714414
2019-07-23 00:00:00-04:00,487.75,493.5,483.25,487.25,57807,0.0,0.0,0.0,0.0,0.3090445940308068,0.36861591354663426
2019-07-24 00:00:00-04:00,487.25,498.75,487.25,497.75,61740,0.0,0.0,0.021549512570548934,0.021320604556635415,0.37571161104709494,0.3802149449395372
2019-07-25 00:00:00-04:00,497.75,507.5,492.25,499.5,66902,0.0,0.0,0.0035158211953791874,0.0035096551443025183,0.3269520922036127,0.3750393176362072
2019-07-26 00:00:00-04:00,499.5,500.25,493.5,496.0,41871,0.0,0.0,-0.00700700700700696,-0.007031671363680678,0.2987455178150882,0.37293817102879956
2019-07-29 00:00:00-04:00,495.25,507.25,492.5,503.5,63097,0.0,0.0,0.015120967741935498,0.015007785433689516,0.18347099159901592,0.36036212292440556
2019-07-30 00:00:00-04:00,502.25,503.25,495.0,497.25,47667,0.0,0.0,-0.012413108242303905,-0.012490794424535438,0.22761003417786033,0.3510607915832715
2019-07-31 00:00:00-04:00,497.5,500.5,484.5,487.25,64057,0.0,0.0,-0.020110608345902503,-0.020315579346411428,0.21900397273544947,0.35083461362714147
2019-08-01 00:00:00-04:00,486.75,488.5,471.75,475.75,79618,0.0,0.0,-0.02360184710107749,-0.023884832211411335,0.24235128481433166,0.3401437371977535
2019-08-02 00:00:00-04:00,479.25,491.5,476.0,490.75,76637,0.0,0.0,0.03152916447714138,0.031042326980311598,0.3823371288584102,0.36242620659793834
2019-08-05 00:00:00-04:00,490.25,495.0,479.25,494.5,70664,0.0,0.0,0.007641365257259336,0.007612317906196398,0.3646434453346945,0.3640963820989591
2019-08-06 00:00:00-04:00,493.0,495.75,482.75,484.0,58659,0.0,0.0,-0.02123356926188069,-0.0214622443461351,0.3832922578573923,0.3683421255130403
2019-08-07 00:00:00-04:00,484.0,490.25,477.5,488.25,69547,0.0,0.0,0.008780991735537258,0.008742663040156676,0.366796823221902,0.369836800378726
2019-08-08 00:00:00-04:00,489.5,502.75,486.0,498.5,93527,0.0,0.0,0.020993343573988632,0.020776019645104605,0.31408826859448774,0.3320487564821273
2019-08-09 00:00:00-04:00,498.25,505.25,496.0,499.5,80313,0.0,0.0,0.0020060180541625616,0.002004008686715262,0.24655921175756113,0.3324000177729583
2019-08-12 00:00:00-04:00,500.0,502.0,466.5,471.75,101997,0.0,0.0,-0.05555555555555558,-0.05715841383994864,0.47979217685562864,0.3372620409951095
2019-08-13 00:00:00-04:00,471.0,478.75,465.5,472.0,80015,0.0,0.0,0.0005299417064121847,0.0005298013368956718,0.4696066454693766,0.3374005781493008
2019-08-14 00:00:00-04:00,474.75,480.0,471.25,473.75,54940,0.0,0.0,0.00370762711864403,0.0037007708110806873,0.46178195541841593,0.33832967642989636
2019-08-15 00:00:00-04:00,475.75,477.25,468.5,469.0,50555,0.0,0.0,-0.010026385224274459,-0.010076987950356792,0.39692551906230095,0.3306052072312899
2019-08-16 00:00:00-04:00,470.25,473.0,467.25,470.75,43363,0.0,0.0,0.003731343283582156,0.003724399090982494,0.4008938893720307,0.3225454145943169
2019-08-19 00:00:00-04:00,469.0,470.5,464.0,465.5,37684,0.0,0.0,-0.01115241635687736,-0.011215070820140068,0.11718000404583805,0.3078686479669603
2019-08-20 00:00:00-04:00,464.5,468.75,456.75,460.0,36772,0.0,0.0,-0.011815252416756183,-0.011885607233981084,0.1283682297417481,0.30965138913944495
2019-08-21 00:00:00-04:00,460.0,463.0,456.0,462.5,29725,0.0,0.0,0.005434782608695565,0.005420067469339113,0.1361905879524311,0.29798367803893916
2019-08-22 00:00:00-04:00,462.75,470.5,460.75,467.25,28824,0.0,0.0,0.010270270270270165,0.010217889383192229,0.16079960468299487,0.30104064299195515
2019-08-23 00:00:00-04:00,466.75,475.75,461.25,475.25,50829,0.0,0.0,0.01712145532370246,0.016976535032866273,0.20586378345066939,0.30902713986206054
2019-08-26 00:00:00-04:00,474.0,480.0,470.75,473.0,26104,0.0,0.0,-0.004734350341925264,-0.004745592876605536,0.18396395175463714,0.30244494339842193
2019-08-27 00:00:00-04:00,472.75,477.5,470.75,473.75,22703,0.0,0.0,0.001585623678646897,0.0015843679047030986,0.13208641760328022,0.3007094925246408
2019-08-28 00:00:00-04:00,473.75,475.0,465.75,472.25,15975,0.0,0.0,-0.0031662269129287823,-0.003171250015017193,0.14737022419555773,0.2932808829103191
2019-08-29 00:00:00-04:00,472.25,473.75,468.5,469.75,11219,0.0,0.0,-0.0052938062466914015,-0.0053078680880442675,0.14850174125695997,0.2818752581322115
2019-08-30 00:00:00-04:00,467.5,467.5,450.0,451.25,4867,0.0,0.0,-0.039382650345928694,-0.04017912864648403,0.26252352124066436,0.28739887495020544
2019-09-03 00:00:00-04:00,451.5,451.5,443.5,447.25,714,0.0,0.0,-0.008864265927977844,-0.008903787258262139,0.2587179335966687,0.28446725815979357
2019-09-04 00:00:00-04:00,450.5,459.0,448.5,456.25,354,0.0,0.0,0.020122973728339932,0.019923182507872794,0.33720481044188183,0.29069276905164043
2019-09-05 00:00:00-04:00,462.25,465.75,462.0,464.0,91,0.0,0.0,0.01698630136986301,0.016843647329554002,0.3804141869692697,0.2964255277595778
2019-09-06 00:00:00-04:00,458.5,461.0,458.5,460.25,9,0.0,0.0,-0.008081896551724088,-0.008114732113067978,0.3818533419975819,0.28371932894463125
2019-09-09 00:00:00-04:00,458.5,475.0,458.5,474.5,60,0.0,0.0,0.030961434003259125,0.030491797936795344,0.2832195624398995,0.3090992213679274
2019-09-10 00:00:00-04:00,476.75,485.5,468.0,484.5,99,0.0,0.0,0.021074815595363505,0.020855813280838333,0.23103837555046314,0.2478775322879423
2019-09-11 00:00:00-04:00,489.0,489.0,477.5,477.5,26,0.0,0.0,-0.014447884416924683,-0.014553271410036003,0.31077522526499257,0.2542353747565996
2019-09-12 00:00:00-04:00,484.25,489.0,482.0,485.75,12,0.0,0.0,0.017277486910994844,0.01712992833676461,0.31123555818014964,0.2608406743218414
2019-09-13 00:00:00-04:00,485.75,485.75,485.75,485.75,51154,0.0,0.0,0.0,0.0,0.2870564503930737,0.2574311949316473
2019-09-16 00:00:00-04:00,488.0,490.0,482.25,488.75,48636,0.0,0.0,0.006176016469377155,0.006157023042025963,0.2256997536515004,0.25781018094295544
2019-09-17 00:00:00-04:00,487.75,487.75,480.75,484.25,49217,0.0,0.0,-0.009207161125319718,-0.009249809012470293,0.19924875595136218,0.2565831454721345
2019-09-18 00:00:00-04:00,484.25,492.5,481.75,489.5,49975,0.0,0.0,0.010841507485802815,0.010783159683459841,0.16132061852141752,0.2528621172834742
2019-09-19 00:00:00-04:00,489.25,492.0,484.5,488.0,49573,0.0,0.0,-0.003064351378958108,-0.0030690561174178833,0.12432349769175081,0.2536792936415734
2019-09-20 00:00:00-04:00,486.5,491.25,483.5,484.25,39951,0.0,0.0,-0.007684426229508157,-0.007714103566041878,0.13910976246003148,0.25467892405009457
2019-09-23 00:00:00-04:00,485.0,487.5,481.25,483.0,28538,0.0,0.0,-0.0025813113061434745,-0.0025846486345325243,0.12551302035272002,0.24860220750006268
2019-09-24 00:00:00-04:00,481.75,484.25,477.5,481.75,38227,0.0,0.0,-0.0025879917184264967,-0.002591346358096911,0.11060599400298535,0.24807022828609118
2019-09-25 00:00:00-04:00,481.0,482.25,476.25,477.25,34840,0.0,0.0,-0.009340944473274493,-0.009384844688618749,0.051102047184745814,0.25076490612842234
2019-09-26 00:00:00-04:00,477.0,486.75,476.75,484.25,47412,0.0,0.0,0.014667365112624342,0.014560839681248196,0.15132162684650421,0.25526881330906476
2019-09-27 00:00:00-04:00,486.0,490.5,482.5,487.25,36017,0.0,0.0,0.006195147134744561,0.006176036100565044,0.14765325707104573,0.25454243144076577
2019-09-30 00:00:00-04:00,488.0,501.0,483.25,495.75,78104,0.0,0.0,0.017444843509492047,0.017294429012235168,0.1797083956551107,0.20777745497302852
2019-10-01 00:00:00-04:00,496.5,499.25,489.75,498.75,59419,0.0,0.0,0.00605143721633894,0.006033200804167913,0.16582160282368624,0.20142128371612616
2019-10-02 00:00:00-04:00,496.5,499.0,485.25,489.0,55278,0.0,0.0,-0.019548872180451093,-0.01974247872920115,0.23188546760691525,0.2122614565707651
2019-10-03 00:00:00-04:00,488.0,493.0,485.75,488.75,31835,0.0,0.0,-0.0005112474437627412,-0.0005113781752964586,0.21638148901144377,0.20658956477308055
2019-10-04 00:00:00-04:00,489.25,492.25,486.5,490.5,28757,0.0,0.0,0.003580562659846631,0.0035741677058423304,0.21391389442861256,0.20264047830361917
2019-10-07 00:00:00-04:00,492.0,494.5,488.5,489.25,35058,0.0,0.0,-0.0025484199796126372,-0.0025516727292321587,0.15967033184914234,0.17490714423204654
2019-10-08 00:00:00-04:00,489.75,502.25,486.75,500.25,58655,0.0,0.0,0.0224833929483903,0.02223436718765709,0.23875830173835702,0.17704680607183568
2019-10-09 00:00:00-04:00,500.5,504.5,497.25,500.25,46017,0.0,0.0,0.0,0.0,0.16251801223287168,0.16674073515048562
2019-10-10 00:00:00-04:00,499.5,504.25,487.5,493.0,68283,0.0,0.0,-0.01449275362318836,-0.014598799421152636,0.21276809931050591,0.1672341303115259
2019-10-11 00:00:00-04:00,491.75,512.75,491.25,508.0,84743,0.0,0.0,0.030425963488843744,0.029972273535791717,0.29597244664367106,0.1974614679761187
2019-10-14 00:00:00-04:00,513.0,515.0,506.75,511.0,52203,0.0,0.0,0.0059055118110236116,0.005888142625222532,0.2843340199955943,0.1973936376211923
2019-10-15 00:00:00-04:00,510.0,511.25,504.25,507.0,38047,0.0,0.0,-0.007827788649706457,-0.00785858661252127,0.27411318327323614,0.19638514934249793
2019-10-16 00:00:00-04:00,505.75,514.25,504.5,513.25,48997,0.0,0.0,0.012327416173570027,0.012252052307859796,0.2800795851454452,0.19730393295851678
2019-10-17 00:00:00-04:00,514.25,527.0,512.75,525.5,66632,0.0,0.0,0.023867510959571403,0.023587134417962907,0.23895349716106928,0.21007682635577685
2019-10-18 00:00:00-04:00,526.0,532.75,521.0,532.25,56244,0.0,0.0,0.012844909609895261,0.01276311345658296,0.18423175585489462,0.2078299688674986
2019-10-21 00:00:00-04:00,532.0,535.0,522.75,523.5,53543,0.0,0.0,-0.016439643024894313,-0.016576273462997303,0.26269992776417345,0.21984798346797532
2019-10-22 00:00:00-04:00,523.0,532.25,517.25,518.0,52259,0.0,0.0,-0.010506208213944657,-0.01056178805110854,0.2714527391864347,0.22479568275231138
2019-10-23 00:00:00-04:00,518.0,523.75,515.75,520.75,42796,0.0,0.0,0.005308880308880326,0.0052948378815983336,0.263012191889313,0.21944989370834017
2019-10-24 00:00:00-04:00,522.5,523.75,515.5,516.0,36210,0.0,0.0,-0.009121459433509393,-0.009163314659518673,0.19325874604910687,0.22101680980927943
2019-10-25 00:00:00-04:00,517.25,522.0,514.5,517.75,40230,0.0,0.0,0.0033914728682169493,0.003385734794130703,0.14928358877343711,0.22074889081615942
2019-10-28 00:00:00-04:00,518.0,518.5,510.0,511.75,50217,0.0,0.0,-0.011588604538870118,-0.011656275734294638,0.1294940940482133,0.2198361104841116
2019-10-29 00:00:00-04:00,513.0,516.0,508.25,511.5,51562,0.0,0.0,-0.0004885197850512668,-0.0004886391497177106,0.11937075080080191,0.21933647046911772
2019-10-30 00:00:00-04:00,511.25,514.0,507.0,509.25,35336,0.0,0.0,-0.004398826979472137,-0.0044085302847659685,0.09720024186776326,0.20639890580292397
2019-10-31 00:00:00-04:00,510.0,512.25,501.0,508.75,63621,0.0,0.0,-0.0009818360333824216,-0.0009823183501104522,0.08937007283000985,0.2064849321345001
2019-11-01 00:00:00-04:00,508.75,516.5,506.75,516.0,53598,0.0,0.0,0.014250614250614246,0.014150028724757985,0.14973265121272097,0.21093422874478143
2019-11-04 00:00:00-05:00,514.25,515.25,508.0,509.75,39525,0.0,0.0,-0.012112403100775215,-0.012186356026998198,0.15217159040515377,0.21669593711497293
2019-11-05 00:00:00-05:00,511.0,516.0,509.0,515.25,51553,0.0,0.0,0.010789602746444249,0.01073181031600377,0.17301167723098487,0.20584088486012617
2019-11-06 00:00:00-05:00,515.5,521.75,513.5,516.75,62209,0.0,0.0,0.0029112081513829047,0.0029069787913093108,0.16487680338774857,0.2058080803405106
2019-11-07 00:00:00-05:00,517.5,519.75,511.0,512.5,71045,0.0,0.0,-0.00822447992259312,-0.00825848754931439,0.18285455451795854,0.20039724970375755
2019-11-08 00:00:00-05:00,512.5,517.75,505.5,510.25,79538,0.0,0.0,-0.004390243902439028,-0.004399909322609073,0.14510232650319171,0.17086571742618034
2019-11-11 00:00:00-05:00,508.0,510.5,503.75,505.75,78285,0.0,0.0,-0.00881920627143562,-0.008858325642099377,0.13225121590972636,0.17241835768146038
2019-11-12 00:00:00-05:00,506.25,517.25,505.25,517.0,78046,0.0,0.0,0.022244191794364765,0.022000398460574246,0.20471408064863747,0.18773811373882002
2019-11-13 00:00:00-05:00,516.5,516.75,506.5,509.0,72652,0.0,0.0,-0.015473887814313358,-0.0155948579579064,0.23221529370048016,0.1914747583209181
2019-11-14 00:00:00-05:00,508.75,512.0,505.5,507.75,53537,0.0,0.0,-0.0024557956777996326,-0.0024588160900287028,0.22749682504215157,0.16877619826972043
2019-11-15 00:00:00-05:00,507.75,508.5,501.5,502.75,50343,0.0,0.0,-0.00984736582964052,-0.009896171807732586,0.23462996159350105,0.16198983660238933
2019-11-18 00:00:00-05:00,503.25,510.75,498.5,507.25,59866,0.0,0.0,0.008950770760815407,0.00891095005316259,0.24009723335374714,0.15866788197152532
2019-11-19 00:00:00-05:00,506.25,515.25,506.0,512.0,69373,0.0,0.0,0.009364218827008441,0.009320646333583723,0.17611790423423318,0.15943068089037382
2019-11-20 00:00:00-05:00,512.0,515.75,508.0,515.5,38138,0.0,0.0,0.0068359375,0.006812678417506831,0.13388419687676667,0.16026299123371907
2019-11-21 00:00:00-05:00,515.0,519.5,508.25,509.0,35378,0.0,0.0,-0.012609117361784716,-0.012689286906491916,0.17190035792119066,0.16321447808764766
2019-11-22 00:00:00-05:00,509.25,518.5,508.25,515.25,46923,0.0,0.0,0.012278978388998052,0.012204203220045687,0.1589599889873764,0.16906478375673503
2019-11-25 00:00:00-05:00,515.0,532.5,515.0,531.0,44721,0.0,0.0,0.03056768558951961,0.030109801471370382,0.24429123540490022,0.1955161236439859
2019-11-26 00:00:00-05:00,530.75,531.75,525.5,530.25,28006,0.0,0.0,-0.0014124293785310327,-0.001413427797146964,0.25578770757666625,0.19569447487619815
2019-11-27 00:00:00-05:00,530.0,533.0,525.75,528.5,19195,0.0,0.0,-0.0033003300330033403,-0.003305788134499544,0.26642829497467335,0.19526588415922358
2019-11-29 00:00:00-05:00,532.5,550.5,532.5,547.5,3358,0.0,0.0,0.03595080416272478,0.03531965638036365,0.2853876439292069,0.22905106156615127
2019-12-02 00:00:00-05:00,549.5,549.75,542.75,543.25,780,0.0,0.0,-0.00776255707762552,-0.007792842554116815,0.3287839408631944,0.22902630587887765
2019-12-03 00:00:00-05:00,545.75,548.0,530.5,530.5,923,0.0,0.0,-0.02346985734008289,-0.02374966108250125,0.347470363501228,0.24193625141629735
2019-12-04 00:00:00-05:00,531.0,535.5,531.0,535.0,345,0.0,0.0,0.008482563619227168,0.008446788841968747,0.35200566034119235,0.24097473858361945
2019-12-05 00:00:00-05:00,535.25,537.5,531.75,532.0,397,0.0,0.0,-0.005607476635513975,-0.00562325755436212,0.3545578810683752,0.24243608394331517
2019-12-06 00:00:00-05:00,532.75,532.75,529.0,532.5,359,0.0,0.0,0.0009398496240602405,0.0009394082419358841,0.1886711931748992,0.2396949172408944
2019-12-09 00:00:00-05:00,532.5,533.25,531.0,532.0,166,0.0,0.0,-0.0009389671361502705,-0.0009394082419358297,0.18969459305654326,0.23878143724297868
2019-12-10 00:00:00-05:00,532.25,537.5,529.75,534.75,290,0.0,0.0,0.005169172932330879,0.005155858620870677,0.08656271102875458,0.23536101914965887
2019-12-11 00:00:00-05:00,534.5,534.5,528.0,530.75,136,0.0,0.0,-0.007480130902290827,-0.007508247379149569,0.08068871638988614,0.2264314874006142
2019-12-12 00:00:00-05:00,529.75,544.0,528.75,539.25,61,0.0,0.0,0.01601507300989158,0.0158881846859002,0.13824382776211666,0.2228512485831641
2019-12-13 00:00:00-05:00,539.25,539.25,539.25,539.25,65491,0.0,0.0,0.0,0.0,0.13917316254205003,0.22222585855064952
2019-12-16 00:00:00-05:00,534.75,556.75,534.75,549.75,95740,0.0,0.0,0.01947148817802513,0.0192843441656049,0.17715730168864027,0.22392154756977606
2019-12-17 00:00:00-05:00,553.25,557.25,545.0,556.25,68511,0.0,0.0,0.01182355616189179,0.011754204045579425,0.17996481729866246,0.22489665622221428
2019-12-18 00:00:00-05:00,553.25,555.0,545.25,548.25,56331,0.0,0.0,-0.014382022471910116,-0.014486446182452397,0.21959221415137045,0.233998891508801
2019-12-19 00:00:00-05:00,547.5,553.5,544.0,545.25,39716,0.0,0.0,-0.005471956224350261,-0.005486982216259193,0.21438530379881862,0.23576343362989793
2019-12-20 00:00:00-05:00,545.25,549.0,538.75,542.25,44101,0.0,0.0,-0.005502063273727598,-0.005517255374754629,0.2215245565374162,0.23085600174988125
2019-12-23 00:00:00-05:00,543.0,547.0,538.75,539.5,33261,0.0,0.0,-0.005071461502996755,-0.005084365008794391,0.1512983860214723,0.23008822074037444
2019-12-24 00:00:00-05:00,539.5,545.0,538.5,541.0,21559,0.0,0.0,0.002780352177942591,0.002776494148292223,0.09644160730737913,0.2047144275600114
2019-12-26 00:00:00-05:00,540.75,552.0,540.25,549.0,30244,0.0,0.0,0.014787430683918634,0.014679162663049075,0.14017058101791843,0.21017371139106547
2019-12-27 00:00:00-05:00,549.75,561.0,549.25,556.25,52110,0.0,0.0,0.013205828779599305,0.01311939197091937,0.15374034668562364,0.21298648656533625
2019-12-30 00:00:00-05:00,560.0,564.5,551.5,556.0,42485,0.0,0.0,-0.00044943820224718767,-0.0004495392298675893,0.13728792651983057,0.1729189943635529
2019-12-31 00:00:00-05:00,555.0,559.75,553.0,558.75,38466,0.0,0.0,0.00494604316546754,0.004933851677196126,0.10549684849724761,0.1704122959985668
2020-01-02 00:00:00-05:00,559.5,567.5,558.25,560.25,49931,0.0,0.0,0.0026845637583892135,0.0026809667532577425,0.10574321784037426,0.14269518569384734
2020-01-03 00:00:00-05:00,560.75,562.0,551.75,554.5,44180,0.0,0.0,-0.010263275323516341,-0.010316305890614708,0.13542337046168829,0.14815221646558938
2020-01-06 00:00:00-05:00,552.5,555.25,546.75,550.0,47904,0.0,0.0,-0.008115419296663706,-0.008148528563905168,0.10589324664851918,0.15007767228668728
2020-01-07 00:00:00-05:00,549.5,551.0,545.5,550.25,41346,0.0,0.0,0.00045454545454548523,0.0004544421800544764,0.10704418707126842,0.15012047363702066
2020-01-08 00:00:00-05:00,549.5,555.75,545.25,552.75,51322,0.0,0.0,0.004543389368468986,0.004533099330984736,0.10540990286811831,0.15011174810088398
2020-01-09 00:00:00-05:00,553.75,564.0,552.75,562.25,66455,0.0,0.0,0.017186793306196213,0.01704077110186931,0.17471562527929255,0.15930212018943726
2020-01-10 00:00:00-05:00,562.75,568.5,555.75,564.5,92633,0.0,0.0,0.0040017785682524565,0.003993792750291544,0.14479698180823308,0.1548576300337242
2020-01-13 00:00:00-05:00,565.25,565.75,558.5,562.25,51064,0.0,0.0,-0.003985828166519045,-0.003993792750291646,0.1253889923074432,0.1489508666138381
2020-01-14 00:00:00-05:00,562.25,573.0,559.25,568.5,69294,0.0,0.0,0.011116051578479391,0.011054722351165731,0.12687478222343299,0.1520347921875317
2020-01-15 00:00:00-05:00,569.0,578.75,568.25,573.25,78783,0.0,0.0,0.008355321020228734,0.008320608547423154,0.12591666061472143,0.14043714461526274
2020-01-16 00:00:00-05:00,573.5,573.5,560.0,565.25,58192,0.0,0.0,-0.013955516790231104,-0.01405381057993456,0.16148270909844262,0.14652263091481998
2020-01-17 00:00:00-05:00,565.5,572.5,564.25,570.5,54666,0.0,0.0,0.009287925696594534,0.009245058144051209,0.17150369121830242,0.13772669980621824
2020-01-21 00:00:00-05:00,572.5,582.75,566.75,581.5,69900,0.0,0.0,0.019281332164767795,0.019097802656588832,0.19664709287592794,0.14753043158341295
2020-01-22 00:00:00-05:00,581.5,592.5,574.5,577.75,84471,0.0,0.0,-0.006448839208942347,-0.0064697228042289645,0.21143616109888294,0.1483128055079546
2020-01-23 00:00:00-05:00,577.75,583.0,575.25,580.5,55850,0.0,0.0,0.004759844223279908,0.0047485519834560225,0.20752930809443676,0.14509645539724406
2020-01-24 00:00:00-05:00,581.75,581.75,569.5,573.5,58501,0.0,0.0,-0.012058570198105079,-0.012131864568520804,0.19823306848417785,0.15554040321909904
2020-01-27 00:00:00-05:00,567.75,573.25,559.5,572.25,78994,0.0,0.0,-0.0021795989537924942,-0.0021819777367492947,0.19179977795072073,0.1499997204880202
2020-01-28 00:00:00-05:00,573.0,576.5,565.5,569.75,56857,0.0,0.0,-0.004368719965050283,-0.004378290706882482,0.09756836678997234,0.14568033727845717
2020-01-29 00:00:00-05:00,571.0,573.25,561.0,562.25,55030,0.0,0.0,-0.013163668275559481,-0.0132510772863686,0.11753249007030113,0.15436717825913482
2020-01-30 00:00:00-05:00,562.5,562.5,550.75,560.5,77794,0.0,0.0,-0.003112494441974256,-0.0031173483272105085,0.08281025089399971,0.15401065156963223
2020-01-31 00:00:00-05:00,562.5,566.0,552.75,553.75,63922,0.0,0.0,-0.012042818911686015,-0.012115921152869228,0.082749405946543,0.15963058409123063
2020-02-03 00:00:00-05:00,551.25,558.0,546.5,555.5,83000,0.0,0.0,0.0031602708803610824,0.0031552877203392007,0.1072846833298666,0.15584754878087262
2020-02-04 00:00:00-05:00,554.25,564.25,553.5,557.25,69486,0.0,0.0,0.0031503150315030926,0.0031453631862934945,0.1257590626107257,0.15304192787705043
2020-02-05 00:00:00-05:00,559.25,563.75,555.5,562.0,52869,0.0,0.0,0.008524001794526725,0.008487877627712869,0.12481112604309536,0.1555311945199467
2020-02-06 00:00:00-05:00,563.75,565.5,555.75,556.25,51963,0.0,0.0,-0.010231316725978656,-0.010284016413241115,0.14445155781760263,0.1599746905943671
2020-02-07 00:00:00-05:00,557.0,563.0,553.25,558.75,64891,0.0,0.0,0.004494382022471877,0.004484312447328586,0.11250095198595761,0.14818136774281565
2020-02-10 00:00:00-05:00,558.75,560.75,551.0,552.0,100463,0.0,0.0,-0.012080536912751683,-0.012154099650683283,0.14761032693535575,0.15295060631153498
2020-02-11 00:00:00-05:00,551.5,551.75,539.0,542.0,166632,0.0,0.0,-0.018115942028985477,-0.01828204483744907,0.1812423705630433,0.1643188073578428
2020-02-12 00:00:00-05:00,541.0,549.0,538.25,547.5,91895,0.0,0.0,0.010147601476014678,0.010096460251009595,0.1893327459702266,0.16334368439046734
2020-02-13 00:00:00-05:00,548.5,550.5,540.75,544.25,85047,0.0,0.0,-0.005936073059360725,-0.005953761575999059,0.1844738149080845,0.15935323689073985
2020-02-14 00:00:00-05:00,544.75,549.5,542.0,542.75,63124,0.0,0.0,-0.002756086357372567,-0.002759891356255632,0.16925606916779679,0.15357028779456092
2020-02-18 00:00:00-05:00,549.25,570.75,548.0,566.75,123526,0.0,0.0,0.04421925380009206,0.04326948062923709,0.3787858140951341,0.22226853292407933
2020-02-19 00:00:00-05:00,563.0,565.75,553.0,565.25,68274,0.0,0.0,-0.0026466696074106677,-0.0026501782295591417,0.3308865764790185,0.21001934627376703
2020-02-20 00:00:00-05:00,565.25,567.5,558.25,560.0,55426,0.0,0.0,-0.009287925696594423,-0.009331327428884305,0.35319661663444923,0.21117496724436696
2020-02-21 00:00:00-05:00,559.75,569.0,550.5,551.0,81105,0.0,0.0,-0.016071428571428625,-0.016201974576280486,0.378855757665431,0.21590882375296494
2020-02-24 00:00:00-05:00,550.25,550.5,534.0,536.25,53342,0.0,0.0,-0.026769509981851125,-0.027134338910687703,0.43482992997782005,0.23036161614487533
2020-02-25 00:00:00-05:00,539.0,541.25,530.75,539.0,29431,0.0,0.0,0.00512820512820511,0.005115100666770409,0.19466427865403071,0.2322660327062172
2020-02-26 00:00:00-05:00,539.25,542.75,534.75,540.25,19746,0.0,0.0,0.002319109461966562,0.0023164244779981585,0.2090305058893405,0.23291281334596406
2020-02-27 00:00:00-05:00,538.75,539.25,528.25,529.25,20812,0.0,0.0,-0.02036094400740396,-0.020571085372020795,0.22441915745894464,0.23859320910434634
2020-02-28 00:00:00-05:00,531.0,531.25,515.5,529.0,2192,0.0,0.0,-0.0004723665564477786,-0.0004724781566751309,0.2301231075171421,0.23874799238732708
2020-03-02 00:00:00-05:00,523.5,526.25,521.5,526.25,672,0.0,0.0,-0.0051984877126654006,-0.005212046861708203,0.15961886637653214,0.23645168147711557
2020-03-03 00:00:00-05:00,523.0,534.5,523.0,528.75,301,0.0,0.0,0.004750593824228044,0.004739345363896568,0.15831780612959917,0.23701789163032447
2020-03-04 00:00:00-05:00,528.0,528.0,521.25,521.5,213,0.0,0.0,-0.013711583924349902,-0.013806455919660609,0.16022484393889974,0.23936461897628317
2020-03-05 00:00:00-05:00,521.25,528.5,518.5,524.25,109,0.0,0.0,0.005273250239693272,0.005259395341202272,0.12502462259102634,0.23752339575012313
2020-03-06 00:00:00-05:00,520.0,522.75,516.25,521.25,29,0.0,0.0,-0.005722460658083017,-0.005738896669018167,0.12686476238484687,0.23633096095184372
2020-03-09 00:00:00-04:00,516.0,524.0,513.5,522.25,122,0.0,0.0,0.0019184652278176895,0.0019166273236639068,0.12886363099182002,0.2354023841850363
2020-03-10 00:00:00-04:00,524.25,526.75,519.25,526.75,61,0.0,0.0,0.008616562948779327,0.008579652247623254,0.142839190418678,0.23658798710428455
2020-03-11 00:00:00-04:00,527.25,527.5,517.25,517.25,29,0.0,0.0,-0.018035121025154255,-0.01819973605864601,0.16858149910117898,0.23651619084255415
2020-03-12 00:00:00-04:00,506.75,508.75,506.75,508.25,24,0.0,0.0,-0.017399710004833202,-0.017552864117196344,0.18633844559747229,0.2376067452103825
2020-03-13 00:00:00-04:00,509.75,514.75,506.5,514.75,69365,0.0,0.0,0.012788981800295085,0.01270789339944277,0.2300660423224581,0.24437283109289568
2020-03-16 00:00:00-04:00,503.0,507.25,491.75,498.0,78982,0.0,0.0,-0.03254006799417197,-0.03308126888324595,0.30647810433682415,0.2663881866801322
2020-03-17 00:00:00-04:00,496.25,506.5,494.5,499.25,65543,0.0,0.0,0.0025100401606426015,0.0025068952712717038,0.2863776481913145,0.1983830946754507
2020-03-18 00:00:00-04:00,500.75,512.0,494.5,508.25,68778,0.0,0.0,0.018027040560841368,0.01786648021253152,0.3368647035895634,0.2161359282761021
2020-03-19 00:00:00-04:00,508.5,540.5,508.5,535.0,103082,0.0,0.0,0.05263157894736836,0.05129329438755048,0.4862553932094749,0.29720118623950437
2020-03-20 00:00:00-04:00,534.5,547.0,533.0,539.25,71442,0.0,0.0,0.007943925233644844,0.007912538373259198,0.4861502714192211,0.2944574932796781
2020-03-23 00:00:00-04:00,539.5,563.25,537.25,562.5,86808,0.0,0.0,0.04311543810848395,0.04221184880930938,0.3493189159186541,0.3167235779875979
2020-03-24 00:00:00-04:00,560.5,562.5,549.75,561.5,67261,0.0,0.0,-0.001777777777777767,-0.0017793599000773153,0.3674472116833068,0.3169349845641779
2020-03-25 00:00:00-04:00,560.0,583.25,556.75,580.0,97558,0.0,0.0,0.03294746215494215,0.03241632936196718,0.3674655485443838,0.33516724964278477
2020-03-26 00:00:00-04:00,579.5,583.0,564.5,569.0,76661,0.0,0.0,-0.018965517241379293,-0.01914766941413408,0.4023787491098628,0.3338691010012111
2020-03-27 00:00:00-04:00,569.5,587.0,563.5,571.25,87575,0.0,0.0,0.003954305799648505,0.003946508082083533,0.406297851852806,0.33348117235992863
2020-03-30 00:00:00-04:00,572.25,580.75,562.75,569.5,59620,0.0,0.0,-0.0030634573304157975,-0.0030681593211776674,0.3011047279494701,0.3327806857426037
2020-03-31 00:00:00-04:00,569.75,575.25,564.25,568.75,66203,0.0,0.0,-0.0013169446883231073,-0.0013178126220766758,0.3006982899010492,0.333335111992583
2020-04-01 00:00:00-04:00,567.25,571.75,546.5,550.25,67309,0.0,0.0,-0.03252747252747257,-0.033068249858589166,0.23882624189573037,0.3526234453508046
2020-04-02 00:00:00-04:00,550.25,553.25,538.25,541.75,46926,0.0,0.0,-0.015447523852794132,-0.015568079990102563,0.23207273070529133,0.35841186626067617
2020-04-03 00:00:00-04:00,541.75,556.5,541.5,549.25,44941,0.0,0.0,0.013844023996308241,0.013749070848251138,0.2752766667542702,0.35963253890996694
2020-04-06 00:00:00-04:00,550.0,561.75,549.75,555.75,44545,0.0,0.0,0.01183431952662728,0.01176484157958643,0.30930700798251204,0.3610075843180226
2020-04-07 00:00:00-04:00,555.25,555.75,545.25,549.25,67148,0.0,0.0,-0.011695906432748537,-0.01176484157958637,0.3108796510580524,0.364268117982694
2020-04-08 00:00:00-04:00,551.0,554.5,545.0,548.25,57533,0.0,0.0,-0.001820664542558026,-0.0018223239667220052,0.21123893432500662,0.35670685038789535
2020-04-09 00:00:00-04:00,549.25,558.75,546.75,556.5,63609,0.0,0.0,0.015047879616963078,0.014935783417601958,0.18617603816883313,0.3504516844195094
2020-04-13 00:00:00-04:00,560.75,564.5,552.5,555.0,53253,0.0,0.0,-0.0026954177897574594,-0.002699056969165058,0.17589453391974796,0.3500650437391811
2020-04-14 00:00:00-04:00,555.75,556.75,546.0,548.75,53925,0.0,0.0,-0.011261261261261257,-0.0113251493570534,0.1720299850810643,0.32806330070479134
2020-04-15 00:00:00-04:00,546.5,548.75,529.75,540.25,67687,0.0,0.0,-0.015489749430523947,-0.01561096900238578,0.1863403773435357,0.3360466714136565
2020-04-16 00:00:00-04:00,538.75,545.25,528.0,529.75,31461,0.0,0.0,-0.01943544655252194,-0.019626798238586863,0.21726063875491378,0.34181078649121505
2020-04-17 00:00:00-04:00,528.5,536.0,524.5,533.5,23903,0.0,0.0,0.007078810759792331,0.007053873593399582,0.16881561906079048,0.28662086097599937
2020-04-20 00:00:00-04:00,536.0,562.0,535.25,548.75,40953,0.0,0.0,0.028584817244611038,0.028183893647573028,0.3164506872291333,0.30308719876321993
2020-04-21 00:00:00-04:00,551.5,557.0,541.75,546.75,18717,0.0,0.0,-0.0036446469248291313,-0.003651304832503859,0.3070460275893776,0.2592863450834049
2020-04-22 00:00:00-04:00,547.75,549.75,538.0,543.0,18840,0.0,0.0,-0.006858710562414272,-0.006882339622941789,0.28603957656320583,0.26003863685563666
2020-04-23 00:00:00-04:00,542.0,551.5,538.5,547.0,22944,0.0,0.0,0.007366482504604033,0.007339482488045748,0.2202775781811293,0.22903883316757032
2020-04-24 00:00:00-04:00,549.25,550.75,526.0,526.75,44703,0.0,0.0,-0.037020109689213876,-0.03772274973768277,0.37861514220371467,0.2535660553556695
2020-04-27 00:00:00-04:00,529.5,530.0,518.25,521.0,12033,0.0,0.0,-0.010915994304698584,-0.010976010930931457,0.26115230558218927,0.2530839383638393
2020-04-28 00:00:00-04:00,523.0,528.0,517.25,526.75,9158,0.0,0.0,0.011036468330134275,0.010976010930931415,0.30202106594632033,0.25900429466693264
2020-04-29 00:00:00-04:00,525.0,525.0,512.75,519.5,5247,0.0,0.0,-0.013763644992880852,-0.01385924214501631,0.30537613900995386,0.2612017362855418
2020-04-30 00:00:00-04:00,517.0,529.75,511.0,529.75,894,0.0,0.0,0.019730510105871124,0.01953838660912646,0.3548595935579755,0.2522499247434728
2020-05-01 00:00:00-04:00,528.75,528.75,520.5,521.5,119,0.0,0.0,-0.01557338367154315,-0.015695922707581283,0.2564883772342305,0.25234077529442517
2020-05-04 00:00:00-04:00,516.0,526.75,516.0,524.25,35,0.0,0.0,0.005273250239693272,0.005259395341202272,0.24616820194242334,0.24708038086421472
2020-05-05 00:00:00-04:00,519.0,527.0,519.0,525.5,28,0.0,0.0,0.002384358607534498,0.002381520534976412,0.23195175509713137,0.24218404017722184
2020-05-06 00:00:00-04:00,521.25,524.75,521.25,524.75,80,0.0,0.0,-0.0014272121788773129,-0.0014282316162635002,0.20170191946224023,0.23984759126585445
2020-05-07 00:00:00-04:00,531.0,531.0,529.0,529.0,38,0.0,0.0,0.008099094807050955,0.008066473157556991,0.14707400225419442,0.24260811610649727
2020-05-08 00:00:00-04:00,529.5,533.0,529.5,529.5,24,0.0,0.0,0.000945179584120881,0.0009447331831616659,0.059053838489050436,0.23475318475903703
2020-05-11 00:00:00-04:00,537.75,537.75,524.75,524.75,6,0.0,0.0,-0.008970727101038745,-0.00901120634071881,0.09864965115555852,0.2359191720418596
2020-05-12 00:00:00-04:00,521.75,521.75,521.75,521.75,8,0.0,0.0,-0.005717008099094811,-0.005733412743432244,0.10400070847107187,0.2340620766011781
2020-05-13 00:00:00-04:00,510.5,510.5,510.5,510.5,15,0.0,0.0,-0.021562050790608578,-0.021797908352589934,0.17686739676238475,0.23949016013635827
2020-05-14 00:00:00-04:00,510.5,510.5,510.5,510.5,44141,0.0,0.0,0.0,0.0,0.14411974235663128,0.23129439527426265
2020-05-15 00:00:00-04:00,502.5,508.0,497.5,500.25,49768,0.0,0.0,-0.02007835455435847,-0.02028266414087745,0.14777977440482445,0.23755270450627722
2020-05-18 00:00:00-04:00,501.5,502.75,493.75,497.0,42218,0.0,0.0,-0.006496751624187946,-0.006517947367214105,0.1512041874710042,0.20602842046779157
2020-05-19 00:00:00-04:00,496.75,501.5,496.25,498.75,43782,0.0,0.0,0.0035211267605634866,0.003514942107444592,0.18178745220212605,0.20814814641511253
2020-05-20 00:00:00-04:00,499.5,517.75,496.0,513.75,87800,0.0,0.0,0.03007518796992481,0.02963179760637115,0.29189286622159105,0.24125493229575312
2020-05-21 00:00:00-04:00,515.0,524.0,512.0,516.0,75219,0.0,0.0,0.004379562043795637,0.004369999671118388,0.29222123525801474,0.23983819354909194
2020-05-22 00:00:00-04:00,515.0,516.25,503.25,508.75,59252,0.0,0.0,-0.01405038759689925,-0.014150028724758014,0.26503355237165765,0.20814007110510777
2020-05-26 00:00:00-04:00,504.25,512.25,504.25,506.75,48956,0.0,0.0,-0.0039312039312039415,-0.0039389514246953375,0.2595141338427504,0.2054780400711824
2020-05-27 00:00:00-04:00,507.75,511.75,501.25,504.5,41180,0.0,0.0,-0.004440059200789381,-0.004449945538445807,0.2664979881923762,0.2004297190262176
2020-05-28 00:00:00-04:00,505.25,518.75,503.75,514.5,64133,0.0,0.0,0.019821605550049526,0.019627715480440622,0.20142885796668486,0.2097038798548847
2020-05-29 00:00:00-04:00,513.5,522.25,511.75,520.75,56405,0.0,0.0,0.012147716229348848,0.012074524866977044,0.21806705391030726,0.20162069599251134
2020-06-01 00:00:00-04:00,520.0,520.75,511.5,515.25,62138,0.0,0.0,-0.01056168987037931,-0.010617860370513012,0.20285724485174197,0.1974860043846139
2020-06-02 00:00:00-04:00,517.0,517.25,506.75,508.0,76980,0.0,0.0,-0.014070839398350299,-0.014170772192086505,0.23385105805602213,0.20183670511828605
2020-06-03 00:00:00-04:00,509.75,515.5,506.5,512.0,70048,0.0,0.0,0.007874015748031482,0.007843177461025879,0.23353975503936156,0.20416396185473867
2020-06-04 00:00:00-04:00,512.25,529.0,512.0,523.75,76243,0.0,0.0,0.02294921875,0.0226898461968397,0.2482866469914329,0.2214438323616321
2020-06-05 00:00:00-04:00,526.75,527.75,513.25,515.25,100263,0.0,0.0,-0.016229116945107425,-0.0163622514657791,0.2681611401501116,0.22642004557204043
2020-06-08 00:00:00-04:00,517.0,517.75,508.5,511.5,89831,0.0,0.0,-0.00727802037845704,-0.00730463437888722,0.26251605497559366,0.227257184247608
2020-06-09 00:00:00-04:00,512.0,514.0,500.75,504.5,105093,0.0,0.0,-0.013685239491691092,-0.013779745598017512,0.2613506640032675,0.2298777795246357
2020-06-10 00:00:00-04:00,505.0,509.25,502.5,506.25,77126,0.0,0.0,0.003468780971258578,0.0034627786270851556,0.2533863415837243,0.2301494268639598
2020-06-11 00:00:00-04:00,508.75,509.0,498.5,499.25,90884,0.0,0.0,-0.01382716049382715,-0.01392364612482429,0.12666015075902642,0.22268203549545762
2020-06-12 00:00:00-04:00,499.0,504.75,495.25,502.0,71166,0.0,0.0,0.0055082623935904795,0.005493147395804692,0.14647471236522946,0.22387207499232836
2020-06-15 00:00:00-04:00,499.75,505.5,497.5,504.75,51218,0.0,0.0,0.005478087649402497,0.005463137501217787,0.16203676613099058,0.2127013053665267
2020-06-16 00:00:00-04:00,506.5,507.25,491.0,496.0,67274,0.0,0.0,-0.01733531451213477,-0.017487330468019445,0.17894226414697595,0.2207782322948692
2020-06-17 00:00:00-04:00,494.5,495.75,487.25,488.75,60132,0.0,0.0,-0.014616935483870996,-0.014724815425351985,0.1816222153321803,0.22625138799875574
2020-06-18 00:00:00-04:00,488.5,492.0,480.5,483.5,51883,0.0,0.0,-0.010741687979539671,-0.01079979640622654,0.1754883523444023,0.19653625018970658
2020-06-19 00:00:00-04:00,482.75,485.5,476.0,481.25,58288,0.0,0.0,-0.004653567735263708,-0.004664429291355043,0.14431999047111307,0.1946706586339178
2020-06-22 00:00:00-04:00,480.5,486.0,477.75,485.0,35478,0.0,0.0,0.007792207792207684,0.007762005335489109,0.15854685475327154,0.19427369102514166
2020-06-23 00:00:00-04:00,485.25,488.75,479.25,486.0,38396,0.0,0.0,0.0020618556701030855,0.0020597329630105622,0.14514416050233575,0.19477712933372007
2020-06-24 00:00:00-04:00,486.75,488.0,480.0,481.25,22216,0.0,0.0,-0.009773662551440299,-0.009821738298499756,0.12565573682743636,0.1965690663914652
2020-06-25 00:00:00-04:00,480.0,489.25,478.75,486.75,46252,0.0,0.0,0.011428571428571344,0.011363758650315003,0.13824565017768337,0.18602571083009495
2020-06-26 00:00:00-04:00,486.5,487.0,468.25,474.0,64057,0.0,0.0,-0.026194144838212585,-0.02654332255723252,0.24258783356751742,0.19499841308232352
2020-06-29 00:00:00-04:00,473.5,488.75,473.0,485.5,16749,0.0,0.0,0.024261603375527407,0.02397196603630309,0.30787030389904935,0.2186679556153075
2020-06-30 00:00:00-04:00,483.75,495.5,478.5,490.0,2721,0.0,0.0,0.009268795056642576,0.009226103373292632,0.3145634683249406,0.21851875364276283
2020-07-01 00:00:00-04:00,489.75,498.75,489.75,498.75,718,0.0,0.0,0.017857142857142794,0.017699577099400857,0.3116749785222907,0.22703473160655188
2020-07-02 00:00:00-04:00,498.25,499.0,486.5,490.0,291,0.0,0.0,-0.01754385964912286,-0.017699577099400975,0.3527955949466297,0.21506143663959953
2020-07-06 00:00:00-04:00,489.0,489.5,485.75,489.5,76,0.0,0.0,-0.0010204081632653184,-0.0010209291341072334,0.2616608546173952,0.20958222674551102
2020-07-07 00:00:00-04:00,492.75,495.0,491.5,492.25,99,0.0,0.0,0.00561797752808979,0.0056022555486697516,0.21074351584543363,0.21066064250573321
2020-07-08 00:00:00-04:00,517.5,517.5,517.5,517.5,84,0.0,0.0,0.05129507364144237,0.050022807620289225,0.409259992611701,0.27775911014406063
2020-07-09 00:00:00-04:00,530.0,537.75,520.75,526.25,15,0.0,0.0,0.01690821256038655,0.016766859857067107,0.40834799713603875,0.2831210352519224
2020-07-10 00:00:00-04:00,536.75,543.0,535.75,535.75,18,0.0,0.0,0.018052256532066435,0.017891249357095153,0.3199315472234754,0.2819642650878577
2020-07-13 00:00:00-04:00,536.0,536.0,524.75,524.75,60,0.0,0.0,-0.02053196453569761,-0.02074567565294402,0.41076005538953597,0.2945958116205198
2020-07-14 00:00:00-04:00,524.75,524.75,524.75,524.75,59738,0.0,0.0,0.0,0.0,0.4200449990314859,0.29447358405536367
2020-07-15 00:00:00-04:00,527.0,551.75,526.75,550.75,97654,0.0,0.0,0.049547403525488365,0.04835902698171017,0.4101106999076283,0.329522866141508
2020-07-16 00:00:00-04:00,550.0,551.5,534.0,535.25,96898,0.0,0.0,-0.02814344076259645,-0.028547058212660317,0.4971293249788977,0.3436439233218467
2020-07-17 00:00:00-04:00,535.75,540.0,530.75,534.75,52664,0.0,0.0,-0.0009341429238673982,-0.000934579507277215,0.48080579027289405,0.3395091668185211
2020-07-20 00:00:00-04:00,535.0,535.25,517.0,522.0,84615,0.0,0.0,-0.02384291725105192,-0.024131760079876316,0.4901908343104093,0.353489545959802
2020-07-21 00:00:00-04:00,520.5,531.5,518.5,527.75,62298,0.0,0.0,0.011015325670498122,0.010955098845791308,0.49733166428374537,0.3540958533654592
2020-07-22 00:00:00-04:00,525.75,540.25,523.75,534.5,59562,0.0,0.0,0.01279014684983415,0.012709043736669874,0.30502184911845215,0.35517569158744533
2020-07-23 00:00:00-04:00,534.75,536.0,527.0,529.5,46720,0.0,0.0,-0.009354536950420989,-0.009398565423638802,0.2408095574289066,0.35494746312985953
2020-07-24 00:00:00-04:00,530.75,544.0,530.0,539.5,63634,0.0,0.0,0.018885741265344702,0.018709619656728238,0.28392326731822953,0.3577084074582658
2020-07-27 00:00:00-04:00,538.75,539.0,526.25,527.75,47270,0.0,0.0,-0.021779425393883223,-0.022020097969759355,0.2722759474171272,0.35284754345164177
2020-07-28 00:00:00-04:00,526.5,529.75,519.25,523.5,51347,0.0,0.0,-0.008053055423969724,-0.008085656417838488,0.26748405610793197,0.34882261438566936
2020-07-29 00:00:00-04:00,523.5,533.25,523.5,532.75,42240,0.0,0.0,0.01766953199617949,0.017515240668134903,0.28554272977061634,0.35176717772093574
2020-07-30 00:00:00-04:00,531.75,534.5,525.0,529.5,47622,0.0,0.0,-0.006100422336930977,-0.006119105937265329,0.2800868247921128,0.3499054664117723
2020-07-31 00:00:00-04:00,528.5,535.25,528.5,531.25,48266,0.0,0.0,0.003305004721435356,0.0032995551971654754,0.2320605332519547,0.34121148934031503
2020-08-03 00:00:00-04:00,527.0,528.25,517.0,521.0,71428,0.0,0.0,-0.019294117647058795,-0.019482678485259638,0.21972718982192183,0.3509920739301782
2020-08-04 00:00:00-04:00,521.0,521.25,507.75,508.25,82315,0.0,0.0,-0.024472168905950054,-0.02477658924491086,0.27086268045667033,0.3644112160192573
2020-08-05 00:00:00-04:00,508.25,512.75,506.0,510.75,67342,0.0,0.0,0.004918839153959631,0.00490678118927539,0.2094980360169905,0.3147473205156545
2020-08-06 00:00:00-04:00,510.75,515.0,500.75,501.25,86498,0.0,0.0,-0.018600097895252077,-0.018775255076952494,0.21966968860285116,0.3139796095864806
2020-08-07 00:00:00-04:00,501.25,503.75,490.5,495.5,93524,0.0,0.0,-0.011471321695760595,-0.011537624850736257,0.18150780383858692,0.3060542191961474
2020-08-10 00:00:00-04:00,495.25,497.25,490.0,491.0,76700,0.0,0.0,-0.00908173562058523,-0.009123225975522063,0.17638295261745585,0.30035894741877617
2020-08-11 00:00:00-04:00,491.0,498.75,490.5,495.0,83770,0.0,0.0,0.008146639511201537,0.008113634774169631,0.18003436867655706,0.30287356601586923
2020-08-12 00:00:00-04:00,495.75,498.0,488.0,491.25,90879,0.0,0.0,-0.007575757575757569,-0.007604599385219304,0.15595729685390108,0.2315465949557024
2020-08-13 00:00:00-04:00,490.0,500.75,489.0,496.75,82622,0.0,0.0,0.01119592875318065,0.011133718248455228,0.1679509008603992,0.22268188024447055
2020-08-14 00:00:00-04:00,495.5,507.75,493.5,500.0,75823,0.0,0.0,0.006542526421741357,0.006521216990265552,0.1500459094085014,0.22544745534187804
2020-08-17 00:00:00-04:00,500.5,517.5,500.0,516.5,66200,0.0,0.0,0.03299999999999992,0.03246719013750141,0.23200468279533168,0.24596686783289276
2020-08-18 00:00:00-04:00,516.25,517.5,503.0,507.5,50255,0.0,0.0,-0.01742497579864477,-0.017578577643750887,0.305938597464646,0.24913350932164743
2020-08-19 00:00:00-04:00,507.25,514.25,506.25,512.0,49510,0.0,0.0,0.008866995073891548,0.00882791412356531,0.28436738098013475,0.24645316953853386
2020-08-20 00:00:00-04:00,511.75,520.25,506.5,519.5,37922,0.0,0.0,0.0146484375,0.0145421854997743,0.28751719651890506,0.2516692013254967
2020-08-21 00:00:00-04:00,520.0,527.75,515.0,527.25,58896,0.0,0.0,0.014918190567853706,0.014808008819601894,0.2889199372664753,0.24791201960091877
2020-08-24 00:00:00-04:00,527.75,533.25,516.5,520.75,30510,0.0,0.0,-0.0123281175912755,-0.012404739217802616,0.24545175641681763,0.2395503109003047
2020-08-25 00:00:00-04:00,521.25,533.75,520.75,527.25,26559,0.0,0.0,0.012481997119539123,0.012404739217802599,0.18199283756348178,0.24210686090206077
2020-08-26 00:00:00-04:00,527.0,532.75,523.25,532.0,25925,0.0,0.0,0.009009009009008917,0.008968669982760316,0.18205213034759593,0.23581536094405628
2020-08-27 00:00:00-04:00,531.75,543.75,531.0,542.5,18366,0.0,0.0,0.019736842105263053,0.01954459607297013,0.1971634137073896,0.24457247228719795
2020-08-28 00:00:00-04:00,543.0,547.25,536.75,539.25,17686,0.0,0.0,-0.005990783410138256,-0.006008800145348862,0.21140729878644005,0.24579771864300584
2020-08-31 00:00:00-04:00,539.25,551.75,538.0,544.25,1104,0.0,0.0,0.009272137227630983,0.009229414845391073,0.1489485779460143,0.23542637223039298
2020-09-01 00:00:00-04:00,542.5,559.25,539.25,555.75,248,0.0,0.0,0.021129995406522717,0.02090985272964912,0.17278917085767428,0.2219355592091912
2020-09-02 00:00:00-04:00,554.5,554.5,545.0,547.75,187,0.0,0.0,-0.01439496176338284,-0.014499574368730082,0.24949323791292988,0.23189788239966252
2020-09-03 00:00:00-04:00,550.25,550.25,542.5,543.25,115,0.0,0.0,-0.008215426745778132,-0.008249359339036831,0.23037162570986278,0.2214021650351136
2020-09-04 00:00:00-04:00,542.0,544.0,539.0,539.75,88,0.0,0.0,-0.00644270593649332,-0.006463549741622278,0.23117746016382895,0.21738758108856587
2020-09-08 00:00:00-04:00,536.25,539.5,533.25,533.25,64,0.0,0.0,-0.01204261232051873,-0.012115712043456756,0.22839328022441305,0.22005614472058188
2020-09-09 00:00:00-04:00,533.5,536.5,533.25,534.0,32,0.0,0.0,0.0014064697609001975,0.0014054816087349464,0.09661701451694812,0.21976411071353974
2020-09-10 00:00:00-04:00,544.75,548.5,539.5,540.0,31,0.0,0.0,0.011235955056179803,0.011173300598125255,0.1469407976125738,0.21687289766510404
2020-09-11 00:00:00-04:00,543.0,543.0,533.75,533.75,8,0.0,0.0,-0.01157407407407407,-0.011641575015485755,0.15635521028338184,0.22298366229366534
2020-09-14 00:00:00-04:00,525.0,549.25,525.0,548.5,50141,0.0,0.0,0.02763466042154561,0.02725971517245057,0.26508161218122345,0.23858369709598967
2020-09-15 00:00:00-04:00,546.0,547.0,533.75,538.25,60557,0.0,0.0,-0.018687329079307147,-0.01886414347081247,0.29217418573297277,0.22769768098354518
2020-09-16 00:00:00-04:00,535.5,543.0,533.25,542.0,47771,0.0,0.0,0.0069670227589411216,0.006942865195173906,0.29411913882602203,0.21603125303744547
2020-09-17 00:00:00-04:00,542.0,557.25,537.25,556.25,76815,0.0,0.0,0.0262915129151291,0.02595183204080371,0.3366529554047837,0.230283386898983
2020-09-18 00:00:00-04:00,555.75,578.0,555.5,575.0,101480,0.0,0.0,0.03370786516853941,0.03315220731690055,0.3401291601797288,0.2507255873793642
2020-09-21 00:00:00-04:00,576.5,578.25,550.5,554.75,96691,0.0,0.0,-0.03521739130434787,-0.03585247898464718,0.4649471443102816,0.285688176145211
2020-09-22 00:00:00-04:00,553.5,567.0,550.25,558.0,75824,0.0,0.0,0.005858494817485349,0.005841400568607633,0.4250490241196414,0.28024235773856626
2020-09-23 00:00:00-04:00,558.5,560.25,547.25,549.0,59472,0.0,0.0,-0.016129032258064502,-0.01626052087178029,0.4573456245068634,0.28655785027443204
2020-09-24 00:00:00-04:00,548.0,554.25,541.0,549.75,71785,0.0,0.0,0.001366120218579292,0.0013651879253399903,0.4086821609211083,0.2854233132461794
2020-09-25 00:00:00-04:00,552.25,552.5,543.75,544.25,48637,0.0,0.0,-0.010004547521600737,-0.010054929320213754,0.2572891274508428,0.28010258099087665
2020-09-28 00:00:00-04:00,545.25,551.75,537.75,550.25,60680,0.0,0.0,0.011024345429490046,0.01096402029191415,0.17846075682880985,0.28153531891572053
2020-09-29 00:00:00-04:00,551.0,553.25,546.0,549.5,45637,0.0,0.0,-0.0013630168105406293,-0.0013639465628949613,0.16646635714110683,0.2799974293303309
2020-09-30 00:00:00-04:00,548.75,587.0,547.0,578.0,122156,0.0,0.0,0.05186533212010924,0.050565094828701466,0.3852578956362012,0.32713425429730575
2020-10-01 00:00:00-04:00,574.0,584.0,568.5,570.25,76218,0.0,0.0,-0.013408304498269907,-0.01349900750788007,0.42020603450283917,0.32648995409086734
2020-10-02 00:00:00-04:00,569.25,576.5,561.25,573.25,54242,0.0,0.0,0.005260850504164916,0.005247060573516485,0.39295402889908715,0.32427739082053275
2020-10-05 00:00:00-04:00,574.5,587.75,573.0,584.25,60417,0.0,0.0,0.01918883558656792,0.019007051680953617,0.3976568778345068,0.3272461339048152
2020-10-06 00:00:00-04:00,585.0,601.75,579.75,592.75,83093,0.0,0.0,0.014548566538296948,0.01444375152654751,0.3787891732989379,0.32336390504737866
2020-10-07 00:00:00-04:00,591.25,611.5,588.5,607.5,102217,0.0,0.0,0.024884015183466834,0.024579450269188605,0.23772325892044882,0.3300921023655716
2020-10-08 00:00:00-04:00,608.75,616.75,593.25,595.25,95298,0.0,0.0,-0.02016460905349793,-0.020370689847731344,0.28075085723514465,0.3429041314629954
2020-10-09 00:00:00-04:00,594.0,606.75,588.75,593.75,88056,0.0,0.0,-0.002519949601007987,-0.002523130018121204,0.29203879291297097,0.338542328737373
2020-10-12 00:00:00-04:00,592.5,599.0,587.0,594.25,63837,0.0,0.0,0.0008421052631579773,0.0008417508914524222,0.2729611383009796,0.32857821135226895
2020-10-13 00:00:00-04:00,596.25,604.25,590.75,594.0,56418,0.0,0.0,-0.00042069835927638355,-0.00042078687765836176,0.25494382525302073,0.31791567314741026
2020-10-14 00:00:00-04:00,594.75,600.25,587.25,596.75,58370,0.0,0.0,0.004629629629629539,0.004618945856294458,0.15331294110137542,0.3178446862618175
2020-10-15 00:00:00-04:00,596.75,619.5,596.5,618.25,90299,0.0,0.0,0.03602848764139077,0.03539464118258602,0.2546552002722943,0.32820120962313315
2020-10-16 00:00:00-04:00,618.5,630.75,615.5,625.25,90621,0.0,0.0,0.011322280630812864,0.011258663356202934,0.23803502050120096,0.31189640147085185
2020-10-19 00:00:00-04:00,631.0,636.75,620.25,627.0,86964,0.0,0.0,0.0027988804478209506,0.0027949708751923404,0.23340373536555106,0.2748790942281625
2020-10-20 00:00:00-04:00,628.5,638.25,623.5,632.0,78897,0.0,0.0,0.00797448165869219,0.007942853513936731,0.21467280779365247,0.27493863139085206
2020-10-21 00:00:00-04:00,634.5,637.5,628.75,629.75,61377,0.0,0.0,-0.0035601265822784445,-0.003566478914137812,0.24008067038887704,0.26471690401213277
2020-10-22 00:00:00-04:00,628.5,632.25,621.25,622.75,63702,0.0,0.0,-0.011115522032552616,-0.011177761090429788,0.14305525648480436,0.27186060478344026
2020-10-23 00:00:00-04:00,623.0,635.5,619.5,632.75,64240,0.0,0.0,0.016057808109193106,0.015930245282943643,0.1657266083165949,0.26670608004601765
2020-10-26 00:00:00-04:00,632.75,633.0,616.0,620.0,66899,0.0,0.0,-0.020150138285262797,-0.02035592138609625,0.23009865704173368,0.2839421426048887
2020-10-27 00:00:00-04:00,618.75,627.0,614.75,615.75,63486,0.0,0.0,-0.006854838709677402,-0.006878441038489928,0.21235583539757097,0.2865230258803317
2020-10-28 00:00:00-04:00,614.5,614.5,600.75,608.75,72239,0.0,0.0,-0.01136825010150222,-0.011433362603847735,0.2159365584746451,0.23518021763142424
2020-10-29 00:00:00-04:00,609.75,611.25,598.5,603.75,69893,0.0,0.0,-0.008213552361396315,-0.008247469430017114,0.2131512594590849,0.2311498382279735
2020-10-30 00:00:00-04:00,602.0,607.25,595.25,598.5,72812,0.0,0.0,-0.008695652173912993,-0.008733679968754553,0.08478434686536548,0.23458927863704962
2020-11-02 00:00:00-05:00,593.25,609.5,591.0,607.5,75087,0.0,0.0,0.015037593984962516,0.014925650216675792,0.17109755225828382,0.23105231588630817
2020-11-03 00:00:00-05:00,607.0,616.5,604.0,608.0,70891,0.0,0.0,0.0008230452674897748,0.0008227067514635477,0.17176134892716627,0.22629497439682186
2020-11-04 00:00:00-05:00,607.75,610.5,597.75,606.0,66077,0.0,0.0,-0.003289473684210509,-0.003294895896852538,0.1541014051535348,0.20889050207111778
2020-11-05 00:00:00-05:00,606.5,626.25,606.0,609.25,97072,0.0,0.0,0.005363036303630331,0.005348706436001122,0.1430762706599797,0.1954993673853031
2020-11-06 00:00:00-05:00,607.75,615.75,601.75,602.0,105356,0.0,0.0,-0.011899876897825235,-0.011971247196494608,0.1588866729737915,0.20065577824816497
2020-11-09 00:00:00-05:00,602.25,607.0,595.0,597.5,91438,0.0,0.0,-0.007475083056478371,-0.007503161503155271,0.10750128309904534,0.20277436864964712
2020-11-10 00:00:00-05:00,597.25,613.0,594.0,608.5,134343,0.0,0.0,0.018410041841004254,0.0182426286219162,0.19045284175039248,0.212604306923784
2020-11-11 00:00:00-05:00,607.0,613.5,595.5,598.0,107814,0.0,0.0,-0.01725554642563676,-0.01740615847695007,0.22865173593774465,0.2220301657991609
2020-11-12 00:00:00-05:00,596.25,598.75,587.0,588.25,91052,0.0,0.0,-0.016304347826086918,-0.016438726343159835,0.23298330649144314,0.18456434093414933
2020-11-13 00:00:00-05:00,586.25,596.25,580.25,593.5,77401,0.0,0.0,0.008924776880578023,0.0088851864422509,0.25106136705583587,0.1823800130707084
2020-11-16 00:00:00-05:00,593.75,601.0,586.0,598.0,87084,0.0,0.0,0.0075821398483570945,0.007553539900908901,0.2558810445001096,0.18500841840584267
2020-11-17 00:00:00-05:00,598.0,603.25,592.5,595.25,73204,0.0,0.0,-0.004598662207357829,-0.004609268583659543,0.19892524380942816,0.18108859076353212
2020-11-18 00:00:00-05:00,595.75,604.25,592.5,597.75,61555,0.0,0.0,0.004199916001679904,0.004191120971461888,0.1668242991866426,0.1828166851666806
2020-11-19 00:00:00-05:00,598.75,600.25,589.75,591.75,42206,0.0,0.0,-0.010037641154328703,-0.010088357944340766,0.13025598396693713,0.1821851217084995
2020-11-20 00:00:00-05:00,590.0,598.25,590.0,593.25,36851,0.0,0.0,0.0025348542458809575,0.0025316469217797266,0.11320960593962902,0.16983290245527108
2020-11-23 00:00:00-05:00,596.0,604.75,595.75,598.75,22141,0.0,0.0,0.00927096502317748,0.009228253409252112,0.12077737208535423,0.16276596337870458
2020-11-24 00:00:00-05:00,599.5,612.25,594.0,611.25,19739,0.0,0.0,0.02087682672233826,0.020661892063956844,0.17792231554724205,0.17995857441459695
2020-11-25 00:00:00-05:00,612.75,616.5,587.0,588.25,23901,0.0,0.0,-0.03762781186094066,-0.038354013181609886,0.35495837418974885,0.2208606018855366
2020-11-27 00:00:00-05:00,592.25,600.25,589.25,596.5,7296,0.0,0.0,0.014024649383765464,0.013927213930498996,0.36582680109403504,0.22609799960453927
2020-11-30 00:00:00-05:00,599.5,600.0,579.5,580.25,1048,0.0,0.0,-0.027242246437552353,-0.027620196383424347,0.41930923860546515,0.24389155694153633
2020-12-01 00:00:00-05:00,580.75,580.75,563.5,565.5,540,0.0,0.0,-0.025420077552778975,-0.025748749598371277,0.42173077267950954,0.2498593848398518
2020-12-02 00:00:00-05:00,565.5,578.75,565.5,578.0,78,0.0,0.0,0.022104332449160102,0.02186357311620239,0.427638937332784,0.26561688002899836
2020-12-03 00:00:00-05:00,573.5,576.0,568.0,571.75,164,0.0,0.0,-0.010813148788927363,-0.010872035769486976,0.3585821450617623,0.2672910031985346
2020-12-04 00:00:00-05:00,563.75,566.5,563.75,566.5,55,0.0,0.0,-0.009182334936598147,-0.009224752434829498,0.31420204291750814,0.2664067451057141
2020-12-07 00:00:00-05:00,560.0,575.75,560.0,571.25,20,0.0,0.0,0.00838481906443067,0.008349861740353405,0.2929015515294668,0.2676477929994075
2020-12-08 00:00:00-05:00,566.75,574.0,563.75,563.75,20,0.0,0.0,-0.013129102844638973,-0.013216051391526375,0.24220077499484088,0.26979061226746986
2020-12-09 00:00:00-05:00,568.5,581.0,568.5,577.0,10,0.0,0.0,0.023503325942350273,0.0232313756912114,0.2504978437039791,0.2756350816065444
2020-12-10 00:00:00-05:00,590.0,592.5,587.0,590.25,5,0.0,0.0,0.022963604852686226,0.022703909457522656,0.27437571486415624,0.283945271526796
2020-12-11 00:00:00-05:00,608.25,608.25,608.25,608.25,8,0.0,0.0,0.030495552731893305,0.030039805698009733,0.2760176000387701,0.29765908051974327
2020-12-14 00:00:00-05:00,615.5,615.5,593.5,593.5,74274,0.0,0.0,-0.024249897246198082,-0.02454876761390924,0.3934166701395079,0.31021605876408814
2020-12-15 00:00:00-05:00,597.25,605.75,594.25,599.75,51418,0.0,0.0,0.010530749789384952,0.010475687670081175,0.3467701229574159,0.311323559349356
2020-12-16 00:00:00-05:00,602.25,607.75,589.75,598.5,56478,0.0,0.0,-0.002084201750729431,-0.002086376721776076,0.3438775312453924,0.3109233367720275
2020-12-17 00:00:00-05:00,599.75,610.0,598.5,608.75,43431,0.0,0.0,0.01712614870509599,0.016981149398771624,0.32957293437022006,0.31632680377277006
2020-12-18 00:00:00-05:00,611.5,614.75,604.5,608.25,42169,0.0,0.0,-0.000821355236139576,-0.0008216927331674982,0.25064980904792467,0.3137031494464663
2020-12-21 00:00:00-05:00,610.25,615.25,596.5,611.25,48422,0.0,0.0,0.004932182490752224,0.004920059125449853,0.12732411421757614,0.3139170726933213
2020-12-22 00:00:00-05:00,615.5,619.75,603.0,617.0,55034,0.0,0.0,0.009406952965235194,0.009362983116306052,0.12499828708730465,0.3139610427459867
2020-12-23 00:00:00-05:00,615.25,633.75,610.5,629.75,69513,0.0,0.0,0.020664505672609357,0.020453891327331716,0.13914155213874443,0.31378979654457106
2020-12-24 00:00:00-05:00,631.0,633.75,623.5,627.0,35656,0.0,0.0,-0.004366812227074246,-0.004376374599798888,0.15508958775429907,0.2787899820374367
2020-12-28 00:00:00-05:00,627.0,631.5,607.0,614.25,53532,0.0,0.0,-0.020334928229665095,-0.020544529231632223,0.2447959658827497,0.28785775502308275
2020-12-29 00:00:00-05:00,614.25,623.25,611.5,618.5,35420,0.0,0.0,0.00691900691900682,0.006895180431253996,0.24666362544536055,0.2672244886213135
2020-12-30 00:00:00-05:00,620.0,643.5,614.0,640.75,71654,0.0,0.0,0.03597413096200475,0.0353421734116378,0.34594543475623696,0.268473064789092
2020-12-31 00:00:00-05:00,640.0,644.5,632.5,640.5,44927,0.0,0.0,-0.0003901677721420693,-0.00039024390739160296,0.3283534207317847,0.26283722114993957
2021-01-04 00:00:00-05:00,643.0,650.25,634.0,642.0,66782,0.0,0.0,0.0023419203747072626,0.002339182353172241,0.32153317355903743,0.2562212981570916
2021-01-05 00:00:00-05:00,641.5,664.5,639.5,654.0,81173,0.0,0.0,0.01869158878504673,0.01851904776723753,0.23674398074694336,0.25349938496845614
2021-01-06 00:00:00-05:00,654.0,660.25,646.0,647.5,60850,0.0,0.0,-0.00993883792048933,-0.00998855788350592,0.2875162108382621,0.26072733712963453
2021-01-07 00:00:00-05:00,646.75,648.25,638.0,642.25,47486,0.0,0.0,-0.008108108108108136,-0.008141157583699885,0.18068125656418377,0.25630798409535543
2021-01-08 00:00:00-05:00,644.75,649.5,634.0,638.75,56138,0.0,0.0,-0.00544959128065392,-0.0054644944720787375,0.1857837580670699,0.2516390560961691
2021-01-11 00:00:00-05:00,639.0,651.5,628.75,634.75,58069,0.0,0.0,-0.006262230919765188,-0.0062819209331263955,0.18754682959109334,0.2456113194920483
2021-01-12 00:00:00-05:00,636.25,670.0,634.0,665.0,80416,0.0,0.0,0.04765655769988175,0.046555820071066234,0.39211294213693315,0.2760596694468673
2021-01-13 00:00:00-05:00,665.0,680.75,656.25,660.5,80724,0.0,0.0,-0.006766917293233088,-0.006789916693474136,0.3858197101648957,0.2582155655104737
2021-01-14 00:00:00-05:00,660.0,673.25,653.0,670.0,63304,0.0,0.0,0.014383043149129415,0.014280588422631703,0.37340662822650533,0.25957228263279436
2021-01-15 00:00:00-05:00,671.0,693.0,664.5,675.5,77447,0.0,0.0,0.008208955223880654,0.00817544501524186,0.35279294157922114,0.25805651407486946
2021-01-19 00:00:00-05:00,683.75,691.25,668.75,672.25,63501,0.0,0.0,-0.0048112509252405955,-0.00482286225127953,0.3483272539175286,0.25747792866349506
2021-01-20 00:00:00-05:00,675.25,676.0,656.5,667.75,66033,0.0,0.0,-0.00669393826701381,-0.006716443158903852,0.15559339942931535,0.2600986042090323
2021-01-21 00:00:00-05:00,666.5,674.75,657.75,660.75,50212,0.0,0.0,-0.010482965181579984,-0.010538298505671721,0.16875495144685887,0.26569244842237255
2021-01-22 00:00:00-05:00,658.5,659.0,633.0,634.5,76808,0.0,0.0,-0.039727582292849006,-0.0405382663299562,0.28072779181047364,0.3066039788844411
2021-01-25 00:00:00-05:00,633.0,651.5,624.25,648.5,64721,0.0,0.0,0.022064617809298692,0.021824716602056253,0.3485652463908265,0.30779809733119484
2021-01-26 00:00:00-05:00,646.75,667.75,641.25,665.25,68363,0.0,0.0,0.025828835774865055,0.025500906101299972,0.4252708172536784,0.3184532365375183
2021-01-27 00:00:00-05:00,663.25,672.75,652.5,658.25,54190,0.0,0.0,-0.010522360015031929,-0.010578111481379765,0.42889818205200386,0.3106628756476418
2021-01-28 00:00:00-05:00,655.0,664.5,643.5,647.0,65434,0.0,0.0,-0.017090770983668846,-0.017238503875518247,0.43902645851410865,0.31888904047578676
2021-01-29 00:00:00-05:00,646.25,664.75,643.0,663.0,60153,0.0,0.0,0.02472952086553315,0.024428695684961865,0.33328553181196197,0.30542175547896433
2021-02-01 00:00:00-05:00,663.5,671.0,646.0,651.0,55799,0.0,0.0,-0.018099547511312264,-0.018265347977293313,0.35535414495793677,0.31353141597186845
2021-02-02 00:00:00-05:00,655.0,656.75,640.5,644.75,46873,0.0,0.0,-0.00960061443932414,-0.009646997447115106,0.280293613441081,0.31571051127710964
2021-02-03 00:00:00-05:00,646.25,649.75,625.75,648.25,77131,0.0,0.0,0.0054284606436603156,0.00541377965731959,0.28728611882296096,0.3089568998125578
2021-02-04 00:00:00-05:00,647.25,650.5,633.0,637.5,66019,0.0,0.0,-0.01658310836868493,-0.016722147386192564,0.2857276403707564,0.3125955908665142
2021-02-05 00:00:00-05:00,634.75,647.5,632.25,641.25,78451,0.0,0.0,0.00588235294117645,0.005865119452398058,0.18468381257030425,0.31208010277039994
2021-02-08 00:00:00-05:00,643.0,657.5,642.5,655.75,102705,0.0,0.0,0.022612085769980528,0.022360222262003782,0.24212774855963515,0.32121891000504055
2021-02-09 00:00:00-05:00,657.75,660.5,639.75,649.5,124145,0.0,0.0,-0.009531071292413262,-0.00957678263632882,0.24192644085838436,0.3224747314287515
2021-02-10 00:00:00-05:00,649.5,650.5,626.75,635.5,98577,0.0,0.0,-0.021555042340261732,-0.02179074548114548,0.28649360454293443,0.28163963706408096
2021-02-11 00:00:00-05:00,636.5,644.75,632.0,633.5,79697,0.0,0.0,-0.0031471282454760274,-0.003152090868315022,0.26380921273780317,0.281139532727547
2021-02-12 00:00:00-05:00,632.5,643.0,632.0,636.75,64747,0.0,0.0,0.00513022888713488,0.005117114098372562,0.26259776145928504,0.2758857330024383
2021-02-16 00:00:00-05:00,648.0,660.25,640.5,657.5,50195,0.0,0.0,0.03258735767569698,0.03206765019235331,0.32252927427945643,0.3007663567120819
2021-02-17 00:00:00-05:00,660.0,661.25,638.5,644.0,35182,0.0,0.0,-0.020532319391635023,-0.020746037947566045,0.35256552631681565,0.30836537592518576
2021-02-18 00:00:00-05:00,644.0,665.75,641.5,662.5,56681,0.0,0.0,0.028726708074534146,0.028321831756023645,0.35311352261245205,0.32627346310797956
2021-02-19 00:00:00-05:00,665.0,669.0,649.0,650.75,51919,0.0,0.0,-0.017735849056603747,-0.01789501398570249,0.39613470261603273,0.33029786896789304
2021-02-22 00:00:00-05:00,653.75,665.25,651.0,664.0,26456,0.0,0.0,0.020361121782558556,0.020156605601759064,0.4094451915263742,0.30357088006653243
2021-02-23 00:00:00-05:00,666.5,667.75,656.5,665.75,24552,0.0,0.0,0.002635542168674787,0.002632075217607848,0.3502005215823531,0.29462081495985776
2021-02-24 00:00:00-05:00,665.5,683.5,665.0,680.25,23402,0.0,0.0,0.021779947427713164,0.02154615296931412,0.2984311871844259,0.2905038051915077
2021-02-25 00:00:00-05:00,677.25,680.5,658.75,671.75,13332,0.0,0.0,-0.012495406100698325,-0.012574130167755122,0.2888407505294549,0.2916485786957199
2021-02-26 00:00:00-05:00,665.0,665.75,653.0,655.0,1445,0.0,0.0,-0.024934871604019304,-0.02525101186034864,0.32367813473776913,0.29939079478852015
2021-03-01 00:00:00-05:00,661.0,661.0,643.0,643.75,389,0.0,0.0,-0.01717557251908397,-0.01732478365730602,0.2939897038628626,0.29179129974160445
2021-03-02 00:00:00-05:00,645.5,663.25,640.0,663.25,241,0.0,0.0,0.03029126213592237,0.02984154103990317,0.39395695185183904,0.305120704201476
2021-03-03 00:00:00-05:00,658.25,658.25,645.75,652.0,183,0.0,0.0,-0.016961929890689786,-0.01710743109119608,0.3493654902839449,0.3096325654987417
2021-03-04 00:00:00-05:00,653.0,658.0,648.75,649.75,576,0.0,0.0,-0.0034509202453987253,-0.0034568884050532643,0.34834904933397065,0.3094531344303137
2021-03-05 00:00:00-05:00,649.5,657.5,647.0,654.0,401,0.0,0.0,0.0065409772989610815,0.006519677935599003,0.31297819063803806,0.3035550607732223
2021-03-08 00:00:00-05:00,659.5,659.5,642.5,646.5,351,0.0,0.0,-0.011467889908256867,-0.011534153245286519,0.29555693728195714,0.3064300237769992
2021-03-09 00:00:00-05:00,654.75,656.5,650.75,656.5,13,0.0,0.0,0.015467904098994678,0.015349495530938798,0.20904956990220971,0.3006125617643079
2021-03-10 00:00:00-05:00,653.25,653.75,643.5,650.75,130,0.0,0.0,-0.008758568164508707,-0.008797149868176068,0.17776924489208354,0.3002923234186253
2021-03-11 00:00:00-05:00,650.0,650.0,636.25,636.25,32,0.0,0.0,-0.022281982328082983,-0.02253397600994226,0.23847529426029454,0.3010031560721693
2021-03-12 00:00:00-05:00,631.75,631.75,631.75,631.75,34909,0.0,0.0,-0.007072691552062915,-0.00709782159642894,0.21899462012331095,0.30190829408969433
2021-03-15 00:00:00-04:00,637.75,647.75,636.0,645.0,40093,0.0,0.0,0.020973486347447556,0.020756570527468873,0.28638052033998224,0.310569884334385
2021-03-16 00:00:00-04:00,645.5,648.0,631.75,647.0,51099,0.0,0.0,0.0031007751937983663,0.003095977705127992,0.2551435875991736,0.2873414524991439
2021-03-17 00:00:00-04:00,646.25,649.5,639.25,640.0,36147,0.0,0.0,-0.010819165378670781,-0.010878118147183017,0.2585677511750463,0.2804121496862041
2021-03-18 00:00:00-04:00,640.0,641.0,629.0,630.5,47127,0.0,0.0,-0.014843750000000044,-0.014955020948743337,0.22755324568128033,0.2629828058247233
2021-03-19 00:00:00-04:00,629.0,635.5,621.75,627.0,51669,0.0,0.0,-0.0055511498810467685,-0.005566614772053533,0.2255511583129096,0.25701213174126214
2021-03-22 00:00:00-04:00,627.5,630.75,621.25,627.25,36124,0.0,0.0,0.0003987240829346206,0.0003986446136109849,0.11888959156212162,0.24367345074786212
2021-03-23 00:00:00-04:00,628.0,644.5,621.0,634.75,68769,0.0,0.0,0.011956954962136335,0.011886035338256173,0.16653231246037822,0.24859316132816356
2021-03-24 00:00:00-04:00,635.0,638.75,624.0,624.75,45577,0.0,0.0,-0.01575423395037412,-0.01587965086972601,0.18259999351785752,0.23581610791479565
2021-03-25 00:00:00-04:00,624.75,625.5,609.0,612.5,60632,0.0,0.0,-0.019607843137254943,-0.019802627296179754,0.20134667037095777,0.24046342412684962
2021-03-26 00:00:00-04:00,611.0,619.0,608.25,613.25,45616,0.0,0.0,0.001224489795918382,0.0012237407197166485,0.20734322758220997,0.22861163996107345
2021-03-29 00:00:00-04:00,615.75,617.75,607.25,616.75,38587,0.0,0.0,0.00570729718711771,0.005691072270867291,0.21815620538921005,0.22443591272702587
2021-03-30 00:00:00-04:00,616.25,616.75,600.5,601.75,52667,0.0,0.0,-0.024321037697608405,-0.024621678746284723,0.2102560999415666,0.2027463254507616
2021-03-31 00:00:00-04:00,603.25,631.75,593.25,618.0,90267,0.0,0.0,0.02700457000415457,0.026646380794509462,0.32911665254809513,0.22638572950646416
2021-04-01 00:00:00-04:00,623.0,625.75,601.25,611.0,73406,0.0,0.0,-0.01132686084142398,-0.01139149828609548,0.30561460078578917,0.2285049549043017
2021-04-05 00:00:00-04:00,607.0,625.0,607.0,618.0,52004,0.0,0.0,0.011456628477905184,0.011391498286095559,0.3173278897495711,0.23186062005730304
2021-04-06 00:00:00-04:00,622.0,627.5,613.75,615.5,58043,0.0,0.0,-0.004045307443365731,-0.004053511833182606,0.3171300713106912,0.22963506137505063
2021-04-07 00:00:00-04:00,615.0,619.75,609.75,616.25,73524,0.0,0.0,0.0012185215272135785,0.0012177797323915935,0.23658833194753656,0.22034976078926186
2021-04-08 00:00:00-04:00,618.0,631.5,616.0,628.75,87000,0.0,0.0,0.020283975659229236,0.020080996057049126,0.19874555359633858,0.23408767187067966
2021-04-09 00:00:00-04:00,628.75,646.5,627.25,638.75,113072,0.0,0.0,0.015904572564612307,0.01577942010396521,0.16106194430758866,0.22855165617050452
2021-04-12 00:00:00-04:00,638.0,639.0,623.0,628.0,101809,0.0,0.0,-0.016829745596868895,-0.016972975049715525,0.23954511727770736,0.23524906228953057
2021-04-13 00:00:00-04:00,630.25,637.25,628.25,629.75,78362,0.0,0.0,0.002786624203821697,0.002782748764520938,0.23109689146879472,0.22203185576696596
2021-04-14 00:00:00-04:00,630.75,655.75,630.75,648.0,117768,0.0,0.0,0.028979753870583602,0.028567781119555158,0.28313532349221754,0.24621592128569322
2021-04-15 00:00:00-04:00,647.25,657.75,639.0,653.75,61426,0.0,0.0,0.008873456790123413,0.008834319026857919,0.26882279630136946,0.24445257846588206
2021-04-16 00:00:00-04:00,652.5,659.75,648.25,652.5,36533,0.0,0.0,-0.0019120458891013214,-0.0019138761822841644,0.2653134476606508,0.2374214830292933
2021-04-19 00:00:00-04:00,653.0,660.75,651.0,652.25,28587,0.0,0.0,-0.0003831417624521327,-0.00038321518001068757,0.20018093801495443,0.23599716731622503
2021-04-20 00:00:00-04:00,651.5,679.0,650.25,659.75,43162,0.0,0.0,0.011498658489842883,0.011433051366595668,0.19631189136457305,0.23822642404675173
2021-04-21 00:00:00-04:00,662.75,678.75,658.75,673.25,30045,0.0,0.0,0.020462296324365248,0.020255756308274798,0.14558129266084915,0.24447152690626192
2021-04-22 00:00:00-04:00,673.75,713.25,672.0,710.25,45267,0.0,0.0,0.054957296695135494,0.05350028904258899,0.36742021771632133,0.29576298773416027
2021-04-23 00:00:00-04:00,709.75,714.75,701.0,710.25,29087,0.0,0.0,0.0,0.0,0.36144679927104334,0.28051822733375154
2021-04-26 00:00:00-04:00,712.75,745.25,712.75,739.5,34378,0.0,0.0,0.04118268215417098,0.04035726141655709,0.35365544915374914,0.3034387136534729
2021-04-27 00:00:00-04:00,737.0,773.0,726.75,733.75,16104,0.0,0.0,-0.007775524002704537,-0.007805911008548292,0.4220074346074824,0.3094330499574289
2021-04-28 00:00:00-04:00,734.25,743.75,713.5,725.25,12763,0.0,0.0,-0.011584327086882507,-0.01165194814079286,0.4848834304402093,0.29422538798359604
2021-04-29 00:00:00-04:00,722.25,738.75,712.75,737.5,9415,0.0,0.0,0.016890727335401534,0.01674966521246144,0.34380474162614066,0.28839441893130363
2021-04-30 00:00:00-04:00,741.0,745.5,728.5,742.5,406,0.0,0.0,0.006779661016949046,0.006756782462879687,0.3374969081827562,0.2784311358981812
2021-05-03 00:00:00-04:00,753.25,753.25,725.5,725.5,407,0.0,0.0,-0.022895622895622858,-0.023161798352612107,0.24860771080609856,0.3016758900404878
2021-05-04 00:00:00-04:00,731.25,737.5,730.0,737.0,300,0.0,0.0,0.015851137146795313,0.015726819865094065,0.27903051367922865,0.29920412290359616
2021-05-05 00:00:00-04:00,737.75,755.75,737.5,755.75,495,0.0,0.0,0.025440976933514214,0.0251227414702308,0.2969898762832918,0.30294921883904397
2021-05-06 00:00:00-04:00,761.0,764.25,745.0,764.25,16,0.0,0.0,0.011247105524313517,0.011184327111376374,0.2894478131133885,0.3007390931907673
2021-05-07 00:00:00-04:00,771.0,773.5,760.5,773.5,25,0.0,0.0,0.012103369316323276,0.012030709242177008,0.29132409025247663,0.3000467345123675
2021-05-10 00:00:00-04:00,768.5,769.0,742.5,742.5,227,0.0,0.0,-0.040077569489334164,-0.040902799336266095,0.4091355553573411,0.3365260632292311
2021-05-11 00:00:00-04:00,742.75,765.0,742.75,759.75,55,0.0,0.0,0.02323232323232327,0.02296656112004781,0.4246299292881233,0.3396358471627873
2021-05-12 00:00:00-04:00,763.0,763.0,746.5,754.75,77,0.0,0.0,-0.006581112207963091,-0.006602863209954215,0.3938550849097337,0.336223659237711
2021-05-13 00:00:00-04:00,750.0,756.5,726.5,726.5,59,0.0,0.0,-0.037429612454455086,-0.038148085576610556,0.4532837551422194,0.37258881197273164
2021-05-14 00:00:00-04:00,730.25,730.25,727.25,727.25,79497,0.0,0.0,0.0010323468685478066,0.0010318143649733938,0.4256271946757343,0.37195270480340803
2021-05-17 00:00:00-04:00,704.0,707.5,692.0,699.75,53086,0.0,0.0,-0.03781368167755239,-0.03854716897974808,0.4164104143685418,0.4025413062837039
2021-05-18 00:00:00-04:00,702.5,718.5,692.5,698.0,61420,0.0,0.0,-0.0025008931761343334,-0.002504025633190425,0.3067867715007249,0.4020692406524372
2021-05-19 00:00:00-04:00,698.0,699.0,671.5,679.25,77673,0.0,0.0,-0.02686246418338112,-0.027229854455915383,0.29849090918769755,0.4100195146112104
2021-05-20 00:00:00-04:00,682.25,688.0,672.25,675.25,55313,0.0,0.0,-0.005888847994111157,-0.005906255633732172,0.2698315043983233,0.35677499533619184
2021-05-21 00:00:00-04:00,675.5,677.5,665.75,674.25,57455,0.0,0.0,-0.0014809329877822908,-0.0014820306528855968,0.26122454000684825,0.3566880533926622
2021-05-24 00:00:00-04:00,667.0,668.75,653.25,662.25,57246,0.0,0.0,-0.017797552836484987,-0.017957833867660263,0.1751152811321675,0.3208415203553069
2021-05-25 00:00:00-04:00,663.25,667.5,646.75,656.5,64769,0.0,0.0,-0.008682521706304236,-0.008720434409328178,0.16138324673671572,0.32095026558960826
2021-05-26 00:00:00-04:00,657.0,657.75,639.5,648.5,59945,0.0,0.0,-0.012185833968012205,-0.012260689986352324,0.09838621550231812,0.3211122720736504
2021-05-27 00:00:00-04:00,648.25,679.5,648.0,676.25,65470,0.0,0.0,0.0427910562837317,0.041900826404192716,0.38661050562185845,0.35618401409579875
2021-05-28 00:00:00-04:00,676.0,679.75,661.25,663.5,56121,0.0,0.0,-0.018853974121996298,-0.01903397638842907,0.41119210344214446,0.3574326050009296
2021-06-01 00:00:00-04:00,673.25,702.0,672.0,693.5,75697,0.0,0.0,0.045214770158251705,0.04422238598262409,0.5012766297138347,0.39311782817971047
2021-06-02 00:00:00-04:00,692.0,701.5,681.5,687.5,65956,0.0,0.0,-0.008651766402307137,-0.00868941021415992,0.5012057856828698,0.3879799884271856
2021-06-03 00:00:00-04:00,689.5,699.25,669.25,676.25,60414,0.0,0.0,-0.016363636363636358,-0.016498999380035077,0.5134083541152249,0.37523603777670594
2021-06-04 00:00:00-04:00,678.5,690.25,676.25,687.75,55839,0.0,0.0,0.01700554528650655,0.016862569643992725,0.43214733250341886,0.37913589602923725
2021-06-07 00:00:00-04:00,694.25,704.0,678.5,680.0,103023,0.0,0.0,-0.011268629589240242,-0.011332601634531505,0.4100288527036932,0.3742053357982081
2021-06-08 00:00:00-04:00,682.5,699.25,680.25,685.0,91988,0.0,0.0,0.007352941176470562,0.007326040092072881,0.222301817532667,0.35454099851312915
2021-06-09 00:00:00-04:00,685.0,686.0,673.5,682.25,91316,0.0,0.0,-0.004014598540145964,-0.004022678673777416,0.2164263465270342,0.3398900808415523
2021-06-10 00:00:00-04:00,684.0,689.25,672.75,683.75,103902,0.0,0.0,0.0021986075485525003,0.002196194147743026,0.17129895851416896,0.3408269092813048
2021-06-11 00:00:00-04:00,682.25,688.0,669.5,680.75,80622,0.0,0.0,-0.004387568555758725,-0.004397222182322024,0.11246547019354113,0.3181841405577845
2021-06-14 00:00:00-04:00,680.5,680.75,657.0,674.5,67693,0.0,0.0,-0.009181050312155659,-0.009223455906058355,0.10215881723369517,0.3185080170146374
2021-06-15 00:00:00-04:00,674.5,676.25,649.0,661.5,68469,0.0,0.0,-0.01927353595255743,-0.019461692092800176,0.12692785694305736,0.29822244699637074
2021-06-16 00:00:00-04:00,662.0,672.75,658.75,662.75,61563,0.0,0.0,0.0018896447467875443,0.0018878616141244863,0.14155461670454444,0.2986568210693189
2021-06-17 00:00:00-04:00,663.75,667.0,637.25,639.0,68262,0.0,0.0,-0.03583553376084492,-0.03649339079160007,0.23420135868927772,0.309883484189388
2021-06-18 00:00:00-04:00,639.0,668.5,639.0,662.75,53571,0.0,0.0,0.03716744913928016,0.036493390791600154,0.4345670277805661,0.34049828481069344
2021-06-21 00:00:00-04:00,657.0,673.5,646.5,661.5,38192,0.0,0.0,-0.0018860807242550015,-0.0018878616141245492,0.4332786346979907,0.3405133639502005
2021-06-22 00:00:00-04:00,666.25,672.75,650.75,651.0,35940,0.0,0.0,-0.015873015873015928,-0.01600034134644119,0.4261364799278768,0.33930092857429744
2021-06-23 00:00:00-04:00,653.25,668.25,653.25,661.25,40594,0.0,0.0,0.015745007680491474,0.015622340963939819,0.4468136005811724,0.34268569220382994
2021-06-24 00:00:00-04:00,660.25,660.75,642.0,651.25,29170,0.0,0.0,-0.015122873345935761,-0.015238390104932498,0.3579069385558587,0.34429159917581376
2021-06-25 00:00:00-04:00,650.5,656.75,634.5,637.0,38795,0.0,0.0,-0.021880998080614167,-0.02212393749541329,0.23896464752520696,0.3139578610494921
2021-06-28 00:00:00-04:00,638.0,655.0,637.0,646.0,29182,0.0,0.0,0.014128728414442682,0.014029848210438485,0.2863060297275466,0.31341924959403045
2021-06-29 00:00:00-04:00,651.0,657.75,638.25,639.75,13015,0.0,0.0,-0.009674922600619196,-0.00972202874270366,0.2740511771946764,0.26207467530951684
2021-06-30 00:00:00-04:00,640.5,673.0,627.5,671.5,1833,0.0,0.0,0.04962876123485738,0.048436540923394084,0.4631836230366914,0.322689899054394
2021-07-01 00:00:00-04:00,667.75,683.0,658.5,658.5,558,0.0,0.0,-0.0193596425912137,-0.01954949477995653,0.4747002013223416,0.32475263084442135
2021-07-02 00:00:00-04:00,661.0,662.0,643.75,645.75,401,0.0,0.0,-0.019362186788154934,-0.019552089207385895,0.46679817177418637,0.323468346660359
2021-07-06 00:00:00-04:00,634.75,634.75,611.0,620.0,93,0.0,0.0,-0.0398761130468448,-0.04069295393681268,0.5381984450949778,0.3482178954199345
2021-07-07 00:00:00-04:00,626.0,626.0,613.75,614.75,173,0.0,0.0,-0.00846774193548383,-0.008503796942835252,0.5379916375870288,0.3456662448440354
2021-07-08 00:00:00-04:00,615.0,618.0,611.75,612.25,101,0.0,0.0,-0.004066693777958541,-0.004074985264024847,0.21982224594525213,0.3456639810196662
2021-07-09 00:00:00-04:00,608.0,612.25,606.5,608.5,104,0.0,0.0,-0.0061249489587587025,-0.006143783404695283,0.2350746724321947,0.34457017550720676
2021-07-12 00:00:00-04:00,610.75,635.0,604.5,635.0,30,0.0,0.0,0.04354971240755967,0.04262808646510988,0.4740822003933285,0.38628104821005427
2021-07-13 00:00:00-04:00,636.5,639.5,626.0,628.75,56,0.0,0.0,-0.009842519685039353,-0.009891277478742667,0.3614651053827429,0.38642413946922005
2021-07-14 00:00:00-04:00,645.0,645.0,645.0,645.0,60001,0.0,0.0,0.025844930417495027,0.025516595381823524,0.3746665236450821,0.3946746272643674
2021-07-15 00:00:00-04:00,653.75,673.5,651.25,672.0,56836,0.0,0.0,0.041860465116279055,0.04100802372737704,0.40745874100251983,0.42300317781140717
2021-07-16 00:00:00-04:00,671.75,696.25,670.75,692.5,75887,0.0,0.0,0.030505952380952328,0.03004989753834397,0.34266739214473396,0.41172220041656676
2021-07-19 00:00:00-04:00,702.75,709.5,694.25,697.75,74215,0.0,0.0,0.007581227436823212,0.007552634354938094,0.3237718315753608,0.393426927414676
2021-07-20 00:00:00-04:00,698.75,718.0,698.25,700.5,64013,0.0,0.0,0.003941239699032595,0.003933493360630132,0.2529455318062012,0.3930370846031244
2021-07-21 00:00:00-04:00,701.0,712.0,700.0,710.75,52745,0.0,0.0,0.014632405424696682,0.014526384754047507,0.25457910450086946,0.3883357746164634
2021-07-22 00:00:00-04:00,708.25,709.0,681.75,692.25,63077,0.0,0.0,-0.026028842771720018,-0.026373588480037936,0.3279887874427081,0.40066614638491127
2021-07-23 00:00:00-04:00,688.0,696.75,677.5,684.0,42541,0.0,0.0,-0.011917659804983716,-0.011989244428520734,0.2607044710199478,0.39894427231928964
2021-07-26 00:00:00-04:00,684.0,684.0,665.5,677.0,43684,0.0,0.0,-0.010233918128654929,-0.010286644710275426,0.24829688889546475,0.39147775320719636
2021-07-27 00:00:00-04:00,680.25,690.0,671.75,674.5,50027,0.0,0.0,-0.0036927621861152504,-0.0036995972644644575,0.2347378984616181,0.39006984119877347
2021-07-28 00:00:00-04:00,675.0,696.25,673.75,688.75,49232,0.0,0.0,0.021126760563380254,0.020906684819313643,0.27440090853379157,0.39269089508543775
2021-07-29 00:00:00-04:00,689.75,706.75,689.0,705.25,45524,0.0,0.0,0.023956442831216007,0.023673989414981462,0.27571243825192193,0.36252903884799087
2021-07-30 00:00:00-04:00,705.0,711.5,695.0,703.75,53644,0.0,0.0,-0.002126905352711761,-0.0021291704282054872,0.2477899222303923,0.35367296745152466
2021-08-02 00:00:00-04:00,704.0,731.75,704.0,729.5,62786,0.0,0.0,0.03658969804618106,0.03593618850894009,0.2779710603812298,0.3612545929166849
2021-08-03 00:00:00-04:00,727.5,734.75,717.75,724.5,73891,0.0,0.0,-0.006854009595613442,-0.006877606202103276,0.2920363022069008,0.3220923094732326
2021-08-04 00:00:00-04:00,724.25,738.75,714.5,717.25,75455,0.0,0.0,-0.01000690131124915,-0.010057306899262913,0.3290791161784998,0.32318126398441926
2021-08-05 00:00:00-04:00,714.75,725.5,709.75,712.75,62604,0.0,0.0,-0.006273963053328724,-0.006293727068692834,0.3078328140836542,0.32436122822502905
2021-08-06 00:00:00-04:00,712.75,724.75,709.25,719.0,85120,0.0,0.0,0.008768853034023083,0.008730629928265248,0.307756574251905,0.3201470920320616
2021-08-09 00:00:00-04:00,719.0,723.75,708.25,711.25,84297,0.0,0.0,-0.010778859527120987,-0.010837372280505998,0.1262751314687963,0.2987846422380985
2021-08-10 00:00:00-04:00,711.0,730.0,708.5,727.0,85502,0.0,0.0,0.02214411247803172,0.021902492092978773,0.22728413684388019,0.2980717823907294
2021-08-11 00:00:00-04:00,726.75,732.25,718.75,727.0,98740,0.0,0.0,0.0,0.0,0.20764381392246584,0.29095252816378003
2021-08-12 00:00:00-04:00,724.0,762.0,723.0,753.5,109432,0.0,0.0,0.03645116918844571,0.03580254053303082,0.29397293185315426,0.28266481009376276
2021-08-13 00:00:00-04:00,753.0,774.75,747.5,762.25,87099,0.0,0.0,0.011612475116124843,0.011545567801814103,0.29311195285407704,0.26843965989805424
2021-08-16 00:00:00-04:00,762.5,770.25,757.75,760.5,62047,0.0,0.0,-0.0022958346999015777,-0.0022984741690165876,0.255570216402077,0.2694406064724121
2021-08-17 00:00:00-04:00,762.5,763.75,732.25,734.5,63610,0.0,0.0,-0.03418803418803418,-0.03478611608541554,0.40556273445809365,0.30237708473748254
2021-08-18 00:00:00-04:00,734.25,740.5,721.75,737.25,33614,0.0,0.0,0.0037440435670523797,0.003737052081453593,0.4050865107720484,0.2990556835648778
2021-08-19 00:00:00-04:00,737.0,737.0,716.0,727.5,37059,0.0,0.0,-0.01322482197355035,-0.013313048649738039,0.2819503813965238,0.28632191502890114
2021-08-20 00:00:00-04:00,727.5,732.75,709.25,714.25,37208,0.0,0.0,-0.018213058419244033,-0.01838095793476517,0.23424532569768727,0.29139430288101686
2021-08-23 00:00:00-04:00,712.75,730.75,710.25,719.75,21092,0.0,0.0,0.007700385019250966,0.007670888381402803,0.2705218525405732,0.28807728266401733
2021-08-24 00:00:00-04:00,722.75,723.25,710.75,718.0,28503,0.0,0.0,-0.0024313997915943464,-0.0024343604440611134,0.17484711409666312,0.287710282699833
2021-08-25 00:00:00-04:00,718.0,719.75,704.25,711.25,21990,0.0,0.0,-0.009401114206128103,-0.009445583607683475,0.16015853896396315,0.28296940021995753
2021-08-26 00:00:00-04:00,712.5,727.0,709.25,725.25,17849,0.0,0.0,0.019683655536028022,0.019492437560972627,0.2342947253965376,0.27890103104289415
2021-08-27 00:00:00-04:00,725.75,731.25,717.75,718.5,24916,0.0,0.0,-0.009307135470527417,-0.009350717482433794,0.19761358093877532,0.28130899697343903
2021-08-30 00:00:00-04:00,720.5,728.5,707.5,708.75,18316,0.0,0.0,-0.013569937369519836,-0.013662850477117794,0.21109950122566443,0.2524475433950446
2021-08-31 00:00:00-04:00,706.5,707.5,690.25,706.75,1667,0.0,0.0,-0.002821869488536133,-0.0028258584682620803,0.21105083252328208,0.25168020426164983
2021-09-01 00:00:00-04:00,708.25,710.25,699.25,701.0,546,0.0,0.0,-0.008135833038556806,-0.008169109539109666,0.20884424272670285,0.2508903692765728
2021-09-02 00:00:00-04:00,694.0,708.0,694.0,704.0,369,0.0,0.0,0.004279600570613384,0.0042704691234522855,0.10898459729799403,0.2507596945635377
2021-09-03 00:00:00-04:00,702.0,715.0,701.0,714.5,433,0.0,0.0,0.014914772727272707,0.014804641211879677,0.17630258147161965,0.25469061683295885
2021-09-07 00:00:00-04:00,718.5,718.5,704.25,708.75,169,0.0,0.0,-0.008047585724282769,-0.008080142327960324,0.1546597175371845,0.25336588453962267
2021-09-08 00:00:00-04:00,704.5,704.5,698.25,698.25,58,0.0,0.0,-0.014814814814814836,-0.014925650216675706,0.18838790153524893,0.24421593658607177
2021-09-09 00:00:00-04:00,700.0,700.0,681.5,681.5,113,0.0,0.0,-0.023988542785535305,-0.024280953688698877,0.24431801239378087,0.2562830362221311
2021-09-10 00:00:00-04:00,682.5,683.75,673.25,675.0,72,0.0,0.0,-0.009537784299339713,-0.009583560264057503,0.22854530503100445,0.2099460431735157
2021-09-13 00:00:00-04:00,671.5,674.5,671.5,674.5,8,0.0,0.0,-0.0007407407407407085,-0.0007410152247192192,0.1371228912443392,0.20105891081926186
2021-09-14 00:00:00-04:00,677.25,685.0,677.25,685.0,55986,0.0,0.0,0.015567086730911894,0.015447162614414825,0.23866371374129772,0.21496441357807147
2021-09-15 00:00:00-04:00,700.0,714.75,695.25,712.25,51075,0.0,0.0,0.0397810218978103,0.03901013511579246,0.3890833496655809,0.2410964668266975
2021-09-16 00:00:00-04:00,711.25,716.75,705.0,713.0,40246,0.0,0.0,0.0010530010530009903,0.0010524470362781994,0.3065909759411744,0.24051931117088224
2021-09-17 00:00:00-04:00,713.75,716.0,706.5,708.75,33375,0.0,0.0,-0.005960729312762925,-0.005978565372334061,0.29357549982489234,0.23720717677402242
2021-09-20 00:00:00-04:00,708.0,710.75,695.75,700.75,37449,0.0,0.0,-0.011287477954144642,-0.011351664997064187,0.3255551762341786,0.23183190714757063
2021-09-21 00:00:00-04:00,700.25,701.0,686.0,690.25,43195,0.0,0.0,-0.014983945772386709,-0.01509733923463383,0.3510650343943834,0.23469708144611098
2021-09-22 00:00:00-04:00,689.5,706.75,688.0,705.75,37475,0.0,0.0,0.022455632017384985,0.022207216323334878,0.2351357515555926,0.2501872457030086
2021-09-23 00:00:00-04:00,708.5,719.5,704.0,717.75,46804,0.0,0.0,0.01700318809776835,0.016860251867574647,0.2715393565439422,0.25556621929253753
2021-09-24 00:00:00-04:00,718.5,725.75,711.5,723.75,47318,0.0,0.0,0.008359456635318674,0.008324709886031633,0.2659059136247442,0.24736708296359486
2021-09-27 00:00:00-04:00,723.5,728.5,720.25,722.25,32063,0.0,0.0,-0.002072538860103612,-0.0020746895408603554,0.23848784217698388,0.2450750050358016
2021-09-28 00:00:00-04:00,722.0,726.75,706.0,706.5,54403,0.0,0.0,-0.02180685358255452,-0.0220481372217625,0.27819645607199,0.2529090794294033
2021-09-29 00:00:00-04:00,709.25,717.75,708.25,710.25,38927,0.0,0.0,0.005307855626327074,0.005293818609715295,0.23246436351242628,0.25336868416221825
2021-09-30 00:00:00-04:00,711.25,732.75,701.25,725.5,71326,0.0,0.0,0.02147131291798665,0.021244051589945245,0.25269296486441223,0.2618445962055134
2021-10-01 00:00:00-04:00,725.0,758.5,722.75,755.25,85696,0.0,0.0,0.04100620261888355,0.04018774794253885,0.3777487956970334,0.2965254279021253
2021-10-04 00:00:00-04:00,752.25,763.5,748.5,756.5,54746,0.0,0.0,0.0016550810989739428,0.0016537129616293355,0.3718826225079072,0.2935854555504557
2021-10-05 00:00:00-04:00,756.25,757.0,743.75,744.75,49150,0.0,0.0,-0.01553205551883674,-0.015653941635018938,0.339864673367166,0.2984890819987088
2021-10-06 00:00:00-04:00,744.75,756.75,742.25,746.0,44642,0.0,0.0,0.0016784155756965902,0.0016770086103692337,0.34449258103346847,0.29134818751133496
2021-10-07 00:00:00-04:00,746.0,752.5,739.5,741.25,42606,0.0,0.0,-0.006367292225201049,-0.006387649891825619,0.3430637163277019,0.2756096298110749
2021-10-08 00:00:00-04:00,739.25,746.5,731.75,734.0,47836,0.0,0.0,-0.009780775716694778,-0.009828921697419633,0.11834252765787547,0.2757733558239792
2021-10-11 00:00:00-04:00,734.0,739.5,731.0,731.75,32210,0.0,0.0,-0.003065395095367851,-0.0030701030425203542,0.10378632525600359,0.27646401907655743
2021-10-12 00:00:00-04:00,731.75,743.75,718.0,734.0,57859,0.0,0.0,0.003074820635462938,0.0030701030425203577,0.08550695753967093,0.27320301322822715
2021-10-13 00:00:00-04:00,736.0,737.75,712.75,718.75,57903,0.0,0.0,-0.020776566757493176,-0.02099543650295537,0.14068798733182866,0.2504513730686233
2021-10-14 00:00:00-04:00,718.75,729.5,718.5,724.75,39585,0.0,0.0,0.0083478260869565,0.008313175690204658,0.1805263563572402,0.25197133265935734
2021-10-15 00:00:00-04:00,725.0,740.5,722.25,734.0,40534,0.0,0.0,0.012763021731631685,0.012682260812750793,0.2074455931766027,0.253931643924162
2021-10-18 00:00:00-04:00,734.0,738.75,728.5,736.25,31460,0.0,0.0,0.003065395095367851,0.0030607063512808844,0.20617221405886024,0.2491316135006411
2021-10-19 00:00:00-04:00,736.0,745.25,735.25,736.0,37740,0.0,0.0,-0.0003395585738540374,-0.00033961623692027143,0.2057396442395102,0.24071118531898664
2021-10-20 00:00:00-04:00,737.0,750.0,736.5,749.25,35078,0.0,0.0,0.018002717391304435,0.017842587467896437,0.11667590422207626,0.23649884151829062
2021-10-21 00:00:00-04:00,749.75,752.5,738.25,741.25,33633,0.0,0.0,-0.010677344010677325,-0.010734755884837363,0.17861684641903494,0.23532354421278665
2021-10-22 00:00:00-04:00,743.75,759.5,743.5,756.0,52332,0.0,0.0,0.019898819561551484,0.01970342586759784,0.2045560808890019,0.24308143514854388
2021-10-25 00:00:00-04:00,759.75,767.0,753.25,759.5,42579,0.0,0.0,0.004629629629629539,0.004618945856294458,0.20344554189309302,0.24264893053601935
2021-10-26 00:00:00-04:00,763.0,765.0,747.5,752.25,53537,0.0,0.0,-0.009545753785385136,-0.009591606525672957,0.2310124670880492,0.22983811759972386
2021-10-27 00:00:00-04:00,750.5,762.75,745.0,759.75,49839,0.0,0.0,0.009970089730807485,0.009920716286747759,0.20715603649285538,0.23098717228777405
2021-10-28 00:00:00-04:00,760.0,780.0,751.5,772.5,57331,0.0,0.0,0.016781836130306038,0.016642576974998092,0.18464906844470874,0.22670109510024813
2021-10-29 00:00:00-04:00,773.25,780.0,763.5,772.75,48726,0.0,0.0,0.0003236245954691963,0.0003235722403251037,0.1578464783109064,0.17745696419180587
2021-11-01 00:00:00-04:00,774.5,800.5,768.25,797.25,73027,0.0,0.0,0.031704949854415965,0.03121272487794123,0.2500739714021908,0.207911545995392
2021-11-02 00:00:00-04:00,798.5,807.0,789.75,791.5,65894,0.0,0.0,-0.007212292254625274,-0.007238426569100162,0.23897626109970446,0.20018480644248596
2021-11-03 00:00:00-04:00,790.5,796.75,777.5,781.0,53180,0.0,0.0,-0.013265950726468745,-0.013354729481380887,0.2921080768583151,0.20847289351828066
2021-11-04 00:00:00-04:00,782.0,794.25,772.25,773.75,51270,0.0,0.0,-0.009282970550576142,-0.009326325840880065,0.28820611069569696,0.21034337006174444
2021-11-05 00:00:00-04:00,774.75,781.5,765.5,766.5,83637,0.0,0.0,-0.009369951534733412,-0.009414125686937011,0.29657581482963324,0.21003704881278867
2021-11-08 00:00:00-05:00,768.25,773.0,762.5,768.0,75813,0.0,0.0,0.001956947162426559,0.001955034835803295,0.09029556585324412,0.2091053904921562
2021-11-09 00:00:00-05:00,769.25,783.25,764.5,778.5,81300,0.0,0.0,0.013671875,0.013579258126380854,0.17527348166340279,0.21284008876598137
2021-11-10 00:00:00-05:00,783.0,803.75,778.0,803.0,85821,0.0,0.0,0.031470777135516936,0.030985722672708573,0.2741843310824885,0.21609895424396933
2021-11-11 00:00:00-05:00,803.0,824.75,798.25,812.5,107495,0.0,0.0,0.011830635118306398,0.011761200257130924,0.24044446014562595,0.2170284041415369
2021-11-12 00:00:00-05:00,814.25,826.75,805.5,817.0,63147,0.0,0.0,0.005538461538461492,0.005523180656110287,0.1810938979593529,0.2154720014543693
2021-11-15 00:00:00-05:00,819.75,829.5,813.25,826.25,57377,0.0,0.0,0.011321909424724552,0.011258296305893109,0.15591649551048606,0.21624800099998673
2021-11-16 00:00:00-05:00,827.5,827.5,810.0,810.25,58357,0.0,0.0,-0.019364599092284385,-0.019554549144239246,0.28961076229641214,0.2333618447649198
2021-11-17 00:00:00-05:00,812.0,835.0,810.5,822.25,63821,0.0,0.0,0.01481024375192841,0.014701643047509583,0.22119740464621776,0.23125352736466187
2021-11-18 00:00:00-05:00,824.25,843.25,819.25,820.0,63590,0.0,0.0,-0.002736394040741885,-0.002740144810867573,0.21626118993555896,0.22587838026221294
2021-11-19 00:00:00-05:00,821.0,830.75,813.5,823.0,42696,0.0,0.0,0.003658536585365857,0.0036518604187710177,0.21468226686682584,0.21907390800232415
2021-11-22 00:00:00-05:00,827.5,848.5,826.0,845.75,40429,0.0,0.0,0.027642770352369395,0.02726760698374806,0.2821942304637512,0.23418028361590768
2021-11-23 00:00:00-05:00,846.5,856.5,838.25,856.0,29297,0.0,0.0,0.01211942063257454,0.012046568480924148,0.183638889259723,0.22827740624675572
2021-11-24 00:00:00-05:00,856.5,863.25,833.5,836.75,46267,0.0,0.0,-0.022488317757009324,-0.02274503605030609,0.2939337020666182,0.24993021587583558
2021-11-26 00:00:00-05:00,821.25,830.5,810.0,825.5,29473,0.0,0.0,-0.013444876008365747,-0.013536076731253338,0.3174568680386804,0.25395830351026955
2021-11-29 00:00:00-05:00,837.75,840.5,805.0,807.5,20037,0.0,0.0,-0.021804966686856497,-0.022046208263371142,0.35570249910374563,0.2692517210571765
2021-11-30 00:00:00-05:00,808.25,808.25,770.5,773.75,2662,0.0,0.0,-0.04179566563467496,-0.04269423109800579,0.31020836236325966,0.2886327280936119
2021-12-01 00:00:00-05:00,784.0,785.5,774.75,778.5,484,0.0,0.0,0.006138933764135768,0.006120167275247227,0.27518228042561094,0.2889189489753459
2021-12-02 00:00:00-05:00,779.5,809.25,779.5,806.5,192,0.0,0.0,0.03596660244059091,0.03533490629121056,0.4689178612893209,0.3123529511946848
2021-12-03 00:00:00-05:00,809.5,814.75,794.5,794.5,102,0.0,0.0,-0.014879107253564783,-0.014990911588492879,0.4702706430690479,0.3155993904205111
2021-12-06 00:00:00-05:00,799.75,799.75,784.5,797.0,66,0.0,0.0,0.003146633102580232,0.0031416928134443615,0.4548091261548268,0.3129918302975485
2021-12-07 00:00:00-05:00,811.0,812.0,796.0,799.25,74,0.0,0.0,0.0028230865746550204,0.002819109149735854,0.29164900278646316,0.31300028554518877
2021-12-08 00:00:00-05:00,799.25,800.0,787.75,791.25,42,0.0,0.0,-0.010009383797309979,-0.010059814481564887,0.314991749557676,0.3127573710408067
2021-12-09 00:00:00-05:00,793.5,793.5,773.5,773.5,64,0.0,0.0,-0.02243285939968409,-0.02268830344526518,0.17760453419253272,0.3014211520972688
2021-12-10 00:00:00-05:00,769.25,783.25,769.0,782.0,30,0.0,0.0,0.01098901098901095,0.01092907053219023,0.20911351787675925,0.30093455729948293
2021-12-13 00:00:00-05:00,779.25,791.0,779.25,785.5,69,0.0,0.0,0.004475703324808178,0.004465717150364761,0.21180891877987293,0.3006171162365938
2021-12-14 00:00:00-05:00,785.5,785.5,785.5,785.5,34152,0.0,0.0,0.0,0.0,0.2079748244472894,0.2967270767104339
2021-12-15 00:00:00-05:00,787.0,787.0,751.0,756.0,77464,0.0,0.0,-0.03755569700827499,-0.03827908151614286,0.3231914267441083,0.3168947831616553
2021-12-16 00:00:00-05:00,757.5,773.0,751.25,770.5,50771,0.0,0.0,0.019179894179894186,0.018998278580637448,0.3475569438003919,0.32055957798418405
2021-12-17 00:00:00-05:00,770.0,780.25,765.25,775.0,38053,0.0,0.0,0.005840363400389403,0.0058233745931766,0.3385635283012584,0.3221129197612073
2021-12-20 00:00:00-05:00,777.5,778.75,757.75,777.75,38677,0.0,0.0,0.003548387096774297,0.0035421064243995096,0.337575636134297,0.3220846729902921
2021-12-21 00:00:00-05:00,778.5,799.75,772.5,799.0,46149,0.0,0.0,0.02732240437158473,0.026955809988528295,0.397201977813663,0.32168710468547257
2021-12-22 00:00:00-05:00,796.75,817.0,792.0,814.0,48743,0.0,0.0,0.018773466833541974,0.018599420236265676,0.15846068761292484,0.3265672279622077
2021-12-23 00:00:00-05:00,812.5,820.5,808.25,814.75,36615,0.0,0.0,0.0009213759213759776,0.0009209517151306816,0.17927994660268906,0.31783822459380107
2021-12-27 00:00:00-05:00,817.5,824.0,802.5,804.0,30210,0.0,0.0,-0.013194231359312636,-0.013282048538704516,0.2518950047432826,0.31771074314268777
2021-12-28 00:00:00-05:00,805.75,808.0,781.75,783.5,41877,0.0,0.0,-0.025497512437810954,-0.02582820738289086,0.3469001191390204,0.3211499425986219
2021-12-29 00:00:00-05:00,785.25,793.0,774.0,787.75,40941,0.0,0.0,0.005424377791959145,0.005409718841308456,0.27150561017748276,0.2837658346439519
2021-12-30 00:00:00-05:00,789.5,791.75,776.0,779.75,29563,0.0,0.0,-0.010155506188511576,-0.010207425149471339,0.19382874190801988,0.2857769431910721
2021-12-31 00:00:00-05:00,782.5,787.75,769.5,770.75,25055,0.0,0.0,-0.011542160949022162,-0.011609288721652941,0.1749367107509431,0.25510146635245623
2022-01-03 00:00:00-05:00,774.0,782.25,752.75,758.0,42116,0.0,0.0,-0.01654232890042162,-0.016680681123888035,0.17915477619123296,0.2562686170674013
2022-01-04 00:00:00-05:00,758.0,771.5,756.25,770.0,43220,0.0,0.0,0.0158311345646438,0.015707129205357877,0.21479895517873426,0.2636438093586779
2022-01-05 00:00:00-05:00,771.0,771.5,756.0,760.75,40236,0.0,0.0,-0.01201298701298703,-0.012085726070649094,0.20513899643483874,0.26560246431989853
2022-01-06 00:00:00-05:00,761.75,762.0,736.0,746.0,64426,0.0,0.0,-0.019388761091028606,-0.019579188573319622,0.22401867495612915,0.27122555892993283
2022-01-07 00:00:00-05:00,748.0,760.75,735.5,758.5,58463,0.0,0.0,0.016756032171581836,0.016617198584826152,0.283761774277776,0.26926890228779227
2022-01-10 00:00:00-05:00,760.75,767.5,748.0,762.0,46681,0.0,0.0,0.004614370468029039,0.004603756898059369,0.2591717306488722,0.26649069791929153
2022-01-11 00:00:00-05:00,761.75,770.5,758.25,770.25,43837,0.0,0.0,0.010826771653543288,0.01076858179013101,0.24327202746302337,0.2692117941243376
2022-01-12 00:00:00-05:00,768.0,770.0,753.5,757.75,51640,0.0,0.0,-0.016228497241155493,-0.016361621538864793,0.2579576753262808,0.2746464703907551
2022-01-13 00:00:00-05:00,757.0,757.75,741.0,746.75,49455,0.0,0.0,-0.014516661167931377,-0.014623058841693355,0.23718341174009447,0.24531145713202557
2022-01-14 00:00:00-05:00,746.0,747.25,737.0,741.5,44592,0.0,0.0,-0.007030465349849302,-0.007055295518232348,0.1882101165051387,0.23483946836792638
2022-01-18 00:00:00-05:00,742.25,771.5,741.25,769.0,70559,0.0,0.0,0.03708698583951442,0.03641580792765711,0.35457696859565285,0.2716519036482188
2022-01-19 00:00:00-05:00,772.0,797.25,769.5,796.5,68427,0.0,0.0,0.03576072821846554,0.035136159844459246,0.42977052207490063,0.30019118094594127
2022-01-20 00:00:00-05:00,794.0,802.75,783.75,790.25,58576,0.0,0.0,-0.007846829880728157,-0.007877778254376078,0.40459462121823087,0.2854455754662174
2022-01-21 00:00:00-05:00,788.0,791.0,778.0,780.0,47700,0.0,0.0,-0.01297057893071818,-0.01305543141208974,0.3991194439564957,0.2793431366048656
2022-01-24 00:00:00-05:00,794.0,802.5,775.75,800.5,58617,0.0,0.0,0.02628205128205119,0.025942612753131866,0.3846305169622321,0.29680263588695677
2022-01-25 00:00:00-05:00,801.0,831.5,800.5,818.0,76139,0.0,0.0,0.021861336664584563,0.02162580416597761,0.3442715679217095,0.3032713765583453
2022-01-26 00:00:00-05:00,817.25,817.5,787.0,795.0,73390,0.0,0.0,-0.028117359413202925,-0.028520221948415147,0.371352681897656,0.30643747016263867
2022-01-27 00:00:00-05:00,794.25,795.5,774.0,777.0,60147,0.0,0.0,-0.02264150943396226,-0.022901764286684455,0.4040630587827166,0.3169604865046247
2022-01-28 00:00:00-05:00,777.25,793.5,774.75,786.25,49080,0.0,0.0,0.011904761904761862,0.011834457647002798,0.4044382017387665,0.3177182214398467
2022-01-31 00:00:00-05:00,793.0,798.5,756.75,761.25,71473,0.0,0.0,-0.031796502384737635,-0.032312988990543454,0.39349925496959465,0.335618590829486
2022-02-01 00:00:00-05:00,762.5,776.75,760.5,769.0,52159,0.0,0.0,0.010180623973727432,0.010129150481537204,0.33938476844920457,0.3319653488701049
2022-02-02 00:00:00-05:00,770.0,778.5,749.25,755.0,67578,0.0,0.0,-0.01820546163849157,-0.018373220256619294,0.31642067267217444,0.33367978298505835
2022-02-03 00:00:00-05:00,754.0,756.5,740.0,751.75,52592,0.0,0.0,-0.004304635761589459,-0.00431392738038631,0.29684835450650915,0.3313499818251585
2022-02-04 00:00:00-05:00,754.75,767.25,748.25,763.25,50585,0.0,0.0,0.015297638842700412,0.015181809746348822,0.3107142999341845,0.3278268356477871
2022-02-07 00:00:00-05:00,776.0,776.5,760.0,768.75,81449,0.0,0.0,0.00720602685882743,0.007180187505740446,0.21280954088969023,0.3235980947126164
2022-02-08 00:00:00-05:00,771.25,782.0,754.0,778.75,99517,0.0,0.0,0.01300813008130075,0.012924250980935212,0.22043797925007177,0.32624773006788926
2022-02-09 00:00:00-05:00,779.5,788.25,770.5,785.0,100108,0.0,0.0,0.008025682182985605,0.007993647680745584,0.12044094558692688,0.32531165684606095
2022-02-10 00:00:00-05:00,785.5,801.75,765.75,771.5,95102,0.0,0.0,-0.01719745222929936,-0.0173470459791929,0.2064541499584445,0.32601552539476586
2022-02-11 00:00:00-05:00,770.25,806.25,764.75,797.75,101599,0.0,0.0,0.034024627349319436,0.03345859335513729,0.28976633724982503,0.3403931200809826
2022-02-14 00:00:00-05:00,801.5,813.5,780.75,799.25,69676,0.0,0.0,0.0018802883108743895,0.0018785227815979943,0.29429046410491944,0.3381902086865444
2022-02-15 00:00:00-05:00,801.25,801.75,773.0,779.75,55714,0.0,0.0,-0.024397873005943094,-0.02470043245203821,0.36507400938218054,0.3286273640349615
2022-02-16 00:00:00-05:00,779.75,786.75,773.25,780.5,33006,0.0,0.0,0.0009618467457519486,0.0009613844675742181,0.35925808876860205,0.30178216633490956
2022-02-17 00:00:00-05:00,780.0,799.25,775.5,798.0,47683,0.0,0.0,0.022421524663677195,0.022173857494322075,0.3564391485334327,0.3114357624910858
2022-02-18 00:00:00-05:00,797.5,812.25,790.0,797.0,43499,0.0,0.0,-0.0012531328320801727,-0.0012539186595936988,0.2637249749727608,0.307379345141616
2022-02-22 00:00:00-05:00,815.0,846.25,803.0,844.25,47217,0.0,0.0,0.0592848180677541,0.057593980475462055,0.49979333654046576,0.3607127836124571
2022-02-23 00:00:00-05:00,841.0,880.0,834.0,876.0,28032,0.0,0.0,0.037607343796268955,0.036917431670714436,0.4047965156673329,0.3757054157133567
2022-02-24 00:00:00-05:00,882.75,926.0,877.25,926.0,26655,0.0,0.0,0.057077625570776336,0.05550814370978802,0.40132030946916536,0.40089382116895894
2022-02-25 00:00:00-05:00,923.25,951.25,841.5,843.0,8868,0.0,0.0,-0.08963282937365014,-0.09390727664432395,0.9858362696018659,0.5211834771559501
2022-02-28 00:00:00-05:00,920.25,930.5,885.5,928.0,1092,0.0,0.0,0.10083036773428233,0.09606477478434512,1.1483430530898664,0.6232896877159754
2022-03-01 00:00:00-05:00,951.0,1004.5,951.0,1001.75,507,0.0,0.0,0.07947198275862077,0.07647201673005344,1.1857501193717248,0.6510941477532066
2022-03-02 00:00:00-05:00,1009.25,1132.0,997.5,1058.5,458,0.0,0.0,0.05665086099326189,0.055104341058666,1.193971682074264,0.6675834640265225
2022-03-03 00:00:00-05:00,1124.25,1289.0,1119.0,1289.0,374,0.0,0.0,0.21776098252243736,0.1970139123642675,1.7477986030259618,0.9629456712374316
2022-03-04 00:00:00-05:00,1340.0,1348.0,1201.5,1348.0,147,0.0,0.0,0.04577191621411947,0.04475528853306495,1.0972237653371997,0.9565412853335106
2022-03-07 00:00:00-05:00,1311.25,1425.25,1311.25,1425.25,79,0.0,0.0,0.05730712166172114,0.05572522443943897,1.138134802614306,0.9588754709064801
2022-03-08 00:00:00-05:00,1319.25,1319.25,1273.0,1273.0,29,0.0,0.0,-0.10682336432204875,-0.11297091735428472,1.8232788012848118,1.0781128027078808
2022-03-09 00:00:00-05:00,1199.5,1199.5,1199.5,1199.5,5,0.0,0.0,-0.05773762765121759,-0.05947151627765725,1.9868400153579844,1.119306226879397
2022-03-10 00:00:00-05:00,1073.75,1073.75,1073.75,1073.75,6,0.0,0.0,-0.10483534806169237,-0.11074760898128413,1.269519055755845,1.2089121668601972
2022-03-11 00:00:00-05:00,1035.75,1090.0,1030.75,1090.0,10,0.0,0.0,0.015133876600698537,0.015020501924724306,1.163563908092454,1.201690386443
2022-03-14 00:00:00-04:00,1090.0,1090.0,1090.0,1090.0,38656,0.0,0.0,0.0,0.0,0.9061851675813557,1.2025208982844404
2022-03-15 00:00:00-04:00,1106.0,1160.75,1088.25,1154.25,30964,0.0,0.0,0.05894495412844036,0.05727308616390891,1.0183649276071582,1.2091815563409676
2022-03-16 00:00:00-04:00,1157.25,1159.5,1069.25,1069.25,37914,0.0,0.0,-0.07364089235434268,-0.07649331428008033,1.0630353625399922,1.245901535602325
2022-03-17 00:00:00-04:00,1051.0,1108.25,1031.75,1098.0,31158,0.0,0.0,0.026888005611409804,0.026532874962457872,0.7817347471276026,1.2443858616368064
2022-03-18 00:00:00-04:00,1095.0,1106.0,1055.75,1063.75,19393,0.0,0.0,-0.03119307832422591,-0.0316899421818921,0.8141492481896097,1.257520832736831
2022-03-21 00:00:00-04:00,1075.0,1148.75,1061.75,1119.25,37035,0.0,0.0,0.05217391304347818,0.050858417233490945,0.9083038610794836,1.2613153626047366
2022-03-22 00:00:00-04:00,1119.25,1169.25,1102.25,1118.25,29006,0.0,0.0,-0.0008934554389099514,-0.0008938548081173903,0.7817151372146093,1.254559200358866
2022-03-23 00:00:00-04:00,1119.25,1139.0,1101.0,1105.75,24464,0.0,0.0,-0.011178180192264686,-0.011241125564521337,0.5197266470839426,1.2559040419073633
2022-03-24 00:00:00-04:00,1105.75,1115.0,1080.5,1085.75,22420,0.0,0.0,-0.018087271082975365,-0.018252845333504894,0.5101609246757441,1.2505181724330503
2022-03-25 00:00:00-04:00,1089.5,1109.0,1064.75,1102.25,27912,0.0,0.0,0.015196868524061768,0.015082552823115812,0.44399104527581684,1.1928350671006802
2022-03-28 00:00:00-04:00,1092.75,1096.0,1047.0,1057.0,26162,0.0,0.0,-0.0410523928328419,-0.04191883836780936,0.33124318696084293,1.1651439519126299
2022-03-29 00:00:00-04:00,1047.0,1068.25,972.0,1014.25,45986,0.0,0.0,-0.04044465468306524,-0.04128528378368098,0.3703864087631832,1.146541917388341
2022-03-30 00:00:00-04:00,1015.0,1041.75,1002.25,1027.25,26336,0.0,0.0,0.012817352723687447,0.012735905676962513,0.43611523260690893,1.12977089340637
2022-03-31 00:00:00-04:00,1030.25,1075.0,1003.5,1006.0,36848,0.0,0.0,-0.02068629836943292,-0.020903257103834588,0.4379184855679489,0.7877247183105572
2022-04-01 00:00:00-04:00,1007.25,1032.75,982.5,984.5,33853,0.0,0.0,-0.02137176938369778,-0.02160345258050425,0.3475627916093292,0.758940851002991
2022-04-04 00:00:00-04:00,989.5,1014.5,984.75,1010.25,26349,0.0,0.0,0.026155408836973093,0.025819205879402837,0.43400625821964617,0.7272571116328591
2022-04-05 00:00:00-04:00,1020.5,1074.0,1020.0,1045.25,26923,0.0,0.0,0.03464488987874281,0.03405826627809127,0.4150305258371288,0.6635980665824173
2022-04-06 00:00:00-04:00,1049.5,1056.25,1023.5,1038.25,27905,0.0,0.0,-0.006696962449174837,-0.006719487725811472,0.41886453115345956,0.6380782952548085
2022-04-07 00:00:00-04:00,1040.25,1044.5,1017.75,1020.0,50501,0.0,0.0,-0.017577654707440438,-0.01773397623254619,0.40851970147783334,0.5246452655057852
2022-04-08 00:00:00-04:00,1020.0,1054.25,1017.0,1051.5,47599,0.0,0.0,0.03088235294117636,0.0304150888644376,0.37926024562652577,0.5343719816060907
2022-04-11 00:00:00-04:00,1056.0,1091.75,1055.0,1081.25,55247,0.0,0.0,0.02829291488349983,0.027900063103334673,0.3840338389423936,0.5445935828182558
2022-04-12 00:00:00-04:00,1077.75,1117.5,1075.0,1103.75,50433,0.0,0.0,0.020809248554913395,0.020595693672080792,0.3478236769583477,0.5054093347199505
2022-04-13 00:00:00-04:00,1102.5,1124.25,1078.0,1113.5,53460,0.0,0.0,0.008833522083805168,0.008794734779252505,0.3134160358605969,0.42879041078057395
2022-04-14 00:00:00-04:00,1113.0,1127.5,1094.25,1096.5,20653,0.0,0.0,-0.01526717557251911,-0.015384918839479456,0.29871984166131915,0.4228970364418645
2022-04-18 00:00:00-04:00,1099.25,1134.75,1098.25,1120.5,13169,0.0,0.0,0.02188782489740082,0.021651725383038802,0.27383001807191193,0.41236528563488783
2022-04-19 00:00:00-04:00,1123.25,1135.0,1096.0,1099.0,18099,0.0,0.0,-0.019187862561356517,-0.019374338837360304,0.3107795875811037,0.3754708720801158
2022-04-20 00:00:00-04:00,1094.75,1109.75,1066.75,1088.0,15110,0.0,0.0,-0.010009099181073733,-0.010059526987733455,0.27732473556788906,0.37694186327268364
2022-04-21 00:00:00-04:00,1094.25,1094.25,1052.5,1068.0,11174,0.0,0.0,-0.018382352941176516,-0.018553407895747834,0.27298939720008314,0.38034810295468535
2022-04-22 00:00:00-04:00,1070.0,1076.0,1052.5,1065.5,15258,0.0,0.0,-0.002340823970037431,-0.002343567981468297,0.26724643805201126,0.37529271974465417
2022-04-25 00:00:00-04:00,1065.75,1080.0,1045.75,1062.0,12075,0.0,0.0,-0.003284842796808962,-0.003290249736787639,0.1270909457756655,0.3706309817298679
2022-04-26 00:00:00-04:00,1069.75,1096.0,1066.75,1083.25,9543,0.0,0.0,0.020009416195856833,0.019811858818134607,0.22666332057660157,0.3470481593875963
2022-04-27 00:00:00-04:00,1081.25,1087.0,1067.75,1080.0,7092,0.0,0.0,-0.0030002307869836375,-0.003004740501753435,0.21791512527051146,0.31063186676105453
2022-04-28 00:00:00-04:00,1082.5,1094.0,1070.0,1074.0,6965,0.0,0.0,-0.005555555555555536,-0.00557104504945536,0.16832199214098062,0.31003208381925407
2022-04-29 00:00:00-04:00,1071.25,1085.0,1043.75,1043.75,577,0.0,0.0,-0.028165735567970196,-0.028569998903744752,0.2708413402926905,0.31844413142047984
2022-05-02 00:00:00-04:00,1037.5,1050.25,1029.25,1043.5,341,0.0,0.0,-0.00023952095808388307,-0.000239549647809849,0.2722069426887494,0.30645267576799207
2022-05-03 00:00:00-04:00,1045.0,1056.0,1033.75,1033.75,177,0.0,0.0,-0.00934355534259701,-0.00938748017935435,0.17600499989853954,0.29676949593913027
2022-05-04 00:00:00-04:00,1042.25,1069.75,1042.25,1066.0,288,0.0,0.0,0.031197097944377195,0.030720358387888707,0.3418989042357737,0.2918453264105757
2022-05-05 00:00:00-04:00,1084.5,1096.0,1084.5,1096.0,184,0.0,0.0,0.02814258911819878,0.0277538627821709,0.40102374570283567,0.30532284303059
2022-05-06 00:00:00-04:00,1098.5,1098.5,1097.0,1097.0,68,0.0,0.0,0.0009124087591241281,0.0009119927672694428,0.29054970646433825,0.29579276300019003
2022-05-09 00:00:00-04:00,1084.0,1086.0,1081.5,1083.25,92,0.0,0.0,-0.012534184138559668,-0.012613399655211415,0.3287964963322265,0.28295769271844107
2022-05-10 00:00:00-04:00,1096.75,1098.5,1083.25,1083.25,42,0.0,0.0,0.0,0.0,0.3040913829129654,0.2648528863655151
2022-05-11 00:00:00-04:00,1109.25,1115.0,1100.0,1108.75,53,0.0,0.0,0.023540272328640643,0.023267473003770436,0.27301267839391063,0.26782886680914075
2022-05-12 00:00:00-04:00,1107.75,1174.5,1103.25,1174.5,157,0.0,0.0,0.059301014656144346,0.057609270475178276,0.44999744788874746,0.3393625277428898
2022-05-13 00:00:00-04:00,1167.25,1167.25,1167.25,1167.25,35248,0.0,0.0,-0.006172839506172867,-0.006191970247921107,0.4657567983384203,0.33441031827142453
2022-05-16 00:00:00-04:00,1234.25,1247.5,1222.25,1247.5,53773,0.0,0.0,0.06875133861640603,0.06649099377462728,0.5386947310133076,0.40318849283009717
2022-05-17 00:00:00-04:00,1268.0,1284.0,1200.75,1277.5,73671,0.0,0.0,0.024048096192384794,0.023763494452185792,0.4808458642949084,0.39697843090982854
2022-05-18 00:00:00-04:00,1278.5,1280.0,1211.5,1230.75,57090,0.0,0.0,-0.03659491193737774,-0.03728130343954958,0.7013690825769908,0.42318769091144703
2022-05-19 00:00:00-04:00,1222.0,1247.75,1193.5,1200.5,54778,0.0,0.0,-0.024578509039203777,-0.0248856029770021,0.6714785152793918,0.4285599406737514
2022-05-20 00:00:00-04:00,1208.0,1208.0,1168.0,1168.75,40065,0.0,0.0,-0.026447313619325286,-0.026803335058411162,0.7073712050230001,0.443227008476999
2022-05-23 00:00:00-04:00,1181.75,1196.75,1174.75,1190.0,38143,0.0,0.0,0.018181818181818077,0.018018505502678212,0.4447395176172501,0.4444538875866796
2022-05-24 00:00:00-04:00,1196.0,1208.75,1138.0,1154.75,52749,0.0,0.0,-0.029621848739495804,-0.030069436794860308,0.3448987072675765,0.45850631871837844
2022-05-25 00:00:00-04:00,1154.5,1158.5,1114.5,1148.25,51657,0.0,0.0,-0.00562892400952586,-0.0056448261048119295,0.31906388425112414,0.459102075461866
2022-05-26 00:00:00-04:00,1133.0,1160.25,1115.0,1143.25,38507,0.0,0.0,-0.004354452427607236,-0.004363960667738267,0.3073898417943742,0.45880896138711313
2022-05-27 00:00:00-04:00,1143.25,1170.25,1133.5,1157.5,25544,0.0,0.0,0.012464465340039421,0.01238742342222463,0.29677145630680374,0.4440229440746911
2022-05-31 00:00:00-04:00,1157.0,1157.25,1087.5,1087.5,68159,0.0,0.0,-0.06047516198704106,-0.06238102299755,0.44937743819761106,0.5021213724921835
2022-06-01 00:00:00-04:00,1091.0,1098.0,1027.25,1041.25,81448,0.0,0.0,-0.042528735632183956,-0.04345956948178676,0.479595424486244,0.5257965472040332
2022-06-02 00:00:00-04:00,1043.25,1075.0,1037.25,1058.25,58137,0.0,0.0,0.01632653061224487,0.016194685919980606,0.542542079009592,0.517000400906318
2022-06-03 00:00:00-04:00,1061.5,1069.25,1036.25,1040.0,40835,0.0,0.0,-0.0172454523978266,-0.017395887265614727,0.5331765236167183,0.5094386602773924
2022-06-06 00:00:00-04:00,1060.0,1108.75,1060.0,1093.0,60711,0.0,0.0,0.0509615384615385,0.04970549604112025,0.7128519630064613,0.5432610655067679
2022-06-07 00:00:00-04:00,1093.0,1101.0,1058.5,1071.75,84918,0.0,0.0,-0.019441903019213225,-0.019633382698452134,0.5788900564196088,0.5459837571517417
2022-06-08 00:00:00-04:00,1073.0,1089.0,1061.75,1074.75,68009,0.0,0.0,0.002799160251924393,0.002795249898304414,0.45759850209907127,0.5460725108913448
2022-06-09 00:00:00-04:00,1076.25,1082.0,1044.25,1071.25,70950,0.0,0.0,-0.003256571295650157,-0.003261885464401383,0.45268320829269887,0.5390980156013697
2022-06-10 00:00:00-04:00,1074.5,1081.25,1053.0,1070.75,62709,0.0,0.0,-0.0004667444574095736,-0.00046685341650919116,0.42048779587614354,0.48964824983631855
2022-06-13 00:00:00-04:00,1073.0,1093.5,1053.5,1071.0,62605,0.0,0.0,0.0002334812047630752,0.0002334539522684674,0.14101450916875635,0.48982767758063217
2022-06-14 00:00:00-04:00,1071.0,1072.75,1046.5,1050.25,34011,0.0,0.0,-0.019374416433240005,-0.01956456039825737,0.14054977596305804,0.4099789104352074
2022-06-15 00:00:00-04:00,1055.0,1058.75,1036.5,1050.0,32823,0.0,0.0,-0.0002380385622471337,-0.00023806689792243686,0.13271106105606176,0.3933284426497685
2022-06-16 00:00:00-04:00,1050.25,1084.75,1047.0,1078.25,38169,0.0,0.0,0.026904761904761987,0.02654919237638354,0.2620011939245357,0.3997673721135217
2022-06-17 00:00:00-04:00,1078.25,1083.75,1030.25,1034.25,42369,0.0,0.0,-0.040806862972408986,-0.04166283018643162,0.4002626976310344,0.41352797311570505
2022-06-21 00:00:00-04:00,1032.0,1033.25,973.5,975.25,54693,0.0,0.0,-0.05704616872129564,-0.05873795695475501,0.5252103985025793,0.4455398647495704
2022-06-22 00:00:00-04:00,977.25,1007.25,960.0,976.5,35050,0.0,0.0,0.0012817226352217492,0.0012809019299677442,0.5422777486110167,0.43598684577369456
2022-06-23 00:00:00-04:00,973.25,974.5,934.5,937.25,32876,0.0,0.0,-0.04019457245263702,-0.04102469470071227,0.5525768313007537,0.44400798496116195
2022-06-24 00:00:00-04:00,936.25,962.5,921.75,923.75,28752,0.0,0.0,-0.014403841024273167,-0.014508583353609904,0.37006041206318957,0.44395364228871
2022-06-27 00:00:00-04:00,922.0,940.0,900.5,904.0,26815,0.0,0.0,-0.021380243572395097,-0.021612111870235002,0.3606735908323622,0.44496908362887505
2022-06-28 00:00:00-04:00,908.0,935.0,907.25,921.25,23635,0.0,0.0,0.019081858407079544,0.01890208311136976,0.35738290378404053,0.4502440932461531
2022-06-29 00:00:00-04:00,922.0,940.0,913.75,915.5,12305,0.0,0.0,-0.006241519674355489,-0.006261079388980951,0.3446974519988357,0.4105502933181779
2022-06-30 00:00:00-04:00,914.25,917.75,868.75,868.75,2286,0.0,0.0,-0.05106499180775537,-0.05241496723556356,0.4031495341507537,0.4209883470417926
2022-07-01 00:00:00-04:00,876.0,878.0,831.25,831.25,419,0.0,0.0,-0.043165467625899234,-0.04412480490893794,0.45031100180194317,0.42704289577646115
2022-07-05 00:00:00-04:00,829.0,829.0,793.75,793.75,76,0.0,0.0,-0.045112781954887216,-0.04616204176316249,0.48336058875421306,0.4430400948353367
2022-07-06 00:00:00-04:00,791.0,813.0,779.0,792.25,384,0.0,0.0,-0.0018897637795275424,-0.0018915516358712597,0.3721916036261525,0.37648824743123427
2022-07-07 00:00:00-04:00,816.0,825.25,816.0,824.5,187,0.0,0.0,0.0407068475859893,0.0399001434286235,0.622230645727936,0.4258414870463856
2022-07-08 00:00:00-04:00,843.5,879.25,841.75,879.25,110,0.0,0.0,0.06640388114008489,0.06429212935443823,0.7901895531082557,0.5083643752839954
2022-07-11 00:00:00-04:00,888.0,888.0,843.75,843.75,102,0.0,0.0,-0.0403753198748934,-0.04121302916735228,0.7800162988265382,0.5192742632035068
2022-07-12 00:00:00-04:00,835.0,839.25,801.5,801.5,70,0.0,0.0,-0.05007407407407405,-0.05137127013713191,0.8002087943917273,0.5350905684362951
2022-07-13 00:00:00-04:00,810.0,819.25,798.25,798.25,30,0.0,0.0,-0.004054897067997554,-0.004063140454716296,0.8011815507334136,0.533809852604127
2022-07-14 00:00:00-04:00,794.25,794.25,794.25,794.25,53660,0.0,0.0,-0.005010961478233655,-0.005023558445265886,0.726132253595493,0.5343450502424154
2022-07-15 00:00:00-04:00,798.0,804.75,765.75,776.75,44621,0.0,0.0,-0.022033364809568745,-0.022279724876468714,0.32820205885253123,0.5328589406586358
2022-07-18 00:00:00-04:00,787.25,825.0,778.5,812.75,42326,0.0,0.0,0.0463469584808498,0.045305010910858035,0.5578652932174786,0.5567906292272339
2022-07-19 00:00:00-04:00,808.5,822.25,792.5,812.25,45981,0.0,0.0,-0.0006151953245154829,-0.0006153846348049874,0.40725290165341815,0.5488215534863385
2022-07-20 00:00:00-04:00,810.25,843.5,801.0,819.5,38891,0.0,0.0,0.008925823330255378,0.008886223634674607,0.4036442724108424,0.5255827942620003
2022-07-21 00:00:00-04:00,819.5,834.0,795.5,806.25,43046,0.0,0.0,-0.016168395363026278,-0.016300530073902173,0.4289655588422858,0.5250821297847543
2022-07-22 00:00:00-04:00,803.25,807.25,754.0,759.0,66188,0.0,0.0,-0.05860465116279068,-0.060392090714352295,0.6067242901963452,0.5433303577282831
2022-07-25 00:00:00-04:00,787.0,793.5,760.5,770.0,47491,0.0,0.0,0.01449275362318847,0.01438873745209967,0.4659270571024333,0.549822462647598
2022-07-26 00:00:00-04:00,773.0,806.0,772.25,803.75,43798,0.0,0.0,0.043831168831168776,0.042897760704099556,0.6094386554620878,0.5775739891544069
2022-07-27 00:00:00-04:00,802.5,818.75,782.0,790.25,41494,0.0,0.0,-0.01679626749611196,-0.01693892445610202,0.6090619005569355,0.5715522167883256
2022-07-28 00:00:00-04:00,786.25,824.25,786.25,817.0,37417,0.0,0.0,0.03385004745333764,0.03328974376427586,0.6611017692424186,0.5897097339633112
2022-07-29 00:00:00-04:00,817.0,845.75,801.0,807.75,47268,0.0,0.0,-0.011321909424724552,-0.011386490155395196,0.42497367267089,0.5649048818712294
2022-08-01 00:00:00-04:00,812.75,820.25,781.25,800.25,41076,0.0,0.0,-0.00928505106778088,-0.009328425854635206,0.45172990985555445,0.5454476511081869
2022-08-02 00:00:00-04:00,795.0,795.75,772.75,774.75,47230,0.0,0.0,-0.03186504217432051,-0.03238378218211481,0.3893972557849213,0.533237147583325
2022-08-03 00:00:00-04:00,774.0,790.25,752.0,763.75,51385,0.0,0.0,-0.014198128428525303,-0.014299886182052511,0.3857341848809878,0.5353939739923699
2022-08-04 00:00:00-04:00,768.0,789.5,758.25,782.5,46769,0.0,0.0,0.02454991816693952,0.02425341192850328,0.3252571595340102,0.5214745838755481
2022-08-05 00:00:00-04:00,782.0,796.75,769.75,775.75,51597,0.0,0.0,-0.008626198083067083,-0.00866361908581869,0.32430569094341,0.45445132410594
2022-08-08 00:00:00-04:00,776.5,793.75,760.75,779.75,64408,0.0,0.0,0.005156300354495658,0.005143052159423068,0.3363591905653925,0.43697849094445507
2022-08-09 00:00:00-04:00,785.75,801.25,772.75,781.5,59015,0.0,0.0,0.0022443090734209914,0.002241794373618682,0.237277893691329,0.4011322788669526
2022-08-10 00:00:00-04:00,781.5,808.5,780.25,799.75,68225,0.0,0.0,0.023352527191298877,0.023084028968096176,0.22705664199177455,0.41002577532215384
2022-08-11 00:00:00-04:00,800.0,820.75,794.5,810.75,63667,0.0,0.0,0.013754298218193295,0.013660566357800073,0.19165867765796354,0.41213955695065735
2022-08-12 00:00:00-04:00,811.25,811.25,782.25,806.0,40652,0.0,0.0,-0.005858772741288876,-0.005876002680799004,0.17778864206544648,0.4038847896707975
2022-08-15 00:00:00-04:00,802.0,804.5,778.0,800.75,29781,0.0,0.0,-0.006513647642679921,-0.006534954017360786,0.20556427157799675,0.3692818407808735
2022-08-16 00:00:00-04:00,799.0,810.5,782.5,786.0,25480,0.0,0.0,-0.018420231033406176,-0.018591996060060973,0.2682985817846058,0.3747333777227684
2022-08-17 00:00:00-04:00,785.25,797.0,759.5,763.25,29954,0.0,0.0,-0.028944020356234113,-0.029371160814219335,0.2535103530351837,0.3848991515149116
2022-08-18 00:00:00-04:00,764.75,766.5,725.75,731.5,38267,0.0,0.0,-0.041598427775958124,-0.04248841115480828,0.24211652989079588,0.4061987108675703
2022-08-19 00:00:00-04:00,733.0,756.75,727.25,753.25,18896,0.0,0.0,0.0297334244702665,0.029299957550231542,0.4325307260491734,0.369640709451351
2022-08-22 00:00:00-04:00,754.0,774.0,744.5,770.5,22523,0.0,0.0,0.022900763358778553,0.022642476749759752,0.5052521979275129,0.37521306250718445
2022-08-23 00:00:00-04:00,770.0,802.5,767.25,782.75,26881,0.0,0.0,0.015898767034393302,0.015773705446344686,0.5161455428815727,0.34403404112150476
2022-08-24 00:00:00-04:00,782.25,799.75,775.0,795.0,23598,0.0,0.0,0.0156499520919835,0.015528754447816928,0.45415763687625754,0.34367742780224064
2022-08-25 00:00:00-04:00,794.75,803.5,766.5,769.75,18247,0.0,0.0,-0.031761006289308225,-0.032276327849722196,0.3860283816352304,0.3381591980293008
2022-08-26 00:00:00-04:00,764.5,792.25,764.0,784.75,28064,0.0,0.0,0.019486846378694356,0.019299408917453156,0.35980228621819477,0.3454159682832533
2022-08-29 00:00:00-04:00,785.75,827.0,774.75,820.0,23866,0.0,0.0,0.04491876393755967,0.043939144536235805,0.44048035828753224,0.38043586321745415
2022-08-30 00:00:00-04:00,818.5,824.0,794.0,798.25,12216,0.0,0.0,-0.026524390243902407,-0.026882508663407367,0.5180461654319539,0.37465326157820084
2022-08-31 00:00:00-04:00,794.75,812.25,788.75,809.0,1705,0.0,0.0,0.013466958972752963,0.013377085463600356,0.5152717589564758,0.37188386492615944
2022-09-01 00:00:00-04:00,802.75,806.0,773.0,775.5,1046,0.0,0.0,-0.04140914709517929,-0.042290934441898236,0.5599728649839287,0.39453903293103004
2022-09-02 00:00:00-04:00,793.75,795.25,790.0,793.0,440,0.0,0.0,0.022566086395873652,0.022315239018254492,0.5664246109843214,0.4011369172718189
2022-09-06 00:00:00-04:00,795.5,800.75,794.25,800.0,386,0.0,0.0,0.008827238335435084,0.008788506033079338,0.44052067594859085,0.4018033260076914
2022-09-07 00:00:00-04:00,802.25,855.0,802.25,826.5,389,0.0,0.0,0.03312500000000007,0.03258818959315164,0.45685276155284227,0.4171314931287974
2022-09-08 00:00:00-04:00,815.0,816.5,805.5,810.5,306,0.0,0.0,-0.019358741681790637,-0.01954857608534803,0.48741972667198413,0.4172236603037022
2022-09-09 00:00:00-04:00,810.0,853.25,810.0,853.25,40,0.0,0.0,0.052745219000616794,0.05140124661108553,0.4292112150979523,0.45434124152918504
2022-09-12 00:00:00-04:00,852.5,852.5,837.0,841.25,54,0.0,0.0,-0.01406387342513915,-0.014163706827878838,0.4879233453245568,0.45737372708218477
2022-09-13 00:00:00-04:00,850.0,850.0,839.0,842.75,31,0.0,0.0,0.0017830609212481363,0.0017814731552325404,0.49357106760448183,0.45614288826285443
2022-09-14 00:00:00-04:00,853.75,853.75,853.75,853.75,45623,0.0,0.0,0.013052506674577247,0.012968056770829682,0.45560132411934795,0.4502277909062091
2022-09-15 00:00:00-04:00,874.0,884.75,843.25,845.0,52974,0.0,0.0,-0.010248901903367469,-0.010301783527825945,0.4262544603968098,0.4364759702980878
2022-09-16 00:00:00-04:00,846.75,866.5,830.75,859.75,47239,0.0,0.0,0.017455621301775137,0.01730502195520173,0.2200133860680094,0.40091976769313065
2022-09-19 00:00:00-04:00,857.25,861.25,819.25,830.5,46375,0.0,0.0,-0.03402151788310559,-0.034613720259026065,0.32841909395042346,0.41939681966730386
2022-09-20 00:00:00-04:00,827.75,896.75,825.5,893.75,72771,0.0,0.0,0.07615894039735105,0.0733981649548679,0.652550709505112,0.4864204259804763
2022-09-21 00:00:00-04:00,886.5,919.5,873.0,903.75,91297,0.0,0.0,0.01118881118881121,0.011126679464757053,0.6525817107630295,0.4856783081367089
2022-09-22 00:00:00-04:00,896.5,922.5,891.0,910.75,59590,0.0,0.0,0.007745504840940498,0.007715662415698707,0.6256962844628086,0.48476145279298505
2022-09-23 00:00:00-04:00,908.75,913.0,876.0,880.5,54237,0.0,0.0,-0.033214383749656906,-0.03377850795241238,0.7139478981234066,0.48633786513000393
2022-09-26 00:00:00-04:00,877.0,890.75,854.25,858.0,48793,0.0,0.0,-0.02555366269165249,-0.025885828448298568,0.6863612619682703,0.49737965348253604
2022-09-27 00:00:00-04:00,857.5,894.5,857.0,871.5,48803,0.0,0.0,0.01573426573426584,0.015611765472113433,0.36136544913135377,0.47661546655644266
2022-09-28 00:00:00-04:00,874.25,905.0,862.0,903.25,51296,0.0,0.0,0.03643144004589782,0.03578350506767394,0.46218632973569834,0.4764523336309777
2022-09-29 00:00:00-04:00,902.5,914.5,887.75,896.25,41358,0.0,0.0,-0.0077497924162746035,-0.007779978113919531,0.4593924901513948,0.47835711815962084
2022-09-30 00:00:00-04:00,899.75,945.75,892.75,921.5,78137,0.0,0.0,0.028172942817294322,0.027783385196047897,0.40775541634358614,0.4507077938014603
2022-10-03 00:00:00-04:00,930.0,938.75,908.5,912.0,52399,0.0,0.0,-0.010309278350515427,-0.010362787035546547,0.3329035119746183,0.45272377623490245
2022-10-04 00:00:00-04:00,916.25,927.0,897.5,903.0,50521,0.0,0.0,-0.009868421052631526,-0.009917436657345916,0.36508364755166217,0.4567850595442623
2022-10-05 00:00:00-04:00,903.25,919.75,894.25,902.0,39955,0.0,0.0,-0.001107419712070845,-0.001108033354361733,0.25823764174939856,0.4463236543395898
2022-10-06 00:00:00-04:00,905.75,907.75,873.25,879.0,46423,0.0,0.0,-0.0254988913525499,-0.025829622377446675,0.315452388348114,0.4512275940845072
2022-10-07 00:00:00-04:00,883.25,896.75,872.5,880.25,38141,0.0,0.0,0.0014220705346985607,0.001421060349984935,0.16754337165785774,0.4135629990267142
2022-10-10 00:00:00-04:00,895.25,949.75,891.5,938.0,77244,0.0,0.0,0.0656063618290259,0.06354399097106284,0.553808596493198,0.46618174836475323
2022-10-11 00:00:00-04:00,934.0,936.75,898.0,901.0,65146,0.0,0.0,-0.039445628997867854,-0.04024469139788681,0.6405813280466047,0.4931536826264293
2022-10-12 00:00:00-04:00,902.0,903.75,876.25,882.25,44744,0.0,0.0,-0.02081021087680357,-0.021029795052958485,0.6581365982939514,0.4993350130215181
2022-10-13 00:00:00-04:00,883.75,906.25,863.0,892.25,63574,0.0,0.0,0.01133465570983283,0.011270899814890297,0.6329002967017053,0.4981290044735726
2022-10-14 00:00:00-04:00,894.25,898.75,857.25,859.75,45071,0.0,0.0,-0.03642476884281309,-0.03710471305789412,0.6951568775618585,0.5141140112198769
2022-10-17 00:00:00-04:00,860.0,877.75,855.25,861.0,42651,0.0,0.0,0.0014539110206455153,0.0014528551153551912,0.3583913749092976,0.4976890173206974
2022-10-18 00:00:00-04:00,862.0,866.0,832.75,849.5,46278,0.0,0.0,-0.013356562137049943,-0.013446563315744087,0.2970461378280325,0.4161635637955484
2022-10-19 00:00:00-04:00,847.0,862.75,835.5,841.25,39811,0.0,0.0,-0.009711595055915234,-0.009759060153049144,0.28549911353373153,0.4138433599945507
2022-10-20 00:00:00-04:00,844.5,855.75,836.75,849.25,34078,0.0,0.0,0.009509658246656727,0.009464726081755704,0.27735045683334947,0.4145122936094554
2022-10-21 00:00:00-04:00,850.25,863.0,833.0,850.75,41911,0.0,0.0,0.0017662643508977727,0.0017647063403217315,0.14785546597334995,0.399198297530141
2022-10-24 00:00:00-04:00,853.75,856.5,833.5,838.75,38013,0.0,0.0,-0.014105201292976766,-0.01420562509512354,0.16479837792499066,0.39202264683464716
2022-10-25 00:00:00-04:00,840.0,844.75,826.75,834.75,40775,0.0,0.0,-0.004769001490313007,-0.004780409462127687,0.14841648062455765,0.38724668914971566
2022-10-26 00:00:00-04:00,836.25,846.5,824.0,840.5,39250,0.0,0.0,0.006888289907157841,0.0068646740249064045,0.15114188238494514,0.361855211736848
2022-10-27 00:00:00-04:00,843.5,858.0,833.5,838.5,36089,0.0,0.0,-0.002379535990481907,-0.002382371585406808,0.1245371602756128,0.3614911180045635
2022-10-28 00:00:00-04:00,839.75,840.25,822.5,829.25,33954,0.0,0.0,-0.011031604054859923,-0.011092903436101795,0.12981840128682265,0.342839226473377
2022-10-31 00:00:00-04:00,884.5,893.25,853.75,882.25,98975,0.0,0.0,0.06391317455532097,0.061953784728217554,0.4846695199714852,0.42021543623689384
2022-11-01 00:00:00-04:00,878.5,904.0,867.75,902.5,74354,0.0,0.0,0.022952677812411393,0.022693227651656482,0.4692741023496843,0.42745868436815027
2022-11-02 00:00:00-04:00,898.5,902.0,837.75,846.0,96131,0.0,0.0,-0.06260387811634349,-0.06464933060081271,0.7375573459222655,0.48237384957610274
2022-11-03 00:00:00-04:00,844.75,849.0,827.75,840.5,48030,0.0,0.0,-0.006501182033096908,-0.006522406757552962,0.7397363161045647,0.4751581605506678
2022-11-04 00:00:00-04:00,842.0,855.5,834.0,847.75,43974,0.0,0.0,0.008625817965496774,0.008588828157077741,0.7321394758798531,0.47649515673931386
2022-11-07 00:00:00-05:00,851.0,863.75,834.0,845.75,76862,0.0,0.0,-0.0023591860808021003,-0.0023619733449301147,0.5174536981853037,0.4053995186230681
2022-11-08 00:00:00-05:00,847.75,855.0,824.75,827.75,72922,0.0,0.0,-0.021282885013301778,-0.021512631233462177,0.44043989735236483,0.389664947022584
2022-11-09 00:00:00-05:00,829.25,834.0,805.25,806.5,95226,0.0,0.0,-0.0256720024161885,-0.02600727886209214,0.22293373488786378,0.3928252579843532
2022-11-10 00:00:00-05:00,806.75,815.75,795.5,803.5,77215,0.0,0.0,-0.0037197768133911957,-0.0037267123876962745,0.2260941055170013,0.3885468321345305
2022-11-11 00:00:00-05:00,804.25,819.5,799.5,813.75,75488,0.0,0.0,0.012756689483509609,0.012676008345211685,0.24716595883201586,0.3746612891321287
2022-11-14 00:00:00-05:00,813.0,828.75,804.75,818.5,45112,0.0,0.0,0.005837173579108956,0.005820203288410489,0.2652539304151454,0.37559382173896244
2022-11-15 00:00:00-05:00,818.5,843.0,799.25,828.25,73685,0.0,0.0,0.011912034208918731,0.011841644368815627,0.25241746380943353,0.3764032932149355
2022-11-16 00:00:00-05:00,829.5,829.75,801.5,817.5,48018,0.0,0.0,-0.012979172955025708,-0.013064138408596838,0.17441591168144918,0.37758333617972883
2022-11-17 00:00:00-05:00,818.25,818.25,793.75,806.75,40772,0.0,0.0,-0.01314984709480127,-0.0132370718393373,0.2064064960173815,0.3776561778576806
2022-11-18 00:00:00-05:00,806.75,816.5,800.25,803.25,30557,0.0,0.0,-0.004338394793926281,-0.004347832936103398,0.1781586751053075,0.37740705421930437
2022-11-21 00:00:00-05:00,805.25,808.75,786.0,799.25,32913,0.0,0.0,-0.004979769685652058,-0.004992210056017031,0.1619108528374551,0.3751005265990947
2022-11-22 00:00:00-05:00,799.0,806.75,790.0,791.5,22214,0.0,0.0,-0.009696590553644024,-0.009743908618883973,0.06708222523381809,0.3759647069441115
2022-11-23 00:00:00-05:00,791.75,797.5,781.25,793.5,21445,0.0,0.0,0.0025268477574225123,0.002523660645396822,0.09433912481592407,0.37485418644488677
2022-11-25 00:00:00-05:00,790.75,799.75,771.0,775.5,22496,0.0,0.0,-0.022684310018903586,-0.022945557349870246,0.14885557492181128,0.38155881717983564
2022-11-28 00:00:00-05:00,771.25,774.25,750.25,756.75,41776,0.0,0.0,-0.024177949709864643,-0.024475034714765524,0.18236352730154975,0.38774741165028376
2022-11-29 00:00:00-05:00,755.5,769.0,753.75,757.75,16739,0.0,0.0,0.0013214403700032573,0.0013205680360844577,0.2016789741054098,0.29408611644749627
2022-11-30 00:00:00-05:00,760.0,772.75,757.25,771.5,2247,0.0,0.0,0.01814582645991414,0.017983155865302917,0.28759469899276624,0.28793439005884985
2022-12-01 00:00:00-05:00,767.5,767.5,757.25,758.75,841,0.0,0.0,-0.016526247569669472,-0.016664329429507508,0.28809828434707985,0.20613243803453105
2022-12-02 00:00:00-05:00,750.0,750.0,737.25,737.25,516,0.0,0.0,-0.028336079077429965,-0.028745294678322375,0.3074232839963963,0.22173464073733942
2022-12-05 00:00:00-05:00,730.5,730.5,715.5,715.5,129,0.0,0.0,-0.029501525940996975,-0.029945448698880054,0.3248151310530159,0.2285754969009336
2022-12-06 00:00:00-05:00,715.75,715.75,702.5,705.5,236,0.0,0.0,-0.013976240391334716,-0.014074827703636888,0.3059242112626548,0.2282598760159413
2022-12-07 00:00:00-05:00,727.25,728.75,727.0,727.0,409,0.0,0.0,0.030474840538625037,0.03001970624065062,0.38890632662683916,0.26247095855862435
2022-12-08 00:00:00-05:00,721.0,726.75,721.0,724.25,232,0.0,0.0,-0.003782668500687758,-0.003789840884059586,0.3892039658039694,0.25239281530421515
2022-12-09 00:00:00-05:00,712.75,712.75,712.75,712.75,53,0.0,0.0,-0.01587849499482219,-0.016005908856678366,0.35914980993550577,0.2550947797679519
2022-12-12 00:00:00-05:00,733.0,733.0,733.0,733.0,262,0.0,0.0,0.02841108383023494,0.028014974093870056,0.361138818602167,0.27547825356459127
2022-12-13 00:00:00-05:00,741.0,742.5,728.75,728.75,103,0.0,0.0,-0.005798090040927684,-0.0058149642219493475,0.3379154923340185,0.2724481409290305
2022-12-14 00:00:00-05:00,728.25,728.25,728.25,728.25,41587,0.0,0.0,-0.0006861063464836947,-0.0006863418251581399,0.2640478474393277,0.26525201709163654
2022-12-15 00:00:00-05:00,749.75,767.0,745.0,757.25,51207,0.0,0.0,0.03982148987298317,0.039049054067802694,0.3771947015739603,0.3100067601783454
2022-12-16 00:00:00-05:00,758.25,764.25,750.75,753.5,32613,0.0,0.0,-0.0049521294156487095,-0.004964431840796513,0.33734638004602874,0.30803099668370815
2022-12-19 00:00:00-05:00,755.0,759.75,738.75,748.5,39778,0.0,0.0,-0.006635700066357053,-0.006657814206867155,0.316873221223486,0.30824843474896874
2022-12-20 00:00:00-05:00,747.25,761.5,744.75,750.5,38339,0.0,0.0,0.002672010688042681,0.0026684472138335264,0.30527726191792004,0.3089063200524715
2022-12-21 00:00:00-05:00,750.0,774.5,748.75,767.75,52904,0.0,0.0,0.022984676882078725,0.022724508247415214,0.31837276840895307,0.3210034801365379
2022-12-22 00:00:00-05:00,766.75,777.0,758.0,762.25,34649,0.0,0.0,-0.007163790296320416,-0.007189573452567585,0.20170231978099418,0.3213025722493495
2022-12-23 00:00:00-05:00,762.0,778.0,758.0,776.0,25952,0.0,0.0,0.018038701213512587,0.017877934314854547,0.22130982891075104,0.3187245038785429
2022-12-27 00:00:00-05:00,781.25,784.5,769.0,774.5,28358,0.0,0.0,-0.0019329896907216426,-0.0019348603262954217,0.20644084127937185,0.30565009772118884
2022-12-28 00:00:00-05:00,774.5,787.5,770.75,785.5,33179,0.0,0.0,0.01420271142672691,0.014102797838752516,0.20771974392099252,0.3090437362206151
2022-12-29 00:00:00-05:00,785.0,786.5,765.5,774.0,35941,0.0,0.0,-0.014640356460852932,-0.014748584105948703,0.22196564165328858,0.3082077506773732
2022-12-30 00:00:00-05:00,775.5,799.0,771.5,792.0,34784,0.0,0.0,0.023255813953488413,0.02298951822469878,0.24885632000718322,0.31166443814631556
2023-01-03 00:00:00-05:00,786.0,794.5,769.75,775.5,50138,0.0,0.0,-0.02083333333333337,-0.02105340919783238,0.29641723656263463,0.3028878490048293
2023-01-04 00:00:00-05:00,780.5,780.5,744.25,745.5,51975,0.0,0.0,-0.03868471953578334,-0.03945284841180038,0.4061244675493575,0.3172518964416549
2023-01-05 00:00:00-05:00,746.0,752.0,736.0,746.75,36793,0.0,0.0,0.0016767270288398084,0.0016753228914261741,0.37261856109872865,0.3114493805632053
2023-01-06 00:00:00-05:00,748.5,756.75,742.5,743.5,28671,0.0,0.0,-0.004352192835621049,-0.0043616911960094405,0.37143399059207066,0.29483345521562115
2023-01-09 00:00:00-05:00,748.0,758.0,740.25,741.5,45486,0.0,0.0,-0.0026899798251512896,-0.0026936043222229563,0.2653407031749826,0.2946097267673434
2023-01-10 00:00:00-05:00,741.25,742.5,720.5,731.0,59339,0.0,0.0,-0.014160485502360043,-0.014261701828208243,0.25699057029692846,0.2933382971397565
2023-01-11 00:00:00-05:00,730.25,742.25,724.5,740.0,37156,0.0,0.0,0.012311901504787892,0.012236726448436866,0.1528169398298148,0.2789073714345659
2023-01-12 00:00:00-05:00,739.0,747.25,723.0,742.75,64694,0.0,0.0,0.003716216216216317,0.003709328144501686,0.1560906809606738,0.27804617238321355
2023-01-13 00:00:00-05:00,743.5,748.5,737.25,743.75,34226,0.0,0.0,0.0013463480309658937,0.0013454425171223819,0.15368504940439182,0.27796684438486835
2023-01-17 00:00:00-05:00,742.5,755.75,728.75,751.75,48648,0.0,0.0,0.010756302521008454,0.010698865008798984,0.16732165577158037,0.24110630585501486
2023-01-18 00:00:00-05:00,749.0,760.25,740.25,742.5,45150,0.0,0.0,-0.012304622547389399,-0.01238095119178374,0.15558115864328426,0.24439650578935834
2023-01-19 00:00:00-05:00,741.75,748.75,733.5,734.5,39217,0.0,0.0,-0.01077441077441077,-0.010832875062922683,0.15640028467849326,0.24618226344918365
2023-01-20 00:00:00-05:00,735.0,743.0,727.75,741.5,35444,0.0,0.0,0.00953029271613337,0.009485165964054737,0.1730631910090416,0.24866692756057676
2023-01-23 00:00:00-05:00,738.0,740.5,712.5,720.0,63999,0.0,0.0,-0.028995279838165855,-0.029423949567885764,0.26475836183600426,0.25202647327246047
2023-01-24 00:00:00-05:00,720.5,739.0,719.75,734.5,44243,0.0,0.0,0.02013888888888893,0.01993878360383104,0.3078407692559472,0.26449142923925695
2023-01-25 00:00:00-05:00,735.0,746.5,734.75,741.25,41249,0.0,0.0,0.00918992511912875,0.009147954698003304,0.3112278537931165,0.25749660584885703
2023-01-26 00:00:00-05:00,741.0,758.0,738.0,752.5,47206,0.0,0.0,0.015177065767284947,0.015063046311095542,0.31011373889063876,0.2647587886169557
2023-01-27 00:00:00-05:00,752.25,753.25,744.25,750.0,41125,0.0,0.0,-0.0033222591362126463,-0.003327790092674691,0.3117255229393342,0.25837395339183283
2023-01-30 00:00:00-05:00,753.0,762.5,743.5,752.5,43812,0.0,0.0,0.0033333333333334103,0.0033277900926747457,0.14767763243553558,0.25473155391113456
2023-01-31 00:00:00-05:00,752.5,766.75,742.0,761.25,59637,0.0,0.0,0.011627906976744207,0.011560822401076006,0.11580472032464671,0.24294551497604375
2023-02-01 00:00:00-05:00,760.75,762.5,744.5,759.75,60025,0.0,0.0,-0.0019704433497537144,-0.0019723872272043464,0.12996799642704213,0.2324112082528969
2023-02-02 00:00:00-05:00,757.5,770.75,750.5,761.0,59106,0.0,0.0,0.0016452780519908838,0.0016439260647834806,0.09335838378730892,0.1846908046820269
2023-02-03 00:00:00-05:00,759.75,776.5,750.75,756.75,72367,0.0,0.0,-0.005584756898817322,-0.005600409959857784,0.10279070409850481,0.18617959184942307
2023-02-06 00:00:00-05:00,758.0,766.5,745.5,750.25,56431,0.0,0.0,-0.008589362405021506,-0.008626463581351565,0.12426695703899417,0.18830927611203507
2023-02-07 00:00:00-05:00,750.0,757.0,744.25,749.75,70662,0.0,0.0,-0.0006664445184938472,-0.0006666666913580382,0.06448281144074443,0.1879886258081039
2023-02-08 00:00:00-05:00,750.0,766.0,747.75,764.75,90201,0.0,0.0,0.020006668889629875,0.019809165401894365,0.17732357443719343,0.19144887127785706
2023-02-09 00:00:00-05:00,764.75,770.5,754.75,757.25,75196,0.0,0.0,-0.009807126511932052,-0.009855533123666202,0.19402479143487936,0.1922490271593
2023-02-10 00:00:00-05:00,755.0,790.0,755.0,786.0,109946,0.0,0.0,0.03796632551997359,0.03726334252185986,0.32815636696033573,0.23239153253838804
2023-02-13 00:00:00-05:00,789.0,796.0,776.0,792.0,88266,0.0,0.0,0.007633587786259444,0.0076045993852192125,0.29578115074407013,0.23289249293290823
2023-02-14 00:00:00-05:00,790.0,797.5,783.5,786.0,64638,0.0,0.0,-0.007575757575757569,-0.007604599385219304,0.3163418576793249,0.23414295448577452
2023-02-15 00:00:00-05:00,786.0,787.25,766.75,769.25,55479,0.0,0.0,-0.021310432569974558,-0.02154077822705534,0.36354699899341697,0.24360136035118876
2023-02-16 00:00:00-05:00,767.5,771.5,762.25,765.0,34054,0.0,0.0,-0.0055248618784530246,-0.005540180375615356,0.3564459951879002,0.2406789143091604
2023-02-17 00:00:00-05:00,765.0,771.5,759.5,765.5,32055,0.0,0.0,0.0006535947712418277,0.0006533812712026048,0.17102125993171263,0.2391238391126759
2023-02-21 00:00:00-05:00,765.75,773.25,749.5,750.5,49781,0.0,0.0,-0.019595035924232507,-0.01978956402422178,0.15000058677077477,0.2250317667856676
2023-02-22 00:00:00-05:00,751.75,754.0,733.0,736.5,38925,0.0,0.0,-0.01865423051299131,-0.018830415170831654,0.15609608114211498,0.22607913786730222
2023-02-23 00:00:00-05:00,735.5,745.0,734.25,738.25,29844,0.0,0.0,0.002376103190767198,0.0023732847213471455,0.16583375497817657,0.22378025503509402
2023-02-24 00:00:00-05:00,740.5,741.0,703.0,708.25,29656,0.0,0.0,-0.040636640704368454,-0.04148538191340613,0.279332983945445,0.25825795269564034
2023-02-27 00:00:00-05:00,708.25,710.0,691.25,696.0,24587,0.0,0.0,-0.017296152488528116,-0.01744747837620634,0.24181591266248614,0.2632758829184278
2023-02-28 00:00:00-05:00,694.0,699.5,687.0,691.5,1970,0.0,0.0,-0.006465517241379337,-0.006486509229606773,0.2564832490497235,0.26214930367731865
2023-03-01 00:00:00-05:00,691.25,698.75,691.25,697.0,213,0.0,0.0,0.00795372378886472,0.007922259655710917,0.30499343947290997,0.25953921635909544
2023-03-02 00:00:00-05:00,702.5,706.5,701.25,701.25,170,0.0,0.0,0.0060975609756097615,0.0060790460763821925,0.3160755383412065,0.26205601490751557
2023-03-03 00:00:00-05:00,698.75,698.75,695.75,695.75,132,0.0,0.0,-0.007843137254901933,-0.007874056430905883,0.16673738340460662,0.26157200123080776
2023-03-06 00:00:00-05:00,690.75,692.25,682.5,682.5,20,0.0,0.0,-0.01904419690980952,-0.019227873346885322,0.17604446816769068,0.2667316890563927
2023-03-07 00:00:00-05:00,684.75,684.75,684.75,684.75,64,0.0,0.0,0.003296703296703285,0.0032912810840727306,0.18052788752904558,0.2679538518345059
2023-03-08 00:00:00-05:00,674.5,674.5,674.5,674.5,30,0.0,0.0,-0.014968966776195747,-0.015082132495377024,0.17490040118654324,0.2700962925036094
2023-03-09 00:00:00-05:00,653.5,653.5,653.5,653.5,42,0.0,0.0,-0.031134173461823567,-0.03162914258353393,0.20345194193133925,0.2679489995516666
2023-03-10 00:00:00-05:00,662.25,666.75,662.25,666.75,42,0.0,0.0,0.020275439938791218,0.020072629997847105,0.32068377445913965,0.285504616218245
2023-03-13 00:00:00-04:00,660.5,672.25,660.5,672.25,30,0.0,0.0,0.00824896887889004,0.008215132086850301,0.3216908077097561,0.24048345400001803
2023-03-14 00:00:00-04:00,686.5,686.5,686.5,686.5,57958,0.0,0.0,0.021197471178876937,0.02097593005905172,0.36539477622692546,0.25623952718306503
2023-03-15 00:00:00-04:00,697.25,706.0,692.75,702.75,50727,0.0,0.0,0.02367079388201021,0.023394984578615535,0.3638136950898916,0.27835473022569013
2023-03-16 00:00:00-04:00,704.0,704.0,691.5,699.0,43894,0.0,0.0,-0.005336179295624355,-0.005350467552831026,0.19294478874423593,0.27197356663245775
2023-03-17 00:00:00-04:00,697.25,712.5,697.25,710.5,58006,0.0,0.0,0.01645207439198848,0.016318205303344997,0.18642434018476445,0.2820236131593382
2023-03-20 00:00:00-04:00,708.5,708.5,695.25,700.75,61276,0.0,0.0,-0.013722730471498967,-0.013817757492257691,0.26797989805844086,0.28380126523817106
2023-03-21 00:00:00-04:00,700.0,705.5,680.25,683.25,68061,0.0,0.0,-0.024973242953977848,-0.025290365236720232,0.3242027444788172,0.28826356882743537
2023-03-22 00:00:00-04:00,682.5,684.0,654.0,663.5,89216,0.0,0.0,-0.028905964141968554,-0.029331971035915217,0.2871204294411533,0.2970897971454467
2023-03-23 00:00:00-04:00,663.0,675.5,657.25,662.0,56070,0.0,0.0,-0.0022607385079125297,-0.0022632978352539346,0.2919328227057027,0.2960090218005224
2023-03-24 00:00:00-04:00,660.25,700.5,656.25,688.5,114498,0.0,0.0,0.040030211480362565,0.03924976223170135,0.4402897522884509,0.3064856168469747
2023-03-27 00:00:00-04:00,691.0,706.5,680.25,698.0,58958,0.0,0.0,0.013798111837327598,0.01370378459366301,0.45291514738362915,0.3047448793611896
2023-03-28 00:00:00-04:00,698.5,704.75,691.5,699.75,51076,0.0,0.0,0.002507163323782313,0.0025040256331905035,0.3978982488850233,0.30375849179979014
2023-03-29 00:00:00-04:00,698.25,724.0,696.5,704.75,77189,0.0,0.0,0.007145409074669429,0.007120001598658937,0.26392746305190806,0.30351829880776643
2023-03-30 00:00:00-04:00,705.25,710.0,690.25,692.25,45510,0.0,0.0,-0.01773678609435969,-0.017895967943150688,0.33168200384355123,0.3096535953989417
2023-03-31 00:00:00-04:00,692.5,701.25,681.0,692.25,58011,0.0,0.0,0.0,0.0,0.18712309442645944,0.30842415084067837
2023-04-03 00:00:00-04:00,697.0,710.0,691.5,693.5,51071,0.0,0.0,0.0018057060310581186,0.0018040777038150246,0.15212073042550875,0.30018411993053473
2023-04-04 00:00:00-04:00,697.0,701.5,688.0,691.5,44904,0.0,0.0,-0.002883922134102379,-0.0028880886500733793,0.14849075927378358,0.30035025947171634
2023-04-05 00:00:00-04:00,693.0,693.25,675.0,682.0,56289,0.0,0.0,-0.013738250180766465,-0.013833493261350817,0.13815561305770072,0.29953150062567435
2023-04-06 00:00:00-04:00,682.25,685.0,671.25,675.5,0,0.0,0.0,-0.009530791788856297,-0.009576500443208543,0.10427609341788094,0.27810824505547016
2023-04-10 00:00:00-04:00,684.5,687.5,668.25,678.5,67549,0.0,0.0,0.004441154700222105,0.004431321874670332,0.12079925675552572,0.2697110902201117
2023-04-11 00:00:00-04:00,680.25,686.0,666.25,674.0,114948,0.0,0.0,-0.0066322770817980325,-0.0066543683626167464,0.10967378670414034,0.2695866905553033
2023-04-12 00:00:00-04:00,673.0,683.75,673.0,679.5,111542,0.0,0.0,0.008160237388723957,0.00812712267889129,0.14849633659731834,0.25996153105020725
2023-04-13 00:00:00-04:00,680.75,680.75,664.5,667.0,91658,0.0,0.0,-0.01839587932303166,-0.018567187675574706,0.17081109564278885,0.2510641948909819
2023-04-14 00:00:00-04:00,668.75,685.25,661.25,682.5,81450,0.0,0.0,0.023238380809595283,0.02297248114349116,0.24915303537382724,0.26676389383470284
2023-04-17 00:00:00-04:00,686.25,697.0,674.5,696.5,71093,0.0,0.0,0.02051282051282044,0.020305266160745523,0.28232991024701587,0.27066048465976433
2023-04-18 00:00:00-04:00,693.5,707.0,689.25,698.0,44586,0.0,0.0,0.002153625269203152,0.002151309542512075,0.2651537008220524,0.26648597886546527
2023-04-19 00:00:00-04:00,699.0,699.0,680.75,681.75,31370,0.0,0.0,-0.02328080229226359,-0.02355608103667455,0.3406797487017928,0.2644476380887216
2023-04-20 00:00:00-04:00,683.0,684.75,666.5,667.75,36941,0.0,0.0,-0.0205353868720205,-0.02074916973562762,0.34854050437512046,0.25375647767350434
2023-04-21 00:00:00-04:00,667.75,673.25,658.0,661.75,34367,0.0,0.0,-0.008985398727068494,-0.00902601088285958,0.2848826073261977,0.2558200075685541
2023-04-24 00:00:00-04:00,669.25,669.5,643.25,643.5,25969,0.0,0.0,-0.02757839063090295,-0.027965814071029337,0.19210262081055693,0.2267883512816826
2023-04-25 00:00:00-04:00,643.5,646.75,628.25,638.75,26652,0.0,0.0,-0.007381507381507335,-0.007408885518267117,0.14178029877208034,0.21792672461267104
2023-04-26 00:00:00-04:00,639.75,643.0,626.5,627.25,18041,0.0,0.0,-0.018003913894324874,-0.018167956271382544,0.1330272714384629,0.221517085665429
2023-04-27 00:00:00-04:00,628.75,630.75,610.5,614.75,18402,0.0,0.0,-0.01992825827022715,-0.02012950415022969,0.1319314107606437,0.22208902612535034
2023-04-28 00:00:00-04:00,611.75,623.0,610.25,619.75,1022,0.0,0.0,0.008133387555917082,0.008100489818997981,0.21935348677480104,0.22403722562825862
2023-05-01 00:00:00-04:00,620.0,620.0,599.5,603.75,1106,0.0,0.0,-0.025816861637757205,-0.026155965948517487,0.21219311461076285,0.23426041430455113
2023-05-02 00:00:00-04:00,612.0,612.75,595.5,595.5,406,0.0,0.0,-0.013664596273291973,-0.013758816171427697,0.20708621361732768,0.23323370464027823
2023-05-03 00:00:00-04:00,596.0,626.25,596.0,626.25,352,0.0,0.0,0.05163727959697728,0.05034826360371971,0.5009219504300584,0.3138594127307229
2023-05-04 00:00:00-04:00,624.0,631.5,624.0,631.5,187,0.0,0.0,0.008383233532934131,0.008348289391471244,0.4690137374616034,0.315285716483857
2023-05-05 00:00:00-04:00,647.0,647.0,647.0,647.0,78,0.0,0.0,0.02454473475851149,0.024248352710354772,0.4883735756776863,0.32973196839934316
2023-05-08 00:00:00-04:00,647.5,647.5,641.0,641.0,24,0.0,0.0,-0.009273570324574987,-0.00931683758023055,0.42390228076304426,0.3298000468062852
2023-05-09 00:00:00-04:00,628.0,630.5,628.0,630.5,8,0.0,0.0,-0.016380655226209018,-0.01651630151569576,0.4346945300120608,0.3331650343214246
2023-05-10 00:00:00-04:00,628.25,628.25,628.25,628.25,42,0.0,0.0,-0.003568596352101494,-0.0035749789812726768,0.2556038357647322,0.3304871713450522
2023-05-11 00:00:00-04:00,617.5,617.5,614.25,614.25,22,0.0,0.0,-0.02228412256267409,-0.022536165022413058,0.28845053464816156,0.33305709018475116
2023-05-12 00:00:00-04:00,624.5,624.5,624.5,624.5,74154,0.0,0.0,0.016687016687016776,0.016549318164343955,0.23806642015780882,0.32672761560228836
2023-05-15 00:00:00-04:00,635.0,663.75,632.5,660.75,67502,0.0,0.0,0.0580464371497198,0.05642422391876624,0.515263956467476,0.3861833985064249
2023-05-16 00:00:00-04:00,661.75,664.25,640.0,647.5,62562,0.0,0.0,-0.020052970109723844,-0.020256759910705812,0.526083441775901,0.39076252654505633
2023-05-17 00:00:00-04:00,646.75,654.25,616.0,625.5,98456,0.0,0.0,-0.03397683397683393,-0.03456746366672694,0.5992744877576036,0.3996987354925916
2023-05-18 00:00:00-04:00,626.25,626.5,605.5,611.75,59509,0.0,0.0,-0.021982414068745015,-0.022227627584184798,0.5985811381660398,0.4005248598615895
2023-05-19 00:00:00-04:00,611.0,620.75,602.0,605.0,62743,0.0,0.0,-0.011033919084593391,-0.011095244291939593,0.581249451907465,0.4009239513381388
2023-05-22 00:00:00-04:00,607.75,613.75,596.25,606.25,60942,0.0,0.0,0.0020661157024792765,0.0020639842208514275,0.2131959967063251,0.39167481286066985
2023-05-23 00:00:00-04:00,607.5,624.75,594.25,622.25,57431,0.0,0.0,0.026391752577319627,0.02604949899600847,0.3691632703074066,0.4044506742464606
2023-05-24 00:00:00-04:00,621.0,624.5,602.25,606.25,61465,0.0,0.0,-0.025713137806347985,-0.02604949899600849,0.33521710105127545,0.4096408946788626
2023-05-25 00:00:00-04:00,607.0,616.5,599.0,604.25,53306,0.0,0.0,-0.003298969072164981,-0.0033044226681005926,0.3040841002816627,0.4038715034266469
2023-05-26 00:00:00-04:00,606.0,618.5,602.5,616.0,48350,0.0,0.0,0.01944559371121235,0.019258943949927484,0.32529153448670045,0.40906301224542535
2023-05-30 00:00:00-04:00,616.75,616.75,588.75,591.0,74481,0.0,0.0,-0.04058441558441561,-0.04143094612742161,0.45463905087296197,0.42449572249305784
2023-05-31 00:00:00-04:00,591.5,595.0,573.25,594.25,73773,0.0,0.0,0.0054991539763113995,0.005484088834205169,0.3830297903436955,0.4221955061619232
2023-06-01 00:00:00-04:00,594.25,617.5,593.0,610.75,80028,0.0,0.0,0.027766091712242424,0.027387603897546645,0.42162591675297856,0.39099306470716017
2023-06-02 00:00:00-04:00,610.25,622.5,602.25,619.0,69362,0.0,0.0,0.01350798198935732,0.013417562546746226,0.42577012427077227,0.39303616726431245
2023-06-05 00:00:00-04:00,621.5,631.5,615.5,624.0,69485,0.0,0.0,0.008077544426494443,0.008045095684831659,0.40900337943682075,0.3832266252722237
2023-06-06 00:00:00-04:00,624.25,648.0,621.25,627.75,113883,0.0,0.0,0.006009615384615419,0.005991629668266761,0.14726268718123853,0.38297214184168926
2023-06-07 00:00:00-04:00,626.5,635.5,613.25,616.75,89270,0.0,0.0,-0.017522899243329393,-0.017678242628228355,0.26029930116648337,0.38361064712196713
2023-06-08 00:00:00-04:00,616.0,629.0,611.25,626.25,98911,0.0,0.0,0.015403323875152086,0.015285896989608553,0.20975104229020114,0.3877010352276214
2023-06-09 00:00:00-04:00,624.5,632.25,618.5,630.25,113037,0.0,0.0,0.006387225548902142,0.006366913668954598,0.19749148288241572,0.37898362616881026
2023-06-12 00:00:00-04:00,629.75,638.75,622.25,633.75,91968,0.0,0.0,0.005553351844506116,0.005537988837363681,0.1947370173917075,0.3751290168933333
2023-06-13 00:00:00-04:00,634.5,649.25,626.75,636.25,106163,0.0,0.0,0.0039447731755424265,0.003937012959339599,0.19338458680710996,0.3094069799304256
2023-06-14 00:00:00-04:00,638.0,639.0,625.0,630.25,70761,0.0,0.0,-0.009430255402750443,-0.009475001796703244,0.14150403306246484,0.303289555825775
2023-06-15 00:00:00-04:00,629.0,665.25,628.25,661.5,72093,0.0,0.0,0.049583498611662113,0.04839341748698124,0.35554874333419045,0.3274965612824503
2023-06-16 00:00:00-04:00,659.75,697.0,656.0,688.0,99940,0.0,0.0,0.04006046863189727,0.03927885437833335,0.40386916472069434,0.3385769845382956
2023-06-20 00:00:00-04:00,687.0,700.0,676.25,695.75,76040,0.0,0.0,0.011264534883721034,0.011201562472656601,0.394764463937193,0.3328083218891791
2023-06-21 00:00:00-04:00,700.5,735.5,699.25,734.5,59228,0.0,0.0,0.05569529284944297,0.05419959520793176,0.43828733124283237,0.3737210897210512
2023-06-22 00:00:00-04:00,730.25,747.0,725.5,739.0,49752,0.0,0.0,0.006126616746085833,0.006107925334269839,0.3579268491587569,0.3687516235416039
2023-06-23 00:00:00-04:00,737.0,737.75,718.75,733.25,52472,0.0,0.0,-0.00778078484438427,-0.0078112130906413235,0.4132991754012928,0.35152542332659564
2023-06-26 00:00:00-04:00,734.25,756.75,719.0,724.25,37363,0.0,0.0,-0.012274122059324877,-0.01235007120810059,0.4285467920626075,0.3573516331487019
2023-06-27 00:00:00-04:00,724.25,725.75,681.5,685.0,21844,0.0,0.0,-0.05419399378667589,-0.05571779838723451,0.6278362193932503,0.4198578454822359
2023-06-28 00:00:00-04:00,684.75,692.5,653.25,655.75,19744,0.0,0.0,-0.04270072992700735,-0.04363921951524229,0.40102564776994637,0.42300450687463736
2023-06-29 00:00:00-04:00,655.5,663.75,650.75,653.0,13944,0.0,0.0,-0.004193671368661889,-0.004202489470552044,0.35972340101676953,0.42441650214933074
2023-06-30 00:00:00-04:00,654.0,663.75,634.25,636.25,1368,0.0,0.0,-0.025650842266462526,-0.02598556141169861,0.32933436486004825,0.42885225687763195
2023-07-03 00:00:00-04:00,630.0,642.25,628.25,628.5,694,0.0,0.0,-0.012180746561886058,-0.012255539834430392,0.32961228975665513,0.429715391414452
2023-07-05 00:00:00-04:00,640.0,662.0,635.0,662.0,288,0.0,0.0,0.05330151153540186,0.0519295279067062,0.5773405455869436,0.4677442442371169
2023-07-06 00:00:00-04:00,654.5,654.75,640.75,647.0,194,0.0,0.0,-0.0226586102719033,-0.022919261436107622,0.5114742851691441,0.4765846812614947
2023-07-07 00:00:00-04:00,642.75,646.75,639.5,639.5,57,0.0,0.0,-0.011591962905718733,-0.011659673482003216,0.5158989807524509,0.47382979831257943
2023-07-10 00:00:00-04:00,641.75,645.75,636.25,636.25,23,0.0,0.0,-0.0050820953870210905,-0.005095053154164862,0.48034462546555134,0.47185341052440777
2023-07-11 00:00:00-04:00,645.0,650.0,642.75,649.5,119,0.0,0.0,0.02082514734774077,0.02061126824592183,0.48321044058266943,0.4767130673879711
2023-07-12 00:00:00-04:00,645.0,645.0,621.25,621.25,12,0.0,0.0,-0.04349499615088526,-0.0444692586998157,0.3748412131084737,0.5028464649849218
2023-07-13 00:00:00-04:00,614.25,627.5,614.25,627.5,24,0.0,0.0,0.010060362173038184,0.010010093595100425,0.3900906708416649,0.5040340836648333
2023-07-14 00:00:00-04:00,641.5,641.5,641.5,641.5,55640,0.0,0.0,0.02231075697211149,0.022065513049752104,0.43081397482293954,0.5089070782635039
2023-07-17 00:00:00-04:00,666.0,689.25,651.0,653.75,73578,0.0,0.0,0.019095869056897863,0.018915831323441507,0.4435838152576047,0.4813602162855447
2023-07-18 00:00:00-04:00,649.25,675.0,642.25,670.75,54946,0.0,0.0,0.02600382409177815,0.02567147392660081,0.456014084374307,0.4681909966066487
2023-07-19 00:00:00-04:00,669.0,730.75,664.0,727.75,148746,0.0,0.0,0.08497950055907566,0.08156109331999908,0.4751311098319497,0.5580054639267855
2023-07-20 00:00:00-04:00,725.0,750.75,711.25,727.0,136382,0.0,0.0,-0.0010305736860185544,-0.0010311050922132445,0.5131216039198112,0.5218874431899506
2023-07-21 00:00:00-04:00,724.75,733.25,693.5,697.5,95069,0.0,0.0,-0.040577716643741435,-0.041423963837998706,0.7250567260521015,0.5406038890443841
2023-07-24 00:00:00-04:00,702.0,757.5,698.75,757.5,96764,0.0,0.0,0.08602150537634401,0.08252102368800344,0.8736537253924357,0.6241671388402146
2023-07-25 00:00:00-04:00,754.25,777.25,736.5,760.25,107919,0.0,0.0,0.0036303630363037076,0.0036237891739498967,0.8959953807033381,0.6217738769401997
2023-07-26 00:00:00-04:00,757.0,757.5,709.0,720.0,105761,0.0,0.0,-0.05294311081880965,-0.05439611454737308,0.8643470550086222,0.6202579552248249
2023-07-27 00:00:00-04:00,723.25,740.0,711.75,712.75,75102,0.0,0.0,-0.010069444444444464,-0.01012048421731964,0.8667590645006039,0.5986651423195585
2023-07-28 00:00:00-04:00,714.75,720.25,689.0,704.25,74606,0.0,0.0,-0.011925640126271508,-0.011997321036299418,0.8100731996182958,0.6008373937972408
2023-07-31 00:00:00-04:00,702.5,703.0,660.25,665.75,104577,0.0,0.0,-0.054668086616968425,-0.05621918206244039,0.4255419653331306,0.6283191121894909
2023-08-01 00:00:00-04:00,670.0,675.0,643.25,652.25,69422,0.0,0.0,-0.020277882087870847,-0.020486300677203823,0.3507985419121636,0.6315629031992662
2023-08-02 00:00:00-04:00,654.5,684.0,636.0,640.0,90376,0.0,0.0,-0.01878114220007665,-0.018959747663120266,0.28813574272265846,0.6061235138112496
2023-08-03 00:00:00-04:00,639.25,648.25,626.25,627.0,65703,0.0,0.0,-0.020312499999999956,-0.0205216357207968,0.2672737710548068,0.6050683547578775
2023-08-04 00:00:00-04:00,627.75,653.75,627.25,633.0,70991,0.0,0.0,0.009569377990430672,0.009523881511255541,0.3614622510458232,0.6047672657818643
2023-08-07 00:00:00-04:00,646.0,663.75,636.0,657.5,104532,0.0,0.0,0.03870458135860977,0.0379743419077434,0.41558993817433015,0.6195196869905308
2023-08-08 00:00:00-04:00,657.5,662.25,643.0,656.25,81628,0.0,0.0,-0.0019011406844106071,-0.0019029501460860756,0.38460591314081055,0.6157745703595673
2023-08-09 00:00:00-04:00,655.5,658.25,633.5,635.0,70504,0.0,0.0,-0.0323809523809524,-0.03291681501314187,0.4380879281895373,0.6062607960814409
2023-08-10 00:00:00-04:00,637.25,644.0,635.0,637.75,67426,0.0,0.0,0.004330708661417271,0.004321358129229076,0.40420575445563356,0.6055630386538445
2023-08-11 00:00:00-04:00,638.0,639.75,624.25,626.75,72254,0.0,0.0,-0.01724813798510383,-0.01739861998351795,0.4238824698700138,0.603800443268479
2023-08-14 00:00:00-04:00,632.75,635.0,605.25,616.0,56037,0.0,0.0,-0.01715197447147987,-0.01730077350488301,0.22927001008630124,0.6019126902894122
2023-08-15 00:00:00-04:00,618.5,619.0,595.75,598.5,52402,0.0,0.0,-0.02840909090909094,-0.02882043853549197,0.22658854422878277,0.5989569840074993
2023-08-16 00:00:00-04:00,598.75,607.5,591.5,597.75,41338,0.0,0.0,-0.0012531328320801727,-0.0012539186595936988,0.21082590375408874,0.4965594227467649
2023-08-17 00:00:00-04:00,599.75,601.25,586.25,589.5,31435,0.0,0.0,-0.013801756587201952,-0.013897886361008438,0.15437099372468632,0.49579581425594016
2023-08-18 00:00:00-04:00,589.0,615.75,588.5,613.25,32904,0.0,0.0,0.04028837998303647,0.039497963161173065,0.4225301542077073,0.5124039887096374
2023-08-21 00:00:00-04:00,618.0,620.75,595.75,599.25,24478,0.0,0.0,-0.022829188748471285,-0.02309380982410497,0.43533583082031035,0.38255736068824975
2023-08-22 00:00:00-04:00,599.0,610.75,594.5,601.75,26011,0.0,0.0,0.004171881518564957,0.004163203348687676,0.38437455058164177,0.3828437318535995
2023-08-23 00:00:00-04:00,604.25,617.0,598.25,612.5,22591,0.0,0.0,0.017864561695056125,0.017706865755700754,0.39997192100397155,0.36277931010559267
2023-08-24 00:00:00-04:00,614.75,615.0,598.25,604.0,21786,0.0,0.0,-0.013877551020408219,-0.013974744484067159,0.40019833967507457,0.3633461022034506
2023-08-25 00:00:00-04:00,604.5,609.75,587.5,593.25,28997,0.0,0.0,-0.017798013245033162,-0.017958302618942053,0.269894236266596,0.36478386957608105
2023-08-28 00:00:00-04:00,593.5,599.25,584.0,588.0,21644,0.0,0.0,-0.008849557522123908,-0.00888894741724604,0.23220385564778126,0.32116784108699037
2023-08-29 00:00:00-04:00,588.0,589.0,568.75,569.75,27766,0.0,0.0,-0.031037414965986443,-0.03152927977283333,0.2854587393356481,0.3296715557363806
2023-08-30 00:00:00-04:00,572.75,579.5,564.5,576.75,12815,0.0,0.0,0.012286090390522197,0.012211228928069447,0.2508976002574634,0.3327950757306126
2023-08-31 00:00:00-04:00,574.0,582.75,566.0,573.0,1699,0.0,0.0,-0.006501950585175553,-0.006523180339123484,0.25261037186474206,0.3279320974046868
2023-09-01 00:00:00-04:00,574.0,585.0,567.5,567.5,725,0.0,0.0,-0.009598603839441555,-0.009644967359181843,0.24400172816058202,0.32422422091619235
2023-09-05 00:00:00-04:00,569.25,575.0,567.0,572.5,104,0.0,0.0,0.008810572687224738,0.008771986072837041,0.2738840263053045,0.2855287237468755
2023-09-06 00:00:00-04:00,577.5,587.0,576.5,581.0,309,0.0,0.0,0.014847161572052459,0.014738021423516571,0.17830929177256813,0.2953179694217377
2023-09-07 00:00:00-04:00,578.25,585.0,571.5,571.5,152,0.0,0.0,-0.016351118760757344,-0.01648627361704591,0.20764156168163128,0.2814129464261856
2023-09-08 00:00:00-04:00,567.25,567.25,567.25,567.25,50,0.0,0.0,-0.007436570428696387,-0.007464359574914212,0.2090875607710621,0.27927144642038865
2023-09-11 00:00:00-04:00,561.5,561.5,556.0,556.0,189,0.0,0.0,-0.019832525341560103,-0.020031829409368675,0.2426197951523797,0.28083589191978336
2023-09-12 00:00:00-04:00,557.25,560.25,548.0,560.25,167,0.0,0.0,0.007643884892086339,0.007614818430454011,0.23885326519713643,0.2813612567525839
2023-09-13 00:00:00-04:00,562.5,569.0,562.5,569.0,42,0.0,0.0,0.015618027666220335,0.015497321445294442,0.24276197211268766,0.2752491885386407
2023-09-14 00:00:00-04:00,567.5,567.5,567.5,567.5,55236,0.0,0.0,-0.002636203866432374,-0.002639684770773217,0.2172410680709803,0.2752177471495916
2023-09-15 00:00:00-04:00,594.25,607.5,591.75,604.25,65394,0.0,0.0,0.06475770925110136,0.06274727022803468,0.5043003729894417,0.36035130466676607
2023-09-18 00:00:00-04:00,604.0,604.25,587.0,591.25,64919,0.0,0.0,-0.02151427389325611,-0.021749079777449675,0.5113139748004228,0.3381602223531492
2023-09-19 00:00:00-04:00,588.0,592.75,581.0,584.0,58587,0.0,0.0,-0.012262156448202943,-0.012337956977915648,0.5424755583890314,0.3313794361922226
2023-09-20 00:00:00-04:00,585.25,596.25,581.5,588.75,63637,0.0,0.0,0.008133561643835607,0.008100662502400439,0.5391348156375825,0.33250940601905504
2023-09-21 00:00:00-04:00,589.0,590.25,575.0,575.75,50330,0.0,0.0,-0.022080679405520165,-0.022328106629832922,0.5779751173672178,0.332864068211403
2023-09-22 00:00:00-04:00,576.5,582.5,572.75,579.5,45559,0.0,0.0,0.0065132435953103585,0.006492124079011716,0.23407501389567736,0.33179968525055364
2023-09-25 00:00:00-04:00,577.0,590.0,573.75,589.0,44697,0.0,0.0,0.016393442622950838,0.016260520871780326,0.25263140828272745,0.33221951588788523
2023-09-26 00:00:00-04:00,589.0,596.75,583.25,589.0,48882,0.0,0.0,0.0,0.0,0.23124856051768625,0.3306289863443799
2023-09-27 00:00:00-04:00,589.25,594.5,578.5,579.5,55807,0.0,0.0,-0.016129032258064502,-0.01626052087178029,0.25250360556341506,0.31579750913813404
2023-09-28 00:00:00-04:00,580.5,583.5,575.25,578.75,43969,0.0,0.0,-0.0012942191544434989,-0.0012950573793625826,0.1889957293703213,0.31304642826572315
2023-09-29 00:00:00-04:00,579.5,585.5,540.0,541.5,123780,0.0,0.0,-0.06436285097192229,-0.06652753895939857,0.4904363783190034,0.388206370468061
2023-10-02 00:00:00-04:00,545.0,567.0,541.25,564.75,96364,0.0,0.0,0.04293628808864258,0.04204008890706727,0.6120472293167188,0.41909568844337786
2023-10-03 00:00:00-04:00,568.25,575.0,562.75,568.5,75409,0.0,0.0,0.006640106241699861,0.006618157842478074,0.6191322666461692,0.4185670073355095
2023-10-04 00:00:00-04:00,567.5,569.75,551.75,560.0,66479,0.0,0.0,-0.014951627088830244,-0.015064529461395802,0.618027121416412,0.4178927072324293
2023-10-05 00:00:00-04:00,559.75,580.25,559.0,578.25,69807,0.0,0.0,0.032589285714285765,0.032069517382353696,0.6788175698612406,0.4307522209250057
2023-10-06 00:00:00-04:00,576.0,580.25,566.5,568.25,50140,0.0,0.0,-0.017293558149589328,-0.017444838378896026,0.43284492106839695,0.4346963739893063
2023-10-09 00:00:00-04:00,573.25,581.5,570.0,572.75,46092,0.0,0.0,0.007919049714034232,0.007887858600952233,0.3221254884213708,0.4286475807192284
2023-10-10 00:00:00-04:00,573.75,574.75,555.5,558.5,48419,0.0,0.0,-0.024879965080750743,-0.025194702824349484,0.3732349791046401,0.43823742706563135
2023-10-11 00:00:00-04:00,559.0,560.75,551.0,556.0,43895,0.0,0.0,-0.004476275738585445,-0.004486324258672971,0.35984276141938826,0.4346538944795178
2023-10-12 00:00:00-04:00,557.25,574.5,547.25,571.5,83008,0.0,0.0,0.027877697841726556,0.02749618898428291,0.3324597713181546,0.44628411121352773
2023-10-13 00:00:00-04:00,572.0,586.25,569.5,579.75,87479,0.0,0.0,0.014435695538057791,0.014332492900775736,0.3175053601408363,0.3815796802534743
2023-10-16 00:00:00-04:00,580.0,588.5,575.25,577.25,56769,0.0,0.0,-0.00431220353600692,-0.004321527901036316,0.32028104309919314,0.37460825096902917
2023-10-17 00:00:00-04:00,577.0,582.25,568.5,570.5,53405,0.0,0.0,-0.011693373754872227,-0.011762278932474397,0.25909988896257574,0.37438542286086496
2023-10-18 00:00:00-04:00,572.5,584.0,571.25,580.25,52739,0.0,0.0,0.017090271691498682,0.016945875852416088,0.2579649062527962,0.3785788445429724
2023-10-19 00:00:00-04:00,579.75,594.5,576.5,594.0,65379,0.0,0.0,0.023696682464454888,0.023420274208098422,0.23940181413924383,0.3787672446339056
2023-10-20 00:00:00-04:00,594.0,604.5,583.25,586.0,81524,0.0,0.0,-0.013468013468013518,-0.013559529785632362,0.27088362554248585,0.38211980139498297
2023-10-23 00:00:00-04:00,586.5,595.25,582.0,587.25,48387,0.0,0.0,0.00213310580204773,0.002130833962009507,0.2648247345333242,0.37774702530543086
2023-10-24 00:00:00-04:00,587.75,588.0,572.75,580.5,47630,0.0,0.0,-0.011494252873563204,-0.011560822401075971,0.26410537724944777,0.3799933657149989
2023-10-25 00:00:00-04:00,580.0,586.25,567.0,568.5,57951,0.0,0.0,-0.02067183462532296,-0.02088848794735542,0.27819715225110425,0.3828108461312001
2023-10-26 00:00:00-04:00,569.25,580.5,563.25,579.5,72437,0.0,0.0,0.019349164467898028,0.01916434958921572,0.2513877692263756,0.3893285695281462
2023-10-27 00:00:00-04:00,580.25,582.5,571.0,575.5,48608,0.0,0.0,-0.00690250215703192,-0.006926434617869061,0.2412940485280885,0.30746895236714317
2023-10-30 00:00:00-04:00,576.0,577.0,565.25,566.0,60510,0.0,0.0,-0.01650738488271064,-0.016645149958754355,0.24992832187629396,0.2764853399832603
2023-10-31 00:00:00-04:00,568.25,568.5,554.5,556.25,72016,0.0,0.0,-0.017226148409894004,-0.017376244722732977,0.25920777045823545,0.28209597857203655
2023-11-01 00:00:00-04:00,557.5,564.75,554.75,561.75,58783,0.0,0.0,0.009887640449438129,0.009839077584988509,0.2587892425990776,0.2794987826933908
2023-11-02 00:00:00-04:00,562.25,569.5,557.25,565.5,53492,0.0,0.0,0.006675567423231055,0.0066533844907366736,0.20131650525001132,0.2537460286476383
2023-11-03 00:00:00-04:00,565.75,574.5,563.75,572.5,41970,0.0,0.0,0.012378426171529622,0.012302439872219571,0.23279243947350514,0.2503007537123573
2023-11-06 00:00:00-05:00,573.0,577.75,566.5,575.75,68699,0.0,0.0,0.005676855895196509,0.005660803272399866,0.18850305362507705,0.24954355946648726
2023-11-07 00:00:00-05:00,574.0,582.25,564.5,570.25,106304,0.0,0.0,-0.009552757273121992,-0.009598677536297144,0.1359514536643006,0.23444102610160542
2023-11-08 00:00:00-05:00,571.5,598.75,570.25,592.25,144369,0.0,0.0,0.038579570363875604,0.037853981874397535,0.2785599019337124,0.26814291847490196
2023-11-09 00:00:00-05:00,590.0,592.5,573.0,580.75,85078,0.0,0.0,-0.01941747572815533,-0.019608471388376313,0.35399286537350905,0.26314894382478005
2023-11-10 00:00:00-05:00,581.75,583.0,570.75,575.25,68735,0.0,0.0,-0.00947051226861817,-0.009515642735043267,0.3612828089126944,0.26054867051281994
2023-11-13 00:00:00-05:00,575.0,582.0,567.25,579.0,80609,0.0,0.0,0.006518904823989535,0.00649774865751995,0.3619943388116316,0.261151723318778
2023-11-14 00:00:00-05:00,581.0,585.0,570.25,572.0,65166,0.0,0.0,-0.012089810017271163,-0.01216348619319735,0.3672106729110644,0.2613964522546136
2023-11-15 00:00:00-05:00,572.75,579.25,557.0,560.5,83309,0.0,0.0,-0.020104895104895104,-0.020309748867583296,0.17100205284050596,0.2629708030481322
2023-11-16 00:00:00-05:00,562.25,562.5,547.0,553.5,57404,0.0,0.0,-0.012488849241748423,-0.012567490363523016,0.15568082668400662,0.24772975197065902
2023-11-17 00:00:00-05:00,555.75,557.75,547.0,550.75,51395,0.0,0.0,-0.0049683830171635135,-0.004980766466239073,0.1590287644116268,0.24497454560783255
2023-11-20 00:00:00-05:00,550.75,554.0,541.0,543.5,42772,0.0,0.0,-0.013163867453472533,-0.013251279121188366,0.0851726292051181,0.24674723749218652
2023-11-21 00:00:00-05:00,544.0,557.0,541.75,555.0,43240,0.0,0.0,0.021159153633854677,0.020938407185170406,0.2548613257956603,0.26002055266083823
2023-11-22 00:00:00-05:00,556.0,563.5,554.5,555.75,29106,0.0,0.0,0.0013513513513514486,0.0013504390978715467,0.22313753613692577,0.25076343608688484
2023-11-24 00:00:00-05:00,555.0,555.75,546.5,548.75,26202,0.0,0.0,-0.012595591542959972,-0.012675588454924861,0.22346607505699045,0.24183340662509822
2023-11-27 00:00:00-05:00,550.0,552.75,527.5,534.25,41484,0.0,0.0,-0.02642369020501134,-0.026779070190124054,0.2865766946618513,0.2559417082569866
2023-11-28 00:00:00-05:00,534.0,545.5,528.0,543.75,31630,0.0,0.0,0.017781937295273664,0.017625688203636764,0.3196919928546665,0.26185992959491416
2023-11-29 00:00:00-05:00,544.5,559.0,542.75,556.0,19771,0.0,0.0,0.022528735632183938,0.022278711847688558,0.32543040091876285,0.26887794324668207
2023-11-30 00:00:00-05:00,557.5,570.25,555.5,570.25,1556,0.0,0.0,0.025629496402877594,0.025306566913914936,0.3716572688781939,0.2819561780343692
2023-12-01 00:00:00-05:00,569.25,577.5,569.25,577.0,665,0.0,0.0,0.011836913634370783,0.011767405343602043,0.33595331374478477,0.2839465742617557
2023-12-04 00:00:00-05:00,583.0,595.75,583.0,595.75,371,0.0,0.0,0.03249566724436748,0.031978849470752,0.12415583806634012,0.3028405508040145
2023-12-05 00:00:00-05:00,601.0,620.75,597.75,620.75,582,0.0,0.0,0.04196391103650865,0.04110730840942453,0.17851785794142389,0.3341925530383866
2023-12-06 00:00:00-05:00,625.75,634.0,615.75,615.75,50,0.0,0.0,-0.00805477245267816,-0.008087387387628644,0.3095483538472964,0.3334295404941473
2023-12-07 00:00:00-05:00,622.75,626.0,622.75,626.0,93,0.0,0.0,0.016646366220056885,0.016509334099451274,0.30723241457200845,0.3116875134726581
2023-12-08 00:00:00-05:00,618.75,619.0,615.0,615.0,17,0.0,0.0,-0.01757188498402551,-0.017728103293580606,0.4055138934357764,0.30999460716960076
2023-12-11 00:00:00-05:00,591.25,591.25,591.25,591.25,198,0.0,0.0,-0.03861788617886175,-0.039383328000375105,0.4954724823498307,0.34129309968554367
2023-12-12 00:00:00-05:00,607.0,607.0,607.0,607.0,145,0.0,0.0,0.02663847780126849,0.02628985125335553,0.4172791750801416,0.3524359470013893
2023-12-13 00:00:00-05:00,585.25,585.25,585.25,585.25,214,0.0,0.0,-0.035831960461285006,-0.036489684688478116,0.47595039061449224,0.3749181365643711
2023-12-14 00:00:00-05:00,594.0,594.0,594.0,594.0,46870,0.0,0.0,0.01495087569414788,0.01484021299162486,0.4701437178758387,0.3688368907402937
2023-12-15 00:00:00-05:00,616.0,630.0,610.75,629.25,52711,0.0,0.0,0.059343434343434254,0.05764931465278024,0.6683234586052832,0.4138004096895881
2023-12-18 00:00:00-05:00,629.75,632.0,614.75,617.0,43591,0.0,0.0,-0.019467620182757273,-0.01965961011003746,0.5993136621525311,0.42236070298123524
2023-12-19 00:00:00-05:00,618.25,624.25,611.25,622.75,42919,0.0,0.0,0.009319286871961152,0.009276130236902038,0.5797240038087673,0.4163059722314217
2023-12-20 00:00:00-05:00,622.5,625.25,609.0,610.0,39373,0.0,0.0,-0.020473705339221215,-0.02068619697493289,0.5173682324275233,0.4238908819283351
2023-12-21 00:00:00-05:00,611.5,617.25,610.25,612.5,33648,0.0,0.0,0.004098360655737654,0.004089985251525066,0.5148838832403277,0.42368314781381333
2023-12-22 00:00:00-05:00,612.5,618.25,610.75,616.25,26134,0.0,0.0,0.00612244897959191,0.006103782938017886,0.23223065812075194,0.4184271213496021
2023-12-26 00:00:00-05:00,615.0,639.75,611.5,636.25,40674,0.0,0.0,0.032454361054766734,0.03193884250783263,0.2985585851430599,0.4097477840464914
2023-12-27 00:00:00-05:00,636.0,637.5,619.25,623.0,38063,0.0,0.0,-0.020825147347740658,-0.021045049077279346,0.351401425659627,0.4216299352329236
2023-12-28 00:00:00-05:00,624.25,636.25,621.75,631.5,32254,0.0,0.0,0.013643659711075395,0.013551423003092611,0.3048817329368429,0.4185022099675399
2023-12-29 00:00:00-05:00,631.0,633.5,621.5,628.0,34752,0.0,0.0,-0.005542359461599422,-0.005557775322347179,0.3182481289493317,0.4144242062895912
2024-01-02 00:00:00-05:00,628.75,628.75,604.75,606.75,61472,0.0,0.0,-0.0338375796178344,-0.03442332186148792,0.4206759145924162,0.4358200385765763
2024-01-03 00:00:00-05:00,608.0,609.75,598.25,600.25,63996,0.0,0.0,-0.010712814173877261,-0.010770609505348206,0.2810989892425831,0.4236864951829089
2024-01-04 00:00:00-05:00,601.5,614.5,591.25,613.5,63693,0.0,0.0,0.022074135776759762,0.021834029049603604,0.3480241902978527,0.40339853757909444
2024-01-05 00:00:00-05:00,613.0,621.5,611.5,616.0,43101,0.0,0.0,0.004074979625101838,0.004066699382553613,0.32529935436928165,0.40259576494636207
2024-01-08 00:00:00-05:00,617.0,617.25,593.0,596.25,70376,0.0,0.0,-0.03206168831168832,-0.03258692133096881,0.3791871995647329,0.41338558855342916
2024-01-09 00:00:00-05:00,596.0,613.75,594.0,610.0,57128,0.0,0.0,0.023060796645702375,0.022798914964806027,0.36975223712801264,0.4183614283322177
2024-01-10 00:00:00-05:00,610.25,612.0,603.75,610.75,40391,0.0,0.0,0.0012295081967212962,0.0012287529704929014,0.3547507330574525,0.39280720275631675
2024-01-11 00:00:00-05:00,610.0,614.75,602.0,603.75,38907,0.0,0.0,-0.011461318051575908,-0.011527505171067383,0.323707631626818,0.38418579409710757
2024-01-12 00:00:00-05:00,604.0,611.75,587.25,596.0,82712,0.0,0.0,-0.012836438923395477,-0.012919537901432715,0.322580186056171,0.3638677089679145
2024-01-16 00:00:00-05:00,596.0,602.25,576.75,582.0,61371,0.0,0.0,-0.023489932885906062,-0.02377021933391196,0.28294941362955106,0.3700727349750342
2024-01-17 00:00:00-05:00,581.5,595.75,577.75,582.5,69550,0.0,0.0,0.0008591065292096189,0.0008587377084178045,0.16506465327300046,0.29462075719860503
2024-01-18 00:00:00-05:00,583.5,587.0,573.25,585.5,50947,0.0,0.0,0.0051502145922746045,0.005136997597916328,0.18205390554606204,0.2900576535948066
2024-01-19 00:00:00-05:00,586.25,598.0,584.75,593.25,48393,0.0,0.0,0.013236549957301502,0.013149712278100963,0.23285682441673178,0.29249024377733646
2024-01-22 00:00:00-05:00,593.5,600.25,587.0,596.5,36371,0.0,0.0,0.0054782975136957734,0.005463346222097887,0.22223645580804904,0.28548113299973155
2024-01-23 00:00:00-05:00,596.0,606.75,593.75,596.5,42176,0.0,0.0,0.0,0.0,0.08333128960660992,0.28488723382041475
2024-01-24 00:00:00-05:00,598.0,612.25,596.5,610.75,56703,0.0,0.0,0.023889354568315202,0.023608468599879074,0.14771549634439485,0.2976147775802724
2024-01-25 00:00:00-05:00,611.5,617.25,606.5,612.25,54705,0.0,0.0,0.0024559967253376946,0.002452985694427267,0.15388181595467568,0.2717801142843779
2024-01-26 00:00:00-05:00,612.0,614.0,592.25,600.25,69590,0.0,0.0,-0.01959983666802778,-0.019794460730914534,0.24605669058066681,0.27067387727106557
2024-01-29 00:00:00-05:00,601.25,601.75,587.5,593.5,41478,0.0,0.0,-0.011245314452311583,-0.01130902105163992,0.26124229538230376,0.26632052722365507
2024-01-30 00:00:00-05:00,593.5,606.75,584.5,605.5,51993,0.0,0.0,0.020219039595619215,0.02001734894342422,0.3019011028926863,0.2784360208798326
2024-01-31 00:00:00-05:00,605.0,605.0,591.75,595.25,43147,0.0,0.0,-0.016928158546655636,-0.01707307762617476,0.26157196714364794,0.2582699058788145
2024-02-01 00:00:00-05:00,595.25,603.0,587.0,601.5,62577,0.0,0.0,0.010499790004199872,0.010445050047761362,0.28152728545371736,0.2584806622560024
2024-02-02 00:00:00-05:00,601.5,611.5,595.75,599.75,66721,0.0,0.0,-0.0029093931837074205,-0.0029136336949296356,0.24341797493037876,0.2453578626736291
2024-02-05 00:00:00-05:00,600.0,601.75,586.75,590.25,51236,0.0,0.0,-0.015839933305544007,-0.015966725754181687,0.25842656742464615,0.2500134721134165
2024-02-06 00:00:00-05:00,590.5,597.5,588.0,595.0,47583,0.0,0.0,0.008047437526471857,0.008015229580007483,0.20425876518372701,0.2254072710748469
2024-02-07 00:00:00-05:00,594.75,606.75,590.75,602.0,79577,0.0,0.0,0.0117647058823529,0.011696039763191236,0.18547452332178682,0.21331534605785998
2024-02-08 00:00:00-05:00,601.25,602.0,583.75,588.5,78673,0.0,0.0,-0.022425249169435224,-0.022680518608489637,0.234674239468225,0.2267643535354546
2024-02-09 00:00:00-05:00,591.25,605.5,588.0,596.75,100815,0.0,0.0,0.014018691588784993,0.013921338518608014,0.2691133957065917,0.2303109983384924
2024-02-12 00:00:00-05:00,596.25,603.0,588.5,597.5,69031,0.0,0.0,0.0012568077084205154,0.0012560185867261596,0.23439738855178827,0.22567108279707537
2024-02-13 00:00:00-05:00,597.0,603.5,592.25,597.5,82483,0.0,0.0,0.0,0.0,0.22937755053837655,0.20761730656591865
2024-02-14 00:00:00-05:00,597.25,597.75,577.5,585.5,84588,0.0,0.0,-0.020083682008368187,-0.020288100767893686,0.24541616944565833,0.22120081200152766
2024-02-15 00:00:00-05:00,585.75,585.75,565.25,567.0,79696,0.0,0.0,-0.03159692570452599,-0.032106879310019903,0.28998221366340876,0.247516536286095
2024-02-16 00:00:00-05:00,566.0,571.75,556.75,560.5,53034,0.0,0.0,-0.011463844797178102,-0.011530061215537441,0.22006431017372177,0.24352428306222004
2024-02-20 00:00:00-05:00,558.5,585.0,555.25,582.75,53102,0.0,0.0,0.03969669937555764,0.038929035403652015,0.4346694373622992,0.28548507002336954
2024-02-21 00:00:00-05:00,581.75,584.75,574.0,583.25,35041,0.0,0.0,0.0008580008580008069,0.0008576329856727856,0.4352948437126436,0.2855416571174204
2024-02-22 00:00:00-05:00,582.0,600.0,579.75,583.25,40227,0.0,0.0,0.0,0.0,0.4128206502605213,0.270133366639715
2024-02-23 00:00:00-05:00,584.75,592.5,572.5,573.5,30814,0.0,0.0,-0.016716673810544314,-0.016857974332113917,0.35111086292768623,0.27432493428819976
2024-02-26 00:00:00-05:00,573.5,578.75,562.0,577.25,23795,0.0,0.0,0.006538796861377483,0.006517511665179334,0.3286269361777448,0.2691431147436721
2024-02-27 00:00:00-05:00,576.0,591.75,575.5,586.0,15959,0.0,0.0,0.015158077089649113,0.015044341342407792,0.18544822606307287,0.2731619356337001
2024-02-28 00:00:00-05:00,586.5,588.0,569.75,571.0,13393,0.0,0.0,-0.025597269624573427,-0.025930579921002447,0.2658894592859672,0.27548434342539185
2024-02-29 00:00:00-05:00,570.0,582.0,567.0,577.5,1253,0.0,0.0,0.01138353765323985,0.01131923273993831,0.28834459196067164,0.27453675253664506
2024-03-01 00:00:00-05:00,577.75,577.75,558.25,560.0,549,0.0,0.0,-0.030303030303030276,-0.03077165866675366,0.34336788871879836,0.2889636286275578
2024-03-04 00:00:00-05:00,564.0,564.0,563.5,563.5,113,0.0,0.0,0.006250000000000089,0.006230549750636163,0.3427852072291255,0.29099628864812827
2024-03-05 00:00:00-05:00,554.75,554.75,545.75,545.75,31,0.0,0.0,-0.03149955634427681,-0.032006338049777684,0.3330711878116774,0.3051588403078894
2024-03-06 00:00:00-05:00,519.75,521.25,519.75,521.25,206,0.0,0.0,-0.04489234997709579,-0.04593122231704212,0.39750348200469826,0.33449656138290945
2024-03-07 00:00:00-05:00,526.5,526.5,520.75,520.75,251,0.0,0.0,-0.0009592326139088447,-0.0009596929719298011,0.346817154972762,0.32833334642369094
2024-03-08 00:00:00-05:00,528.5,528.5,526.75,526.75,15,0.0,0.0,0.011521843494959105,0.011455972543216952,0.3945016547228892,0.3293171288734577
2024-03-11 00:00:00-04:00,526.75,537.5,526.0,537.5,25,0.0,0.0,0.020408163265306145,0.02020270731751947,0.44513033082234815,0.33502555753394503
2024-03-12 00:00:00-04:00,541.0,544.75,535.5,535.5,40,0.0,0.0,-0.0037209302325581506,-0.0037278701140144154,0.3982163043113885,0.3342572387783361
2024-03-13 00:00:00-04:00,534.5,535.25,532.25,532.25,18,0.0,0.0,-0.0060690943043884005,-0.006087586114214586,0.1794452377285312,0.33368646919524475
2024-03-14 00:00:00-04:00,519.5,519.5,519.5,519.5,60596,0.0,0.0,-0.0239549084077032,-0.024246493234306825,0.27185576493949987,0.33619561846544216
2024-03-15 00:00:00-04:00,532.0,537.5,526.75,528.5,40453,0.0,0.0,0.017324350336862304,0.01717599477101018,0.29033026995400335,0.33111734590695213
2024-03-18 00:00:00-04:00,531.25,544.0,527.0,542.75,57975,0.0,0.0,0.02696310312204342,0.026606003448108803,0.32039676582197585,0.34630121586181334
2024-03-19 00:00:00-04:00,542.75,553.75,539.0,552.5,52072,0.0,0.0,0.017964071856287456,0.017804624633506686,0.3323045678166696,0.3196797387095699
2024-03-20 00:00:00-04:00,551.75,553.0,537.0,545.0,52836,0.0,0.0,-0.013574660633484115,-0.013667638728663757,0.3536956440149758,0.32178675633259196
2024-03-21 00:00:00-04:00,546.0,552.5,540.25,546.75,43716,0.0,0.0,0.0032110091743118296,0.003205864893633049,0.25174507390619594,0.3224100476903259
2024-03-22 00:00:00-04:00,548.5,559.25,539.5,554.75,58439,0.0,0.0,0.014631915866483824,0.014525902255826135,0.24775849349596477,0.3239566279494954
2024-03-25 00:00:00-04:00,559.0,567.0,549.5,555.0,63147,0.0,0.0,0.00045065344749883884,0.0004505519337311754,0.19901503922687983,0.32268098430865944
2024-03-26 00:00:00-04:00,555.0,557.5,542.75,543.5,39839,0.0,0.0,-0.02072072072072073,-0.02093840718517039,0.22267000359817776,0.3228566302632691
2024-03-27 00:00:00-04:00,543.25,549.5,538.5,547.5,40131,0.0,0.0,0.007359705611775569,0.007332755129391791,0.2104875532208703,0.31409509721748013
2024-03-28 00:00:00-04:00,546.5,568.5,544.5,560.25,72671,0.0,0.0,0.023287671232876672,0.023020650990380455,0.2650416486064496,0.3234801479771206
2024-04-01 00:00:00-04:00,562.0,562.75,547.25,557.0,43697,0.0,0.0,-0.0058009817045961976,-0.005817872753752392,0.2578685527483487,0.30555489232677696
2024-04-02 00:00:00-04:00,557.5,562.75,543.5,545.25,64529,0.0,0.0,-0.02109515260323158,-0.021320834845545568,0.3019176757089782,0.31334643802543516
2024-04-03 00:00:00-04:00,545.0,559.75,540.25,556.0,58686,0.0,0.0,0.01971572673085742,0.019523889168843952,0.29203355593241365,0.30070444424960857
2024-04-04 00:00:00-04:00,556.0,562.5,549.5,556.25,61299,0.0,0.0,0.0004496402877698369,0.00044953922986764537,0.29217918233401063,0.2469956737030539
2024-04-05 00:00:00-04:00,556.0,574.75,555.0,567.25,106580,0.0,0.0,0.01977528089887648,0.019582290179501215,0.2777583894754941,0.253067082767621
2024-04-08 00:00:00-04:00,570.25,573.75,559.5,565.75,90126,0.0,0.0,-0.002644336712207984,-0.0026478391463043154,0.27259311180347834,0.252779910384459
2024-04-09 00:00:00-04:00,563.0,564.25,553.5,557.75,73159,0.0,0.0,-0.014140521431727837,-0.014241451201004904,0.23541452732642365,0.25223638689872063
2024-04-10 00:00:00-04:00,558.5,567.25,555.75,558.5,68514,0.0,0.0,0.0013446884805019543,0.0013437851966134424,0.1936820386035433,0.2513597717135368
2024-04-11 00:00:00-04:00,558.0,559.75,548.25,551.75,73571,0.0,0.0,-0.012085944494180878,-0.012159573372409655,0.21502074461981713,0.25487542831789833
2024-04-12 00:00:00-04:00,552.5,562.5,549.5,556.0,63720,0.0,0.0,0.0077027639329405595,0.007673249113736512,0.1453979777382114,0.23634300026233032
2024-04-15 00:00:00-04:00,555.25,556.0,544.25,551.75,46713,0.0,0.0,-0.007643884892086339,-0.007673249113736603,0.14686255271303836,0.23358264576855597
2024-04-16 00:00:00-04:00,550.75,557.0,542.5,549.75,53008,0.0,0.0,-0.0036248300860897142,-0.003631415701975216,0.12240880989788377,0.21518347120502065
2024-04-17 00:00:00-04:00,550.5,555.0,536.0,537.0,38898,0.0,0.0,-0.023192360163710735,-0.023465534926005834,0.1797891084475838,0.2209738975645242
2024-04-18 00:00:00-04:00,538.0,544.0,534.25,536.75,35421,0.0,0.0,-0.0004655493482309536,-0.000465657749974319,0.18113215742982586,0.2161868296128294
2024-04-19 00:00:00-04:00,536.75,558.75,536.0,550.25,29394,0.0,0.0,0.02515137401024692,0.0248402836476807,0.2775941726756896,0.23465579968778696
2024-04-22 00:00:00-04:00,549.0,579.5,548.75,570.25,50920,0.0,0.0,0.036347114947751,0.03570214075792635,0.37823347606935687,0.26303933645273175
2024-04-23 00:00:00-04:00,572.0,586.0,565.75,585.0,42554,0.0,0.0,0.02586584831214389,0.025536986067359175,0.3847028222544908,0.2767946097821951
2024-04-24 00:00:00-04:00,583.25,598.5,578.75,594.5,27546,0.0,0.0,0.01623931623931618,0.016108868898979972,0.21869762086356467,0.26605957475646214
2024-04-25 00:00:00-04:00,594.0,605.0,593.5,602.25,25972,0.0,0.0,0.013036164844407061,0.01295192536414422,0.1453696799145085,0.2675913556667882
2024-04-26 00:00:00-04:00,602.0,614.5,598.25,603.25,28595,0.0,0.0,0.0016604400166044808,0.001659063010160449,0.20867974823200078,0.258758870527898
2024-04-29 00:00:00-04:00,595.75,604.75,582.75,590.25,17080,0.0,0.0,-0.02154993783671777,-0.021785528539518807,0.28851865102285684,0.27222173627412216
2024-04-30 00:00:00-04:00,587.0,587.0,577.75,585.0,1411,0.0,0.0,-0.008894536213468918,-0.008934328733765855,0.24845992693770796,0.26109091768692166
2024-05-01 00:00:00-04:00,580.25,582.25,579.0,581.5,505,0.0,0.0,-0.005982905982905962,-0.006000875273137357,0.20353463847899153,0.2560068227384771
2024-05-02 00:00:00-04:00,592.75,592.75,580.75,586.5,67,0.0,0.0,0.008598452278589797,0.00856169613481098,0.1808301298476782,0.2568299742612717
2024-05-03 00:00:00-04:00,606.0,606.0,606.0,606.0,226,0.0,0.0,0.03324808184143224,0.032707317975784314,0.33230492979561094,0.2726250657912832
2024-05-06 00:00:00-04:00,627.5,632.25,627.5,632.25,148,0.0,0.0,0.043316831683168244,0.04240489948076001,0.3708152148884568,0.30579862437256317
2024-05-07 00:00:00-04:00,635.0,635.0,624.75,624.75,52,0.0,0.0,-0.011862396204033177,-0.011933315835012727,0.38279323504345536,0.30393487944855024
2024-05-08 00:00:00-04:00,616.0,616.0,616.0,616.0,20,0.0,0.0,-0.014005602240896309,-0.014104606181541935,0.41162153932859125,0.3117436756065548
2024-05-09 00:00:00-04:00,624.25,624.25,619.75,619.75,125,0.0,0.0,0.006087662337662447,0.006069207381780217,0.41325723849503865,0.30506405745874793
2024-05-10 00:00:00-04:00,645.25,647.0,645.25,645.75,57,0.0,0.0,0.041952400161355374,0.04109626106064998,0.44565582777450385,0.3307414191057678
2024-05-13 00:00:00-04:00,648.0,670.25,645.75,670.25,33,0.0,0.0,0.03794037940379402,0.03723834514011879,0.4237860406513921,0.3420543149816873
2024-05-14 00:00:00-04:00,657.0,657.0,657.0,657.0,86543,0.0,0.0,-0.019768743006340905,-0.01996675863145815,0.45446588812017463,0.3551293397773639
2024-05-15 00:00:00-04:00,674.25,697.0,662.25,665.75,89540,0.0,0.0,0.013318112633181167,0.01323020620943114,0.4000024019803692,0.3339980085077313
2024-05-16 00:00:00-04:00,664.25,681.5,656.75,663.25,68479,0.0,0.0,-0.0037551633496056835,-0.0037622316761925533,0.4207865868338968,0.3356970881494872
2024-05-17 00:00:00-04:00,662.5,676.5,650.25,651.25,62410,0.0,0.0,-0.018092725216735772,-0.018258399950272362,0.38317314925693075,0.3461888434971358
2024-05-20 00:00:00-04:00,654.0,691.25,654.0,688.75,93314,0.0,0.0,0.05758157389635321,0.05598476739954761,0.50535826180245,0.3756453266387239
2024-05-21 00:00:00-04:00,687.5,700.75,682.0,697.5,88258,0.0,0.0,0.012704174228675091,0.012624153228396407,0.45131464264514015,0.37103153810100786
2024-05-22 00:00:00-04:00,697.25,716.75,688.5,693.0,89819,0.0,0.0,-0.006451612903225823,-0.006472514505617479,0.47007953236766464,0.3739622860240579
2024-05-23 00:00:00-04:00,694.0,702.5,682.5,698.0,68180,0.0,0.0,0.00721500721500723,0.007189103572469256,0.45852215616477304,0.37348360300041983
2024-05-24 00:00:00-04:00,701.25,706.0,689.0,697.25,70621,0.0,0.0,-0.0010744985673352137,-0.0010750762547741084,0.40414402950924844,0.3741920887202356
2024-05-28 00:00:00-04:00,713.0,720.0,693.75,700.25,73681,0.0,0.0,0.004302617425600674,0.004293387632619671,0.1174589017837711,0.3584708311897624
2024-05-29 00:00:00-04:00,701.5,706.25,688.5,692.75,63288,0.0,0.0,-0.010710460549803624,-0.010768230397130093,0.11746916377025067,0.3597167448977958
2024-05-30 00:00:00-04:00,692.75,693.75,673.25,681.0,68977,0.0,0.0,-0.01696138578130635,-0.01710687759357539,0.1616474340782265,0.3676940086814398
2024-05-31 00:00:00-04:00,680.5,691.5,673.75,678.5,54291,0.0,0.0,-0.0036710719530103075,-0.003677826874588563,0.1322114028647489,0.37008003232609266
2024-06-03 00:00:00-04:00,678.0,697.75,667.5,672.75,84111,0.0,0.0,-0.008474576271186418,-0.00851068966790862,0.12648631207890743,0.36120503927371655
2024-06-04 00:00:00-04:00,672.5,681.25,657.75,658.25,82162,0.0,0.0,-0.021553325901152,-0.021788991230596418,0.111959777025943,0.3440675097233258
2024-06-05 00:00:00-04:00,659.25,664.25,642.75,646.75,84832,0.0,0.0,-0.01747056589441698,-0.017624977310280232,0.11621661503729454,0.34767237258113004
2024-06-06 00:00:00-04:00,649.75,654.0,638.25,639.5,83045,0.0,0.0,-0.01120989563200614,-0.011273200047241087,0.11294483764160997,0.3461081907631835
2024-06-07 00:00:00-04:00,639.5,639.5,618.25,627.5,131164,0.0,0.0,-0.018764659890539437,-0.01894295001295838,0.0865653220334069,0.3534703001335582
2024-06-10 00:00:00-04:00,626.0,627.0,606.25,607.5,119712,0.0,0.0,-0.031872509960159334,-0.0323914957912354,0.11995699718421839,0.3363439092663752
2024-06-11 00:00:00-04:00,606.75,633.0,605.5,626.5,132289,0.0,0.0,0.031275720164609,0.030796599121419417,0.381931010558842,0.3263091212371313
2024-06-12 00:00:00-04:00,626.0,627.75,610.5,617.0,84288,0.0,0.0,-0.015163607342378316,-0.015279750430735203,0.37928112835882705,0.3236006868323118
2024-06-13 00:00:00-04:00,614.5,627.25,612.5,620.0,77149,0.0,0.0,0.004862236628849326,0.00485045413374948,0.3907628510225894,0.31932938605387745
2024-06-14 00:00:00-04:00,618.25,622.5,611.0,612.75,73733,0.0,0.0,-0.011693548387096797,-0.011762455630915306,0.37918696201662955,0.3206986169506814
2024-06-17 00:00:00-04:00,607.75,610.25,590.25,591.5,71030,0.0,0.0,-0.03467972256221952,-0.0352953389897805,0.3922439752759477,0.3355890294457817
2024-06-18 00:00:00-04:00,590.0,595.25,580.0,582.0,59959,0.0,0.0,-0.01606086221470837,-0.016191235687003647,0.22349524980805008,0.2439294890953733
2024-06-20 00:00:00-04:00,582.0,582.75,565.5,572.75,66902,0.0,0.0,-0.01589347079037806,-0.016021126397832975,0.22368207453067124,0.23214951878947754
2024-06-21 00:00:00-04:00,571.25,579.25,557.75,561.5,67572,0.0,0.0,-0.01964207769532955,-0.019837547155107032,0.14113487675998024,0.23441028506984085
2024-06-24 00:00:00-04:00,562.0,563.0,546.5,552.5,36639,0.0,0.0,-0.016028495102404228,-0.016158340786589943,0.12865045836846464,0.22565035817543058
2024-06-25 00:00:00-04:00,552.5,556.0,539.75,541.75,29811,0.0,0.0,-0.019457013574660675,-0.01964879297543949,0.030945948443571552,0.2237863826849663
2024-06-26 00:00:00-04:00,539.75,552.75,538.0,541.25,19701,0.0,0.0,-0.0009229349330872605,-0.0009233610997688727,0.12285214654513048,0.2193243522408477
2024-06-27 00:00:00-04:00,540.5,562.5,539.5,559.75,18205,0.0,0.0,0.03418013856812929,0.03360897616216457,0.36327747345420924,0.27544302681484223
2024-06-28 00:00:00-04:00,559.25,565.0,547.0,553.5,1450,0.0,0.0,-0.011165698972755655,-0.0112285033301726,0.34537678665754157,0.2743949633097975
2024-07-01 00:00:00-04:00,556.5,569.25,552.75,569.25,339,0.0,0.0,0.028455284552845628,0.028057952795157527,0.37972691203523273,0.30632611840348567
2024-07-02 00:00:00-04:00,562.0,562.0,561.5,561.5,283,0.0,0.0,-0.013614404918752765,-0.013707930765351149,0.3563872582700416,0.3068490937152017
2024-07-03 00:00:00-04:00,563.75,563.75,554.5,554.5,193,0.0,0.0,-0.012466607301869992,-0.012544967388076146,0.3818560737171548,0.3035255475512358
2024-07-05 00:00:00-04:00,573.0,573.0,572.25,572.25,127,0.0,0.0,0.032010820559062125,0.03150915204225426,0.37161346056321104,0.3332090157379518
2024-07-08 00:00:00-04:00,552.25,553.0,552.25,553.0,73,0.0,0.0,-0.033639143730886834,-0.03421795731034126,0.45641935436787084,0.3471751315445919
2024-07-09 00:00:00-04:00,554.25,554.25,554.25,554.25,49,0.0,0.0,0.0022603978300181904,0.0022578469740861546,0.38662107722814815,0.3457555630797382
2024-07-10 00:00:00-04:00,542.0,547.25,542.0,543.5,84,0.0,0.0,-0.019395579612088376,-0.01958614193515668,0.39669874627478363,0.33605525147598336
2024-07-11 00:00:00-04:00,543.5,561.25,543.5,554.25,30,0.0,0.0,0.019779208831646633,0.019586141935156613,0.4295362359712224,0.32160917997535754
2024-07-12 00:00:00-04:00,538.0,538.0,538.0,538.0,79921,0.0,0.0,-0.02931889941362198,-0.029757288334636398,0.35815830518422703,0.3308026029792183
2024-07-15 00:00:00-04:00,551.0,552.5,531.0,532.5,76571,0.0,0.0,-0.010223048327137496,-0.010275662578204187,0.3037316801812084,0.3281804169634069
2024-07-16 00:00:00-04:00,531.25,537.5,525.25,530.75,63371,0.0,0.0,-0.00328638497652578,-0.0032917970002146594,0.29506990455619,0.3280701899879873
2024-07-17 00:00:00-04:00,530.5,546.5,528.0,539.25,52555,0.0,0.0,0.01601507300989158,0.0158881846859002,0.31874899032104803,0.32051432341778235
2024-07-18 00:00:00-04:00,540.75,546.5,533.0,535.25,50518,0.0,0.0,-0.007417709782104764,-0.007445357799473573,0.25744884563412146,0.3178080363834715
2024-07-19 00:00:00-04:00,534.75,556.25,530.5,542.75,67049,0.0,0.0,0.014012143858010306,0.013914881288609076,0.19548764085349324,0.320665998422598
2024-07-22 00:00:00-04:00,545.25,553.5,540.25,548.0,48547,0.0,0.0,0.009672961768770083,0.009626478189614242,0.16725907182767288,0.3167325211629919
2024-07-23 00:00:00-04:00,547.75,552.0,540.5,542.75,41164,0.0,0.0,-0.009580291970802901,-0.00962647818961429,0.19281411038010893,0.3134924436345379
2024-07-24 00:00:00-04:00,542.5,555.5,537.25,547.0,51655,0.0,0.0,0.007830492860432914,0.007799993663579916,0.16947018085200397,0.3067347921756689
2024-07-25 00:00:00-04:00,546.75,549.75,536.25,537.75,44805,0.0,0.0,-0.016910420475319876,-0.017055034274141723,0.21355747784346935,0.313014046948136
2024-07-26 00:00:00-04:00,537.0,541.25,522.0,523.5,56593,0.0,0.0,-0.02649930264993028,-0.026856737837247898,0.2488529707283967,0.298544848909163
2024-07-29 00:00:00-04:00,523.5,532.75,514.25,531.0,53527,0.0,0.0,0.014326647564469885,0.01422499093134726,0.26991256931502666,0.3031718422830519
2024-07-30 00:00:00-04:00,528.75,529.5,517.0,524.0,50329,0.0,0.0,-0.013182674199623379,-0.013270336920896698,0.2739641044651423,0.2832511111647078
2024-07-31 00:00:00-04:00,523.0,534.0,515.5,527.25,60814,0.0,0.0,0.006202290076335881,0.0061831350378418175,0.26864583880732784,0.28304676819243746
2024-08-01 00:00:00-04:00,526.75,534.75,519.75,532.0,56989,0.0,0.0,0.009009009009008917,0.008968669982760316,0.2726881849485881,0.2837752204729034
2024-08-02 00:00:00-04:00,532.0,540.5,528.5,539.0,51484,0.0,0.0,0.013157894736842035,0.0130720815673527,0.1770543508927103,0.2608442279187629
2024-08-05 00:00:00-04:00,540.25,541.5,519.75,539.5,60219,0.0,0.0,0.0009276437847867136,0.0009272137891922675,0.16178588803460492,0.23424793778612735
2024-08-06 00:00:00-04:00,540.0,548.75,531.5,543.25,59182,0.0,0.0,0.006950880444856367,0.006926834438349687,0.07061778374061263,0.23573559242239603
2024-08-07 00:00:00-04:00,544.0,548.75,534.75,538.25,79911,0.0,0.0,-0.009203865623561902,-0.009246482892066614,0.137775890244302,0.22776927961328464
2024-08-08 00:00:00-04:00,537.75,544.5,532.5,537.5,67628,0.0,0.0,-0.0013934045517881577,-0.0013943762426545034,0.13450379016335506,0.21494472958307723
2024-08-09 00:00:00-04:00,537.25,552.0,536.25,542.5,82400,0.0,0.0,0.009302325581395321,0.009259325412796726,0.11602857352054159,0.19089192434430174
2024-08-12 00:00:00-04:00,542.75,547.0,528.0,536.75,84754,0.0,0.0,-0.010599078341013812,-0.010655648655724194,0.1439587360534672,0.19117615696289178
2024-08-13 00:00:00-04:00,538.0,538.25,525.0,528.75,67772,0.0,0.0,-0.014904517931998096,-0.015016706398402642,0.15144121131046817,0.1985087820267595
2024-08-14 00:00:00-04:00,529.25,537.25,524.0,534.75,84253,0.0,0.0,0.01134751773049647,0.0112836176020273,0.18511349270692795,0.19412168154063472
2024-08-15 00:00:00-04:00,535.75,547.75,527.0,528.25,69556,0.0,0.0,-0.012155212716222552,-0.012229691466348946,0.20074706284012478,0.19711548468191384
2024-08-16 00:00:00-04:00,527.25,533.5,523.25,530.0,52852,0.0,0.0,0.003312825366777128,0.0033073500500014714,0.1803328366678706,0.19014256412505345
2024-08-19 00:00:00-04:00,530.5,531.25,521.75,528.25,46025,0.0,0.0,-0.0033018867924528017,-0.003307350050001409,0.1723008134236112,0.18590561552001797
2024-08-20 00:00:00-04:00,528.0,535.5,525.75,533.0,43754,0.0,0.0,0.008991954566966331,0.008951767669678394,0.1518103546406665,0.18723867335733863
2024-08-21 00:00:00-04:00,533.75,536.5,519.0,519.75,35065,0.0,0.0,-0.024859287054408985,-0.025173497427722215,0.21172330555152372,0.202496477774956
2024-08-22 00:00:00-04:00,521.25,524.0,502.5,511.0,44564,0.0,0.0,-0.01683501683501687,-0.016978336534417906,0.2231467990645549,0.20242534368666507
2024-08-23 00:00:00-04:00,512.0,513.75,501.25,502.25,48966,0.0,0.0,-0.017123287671232834,-0.017271586508660595,0.21325377354974495,0.19001945087815408
2024-08-26 00:00:00-04:00,505.25,506.0,495.5,498.0,39317,0.0,0.0,-0.008461921353907442,-0.008497926670390897,0.2050794109636346,0.18105391420200734
2024-08-27 00:00:00-04:00,497.25,510.75,493.5,508.25,31510,0.0,0.0,0.02058232931726911,0.02037337548380312,0.28104155461417935,0.19532392392957304
2024-08-28 00:00:00-04:00,507.0,516.0,505.5,514.25,19344,0.0,0.0,0.011805213969503292,0.01173607602461063,0.27393225040167063,0.19921018418660208
2024-08-29 00:00:00-04:00,513.0,525.0,508.25,525.0,12493,0.0,0.0,0.020904229460379176,0.02068873405855718,0.2762418127225965,0.21137687927356008
2024-08-30 00:00:00-04:00,522.5,534.75,522.5,532.75,830,0.0,0.0,0.014761904761904754,0.014654008387102766,0.19103316927962122,0.21283099637957037
2024-09-03 00:00:00-04:00,531.5,552.0,530.5,552.0,426,0.0,0.0,0.03613327076489914,0.03549577529836882,0.14902714062713823,0.24948921075815886
2024-09-04 00:00:00-04:00,551.5,568.75,551.5,565.25,156,0.0,0.0,0.024003623188405765,0.023720064880983886,0.1506289518959568,0.26169047076096874
2024-09-05 00:00:00-04:00,565.5,565.5,557.0,561.0,118,0.0,0.0,-0.007518796992481258,-0.007547205635382966,0.25527855242651015,0.2607905754356799
2024-09-06 00:00:00-04:00,565.75,565.75,552.25,553.25,429,0.0,0.0,-0.013814616755793208,-0.013910926591537257,0.3342353849138967,0.2667200830199706
2024-09-09 00:00:00-04:00,555.5,555.5,555.5,555.5,429,0.0,0.0,0.004066877541798464,0.004058630148525646,0.33469707738633714,0.26535319044470945
2024-09-10 00:00:00-04:00,554.75,558.75,554.75,558.75,7,0.0,0.0,0.005850585058505775,0.005833536848093827,0.23040315779813858,0.2619585534837951
2024-09-11 00:00:00-04:00,563.75,563.75,563.75,563.75,7,0.0,0.0,0.008948545861297452,0.00890874488910943,0.15411433806527652,0.254964887865071
2024-09-12 00:00:00-04:00,563.0,563.0,563.0,563.0,2,0.0,0.0,-0.001330376940133049,-0.001331262677197733,0.14213883563161503,0.25364672088995377
2024-09-13 00:00:00-04:00,571.25,571.25,571.25,571.25,89761,0.0,0.0,0.014653641207815316,0.014547314068724112,0.09395327151506194,0.2506585606423388
2024-09-16 00:00:00-04:00,594.75,596.0,574.25,578.5,80580,0.0,0.0,0.01269146608315097,0.012611604425316796,0.09999805336125271,0.25250240520534895
2024-09-17 00:00:00-04:00,578.5,584.25,571.25,575.75,45713,0.0,0.0,-0.004753673292999139,-0.00476500793293669,0.13695438430803586,0.25314968344833183
2024-09-18 00:00:00-04:00,576.0,582.75,573.0,575.75,47041,0.0,0.0,0.0,0.0,0.1396964167499078,0.25301493661229535
2024-09-19 00:00:00-04:00,575.75,577.25,564.0,565.5,51648,0.0,0.0,-0.017802865827181935,-0.01796324314461943,0.21160723100391068,0.24340256466528426
2024-09-20 00:00:00-04:00,566.25,575.75,565.25,568.5,60486,0.0,0.0,0.0053050397877985045,0.00529101763441568,0.18179559239612056,0.23018749147672987
2024-09-23 00:00:00-04:00,570.5,586.5,569.0,582.5,63331,0.0,0.0,0.024626209322779147,0.024327872249264807,0.2463434912812059,0.2235056826193918
2024-09-24 00:00:00-04:00,581.25,589.25,575.25,578.0,52268,0.0,0.0,-0.007725321888412018,-0.007755316767478161,0.2519173455411775,0.22282079496419177
2024-09-25 00:00:00-04:00,579.0,591.25,573.75,589.25,52959,0.0,0.0,0.019463667820069253,0.019276673143863072,0.2835418274726975,0.22198812590278322
2024-09-26 00:00:00-04:00,590.5,596.25,582.75,584.25,69058,0.0,0.0,-0.008485362749257486,-0.008521568397273114,0.24138536267764843,0.22837744657117262
2024-09-27 00:00:00-04:00,583.0,583.5,575.5,580.0,46189,0.0,0.0,-0.007274283269148474,-0.007300869878502309,0.26144418909689043,0.22670120795139342
2024-09-30 00:00:00-04:00,579.75,590.75,575.5,584.0,58874,0.0,0.0,0.006896551724137945,0.0068728792877620504,0.19592971907437945,0.22395307868973247
2024-10-01 00:00:00-04:00,584.0,602.5,577.0,599.0,84582,0.0,0.0,0.02568493150684925,0.025360615287222228,0.24434646408558192,0.20692429925852215
2024-10-02 00:00:00-04:00,596.25,617.25,596.25,615.25,116431,0.0,0.0,0.027128547579298834,0.0267670911557159,0.27286445165912426,0.21115021657348929
2024-10-03 00:00:00-04:00,614.25,617.25,601.25,603.5,78992,0.0,0.0,-0.019097927671678172,-0.019282648733579044,0.32129708014950287,0.2234128871158061
2024-10-04 00:00:00-04:00,603.75,604.25,587.0,589.75,76333,0.0,0.0,-0.022783761391880653,-0.023047322249801737,0.37762455492835045,0.2347472115322894
2024-10-07 00:00:00-04:00,590.25,595.25,584.0,592.5,55580,0.0,0.0,0.004662992793556642,0.00465215472150189,0.37671518951454847,0.23478246911541542
2024-10-08 00:00:00-04:00,593.75,599.0,587.5,594.75,59037,0.0,0.0,0.0037974683544304,0.003790276173780827,0.3222205851757737,0.23460350566984992
2024-10-09 00:00:00-04:00,594.75,604.75,594.25,599.0,55193,0.0,0.0,0.007145859604875904,0.007120448932382197,0.2290800950781639,0.23410747731840312
2024-10-10 00:00:00-04:00,600.75,609.25,598.5,603.75,60990,0.0,0.0,0.007929883138564353,0.007898606851333173,0.20531225462430233,0.2340697566222198
2024-10-11 00:00:00-04:00,603.75,611.25,592.5,599.0,75587,0.0,0.0,-0.007867494824016608,-0.007898606851333138,0.10130697813334189,0.23361891743640156
2024-10-14 00:00:00-04:00,598.5,601.0,584.25,585.25,55970,0.0,0.0,-0.022954924874791338,-0.02322249174442922,0.2082884939223046,0.24683963352426594
2024-10-15 00:00:00-04:00,585.5,586.75,578.0,579.5,69756,0.0,0.0,-0.009824861170440014,-0.009873443591213778,0.20522362014146925,0.24897141067602618
2024-10-16 00:00:00-04:00,581.25,587.5,575.25,585.0,57508,0.0,0.0,0.009490940465918918,0.009446184452050116,0.21451466327963992,0.25101925177754814
2024-10-17 00:00:00-04:00,584.25,591.75,576.25,589.5,75298,0.0,0.0,0.007692307692307665,0.007662872745569097,0.2136421161693436,0.24195337258690214
2024-10-18 00:00:00-04:00,590.0,595.5,570.25,572.75,82026,0.0,0.0,-0.02841391009329941,-0.028825398643820718,0.27411377442905394,0.2647290676093429
2024-10-21 00:00:00-04:00,572.75,584.25,570.75,572.25,74088,0.0,0.0,-0.0008729812309035134,-0.0008733625009288023,0.24563434611445398,0.24891413409955732
2024-10-22 00:00:00-04:00,574.0,578.75,565.75,576.0,49868,0.0,0.0,0.006553079947575258,0.006531701863215059,0.25026188561623847,0.24878270949645553
2024-10-23 00:00:00-04:00,575.75,582.75,566.25,578.5,57247,0.0,0.0,0.004340277777777679,0.004330885937839928,0.2389313309132206,0.23862904507665086
2024-10-24 00:00:00-04:00,579.0,584.25,575.0,581.5,49883,0.0,0.0,0.005185825410544576,0.005172425324987914,0.23302259864642882,0.23773155455506315
2024-10-25 00:00:00-04:00,581.25,585.5,566.0,569.0,75987,0.0,0.0,-0.021496130696474602,-0.021730537832388163,0.18506005738562478,0.24851626331476506
2024-10-28 00:00:00-04:00,564.25,571.5,557.75,558.75,61302,0.0,0.0,-0.018014059753954315,-0.018178288198552342,0.21959976461305059,0.25390312780676416
2024-10-29 00:00:00-04:00,559.0,572.75,558.0,570.5,67415,0.0,0.0,0.021029082774049135,0.020811023374351662,0.2815773338277034,0.2476089359903774
2024-10-30 00:00:00-04:00,571.25,580.5,564.0,573.25,68179,0.0,0.0,0.004820333041192004,0.004808752435883559,0.2822556858365904,0.22395363920447228
2024-10-31 00:00:00-04:00,572.75,573.75,563.5,570.5,61593,0.0,0.0,-0.004797208896641925,-0.0048087524358834625,0.27574638169202076,0.2163099373261272
2024-11-01 00:00:00-04:00,571.5,577.75,564.25,568.0,54164,0.0,0.0,-0.004382120946538115,-0.0043917505809789705,0.2289205347460157,0.20313141800947715
2024-11-04 00:00:00-05:00,569.0,575.75,565.0,568.75,55475,0.0,0.0,0.001320422535211252,0.0013195515440088063,0.16737746530440217,0.20206486520235886
2024-11-05 00:00:00-05:00,569.5,574.5,565.25,572.5,58641,0.0,0.0,0.00659340659340657,0.006571765163234519,0.08254017777680296,0.20336212474259405
2024-11-06 00:00:00-05:00,571.0,577.75,562.0,573.25,67945,0.0,0.0,0.0013100436681223737,0.0013091863096192109,0.0749423650592142,0.20098851495580158
2024-11-07 00:00:00-05:00,574.5,579.5,565.0,571.5,105864,0.0,0.0,-0.0030527692978630228,-0.0030574385031484365,0.06865382068637264,0.19745623108045074
2024-11-08 00:00:00-05:00,572.5,578.75,566.5,572.5,112145,0.0,0.0,0.0017497812773403787,0.0017482521935294133,0.054279323126791706,0.19704737735014516
2024-11-11 00:00:00-05:00,572.75,572.75,551.75,565.5,125709,0.0,0.0,-0.012227074235807822,-0.01230243987221953,0.11245717832141926,0.1853849814670417
2024-11-12 00:00:00-05:00,564.75,568.75,549.0,552.25,105727,0.0,0.0,-0.023430592396109673,-0.023709453255948625,0.1699384679329681,0.19912438227386087
2024-11-13 00:00:00-05:00,553.25,553.75,536.25,541.0,113238,0.0,0.0,-0.020371208691715714,-0.02058156345374504,0.17179576430670837,0.20377128314731138
2024-11-14 00:00:00-05:00,540.0,544.25,528.0,530.25,89913,0.0,0.0,-0.019870609981515686,-0.020070685401689665,0.16105924384601467,0.2065809216717541
2024-11-15 00:00:00-05:00,532.0,541.25,530.5,536.5,73593,0.0,0.0,0.011786892975011787,0.011717968625961334,0.22800336809921543,0.19566597114113496
2024-11-18 00:00:00-05:00,541.0,551.0,536.75,547.25,68144,0.0,0.0,0.020037278657968338,0.019839174332219184,0.3269128616369695,0.21232117022810065
2024-11-19 00:00:00-05:00,547.75,558.75,545.5,549.75,57490,0.0,0.0,0.004568296025582397,0.004557893031898183,0.29358790703417315,0.21135735068789038
2024-11-20 00:00:00-05:00,549.5,555.25,543.5,552.5,41277,0.0,0.0,0.005002273760800424,0.0049898039570373766,0.23659127984302922,0.211643783664473
2024-11-21 00:00:00-05:00,552.5,557.5,547.75,548.75,34966,0.0,0.0,-0.006787330316742057,-0.006810469002526752,0.15731964184516425,0.21035644821731495
2024-11-22 00:00:00-05:00,548.0,550.5,542.5,544.25,36559,0.0,0.0,-0.008200455580865573,-0.008234264274724255,0.18064023147714184,0.19971749046499426
2024-11-25 00:00:00-05:00,544.75,547.5,529.5,535.75,30009,0.0,0.0,-0.015617822691777694,-0.01574106576097044,0.14078934701823945,0.1973595292250088
2024-11-26 00:00:00-05:00,535.75,543.5,532.75,539.5,34123,0.0,0.0,0.006999533364442367,0.006975150344502948,0.15102231945656386,0.18124797985315438
2024-11-27 00:00:00-05:00,538.25,542.75,531.0,537.75,18864,0.0,0.0,-0.0032437442075996525,-0.0032490165503499427,0.13104031088577073,0.17904092385501927
2024-11-29 00:00:00-05:00,535.0,545.25,531.75,532.25,1246,0.0,0.0,-0.010227801022780092,-0.01028046437425057,0.13558232596661282,0.18074102172582446
2024-12-02 00:00:00-05:00,536.25,539.5,531.25,537.5,63,0.0,0.0,0.009863785814936632,0.009815456228229052,0.1730682974850984,0.18669259089764484
2024-12-03 00:00:00-05:00,539.0,544.75,536.75,536.75,47,0.0,0.0,-0.0013953488372092648,-0.001396323242927416,0.12861471605440505,0.18616700446628753
2024-12-04 00:00:00-05:00,537.25,541.0,535.75,538.0,43,0.0,0.0,0.0023288309268747476,0.0023261234028940443,0.11728999162231965,0.18390700281346717
2024-12-05 00:00:00-05:00,537.5,546.75,535.5,546.75,22,0.0,0.0,0.016263940520446107,0.016133099395092818,0.16210579144856233,0.19586855172427492
2024-12-06 00:00:00-05:00,544.75,546.0,542.5,542.5,27,0.0,0.0,-0.007773205304069553,-0.007803574142262656,0.1495909785614474,0.19682634185205242
2024-12-09 00:00:00-05:00,541.25,541.25,541.25,541.25,10,0.0,0.0,-0.0023041474654378336,-0.0023068060979150595,0.14363555924072519,0.19618294985277582
2024-12-10 00:00:00-05:00,545.0,545.0,542.0,542.0,2,0.0,0.0,0.001385681293302632,0.0013847221229466983,0.14153812776934854,0.19337330374610473
2024-12-11 00:00:00-05:00,544.0,552.5,543.5,543.5,56,0.0,0.0,0.002767527675276771,0.0027637051216179423,0.14164042883671754,0.17658545225846842
2024-12-12 00:00:00-05:00,535.0,538.75,533.25,538.75,24,0.0,0.0,-0.00873965041398339,-0.00877806514330654,0.08274839634740831,0.16379824424825298
2024-12-13 00:00:00-05:00,526.5,526.5,526.5,526.5,49134,0.0,0.0,-0.022737819025522077,-0.023000309843927386,0.16510820091060716,0.16862009045364237
2024-12-16 00:00:00-05:00,552.25,559.25,548.5,550.0,68005,0.0,0.0,0.04463437796771119,0.043666946652486306,0.3996522738267257,0.22926010521436369
2024-12-17 00:00:00-05:00,550.75,552.5,542.5,545.0,72661,0.0,0.0,-0.009090909090909038,-0.009132483563272474,0.40987152522809756,0.22091833914229006
2024-12-18 00:00:00-05:00,545.0,554.25,540.0,541.25,63252,0.0,0.0,-0.006880733944954143,-0.006904515346544487,0.41350138747228615,0.2214365460169596
2024-12-19 00:00:00-05:00,541.0,541.75,530.5,533.0,87290,0.0,0.0,-0.015242494226327952,-0.01535985515085507,0.4240451758609677,0.22614743781185784
2024-12-20 00:00:00-05:00,532.5,537.25,529.25,533.0,55084,0.0,0.0,0.0,0.0,0.3821876274705392,0.22540443893913586
2024-12-23 00:00:00-05:00,533.0,544.0,533.0,540.5,57507,0.0,0.0,0.014071294559099501,0.01397321291341849,0.17775704394606723,0.2302524770175059
2024-12-24 00:00:00-05:00,539.5,541.5,533.5,534.75,25215,0.0,0.0,-0.010638297872340385,-0.010695289116747919,0.1811690844544677,0.22649130648273685
2024-12-26 00:00:00-05:00,534.75,544.0,533.75,541.0,28461,0.0,0.0,0.011687704534829368,0.01161993088396652,0.2069946671293111,0.2290097250719282
2024-12-27 00:00:00-05:00,542.0,547.75,537.25,546.5,43052,0.0,0.0,0.010166358595194103,0.010115028770111747,0.16329246711718312,0.23124304589583916
2024-12-30 00:00:00-05:00,547.25,554.75,544.5,548.25,46874,0.0,0.0,0.003202195791399909,0.0031970796814044166,0.15855814894963602,0.22755044434307867
2024-12-31 00:00:00-05:00,548.75,552.75,546.75,551.5,33827,0.0,0.0,0.005927952576379347,0.005910451395559543,0.1410363380096005,0.22607382392760578
2025-01-02 00:00:00-05:00,551.75,552.75,542.5,545.75,44332,0.0,0.0,-0.010426110607434258,-0.010480843263503873,0.13964349096902642,0.22978730079218057
2025-01-03 00:00:00-05:00,545.5,547.0,527.5,529.25,87535,0.0,0.0,-0.03023362345396241,-0.030700085415078713,0.2608747046330252,0.2548607537122961
2025-01-06 00:00:00-05:00,530.25,543.75,530.25,540.5,64942,0.0,0.0,0.021256495040151258,0.021033727064288528,0.3072959654677296,0.25983534213462633
2025-01-07 00:00:00-05:00,540.5,544.25,535.25,542.5,46902,0.0,0.0,0.0037002775208141436,0.00369344833535173,0.3078525988058679,0.2587349440671917
2025-01-08 00:00:00-05:00,542.75,544.75,534.5,536.25,58097,0.0,0.0,-0.011520737327188946,-0.011587615172387895,0.3046094118261801,0.26193136984719395
2025-01-09 00:00:00-05:00,535.5,539.25,529.25,534.0,45711,0.0,0.0,-0.004195804195804231,-0.004204631282031924,0.30138478321880624,0.262194078195532
2025-01-10 00:00:00-05:00,533.0,541.25,526.0,530.75,104604,0.0,0.0,-0.006086142322097365,-0.006104738376829349,0.20250333082632455,0.26256257618611195
2025-01-13 00:00:00-05:00,530.5,545.75,528.5,545.0,84277,0.0,0.0,0.026848798869524293,0.02649469407987863,0.23899221423960193,0.2786486914953616
2025-01-14 00:00:00-05:00,546.25,552.25,542.75,546.25,70102,0.0,0.0,0.002293577981651307,0.0022909517465557624,0.23847684798005847,0.2645046138842455
2025-01-15 00:00:00-05:00,546.75,551.5,542.0,547.0,56045,0.0,0.0,0.0013729977116705427,0.0013720560121813611,0.210115648535953,0.21115939766067218
2025-01-16 00:00:00-05:00,547.0,547.0,536.75,537.5,52990,0.0,0.0,-0.017367458866544783,-0.017520042420163334,0.2580156545424474,0.2177285238981807
2025-01-17 00:00:00-05:00,537.5,542.0,533.25,538.75,50291,0.0,0.0,0.0023255813953488857,0.0023228814161397287,0.24938073243122055,0.21665779811386798
2025-01-21 00:00:00-05:00,542.0,561.75,542.0,558.75,112879,0.0,0.0,0.037122969837587005,0.03645050450982104,0.3134671691673774,0.24600256914778615
2025-01-22 00:00:00-05:00,558.5,566.75,551.5,554.0,91512,0.0,0.0,-0.008501118568232657,-0.008537459180494774,0.3286624803479392,0.24897000819927192
2025-01-23 00:00:00-05:00,554.0,559.0,548.0,554.0,64143,0.0,0.0,0.0,0.0,0.32923225340462275,0.24493661852881557
2025-01-24 00:00:00-05:00,550.0,552.25,541.25,544.0,81676,0.0,0.0,-0.018050541516245522,-0.018215439891341216,0.3318824255914228,0.2510830710128368
2025-01-27 00:00:00-05:00,543.0,543.0,532.0,535.5,68354,0.0,0.0,-0.015625,-0.015748356968139168,0.3563145145504144,0.25432565527297035
2025-01-28 00:00:00-05:00,535.75,548.5,533.5,545.25,77116,0.0,0.0,0.0182072829131652,0.018043515193934916,0.23260767381657455,0.2602839347562417
2025-01-29 00:00:00-05:00,544.5,564.75,544.5,562.5,90600,0.0,0.0,0.031636863823933936,0.03114672899683672,0.34140104830283696,0.28344493505337837
2025-01-30 00:00:00-05:00,560.75,569.75,559.0,566.5,96799,0.0,0.0,0.007111111111111068,0.007085946389485766,0.3408898413694976,0.28372469339011896
2025-01-31 00:00:00-05:00,569.0,569.0,551.75,559.5,87916,0.0,0.0,-0.012356575463371544,-0.012433552716081046,0.31866813579986625,0.28488074234500865
2025-02-03 00:00:00-05:00,555.0,573.75,550.5,566.75,90750,0.0,0.0,0.012957998212689947,0.012874761635658497,0.25609234420635196,0.2615777784566312
2025-02-04 00:00:00-05:00,566.5,579.0,558.0,577.0,89542,0.0,0.0,0.018085575650639507,0.017923977120461083,0.25589324376469336,0.25896105865022556
2025-02-05 00:00:00-05:00,577.25,584.25,569.5,572.25,108673,0.0,0.0,-0.008232235701906454,-0.008266307675423525,0.21064526008939927,0.26221974615221993
2025-02-06 00:00:00-05:00,572.25,588.75,566.5,587.75,109406,0.0,0.0,0.027086063783311465,0.02672572858750279,0.2711759695285767,0.26994833747118047
2025-02-07 00:00:00-05:00,587.75,592.5,579.75,582.75,106334,0.0,0.0,-0.008507018290089374,-0.008543409504312429,0.2542597318517673,0.2722632004213975
2025-02-10 00:00:00-05:00,581.25,586.0,576.25,579.5,105426,0.0,0.0,-0.005577005577005578,-0.005592615136060115,0.2665205628077094,0.27200611604783154
2025-02-11 00:00:00-05:00,579.0,588.0,575.75,577.0,110234,0.0,0.0,-0.004314063848144922,-0.004323396271706807,0.2412019701494458,0.26035274532170544
2025-02-12 00:00:00-05:00,576.25,584.5,572.75,574.25,113048,0.0,0.0,-0.004766031195840514,-0.004777424938891889,0.2348377217859254,0.2618027903677602
2025-02-13 00:00:00-05:00,574.0,581.0,571.5,577.75,91309,0.0,0.0,0.006094906399651823,0.006076407585282578,0.08826955561232239,0.2620384160661276
2025-02-14 00:00:00-05:00,577.25,602.75,577.25,600.0,103503,0.0,0.0,0.03851146689744689,0.03778840606165616,0.2983941309608407,0.2793115297015673
2025-02-18 00:00:00-05:00,598.25,609.0,593.25,604.75,93045,0.0,0.0,0.007916666666666572,0.007885494273990172,0.28026744686908095,0.27913115755224177
2025-02-19 00:00:00-05:00,605.0,608.25,588.5,592.0,64134,0.0,0.0,-0.021083092186854113,-0.021308514606130997,0.3466923867805747,0.2691768044126047
2025-02-20 00:00:00-05:00,592.0,595.5,583.5,585.5,37056,0.0,0.0,-0.010979729729729715,-0.011040451846233635,0.3606241090135367,0.27072439408087123
2025-02-21 00:00:00-05:00,585.5,593.0,585.25,590.0,40506,0.0,0.0,0.0076857386848847575,0.0076563538619931456,0.36135683366476334,0.27100472739677556
2025-02-24 00:00:00-05:00,589.5,589.5,574.75,579.0,27710,0.0,0.0,-0.01864406779661021,-0.01882005932676993,0.22279968367530226,0.271632085135753
2025-02-25 00:00:00-05:00,578.75,581.0,564.5,572.75,30844,0.0,0.0,-0.010794473229706392,-0.010853156239390342,0.17907603296409924,0.2676902900064935
2025-02-26 00:00:00-05:00,574.25,577.25,563.75,566.0,23733,0.0,0.0,-0.011785246617197709,-0.011855243130421947,0.1559973265266528,0.26700753637615465
2025-02-27 00:00:00-05:00,566.0,566.5,544.0,546.75,9609,0.0,0.0,-0.0340106007067138,-0.034602418646305734,0.23894186155007383,0.2720086975547908
2025-02-28 00:00:00-05:00,547.25,554.5,537.0,537.0,551,0.0,0.0,-0.017832647462277085,-0.017993565048012528,0.14752269907808685,0.2761814728716388
2025-03-03 00:00:00-05:00,545.5,545.75,532.0,532.0,77,0.0,0.0,-0.009310986964618295,-0.009354605167220349,0.16160771411970393,0.2749526907834052
2025-03-04 00:00:00-05:00,516.0,518.75,515.5,518.5,30,0.0,0.0,-0.025375939849624052,-0.025703461672062358,0.16092568314084194,0.28021981385032046
2025-03-05 00:00:00-05:00,534.5,534.5,530.0,530.75,2,0.0,0.0,0.023625843780135103,0.023351072913783553,0.3524843762241054,0.2867028350716261
2025-03-06 00:00:00-05:00,537.0,537.0,537.0,537.0,8,0.0,0.0,0.011775788977861579,0.011706993925499272,0.32599617341439474,0.2915546404874367
2025-03-07 00:00:00-05:00,533.75,533.75,533.75,533.75,13,0.0,0.0,-0.006052141527001842,-0.006070529966030358,0.30311719901560524,0.2690380855650951
2025-03-10 00:00:00-04:00,548.25,548.25,545.0,545.25,12,0.0,0.0,0.021545667447306682,0.021316840538904022,0.3283554866183425,0.2840835050005373
2025-03-11 00:00:00-04:00,543.75,544.0,541.0,541.0,16,0.0,0.0,-0.007794589637780791,-0.007825126235256873,0.23638065993345028,0.2844416978260553
2025-03-12 00:00:00-04:00,534.0,538.75,534.0,538.75,3,0.0,0.0,-0.004158964879852123,-0.004167637428523975,0.20555059205818813,0.2844347476121854
2025-03-13 00:00:00-04:00,549.0,551.25,547.25,547.25,15,0.0,0.0,0.015777262180974416,0.015654094985014716,0.21783210569104616,0.292243570059672
2025-03-14 00:00:00-04:00,545.75,545.75,545.75,545.75,60916,0.0,0.0,-0.002740977615349527,-0.0027447409729190967,0.2094434356395068,0.29057772342109645
2025-03-17 00:00:00-04:00,559.0,575.25,559.0,568.5,78721,0.0,0.0,0.04168575355016024,0.04084031776053737,0.327873058114631,0.29670070403462645
2025-03-18 00:00:00-04:00,568.75,574.75,563.5,565.0,64451,0.0,0.0,-0.006156552330694787,-0.006175582044149763,0.3228959690703684,0.2943261364035893
2025-03-19 00:00:00-04:00,564.25,568.5,558.0,563.5,62175,0.0,0.0,-0.0026548672566372167,-0.00265839766661,0.31922481685873205,0.28667095142179166
2025-03-20 00:00:00-04:00,565.25,568.0,552.25,557.25,62329,0.0,0.0,-0.011091393078970668,-0.011153361213852703,0.3405318928734678,0.2867160128352088
2025-03-21 00:00:00-04:00,557.75,563.0,553.25,558.25,47008,0.0,0.0,0.0017945266935845972,0.00179291845428905,0.33653520843880896,0.2847463391848132
2025-03-24 00:00:00-04:00,561.25,563.0,545.25,548.25,53647,0.0,0.0,-0.017913121361397222,-0.01807550342226968,0.12104308159243143,0.28421174972758584
2025-03-25 00:00:00-04:00,548.0,549.5,541.0,543.25,57054,0.0,0.0,-0.00911992704058373,-0.009161768161458613,0.12125515722514289,0.2836308751714873
2025-03-26 00:00:00-04:00,544.0,545.75,535.0,535.25,57623,0.0,0.0,-0.014726184997699066,-0.014835691666746875,0.1192723339492114,0.2850975662871933
2025-03-27 00:00:00-04:00,536.25,537.25,526.5,532.0,73561,0.0,0.0,-0.006071929005137755,-0.0060904381281477625,0.12222541047194642,0.2605077464020821
2025-03-28 00:00:00-04:00,531.75,533.0,517.5,528.25,81818,0.0,0.0,-0.007048872180451138,-0.007073832845478314,0.08137322605699437,0.2541320151574674
2025-03-31 00:00:00-04:00,529.5,539.25,523.5,537.0,83018,0.0,0.0,0.016564126833885418,0.016428438012698554,0.19077567103428286,0.25905427029018163
2025-04-01 00:00:00-04:00,539.0,544.0,533.25,540.5,62409,0.0,0.0,0.0065176908752326845,0.0064965425703981915,0.19695343180788158,0.24073943779404725
2025-04-02 00:00:00-04:00,541.75,543.0,532.5,539.25,58991,0.0,0.0,-0.0023126734505087843,-0.002315351809997203,0.15815952734480582,0.22733755404072087
2025-04-03 00:00:00-04:00,526.75,542.0,525.25,536.0,80918,0.0,0.0,-0.006026889197960128,-0.006045124198463771,0.15802341328014394,0.2248009996722575
2025-04-04 00:00:00-04:00,536.75,539.5,520.5,529.0,82626,0.0,0.0,-0.013059701492537323,-0.013145729212502616,0.18247262571715106,0.228646829729184
2025-04-07 00:00:00-04:00,530.75,546.5,525.75,536.5,96849,0.0,0.0,0.01417769376181477,0.014078130212453804,0.16942195609788904,0.22064466524605156
2025-04-08 00:00:00-04:00,537.5,545.75,533.75,540.0,92716,0.0,0.0,0.006523765144454741,0.006502577487566847,0.16943700061653105,0.22040751104115325
2025-04-09 00:00:00-04:00,539.75,546.0,536.5,542.25,85229,0.0,0.0,0.004166666666666652,0.004158010148663677,0.1704425422353629,0.2203061714369389
2025-04-10 00:00:00-04:00,543.75,547.5,534.5,538.0,112107,0.0,0.0,-0.007837713231904075,-0.007868589545199315,0.17565554804687486,0.21433087360795527
2025-04-11 00:00:00-04:00,537.5,556.75,536.5,555.75,123039,0.0,0.0,0.03299256505576209,0.03245999268252155,0.2394903865306486,0.24526505861676887
2025-04-14 00:00:00-04:00,553.0,555.25,542.75,547.5,78608,0.0,0.0,-0.014844804318488558,-0.014956091153650104,0.2907705388983903,0.19859711742843966
2025-04-15 00:00:00-04:00,547.5,551.0,540.25,542.0,65960,0.0,0.0,-0.010045662100456654,-0.01009646025100971,0.3058322826553067,0.20020033065032858
2025-04-16 00:00:00-04:00,542.75,550.5,537.0,547.75,59640,0.0,0.0,0.01060885608856088,0.010552977035929688,0.31350897029416197,0.2051017585032558
2025-04-17 00:00:00-04:00,548.25,555.75,548.0,548.75,40697,0.0,0.0,0.0018256503879507946,0.0018239859138052899,0.3013359705633327,0.20205693077166337
2025-04-21 00:00:00-04:00,549.25,552.75,537.25,538.5,24733,0.0,0.0,-0.01867881548974948,-0.0188554677929379,0.19315233145550093,0.21156113157733145
2025-04-22 00:00:00-04:00,540.0,540.75,531.5,535.5,31592,0.0,0.0,-0.005571030640668551,-0.005586606708639823,0.1776863818784019,0.20340718011772405
2025-04-23 00:00:00-04:00,535.75,537.5,527.75,528.25,29029,0.0,0.0,-0.013538748832866432,-0.01363123339163733,0.18623766630978497,0.20630258577165814
2025-04-24 00:00:00-04:00,528.75,530.5,524.25,529.25,25897,0.0,0.0,0.0018930430667296605,0.0018912535188083494,0.14592403886136723,0.2003259286299406
2025-04-25 00:00:00-04:00,529.5,534.75,527.5,530.0,30800,0.0,0.0,0.0014170996693434468,0.001416096531193017,0.14442123086444292,0.19931868975570993
2025-04-28 00:00:00-04:00,529.0,529.0,511.5,515.5,32411,0.0,0.0,-0.027358490566037785,-0.027739703089152953,0.19375487191918642,0.22059316554851305
2025-04-29 00:00:00-04:00,518.0,521.0,505.0,505.75,20109,0.0,0.0,-0.01891367604267702,-0.019094827409159777,0.20339144482099294,0.21879071312542678
2025-04-30 00:00:00-04:00,507.25,520.0,505.0,513.0,1204,0.0,0.0,0.01433514582303519,0.014233369122914778,0.26956329603154616,0.2249288799519322
2025-05-01 00:00:00-04:00,518.75,523.5,515.0,515.25,706,0.0,0.0,0.004385964912280604,0.0043763745997987815,0.2745370590891476,0.2262606287458613
2025-05-02 00:00:00-04:00,520.75,530.75,520.75,526.5,103,0.0,0.0,0.02183406113537112,0.02159911180346172,0.33685547296521673,0.24110056729041315
2025-05-05 00:00:00-04:00,525.25,525.25,514.25,514.25,4,0.0,0.0,-0.0232668566001899,-0.023541803040963608,0.3174906253888299,0.2505311644218218
2025-05-06 00:00:00-04:00,520.5,520.5,519.0,519.0,19,0.0,0.0,0.00923675255226053,0.009194354632822045,0.2735081066346694,0.24707401660991934
2025-05-07 00:00:00-04:00,517.0,518.5,517.0,518.0,82,0.0,0.0,-0.0019267822736031004,-0.001928640906405597,0.26387916219407415,0.2452292047962518
2025-05-08 00:00:00-04:00,511.25,513.0,511.0,513.0,10,0.0,0.0,-0.009652509652509633,-0.009699397088713506,0.2746591782614412,0.24555269571727953
2025-05-09 00:00:00-04:00,505.5,505.5,505.5,505.5,6,0.0,0.0,-0.014619883040935644,-0.014727806710243398,0.19661487189300048,0.2486122413716777
2025-05-12 00:00:00-04:00,499.0,499.0,499.0,499.0,16,0.0,0.0,-0.01285855588526208,-0.012941942709007403,0.1554215499511877,0.21101607640103076
2025-05-13 00:00:00-04:00,501.5,501.5,501.5,501.5,19,0.0,0.0,0.005010020040080221,0.004997511650471616,0.1302333466807794,0.21085777604828665
2025-05-14 00:00:00-04:00,508.75,508.75,508.75,508.75,62950,0.0,0.0,0.01445663010967091,0.014353129354814446,0.20141606442009613,0.21974390982104686
2025-05-15 00:00:00-04:00,524.5,533.25,521.75,532.75,69748,0.0,0.0,0.047174447174447076,0.04609553422192168,0.39938378370272054,0.28000190368303984
2025-05-16 00:00:00-04:00,533.5,533.5,523.5,525.0,49356,0.0,0.0,-0.014547160957297023,-0.014654008387102754,0.3991264738665474,0.2836316838246049
2025-05-19 00:00:00-04:00,527.0,536.0,524.5,529.0,64286,0.0,0.0,0.007619047619047636,0.007590169266675653,0.3563875283004054,0.2785092365661669
2025-05-20 00:00:00-04:00,530.0,547.5,528.75,546.0,86585,0.0,0.0,0.032136105860113506,0.031630543886605744,0.37470370168460637,0.30108944857380554
2025-05-21 00:00:00-04:00,546.0,556.25,545.0,549.25,85813,0.0,0.0,0.005952380952380931,0.0059347355198145265,0.38362395933899146,0.29639824793303005
2025-05-22 00:00:00-04:00,548.25,552.0,541.25,544.5,85214,0.0,0.0,-0.008648156577150679,-0.008685768891704446,0.28741853541843443,0.29885473470285295
2025-05-23 00:00:00-04:00,545.0,548.5,538.5,542.5,61665,0.0,0.0,-0.0036730945821854544,-0.0036798569584005083,0.2499369904541878,0.2994390301794962
2025-05-27 00:00:00-04:00,543.5,544.0,527.5,528.5,66898,0.0,0.0,-0.02580645161290318,-0.026145280104322245,0.3388394099915743,0.2975110539411882
2025-05-28 00:00:00-04:00,531.0,535.75,526.75,530.25,60152,0.0,0.0,0.0033112582781456013,0.0033057881344994103,0.19985866996263446,0.28766999401600535
2025-05-29 00:00:00-04:00,533.0,534.75,527.25,534.0,48247,0.0,0.0,0.007072135785006983,0.007047245515402922,0.20411021328989346,0.284855893109267
2025-05-30 00:00:00-04:00,534.25,538.5,531.25,534.0,49023,0.0,0.0,0.0,0.0,0.20506882859033038,0.28482665544024494
2025-06-02 00:00:00-04:00,534.0,549.5,533.25,539.0,82568,0.0,0.0,0.009363295880149725,0.009319731948802227,0.2255185532032081,0.2765950240220214
2025-06-03 00:00:00-04:00,538.0,545.5,531.75,536.0,80640,0.0,0.0,-0.005565862708719838,-0.005581409838195152,0.09371692255657284,0.26250661106901196
2025-06-04 00:00:00-04:00,535.5,547.5,533.5,543.25,73113,0.0,0.0,0.013526119402984982,0.01343545806573694,0.12105059784001976,0.2644655029789203
2025-06-05 00:00:00-04:00,543.5,549.25,540.5,545.5,0,0.0,0.0,0.004141739530602928,0.004133186136586565,0.11948356665737672,0.2640206739005977
2025-06-06 00:00:00-04:00,545.25,555.75,540.25,554.75,97197,0.0,0.0,0.016956920256645303,0.016814756539577813,0.13998487981369098,0.2643778669490891
2025-06-09 00:00:00-04:00,556.0,557.75,540.0,542.0,102603,0.0,0.0,-0.022983325822442557,-0.023251560373057107,0.2559043281844601,0.2737132433666035
2025-06-10 00:00:00-04:00,540.0,542.0,530.75,534.5,90158,0.0,0.0,-0.013837638376383743,-0.013934270974546272,0.275686311810541,0.2745164811081819
2025-06-11 00:00:00-04:00,535.0,539.25,532.0,534.25,72453,0.0,0.0,-0.000467726847521055,-0.00046783626584292234,0.24748454479323231,0.27482723019226185
2025-06-12 00:00:00-04:00,534.25,537.0,526.0,526.5,93654,0.0,0.0,-0.014506317267196978,-0.014612562625226781,0.2478615405940355,0.278451192679259
2025-06-13 00:00:00-04:00,526.75,544.75,522.25,543.75,102188,0.0,0.0,0.03276353276353272,0.03223825082886361,0.34882178284567456,0.2506587704616682
2025-06-16 00:00:00-04:00,545.0,546.75,531.75,536.5,77417,0.0,0.0,-0.013333333333333308,-0.013423020332140661,0.3210181761006648,0.24968634669675505
2025-06-17 00:00:00-04:00,536.25,552.25,536.25,549.0,71241,0.0,0.0,0.02329916123019582,0.023031879438777575,0.34145493176181524,0.26098019953859053
2025-06-18 00:00:00-04:00,549.0,575.0,547.0,574.25,0,0.0,0.0,0.04599271402550098,0.044966400059677065,0.4360612761842446,0.2856788501806094
2025-06-20 00:00:00-04:00,573.0,578.25,565.5,567.75,49117,0.0,0.0,-0.011319111885067512,-0.011383660583539816,0.4229361924990766,0.2896046035831396
2025-06-23 00:00:00-04:00,567.0,570.0,549.5,552.75,44221,0.0,0.0,-0.026420079260237816,-0.02677536124811221,0.47595155134384204,0.3046024818301754
2025-06-24 00:00:00-04:00,552.0,553.0,535.0,535.75,36906,0.0,0.0,-0.03075531433740386,-0.031238185383869247,0.5282948055800282,0.3245424966279479
2025-06-25 00:00:00-04:00,535.0,537.0,526.5,528.25,18240,0.0,0.0,-0.013999066728884735,-0.014097977857520313,0.4903702881256949,0.3148585214531466
2025-06-26 00:00:00-04:00,528.25,531.5,520.5,521.0,24542,0.0,0.0,-0.013724562233790816,-0.01381961474279916,0.13856905121176072,0.3183857530876509
2025-06-27 00:00:00-04:00,521.0,529.5,520.5,524.75,12677,0.0,0.0,0.007197696737044179,0.007171916947375484,0.23445888468670018,0.31842666185096874
2025-06-30 00:00:00-04:00,530.0,531.75,523.5,528.75,1972,0.0,0.0,0.0076226774654597484,0.007593771659745362,0.25828716513389804,0.3197903705898358
2025-07-01 00:00:00-04:00,527.0,540.75,526.5,537.25,453,0.0,0.0,0.016075650118203333,0.015947805162132137,0.21746674199749286,0.32334904253496366
2025-07-02 00:00:00-04:00,546.0,556.0,544.75,556.0,62,0.0,0.0,0.034899953466728695,0.03430475872796252,0.27864424602780385,0.34521993343981355
2025-07-03 00:00:00-04:00,558.0,558.0,547.75,547.75,0,0.0,0.0,-0.014838129496402841,-0.014949315775006435,0.28476661001456544,0.34739623783181184
2025-07-07 00:00:00-04:00,538.5,541.75,538.0,539.75,53,0.0,0.0,-0.01460520310360569,-0.0147129090806592,0.3365637456259153,0.3512408847099944
2025-07-08 00:00:00-04:00,547.0,547.0,543.0,543.0,4,0.0,0.0,0.006021306160259421,0.006003250539018745,0.33621850974821593,0.346224374668653
2025-07-09 00:00:00-04:00,545.0,545.0,542.75,542.75,41,0.0,0.0,-0.0004604051565377798,-0.00046051117553424034,0.32374654223039995,0.336209810178213
2025-07-10 00:00:00-04:00,542.75,550.5,542.75,550.25,40,0.0,0.0,0.01381851681252888,0.013723911648169915,0.20089957640353462,0.33513754234320176
2025-07-11 00:00:00-04:00,548.5,548.5,540.75,540.75,21,0.0,0.0,-0.01726487960018175,-0.017415655573402914,0.2111375476808049,0.3417917718380389
2025-07-14 00:00:00-04:00,534.0,534.0,534.0,534.0,52432,0.0,0.0,-0.012482662968099856,-0.012561225872973304,0.20388283257090847,0.3406615952029593
2025-07-15 00:00:00-04:00,541.5,545.25,535.5,538.0,56165,0.0,0.0,0.0074906367041198685,0.007462721201589594,0.2077875836601931,0.32055162976156104
2025-07-16 00:00:00-04:00,538.25,543.5,533.5,541.25,59091,0.0,0.0,0.006040892193308611,0.0060227191549152475,0.21537570979444257,0.3174978245522582
2025-07-17 00:00:00-04:00,541.0,542.75,532.0,533.5,55433,0.0,0.0,-0.014318706697459604,-0.014422208574891566,0.1886741342450453,0.3098611659075562
2025-07-18 00:00:00-04:00,533.5,550.25,533.0,546.25,82550,0.0,0.0,0.02389878163074033,0.023617675667991788,0.251249023476477,0.2729031688854186
2025-07-21 00:00:00-04:00,546.0,549.5,541.0,542.25,43970,0.0,0.0,-0.0073226544622425616,-0.0073495967028161455,0.23445716071811998,0.27152753495937376
2025-07-22 00:00:00-04:00,541.75,552.75,536.75,549.5,62596,0.0,0.0,0.013370216689718717,0.013281624136692247,0.2447904232078695,0.26089495156756015
2025-07-23 00:00:00-04:00,548.25,552.25,540.0,540.5,49135,0.0,0.0,-0.016378525932666088,-0.016514136764413115,0.28360602823536835,0.24290975019740707
2025-07-24 00:00:00-04:00,540.75,546.0,535.0,541.5,56771,0.0,0.0,0.0018501387604070718,0.001848429361782375,0.2544471397721883,0.2367543584614505
2025-07-25 00:00:00-04:00,541.0,544.0,534.0,538.25,37484,0.0,0.0,-0.0060018467220683824,-0.006019930196572944,0.17715120338748602,0.2317695219540538
2025-07-28 00:00:00-04:00,536.5,540.0,532.25,538.5,45184,0.0,0.0,0.0004644681839294229,0.00046436035197086546,0.17348187009608704,0.230893691273544
2025-07-29 00:00:00-04:00,538.25,539.0,526.0,529.75,80217,0.0,0.0,-0.01624883936861654,-0.016382299448034817,0.13934158251526946,0.23779794124487166
2025-07-30 00:00:00-04:00,529.75,532.0,523.25,523.75,64991,0.0,0.0,-0.011326097215667796,-0.011390725912060994,0.12206387786053724,0.2333869475260896
2025-07-31 00:00:00-04:00,523.25,525.75,516.75,523.25,77077,0.0,0.0,-0.0009546539379474694,-0.0009551099102383491,0.11150156512847058,0.1906881468893635
2025-08-01 00:00:00-04:00,523.0,526.0,516.25,516.75,62480,0.0,0.0,-0.012422360248447228,-0.012500162764231494,0.11770177882319002,0.18887690973699667
2025-08-04 00:00:00-04:00,517.5,523.0,513.0,516.75,71053,0.0,0.0,0.0,0.0,0.11560064783754578,0.1838606374329571
2025-08-05 00:00:00-04:00,516.75,517.5,507.0,508.25,67614,0.0,0.0,-0.01644895984518624,-0.016585746053421606,0.11648486364265746,0.18793389400447352
2025-08-06 00:00:00-04:00,508.25,509.5,504.0,508.5,65192,0.0,0.0,0.0004918839153960075,0.0004917629801586684,0.12648378610148237,0.18815062924139583
2025-08-07 00:00:00-04:00,508.5,520.0,508.5,518.25,81829,0.0,0.0,0.019174041297935096,0.01899253582727432,0.22108084419908175,0.19539172047081968
2025-08-08 00:00:00-04:00,518.0,521.75,513.75,514.5,78246,0.0,0.0,-0.00723589001447178,-0.0072621960417846715,0.2081289410212896,0.18875618317320295
2025-08-11 00:00:00-04:00,516.5,523.25,513.25,515.0,87297,0.0,0.0,0.0009718172983479434,0.0009713453896318809,0.20847944251090142,0.18525046140275236
2025-08-12 00:00:00-04:00,514.25,515.0,503.25,505.0,116430,0.0,0.0,-0.01941747572815533,-0.019608471388376313,0.22323153269363383,0.19195928914630644
2025-08-13 00:00:00-04:00,505.0,510.75,502.25,507.25,78660,0.0,0.0,0.004455445544554459,0.004445549430564302,0.22687131658572723,0.19103926893470027
2025-08-14 00:00:00-04:00,506.25,508.75,500.75,503.5,71519,0.0,0.0,-0.007392804337111869,-0.00742026654730713,0.14657877023070484,0.18722224182950084
2025-08-15 00:00:00-04:00,504.0,508.25,502.25,506.5,59556,0.0,0.0,0.005958291956305928,0.005940611530121155,0.16656969072000827,0.16245164500431233
2025-08-18 00:00:00-04:00,506.25,508.75,500.75,502.75,64948,0.0,0.0,-0.007403751233958533,-0.0074312950359766376,0.16431628117713168,0.16247574702468545
2025-08-19 00:00:00-04:00,502.5,502.5,497.5,498.5,45629,0.0,0.0,-0.008453505718547971,-0.008489439250868392,0.11318002096728384,0.1500103589265859
2025-08-20 00:00:00-04:00,498.0,508.0,494.5,505.5,53676,0.0,0.0,0.014042126379137487,0.01394444905863316,0.16101113676431747,0.15758470652415985
2025-08-21 00:00:00-04:00,506.0,511.5,502.0,507.0,49806,0.0,0.0,0.0029673590504450953,0.0029629651306570487,0.15010712684125582,0.15811749995507424
2025-08-22 00:00:00-04:00,506.25,509.75,503.5,504.75,36797,0.0,0.0,-0.004437869822485174,-0.004447746398236254,0.14844986956902367,0.1578522862782665
2025-08-25 00:00:00-04:00,504.75,512.25,504.25,506.75,31672,0.0,0.0,0.003962357602773636,0.003954528139162526,0.13742787722372837,0.15939851424191903
2025-08-26 00:00:00-04:00,506.5,512.0,504.0,509.5,32257,0.0,0.0,0.005426739023187022,0.005412067330670132,0.10481275886661473,0.15395435487755782
2025-08-27 00:00:00-04:00,508.25,510.25,500.75,502.25,37489,0.0,0.0,-0.014229636898920539,-0.014331848967735738,0.12997877391998347,0.15663333439554028
2025-08-28 00:00:00-04:00,502.0,511.0,499.0,510.25,23384,0.0,0.0,0.015928322548531604,0.015802797994910377,0.17963361581402165,0.16915907936114297
2025-08-29 00:00:00-04:00,510.0,518.25,508.75,518.0,0,0.0,0.0,0.015188633023027975,0.01507444056952893,0.1934392604254832,0.17321518067117825
2025-09-02 00:00:00-04:00,513.75,513.75,508.5,513.0,404,0.0,0.0,-0.009652509652509633,-0.009699397088713506,0.22131222944956894,0.17669992629438425
2025-09-03 00:00:00-04:00,511.0,511.0,504.0,504.0,312,0.0,0.0,-0.01754385964912286,-0.017699577099400975,0.25922046331017184,0.17806414779421478
2025-09-04 00:00:00-04:00,504.0,504.0,495.25,502.25,54,0.0,0.0,-0.00347222222222221,-0.0034782643763248086,0.23777078619097053,0.17836832426201815
2025-09-05 00:00:00-04:00,506.5,506.5,501.0,501.0,13,0.0,0.0,-0.002488800398208091,-0.002491902610179024,0.19203032706052517,0.16244788588747863
2025-09-08 00:00:00-04:00,503.25,505.5,502.0,505.5,6,0.0,0.0,0.008982035928143617,0.008941937375661213,0.15533427201006295,0.16521684374764253
2025-09-09 00:00:00-04:00,503.75,506.75,500.75,500.75,26,0.0,0.0,-0.009396636993076135,-0.009441063914598445,0.15484418552443396,0.16779592448433253
2025-09-10 00:00:00-04:00,498.0,498.0,495.0,495.0,18,0.0,0.0,-0.011482775836245684,-0.011549211977237387,0.12682079283071665,0.15857400446983727
2025-09-11 00:00:00-04:00,501.75,503.0,496.25,503.0,2,0.0,0.0,0.016161616161616266,0.01603240753104901,0.1890982119569668,0.1689719644804947
2025-09-12 00:00:00-04:00,503.0,503.0,503.0,503.0,55282,0.0,0.0,0.0,0.0,0.18755934038574923,0.1669201657530397
2025-09-15 00:00:00-04:00,522.75,529.25,520.25,525.0,55496,0.0,0.0,0.04373757455268379,0.042808092491884435,0.36284760091072416,0.22762747743017314
2025-09-16 00:00:00-04:00,525.0,534.5,524.0,534.0,46736,0.0,0.0,0.017142857142857126,0.016997576368571077,0.3311177790517728,0.23098403771923426
2025-09-17 00:00:00-04:00,533.5,535.75,526.0,528.25,49323,0.0,0.0,-0.010767790262172339,-0.010826182464028814,0.32779423846517713,0.23266186923977644
2025-09-18 00:00:00-04:00,528.25,532.25,523.0,524.25,39926,0.0,0.0,-0.007572172266919086,-0.007600986714136765,0.3565760225362664,0.23170874980635692
2025-09-19 00:00:00-04:00,525.0,526.75,520.25,522.5,45048,0.0,0.0,-0.0033381020505484083,-0.003343685943063266,0.36233489323037094,0.232411637505917
2025-09-22 00:00:00-04:00,522.25,523.0,508.5,510.75,86785,0.0,0.0,-0.022488038277512,-0.02274475014123467,0.22976455262870377,0.24701184957186542
2025-09-23 00:00:00-04:00,511.0,521.0,507.25,520.5,71968,0.0,0.0,0.019089574155653377,0.018909654357292062,0.24189532086899554,0.2553532290951192
2025-09-24 00:00:00-04:00,520.5,524.5,519.0,519.5,53328,0.0,0.0,-0.0019212295869356355,-0.0019230775157414877,0.23673958283056376,0.25517179621645636
2025-09-25 00:00:00-04:00,520.5,527.5,518.25,527.0,56448,0.0,0.0,0.014436958614052031,0.0143337380020803,0.2616530879669956,0.25261576984231554
2025-09-26 00:00:00-04:00,526.25,527.75,518.75,519.75,52731,0.0,0.0,-0.01375711574952565,-0.013852621803240055,0.2825476442452803,0.25370355127259925
2025-09-29 00:00:00-04:00,519.0,522.5,516.75,519.5,44889,0.0,0.0,-0.0004810004810005264,-0.00048111619884026654,0.21085244444481518,0.24815213313287748
2025-09-30 00:00:00-04:00,519.5,519.75,506.75,508.0,85752,0.0,0.0,-0.022136669874879722,-0.022385362960800223,0.221360851661249,0.258506608609903
2025-10-01 00:00:00-04:00,508.0,510.25,502.0,509.25,82924,0.0,0.0,0.002460629921259949,0.0024576075284334143,0.22702904780692953,0.2505033636500838
2025-10-02 00:00:00-04:00,509.0,516.0,508.25,514.75,57218,0.0,0.0,0.010800196367206638,0.010742290800983592,0.20930429689040417,0.2525142421891206
2025-10-03 00:00:00-04:00,514.0,518.5,512.75,515.25,47455,0.0,0.0,0.0009713453132589311,0.0009708738626696503,0.19439672560823132,0.25211513258900486
2025-10-06 00:00:00-04:00,515.25,518.25,512.0,512.75,49990,0.0,0.0,-0.004852013585638026,-0.0048638228180784065,0.19517752981332046,0.2514674542201197
2025-10-07 00:00:00-04:00,513.0,514.25,505.75,506.75,53564,0.0,0.0,-0.011701608971233513,-0.011770611620380542,0.133533373369578,0.25284012009871404
2025-10-08 00:00:00-04:00,507.0,508.75,503.75,507.25,44067,0.0,0.0,0.0009866798223976403,0.0009861933738147153,0.13189938509083626,0.24870180330855718
2025-10-09 00:00:00-04:00,508.0,513.5,506.5,506.5,79086,0.0,0.0,-0.0014785608674223738,-0.0014796550171860513,0.08433576634979864,0.24256396609972358
2025-10-10 00:00:00-04:00,508.5,509.5,496.75,498.5,63513,0.0,0.0,-0.015794669299111552,-0.015920734286845054,0.11151928060140742,0.24934296271969614
2025-10-13 00:00:00-04:00,499.25,501.75,494.5,496.75,63513,0.0,0.0,-0.0035105315947843163,-0.0035167079699667545,0.11321352344483526,0.18725729728436155
2025-10-14 00:00:00-04:00,498.5,501.75,492.25,500.25,65741,0.0,0.0,0.007045797684952282,0.007021092031916653,0.13330789996428752,0.1761714916917175
2025-10-15 00:00:00-04:00,501.0,501.25,494.75,498.75,57004,0.0,0.0,-0.0029985007496251548,-0.0030030052597695457,0.12959714627460925,0.17388901350628294
2025-10-16 00:00:00-04:00,500.0,503.75,495.25,502.5,53290,0.0,0.0,0.007518796992481258,0.007490671729157659,0.15163754088216339,0.17663897112002167
2025-10-17 00:00:00-04:00,502.25,505.0,500.25,503.75,38177,0.0,0.0,0.0024875621890547706,0.0024844733276619658,0.08379232431425696,0.17728801067525018
2025-10-20 00:00:00-04:00,505.0,507.25,502.0,504.75,37582,0.0,0.0,0.001985111662531125,0.001983143932054247,0.06820812541141136,0.15976643493513948
2025-10-21 00:00:00-04:00,504.75,506.25,498.0,500.25,41036,0.0,0.0,-0.008915304606240682,-0.008955283729104055,0.09886052863226645,0.14430238722206826
2025-10-22 00:00:00-04:00,501.75,505.5,498.25,503.75,45473,0.0,0.0,0.006996501749125361,0.006972139797049872,0.1049408554556127,0.14775075677400856
2025-10-23 00:00:00-04:00,504.75,513.5,502.5,513.0,58191,0.0,0.0,0.018362282878412017,0.018195731909876903,0.15639384781126903,0.15389452247465202
2025-10-24 00:00:00-04:00,512.0,515.5,509.75,512.5,59008,0.0,0.0,-0.0009746588693957392,-0.0009751341582063183,0.16063280291104795,0.1466921543323014
2025-10-27 00:00:00-04:00,517.0,530.5,516.75,526.0,109465,0.0,0.0,0.02634146341463417,0.02600050172514664,0.2260111003209109,0.175248298241978
2025-10-28 00:00:00-04:00,524.0,535.0,524.0,529.0,105303,0.0,0.0,0.005703422053231932,0.005687219120589514,0.1732849029381941,0.15371429983886145
2025-10-29 00:00:00-04:00,528.5,533.75,526.75,532.25,90090,0.0,0.0,0.0061436672967862815,0.006124871915289363,0.17471471264684899,0.15439235647511043
2025-10-30 00:00:00-04:00,533.25,535.5,520.25,524.25,101549,0.0,0.0,-0.015030530765617667,-0.015144633991559528,0.2371357211258192,0.16244850687257878
2025-10-31 00:00:00-04:00,524.25,534.25,517.25,534.0,111375,0.0,0.0,0.01859799713876975,0.018427169178165587,0.24939095527289598,0.17409081321361497
2025-11-03 00:00:00-05:00,534.0,545.0,531.25,543.5,0,0.0,0.0,0.017790262172284743,0.017633867601069393,0.2156330687228493,0.180954592610113
2025-11-04 00:00:00-05:00,542.75,550.5,539.75,550.25,116421,0.0,0.0,0.012419503219871286,0.012343013845306994,0.21903784538086526,0.17516589008423378
2025-11-05 00:00:00-05:00,549.5,555.0,546.25,554.75,72195,0.0,0.0,0.008178100863243998,0.00814484140613227,0.21843622597518136,0.1752849847882595
2025-11-06 00:00:00-05:00,552.75,554.5,534.5,535.5,119141,0.0,0.0,-0.034700315457413256,-0.035316671924899845,0.3539238424286264,0.22346834563594237
2025-11-07 00:00:00-05:00,535.5,537.5,526.25,527.75,127657,0.0,0.0,-0.014472455648926186,-0.014578203159373415,0.3485096135479336,0.22204743555199372
2025-11-10 00:00:00-05:00,528.0,537.25,527.5,535.75,92410,0.0,0.0,0.015158692562766474,0.01504494762525642,0.3394022927360512,0.22471767478738197
2025-11-11 00:00:00-05:00,535.75,539.0,531.25,536.0,80355,0.0,0.0,0.00046663555762949116,0.0004665267171155887,0.31567210338860996,0.22470259774227905
2025-11-12 00:00:00-05:00,536.0,536.75,527.5,536.0,95686,0.0,0.0,0.0,0.0,0.2989386683790924,0.22379332018396272
2025-11-13 00:00:00-05:00,536.25,539.25,530.75,535.75,92763,0.0,0.0,-0.0004664179104477695,-0.00046652671711559714,0.16641356897535076,0.22378244322837718
2025-11-14 00:00:00-05:00,535.75,544.5,524.5,527.25,85222,0.0,0.0,-0.0158656089594027,-0.015992814994802415,0.17422930813167345,0.2339231107033673
2025-11-17 00:00:00-05:00,526.75,545.75,525.75,544.25,64246,0.0,0.0,0.032242769084874334,0.03173388075577283,0.27928593571157323,0.256776071362153
2025-11-18 00:00:00-05:00,544.5,549.75,540.5,546.5,34471,0.0,0.0,0.00413412953605885,0.0041256075019364844,0.27817361992029666,0.2522774863574192
2025-11-19 00:00:00-05:00,546.0,550.5,535.0,536.75,37984,0.0,0.0,-0.01784080512351327,-0.018001870857702846,0.32005395876219395,0.26420777108426835
2025-11-20 00:00:00-05:00,537.0,543.25,526.0,527.0,41598,0.0,0.0,-0.018164881229622676,-0.018331888217528028,0.3467632368008705,0.2683875767904014
2025-11-21 00:00:00-05:00,528.25,532.5,522.75,527.0,32622,0.0,0.0,0.0,0.0,0.3277342862383184,0.26829148148529575
2025-11-24 00:00:00-05:00,528.5,529.0,519.5,522.25,26119,0.0,0.0,-0.009013282732447836,-0.009054148104687177,0.1611621266870645,0.25389465903859115
2025-11-25 00:00:00-05:00,522.5,528.25,520.25,527.25,26212,0.0,0.0,0.00957395883197698,0.009528418922208768,0.1894806289606537,0.2554624464312881
2025-11-26 00:00:00-05:00,526.75,533.75,523.75,529.0,18026,0.0,0.0,0.0033191085822665833,0.0033136124994155108,0.1726360117614891,0.2547510390246805
2025-11-28 00:00:00-05:00,529.5,532.25,527.25,531.0,1198,0.0,0.0,0.003780718336483968,0.0037735893836394877,0.10838743982616128,0.24889411159884436
2025-12-01 00:00:00-05:00,535.0,535.0,527.5,530.25,426,0.0,0.0,-0.0014124293785310327,-0.001413427797146964,0.11009561709747312,0.23984043036543506
2025-12-02 00:00:00-05:00,536.0,537.75,536.0,537.75,184,0.0,0.0,0.014144271570014189,0.014045174703047647,0.09593516370938489,0.23653072926051696
2025-12-03 00:00:00-05:00,542.25,542.25,536.5,537.75,139,0.0,0.0,0.0,0.0,0.09679111572110219,0.23164287007843928
2025-12-04 00:00:00-05:00,533.0,541.75,532.5,541.0,73,0.0,0.0,0.006043700604370095,0.006025510698642125,0.09757288564058209,0.23063720891935421
2025-12-05 00:00:00-05:00,539.0,539.0,537.0,537.5,56,0.0,0.0,-0.006469500924214389,-0.006490518844663629,0.12553624678183223,0.19522727131173087
2025-12-08 00:00:00-05:00,536.0,541.25,536.0,536.0,31,0.0,0.0,-0.0027906976744186407,-0.0027945989310159116,0.12856046517265354,0.18779926410338538
2025-12-09 00:00:00-05:00,535.5,536.25,535.0,536.25,14,0.0,0.0,0.00046641791044765846,0.0004663091714246367,0.07312348287727687,0.18002436380255277
2025-12-10 00:00:00-05:00,526.5,531.25,526.5,531.25,27,0.0,0.0,-0.009324009324009341,-0.00936775000360016,0.09530216911861707,0.18309361122251844
2025-12-11 00:00:00-05:00,534.5,534.5,534.5,534.5,6,0.0,0.0,0.006117647058823561,0.006099010226473362,0.09571619083936903,0.18454496552823882
2025-12-12 00:00:00-05:00,534.5,534.5,534.5,534.5,50614,0.0,0.0,0.0,0.0,0.08918404421877614,0.18453931296381068
2025-12-15 00:00:00-05:00,529.5,529.5,519.5,520.75,79494,0.0,0.0,-0.02572497661365758,-0.026061650324018495,0.19832089097047334,0.1985323698617569
2025-12-16 00:00:00-05:00,521.0,522.25,507.5,509.5,116616,0.0,0.0,-0.021603456553048517,-0.021840227478301902,0.21622184059048694,0.1706291911499663
2025-12-17 00:00:00-05:00,510.75,511.5,504.0,506.25,93081,0.0,0.0,-0.006378802747791901,-0.0063992342420305555,0.21789817732438566,0.16867417352930347
2025-12-18 00:00:00-05:00,507.75,510.75,505.5,507.75,93081,0.0,0.0,0.002962962962963056,0.0029585820397452626,0.20436784079488626,0.16166597237931155
2025-12-19 00:00:00-05:00,507.75,511.25,505.5,509.5,55489,0.0,0.0,0.003446578040374293,0.003440652202285531,0.21626891168349352,0.15221286874477238
