date,open,high,low,close,volume,dividends,stock_splits,capital_gains,returns,log_returns,realized_vol_5d,realized_vol_20d
2010-01-04 00:00:00-05:00,62.48560990174265,62.63347919617542,62.40815378958527,62.54194259643555,619100,0.0,0.0,0.0,,,,
2010-01-05 00:00:00-05:00,62.71098588426747,62.91518803808063,62.71098588426747,62.81660842895508,1547500,0.0,0.0,0.0,0.004391706127388373,0.004382090727761128,,
2010-01-06 00:00:00-05:00,62.77432862723334,62.80953254220331,62.513793869977306,62.56308364868164,365500,0.0,0.0,0.0,-0.004035951424537165,-0.004044117856776402,,
2010-01-07 00:00:00-05:00,62.577169512416006,62.70391542511043,62.534917293395885,62.56308364868164,390900,0.0,0.0,0.0,0.0,0.0,,
2010-01-08 00:00:00-05:00,62.76025552592104,62.76729845922041,62.54197294329693,62.64055252075195,382500,0.0,0.0,0.0,0.0012382521377196642,0.001237486135811841,,
2010-01-11 00:00:00-05:00,62.67576654601948,62.77434613091558,62.61943381974043,62.682804107666016,653600,0.0,0.0,0.0,0.000674508528641482,0.0006742811500040187,0.0479760775028042,
2010-01-12 00:00:00-05:00,63.091224016007665,63.17572312645497,63.00673027774616,63.13347625732422,403000,0.0,0.0,0.0,0.007189725413115022,0.007164002557281954,0.0639110776263737,
2010-01-13 00:00:00-05:00,63.00672041861214,63.140503940654014,62.80955585842025,62.830684661865234,281900,0.0,0.0,0.0,-0.004796054540460282,-0.004807592515993283,0.06780359405338299,
2010-01-14 00:00:00-05:00,63.013776459560695,63.21093570538415,62.943363210650396,63.126441955566406,511700,0.0,0.0,0.0,0.00470721105925942,0.0046961667862026905,0.07213352887642453,
2010-01-15 00:00:00-05:00,63.358791258210026,63.478494282200344,63.344705389396516,63.4080810546875,429200,0.0,0.0,0.0,0.004461507577432133,0.004451584555976801,0.07414593463061987,
2010-01-19 00:00:00-05:00,63.274313420998375,63.344726672168896,63.16869085814925,63.29543685913086,411900,0.0,0.0,0.0,-0.001776495892684249,-0.001778075732842902,0.07967373090585507,
2010-01-20 00:00:00-05:00,63.47144027908571,63.59818621537971,63.464397345907166,63.51368713378906,228800,0.0,0.0,0.0,0.003448120204051053,0.003442189067850136,0.06772473772155371,
2010-01-21 00:00:00-05:00,63.42921622267844,63.79536829680901,63.41513035125848,63.74607849121094,349200,0.0,0.0,0.0,0.0036589177531505257,0.003652240197050577,0.0423363953599126,
2010-01-22 00:00:00-05:00,63.696749496836794,63.85166175403281,63.67562607488872,63.802371978759766,272900,0.0,0.0,0.0,0.0008830894210472007,0.0008826997269906749,0.04072540540811569,
2010-01-25 00:00:00-05:00,63.66154861450195,63.74604230631602,63.65450568278983,63.66154861450195,1699000,0.0,0.0,0.0,-0.00220718070332393,-0.0022096201167977223,0.0441030811289491,
2010-01-26 00:00:00-05:00,63.85871050697564,63.872790998830446,63.66858894774567,63.788291931152344,490600,0.0,0.0,0.0,0.0019908927666505427,0.001988913566128364,0.037904724700567285,
2010-01-27 00:00:00-05:00,63.82354353129912,63.943246594063716,63.58413740576992,63.640464782714844,342100,0.0,0.0,0.0,-0.002317465226958193,-0.0023201547054826966,0.041673875059019434,
2010-01-28 00:00:00-05:00,63.43621079909707,63.68970259102048,63.43621079909707,63.61928939819336,318100,0.0,0.0,0.0,-0.0003327345988717312,-0.00033278996731071184,0.030025207155562544,
2010-01-29 00:00:00-05:00,63.555987125284915,63.865806579589844,63.47853091866168,63.865806579589844,396700,0.0,0.0,0.0,0.0038748810891855445,0.0038673930746685264,0.04283763970846603,
2010-02-01 00:00:00-05:00,63.76687997647555,63.76687997647555,63.576127377011105,63.64677429199219,634300,0.3,0.0,0.0,-0.0034295705218205796,-0.0034354649796339023,0.047763878872317686,
2010-02-02 00:00:00-05:00,63.675060029826135,63.75983959628801,63.653866485714744,63.75277328491211,426000,0.0,0.0,0.0,0.0016654260031094825,0.0016640407190690034,0.04693961686149853,0.05262439840116475
2010-02-03 00:00:00-05:00,63.56903445702841,63.6184878116211,63.427735308184,63.44892883300781,435300,0.0,0.0,0.0,-0.004765980148760174,-0.004777373647355796,0.05645501383073433,0.05471246008574829
2010-02-04 00:00:00-05:00,63.724468508952945,63.99999516821019,63.724468508952945,63.97174072265625,503400,0.0,0.0,0.0,0.008239885200023389,0.008206122685337035,0.0847180305203525,0.05842119706013461
2010-02-05 00:00:00-05:00,63.92936883895644,64.28967512081556,63.886981766978046,64.1766357421875,694700,0.0,0.0,0.0,0.003202898924066444,0.003197780569443813,0.0834648916726348,0.05871207914296685
2010-02-08 00:00:00-05:00,64.06358987926748,64.13423678280834,63.97881036101048,64.12010955810547,257600,0.0,0.0,0.0,-0.0008807907025402129,-0.0008811788265918267,0.07666074879112716,0.05921199926918329
2010-02-09 00:00:00-05:00,63.95051894501912,64.09888437621441,63.7597718606418,63.77389907836914,481200,0.0,0.0,0.0,-0.005399405617399822,-0.005414035091984933,0.09076511036855348,0.06365115709294451
2010-02-10 00:00:00-05:00,63.87282586797935,63.908146615434916,63.505453442361116,63.597293853759766,496200,0.0,0.0,0.0,-0.0027692398796622664,-0.002773081317966275,0.08497189360324288,0.060264930912189776
2010-02-11 00:00:00-05:00,63.604343480645625,63.604343480645625,63.35001044960589,63.519569396972656,496900,0.0,0.0,0.0,-0.0012221346550662648,-0.0012228820706475375,0.04979449577842456,0.05746972136608454
2010-02-12 00:00:00-05:00,63.724433408927354,63.77388674642614,63.653786553930445,63.66791915893555,219800,0.0,0.0,0.0,0.002335496971582973,0.0023327739374653243,0.04486477461777024,0.05578711691948497
2010-02-16 00:00:00-05:00,63.540800913175985,63.83045485561275,63.51960737958471,63.809261322021484,175400,0.0,0.0,0.0,0.0022199903020718725,0.0022175297645080196,0.0526634108340819,0.05418466926235886
2010-02-17 00:00:00-05:00,63.6467661390345,63.738611967757436,63.35711220771162,63.47014617919922,358000,0.0,0.0,0.0,-0.005314512906063551,-0.005328685164512667,0.05221482110768944,0.057363265989288426
2010-02-18 00:00:00-05:00,63.512484112782744,63.512484112782744,63.095658562586394,63.2440185546875,474300,0.0,0.0,0.0,-0.003562739935611292,-0.003569101608019881,0.05422179405546993,0.05740550606157003
2010-02-19 00:00:00-05:00,63.201667607157496,63.279380798339844,63.06037383592335,63.279380798339844,527900,0.0,0.0,0.0,0.000559139733060432,0.0005589834726847651,0.05544797268206871,0.05566527647241426
2010-02-22 00:00:00-05:00,63.1875590705729,63.286465817685865,63.17342645526335,63.22994613647461,349700,0.0,0.0,0.0,-0.0007812127938289226,-0.000781518099559728,0.04849096979236127,0.055484932688850366
2010-02-23 00:00:00-05:00,63.30762264174047,63.74564183212227,63.286429121078676,63.7103157043457,557200,0.0,0.0,0.0,0.007597184518143729,0.007568471246824375,0.07902492841237871,0.061898221400813705
2010-02-24 00:00:00-05:00,63.73151482206401,63.85161504303526,63.61848090527071,63.74564743041992,394300,0.0,0.0,0.0,0.0005545683722267825,0.0005544146560151859,0.06536885084509393,0.06150824129232713
2010-02-25 00:00:00-05:00,63.98587566393658,64.0212018101591,63.879902615282184,63.97880935668945,256600,0.0,0.0,0.0,0.0036576917117994157,0.003651018624583803,0.05352379486073418,0.06220908766318427
2010-02-26 00:00:00-05:00,64.02122921814161,64.22610909591393,64.01416290786933,64.07774353027344,609900,0.0,0.0,0.0,0.0015463584674171305,0.0015451640862979544,0.05191529671517382,0.06232411884120871
2010-03-01 00:00:00-05:00,64.15135944042379,64.19386622583349,64.03802062328114,64.14427947998047,468600,0.244,0.0,0.0,0.001038362870496412,0.0010378241446673464,0.04589523570906032,0.06100562768952713
2010-03-02 00:00:00-05:00,64.00968420237632,64.19386585930017,63.98134814711496,64.17969512939453,417900,0.0,0.0,0.0,0.0005521248301669779,0.0005519724653332935,0.0204815696933255,0.05946004022071585
2010-03-03 00:00:00-05:00,64.0451369557349,64.15139045926055,63.96721411678105,64.11597442626953,476700,0.0,0.0,0.0,-0.000992848329935625,-0.0009933415303145586,0.02680724520315621,0.05947243753368724
2010-03-04 00:00:00-05:00,64.08764176282779,64.30723955452054,64.01680428852877,64.22931671142578,431100,0.0,0.0,0.0,0.0017677698291334032,0.001766209163043929,0.01743422209194461,0.056554849495885184
2010-03-05 00:00:00-05:00,63.974299909112794,63.9884706472423,63.79012354985365,63.924713134765625,549900,0.0,0.0,0.0,-0.004742438379481739,-0.004753719420933874,0.04113187724938424,0.05193355865573026
2010-03-08 00:00:00-05:00,63.761792706071475,63.811379484484334,63.7334566320422,63.75470733642578,399800,0.0,0.0,0.0,-0.0026594690848504854,-0.002663011755232702,0.04093523567514042,0.0512554623957156
2010-03-09 00:00:00-05:00,63.88220780334961,63.91762924194336,63.75469819078592,63.91762924194336,350500,0.0,0.0,0.0,0.0025554490377919237,0.0025521894298931647,0.048208016390070614,0.0522036539407553
2010-03-10 00:00:00-05:00,63.705100512481735,63.82552473579819,63.669679079952516,63.81135940551758,329800,0.0,0.0,0.0,-0.001662606039775416,-0.0016639897030678074,0.04859720176974915,0.04879672990376749
2010-03-11 00:00:00-05:00,63.69095522327504,63.8538808932515,63.64844840995437,63.75470733642578,283100,0.0,0.0,0.0,-0.0008878053942054098,-0.0008881997268254269,0.04252437991843419,0.04781032482035228
2010-03-12 00:00:00-05:00,63.61299530687597,63.931766496005444,63.605909941358554,63.853843688964844,276400,0.0,0.0,0.0,0.0015549652203081799,0.0015537575136890932,0.03489838653151581,0.04778648986473736
2010-03-15 00:00:00-04:00,63.84675832344742,63.89634507296868,63.73341949792041,63.853843688964844,190100,0.0,0.0,0.0,0.0,0.0,0.02751145658778862,0.047160513839061016
2010-03-16 00:00:00-04:00,63.868035915981686,64.13013507828684,63.84677981227527,64.10179901123047,388200,0.0,0.0,0.0,0.00388316987577797,0.0038756498330847,0.03494338772804252,0.048479807237202036
2010-03-17 00:00:00-04:00,64.15135907413318,64.20094581970307,64.07343627330192,64.17969512939453,288300,0.0,0.0,0.0,0.001215193947215365,0.0012144561966635425,0.028742907621288633,0.04389318840529555
2010-03-18 00:00:00-04:00,64.13009059090768,64.17259195973274,63.988415758458565,64.0096664428711,202600,0.0,0.0,0.0,-0.00264925980375319,-0.002652775302860104,0.0378879683586446,0.04286298480540142
2010-03-19 00:00:00-04:00,63.92471313476563,64.12306023215429,63.917633170253936,63.924713134765625,171300,0.0,0.0,0.0,-0.0013271949820468087,-0.001328076485344486,0.03975288087470567,0.04340944732946985
2010-03-22 00:00:00-04:00,64.08055015429707,64.13722229003906,64.03096338666091,64.13722229003906,338100,0.0,0.0,0.0,0.0033243661934849733,0.0033188527040502575,0.04520282947242164,0.044227065604160024
2010-03-23 00:00:00-04:00,64.1159687782316,64.179720874731,64.00262451171875,64.00262451171875,244100,0.0,0.0,0.0,-0.002098590701537395,-0.00210079582864999,0.0398768386685392,0.03702448934893982
2010-03-24 00:00:00-04:00,63.662584813488905,63.74758758517787,63.272970761412545,63.36505889892578,531300,0.0,0.0,0.0,-0.009961554196519451,-0.010011502462597478,0.07577808337694764,0.051711780327101955
2010-03-25 00:00:00-04:00,63.23758592354611,63.30842881367453,62.918814536183135,63.13133239746094,601900,0.0,0.0,0.0,-0.003688570728509255,-0.0036953902802830513,0.07622824845528951,0.050832812161879126
2010-03-26 00:00:00-04:00,63.0675344599743,63.30130287665697,63.06044909459142,63.280052185058594,734100,0.0,0.0,0.0,0.0023557207166380323,0.0023529503565340596,0.0845857971905042,0.05137735687909723
2010-03-29 00:00:00-04:00,63.25880060740786,63.30838735529295,63.11712032448607,63.187957763671875,521400,0.0,0.0,0.0,-0.0014553467989785185,-0.0014564068447454738,0.07135366278513756,0.051070650036196354
2010-03-30 00:00:00-04:00,63.18090965644817,63.251747131347656,63.06048000411087,63.251747131347656,246500,0.0,0.0,0.0,0.0010095177931586097,0.0010090085727538151,0.07693737147460938,0.05125032232388581
2010-03-31 00:00:00-04:00,63.372172809105464,63.45718102363477,63.29424996359187,63.400508880615234,398900,0.0,0.0,0.0,0.0023518994496494194,0.0023491380629604955,0.04181799259649828,0.05237949921105196
2010-04-01 00:00:00-04:00,63.30461139957392,63.340134054030656,63.183843046414786,63.26908874511719,397600,0.255,0.0,0.0,-0.0020728561618569286,-0.0020750075016502095,0.03325743209607902,0.051891747130715635
2010-04-05 00:00:00-04:00,62.82860326710559,62.89253750560325,62.601272496903206,62.70072937011719,656100,0.0,0.0,0.0,-0.008983207855097541,-0.009023800148985002,0.06961241898348894,0.05804068870034877
2010-04-06 00:00:00-04:00,62.913865487068726,62.942282518326905,62.77889136358552,62.88544845581055,566100,0.0,0.0,0.0,0.0029460436513102373,0.0029417125689991516,0.0776532183912111,0.05926134746139803
2010-04-07 00:00:00-04:00,62.87834126986183,63.34720868348955,62.864130045816005,63.27616882324219,562000,0.0,0.0,0.0,0.006213207936430543,0.006193985540738013,0.09316317519968861,0.06320099233238134
2010-04-08 00:00:00-04:00,63.34010724186726,63.446664320139156,63.169605076644615,63.20512771606445,465400,0.0,0.0,0.0,-0.001122715052110479,-0.0011233457687755194,0.09109355796172985,0.06309786061630143
2010-04-09 00:00:00-04:00,63.119877878701644,63.297480239317004,63.048838018454276,63.27616882324219,314600,0.0,0.0,0.0,0.001123976957959405,0.0011233457687755191,0.09067202733584032,0.06332472426937576
2010-04-12 00:00:00-04:00,63.37559637259087,63.51768144730287,63.31166215396402,63.44663619995117,402000,0.0,0.0,0.0,0.002694021775957678,0.002690399403667754,0.042712967085559314,0.06391011653663639
2010-04-13 00:00:00-04:00,63.60295725349733,63.64558008614094,63.46087753135598,63.567440032958984,309100,0.0,0.0,0.0,0.0019040226597215604,0.0019022123061823886,0.042468928787392064,0.06438901612138648
2010-04-14 00:00:00-04:00,63.56746727047501,63.63140154683511,63.36854798625222,63.39696502685547,315800,0.0,0.0,0.0,-0.002681797568301114,-0.0026854000295557954,0.03537517441618171,0.06304747962421085
2010-04-15 00:00:00-04:00,63.30457289731435,63.56032067786628,63.276155875031606,63.50348663330078,299900,0.0,0.0,0.0,0.0016802319543245403,0.001678821943823221,0.03339788292251361,0.06324100566223768
2010-04-16 00:00:00-04:00,63.610033466212265,63.9084039968041,63.53188802915371,63.88709259033203,409900,0.0,0.0,0.0,0.006040707012614499,0.006022535086143697,0.049449375022124514,0.06678725697214656
2010-04-19 00:00:00-04:00,63.83034152480422,63.85165295897634,63.681156065600824,63.73088455200195,215300,0.0,0.0,0.0,-0.002445064127925556,-0.0024480581786467796,0.05727069411159854,0.0671792114687306
2010-04-20 00:00:00-04:00,63.70240895924532,63.75924301147461,63.61716330089492,63.75924301147461,171300,0.0,0.0,0.0,0.0004449720048922412,0.0004448730342080397,0.05659130325857457,0.06597463610238546
2010-04-21 00:00:00-04:00,63.82323913352689,63.99374145552119,63.75930482777812,63.96532440185547,446500,0.0,0.0,0.0,0.0032321806321284896,0.003226968364615936,0.05014014935331355,0.06674261840526585
2010-04-22 00:00:00-04:00,64.0434549183923,64.11449482588962,63.794812532152896,63.816123962402344,169300,0.0,0.0,0.0,-0.0023325206406488164,-0.0023352452044771354,0.05814972257661957,0.05635776986074676
2010-04-23 00:00:00-04:00,63.65979637285056,63.70952482155405,63.574545280789835,63.638484954833984,174200,0.0,0.0,0.0,-0.0027836069716959955,-0.0027874884101885943,0.0410865405757471,0.055581583504073405
2010-04-26 00:00:00-04:00,63.7805328976386,63.801844305032766,63.617141827622184,63.68107604980469,161900,0.0,0.0,0.0,0.0006692663252578779,0.0006690424664260324,0.03901670113717979,0.05511737923711558
2010-04-27 00:00:00-04:00,63.97236342672927,64.32046248677447,63.901318156521825,64.27783966064453,442800,0.0,0.0,0.0,0.00937112950750274,0.009327492877881892,0.07881360073084898,0.06328092553875601
2010-04-28 00:00:00-04:00,64.05050828334312,64.1428595457506,63.83738331471895,63.951045989990234,409700,0.0,0.0,0.0,-0.005084079869199232,-0.0050970477751763905,0.08955314381182736,0.06669819993023322
2010-04-29 00:00:00-04:00,63.94390880162575,64.10019963218917,63.858657779502984,64.05757141113281,350500,0.0,0.0,0.0,0.001665733835835237,0.0016643480399273075,0.08755847481471735,0.06649763884792353
2010-04-30 00:00:00-04:00,64.1357670929101,64.45545461143352,64.12866148050001,64.44834899902344,423200,0.0,0.0,0.0,0.006100412164903091,0.006081879981724898,0.08757325313520167,0.06856116374709759
2010-05-03 00:00:00-04:00,64.25098480108245,64.329366166141,64.20823330608867,64.27948760986328,300500,0.273,0.0,0.0,-0.0026201041885915988,-0.002623542669002311,0.09482409001373159,0.05947353835212025
2010-05-04 00:00:00-04:00,64.67137510469882,64.76400512828295,64.56449096280743,64.71412658691406,355000,0.0,0.0,0.0,0.00676170568889356,0.006738947887089137,0.08290942844600165,0.062386965144796164
2010-05-05 00:00:00-04:00,64.97066618486429,65.26281046309943,64.82815757641129,64.96353912353516,672000,0.0,0.0,0.0,0.0038540663341275483,0.0038466584480293525,0.060313823688719355,0.0605281280505038
2010-05-06 00:00:00-04:00,65.01337337205558,66.31022039602531,64.91361632685417,65.6760482788086,902400,0.0,0.0,0.0,0.010967831569621334,0.010908121104443206,0.07909737878211845,0.0687091974867787
2010-05-07 00:00:00-04:00,65.50505186277888,66.08934559016505,65.3981677368181,65.4979248046875,3856500,0.0,0.0,0.0,-0.002712152737401663,-0.002715837287186238,0.09467227137817347,0.07062723151404349
2010-05-10 00:00:00-04:00,64.83529382537841,65.13457066880133,64.8281721987979,64.99918365478516,836200,0.0,0.0,0.0,-0.007614609949697981,-0.007643749108507311,0.11795907258099442,0.07788006961823646
2010-05-11 00:00:00-04:00,65.13455841546721,65.17018285073651,64.86378443837378,65.07755279541016,891400,0.0,0.0,0.0,0.0012056942290417094,0.0012049679634655967,0.11096241854606756,0.0778382674080926
2010-05-12 00:00:00-04:00,64.9991742052249,65.08467720261004,64.87091427279181,64.91366577148438,424000,0.0,0.0,0.0,-0.0025183341549582794,-0.002521510492256067,0.11036405256495219,0.07773262803911156
2010-05-13 00:00:00-04:00,65.09175872802734,65.14876431064141,64.76398478252378,65.09175872802734,420300,0.0,0.0,0.0,0.002743535655033158,0.0027397790304749528,0.0639101559009917,0.07791223755023188
2010-05-14 00:00:00-04:00,65.38386335329842,65.70451002165383,65.34110647752928,65.51212310791016,488700,0.0,0.0,0.0,0.0064580276842605144,0.006437263970622197,0.08511610396333301,0.07826604391412433
2010-05-17 00:00:00-04:00,65.50507691515875,65.79009954794344,65.34118713449232,65.36968994140625,535100,0.0,0.0,0.0,-0.002174149756515975,-0.002176516651376062,0.05898400558690422,0.07810130292538708
2010-05-18 00:00:00-04:00,65.39814146639512,65.89693204173054,65.36963868183165,65.84705352783203,1711400,0.0,0.0,0.0,0.007302521808710827,0.00727598749628506,0.07348974937953316,0.0808710483541262
2010-05-19 00:00:00-04:00,65.86131652519657,66.1890904644341,65.82568667765601,65.90406799316406,839700,0.0,0.0,0.0,0.0008658620587773669,0.0008654874164683954,0.06242443405742149,0.08068317076272102
2010-05-20 00:00:00-04:00,66.41712738912246,66.71639862787397,66.3031216280351,66.5453872680664,1221600,0.0,0.0,0.0,0.00973110301732616,0.009684060770124993,0.07808564634090372,0.08435060865306693
2010-05-21 00:00:00-04:00,67.07981730715673,67.12969585794076,66.4598935162515,66.5810317993164,1196200,0.0,0.0,0.0,0.000535642404580372,0.0005354989993945603,0.07972925417247738,0.08260157172316134
2010-05-24 00:00:00-04:00,66.63803197424508,66.7449161363121,66.50265044289088,66.5810317993164,2949400,0.0,0.0,0.0,0.0,0.0,0.07147364828437085,0.08280808144389641
2010-05-25 00:00:00-04:00,67.00140040727734,67.12253318972843,66.7092563180511,66.80901336669922,1064000,0.0,0.0,0.0,0.0034241218740793666,0.003418272916667558,0.06402955371909438,0.07860129839325633
2010-05-26 00:00:00-04:00,66.59527892373114,66.69503602296204,66.34588617565389,66.67366027832031,551600,0.0,0.0,0.0,-0.002025970472516736,-0.0020280255268165007,0.07257119519816617,0.07566919596581305
2010-05-27 00:00:00-04:00,66.18199833876963,66.19625245984982,65.96110838921572,66.03948974609375,522800,0.0,0.0,0.0,-0.009511560181026502,-0.0095570839676978,0.0774040369449136,0.08618583682186239
2010-05-28 00:00:00-04:00,66.19623655874383,66.36724791614684,66.06797668160333,66.3387451171875,511700,0.0,0.0,0.0,0.0045314609825775065,0.004521224824776532,0.08848062950988138,0.08525938301204046
2010-06-01 00:00:00-04:00,66.56735147024905,66.58878705640872,66.26009534828958,66.4244384765625,978900,0.26,0.0,0.0,0.0012917543017074706,0.0012909207049104237,0.08960759465640891,0.08389618770475663
2010-06-02 00:00:00-04:00,66.39589624494091,66.47449707636262,66.01718612167811,66.04576873779297,519100,0.0,0.0,0.0,-0.005700759350839579,-0.005717070700352882,0.08810529638821743,0.08548448152448257
2010-06-03 00:00:00-04:00,65.83855039225415,66.13865969108129,65.7956791928722,65.952880859375,274300,0.0,0.0,0.0,-0.0014064167954005447,-0.001407406727782287,0.088328675904747,0.08522074883531457
2010-06-04 00:00:00-04:00,66.58884181159269,66.88895116775075,66.51738253020268,66.86751556396484,728300,0.0,0.0,0.0,0.01386800231729124,0.013772721465965044,0.11701173445599179,0.09029455643013044
2010-06-07 00:00:00-04:00,66.78891052571824,67.15333212194987,66.75318088726472,67.1390380859375,413800,0.0,0.0,0.0,0.0040606043111159895,0.00405238230745063,0.11654782189228007,0.08988596689470954
2010-06-08 00:00:00-04:00,66.93895548864961,67.11044573489112,66.90322585537666,66.93180847167969,604300,0.0,0.0,0.0,-0.0030865740732323177,-0.003091347367602073,0.12318045294328091,0.08528000740123201
2010-06-09 00:00:00-04:00,66.7460389712129,67.01756568667408,66.66743812828882,66.93896484375,264000,0.0,0.0,0.0,0.00010692034525461303,0.00010691462968190205,0.1075626239199428,0.08541591658529368
2010-06-10 00:00:00-04:00,66.66031552434924,66.68889815511511,66.28874677597241,66.31732940673828,655200,0.0,0.0,0.0,-0.00928660068859366,-0.009329989999827894,0.13705890338017784,0.09263376786436744
2010-06-11 00:00:00-04:00,66.62455350464992,66.85320898810926,66.45306325494961,66.73888397216797,404800,0.0,0.0,0.0,0.006356627584386043,0.006336509437963334,0.09785406695979693,0.0943627379147629
2010-06-14 00:00:00-04:00,66.4030356289348,66.68885630565211,66.31728779044681,66.68170928955078,627700,0.0,0.0,0.0,-0.0008566922192020376,-0.0008570593896976404,0.08971672491881677,0.09258114525620616
2010-06-15 00:00:00-04:00,66.69606462590241,66.76037693203222,66.38166647325235,66.47455596923828,1114400,0.0,0.0,0.0,-0.0031065988337668493,-0.0031114343291503,0.08974120731078998,0.09304994930527936
2010-06-16 00:00:00-04:00,66.67465084325983,66.71752754524871,66.46743071366043,66.66036224365234,621900,0.0,0.0,0.0,0.002795148785951218,0.0027912496217229505,0.09441212290242348,0.09024050745595533
2010-06-17 00:00:00-04:00,66.7317589593307,67.07474502340507,66.7317589593307,66.9747085571289,792500,0.0,0.0,0.0,0.004715640643049301,0.00470455684087216,0.06210533406417657,0.09140157899099613
2010-06-18 00:00:00-04:00,66.93181764969606,66.96040026991847,66.8317812047063,66.83892822265625,463400,0.0,0.0,0.0,-0.0020273374442060232,-0.0020293952745103743,0.052699373755578566,0.08554209585225857
2010-06-21 00:00:00-04:00,66.47452172861426,66.81750779761325,66.45308612147282,66.78892517089844,569100,0.0,0.0,0.0,-0.0007481127104738139,-0.0007483926864320241,0.0525541463056764,0.08560338184992101
2010-06-22 00:00:00-04:00,66.8389440150826,67.21765428224923,66.80321436846819,67.18907165527344,549200,0.0,0.0,0.0,0.005991210119808299,0.00597333418391673,0.05476286448448827,0.08805250771801475
2010-06-23 00:00:00-04:00,67.25337670060576,67.54633905535799,67.23908266286482,67.43915557861328,632500,0.0,0.0,0.0,0.003722092256653653,0.003715182412015214,0.05584061319100534,0.08819137344170731
2010-06-24 00:00:00-04:00,67.5749220527294,67.6392343197629,67.2891012636899,67.38199615478516,1075100,0.0,0.0,0.0,-0.0008475702777964722,-0.0008479296685713498,0.05482936884858903,0.08784504772953847
2010-06-25 00:00:00-04:00,67.31764554706709,67.65348437404354,67.3033569689633,67.4891357421875,455400,0.0,0.0,0.0,0.0015900328502620464,0.0015887700864097162,0.04676054459609892,0.07942742004898301
2010-06-28 00:00:00-04:00,67.72498404982804,67.97507522288778,67.72498404982804,67.96793365478516,924300,0.0,0.0,0.0,0.007094444273618938,0.007069397097932127,0.05127018789509143,0.08139350322916585
2010-06-29 00:00:00-04:00,68.12511343341907,68.31089773910394,68.09653626476977,68.26087951660156,920400,0.0,0.0,0.0,0.004310059848285253,0.004300798143136525,0.04738673525766871,0.08212753372693563
2010-06-30 00:00:00-04:00,68.31808305608305,68.36095428466797,68.11801005391288,68.36095428466797,891500,0.0,0.0,0.0,0.0014660632674980967,0.0014649896459492551,0.048437257046175596,0.07775938661252316
2010-07-01 00:00:00-04:00,68.36664830427807,68.66037202307852,68.30216889992204,68.33082580566406,1293700,0.248,0.0,0.0,-0.0004407264251818921,-0.0004408235736177894,0.04659929867652575,0.0773161511846454
2010-07-02 00:00:00-04:00,68.20903015136719,68.35947478976958,68.11589931780722,68.20903015136719,1072400,0.0,0.0,0.0,-0.001782440836340382,-0.0017840312741964851,0.057101360656532804,0.06361807152221576
2010-07-06 00:00:00-04:00,68.17321695198252,68.46694065324432,68.09441183233399,68.37380981445312,914100,0.0,0.0,0.0,0.0024158042229931453,0.0024128908591057045,0.03790666881829069,0.06283206293887325
2010-07-07 00:00:00-04:00,68.42401566251229,68.43117579524169,68.13745184658096,68.15894317626953,473900,0.0,0.0,0.0,-0.0031425283857471342,-0.0031474764971811202,0.0361924176256809,0.06287967084799302
2010-07-08 00:00:00-04:00,67.95119064298842,68.08730969756228,67.85089411827632,67.99417877197266,508400,0.0,0.0,0.0,-0.0024173556193611834,-0.002420282140702926,0.03474765315786007,0.06394007962568596
2010-07-09 00:00:00-04:00,67.90103642488397,67.95835028133538,67.81507110595703,67.81507110595703,439800,0.0,0.0,0.0,-0.0026341617657635874,-0.0026376372745776397,0.03570734290052394,0.05355157850166457
2010-07-12 00:00:00-04:00,67.92964935302734,68.10158534526327,67.87950112755243,67.92964935302734,685200,0.0,0.0,0.0,0.0016895690766332017,0.0016881433604722332,0.04200390450377274,0.04994252315821997
2010-07-13 00:00:00-04:00,67.79358776157135,67.82224469548294,67.57866895586125,67.5929946899414,679700,0.0,0.0,0.0,-0.00495593111833037,-0.004968252470995824,0.038726648924177015,0.05381301996708247
2010-07-14 00:00:00-04:00,67.8293529020775,68.0442769916824,67.7003995414639,67.92964935302734,566500,0.0,0.0,0.0,0.004980614701719066,0.004968252470995857,0.06288858595888179,0.05391350975545634
2010-07-15 00:00:00-04:00,68.07298017689973,68.4096922891957,68.07298017689973,68.2807388305664,703600,0.0,0.0,0.0,0.005168427643641449,0.005155117164620526,0.07199045136595923,0.05554333603781498
2010-07-16 00:00:00-04:00,68.33803164376287,68.71772630339693,68.33803164376287,68.67474365234375,864200,0.0,0.0,0.0,0.0057703655309739865,0.005753780741407024,0.07108707985639152,0.05654407752587874
2010-07-19 00:00:00-04:00,68.57444878836206,68.66041409251469,68.43116417185894,68.49564361572266,489800,0.0,0.0,0.0,-0.0026079461982088104,-0.002611352814031374,0.08024714615725015,0.057027290142834065
2010-07-20 00:00:00-04:00,68.70336442778219,68.85380909306336,68.552919762501,68.56724548339844,895900,0.0,0.0,0.0,0.0010453492207107562,0.0010448032236860505,0.05695322344072657,0.05655511527674344
2010-07-21 00:00:00-04:00,68.61740471627733,69.06874425029413,68.61023912180563,69.00426483154297,470700,0.0,0.0,0.0,0.006373587637414246,0.006353362221213011,0.06092346905002168,0.056988559749670785
2010-07-22 00:00:00-04:00,68.81083230646941,68.81083230646941,68.61739953058154,68.62456512451172,656800,0.0,0.0,0.0,-0.005502554196587628,-0.005517749013768919,0.08207793472842166,0.061130728180387374
2010-07-23 00:00:00-04:00,68.67471352592987,68.7248617520758,68.16606567052222,68.40248107910156,799500,0.0,0.0,0.0,-0.003236217890885129,-0.0032414657692477053,0.07368511258181375,0.06259579931914015
2010-07-26 00:00:00-04:00,68.37383657460069,68.45264172509198,68.2233918688667,68.38099670410156,626300,0.0,0.0,0.0,-0.000314087656778983,-0.0003141369926378467,0.07188860475314002,0.06262550566799731
2010-07-27 00:00:00-04:00,68.15894090407126,68.31655127086677,68.13028397685844,68.14461517333984,528200,0.0,0.0,0.0,-0.003456830730101612,-0.003462819374586458,0.0735607490847832,0.05937099383235944
2010-07-28 00:00:00-04:00,68.18754474193362,68.49559963743907,68.13023093213128,68.43828582763672,933000,0.0,0.0,0.0,0.004309521061199861,0.004300261668145928,0.060408162947261285,0.05937049151690676
2010-07-29 00:00:00-04:00,68.40963965933015,68.71769460318347,68.36665702810532,68.58158111572266,737300,0.0,0.0,0.0,0.0020937883869101004,0.0020915994668965336,0.0534834505347843,0.05959832424781759
2010-07-30 00:00:00-04:00,68.93976731831816,69.02573255961153,68.79648280658712,68.98274993896484,563600,0.0,0.0,0.0,0.005849512605509366,0.005832470632510646,0.058774554011086465,0.06284080626125492
2010-08-02 00:00:00-04:00,68.80536420895343,68.89874043071038,68.7263514520257,68.76944732666016,1160900,0.253,0.0,0.0,-0.0030921152388592166,-0.0030969057048484544,0.06743244214149079,0.0636337872493038
2010-08-03 00:00:00-04:00,68.97774463040801,69.14295459625592,68.94901222416723,69.0926742553711,911900,0.0,0.0,0.0,0.004700153066165891,0.004689141836240263,0.056349274981997384,0.06508561089225286
2010-08-04 00:00:00-04:00,69.06389146834431,69.07825492091376,68.80530548095703,68.80530548095703,777600,0.0,0.0,0.0,-0.0041591786323385005,-0.004167852073735189,0.07175955861345276,0.0659411028801925
2010-08-05 00:00:00-04:00,69.04238887232994,69.16449747982604,68.977739592973,69.1357650756836,817400,0.0,0.0,0.0,0.004802821416409753,0.004791324666160811,0.07658911583200635,0.06670922543270205
2010-08-06 00:00:00-04:00,69.4446764963795,69.59551760560277,69.33693128117736,69.58833312988281,438400,0.0,0.0,0.0,0.006546077181669885,0.006524744664032295,0.079129881339399,0.06830583468946215
2010-08-09 00:00:00-04:00,69.49491608690043,69.58829229587003,69.45899920952577,69.57392883300781,464800,0.0,0.0,0.0,-0.00020699298613913175,-0.00020701441214402664,0.07012389094844527,0.06849395761264254
2010-08-10 00:00:00-04:00,69.5380164070554,69.9761760343735,69.47337259981818,69.92589569091797,641200,0.0,0.0,0.0,0.0050588900729604536,0.005046136881819644,0.0709273000547147,0.06571421930331445
2010-08-11 00:00:00-04:00,70.1772532739675,70.3424631443623,70.13415742957883,70.32091522216797,911200,0.0,0.0,0.0,0.005649116501789786,0.005633220082216703,0.041986662605172996,0.06619709245262524
2010-08-12 00:00:00-04:00,70.3641108304529,70.371295308085,70.06961300934618,70.14144134521484,1701100,0.0,0.0,0.0,-0.002552211904326085,-0.0025554743492778188,0.06393917043507297,0.06656494411509328
2010-08-13 00:00:00-04:00,70.27786709195773,70.4574405530228,70.23477121494919,70.44307708740234,705800,0.0,0.0,0.0,0.0043003926979905405,0.004291172433698907,0.05753624575852701,0.06546673570373435
2010-08-16 00:00:00-04:00,70.86684173164984,70.97458137616958,70.78064453588937,70.95303344726562,1453200,0.0,0.0,0.0,0.00723926865418667,0.007213190929001728,0.060101766269173615,0.06702313038828095
2010-08-17 00:00:00-04:00,70.76627624205035,70.78064518154719,70.46459427435379,70.59388732910156,774300,0.0,0.0,0.0,-0.0050617443781454385,-0.00507459840041627,0.08571223856142268,0.0712728608123422
2010-08-18 00:00:00-04:00,70.78063502257665,70.86683220675174,70.49331655547029,70.52204895019531,1148600,0.0,0.0,0.0,-0.001017628885789268,-0.0010181470216070062,0.08031136821175594,0.06932659887668195
2010-08-19 00:00:00-04:00,70.5005509972737,70.9458897308224,70.47900305599204,70.83815002441406,684100,0.0,0.0,0.0,0.00448230133588412,0.004472285740709267,0.07852556862506564,0.06568305925490879
2010-08-20 00:00:00-04:00,70.83094567146836,70.88122601373004,70.57235948836646,70.6082763671875,306000,0.0,0.0,0.0,-0.0032450544960214156,-0.003250331103707768,0.08269079036116499,0.06569168984856007
2010-08-23 00:00:00-04:00,70.57957437206093,70.7519634083605,70.50774606361517,70.7016830444336,575600,0.0,0.0,0.0,0.0013228856736333672,0.0013220114313107737,0.059688595022821485,0.06531621231234369
2010-08-24 00:00:00-04:00,71.0894901065032,71.3911719829074,70.99610846846637,71.26187896728516,973400,0.0,0.0,0.0,0.00792337464582693,0.007892149543280306,0.07021948840895156,0.0659386112594655
2010-08-25 00:00:00-04:00,71.44865502261023,71.58513254068492,70.87401803295889,70.93866729736328,690100,0.0,0.0,0.0,-0.004535547962049358,-0.004545864766433888,0.08273301283632892,0.06964035108743412
2010-08-26 00:00:00-04:00,70.9745605458865,71.26187896728516,70.90273231057262,71.26187896728516,845000,0.0,0.0,0.0,0.0045562128841105665,0.004545864766433906,0.08291978817110172,0.07032103949807796
2010-08-27 00:00:00-04:00,70.95306505920951,71.20446680867119,70.3209684491134,70.44307708740234,1014100,0.0,0.0,0.0,-0.011490040562342041,-0.011556561118571049,0.12216481930192238,0.08324458494892582
2010-08-30 00:00:00-04:00,70.67292210146175,70.98897310724342,70.61545728583846,70.9817886352539,463500,0.0,0.0,0.0,0.00764747325252646,0.007618379563612869,0.13545769775222832,0.08485145119714169
2010-08-31 00:00:00-04:00,71.26905813932449,71.35524982323959,71.11821721233039,71.29779052734375,1276700,0.0,0.0,0.0,0.004451872771390031,0.004441992498761767,0.12589369242095366,0.0847355592393827
2010-09-01 00:00:00-04:00,71.0292350082594,71.0652414816618,70.51077255663735,70.78440856933594,1268700,0.247,0.0,0.0,-0.007200531099360252,-0.007226580042890191,0.13331338529332296,0.08809159437589656
2010-09-02 00:00:00-04:00,70.61877422077013,70.6331735113409,70.44595526484328,70.4891586303711,1273500,0.0,0.0,0.0,-0.004171115432512695,-0.004179838800388474,0.12709630696102617,0.0892904576056446
2010-09-03 00:00:00-04:00,69.93472778597845,70.20835838447162,69.90592369763948,70.08594512939453,1308300,0.0,0.0,0.0,-0.0057202200850619,-0.005736643203151812,0.10508538603167297,0.08977247521881418
2010-09-07 00:00:00-04:00,70.4603823284803,70.66200543883716,70.37397556336606,70.6404037475586,778200,0.0,0.0,0.0,0.00791112422241591,0.007879995347667472,0.10645966989483674,0.09362106140773678
2010-09-08 00:00:00-04:00,70.45321130871628,70.56842770526876,70.29479700418686,70.44601440429688,1124900,0.0,0.0,0.0,-0.0027518152919452366,-0.0027556084960418774,0.09513054872724712,0.09298667991217956
2010-09-09 00:00:00-04:00,70.12907834527532,70.18668646431178,69.85544802057105,69.89144897460938,929300,0.0,0.0,0.0,-0.007872204472843425,-0.007903353858391797,0.09736515577400086,0.09519837300093573
2010-09-10 00:00:00-04:00,69.69707513485729,69.77628497814725,69.54585784143546,69.68987274169922,725300,0.0,0.0,0.0,-0.002884132978604903,-0.0028883001044160543,0.09641496238319405,0.09531024994775683
2010-09-13 00:00:00-04:00,69.64669885674279,70.06434993567161,69.64669885674279,70.0211410522461,1450100,0.0,0.0,0.0,0.00475346413351474,0.004742202097900493,0.10130538968495315,0.09561374561346044
2010-09-14 00:00:00-04:00,70.15070172786352,70.41713524050796,70.143504831116,70.37393188476562,590900,0.0,0.0,0.0,0.0050383473793478295,0.005025697379460667,0.08805718468118225,0.09361543589038578
2010-09-15 00:00:00-04:00,70.28029892547538,70.4459209022364,70.09307527648747,70.12908172607422,900600,0.0,0.0,0.0,-0.0034792735340173353,-0.0034853402821847417,0.08924596418808015,0.09273310485989902
2010-09-16 00:00:00-04:00,70.04991682101118,70.10752497974094,69.7474822284045,69.8843002319336,2902900,0.0,0.0,0.0,-0.003490442026558238,-0.003496547831440985,0.07125264888004519,0.0933950099364511
2010-09-17 00:00:00-04:00,70.0931609216765,70.23718140218587,69.97074763360824,70.04275512695312,1738600,0.0,0.0,0.0,0.0022673890200466396,0.0022648223725558994,0.06745702890361883,0.09217036560348335
2010-09-20 00:00:00-04:00,70.15075983107693,70.25877380371094,69.99954246691685,70.25877380371094,619900,0.0,0.0,0.0,0.0030840973683328166,0.00307935129577357,0.06249131737279148,0.09245199982742412
2010-09-21 00:00:00-04:00,70.46038970161852,70.92124414317841,70.21556318308534,70.91404724121094,1279500,0.0,0.0,0.0,0.009326570932346456,0.009283347015771075,0.08476246143433967,0.09841047075645809
2010-09-22 00:00:00-04:00,71.1156712444976,71.3028895866764,70.97165079610811,71.02205657958984,978800,0.0,0.0,0.0,0.0015231021579056314,0.0015219434142546755,0.07267170122395493,0.09425564180798736
2010-09-23 00:00:00-04:00,71.38928980431622,71.38928980431622,70.9644419143781,71.12285614013672,514000,0.0,0.0,0.0,0.0014192712151881448,0.0014182650017443479,0.05257547992090439,0.09294333500563984
2010-09-24 00:00:00-04:00,70.82759716156704,70.8996045995283,70.74118493972429,70.76998901367188,1317500,0.0,0.0,0.0,-0.004961374523114959,-0.00497372300224564,0.08088550161737744,0.09309342604855844
2010-09-27 00:00:00-04:00,71.02926346798162,71.32450128548976,71.02926346798162,71.31729888916016,782100,0.0,0.0,0.0,0.007733643640704058,0.007703892311060797,0.09067108305984192,0.08736016155034107
2010-09-28 00:00:00-04:00,71.33892651095918,71.64856373983896,71.33172411201201,71.5549545288086,776000,0.0,0.0,0.0,0.003332370173158017,0.0033268301319062826,0.0725265488770053,0.08404349586940016
2010-09-29 00:00:00-04:00,71.56925796685576,71.60526441954075,71.34603334288617,71.38203430175781,820400,0.0,0.0,0.0,-0.0024166073221548734,-0.0024195320304941405,0.0786415592013048,0.08320047776662917
2010-09-30 00:00:00-04:00,71.33170106870669,71.33890346532716,70.85644727431506,71.29570007324219,813200,0.0,0.0,0.0,-0.0012094671910113375,-0.0012101991867304672,0.08000630592073048,0.0788593640906592
2010-10-01 00:00:00-04:00,71.10294504531677,71.4205262681395,71.0091095987856,71.33391571044922,846600,0.233,0.0,0.0,0.0005360160173442097,0.000535872412072977,0.06437542442097474,0.0770114123595643
2010-10-04 00:00:00-04:00,71.47829437002147,71.62986840377285,71.42776969210435,71.58656311035156,1260800,0.0,0.0,0.0,0.003541757064449813,0.0035354998129886617,0.04228032487395594,0.07387239219067375
2010-10-05 00:00:00-04:00,71.62990048652097,71.67321130611788,71.52163169769771,71.60102844238281,1092900,0.0,0.0,0.0,0.00020206769822084247,0.00020204728529332622,0.035575819963822156,0.06933253457402569
2010-10-06 00:00:00-04:00,72.09177637569469,72.26500848240192,71.99794644797569,72.06290435791016,614400,0.0,0.0,0.0,0.0064506882872361615,0.0064299716409043604,0.0488100809749048,0.07095898187211296
2010-10-07 00:00:00-04:00,72.12068543684735,72.22173479760808,72.05572749354852,72.13512420654297,534700,0.0,0.0,0.0,0.0010021778788449343,0.001001676033858487,0.04196747119261805,0.06248879370982005
2010-10-08 00:00:00-04:00,72.32277410318984,72.45269547850144,72.1567668222106,72.16398620605469,868200,0.0,0.0,0.0,0.0004001102074639995,0.00040003018471950743,0.04234623030985746,0.06042438952152065
2010-10-11 00:00:00-04:00,72.2650170407351,72.32275557636781,72.1495289559197,72.23614501953125,400300,0.0,0.0,0.0,0.0009999283197927866,0.0009994287244823544,0.041561216253481886,0.059412538020372226
2010-10-12 00:00:00-04:00,72.25060683806203,72.36609496853092,71.98355017321275,72.02685546875,991900,0.0,0.0,0.0,-0.0028972967857664456,-0.0029015020747097903,0.05328975601599136,0.05993479959618953
2010-10-13 00:00:00-04:00,71.80310409943797,72.05572750136723,71.6876159689691,72.02685546875,473800,0.0,0.0,0.0,0.0,0.0,0.025731413166363487,0.057582793592032236
2010-10-14 00:00:00-04:00,71.9979621627557,72.04126744549747,71.56489281501153,71.61541748046875,955100,0.0,0.0,0.0,-0.005712285863427091,-0.005728663366753414,0.044751598999227794,0.0605210887421324
2010-10-15 00:00:00-04:00,71.51435646248551,71.56488111968586,71.18233649991538,71.30503845214844,807100,0.0,0.0,0.0,-0.0043339694054700395,-0.004343388274786307,0.045094260699887194,0.06348559873514964
2010-10-18 00:00:00-04:00,71.62261921455051,71.81027906470695,71.5215644017616,71.64427185058594,1149600,0.0,0.0,0.0,0.004757495484209784,0.0047462143683245535,0.06595055079852259,0.06451828006078941
2010-10-19 00:00:00-04:00,71.55049277767465,71.99078174644924,71.53605951120694,71.88973236083984,763700,0.0,0.0,0.0,0.00342610098356233,0.003420245270618463,0.07321725570226129,0.05740762310742746
2010-10-20 00:00:00-04:00,71.72365733002384,72.00515256811293,71.66591330508932,71.84635925292969,615100,0.0,0.0,0.0,-0.0006033282707529342,-0.0006035103464920561,0.07314911317238153,0.05749433657067505
2010-10-21 00:00:00-04:00,71.72370629595723,71.7886642382755,71.44942474365234,71.44942474365234,594300,0.0,0.0,0.0,-0.005524768595162377,-0.005540086574088604,0.07231357160991675,0.061312258513042756
2010-10-22 00:00:00-04:00,71.37001998809092,71.53603277771113,71.3628061109422,71.4710693359375,643600,0.0,0.0,0.0,0.00030293585095764186,0.00030288997515746,0.0636161523728931,0.0581599339782393
2010-10-25 00:00:00-04:00,71.74535894339665,71.81753627045376,71.42055271147409,71.44942474365234,1436800,0.0,0.0,0.0,-0.0003028441086199152,-0.0003028899751574856,0.051038868654964736,0.051518554448151864
2010-10-26 00:00:00-04:00,71.21845700223437,71.25454842067644,70.97305297851562,70.97305297851562,831800,0.0,0.0,0.0,-0.006667258229801742,-0.006689583684331398,0.05191421425052924,0.055281300183049366
2010-10-27 00:00:00-04:00,70.82149599360766,70.87202068753119,70.55443375042405,70.56165313720703,1223500,0.0,0.0,0.0,-0.005796563963975543,-0.005813429246241085,0.052674800527111744,0.058142521720525725
2010-10-28 00:00:00-04:00,70.82869281152462,71.0380109235786,70.79260689985985,70.97305297851562,738700,0.0,0.0,0.0,0.005830360018757252,0.005813429246241062,0.08072181321080421,0.06233658595701353
2010-10-29 00:00:00-04:00,71.124619235489,71.34115120209887,71.088527820999,71.2906265258789,768600,0.0,0.0,0.0,0.004474565120643925,0.004464584017123853,0.09082764367317796,0.06449983763341932
2010-11-01 00:00:00-04:00,71.51132305562211,71.51132305562211,71.12063471321768,71.17127990722656,1042700,0.235,0.0,0.0,-0.0016740857033851197,-0.001675488550732667,0.09116845015739988,0.06332354318923866
2010-11-02 00:00:00-04:00,71.35212740668766,71.43171346779117,71.30871331523397,71.41000366210938,356700,0.0,0.0,0.0,0.0033542147224834284,0.003348601891871888,0.07695814304718045,0.06461926133899142
2010-11-03 00:00:00-04:00,71.64873897995558,71.76450249367491,71.20740024373993,71.6415023803711,912000,0.0,0.0,0.0,0.0032418247638958952,0.0032365813790298224,0.045044185146727686,0.06120140262421357
2010-11-04 00:00:00-04:00,72.06116478093026,72.3143906654996,72.06116478093026,72.2203369140625,1092500,0.0,0.0,0.0,0.008079597921022863,0.008047132723002235,0.05543673335663159,0.06796034955795394
2010-11-05 00:00:00-04:00,72.11902351401292,72.24201811579834,71.91644287109375,71.91644287109375,1108100,0.0,0.0,0.0,-0.004207873515328031,-0.0042167515288800165,0.07616583829377212,0.06960980120672919
2010-11-08 00:00:00-05:00,72.02498641857787,72.11180355992173,71.85857769781916,71.93816375732422,469400,0.0,0.0,0.0,0.00030202948537660923,0.0003019838836534031,0.07171686376297197,0.06949919953829456
2010-11-09 00:00:00-05:00,71.93815369289456,71.97433117666633,71.30870190666539,71.33040618896484,744600,0.0,0.0,0.0,-0.008448333076857217,-0.008484222523031154,0.10187791384533844,0.07493949464449141
2010-11-10 00:00:00-05:00,71.37379862049634,71.65596524460513,70.9469276251091,71.59808349609375,1298900,0.0,0.0,0.0,0.003752639602525143,0.0037456160163730204,0.1030252733794223,0.07642420446965811
2010-11-11 00:00:00-05:00,71.64152643400752,71.67770392416843,71.32318770421347,71.5185317993164,403500,0.0,0.0,0.0,-0.0011110869578190297,-0.0011117046725318454,0.07344493217146628,0.07379228045569637
2010-11-12 00:00:00-05:00,71.34483568309163,71.4823034133179,70.91796481971276,70.92520141601562,2041400,0.0,0.0,0.0,-0.008296176786258491,-0.008330781585487846,0.0860435668029227,0.07805502285503202
2010-11-15 00:00:00-05:00,70.51287740439751,70.70822706930157,70.00642553225998,70.01365661621094,1174200,0.0,0.0,0.0,-0.012852198958984595,-0.01293550299781199,0.10511412650658908,0.08751101904628186
2010-11-16 00:00:00-05:00,70.32475147230512,70.57074627940021,69.92682665128687,70.5345687866211,954600,0.0,0.0,0.0,0.007440150901782072,0.007412609502806782,0.1328592902682107,0.09136170800409509
2010-11-17 00:00:00-05:00,70.55627046481906,70.73714688220417,70.24516280612029,70.33198547363281,580200,0.0,0.0,0.0,-0.002872113865204584,-0.0028762462986749635,0.12199837035404022,0.09160698271264484
2010-11-18 00:00:00-05:00,70.15107703399974,70.21619538488675,69.89061467026707,70.1655502319336,2968200,0.0,0.0,0.0,-0.0023664231939195535,-0.0023692275984314127,0.12074398739645381,0.09023596010892197
2010-11-19 00:00:00-05:00,70.15831386924216,70.31748592760458,70.12213639419335,70.31024932861328,530600,0.0,0.0,0.0,0.0020622527180558237,0.002060129193913705,0.11876340312617806,0.09075923619603608
2010-11-22 00:00:00-05:00,70.5273263291317,70.69372952129264,70.44774027378185,70.68649291992188,495400,0.0,0.0,0.0,0.005351191254494347,0.005336924504015188,0.0725740715829112,0.09335432976250241
2010-11-23 00:00:00-05:00,70.96865431284272,71.0699501646807,70.75160596724184,70.83119201660156,659400,0.0,0.0,0.0,0.0020470544046315986,0.002044962043728332,0.054624554765533864,0.09083452926884443
2010-11-24 00:00:00-05:00,70.53454573827838,70.5707232192359,70.02085752415151,70.07150268554688,1112700,0.0,0.0,0.0,-0.010725350081312035,-0.01078328124217085,0.09884173678569186,0.09645630664802907
2010-11-26 00:00:00-05:00,70.25963868733244,70.38263333106157,70.1945203042397,70.37539672851562,210100,0.0,0.0,0.0,0.00433691345727949,0.0043275361507134815,0.10319437663863701,0.09533016394413289
2010-11-29 00:00:00-05:00,70.57795075792039,70.62135931356931,70.39707441617267,70.52730560302734,527800,0.0,0.0,0.0,0.002158550879616694,0.0021562245557242544,0.10328172256520003,0.09410426917513594
2010-11-30 00:00:00-05:00,70.91079972945882,70.92526741562183,70.58521883172774,70.65033721923828,874200,0.0,0.0,0.0,0.0017444536574733327,0.0017429338654063162,0.09580643936535244,0.09433096918297268
2010-12-01 00:00:00-05:00,69.92428983622072,70.12011312018977,69.6849459631303,69.72120666503906,1967700,0.239,0.0,0.0,-0.013151112801004672,-0.013238354411986609,0.12935431980965595,0.10348385110613308
2010-12-02 00:00:00-05:00,69.67771566252198,69.88079337035663,69.53266173791222,69.54716491699219,983500,0.0,0.0,0.0,-0.0024962526664665807,-0.0024993734998282192,0.11075819117926937,0.10223197831558162
2010-12-03 00:00:00-05:00,69.9895954630959,70.01860735839031,69.48190112907649,69.55442810058594,374500,0.0,0.0,0.0,0.00010443536558857325,0.00010442991259543402,0.10033606958922422,0.09609427143449688
2010-12-06 00:00:00-05:00,69.88807749687308,69.99687075339936,69.75027233637614,69.98961639404297,902000,0.0,0.0,0.0,0.006256802123765448,0.006237309602337739,0.11502427658901289,0.09981263233315417
2010-12-07 00:00:00-05:00,69.37310792552823,69.43838053987,68.66233032423838,68.82914733886719,1335700,0.0,0.0,0.0,-0.016580588878246094,-0.016719585413510537,0.15048163603882383,0.11322248373704392
2010-12-08 00:00:00-05:00,68.35772392910347,68.38673582873774,67.76299382023618,68.2416763305664,2155300,0.0,0.0,0.0,-0.008535206827544717,-0.008571840303812346,0.13812556240113802,0.11328665283284008
2010-12-09 00:00:00-05:00,68.41571537712656,68.54626609702115,68.1038445203479,68.38670349121094,1664700,0.0,0.0,0.0,0.002125199268875111,0.002122944227285539,0.14552117263942013,0.11229799863183498
2010-12-10 00:00:00-05:00,68.16187954817521,68.24165533080276,67.80648803710938,67.80648803710938,1002400,0.0,0.0,0.0,-0.008484331375559484,-0.008520528197640313,0.14554050484310457,0.11432220304117877
2010-12-13 00:00:00-05:00,67.70493789923353,68.21988642315944,67.60339906541442,68.02406311035156,1323400,0.0,0.0,0.0,0.0032087648179495165,0.0032036277183505827,0.1315686958454731,0.11406204142711378
2010-12-14 00:00:00-05:00,67.74118977289599,67.90075234461384,67.08843631289132,67.30602264404297,1878500,0.0,0.0,0.0,-0.010555683290246254,-0.010611789691988062,0.10413665713877676,0.1114416706081358
2010-12-15 00:00:00-05:00,67.48014803466369,67.60344448235469,66.79838209232852,67.03047180175781,1871900,0.0,0.0,0.0,-0.004093999785761304,-0.004102403146297015,0.09773188432990437,0.1059413133019524
2010-12-16 00:00:00-05:00,67.05951018979782,67.44390840408255,66.76939655507775,67.42940521240234,1351000,0.0,0.0,0.0,0.005951523238928891,0.005933882881226517,0.11415055988963564,0.11010406573520456
2010-12-17 00:00:00-05:00,67.59617265849846,68.0821150309207,67.5381543962221,68.00958251953125,1361700,0.0,0.0,0.0,0.008604218075205505,0.008567412760810402,0.1244889971219628,0.11643295935234987
2010-12-20 00:00:00-05:00,68.26343614551217,68.43750200155132,67.85002627901058,68.00233459472656,804000,0.0,0.0,0.0,-0.00010657211140219225,-0.0001065777906131572,0.12235729349813623,0.11579737283865284
2010-12-21 00:00:00-05:00,68.11842612999567,68.15469241251104,67.7920517211885,68.1474380493164,848500,0.0,0.0,0.0,0.002133801073957553,0.0021315277537469627,0.07920712113097063,0.11376565513553281
2010-12-22 00:00:00-05:00,68.11114567618823,68.14015204858347,67.86454724318673,67.95883178710938,308900,0.0,0.0,0.0,-0.002767620729491549,-0.0027714576728472056,0.07253130658031028,0.1128849451704524
2010-12-23 00:00:00-05:00,67.84274827879689,67.84274827879689,67.62516188448355,67.71945190429688,540600,0.0,0.0,0.0,-0.003522424922817846,-0.0035286432682172355,0.07731988724644388,0.10834172653095031
2010-12-27 00:00:00-05:00,67.71946641638036,68.00957429303159,67.5381462267468,67.9805679321289,407100,0.0,0.0,0.0,0.0038558496929514963,0.0038484349584801025,0.04986346850145215,0.10800009534452279
2010-12-28 00:00:00-05:00,67.86273364169914,67.89909609126846,67.26642608642578,67.26642608642578,955200,0.248,0.0,0.0,-0.010505087960078763,-0.010560655903296147,0.08926960967910262,0.11129226551523395
2010-12-29 00:00:00-05:00,67.34643493027953,68.13908547514724,67.24462670521638,68.02273559570312,1362200,0.0,0.0,0.0,0.011243491787502169,0.011180753560215093,0.1306956574605025,0.12063266764053386
2010-12-30 00:00:00-05:00,67.89183323203837,67.98636784849054,67.6591279431215,67.88455963134766,529800,0.0,0.0,0.0,-0.002031320309972884,-0.0020333862392572484,0.12993606445233968,0.11305491470741462
2010-12-31 00:00:00-05:00,67.94273947057384,68.46632777408387,67.9281978168683,68.22634887695312,674300,0.0,0.0,0.0,0.005034859877733444,0.005022227354984148,0.13031881877750037,0.11514784164700487
2011-01-03 00:00:00-05:00,67.76821781117772,68.20453958621124,67.65913598038625,68.01546478271484,1396100,0.0,0.0,0.0,-0.0030909479652592164,-0.003095734811394338,0.13179624501141712,0.1153244383995563
2011-01-04 00:00:00-05:00,68.10277191854641,68.27002601699408,67.97914835914845,68.17549133300781,1234100,0.0,0.0,0.0,0.0023527965412601937,0.002350033049252061,0.09204608148667685,0.11283010417782902
2011-01-05 00:00:00-05:00,67.67369199925305,67.75368498893666,67.30282146322928,67.44098663330078,1111900,0.0,0.0,0.0,-0.010773735331356726,-0.010832192263336014,0.09595895965899405,0.10392275376316848
2011-01-06 00:00:00-05:00,67.63730386851746,67.84092027624938,67.51367486542509,67.7900161743164,1452400,0.0,0.0,0.0,0.005175332663998722,0.00516198665678762,0.10736085423724498,0.10211366367896738
2011-01-07 00:00:00-05:00,67.84821240908055,68.3645271691865,67.76094583273056,68.24089813232422,736500,0.0,0.0,0.0,0.0066511557815298605,0.006629134435918415,0.11285567428433363,0.10477566663948433
2011-01-10 00:00:00-05:00,68.36452047220317,68.47360229492188,68.22634979355065,68.47360229492188,1096400,0.0,0.0,0.0,0.003410039565224121,0.0034042385643268773,0.1108288758614841,0.100552214280696
2011-01-11 00:00:00-05:00,68.38632998180736,68.38632998180736,68.03726928805936,68.20452880859375,760400,0.0,0.0,0.0,-0.003929594432160899,-0.003937335574716861,0.11614145600822891,0.10120044796948445
2011-01-12 00:00:00-05:00,67.92822178271679,68.13183829522404,67.80459271600837,68.00820922851562,753000,0.0,0.0,0.0,-0.00287839507885268,-0.002882545624487794,0.07620141184289193,0.09382751480926048
2011-01-13 00:00:00-05:00,67.98640396532556,68.46636199951172,67.96458869979614,68.46636199951172,1051500,0.0,0.0,0.0,0.006736727465601167,0.006714137117055865,0.08133917876241428,0.09461258239659741
2011-01-14 00:00:00-05:00,68.59721639125644,68.66993574708097,68.25542931593687,68.2772445678711,734500,0.0,0.0,0.0,-0.0027621948372541505,-0.00276601673692371,0.07458568225542507,0.09371008956490554
2011-01-18 00:00:00-05:00,68.1245422644003,68.2408921411863,67.87728976051552,68.11000061035156,1063800,0.0,0.0,0.0,-0.002449483112243689,-0.0024524880039595493,0.06972061644991369,0.08936626085982548
2011-01-19 00:00:00-05:00,68.08092940018713,68.33545002300009,68.07365579721149,68.2845458984375,732200,0.0,0.0,0.0,0.0025626969097312102,0.0025594188013433874,0.06808167812705772,0.08979013114814673
2011-01-20 00:00:00-05:00,67.98640567473704,68.03730981163051,67.5864461843269,67.75370025634766,697000,0.0,0.0,0.0,-0.007774023171793432,-0.007804398417584916,0.08813508656217228,0.09379109063772974
2011-01-21 00:00:00-05:00,67.70275413168514,67.97909545898438,67.61549312149076,67.97909545898438,523900,0.0,0.0,0.0,0.0033266847682700273,0.003321163593912193,0.07171159414257064,0.0941354122457798
2011-01-24 00:00:00-05:00,68.00819678909242,68.11001057485707,67.94275101410032,67.98638153076172,497800,0.0,0.0,0.0,0.00010718106394547178,0.00010717532046562873,0.07121788313690942,0.09319487589525535
2011-01-25 00:00:00-05:00,68.11733393348852,68.4882102706242,67.92826450902805,68.3282241821289,1126500,0.0,0.0,0.0,0.0050281048008491425,0.005015506095995719,0.07986694738244049,0.0938928807464096
2011-01-26 00:00:00-05:00,68.18267230723458,68.1899403551115,67.84815901666686,67.91360473632812,869900,0.0,0.0,0.0,-0.0060680553426298856,-0.006086540808942815,0.08973934448786218,0.08829225921664051
2011-01-27 00:00:00-05:00,67.97184710843665,68.21182607187957,67.81913473573664,68.1681900024414,531500,0.0,0.0,0.0,0.0037486637191723737,0.0037416549894524445,0.07085424236430185,0.07978785156082524
2011-01-28 00:00:00-05:00,68.00091326006476,68.58994729347813,67.98636605906624,68.48086547851562,1056600,0.0,0.0,0.0,0.004586823796598027,0.004576336377395365,0.07371226776881253,0.08087342252512392
2011-01-31 00:00:00-05:00,68.40814243945148,68.50995064844028,68.13180666478637,68.21179962158203,555100,0.0,0.0,0.0,-0.003929066244321988,-0.003936805303266252,0.08338481062433047,0.08039088179443739
2011-02-01 00:00:00-05:00,67.98214667968134,68.06234054164139,67.81446708774698,67.89466094970703,1009200,0.235,0.0,0.0,-0.004649322751113294,-0.004660164469619849,0.07976875293052405,0.08137032802522108
2011-02-02 00:00:00-05:00,68.06966009364096,68.10610832440457,67.62495051902263,67.73430633544922,1120000,0.0,0.0,0.0,-0.002361814788008121,-0.002364608271882352,0.06936199751437462,0.0812243882258414
2011-02-03 00:00:00-05:00,67.50099627548836,67.6322221142379,67.3187384751177,67.347900390625,1310900,0.0,0.0,0.0,-0.005704730227996557,-0.005721064352287627,0.06503475495660682,0.07425944387142187
2011-02-04 00:00:00-05:00,67.17289349639306,67.26766549244812,66.81566998288662,66.93231201171875,1523900,0.0,0.0,0.0,-0.006170769637892093,-0.006189887525484475,0.024000201916259206,0.0745736986276053
2011-02-07 00:00:00-05:00,66.7573942107444,66.92507385276451,66.6772003248305,66.9031982421875,850700,0.0,0.0,0.0,-0.0004349733134297873,-0.0004350679417630133,0.038346868829778294,0.06946977846471926
2011-02-08 00:00:00-05:00,66.85219512284834,66.91051898542025,66.39290721975138,66.44393920898438,997200,0.0,0.0,0.0,-0.006864530325450535,-0.006888199594881329,0.04401032591877904,0.07042461794299368
2011-02-09 00:00:00-05:00,66.57511696188303,66.96150253830945,66.41472923686098,66.82299041748047,786000,0.0,0.0,0.0,0.005704827453168804,0.005688616549418014,0.08481699600335593,0.07420735509268823
2011-02-10 00:00:00-05:00,66.75007490657694,66.85213879905278,66.54594712162526,66.6042709350586,617000,0.0,0.0,0.0,-0.003273117246854862,-0.003278485612504906,0.08105244296885696,0.07435209397903005
2011-02-11 00:00:00-05:00,66.89592902010759,67.0854731969821,66.77928131550603,66.91050720214844,1492700,0.0,0.0,0.0,0.004597847297036495,0.0045873094856388975,0.08388553078156072,0.07172938132693213
2011-02-14 00:00:00-05:00,66.81566998288662,67.0854078032215,66.81566998288662,66.93231201171875,1311100,0.0,0.0,0.0,0.0003258802015120299,0.00032582711409227404,0.08384172427293797,0.07164002286132937
2011-02-15 00:00:00-05:00,66.91053655292795,67.10008637501852,66.88866648923887,67.08550262451172,603700,0.0,0.0,0.0,0.002288739297787057,0.0022861241235416813,0.05676165981560983,0.07232599497639573
2011-02-16 00:00:00-05:00,67.01258508549492,67.1875566787502,66.83761905430949,66.99071502685547,620100,0.0,0.0,0.0,-0.0014129371316898842,-0.001413936268614944,0.04887560999867955,0.07128180386269305
2011-02-17 00:00:00-05:00,67.24582695571027,67.34789086451595,67.15105491526667,67.23854064941406,776500,0.0,0.0,0.0,0.0036994025583880763,0.0036925765982136305,0.038982142725047436,0.06827730718144608
2011-02-18 00:00:00-05:00,67.06354269067009,67.23122222436848,66.96877068766192,67.22393035888672,418400,0.0,0.0,0.0,-0.0002172904168685763,-0.00021731402785156326,0.032422613665896174,0.06687498927199997
2011-02-22 00:00:00-05:00,67.44997089078333,67.88010223387404,67.4135226643952,67.87281036376953,1383500,0.0,0.0,0.0,0.00965251512993448,0.009606227230499217,0.06868368444122225,0.0760702442252919
2011-02-23 00:00:00-05:00,67.85821977315469,67.98215373192558,67.65409194410469,67.70512390136719,651700,0.0,0.0,0.0,-0.002470598484188513,-0.0024736554486827753,0.07852971253164004,0.07403089028859877
2011-02-24 00:00:00-05:00,67.90925835140669,68.05506236863903,67.79990255744907,67.88009643554688,508800,0.0,0.0,0.0,0.0025843322350991293,0.0025809985908094852,0.07299799656225957,0.07165108730508502
2011-02-25 00:00:00-05:00,67.85823425578536,68.09881591796875,67.85823425578536,68.09881591796875,571900,0.0,0.0,0.0,0.0032221445446760644,0.003216964561063992,0.07264339166498181,0.07130782280898325
2011-02-28 00:00:00-05:00,68.10609696736147,68.15712893157497,68.04048682568707,68.06964874267578,372400,0.0,0.0,0.0,-0.00042830664380566486,-0.0004283983932951081,0.07316416892638211,0.06918105075140485
2011-03-01 00:00:00-05:00,67.7598283611019,68.17633952349777,67.73059882295568,68.14710998535156,530800,0.216,0.0,0.0,0.001137970359867957,0.0011373233623941013,0.036692085674145086,0.0679755508216446
2011-03-02 00:00:00-05:00,68.03017141854468,68.16901028933589,67.78903198242188,67.78903198242188,425400,0.0,0.0,0.0,-0.005254485524135322,-0.00526833888268728,0.0537339048927211,0.06855145834963895
2011-03-03 00:00:00-05:00,67.55522680337955,67.59176512262094,67.3140928512667,67.32870483398438,616800,0.0,0.0,0.0,-0.0067905844791656955,-0.006813745408329808,0.06754472101305037,0.07222047446256114
2011-03-04 00:00:00-05:00,67.48946239118688,67.82559373274533,67.46754163031898,67.81098175048828,637300,0.0,0.0,0.0,0.007163020849622503,0.007137488270205245,0.08803813234505178,0.07385126095971575
2011-03-07 00:00:00-05:00,67.52600123449972,67.88405333971103,67.48946291612596,67.64291381835938,489600,0.0,0.0,0.0,-0.0024784766093980393,-0.002481553116969049,0.0886432814483341,0.07061750667911358
2011-03-08 00:00:00-05:00,67.60638385346213,67.67946049923904,67.47485369601517,67.48216247558594,538100,0.0,0.0,0.0,-0.0023764698133067474,-0.002379298099473177,0.08616917777882908,0.07130507314258035
2011-03-09 00:00:00-05:00,67.63562280544527,68.00098378529312,67.5479397382601,67.87676239013672,626000,0.0,0.0,0.0,0.005847469910193581,0.005830439814416728,0.09492625253927625,0.06824395261061819
2011-03-10 00:00:00-05:00,68.05943478823731,68.45402526855469,67.95713417204007,68.45402526855469,1576500,0.0,0.0,0.0,0.008504572965634782,0.008468612824887898,0.0847868472380537,0.07141263851122077
2011-03-11 00:00:00-05:00,68.46128889289864,68.49051841752814,68.19822874619503,68.29322052001953,690300,0.0,0.0,0.0,-0.0023490912025158073,-0.0023518546458231645,0.08460180215865473,0.07071413114836812
2011-03-14 00:00:00-04:00,68.49780553578978,68.67318264239229,68.4466552734375,68.4466552734375,806200,0.0,0.0,0.0,0.0022467054892072458,0.002244185420292222,0.07717512200767981,0.06972883112862942
2011-03-15 00:00:00-04:00,69.0751711637921,69.17016862119574,68.66596850103231,68.69519805908203,1661100,0.0,0.0,0.0,0.0036311896417966505,0.003624612789080511,0.06464218818702414,0.07019951073149387
2011-03-16 00:00:00-04:00,69.03861300026722,69.63049600187605,68.92169481107894,69.27974700927734,1588800,0.0,0.0,0.0,0.008509313121021433,0.008473312996185037,0.07278388359101078,0.07467956385687757
2011-03-17 00:00:00-04:00,69.075149357119,69.2139883202824,68.8778568712778,69.06784057617188,639900,0.0,0.0,0.0,-0.0030587067974872095,-0.0030633942018276953,0.0750436145377968,0.07578664879483282
2011-03-18 00:00:00-04:00,68.85591629833266,69.06782071015151,68.83398996179797,69.02397918701172,1513200,0.0,0.0,0.0,-0.0006350479296045597,-0.0006352496579503072,0.06988868917152054,0.07570938280597908
2011-03-21 00:00:00-04:00,68.79749243094513,68.819413203735,68.49789366956989,68.66596221923828,1029000,0.0,0.0,0.0,-0.005186849149966255,-0.005200347548353801,0.08699568401810898,0.0790316609548214
2011-03-22 00:00:00-04:00,68.54169951796389,68.70976239146613,68.52708196159412,68.70245361328125,573500,0.0,0.0,0.0,0.0005314335205330867,0.0005312923597492143,0.0829995723346009,0.07223970831636638
2011-03-23 00:00:00-04:00,68.89977298316674,68.92900253001362,68.52710322957654,68.61479187011719,696900,0.0,0.0,0.0,-0.001275962335457459,-0.0012767770685177529,0.03553571864494363,0.07168471724395899
2011-03-24 00:00:00-04:00,68.41745842869727,68.51245580054679,68.23477803663361,68.26400756835938,1098100,0.0,0.0,0.0,-0.005112371431830964,-0.005125484313700144,0.042055966489913596,0.07413329171974987
2011-03-25 00:00:00-04:00,68.38099684093237,68.41022640306946,68.03024767025623,68.0813980102539,782400,0.0,0.0,0.0,-0.002675048896339738,-0.0026786332332499594,0.039259369020717916,0.07399748154977001
2011-03-28 00:00:00-04:00,67.98636650829889,68.1617382039877,67.92059863806203,68.10327911376953,634900,0.0,0.0,0.0,0.0003213962132846415,0.00032134457658528146,0.03707928707619534,0.07398811345385452
2011-03-29 00:00:00-04:00,68.02288028526328,68.1982575070009,67.81097589851757,67.90596771240234,1047300,0.0,0.0,0.0,-0.0028972379000660187,-0.0029014430179060144,0.03206815854093326,0.0745744215640925
2011-03-30 00:00:00-04:00,67.92058988221005,68.16172941704967,67.89866911994552,68.13980865478516,773500,0.0,0.0,0.0,0.0034435992926746817,0.003437683681403564,0.05269257135014572,0.07308034888260728
2011-03-31 00:00:00-04:00,68.25671391648973,68.2786346746102,67.9351945974855,67.96442413330078,1093100,0.0,0.0,0.0,-0.0025738921923441627,-0.0025772103477922654,0.043689167021947826,0.0691030361481043
2011-04-01 00:00:00-04:00,67.80182034705581,68.10954284667969,67.7798409670645,68.10954284667969,1062700,0.248,0.0,0.0,0.0021352158166496604,0.0021329394830908632,0.04454978097677771,0.06482513107147535
2011-04-04 00:00:00-04:00,68.20475894761523,68.36594845042468,68.15347188670954,68.26337432861328,886100,0.0,0.0,0.0,0.002258589259362287,0.0022560424806714724,0.047236868703308885,0.06438170098516659
2011-04-05 00:00:00-04:00,68.16075994146055,68.20471865630569,67.85303775781043,67.91897583007812,777000,0.0,0.0,0.0,-0.005045143196075519,-0.005057912899103019,0.058103519049563845,0.06660215134211334
2011-04-06 00:00:00-04:00,67.83106366570158,67.83106366570158,67.596607851883,67.62591552734375,857500,0.0,0.0,0.0,-0.0043148516177211604,-0.004324187454809099,0.05555291926149125,0.0651921497123131
2011-04-07 00:00:00-04:00,67.64059095325113,67.75782169735358,67.4940581129926,67.63326263427734,743800,0.0,0.0,0.0,0.00010864336366167571,0.00010863746239886,0.055574631077485066,0.05660995283102317
2011-04-08 00:00:00-04:00,67.41344544348168,67.55997824476587,67.36215840404539,67.4354248046875,595100,0.0,0.0,0.0,-0.0029251557870221268,-0.0029294424166251185,0.04897225224012744,0.05688271260391357
2011-04-11 00:00:00-04:00,67.45741751951518,67.60395034980648,67.37682278589422,67.52336120605469,364200,0.0,0.0,0.0,0.001304009007459861,0.0013031595261214436,0.04397693546882491,0.05634724448002154
2011-04-12 00:00:00-04:00,67.80908926216512,68.0435450931181,67.79443262842983,67.90433502197266,1055400,0.0,0.0,0.0,0.0056421038454437245,0.005626246794335618,0.06184602933041395,0.05878392568852394
2011-04-13 00:00:00-04:00,67.76510211760295,68.16807556152344,67.74312276427385,68.16807556152344,678700,0.0,0.0,0.0,0.003884001506905932,0.0038764782469962486,0.05285521007672526,0.051096601960150256
2011-04-14 00:00:00-04:00,68.27799361667502,68.27799361667502,67.94096374511719,67.94096374511719,1036300,0.0,0.0,0.0,-0.0033316448283958744,-0.0033372071148385436,0.0635439501916352,0.051265277699639476
2011-04-15 00:00:00-04:00,68.33662928991077,68.46851108008539,68.24871182304068,68.439208984375,881400,0.0,0.0,0.0,0.007333502673394499,0.007306743289698491,0.06617113082804059,0.05887873848846114
2011-04-18 00:00:00-04:00,68.38793739499062,68.68833707225812,68.2414045118516,68.60774230957031,902400,0.0,0.0,0.0,0.00246252590724394,0.002459498858760444,0.06483517475897446,0.05689008567617312
2011-04-19 00:00:00-04:00,68.60043490636318,68.76162448088935,68.57845552617741,68.69568634033203,532000,0.0,0.0,0.0,0.0012818382853192478,0.001281017432016973,0.06179870154450901,0.05705154065821192
2011-04-20 00:00:00-04:00,68.60038579355619,68.61504242976889,68.40256592363578,68.42454528808594,708200,0.0,0.0,0.0,-0.00394698803797966,-0.0039547979524652945,0.07329792538755513,0.05861110799340167
2011-04-21 00:00:00-04:00,68.48311261472361,68.64430196078143,68.45380495272538,68.47578430175781,670600,0.0,0.0,0.0,0.0007488396664696584,0.0007485594259413747,0.0640949288658734,0.05562233010632924
2011-04-25 00:00:00-04:00,68.55640854584068,68.73957731993877,68.51977255507411,68.71759796142578,826200,0.0,0.0,0.0,0.003531374808389831,0.0035251541450653542,0.045590440775466916,0.05578825911141484
2011-04-26 00:00:00-04:00,68.7982426960755,69.0107192993164,68.76160667866894,69.0107192993164,519700,0.0,0.0,0.0,0.0042655934809474605,0.004256521625823022,0.0511519237349647,0.05738194905292406
2011-04-27 00:00:00-04:00,68.77622817272822,68.8494945802263,68.62236704002167,68.81285858154297,1379500,0.0,0.0,0.0,-0.0028671012240181204,-0.002871219231779398,0.058556211064427495,0.05735720721304174
2011-04-28 00:00:00-04:00,69.00334798059478,69.12790141837124,68.87146622592913,69.07661437988281,975600,0.0,0.0,0.0,0.003832943490166052,0.003825616478978485,0.04765267341507013,0.05762297419793092
2011-04-29 00:00:00-04:00,68.98140251263423,69.22318677996249,68.95209482054558,69.21585845947266,436000,0.0,0.0,0.0,0.0020157918977337097,0.00201376291545937,0.04655683816999307,0.05646727542379983
2011-05-02 00:00:00-04:00,69.15047076641375,69.33410809171316,69.10639960167514,69.19454193115234,632300,0.241,0.0,0.0,-0.00030797173934915545,-0.0003080191723842138,0.047381232447176375,0.05643513158658939
2011-05-03 00:00:00-04:00,69.3487739115501,69.41488063167672,69.24593189552402,69.3781509399414,1660700,0.0,0.0,0.0,0.002653518668737753,0.002650004303657857,0.042325274266343825,0.05658803493106246
2011-05-04 00:00:00-04:00,69.38550224228503,69.6205577129388,69.38550224228503,69.55445098876953,1169500,0.0,0.0,0.0,0.002541146548871609,0.0025379232953318294,0.024203314913983535,0.05241969804225706
2011-05-05 00:00:00-04:00,69.70871961991736,69.92173955864205,69.67198991855719,69.89970397949219,898400,0.0,0.0,0.0,0.0049637799711539365,0.0049515010318912315,0.029840603747861162,0.04976262825444451
2011-05-06 00:00:00-04:00,69.61317526957448,70.06859746430125,69.576451198424,69.9363784790039,1034800,0.0,0.0,0.0,0.0005246731734727117,0.0005245355806286432,0.03270600719109868,0.049612344497549185
2011-05-09 00:00:00-04:00,69.95114141163283,70.06866640076665,69.93644728538663,70.0392837524414,559600,0.0,0.0,0.0,0.0014714126707089381,0.001470331203811263,0.02636257178545844,0.046559914501908814
2011-05-10 00:00:00-04:00,69.88502283060663,69.92909399708765,69.67934991480637,69.70138549804688,661600,0.0,0.0,0.0,-0.004824410477823449,-0.004836085511290631,0.05747672980707918,0.05232556352755546
2011-05-11 00:00:00-04:00,69.67197860483094,69.98048787116277,69.60587187811613,69.95111083984375,611100,0.0,0.0,0.0,0.0035827887783359547,0.0035763858795527354,0.05974126834929422,0.050697659427659005
2011-05-12 00:00:00-04:00,69.97313263120053,70.03923934489278,69.69400045117477,69.79683685302734,652000,0.0,0.0,0.0,-0.0022054544232988915,-0.0022078900196289136,0.052044788740420775,0.05148689446879922
2011-05-13 00:00:00-04:00,69.98050136853969,70.30370481703306,69.95112433155464,70.06864929199219,494100,0.0,0.0,0.0,0.0038943374975173306,0.0038867741949210727,0.06022383190363608,0.049424809283114324
2011-05-16 00:00:00-04:00,70.09068140600252,70.2522831222584,69.97315645137628,70.23759460449219,590800,0.0,0.0,0.0,0.002411139849377797,0.002408237715721785,0.06164580033558977,0.04463886875961372
2011-05-17 00:00:00-04:00,70.39184960358449,70.49468604094676,70.30370168406016,70.44326782226562,986400,0.0,0.0,0.0,0.002928249734797772,0.0029239707627737037,0.039475839760415035,0.04482973238237868
2011-05-18 00:00:00-04:00,70.36983434297497,70.39186992817712,70.0392837524414,70.0392837524414,790700,0.0,0.0,0.0,-0.005734885423593683,-0.005751393022049715,0.0649558774116957,0.051361953171478125
2011-05-19 00:00:00-04:00,69.77483231864677,70.14210694696456,69.74544967588143,70.11272430419922,718000,0.0,0.0,0.0,0.0010485622899485403,0.0010480129325007208,0.061176985756597656,0.04796248891008741
2011-05-20 00:00:00-04:00,70.11273605231989,70.30372046021307,70.10539459352297,70.28168487548828,669600,0.0,0.0,0.0,0.0024098417650408877,0.002406942752880899,0.05740544023539143,0.04810654463660392
2011-05-23 00:00:00-04:00,70.56080407332968,70.58283965569699,70.34044264549017,70.37716674804688,928000,0.0,0.0,0.0,0.0013585598115319897,0.001357637804124902,0.05579148717098504,0.04738677625048754
2011-05-24 00:00:00-04:00,70.2890284358367,70.50204841783953,70.25229872701433,70.45063018798828,639300,0.0,0.0,0.0,0.0010438533310725973,0.0010433088950255168,0.051883099847514366,0.04597979020630793
2011-05-25 00:00:00-04:00,70.53140820224355,70.575484962879,70.3698120937981,70.45795440673828,1345600,0.0,0.0,0.0,0.00010396243057675392,0.00010395702685778746,0.013131835175040973,0.04379124837742239
2011-05-26 00:00:00-04:00,70.55342916487812,70.84724426269531,70.53138798879445,70.84724426269531,806200,0.0,0.0,0.0,0.005525137072668107,0.005509929493091094,0.033181351247310135,0.04552567619351456
2011-05-27 00:00:00-04:00,70.7664835119032,70.89136116378674,70.74444792750226,70.8399429321289,943800,0.0,0.0,0.0,-0.00010305736860183323,-0.00010306267937732429,0.03629660540465241,0.045686421141290144
2011-05-31 00:00:00-04:00,70.71501022191761,70.9794482371727,70.67828614456486,70.95006561279297,2917900,0.0,0.0,0.0,0.0015545280826887442,0.0015533210546528826,0.036245976029411174,0.04536762432242612
2011-06-01 00:00:00-04:00,71.21074540505245,71.55685852112077,71.18129399029966,71.5347671508789,2997200,0.244,0.0,0.0,0.008241028856504906,0.00820725699459188,0.05828852719631201,0.05156089884609779
2011-06-02 00:00:00-04:00,71.24764670782453,71.43174915409797,71.10036699815008,71.10772705078125,1744400,0.0,0.0,0.0,-0.005969686029688948,-0.0059875758385624115,0.08673101979405148,0.057831191380408695
2011-06-03 00:00:00-04:00,71.5716527589867,71.5716527589867,71.19608227968114,71.3875503540039,1531200,0.0,0.0,0.0,0.003935202471354815,0.003927479815622081,0.08314653789887166,0.057032117349783175
2011-06-06 00:00:00-04:00,71.21814976772788,71.40961777779184,71.15923566949934,71.34333801269531,1106900,0.0,0.0,0.0,-0.0006193284555828793,-0.0006195203186724304,0.08386366971095377,0.057318332499267315
2011-06-07 00:00:00-04:00,71.19608037598285,71.4906453397509,71.07089209234822,71.47591400146484,1710300,0.0,0.0,0.0,0.0018582812700176365,0.0018565568014130233,0.08392016768284145,0.05737672183918513
2011-06-08 00:00:00-04:00,71.52006679128365,71.73362614323476,71.49060974773627,71.63052368164062,1471600,0.0,0.0,0.0,0.002163101827177938,0.0021607656906814164,0.06110381730537754,0.05313803129871366
2011-06-09 00:00:00-04:00,71.65263421921637,71.71154269908726,71.26969819908845,71.34333801269531,1016900,0.0,0.0,0.0,-0.0040092638470954345,-0.004017322492094501,0.0488387521147507,0.05571837045638525
2011-06-10 00:00:00-04:00,71.51275639959576,71.71158457427356,71.50539072842668,71.57167053222656,1020500,0.0,0.0,0.0,0.0032004742964313326,0.0031953636799314906,0.04593195932105363,0.05490254363633593
2011-06-13 00:00:00-04:00,71.40226085196063,71.66736870808585,71.35807808205921,71.4169921875,1009900,0.0,0.0,0.0,-0.0021611671709816926,-0.002163505862895827,0.04950390586143782,0.055258372785842495
2011-06-14 00:00:00-04:00,71.04141307838826,71.10032717660602,70.84257940149274,70.84994506835938,2088800,0.0,0.0,0.0,-0.007939946807783316,-0.007971636037430372,0.07248948171182415,0.0632839152145628
2011-06-15 00:00:00-04:00,71.0266693078896,71.62316461577223,71.0266693078896,71.61579895019531,1352300,0.0,0.0,0.0,0.010809519768815612,0.01075151454138672,0.11526093442950731,0.07285150698394857
2011-06-16 00:00:00-04:00,71.71156222785547,71.92512167832304,71.59373961767011,71.81465911865234,1958400,0.0,0.0,0.0,0.0027767639455551496,0.00277291585839103,0.11043142301178578,0.06882337143577077
2011-06-17 00:00:00-04:00,71.66002565072206,71.80731096079597,71.60847719678623,71.76312255859375,998000,0.0,0.0,0.0,-0.0007176328717712899,-0.0007178904934998675,0.10976756716131011,0.06918041072648295
2011-06-20 00:00:00-04:00,71.85885034489391,71.85885034489391,71.54955966031672,71.65265655517578,774100,0.0,0.0,0.0,-0.0015393143369392126,-0.0015405002984544545,0.10888390327719144,0.06966254623297156
2011-06-21 00:00:00-04:00,71.60110367709363,71.6747435090991,71.43172700695793,71.55691528320312,1064900,0.0,0.0,0.0,-0.0013361859360919714,-0.0013370794285232444,0.08296363270362958,0.07012124550263164
2011-06-22 00:00:00-04:00,71.71893389854081,71.76311667876287,71.42436892088794,71.5274658203125,1119300,0.0,0.0,0.0,-0.0004115529962976927,-0.00041163770747496334,0.027778249839725676,0.07025553228271016
2011-06-23 00:00:00-04:00,71.8440934117191,72.07238412759956,71.8440934117191,71.90300750732422,1264700,0.0,0.0,0.0,0.005250314445015114,0.0052365795979978395,0.0449663040461014,0.07196453213322368
2011-06-24 00:00:00-04:00,71.93986337942023,72.30806821912515,71.92513203955045,72.20497131347656,997200,0.0,0.0,0.0,0.004199599107472363,0.004190805402567196,0.051396720829772126,0.07101276800340726
2011-06-27 00:00:00-04:00,72.26386520248928,72.27859653937965,71.88830038716755,71.92511749267578,1185700,0.0,0.0,0.0,-0.0038758248318637722,-0.003883355305088461,0.06109676699326464,0.07299626941704247
2011-06-28 00:00:00-04:00,71.81465917013638,71.83675617677369,71.12979804171805,71.2623519897461,1315300,0.0,0.0,0.0,-0.009214659996866548,-0.009257377597577656,0.09458990558769323,0.08102937197005186
2011-06-29 00:00:00-04:00,71.1224425277509,71.18871669681265,70.79105482736362,70.83524322509766,1376300,0.0,0.0,0.0,-0.005993469942023433,-0.006011502872316401,0.10117839704998333,0.07806829225645802
2011-06-30 00:00:00-04:00,70.98988597600496,70.99725164508462,70.34184193761959,70.59222412109375,1948200,0.0,0.0,0.0,-0.0034307654345401284,-0.0034366640052125963,0.07864361249610234,0.07619803950410955
2011-07-01 00:00:00-04:00,70.68894909799975,70.71847732083295,70.31247129679232,70.41581726074219,1921800,0.231,0.0,0.0,-0.002498955976354522,-0.0025020835784201646,0.042545304149494305,0.07480581177312395
2011-07-05 00:00:00-04:00,70.71103773065452,70.8808178372676,70.6741260734283,70.85867309570312,2896800,0.0,0.0,0.0,0.006289152809532794,0.006269458618056691,0.09198426244787482,0.07878693913790603
2011-07-06 00:00:00-04:00,71.03591829654002,71.16140905429224,70.92518883831515,70.98424530029297,1234900,0.0,0.0,0.0,0.0017721500996814576,0.0017705816943865706,0.07681020393121492,0.07875581059815788
2011-07-07 00:00:00-04:00,70.74058014624738,70.76272489226211,70.60770603822968,70.71105194091797,1289100,0.0,0.0,0.0,-0.003848647798103344,-0.0038560729002315485,0.06870715417554685,0.07911853509563307
2011-07-08 00:00:00-04:00,71.29424720242653,71.53046729887474,71.2647189863791,71.46402740478516,1278100,0.0,0.0,0.0,0.010648624835850606,0.010592327536962015,0.09609606489953142,0.08749010493258619
2011-07-11 00:00:00-04:00,71.78876479206987,72.01760121181283,71.70018022704386,72.01022338867188,1158800,0.0,0.0,0.0,0.007642949938896804,0.00761389056929462,0.08980885187147226,0.09093229018667363
2011-07-12 00:00:00-04:00,72.11357879638672,72.13572353259877,71.86997543420041,72.11357879638672,1205400,0.0,0.0,0.0,0.0014352879751113878,0.0014342589338549848,0.09032911442085055,0.09052541595775214
2011-07-13 00:00:00-04:00,71.96598694972857,72.23911869057747,71.82573498069213,72.23173522949219,1247900,0.0,0.0,0.0,0.0016384769009880618,0.0016371360621330493,0.0904978335108655,0.08488938560112083
2011-07-14 00:00:00-04:00,71.96601775650421,72.13580364256269,71.81099879893765,71.8183822631836,959000,0.0,0.0,0.0,-0.005722594992288443,-0.005739031776379226,0.10051257588546449,0.07961930310076207
2011-07-15 00:00:00-04:00,71.71495664878918,72.15048481276455,71.7001897366966,72.11357879638672,874200,0.0,0.0,0.0,0.0041103200030510045,0.004101895714246071,0.07785956627472287,0.08033958071228137
2011-07-18 00:00:00-04:00,72.18004240740889,72.2686270202687,72.01764009979713,72.0693130493164,883600,0.0,0.0,0.0,-0.0006138337301951902,-0.0006140222032507119,0.05866085487476078,0.08032435915597534
2011-07-19 00:00:00-04:00,71.99548841711628,72.34243774414062,71.92905418781982,72.34243774414062,1211400,0.0,0.0,0.0,0.0037897502177843823,0.003782587206074064,0.06399992303427517,0.08099640330596047
2011-07-20 00:00:00-04:00,72.1284091899332,72.18008216791661,71.95124549855178,71.98815155029297,752900,0.0,0.0,0.0,-0.0048973493967771065,-0.004909380709435103,0.07366829246456032,0.08302325735189386
2011-07-21 00:00:00-04:00,71.8183140258631,71.89951515961707,71.44922001131879,71.5894775390625,1211000,0.0,0.0,0.0,-0.0055380503964175265,-0.005553442251062387,0.07287778769415378,0.08557214736796803
2011-07-22 00:00:00-04:00,71.7445483979133,71.87003910223557,71.70763671690945,71.86265563964844,813700,0.0,0.0,0.0,0.0038158973913013927,0.0038086353231927103,0.07169166076148487,0.0845630989011904
2011-07-25 00:00:00-04:00,71.60429136141686,71.98814694014969,71.5452349240943,71.63381958007812,1541700,0.0,0.0,0.0,-0.00318435295124353,-0.0031894337920967274,0.07381369822057925,0.0837405142448679
2011-07-26 00:00:00-04:00,71.74453745979343,72.0250470440884,71.71500924587856,71.93646240234375,655600,0.0,0.0,0.0,0.004224859487316657,0.004215959826212584,0.07570809299082877,0.08419576841066974
2011-07-27 00:00:00-04:00,71.83314355974244,72.0029294458009,71.65597984137108,71.8183822631836,1066600,0.0,0.0,0.0,-0.0016414504580407607,-0.0016427991138804117,0.06866326583473191,0.07717634181634118
2011-07-28 00:00:00-04:00,72.0397984424758,72.07671011278337,71.89954648555339,71.95860290527344,671500,0.0,0.0,0.0,0.0019524338709830946,0.001950530349236997,0.052479952301320104,0.07351294268604625
2011-07-29 00:00:00-04:00,72.36458870615,72.92561331789086,72.34244396114809,72.82965087890625,1602200,0.0,0.0,0.0,0.012104848322020079,0.012032170559924773,0.09551410666448078,0.08187109339958083
2011-08-01 00:00:00-04:00,72.74676278249873,73.24994477945856,72.73936711536439,73.09455108642578,2389600,0.238,0.0,0.0,0.0036372576872567564,0.0036306588617602254,0.0801127093911354,0.0807115200422251
2011-08-02 00:00:00-04:00,73.34618251376094,73.84196345223597,73.21298704493402,73.7679672241211,2287600,0.0,0.0,0.0,0.00921294580356724,0.009170765490408652,0.08819543458995535,0.08345036291368703
2011-08-03 00:00:00-04:00,73.76794722898845,74.09353167355285,73.69394537538177,73.82714080810547,1922600,0.0,0.0,0.0,0.0008021582566399843,0.000801836699653874,0.07757663822930617,0.08356060653232872
2011-08-04 00:00:00-04:00,73.93073855740761,74.81870430055997,73.90113894656272,74.80390167236328,2813700,0.0,0.0,0.0,0.013230376438343239,0.013143619389164194,0.08560294512672575,0.08954198063984774
2011-08-05 00:00:00-04:00,74.21931905783774,74.66330187767902,73.8419311204761,73.93812561035156,3041500,0.0,0.0,0.0,-0.011573942570586304,-0.011641441972153352,0.15078247235189896,0.09814615513792148
2011-08-08 00:00:00-04:00,74.44869289099734,75.21086426891983,74.39689500062046,75.11466979980469,5178100,0.0,0.0,0.0,0.015912550930130775,0.01578727353272733,0.17669149505951007,0.10859705586912215
2011-08-09 00:00:00-04:00,74.89275427751167,76.77968989345618,74.73736044316546,75.55133056640625,3768400,0.0,0.0,0.0,0.005813255490110691,0.005796423720495741,0.1738364900454451,0.10933246000473368
2011-08-10 00:00:00-04:00,76.10625668926836,76.72783722891508,75.83247016734116,76.55023956298828,2768900,0.0,0.0,0.0,0.013221593704481949,0.0131349512993296,0.17798654941665554,0.11586354181844911
2011-08-11 00:00:00-04:00,76.04705091475942,76.23944554682832,75.23308144214985,75.42547607421875,2344700,0.0,0.0,0.0,-0.014693141330329063,-0.014802154681619006,0.2240202888738842,0.12844414507360483
2011-08-12 00:00:00-04:00,75.66231553686364,75.98790579171616,75.57351665493523,75.9509048461914,1176300,0.0,0.0,0.0,0.006966197620756676,0.006942045765635631,0.19083103355564374,0.12932070451717956
2011-08-15 00:00:00-04:00,75.86940686217703,76.01000349441622,75.6622153907998,75.66961669921875,986300,0.0,0.0,0.0,-0.0037035522821261546,-0.00371042741206416,0.17301972931701984,0.13080425062466494
2011-08-16 00:00:00-04:00,75.7067009835481,76.23948290539639,75.69190399485268,76.01749420166016,2025400,0.0,0.0,0.0,0.004597320795534099,0.004586785393693269,0.1713263443653443,0.1309434413932761
2011-08-17 00:00:00-04:00,76.15065892852434,76.55023956298828,75.93606598302419,76.55023956298828,826200,0.0,0.0,0.0,0.0070081941916535495,0.006983750934354453,0.14814765480292183,0.12880944033311523
2011-08-18 00:00:00-04:00,77.06082623607996,77.4900121452548,76.77223707366383,76.9498291015625,2211800,0.0,0.0,0.0,0.005219964573009994,0.005206387784346907,0.07056385296451308,0.12483079222920747
2011-08-19 00:00:00-04:00,76.93502498571743,77.03121948242188,76.67603545955296,77.03121948242188,683200,0.0,0.0,0.0,0.0010577071035720031,0.0010571481255355008,0.06740631394241123,0.12516455023005157
2011-08-22 00:00:00-04:00,76.6908594943812,76.92024949196633,76.64646288724866,76.89065551757812,913600,0.0,0.0,0.0,-0.0018247661894515987,-0.0018264331034021518,0.05633332369699864,0.12429033532783319
2011-08-23 00:00:00-04:00,76.66123913519212,77.05342411356533,76.55764331620858,76.57984161376953,1414200,0.0,0.0,0.0,-0.004042284484589098,-0.004050476600544479,0.07366850627466186,0.1271495292638457
2011-08-24 00:00:00-04:00,76.46146978985765,76.47626677710845,75.75849151611328,75.75849151611328,1089800,0.0,0.0,0.0,-0.010725408676068193,-0.01078334047219145,0.09451400972139946,0.13551532962328827
2011-08-25 00:00:00-04:00,75.95824148976841,76.30602975759084,75.8916409736412,76.2246322631836,1391200,0.0,0.0,0.0,0.006152983483985741,0.006134131173556191,0.09916126042212951,0.13602375279465018
2011-08-26 00:00:00-04:00,76.56506461619126,76.78705329529461,76.23207312921095,76.46886444091797,1080300,0.0,0.0,0.0,0.0032041109347842323,0.0031989887098777658,0.1042048869817331,0.13165026210156566
2011-08-29 00:00:00-04:00,75.86947519454672,76.10626646732328,75.86947519454672,75.9656753540039,1106000,0.0,0.0,0.0,-0.006580313315661224,-0.006602059025545747,0.11056572412797894,0.13539514420353177
2011-08-30 00:00:00-04:00,76.35787813362914,76.64646738803752,76.33567982875935,76.49107360839844,693800,0.0,0.0,0.0,0.0069162585858171255,0.0068924509794097725,0.12651941014664142,0.13400227219815414
2011-08-31 00:00:00-04:00,76.66863883137975,76.67604014559342,76.20245765579313,76.21725463867188,1069300,0.0,0.0,0.0,-0.003579750640295587,-0.0035861732798321056,0.09544555044165974,0.13535177579266158
2011-09-01 00:00:00-04:00,76.42416737148571,76.83205617272263,76.01627291212063,76.82463836669922,1566800,0.229,0.0,0.0,0.007969110549924885,0.007937524883921411,0.10200149331071938,0.13057470283984024
2011-09-02 00:00:00-04:00,77.31413415021034,77.61820204598396,77.13614636090345,77.52920532226562,1137900,0.0,0.0,0.0,0.009171106698913079,0.009129307468969887,0.11582508049261556,0.12390174429676588
2011-09-06 00:00:00-04:00,77.87775519768864,77.91483291585459,77.55885739919162,77.63301849365234,1200500,0.0,0.0,0.0,0.0013390201918772604,0.0013381245038139122,0.08507047688133061,0.11316006455382342
2011-09-07 00:00:00-04:00,77.32891301385648,77.49207073713646,77.15834314542818,77.2176742553711,945800,0.0,0.0,0.0,-0.005350097759179717,-0.005364460784160052,0.10428019997402531,0.11467259195696727
2011-09-08 00:00:00-04:00,77.46243977890632,77.61818542659805,77.26962207266354,77.59593200683594,935700,0.0,0.0,0.0,0.004898590317728102,0.004886631263281827,0.09291294649367232,0.10653650141145879
2011-09-09 00:00:00-04:00,77.73683275204858,78.0853960643309,77.67750162269672,77.97415161132812,1014200,0.0,0.0,0.0,0.004874219494636289,0.004862378946826931,0.08610438507883697,0.09046818265969828
2011-09-12 00:00:00-04:00,77.9000276664486,78.00385436324832,77.72203985166773,77.73686981201172,2177800,0.0,0.0,0.0,-0.0030430827961959173,-0.0030477223874792307,0.0735868911372126,0.08968210700973353
2011-09-13 00:00:00-04:00,77.65522671544909,77.72938777214826,77.44015569033337,77.50690460205078,932600,0.0,0.0,0.0,-0.0029582514772855673,-0.0029626357518463815,0.07690987885639877,0.08918167548067084
2011-09-14 00:00:00-04:00,77.50699522926944,77.72947865951187,77.35125513065995,77.5514907836914,1214000,0.0,0.0,0.0,0.000575254319206131,0.0005750889238667975,0.0626580283331489,0.0882970244764102
2011-09-15 00:00:00-04:00,76.97299194335938,77.11390201429661,76.83208187242215,76.97299194335938,1037900,0.0,0.0,0.0,-0.00745954506465385,-0.007487506611336639,0.07313860873884946,0.09018515397601864
2011-09-16 00:00:00-04:00,76.82464969836974,77.14354750687596,76.79498978615757,77.12129974365234,699000,0.0,0.0,0.0,0.0019267511441170004,0.0019248973399622318,0.05815376386839166,0.08854044803910911
2011-09-19 00:00:00-04:00,77.69239110141278,77.89262672914697,77.64788989448041,77.75171661376953,896500,0.0,0.0,0.0,0.008174354843767828,0.008141125766571763,0.09230656342077195,0.09302381439010178
2011-09-20 00:00:00-04:00,77.73679891355488,77.85546112060547,77.65522006073897,77.85546112060547,1005000,0.0,0.0,0.0,0.0013343050334346795,0.0013334156395341536,0.08843754011283818,0.09266001483554806
2011-09-21 00:00:00-04:00,77.82582337655373,78.29304325297404,77.71457893222676,78.18921661376953,929500,0.0,0.0,0.0,0.0042868603995169785,0.004277697989456668,0.09142678576083067,0.09179061711548184
2011-09-22 00:00:00-04:00,78.84187175023851,79.10144410428707,78.61197062787168,78.9160385131836,3436500,0.0,0.0,0.0,0.009295679518114941,0.009252740581875845,0.05719234735783314,0.08496494397312271
2011-09-23 00:00:00-04:00,78.87154262898524,78.93829158849968,78.25599466716656,78.26341247558594,1764700,0.0,0.0,0.0,-0.008269878340239178,-0.008304263489345723,0.11164301407220306,0.09095692202124186
2011-09-26 00:00:00-04:00,78.12248594781501,78.24114822500594,77.87033709597748,77.93708038330078,1214800,0.0,0.0,0.0,-0.004169663473170826,-0.004178380760452233,0.10972855968925767,0.09269790188616722
2011-09-27 00:00:00-04:00,77.37345033762625,77.50694256832541,77.2547880622809,77.4179458618164,1159700,0.0,0.0,0.0,-0.006660943916954931,-0.006683227009964091,0.12007111934553645,0.09278537891443724
2011-09-28 00:00:00-04:00,77.35856492500716,77.43273162841797,76.98034189661236,77.43273162841797,1270500,0.0,0.0,0.0,0.00019098629441738346,0.00019096805885684696,0.11171700613253314,0.09009475983128006
2011-09-29 00:00:00-04:00,77.29923948365361,77.64779696230909,77.20282503246959,77.43273162841797,1096000,0.0,0.0,0.0,0.0,0.0,0.060795322324381736,0.08876397414726928
2011-09-30 00:00:00-04:00,77.9222183227539,77.99637938637852,77.64781616340372,77.9222183227539,1604500,0.0,0.0,0.0,0.006321444227034068,0.006301547704292838,0.07858365227978618,0.08717904256975552
2011-10-03 00:00:00-04:00,78.08647817512465,78.64381408691406,78.00473512116776,78.64381408691406,2105600,0.211,0.0,0.0,0.009260462287807414,0.009217847095802582,0.09834380813431175,0.08729437766442436
2011-10-04 00:00:00-04:00,78.81473421080821,78.96336053543804,78.24253845214844,78.24253845214844,2056100,0.0,0.0,0.0,-0.005102443713146387,-0.005115505629809819,0.09015565080915645,0.08965915783328952
2011-10-05 00:00:00-04:00,78.16082528559832,78.20541036528269,77.84871838877422,77.91559600830078,1174300,0.0,0.0,0.0,-0.004178576645332277,-0.004187331293212078,0.10079750629886024,0.08875343675462478
2011-10-06 00:00:00-04:00,77.71497065882028,77.81157357102356,77.3508402145942,77.37313842773438,1336400,0.0,0.0,0.0,-0.006962118091333291,-0.006986466713291207,0.11708348076264051,0.09085560169134402
2011-10-07 00:00:00-04:00,76.97180938720703,77.19474035900643,76.72658021566481,76.97180938720703,2276300,0.0,0.0,0.0,-0.005186929840026888,-0.0052004286591270515,0.1050021191320383,0.09052691740233888
2011-10-10 00:00:00-04:00,76.31043050225723,76.48877639638968,75.89428252326321,76.16180419921875,803900,0.0,0.0,0.0,-0.010523400637674318,-0.01057916317082432,0.04000871226120092,0.09684380714658014
2011-10-11 00:00:00-04:00,76.52594280946967,76.59282040106004,76.33273142901798,76.41447448730469,978400,0.0,0.0,0.0,0.0033175459896541692,0.003312055074847536,0.08087394804588727,0.09772340485617567
2011-10-12 00:00:00-04:00,76.10243924898555,76.2807853303671,75.83491729215338,76.15445709228516,2324400,0.0,0.0,0.0,-0.00340272437603073,-0.003408526809079812,0.081379119808645,0.09805907223477114
2011-10-13 00:00:00-04:00,76.39212971732628,76.71909605736839,76.31781377369306,76.4590072631836,1474100,0.0,0.0,0.0,0.003999111575693881,0.003991136384378892,0.09668889680806649,0.09629765660854651
2011-10-14 00:00:00-04:00,76.06518781452,76.23610094569896,75.96858498687592,76.08004760742188,703100,0.0,0.0,0.0,-0.004956376878623048,-0.004968700451549113,0.09627709718243527,0.09726478113727387
2011-10-17 00:00:00-04:00,76.21383453247111,76.60025731446146,76.21383453247111,76.57796478271484,1274600,0.0,0.0,0.0,0.006544648576749745,0.0065233253490437956,0.07934109483070682,0.09545639122549521
2011-10-18 00:00:00-04:00,76.65970957889859,76.87520783699856,76.32530458659363,76.49622344970703,912600,0.0,0.0,0.0,-0.0010674262921422928,-0.0010679963973198165,0.07771186955838799,0.09514333274047138
2011-10-19 00:00:00-04:00,76.39963121927248,76.75632881993957,76.34761340974978,76.6151351928711,733400,0.0,0.0,0.0,0.0015544786108590003,0.0015532716596079015,0.07080058948909483,0.09366455397921089
2011-10-20 00:00:00-04:00,76.51845775028598,76.87514933387926,76.25093622783575,76.4590072631836,700200,0.0,0.0,0.0,-0.0020378209774669642,-0.0020399001597828283,0.0687873458098344,0.0854183974177613
2011-10-21 00:00:00-04:00,76.39214890908073,76.53333676453094,76.18407215194794,76.31783294677734,1276000,0.0,0.0,0.0,-0.0018464053021288729,-0.001848112009571422,0.05721919799119966,0.08169450572215513
2011-10-24 00:00:00-04:00,76.36245900314253,76.39961133197862,76.19154014805005,76.28071594238281,1381500,0.0,0.0,0.0,-0.00048634772452749164,-0.0004864660299420026,0.022919177032528472,0.08098895319581187
2011-10-25 00:00:00-04:00,76.21380948731161,76.96435660338841,76.20638242551318,76.93463134765625,1020200,0.0,0.0,0.0,0.00857248646915365,0.008535951356380156,0.06968311434974137,0.08497251190453825
2011-10-26 00:00:00-04:00,76.71913776157221,76.90491638262276,76.35501325177694,76.369873046875,989900,0.0,0.0,0.0,-0.007340755273515076,-0.007367831204070773,0.09160643538067736,0.08852740603503949
2011-10-27 00:00:00-04:00,75.90170263201173,76.03546344774273,75.32207432034832,75.44840240478516,1636600,0.0,0.0,0.0,-0.012065892024257452,-0.012139275790546097,0.1234573920999912,0.09723734193253367
2011-10-28 00:00:00-04:00,75.72341790754649,75.99836682278695,75.70855243295559,75.90176391601562,936300,0.0,0.0,0.0,0.006008894778157803,0.005990913366250675,0.13831349136461304,0.09691911552443098
2011-10-31 00:00:00-04:00,76.38476392035571,76.91980743408203,76.34760591597981,76.91980743408203,1182700,0.0,0.0,0.0,0.013412646367386927,0.013323493128627979,0.17284584523000365,0.10379376635436441
2011-11-01 00:00:00-04:00,77.61150888248119,77.87212395307733,77.335998275861,77.84233856201172,2251700,0.209,0.0,0.0,0.011993414423460136,0.011922063357400548,0.18281210929031247,0.11240520964077687
2011-11-02 00:00:00-04:00,77.3658188885521,77.73812792489645,77.30624807930059,77.65621948242188,1088000,0.0,0.0,0.0,-0.0023909749248036682,-0.0023938378697459933,0.16905326942207122,0.11175008450416327
2011-11-03 00:00:00-04:00,77.29130554199219,77.5668104052948,77.22428700701238,77.29130554199219,739700,0.0,0.0,0.0,-0.0046990948421367085,-0.0047101702983381125,0.13025469693048122,0.11019651482776592
2011-11-04 00:00:00-04:00,77.30631483458187,77.5967156792176,77.26163952955791,77.52225494384766,735400,0.0,0.0,0.0,0.0029880385670286724,0.0029835832526839603,0.1303487935235806,0.10893599846671019
2011-11-07 00:00:00-05:00,77.47751027198551,77.92427996519513,77.41793946462826,77.61154174804688,844100,0.0,0.0,0.0,0.0011517570569108404,0.0011510942935978367,0.10212241441197889,0.10103553595905379
2011-11-08 00:00:00-05:00,77.52220429430838,77.73814426248865,77.20946600148989,77.26158905029297,418300,0.0,0.0,0.0,-0.004509029067995662,-0.004519225401484466,0.054563222890848646,0.10242585699382037
2011-11-09 00:00:00-05:00,77.90938395184544,78.1029862340936,77.26901197908873,77.94661712646484,760300,0.0,0.0,0.0,0.008866347231428984,0.008827271974824462,0.08993818604238955,0.10533010637294554
2011-11-10 00:00:00-05:00,77.62648827027262,77.83498056722014,77.32119192046444,77.5669174194336,664200,0.0,0.0,0.0,-0.004871278844791993,-0.00488318219567781,0.09060242274407831,0.10688120910851055
2011-11-11 00:00:00-05:00,77.35838639841691,77.37328194416476,77.12755656820083,77.20946502685547,323600,0.0,0.0,0.0,-0.004608309888676443,-0.004618960883344607,0.09461089586000708,0.10664199568618996
2011-11-14 00:00:00-05:00,77.49983908853407,77.74556438019167,77.46260591792502,77.69343566894531,586500,0.0,0.0,0.0,0.006268281251806451,0.00624871728926393,0.10735499518512075,0.10644744757069646
2011-11-15 00:00:00-05:00,77.7380993316324,77.93914363767774,77.50726395093386,77.58917236328125,480100,0.0,0.0,0.0,-0.0013419834605890024,-0.0013428847268063917,0.1006967500551504,0.10651387815796186
2011-11-16 00:00:00-05:00,77.82002357716325,77.88703646581843,77.61897354922951,77.87214660644531,335200,0.0,0.0,0.0,0.003647084181271465,0.003640449695883546,0.07905247030622672,0.10698643129426756
2011-11-17 00:00:00-05:00,77.74558869516531,78.1923584772803,77.68601787595371,78.0285415649414,805500,0.0,0.0,0.0,0.002008355558586139,0.0020063415087292727,0.06759592910336276,0.10650811365581718
2011-11-18 00:00:00-05:00,77.89450542187964,77.96896610096537,77.62644243238249,77.7381362915039,1883100,0.0,0.0,0.0,-0.00372178266584422,-0.003728725731357603,0.06293339208697937,0.10738610798077763
2011-11-21 00:00:00-05:00,77.99872341189955,78.11786500030776,77.91681499011482,77.95404815673828,692300,0.0,0.0,0.0,0.0027774252835794933,0.00277357536490339,0.0492053582184969,0.10743440996191035
2011-11-22 00:00:00-05:00,78.02851255530364,78.20721926551239,77.85724793398998,78.19232940673828,2619500,0.0,0.0,0.0,0.003056688595836521,0.0030520264213781487,0.04773990329374526,0.10408281652811571
2011-11-23 00:00:00-05:00,78.02106826626931,78.50507107228765,77.96894523675867,78.46039581298828,2189500,0.0,0.0,0.0,0.0034282954387454545,0.0034224322306560598,0.04715716063908352,0.0997996747661809
2011-11-25 00:00:00-05:00,78.17003048574064,78.17003048574064,77.94664272662628,77.96153259277344,466700,0.0,0.0,0.0,-0.006358153244649611,-0.006378452390120916,0.07229211271857006,0.09130281967497146
2011-11-28 00:00:00-05:00,77.41049245142592,78.06575429581702,77.38070704745566,77.96895599365234,1286600,0.0,0.0,0.0,9.521876535800722e-05,9.52142323391191e-05,0.06518532574055895,0.08996616917118767
2011-11-29 00:00:00-05:00,77.73070448812905,78.00621530643082,77.53710213794437,77.82006072998047,602100,0.0,0.0,0.0,-0.0019096736871018205,-0.0019114994386608458,0.06379941438464377,0.07844220798438849
2011-11-30 00:00:00-05:00,77.46258195166331,77.58916560299542,77.29876514124176,77.36578369140625,962800,0.0,0.0,0.0,-0.005837531278091168,-0.005854636263544481,0.06521937252836112,0.06904516173005948
2011-12-01 00:00:00-05:00,77.21663981500465,77.50013847247196,77.05996905493504,77.34346771240234,1027100,0.2,0.0,0.0,-0.00028844765656244054,-0.00028848926558927194,0.04850960242886227,0.0686017860115221
2011-12-02 00:00:00-05:00,77.20917112943685,77.71648836795393,77.19425254533792,77.6866455078125,892400,0.0,0.0,0.0,0.004437062437984363,0.004427247698144511,0.05889030271043846,0.06830700265623911
2011-12-05 00:00:00-05:00,77.26881108083431,77.74628517638618,77.26881108083431,77.64183807373047,979100,0.0,0.0,0.0,-0.0005767713844399003,-0.0005769377810397957,0.058510153403128914,0.06758971432596977
2011-12-06 00:00:00-05:00,77.41798988952625,77.6045033143937,77.32846708843022,77.44037628173828,543000,0.0,0.0,0.0,-0.0025947581483178883,-0.0025981303679012834,0.05949666464658377,0.06811225683703918
2011-12-07 00:00:00-05:00,77.59707620559495,77.85073182716071,77.5224719458368,77.79104614257812,739300,0.0,0.0,0.0,0.004528256158829347,0.00451803445296148,0.05099616609525628,0.06791016147270716
2011-12-08 00:00:00-05:00,77.76120425708847,78.19391121411286,77.67913786876973,78.18645477294922,658200,0.0,0.0,0.0,0.005082958129221993,0.005070083506565768,0.055806176760707336,0.06274928901296103
2011-12-09 00:00:00-05:00,78.11930390441185,78.16406531740286,77.6492919921875,77.6492919921875,961100,0.0,0.0,0.0,-0.006870279287142789,-0.006893988310023791,0.07959868979530214,0.0652278130379195
2011-12-12 00:00:00-05:00,77.94028080005377,78.09695149422726,77.86567652072472,77.91790008544922,1068900,0.0,0.0,0.0,0.0034592471659464774,0.003453277733003745,0.08311091316405898,0.06383948306451567
2011-12-13 00:00:00-05:00,77.76866876099736,78.34313353878666,77.70152663192455,78.27598571777344,512500,0.0,0.0,0.0,0.004595678681426518,0.0045851507930272225,0.08067891087540605,0.06207435984123015
2011-12-14 00:00:00-05:00,78.35057912825727,78.61915899122789,78.26851843473699,78.60424041748047,760100,0.0,0.0,0.0,0.00419355561858481,0.004184787169659611,0.08009259046460349,0.06313748573948715
2011-12-15 00:00:00-05:00,78.37297464752483,78.61171169884426,78.35805038010096,78.53710174560547,968900,0.0,0.0,0.0,-0.0008541354959785696,-0.0008545004775452555,0.07716276894215945,0.062327251406557045
2011-12-16 00:00:00-05:00,78.656499948265,79.00714635711363,78.656499948265,78.91761779785156,748700,0.0,0.0,0.0,0.004845048312053235,0.004833348839933505,0.03734139929943725,0.06406754357344921
2011-12-19 00:00:00-05:00,78.89521187563354,79.21601532890475,78.84298832240057,79.18617248535156,1126600,0.0,0.0,0.0,0.0034029750896422684,0.0033971980722329025,0.03732346493492046,0.06270808186831707
2011-12-20 00:00:00-05:00,78.85787799627836,78.85787799627836,78.46993255615234,78.46993255615234,1365000,0.0,0.0,0.0,-0.009045012616712977,-0.00908616709313007,0.09184251746851878,0.07151392434628812
2011-12-21 00:00:00-05:00,78.57442472815714,78.61172971332526,78.20885977966418,78.21631622314453,479000,0.0,0.0,0.0,-0.003232019255608898,-0.003237253511028927,0.08812620582856354,0.07182809252458756
2011-12-22 00:00:00-05:00,78.44757576937593,78.57440357770183,78.29090511933686,78.31328582763672,731900,0.0,0.0,0.0,0.0012397618447734793,0.001238993974642803,0.08955177137797685,0.07086646049591452
2011-12-23 00:00:00-05:00,78.12675206509944,78.17151347008536,77.87309082232258,77.99246215820312,435500,0.0,0.0,0.0,-0.004096669754602211,-0.004105084094518392,0.07721403998372091,0.06863044129226926
2011-12-27 00:00:00-05:00,78.05152854241547,78.05900419135922,77.91699537267483,78.03658294677734,616500,0.189,0.0,0.0,0.0005657058048087471,0.0005655458536006583,0.06566908472659673,0.06865680204810573
2011-12-28 00:00:00-05:00,78.16363451135,78.6120764755635,78.13373762010258,78.52986145019531,919900,0.0,0.0,0.0,0.006321118695758354,0.006301224217865878,0.06589111128938356,0.0716868467382016
2011-12-29 00:00:00-05:00,78.50003283248138,78.71678120585024,78.4103477829866,78.62709045410156,556000,0.0,0.0,0.0,0.0012381150572629007,0.0012373492248759525,0.05863840717479782,0.06772828382479265
2011-12-30 00:00:00-05:00,78.72421164309502,79.2548687894044,78.68683909243565,78.9035873413086,1230000,0.0,0.0,0.0,0.0035165600763065186,0.003510391436286869,0.06126279855216071,0.0682488889309946
2012-01-03 00:00:00-05:00,78.4028091430664,78.6195573423102,78.30564281450063,78.4028091430664,1297700,0.0,0.0,0.0,-0.0063467101448252405,-0.006366936134066453,0.07481654833423755,0.07170923218474863
2012-01-04 00:00:00-05:00,78.39532022098234,78.42521710915229,78.06646015336123,78.1561508178711,1789000,0.0,0.0,0.0,-0.0031460393816402643,-0.0031509985674630786,0.08076238869908182,0.07277799027191
2012-01-05 00:00:00-05:00,78.22342826750443,78.48501893802013,78.1187862970492,78.17110443115234,1311300,0.0,0.0,0.0,0.00019132996091508758,0.00019131165967246251,0.06147117356169827,0.07195509709386555
2012-01-06 00:00:00-05:00,78.26831980070676,78.52243498209421,78.26831980070676,78.47759246826172,998200,0.0,0.0,0.0,0.003920733106429486,0.003913067063522498,0.06976582080225045,0.0715327819684467
2012-01-09 00:00:00-05:00,78.43271983983375,78.67935927346662,78.4028229413403,78.49250793457031,379900,0.0,0.0,0.0,0.0001900601922086853,0.00019004213305853491,0.06160181033160807,0.06940574211189923
2012-01-10 00:00:00-05:00,78.28326837897497,78.48507110339378,78.24590151677897,78.33558654785156,1636100,0.0,0.0,0.0,-0.001999189360206932,-0.0020011904066812524,0.042888380505040714,0.06482270579823539
2012-01-11 00:00:00-05:00,78.53737350742692,78.81390990072845,78.53737350742692,78.79148864746094,931600,0.0,0.0,0.0,0.005819859398523697,0.005802989439029754,0.05027261742899843,0.06678888771568928
2012-01-12 00:00:00-05:00,78.7466781230998,78.78405069522522,78.54487535722876,78.62709045410156,685000,0.0,0.0,0.0,-0.002086496856214315,-0.0020886766233591254,0.05657014852360867,0.06564370367388342
2012-01-13 00:00:00-05:00,79.00080719159041,79.15776746018233,78.95596465899553,78.97838592529297,554000,0.0,0.0,0.0,0.00446786812487332,0.004457916831783146,0.05835213370381669,0.06587010502654625
2012-01-17 00:00:00-05:00,78.9409561967357,79.09791063810687,78.92600489627158,79.05306243896484,1158100,0.0,0.0,0.0,0.0009455310183537069,0.0009450842854780557,0.057707333569463046,0.0657812876416524
2012-01-18 00:00:00-05:00,79.16520139216563,79.16520139216563,78.7690773284764,78.80644989013672,455200,0.0,0.0,0.0,-0.003119582483202765,-0.003124458524085988,0.06226902132693985,0.06460454439819067
2012-01-19 00:00:00-05:00,78.64950126336386,78.70181943224046,78.24590151677897,78.33558654785156,1587200,0.0,0.0,0.0,-0.005974934068741611,-0.0059928554088457455,0.06349202900681976,0.06648122986164
2012-01-20 00:00:00-05:00,78.18610833633335,78.3131659328976,78.04409943296578,78.06652069091797,650600,0.0,0.0,0.0,-0.0034347844803489513,-0.003440696895024577,0.06543207512493912,0.05957654722166892
2012-01-23 00:00:00-05:00,77.83478323709114,77.96931641183744,77.73014695698286,77.89457702636719,734000,0.0,0.0,0.0,-0.0022025275755729323,-0.002204956706908117,0.039656202121092374,0.059002638118350874
2012-01-24 00:00:00-05:00,77.98429870605469,77.98429870605469,77.7675560968706,77.98429870605469,1388100,0.0,0.0,0.0,0.0011518347375727434,0.0011511718848904071,0.040877998779733506,0.058975009750774354
2012-01-25 00:00:00-05:00,77.93938809275396,78.80638058094439,77.90202126620959,78.3579330444336,1149200,0.0,0.0,0.0,0.004791148277004442,0.00477970725529923,0.06650378039541595,0.05962890648071638
2012-01-26 00:00:00-05:00,78.56730807672515,78.82142333857887,78.56730807672515,78.77658081054688,1055000,0.0,0.0,0.0,0.005342761732572532,0.005328539814829305,0.06304740305632281,0.06232458318789628
2012-01-27 00:00:00-05:00,78.8961365441476,79.0381454386873,78.75413335186033,79.0157241821289,767600,0.0,0.0,0.0,0.0030357165685719334,0.0030311180851406334,0.04861846303791063,0.05925577615583917
2012-01-30 00:00:00-05:00,79.29965170340606,79.4566060341903,79.23985794817976,79.28470611572266,1152400,0.0,0.0,0.0,0.0034041570380820563,0.003398376011478648,0.026073944439149052,0.06019467442668871
2012-01-31 00:00:00-05:00,79.17267251801967,79.59121781387262,79.17267251801967,79.58374786376953,1001800,0.0,0.0,0.0,0.0037717456833401553,0.0037646504858475905,0.015354059144769413,0.06037514050356185
2012-02-01 00:00:00-05:00,79.3972706760334,79.42722129363047,79.24751758804805,79.30741882324219,1698800,0.191,0.0,0.0,-0.0034721792821363895,-0.0034782212866228926,0.05408709350795686,0.05685133711216828
2012-02-02 00:00:00-05:00,79.35239989627311,79.46470764564864,79.27752044668948,79.41978454589844,839900,0.0,0.0,0.0,0.0014168374702332454,0.0014158347030850153,0.04748336414869588,0.055167350806985746
2012-02-03 00:00:00-05:00,78.82821309794193,78.92555402428066,78.68594910559806,78.79077911376953,1112600,0.0,0.0,0.0,-0.007920009299010267,-0.00795153916086656,0.07978301387509744,0.06328603915807643
2012-02-06 00:00:00-05:00,78.82075506761547,79.06035436819275,78.7309089002102,79.00794219970703,2968500,0.0,0.0,0.0,0.0027561992453954964,0.0027524078931390862,0.07786433267411515,0.06255818775389808
2012-02-07 00:00:00-05:00,78.67103217255875,78.73093344450172,78.4389218844044,78.49881744384766,1164900,0.0,0.0,0.0,-0.006443969323646881,-0.00646482132199752,0.07470098941239697,0.06704612098491483
2012-02-08 00:00:00-05:00,78.49129366125925,78.61857951423545,78.416419966126,78.53621673583984,404800,0.0,0.0,0.0,0.00047643127896712656,0.00047631782162032627,0.07744742491092951,0.06663556222431695
2012-02-09 00:00:00-05:00,78.39395559914013,78.4688350095237,78.15435633840481,78.35652160644531,1802500,0.0,0.0,0.0,-0.0022880543125592956,-0.0022906759084939028,0.07156482268860044,0.0636098690648071
2012-02-10 00:00:00-05:00,78.73091706423591,78.87317541487843,78.63357608945583,78.79830169677734,1322600,0.0,0.0,0.0,0.005638076847654494,0.005622242381794896,0.07376421857623379,0.06652560193306281
2012-02-13 00:00:00-05:00,78.64852963635737,78.84320581246749,78.61857901599453,78.74586486816406,299300,0.0,0.0,0.0,-0.0006654563294404836,-0.0006656778437812115,0.06967719248726696,0.06453870297699525
2012-02-14 00:00:00-05:00,78.85819421616573,79.03040888995983,78.79080959109274,78.91060638427734,615500,0.0,0.0,0.0,0.0020920656137193294,0.0020898802918137113,0.04798641209059592,0.06492155596934467
2012-02-15 00:00:00-05:00,78.88815721208469,79.12775654852047,78.8806681261808,78.97052001953125,344100,0.0,0.0,0.0,0.0007592595976533278,0.0007589715059000765,0.04781490978052271,0.0639676703740427
2012-02-16 00:00:00-05:00,78.77581717303923,78.8731524069273,78.47631667550313,78.61109161376953,1540500,0.0,0.0,0.0,-0.004551425084611593,-0.004561814355740527,0.0592682507484786,0.06235030534222795
2012-02-17 00:00:00-05:00,78.37148820285243,78.55867528982542,78.34902666641511,78.52872467041016,653600,0.0,0.0,0.0,-0.0010477776312286524,-0.0010483269339424893,0.03959025919025654,0.06107607612888362
2012-02-21 00:00:00-05:00,78.37150279078053,78.40145341577075,78.1468816721003,78.24421691894531,635300,0.0,0.0,0.0,-0.003622976849031234,-0.003629555724538051,0.04474170702008588,0.06204907505257959
2012-02-22 00:00:00-05:00,78.36402136961844,78.61859311962593,78.36402136961844,78.55120849609375,538200,0.0,0.0,0.0,0.003923505010810624,0.0039158281386383045,0.054292429041645295,0.06336062306389298
2012-02-23 00:00:00-05:00,78.48383037250406,78.76086941929523,78.37900602236657,78.66352844238281,805900,0.0,0.0,0.0,0.0014298945673718588,0.0014288732416111408,0.05577821146247965,0.061340925255505746
2012-02-24 00:00:00-05:00,78.71592247606085,78.77582372304808,78.66351031307136,78.7234115600586,360100,0.0,0.0,0.0,0.0007612564407104561,0.0007609668319945412,0.04477682780817109,0.05833005069142717
2012-02-27 00:00:00-05:00,79.06787460735794,79.11280342126139,78.95556114134958,78.98551177978516,588600,0.0,0.0,0.0,0.0033293808605665554,0.003323850743287425,0.04725952677287088,0.05854350586451819
2012-02-28 00:00:00-05:00,79.13524740103159,79.2176102103168,78.96303269639007,79.02293395996094,817900,0.0,0.0,0.0,0.0004737853731975328,0.00047367317234562093,0.02466253250094021,0.05718342409469124
2012-02-29 00:00:00-05:00,78.99298036933322,79.01544191420624,78.61111696899606,78.70845794677734,787500,0.0,0.0,0.0,-0.0039795537500915135,-0.003987493244880852,0.04271271753326275,0.056733906827708395
2012-03-01 00:00:00-05:00,78.35596777344956,78.4759586193577,78.25096791587194,78.45346069335938,1185200,0.17,0.0,0.0,-0.0032397693979775433,-0.0032450288134546197,0.048157626267139084,0.05658075174618742
2012-03-02 00:00:00-05:00,78.54346288060292,78.82094494707223,78.54346288060292,78.76844787597656,360100,0.0,0.0,0.0,0.00401495587107803,0.00400691744452318,0.058159202195525235,0.05848897232352311
2012-03-05 00:00:00-05:00,78.70095935127495,78.8134489956005,78.58096276832502,78.6109619140625,1406100,0.0,0.0,0.0,-0.0019993533725842783,-0.0020013547476207334,0.05156176843139455,0.051792075094013144
2012-03-06 00:00:00-05:00,78.9184200481004,79.06090878613115,78.8959164057009,78.94091796875,605800,0.0,0.0,0.0,0.0041973288031789124,0.0041885445902129234,0.0634311459722464,0.05308601110923515
2012-03-07 00:00:00-05:00,78.90341175951373,78.9334108920684,78.75342181848988,78.7909164428711,436100,0.0,0.0,0.0,-0.0019001745829493322,-0.0019019822048999963,0.05702206446666056,0.04802131434703273
2012-03-08 00:00:00-05:00,78.72344119847932,78.79843618662701,78.52844965189466,78.5584487915039,329900,0.0,0.0,0.0,-0.0029504372059911965,-0.0029547983260975567,0.05594464295711201,0.04927456692653347
2012-03-09 00:00:00-05:00,78.46842158711006,78.528419843554,78.31843166774885,78.49842071533203,286800,0.0,0.0,0.0,-0.0007641199272047094,-0.0007644120156394926,0.045025825081589976,0.04862092896710248
2012-03-12 00:00:00-04:00,78.64091397274866,78.67091310052386,78.47592163085938,78.47592163085938,503100,0.0,0.0,0.0,-0.00028661830731913085,-0.00028665939019643347,0.043487607946606964,0.043989955875069535
2012-03-13 00:00:00-04:00,78.2959722159538,78.32597135891325,77.89849358480616,77.91349029541016,618600,0.0,0.0,0.0,-0.0071669287057860576,-0.007192734512161626,0.043612056114252354,0.050475279948738336
2012-03-14 00:00:00-04:00,77.53854784598593,77.57604822362455,76.96107979392953,77.02107238769531,1733100,0.0,0.0,0.0,-0.011453958798806618,-0.011520060621339033,0.07512249276136697,0.06260120070837144
2012-03-15 00:00:00-04:00,76.92351729510722,77.17100585544728,76.92351729510722,76.9985122680664,2302300,0.0,0.0,0.0,-0.0002929084071349175,-0.00029295131318096825,0.0807860159111198,0.06227417728830186
2012-03-16 00:00:00-04:00,76.67600477556115,76.98349150688705,76.60851103751277,76.97599029541016,681200,0.0,0.0,0.0,-0.00029249880280601825,-0.00029254158892430207,0.08203327946261897,0.061109367960002235
2012-03-19 00:00:00-04:00,76.87101940780015,76.91601524673752,76.36854680050078,76.5035400390625,1133200,0.0,0.0,0.0,-0.006137631416426537,-0.006156544101900853,0.07610539037669746,0.0637289272272622
2012-03-20 00:00:00-04:00,76.57855412828181,76.68354825984615,76.32356429323193,76.54105377197266,769100,0.0,0.0,0.0,0.0004903529025062081,0.0004902327188083883,0.08199302775398633,0.06341027224033129
2012-03-21 00:00:00-04:00,76.6984775327331,76.9684638398725,76.69098204546246,76.93096923828125,458100,0.0,0.0,0.0,0.005094200394342829,0.005081268854158923,0.06338580078539927,0.06476024529907859
2012-03-22 00:00:00-04:00,77.11100723376393,77.17100550055522,76.96851278057197,77.02851104736328,326200,0.0,0.0,0.0,0.0012679134300246364,0.0012671103065806054,0.0642473170921053,0.0646810230705504
2012-03-23 00:00:00-04:00,77.23098611670166,77.43347306865819,77.20848248048576,77.3134765625,396100,0.0,0.0,0.0,0.00369948102672657,0.0036926547773330222,0.06885693346342939,0.066580316611744
2012-03-26 00:00:00-04:00,77.2609824722991,77.34347864299653,76.99849725723847,77.2234878540039,471700,0.0,0.0,0.0,-0.0011639459573823396,-0.0011646238685639005,0.03985492923345955,0.06468263309590791
2012-03-27 00:00:00-04:00,77.3659949114628,77.70347513996212,77.35099248429647,77.6509780883789,579200,0.0,0.0,0.0,0.005535754033580975,0.005520488060422317,0.04460380853812546,0.06870689673146214
2012-03-28 00:00:00-04:00,77.51598358154297,77.80096675378599,77.51598358154297,77.51598358154297,314700,0.0,0.0,0.0,-0.0017384778680095136,-0.0017399907743486794,0.04941615318643521,0.06781482682774874
2012-03-29 00:00:00-04:00,77.79349749473275,77.83849334716797,77.67350092590374,77.83849334716797,727700,0.0,0.0,0.0,0.004160558258100799,0.004151927067689559,0.05264732873790865,0.06928917581246938
2012-03-30 00:00:00-04:00,77.82351137490039,77.92851126110578,77.35853885282555,77.4560317993164,502600,0.0,0.0,0.0,-0.004913527117563099,-0.0049256381802407065,0.06908944841875332,0.06901818272650134
2012-04-02 00:00:00-04:00,77.77680371603914,77.78431781046115,77.56645492482039,77.6415786743164,1433800,0.177,0.0,0.0,0.002395512275670697,0.0023926476101214754,0.06871114520481653,0.06978997941322009
2012-04-03 00:00:00-04:00,77.76175558627045,77.89698058334959,77.01050687618032,77.07060241699219,833100,0.0,0.0,0.0,-0.0073540011302358765,-0.007381175103467325,0.07662422965532778,0.0712639990636009
2012-04-04 00:00:00-04:00,77.3861342069871,77.46877202680054,77.30349638717365,77.46125793457031,461300,0.0,0.0,0.0,0.0050688006234138605,0.005055997499629504,0.08940707715337783,0.07455836190641565
2012-04-05 00:00:00-04:00,77.80680084228516,77.8293373784746,77.59645219575597,77.80680084228516,456400,0.0,0.0,0.0,0.00446084813141967,0.004450928038804209,0.09033523376706615,0.0763947401071154
2012-04-09 00:00:00-04:00,78.62576037382537,78.70088416313247,78.52809428930618,78.60321807861328,573700,0.0,0.0,0.0,0.010235830643422483,0.010183799283849847,0.10236736207401488,0.08529239970057681
2012-04-10 00:00:00-04:00,78.73089115698737,79.03138614754589,78.67078986624584,78.9712905883789,900500,0.0,0.0,0.0,0.0046826646384567905,0.004671735070784271,0.10285740072427216,0.08681906957378445
2012-04-11 00:00:00-04:00,78.66329193115234,78.7534438857838,78.58816816808067,78.66329193115234,435000,0.0,0.0,0.0,-0.0039001345290397005,-0.003907759886783335,0.08057716039378639,0.08380011059821678
2012-04-12 00:00:00-04:00,78.72333303428952,78.7458695728197,78.48293373734873,78.5054702758789,451500,0.0,0.0,0.0,-0.002006293550638194,-0.002008308853521129,0.09033526640429669,0.07178618177035978
2012-04-13 00:00:00-04:00,78.8059758049383,78.9937879466414,78.7834392649854,78.978759765625,461400,0.0,0.0,0.0,0.006028745361092547,0.006010645186907882,0.09291551726160964,0.07379646038283033
2012-04-16 00:00:00-04:00,78.94875421574804,79.19666775993464,78.91870929970268,78.95626831054688,1179600,0.0,0.0,0.0,-0.00028477852963082473,-0.00028481908673633877,0.06804964421196119,0.07379428255941757
2012-04-17 00:00:00-04:00,78.85858136785234,78.94121918800138,78.79096600065174,78.87360382080078,923400,0.0,0.0,0.0,-0.0010469655103374498,-0.001047513961567133,0.059643975268262865,0.06906753313896409
2012-04-18 00:00:00-04:00,78.98627610094212,79.05389145429417,78.94120301975533,79.0313491821289,502900,0.0,0.0,0.0,0.0019999765914908707,0.001997979300887225,0.05091463653772632,0.06897232297398408
2012-04-19 00:00:00-04:00,79.11399164614026,79.18160700347569,79.08394101305475,79.12150573730469,408800,0.0,0.0,0.0,0.001140769531442709,0.0011401193483065381,0.04386236740957959,0.06774099759180247
2012-04-20 00:00:00-04:00,78.97876752385282,79.12902069091797,78.9336944395194,79.12902069091797,377500,0.0,0.0,0.0,9.49799115077532e-05,9.497540120154825e-05,0.019053524424483055,0.06790217406589177
2012-04-23 00:00:00-04:00,79.33188492977997,79.42203686368778,79.26427527802994,79.28681182861328,746600,0.0,0.0,0.0,0.0019940994633518283,0.001992113886204334,0.020824650803378773,0.06738903627577923
2012-04-24 00:00:00-04:00,79.20417933225866,79.22671588436243,79.06895428806122,79.08397674560547,506100,0.0,0.0,0.0,-0.0025582449127385942,-0.0025615228128964126,0.030123801556323524,0.06823328182513616
2012-04-25 00:00:00-04:00,78.8961533096164,79.12153026182943,78.70834109329687,78.9863052368164,681200,0.0,0.0,0.0,-0.0012350353738943554,-0.0012357986586022066,0.028939153171637953,0.06674320867367073
2012-04-26 00:00:00-04:00,79.25676641388435,79.27930296595483,79.11402727533836,79.24925231933594,314300,0.0,0.0,0.0,0.0033290211731156205,0.003323492249334921,0.03774141882006292,0.06654889304996794
2012-04-27 00:00:00-04:00,79.19665363771841,79.3393927555683,79.18914527583344,79.33187866210938,368100,0.0,0.0,0.0,0.0010426135307939344,0.001042070386800039,0.03797649066853608,0.06556925060798742
2012-04-30 00:00:00-04:00,79.39949035644531,79.48963654747442,79.3619256224674,79.39949035644531,1820300,0.0,0.0,0.0,0.000852263875205983,0.0008519009045660283,0.03598682512549828,0.06180671270432906
2012-05-01 00:00:00-04:00,79.50335894156073,79.53345169636356,79.17228123171934,79.25505065917969,864100,0.168,0.0,0.0,-0.0018191514406099563,-0.0018208081060469786,0.032522284815880875,0.06257386923520881
2012-05-02 00:00:00-04:00,79.4356084338305,79.46570691893052,79.30016812122989,79.40550994873047,1030200,0.0,0.0,0.0,0.0018984189436430654,0.001896619223788472,0.02989340016749737,0.054174598646746
2012-05-03 00:00:00-04:00,79.23999746019217,79.44316086689666,79.23999746019217,79.39801025390625,360000,0.0,0.0,0.0,-9.444804055869227e-05,-9.445250105573397e-05,0.02249055812720894,0.05274328956388828
2012-05-04 00:00:00-04:00,79.51835203847274,79.7139892578125,79.51082598446428,79.7139892578125,814100,0.0,0.0,0.0,0.003979684162056296,0.0039717861664588325,0.034457389020337306,0.052380073491307105
2012-05-07 00:00:00-04:00,79.7441000429791,79.78924489260437,79.66133065820073,79.6914291381836,490800,0.0,0.0,0.0,-0.00028301330593227814,-0.0002830533617556778,0.03561124430191283,0.040264616813642524
2012-05-08 00:00:00-04:00,79.8494749901362,80.04510658016494,79.83442287354909,79.8720474243164,522300,0.0,0.0,0.0,0.002266470661727249,0.0022639060913816453,0.028176893353558295,0.037933441043714856
2012-05-09 00:00:00-04:00,80.09021253226535,80.13535737545376,79.86447683492884,79.9397201538086,961400,0.0,0.0,0.0,0.000847264239173473,0.0008469055134373407,0.02835370124172728,0.03405877413749616
2012-05-10 00:00:00-04:00,79.7591260046077,79.85694173400032,79.646258168726,79.82684326171875,347000,0.0,0.0,0.0,-0.001412025109328141,-0.0014130229562166812,0.0336169089001204,0.03346784665340588
2012-05-11 00:00:00-04:00,80.09027862548828,80.11285106571003,79.96235856306173,80.09027862548828,403500,0.0,0.0,0.0,0.00330008494643641,0.003294651616461641,0.03008401268983533,0.02895044351986282
2012-05-14 00:00:00-04:00,80.4212771253627,80.51157254439978,80.3084150274373,80.44385528564453,650200,0.0,0.0,0.0,0.004414726309164285,0.004405009991066152,0.0359328490228311,0.03152087882679097
2012-05-15 00:00:00-04:00,80.39117398615643,80.51156787121776,80.33098278432217,80.46642303466797,922100,0.0,0.0,0.0,0.00028054037121050257,0.00028050102711879517,0.03733717299998832,0.030756423410022427
2012-05-16 00:00:00-04:00,80.24825614330112,80.5718077057741,80.2256837130099,80.52665710449219,761600,0.0,0.0,0.0,0.0007485615434685844,0.000748281511015374,0.03744997500188251,0.030537841282468836
2012-05-17 00:00:00-04:00,80.45139145480614,80.83513988547702,80.4363450856828,80.8276138305664,764000,0.0,0.0,0.0,0.003737355267134701,0.0037303887072160156,0.02951850582792858,0.032115160598797446
2012-05-18 00:00:00-04:00,80.58683692014453,80.84267113727043,80.56426449465954,80.77494812011719,831900,0.0,0.0,0.0,-0.0006515806659790346,-0.0006517930369173826,0.035470212728536565,0.03252228955579455
2012-05-21 00:00:00-04:00,80.64702413798567,80.70722109247139,80.56425476074219,80.56425476074219,791600,0.0,0.0,0.0,-0.002608399810566042,-0.002611807612581908,0.036701783398388955,0.034743781073873554
2012-05-22 00:00:00-04:00,80.35355553269234,80.4664233652269,80.23316164713643,80.39117431640625,538300,0.0,0.0,0.0,-0.0021483528253311013,-0.002150663845780283,0.04062891438043266,0.034244915410024904
2012-05-23 00:00:00-04:00,80.60943376912316,80.81259714144021,80.57181496214962,80.60191345214844,658000,0.0,0.0,0.0,0.002621421288271586,0.002617991356376327,0.045251211409323304,0.033906479616280044
2012-05-24 00:00:00-04:00,80.48147338238088,80.54167032789026,80.39870401747969,80.42880249023438,417700,0.0,0.0,0.0,-0.002147727696524604,-0.00215003737128134,0.034100808483743555,0.03451692101334288
2012-05-25 00:00:00-04:00,80.59436920512715,80.69971102599844,80.55674466594512,80.6620864868164,370400,0.0,0.0,0.0,0.0029005031699975703,0.0028963048269237067,0.04414596158699747,0.03535198365594779
2012-05-29 00:00:00-04:00,80.70725877632728,80.86527155010852,80.59439086914062,80.59439086914062,865400,0.0,0.0,0.0,-0.0008392495238372932,-0.0008396018908819677,0.039834713201831656,0.035846902524576146
2012-05-30 00:00:00-04:00,81.15125463273262,81.42213550071509,81.12115612065632,81.3619384765625,645600,0.0,0.0,0.0,0.00952358593624858,0.009478522476274915,0.07197075706013795,0.04618671393859506
2012-05-31 00:00:00-04:00,81.51992180236928,81.93376901748756,81.48982904190805,81.67794036865234,2994300,0.0,0.0,0.0,0.003883903186265414,0.0038763803067509758,0.07275630779068157,0.04704807976670471
2012-06-01 00:00:00-04:00,82.19111620316708,82.42474606746119,82.07807598629847,82.37952423095703,2186400,0.171,0.0,0.0,0.008589637044446707,0.00855295601365936,0.06777940287336937,0.053064073330343776
2012-06-04 00:00:00-04:00,82.02529460784302,82.13834054468454,81.87457052522447,81.90471649169922,849500,0.0,0.0,0.0,-0.005763662071252784,-0.005780336071223611,0.1022930146728182,0.05883506790168428
2012-06-05 00:00:00-04:00,81.77661477997687,81.88212280625392,81.6258849211838,81.6334228515625,836700,0.0,0.0,0.0,-0.0033123079079849793,-0.003317805743530045,0.10951258711746041,0.06090531962997609
2012-06-06 00:00:00-04:00,81.61078987110488,81.6333979055761,81.075711972853,81.09832000732422,1492800,0.0,0.0,0.0,-0.006554948029207086,-0.00657652604792324,0.10470898354469275,0.0666566084187069
2012-06-07 00:00:00-04:00,81.07574226683975,81.34705028137766,81.02298825011053,81.29429626464844,631800,0.0,0.0,0.0,0.0024165267209792507,0.0024136116156247946,0.10118125505392166,0.06691284521470162
2012-06-08 00:00:00-04:00,81.68618370760126,81.71632968188523,81.28675961041299,81.35458374023438,468000,0.0,0.0,0.0,0.0007415953929863495,0.0007413205469975187,0.0627163441482448,0.06638226963877053
2012-06-11 00:00:00-04:00,81.17366573814847,81.63338151259491,81.17366573814847,81.57308959960938,1050900,0.0,0.0,0.0,0.0026858457056666563,0.002682245267462792,0.06364900219346398,0.06612999445155426
2012-06-12 00:00:00-04:00,81.3320105436261,81.4676646111465,81.12099438298527,81.13607025146484,569700,0.0,0.0,0.0,-0.00535739605168295,-0.005371798360188272,0.07005827438093501,0.06835230036645447
2012-06-13 00:00:00-04:00,81.27920607893346,81.62587609202525,81.1736980640688,81.56558990478516,1332100,0.0,0.0,0.0,0.005293818790941041,0.005279855788968784,0.06332265332749397,0.07048309560562374
2012-06-14 00:00:00-04:00,81.51286116047297,81.58068529829703,81.26416115560336,81.34706115722656,802600,0.0,0.0,0.0,-0.0026791781658624947,-0.002682773586969689,0.06715037737133875,0.071487052432465
2012-06-15 00:00:00-04:00,81.68615491414137,81.79920084041962,81.58818484456937,81.72383880615234,769400,0.0,0.0,0.0,0.004631730311652538,0.004621036855568999,0.07462078398916634,0.07208945097187573
2012-06-18 00:00:00-04:00,81.73891868631212,81.79167269158228,81.57311874124724,81.70124053955078,718800,0.0,0.0,0.0,-0.0002765198861395257,-0.0002765581248125725,0.07314066111374735,0.07201801567331834
2012-06-19 00:00:00-04:00,81.52040207195657,81.55054805302558,81.30184802152476,81.42243194580078,1536800,0.0,0.0,0.0,-0.0034125380705208874,-0.003418374059367593,0.0644074890354035,0.07254484340646977
2012-06-20 00:00:00-04:00,81.16616151923311,81.48269131898277,81.03804546324825,81.25659942626953,913100,0.0,0.0,0.0,-0.0020366932744239064,-0.002038770154628718,0.05122666663478322,0.07249102850578758
2012-06-21 00:00:00-04:00,81.33948611896467,81.54296418936929,81.29427004770913,81.42992401123047,1655900,0.0,0.0,0.0,0.0021330524066320855,0.0021307806802480745,0.051228760931731385,0.07232607074340222
2012-06-22 00:00:00-04:00,81.11338462024902,81.25657649520824,81.06816855436888,81.0757064819336,1770300,0.0,0.0,0.0,-0.004349967577619518,-0.004359456213419398,0.041032562465962125,0.07381103292650591
2012-06-25 00:00:00-04:00,81.384708879333,81.52790078308429,81.37717670000784,81.5203628540039,594900,0.0,0.0,0.0,0.005484458802334391,0.005469473922493417,0.06564113905764314,0.07551716311812459
2012-06-26 00:00:00-04:00,81.31688476036742,81.48268470159138,81.25659282723957,81.33949279785156,2395600,0.0,0.0,0.0,-0.002218710145786118,-0.002221175129873355,0.06271286549634034,0.07600849439534453
2012-06-27 00:00:00-04:00,81.44499960765222,81.48268350274148,81.27919966886766,81.4525375366211,3445300,0.0,0.0,0.0,0.001389789078848569,0.0013888242158739495,0.06107882258432317,0.06824757444543406
2012-06-28 00:00:00-04:00,81.74652325013615,81.79927729840806,81.65608527463003,81.71637725830078,413400,0.0,0.0,0.0,0.003239183574373694,0.0032339487206480815,0.06341610042632863,0.06780595746851127
2012-06-29 00:00:00-04:00,81.25659282723957,81.42239276846354,81.22644686067565,81.33949279785156,646900,0.0,0.0,0.0,-0.004612104367499148,-0.004622772936522047,0.06474687072914949,0.061618883883051034
2012-07-02 00:00:00-04:00,81.51311580127495,81.92068207127656,81.4980233134795,81.7168960571289,1580800,0.16,0.0,0.0,0.004639852626266983,0.004629121690574342,0.060945220321952945,0.06118271045966508
2012-07-03 00:00:00-04:00,81.70180269523902,81.716895182873,81.4753750726738,81.51311492919922,588000,0.0,0.0,0.0,-0.0024937453300627466,-0.0024968598919753084,0.06174073269971714,0.06068100266417494
2012-07-05 00:00:00-04:00,81.61876557830843,81.78481170518891,81.57348236490198,81.73197937011719,1602600,0.0,0.0,0.0,0.0026850211908606703,0.0026814229609063377,0.0636606924958037,0.05628209093789028
2012-07-06 00:00:00-04:00,81.98100372186582,82.08666833421722,81.93571477493698,82.01873779296875,1146900,0.0,0.0,0.0,0.0035085216956878273,0.0035023811919787733,0.06436454661418337,0.05693197350109112
2012-07-09 00:00:00-04:00,82.09427033191972,82.260316486587,82.07162872142757,82.24522399902344,495300,0.0,0.0,0.0,0.0027613958974397335,0.002757590248115013,0.04365108942522791,0.0575177035513619
2012-07-10 00:00:00-04:00,82.18482817782554,82.32823269695372,82.16218657128796,82.28294372558594,631900,0.0,0.0,0.0,0.0004586251301710309,0.0004585199938102419,0.03888176716415283,0.05696182686355698
2012-07-11 00:00:00-04:00,82.32068755133143,82.52446777830463,82.17728302527699,82.20747375488281,825800,0.0,0.0,0.0,-0.0009172006649983411,-0.0009176215509058476,0.029441035966141768,0.05301227263990229
2012-07-12 00:00:00-04:00,82.3282391155213,82.41880554873248,82.29804838501988,82.39616394042969,840400,0.0,0.0,0.0,0.0022952923490811017,0.0022926621894851524,0.02874062940174839,0.050548302521735144
2012-07-13 00:00:00-04:00,82.36597353547408,82.36597353547408,82.19993315449965,82.32823944091797,307900,0.0,0.0,0.0,-0.0008243648279648852,-0.0008247048035051044,0.0272383277528812,0.04941146329862905
2012-07-16 00:00:00-04:00,82.58484283550172,82.675415017298,82.47917816921895,82.50936889648438,349400,0.0,0.0,0.0,0.002200089019228857,0.0021976723672997374,0.024817058717535957,0.04749960791770074
2012-07-17 00:00:00-04:00,82.38102717507192,82.49424091402732,82.26781343611653,82.29800415039062,637900,0.0,0.0,0.0,-0.002561706008913034,-0.00256499279213255,0.0338471065250512,0.04866242147936521
2012-07-18 00:00:00-04:00,82.43384426354199,82.47912744744633,82.36591372939657,82.38101196289062,606000,0.0,0.0,0.0,0.001008624854963891,0.0010081165346891273,0.0331762666353712,0.04659292096368601
2012-07-19 00:00:00-04:00,82.3131091128539,82.41877374969448,82.22254271458529,82.2602767944336,949100,0.0,0.0,0.0,-0.00146557034904371,-0.001466645347720209,0.030439845121127167,0.04620848779347736
2012-07-20 00:00:00-04:00,82.4867461879999,82.64524322373511,82.4867461879999,82.5848617553711,250900,0.0,0.0,0.0,0.003945828698687981,0.003938064334493773,0.042135946411714496,0.04742870302145519
2012-07-23 00:00:00-04:00,82.82638307581682,82.84902468720936,82.66033691454639,82.72071838378906,1675600,0.0,0.0,0.0,0.0016450548627229278,0.001643703242095936,0.04099808891030668,0.043564619576871494
2012-07-24 00:00:00-04:00,82.59996482470041,82.93960052706552,82.58486657758093,82.87921905517578,905500,0.0,0.0,0.0,0.0019160939905205066,0.0019142606239917453,0.030916409954422002,0.040430587796250125
2012-07-25 00:00:00-04:00,82.84144594895626,82.93201235585455,82.78861362550181,82.92446899414062,1246800,0.0,0.0,0.0,0.0005459744852895909,0.0005458254954475989,0.03146443080467676,0.03882470158468443
2012-07-26 00:00:00-04:00,82.7659832369651,82.82635893031323,82.64522033368449,82.66786193847656,742000,0.0,0.0,0.0,-0.003094467275783108,-0.003099265039882782,0.04116955560115291,0.041359168144258836
2012-07-27 00:00:00-04:00,82.40369406835009,82.40369406835009,81.78479863146089,82.07160186767578,1072300,0.0,0.0,0.0,-0.007212719148881996,-0.007238856564702619,0.061781515943516066,0.04894127208005363
2012-07-30 00:00:00-04:00,82.10178351081957,82.35840175340203,82.04895119003659,82.33575439453125,666000,0.0,0.0,0.0,0.003218561851410673,0.0032133933683006328,0.06718438210111267,0.046517278399607495
2012-07-31 00:00:00-04:00,82.46406401362036,82.50934721347208,82.22254401725955,82.47915649414062,2209700,0.0,0.0,0.0,0.0017416746911946834,0.001740159734615661,0.06672952410746918,0.04427313575567471
2012-08-01 00:00:00-04:00,82.26903797170374,82.42777603582327,82.04984034701498,82.17833709716797,977300,0.162,0.0,0.0,-0.0036472171850354673,-0.0036538844979953026,0.06740350497284592,0.045469747163871164
2012-08-02 00:00:00-04:00,82.42778870357851,82.60163591771676,82.3370820482617,82.3748779296875,620000,0.0,0.0,0.0,0.0023916379846813385,0.0023887825703950783,0.07186468546649971,0.04528664582456891
2012-08-03 00:00:00-04:00,82.02714077134225,82.1102870653835,81.7777076560581,81.94400024414062,765500,0.0,0.0,0.0,-0.005230692856560637,-0.005244420822547921,0.06112669228074554,0.04787045900915625
2012-08-06 00:00:00-04:00,81.99691009521484,82.13296714152638,81.95911422857958,81.99691009521484,850800,0.0,0.0,0.0,0.0006456830386187828,0.0006454746750120097,0.05410878505075141,0.04680481772198465
2012-08-07 00:00:00-04:00,81.61898894858975,81.64921872704328,81.47537155015274,81.56607818603516,1228200,0.0,0.0,0.0,-0.005254245662176804,-0.005268097753749167,0.05600530309674701,0.05010122233259249
2012-08-08 00:00:00-04:00,81.59631703085422,81.67946334794154,81.39223428599341,81.45270538330078,862800,0.0,0.0,0.0,-0.0013899503967298443,-0.0013909172738271855,0.054655082751621065,0.05018988422258132
2012-08-09 00:00:00-04:00,81.35449230544079,81.50567014886383,81.1957598949804,81.39228820800781,833700,0.0,0.0,0.0,-0.000741745470683397,-0.0007420206999635006,0.042894645324703023,0.04912807690318495
2012-08-10 00:00:00-04:00,81.73994590751929,81.77018146041284,81.3922456995063,81.6265640258789,466900,0.0,0.0,0.0,0.002878353994328897,0.0028742194653291722,0.047496498993109725,0.05064663132354397
2012-08-13 00:00:00-04:00,81.70970363882752,81.777735068957,81.57364654541016,81.57364654541016,729500,0.0,0.0,0.0,-0.0006482874919490067,-0.0006484977211493331,0.04592497790939275,0.04969016853239276
2012-08-14 00:00:00-04:00,81.25618098893266,81.3544422015075,81.17303466796875,81.17303466796875,642100,0.0,0.0,0.0,-0.004911045348676368,-0.0049231441600127435,0.04395930820065947,0.051604865934583334
2012-08-15 00:00:00-04:00,80.98406546976051,81.03697623978853,80.72707194872196,80.76486206054688,934600,0.0,0.0,0.0,-0.005028426115784246,-0.005041111192231991,0.052873331579095545,0.05339846400239525
2012-08-16 00:00:00-04:00,80.78748635208122,80.86307806176042,80.44734672587599,80.56828308105469,861400,0.0,0.0,0.0,-0.002433966634460605,-0.00243693354647041,0.052322839155713854,0.05362427424500991
2012-08-17 00:00:00-04:00,80.63635228490523,80.80264489725035,80.63635228490523,80.66658782958984,784300,0.0,0.0,0.0,0.0012201420307822453,0.001219398262435143,0.043023414380271324,0.051080107025606905
2012-08-20 00:00:00-04:00,80.65147348597615,80.8177661113361,80.63635859587113,80.71194458007812,1000100,0.0,0.0,0.0,0.0005622743159050536,0.0005621162989317062,0.046754791509324815,0.050429259288226426
2012-08-21 00:00:00-04:00,80.6287981560671,80.79509078119743,80.4398303123901,80.77997589111328,684500,0.0,0.0,0.0,0.0008428902486379286,0.0008425352161405839,0.04277667764120219,0.049681391610338445
2012-08-22 00:00:00-04:00,81.07479192820406,81.4073715209961,81.01432081429903,81.4073715209961,730600,0.0,0.0,0.0,0.007766722172936724,0.007736716450214236,0.05944753058952413,0.05894421208880049
2012-08-23 00:00:00-04:00,81.52832727267638,81.64170918834533,81.40738502480448,81.5510025024414,440200,0.0,0.0,0.0,0.0017643485935210368,0.0017627939588843239,0.047883920965432765,0.05908585438404904
2012-08-24 00:00:00-04:00,81.6870289386024,81.73993971044423,81.48294618059582,81.51317596435547,311500,0.0,0.0,0.0,-0.0004638390323258301,-0.0004639466389258319,0.05189194603502097,0.053798971485876326
2012-08-27 00:00:00-04:00,81.64167667745596,81.7323775603977,81.61900145672053,81.72482299804688,467400,0.0,0.0,0.0,0.0025964763510619715,0.0025931113298811835,0.050086021344974405,0.05329682630786994
2012-08-28 00:00:00-04:00,81.77776403528006,81.91382117688994,81.73996814217146,81.75508880615234,615000,0.0,0.0,0.0,0.0003703380074153717,0.0003702694492214512,0.051172352391657024,0.05279717805589109
2012-08-29 00:00:00-04:00,81.75504207615958,81.75504207615958,81.57362881314384,81.7021255493164,764700,0.0,0.0,0.0,-0.0006478282588808781,-0.0006480381902786047,0.02245898417925959,0.05143311182129451
2012-08-30 00:00:00-04:00,81.89868296807141,81.9742689712525,81.84577218916043,81.85333251953125,642200,0.0,0.0,0.0,0.0018507103603269126,0.0018489999059532693,0.02271791381746185,0.05109439489791584
2012-08-31 00:00:00-04:00,81.85331572036044,82.3824234008789,81.8004049523086,82.3824234008789,912700,0.0,0.0,0.0,0.006463889313503612,0.0064430879712390286,0.04339499743291306,0.05299238995515974
2012-09-04 00:00:00-04:00,82.2015558064481,82.37565004260182,82.14100078736467,82.19398498535156,1200200,0.151,0.0,0.0,-0.002287361887988948,-0.002289981896226068,0.05287899045097014,0.05373568797515799
2012-09-05 00:00:00-04:00,82.17129185414083,82.2621243977522,82.0804650853749,82.16372680664062,782300,0.0,0.0,0.0,-0.00036813130202084654,-0.0003681990789830016,0.053816477279743126,0.04991061442816585
2012-09-06 00:00:00-04:00,81.79279144322165,81.80793308048185,81.58842553894956,81.60356140136719,1376700,0.0,0.0,0.0,-0.006817672798505092,-0.006841019302757049,0.07808690676614732,0.05581781850511102
2012-09-07 00:00:00-04:00,82.14857180673756,82.17884931635236,81.70955657958984,81.70955657958984,2748500,0.0,0.0,0.0,0.001298903827264608,0.0012980609814598487,0.07725364303404417,0.05588041696678137
2012-09-10 00:00:00-04:00,81.77771404476111,81.82312743932319,81.61119056490456,81.7474365234375,1614100,0.0,0.0,0.0,0.0004635925763563087,0.00046348515051781417,0.05135310769697712,0.054995986063686476
2012-09-11 00:00:00-04:00,81.69436002643525,81.70949588257689,81.52783673467617,81.59596252441406,375200,0.0,0.0,0.0,-0.0018529510583491504,-0.0018546698957707345,0.05104764608622508,0.05537243356520043
2012-09-12 00:00:00-04:00,81.28567199409086,81.59601209451003,81.14185528659478,81.19483947753906,660700,0.0,0.0,0.0,-0.004915966850136511,-0.004928089962704589,0.05500296382857801,0.05537824823224135
2012-09-13 00:00:00-04:00,81.41428647167407,81.57323892621214,80.81631917612268,81.42942810058594,1458700,0.0,0.0,0.0,0.002889206069700556,0.0028850403356910585,0.048249899058327446,0.052881927318619695
2012-09-14 00:00:00-04:00,80.97534868757187,81.42949978244391,80.55146932749274,80.66500854492188,1050800,0.0,0.0,0.0,-0.009387509816718986,-0.009431850202379742,0.07592486223326701,0.06269963385981109
2012-09-17 00:00:00-04:00,80.74062659843457,80.96013401416278,80.72549074469161,80.83145904541016,745300,0.0,0.0,0.0,0.002063478371735261,0.002061352324439324,0.08064272661225061,0.06297612791773237
2012-09-18 00:00:00-04:00,81.15699105578828,81.20240442335708,80.99803849445424,81.03588104248047,578700,0.0,0.0,0.0,0.0025289905623930853,0.002525798047188454,0.08766477713329845,0.0635479831945923
2012-09-19 00:00:00-04:00,81.26294597285182,81.30079428945365,81.1267001178645,81.22509765625,437200,0.0,0.0,0.0,0.00233497324068499,0.0023322514267527005,0.08420295105316537,0.06396506627952848
2012-09-20 00:00:00-04:00,81.51276791019876,81.55061046909263,81.17215023108425,81.27055358886719,422300,0.0,0.0,0.0,0.0005596291531659858,0.0005594726191693851,0.08087513700721186,0.057577677920568726
2012-09-21 00:00:00-04:00,81.18722247878324,81.45214326397597,81.16451580788673,81.44457244873047,682000,0.0,0.0,0.0,0.0021412289221458547,0.002138939758663623,0.012456809454773588,0.057752882693019585
2012-09-24 00:00:00-04:00,81.55057561920529,81.69439229614012,81.55057561920529,81.62626647949219,943800,0.0,0.0,0.0,0.002230891823713499,0.002228407079326702,0.01262900742961078,0.05829195765339695
2012-09-25 00:00:00-04:00,81.70950862852492,81.93658692995315,81.5202786356151,81.92901611328125,471900,0.0,0.0,0.0,0.0037089731877559817,0.0037021119070064124,0.01773105887196565,0.05905873876276025
2012-09-26 00:00:00-04:00,82.11825820937287,82.26964569091797,82.07284485233032,82.26964569091797,444600,0.0,0.0,0.0,0.004157618311511735,0.004148999297953303,0.022670120122333444,0.060767343644786
2012-09-27 00:00:00-04:00,82.07282097700997,82.15608262392813,81.98955933009181,82.09552764892578,295400,0.0,0.0,0.0,-0.002116431164008392,-0.002118673969498759,0.03936043952608816,0.06129908277254133
2012-09-28 00:00:00-04:00,82.18636011142931,82.27718679909256,82.01983681759299,82.09552764892578,612500,0.0,0.0,0.0,0.0,0.0,0.041818853822856085,0.061008350693364244
2012-10-01 00:00:00-04:00,82.16454525334143,82.26307089535287,82.02812202005452,82.24790954589844,1213500,0.141,0.0,0.0,0.0018561534511880584,0.001854432927079728,0.041544270068588615,0.05673087352602039
2012-10-02 00:00:00-04:00,82.08115067297894,82.27820189817187,82.07357000051495,82.19483184814453,846500,0.0,0.0,0.0,-0.0006453379550550586,-0.0006455462752226048,0.03848687051685234,0.05617853804137411
2012-10-03 00:00:00-04:00,82.18732189474959,82.27826690673828,82.08121552585384,82.27826690673828,938000,0.0,0.0,0.0,0.0010150888652937784,0.0010145740109773558,0.02429507223661446,0.05627068937131565
2012-10-04 00:00:00-04:00,82.09632781645051,82.17211721393684,81.9220069981076,81.95232391357422,376700,0.0,0.0,0.0,-0.0039614713024219705,-0.00396933871442021,0.03548137925500653,0.052410983760860765
2012-10-05 00:00:00-04:00,81.6718757042808,81.70976749938187,81.52787184876469,81.58092498779297,805200,0.0,0.0,0.0,-0.00453189010445787,-0.004542190249615559,0.045780310561224995,0.05484683437375573
2012-10-08 00:00:00-04:00,81.76278325287355,81.86131459627212,81.7476276982346,81.84615325927734,403700,0.0,0.0,0.0,0.0032511064507305676,0.003245833030695617,0.05234953436060612,0.05608710704065973
2012-10-09 00:00:00-04:00,81.62643597167987,81.81591238366832,81.61128040295972,81.67948913574219,387200,0.0,0.0,0.0,-0.002036309794636093,-0.0020383858922900623,0.052728530350366044,0.056174033630443564
2012-10-10 00:00:00-04:00,81.55061870094329,81.9068351589552,81.497565555007,81.87651824951172,318100,0.0,0.0,0.0,0.0024122226504390554,0.0024093179116946696,0.05725291221673867,0.05352993460273543
2012-10-11 00:00:00-04:00,81.61884940816229,81.95990458803097,81.5733711437822,81.95232391357422,1217500,0.0,0.0,0.0,0.0009258535375367138,0.0009254251995153556,0.05139653149390899,0.052778879786217404
2012-10-12 00:00:00-04:00,82.0129225184548,82.14176501707739,81.9371331535214,81.95986938476562,427900,0.0,0.0,0.0,9.207147315759556e-05,9.206723483966098e-05,0.032808473019558734,0.03841216018223913
2012-10-15 00:00:00-04:00,81.99020091181069,82.04325405496296,81.89925018825296,81.98262023925781,635000,0.0,0.0,0.0,0.0002775852946443891,0.00027754677497465204,0.025534505067150128,0.03815487553693764
2012-10-16 00:00:00-04:00,81.8007011774639,81.8007011774639,81.5960693359375,81.5960693359375,585500,0.0,0.0,0.0,-0.004715034749953162,-0.004726185591176022,0.04258850809799603,0.04204126158590912
2012-10-17 00:00:00-04:00,81.35352898718897,81.383845884449,81.05037157930248,81.0806884765625,597300,0.0,0.0,0.0,-0.006316246157068384,-0.006336278035224242,0.05271687677840653,0.047481377013282845
2012-10-18 00:00:00-04:00,81.15647682042247,81.23226617145265,80.90636675790172,80.93668365478516,1157500,0.0,0.0,0.0,-0.0017760680685262598,-0.001777647147396307,0.046571616281455175,0.047783870923473803
2012-10-19 00:00:00-04:00,81.05795491663056,81.35353746778235,81.03521868690466,81.27774810791016,808100,0.0,0.0,0.0,0.004213966247736511,0.004205112356585257,0.06606780786001856,0.04966124295889339
2012-10-22 00:00:00-04:00,81.11862319757229,81.19441258965934,81.00493621826172,81.00493621826172,760000,0.0,0.0,0.0,-0.003356538486846805,-0.0033621842992849066,0.06435770745184877,0.050144284753834846
2012-10-23 00:00:00-04:00,81.24746796623397,81.39147186279297,81.24746796623397,81.39147186279297,414600,0.0,0.0,0.0,0.004771754198901634,0.004760405467751783,0.07680271614265523,0.05141865451380591
2012-10-24 00:00:00-04:00,81.20955189650013,81.33839440631513,81.16407364770313,81.21713256835938,682400,0.0,0.0,0.0,-0.002141984785918205,-0.0021442821164807464,0.060941584593480175,0.04893864615608475
2012-10-25 00:00:00-04:00,80.83064772499183,81.12623049879973,80.78516944892472,80.92159271240234,437300,0.0,0.0,0.0,-0.0036388856219256027,-0.00364552247159337,0.06622661553682402,0.049838332495054455
2012-10-26 00:00:00-04:00,81.20197898654129,81.44450846799401,81.17924275114868,81.43692779541016,414800,0.0,0.0,0.0,0.006368326002174962,0.006348133895411635,0.07597366560550094,0.05581824804838917
2012-10-31 00:00:00-04:00,81.61883748693253,81.8386307551922,81.58852057589401,81.77041625976562,728100,0.0,0.0,0.0,0.004095052126638077,0.004086690221197289,0.07101409232762877,0.057555518024441234
2012-11-01 00:00:00-04:00,81.69074392957735,81.72110164572211,81.50860342285112,81.60726165771484,918300,0.145,0.0,0.0,-0.0019952766478830153,-0.001997269864120334,0.06996116517973806,0.05786629599161863
2012-11-02 00:00:00-04:00,81.42512081240702,81.69074358989124,81.39476309638849,81.67556762695312,527200,0.0,0.0,0.0,0.0008370084702116198,0.0008366583739640798,0.06584908175251629,0.057813911267613156
2012-11-05 00:00:00-05:00,81.84254419387764,81.95638420619022,81.81977734944384,81.8729019165039,805400,0.0,0.0,0.0,0.002416074908130339,0.002413160891860083,0.050429318429582606,0.05697251767103567
2012-11-06 00:00:00-05:00,81.80457843102313,81.85770298317786,81.48583111809474,81.50100708007812,486000,0.0,0.0,0.0,-0.004542343409362104,-0.0045526911985512685,0.05487052896430775,0.056983454069981475
2012-11-07 00:00:00-05:00,82.21437870274967,82.37375232008783,82.11571470858281,82.18402099609375,979800,0.0,0.0,0.0,0.008380435291364341,0.008345514409342156,0.07784583860616541,0.06345713279210943
2012-11-08 00:00:00-05:00,82.16884664402683,82.56349107593665,82.07777930600227,82.54830932617188,514700,0.0,0.0,0.0,0.004432593169120258,0.004422798162206092,0.07550452926033062,0.06456007435389331
2012-11-09 00:00:00-05:00,82.50276078062592,82.58624301885597,82.38133575510767,82.5558853149414,368200,0.0,0.0,0.0,9.177642560298516e-05,9.177221440449412e-05,0.07659467856146215,0.06419052811071788
2012-11-12 00:00:00-05:00,82.55592237786976,82.62422868987818,82.49520694278284,82.60904693603516,267900,0.0,0.0,0.0,0.0006439470776788969,0.0006437398327245538,0.07724562004239892,0.0641689178429444
2012-11-13 00:00:00-05:00,82.71528772273385,82.72287859889093,82.57868090261623,82.70770263671875,1608900,0.0,0.0,0.0,0.0011942481404001448,0.001193535593338633,0.055138319438508825,0.06421644306673854
2012-11-14 00:00:00-05:00,82.49517508923451,82.74562181965702,82.47240825740343,82.7304458618164,1477300,0.0,0.0,0.0,0.0002749831560133753,0.00027494535507491854,0.02835434267111945,0.06421654285351051
2012-11-15 00:00:00-05:00,82.563473728835,82.77597185976649,82.54829198226001,82.69248962402344,1448500,0.0,0.0,0.0,-0.0004587940678618674,-0.0004588993460621273,0.009803750996651412,0.061380238411255277
2012-11-16 00:00:00-05:00,82.6773964639175,82.87471304587442,82.65462961139521,82.74569702148438,578100,0.0,0.0,0.0,0.0006434368792480605,0.0006432299624930954,0.009672444495013657,0.055562669126501534
2012-11-19 00:00:00-05:00,82.51041192228732,82.58630334243716,82.48005419619854,82.5787124633789,712300,0.0,0.0,0.0,-0.002018045217047515,-0.002020084213950325,0.019719451671996315,0.055730714167331934
2012-11-20 00:00:00-05:00,82.44963497480519,82.49516863490483,82.23713684082031,82.23713684082031,970700,0.0,0.0,0.0,-0.004136364110909008,-0.004144942528749871,0.031144010234830155,0.057226966839696865
2012-11-21 00:00:00-05:00,82.11570739746094,82.17642280536701,82.08535548364789,82.11570739746094,291500,0.0,0.0,0.0,-0.0014765767392220797,-0.0014776679529616484,0.028504789496048823,0.05587930264304448
2012-11-23 00:00:00-05:00,82.11570119892633,82.12329207187659,82.06257666855365,82.0701675415039,466000,0.0,0.0,0.0,-0.0005545815459715442,-0.0005547353831965971,0.02829396454366581,0.053878003276375194
2012-11-26 00:00:00-05:00,82.2674948871263,82.35856220770513,82.18401264983576,82.20677947998047,1522400,0.0,0.0,0.0,0.0016645748701253904,0.0016631910008660902,0.03361499135065657,0.05316617525905618
2012-11-27 00:00:00-05:00,82.25990811475944,82.40410576638477,82.21437445219995,82.39651489257812,579100,0.0,0.0,0.0,0.002308026342813463,0.0023053669412071457,0.04103768067930032,0.05100804079061963
2012-11-28 00:00:00-05:00,82.5482955022073,82.624192658039,82.46481905304452,82.50276184082031,1057500,0.0,0.0,0.0,0.0012894592493468693,0.0012886286107420854,0.025300541975098564,0.046810876611973265
2012-11-29 00:00:00-05:00,82.50281378967455,82.61665380496272,82.45728009961675,82.58629608154297,814200,0.0,0.0,0.0,0.0010125023557856494,0.001011990121005537,0.016929968791652802,0.04505167991979767
2012-11-30 00:00:00-05:00,82.64692862983563,82.65451950061252,82.54067959951082,82.57103729248047,557800,0.0,0.0,0.0,-0.000184761755720797,-0.00018477882627667514,0.014641303063636849,0.04417126125096132
2012-12-03 00:00:00-05:00,82.4016425781379,82.55361672674303,82.34845104638188,82.53842163085938,750400,0.137,0.0,0.0,-0.0003950012339746234,-0.00039507926751161627,0.01767081596486377,0.04429651857596826
2012-12-04 00:00:00-05:00,82.59163335927424,82.6904160002793,82.56883781115334,82.68281555175781,479300,0.0,0.0,0.0,0.0017494146125571763,0.0017478861691417275,0.014908649649599797,0.04398198815858243
2012-12-05 00:00:00-05:00,82.76637765108083,82.87276070790563,82.7283870150387,82.75118255615234,505500,0.0,0.0,0.0,0.0008268586880877393,0.0008265170287657205,0.014084185161315016,0.03975013283876765
2012-12-06 00:00:00-05:00,82.90315887749625,82.94115531198035,82.78917537148588,82.7967758178711,443700,0.0,0.0,0.0,0.0005509680987074717,0.000550816371513246,0.013609431068669778,0.027761673815001664
2012-12-07 00:00:00-05:00,82.59166767675264,82.72084636807483,82.5460707641214,82.56127166748047,515700,0.0,0.0,0.0,-0.0028443637818538203,-0.002848416671601864,0.027827552237412685,0.025579143468716394
2012-12-10 00:00:00-05:00,82.66761065368412,82.6904061991031,82.561227576767,82.63721466064453,707500,0.0,0.0,0.0,0.0009198379776649279,0.0009194151859590651,0.028280375494456306,0.025782718383907877
2012-12-11 00:00:00-05:00,82.45483507242172,82.485231061986,82.38644264654152,82.47763061523438,734300,0.0,0.0,0.0,-0.0019311401777697412,-0.0019330072330470348,0.027978266567548832,0.026603803920039987
2012-12-12 00:00:00-05:00,82.38639356022578,82.5231725330502,82.12803649902344,82.12803649902344,1165600,0.0,0.0,0.0,-0.0042386537246907885,-0.004247662282506483,0.035099475782758696,0.0299379543503529
2012-12-13 00:00:00-05:00,82.02930730747673,82.14329083328276,81.91532957911365,81.96852111816406,862900,0.0,0.0,0.0,-0.001942276811418342,-0.001944165476961525,0.029970654953966978,0.030355759676266178
2012-12-14 00:00:00-05:00,82.06726089988607,82.18124436617944,82.06726089988607,82.15084838867188,380700,0.0,0.0,0.0,0.002224357204700267,0.0022218869846362143,0.040725025404740475,0.031817043471115525
2012-12-17 00:00:00-05:00,82.07488086438514,82.09007595803297,81.69493975133494,81.71773529052734,660100,0.0,0.0,0.0,-0.00527216829332533,-0.005286115214523446,0.04580480390962983,0.03606984196162322
2012-12-18 00:00:00-05:00,81.67217878646571,81.71776988415061,81.30743261265518,81.39862060546875,846400,0.0,0.0,0.0,-0.0039050847888045803,-0.003912729541169434,0.04711303886746536,0.03762661215412176
2012-12-19 00:00:00-05:00,81.5125732421875,81.71014426703923,81.47458260496653,81.5125732421875,675300,0.0,0.0,0.0,0.001399933265098685,0.0013989542721020499,0.051738318833842806,0.03605222514175223
2012-12-20 00:00:00-05:00,81.62652681747363,81.74811072585841,81.5277442399909,81.56573486328125,377100,0.0,0.0,0.0,0.0006521892142430374,0.0006519766312819711,0.05358372974962135,0.03603226575783484
2012-12-21 00:00:00-05:00,81.86971269511895,81.9229042211783,81.77093008884917,81.78612518310547,499200,0.0,0.0,0.0,0.0027019963737668906,0.0026983525438326705,0.05545782143167023,0.03758792934215691
2012-12-24 00:00:00-05:00,81.72537703174893,81.74817258245989,81.68738058226786,81.70257568359375,903400,0.0,0.0,0.0,-0.0010215608004984222,-0.0010220829493678136,0.040451402212184594,0.03705399498254257
2012-12-26 00:00:00-05:00,81.79461072189879,81.90875451816629,81.78700539291702,81.8707046508789,780000,0.151,0.0,0.0,0.0020578172215313106,0.002055702815882718,0.02280970873852579,0.03682994098862113
2012-12-27 00:00:00-05:00,81.83262421063395,82.19787722960378,81.81740194824818,82.03807830810547,446700,0.0,0.0,0.0,0.0020443656609563376,0.0020422787892137506,0.023682316295640396,0.03736045957944032
2012-12-28 00:00:00-05:00,82.19033422227238,82.23598943286224,82.10662913246,82.22837829589844,552200,0.0,0.0,0.0,0.0023196543814478776,0.0023169681365277093,0.0238247819104925,0.03823793864345455
2012-12-31 00:00:00-05:00,82.11424349085917,82.15228756597774,81.76420084394947,81.79463958740234,1742800,0.0,0.0,0.0,-0.005274805577890507,-0.005288766480505142,0.0518411767411008,0.04224438954554099
2013-01-02 00:00:00-05:00,81.42173767089844,81.53588145492037,81.38368780769312,81.42173767089844,2561300,0.0,0.0,0.0,-0.004559001890404257,-0.0045694258334391,0.061519915440720004,0.044664280339776465
2013-01-03 00:00:00-05:00,81.44457251232528,81.45979478119926,80.99561427564973,81.00321960449219,2131900,0.0,0.0,0.0,-0.005140126928976585,-0.005153382825571177,0.06253586422584811,0.046362854217198324
2013-01-04 00:00:00-05:00,80.91949723366027,81.04125213623047,80.82057572951695,81.04125213623047,975400,0.0,0.0,0.0,0.0004695187663401601,0.0004694085768935135,0.05664805395309033,0.046190931669654996
2013-01-07 00:00:00-05:00,81.04128937343309,81.11738331970679,80.98041189417575,81.08694458007812,1387400,0.0,0.0,0.0,0.0005638171010837745,0.0005636582159406725,0.048083814289020664,0.046196821468780236
2013-01-08 00:00:00-05:00,81.2010697169551,81.2999912437883,81.18585325344024,81.28477478027344,364200,0.0,0.0,0.0,0.00243972936975001,0.0024367580618613327,0.05379985623937711,0.04725331148188489
2013-01-09 00:00:00-05:00,81.30761673383749,81.40654408373172,81.22391165574038,81.3304443359375,517700,0.0,0.0,0.0,0.0005618463702152798,0.0005616885936381164,0.04558423257097197,0.04709989072371713
2013-01-10 00:00:00-05:00,81.10213933196563,81.24671603914706,81.06408946894241,81.09452819824219,689100,0.0,0.0,0.0,-0.00290071128495073,-0.0029049265013206416,0.030703050824480636,0.04753451318224984
2013-01-11 00:00:00-05:00,80.97278080963373,81.35325622558594,80.94234207968626,81.35325622558594,553900,0.0,0.0,0.0,0.003190449874882706,0.0031853711890086657,0.037403359968417,0.04780555468330472
2013-01-14 00:00:00-05:00,81.43696055823422,81.4673992900813,81.30760030208,81.32282257080078,971700,0.0,0.0,0.0,-0.0003740926448078108,-0.0003741626349169947,0.03831232470314261,0.047487812522434544
2013-01-15 00:00:00-05:00,81.58917190147329,81.62721597033213,81.49024455012972,81.52068328857422,428800,0.0,0.0,0.0,0.002433028165016893,0.0024300731441198376,0.03829189378741624,0.04764575762537409
2013-01-16 00:00:00-05:00,81.65004593148032,81.68047886304436,81.53590211853097,81.62721252441406,534000,0.0,0.0,0.0,0.0013067755512148338,0.00130592246315974,0.038630760539929816,0.04429261268207228
2013-01-17 00:00:00-05:00,81.29998869079931,81.35326082541505,81.17062843540394,81.25433349609375,436100,0.0,0.0,0.0,-0.004568072543317481,-0.004578538070384817,0.048943319066274915,0.04511254477288153
2013-01-18 00:00:00-05:00,81.39131166603977,81.52067193221139,81.36848406678536,81.48262786865234,560100,0.0,0.0,0.0,0.00280962704062504,0.0028056874160965768,0.0476313702819811,0.04599677492452131
2013-01-22 00:00:00-05:00,81.3228351276496,81.58916681544203,81.30761285657839,81.55111694335938,595400,0.0,0.0,0.0,0.00084053590929134,0.0008401828568056129,0.04729328856247783,0.04603781648545218
2013-01-23 00:00:00-05:00,81.61202286043232,81.68811682552304,81.53592889534161,81.58919525146484,603600,0.0,0.0,0.0,0.00046692564777406353,0.00046681667191488506,0.04436846678021897,0.04496591806039125
2013-01-24 00:00:00-05:00,81.52833397045768,81.54355624986147,81.35331839650394,81.45223999023438,376300,0.0,0.0,0.0,-0.001678595564135188,-0.0016800059842400916,0.04461589130617197,0.04520114438162064
2013-01-25 00:00:00-05:00,81.06409122555034,81.14018514765168,80.8586370553173,80.91190338134766,570600,0.0,0.0,0.0,-0.00663378452147545,-0.006655885867953806,0.057304120694273514,0.0498605187963911
2013-01-28 00:00:00-05:00,80.57710430940634,80.76734206739542,80.57710430940634,80.74451446533203,1328000,0.0,0.0,0.0,-0.002068779858344194,-0.0020709227393381066,0.04733342630954569,0.04911669533303697
2013-01-29 00:00:00-05:00,80.77493535533884,80.90429560884516,80.60752523640392,80.62274169921875,480600,0.0,0.0,0.0,-0.0015081243217527351,-0.0015092626859114062,0.041625606427006516,0.04776336461176835
2013-01-30 00:00:00-05:00,80.56187096777765,80.68362008847791,80.447727175775,80.66840362548828,453200,0.0,0.0,0.0,0.0005663653369651911,0.0005662050126496337,0.0420435826118173,0.045232389391660084
2013-01-31 00:00:00-05:00,80.74447331462459,80.74447331462459,80.60750196645486,80.73686218261719,902500,0.0,0.0,0.0,0.0008486415257047408,0.0008482816330839878,0.047709132273861525,0.04311975403102951
2013-02-01 00:00:00-05:00,81.07979707920272,81.09503365195239,80.43212937863603,80.46260833740234,2587800,0.14,0.0,0.0,-0.003396885112955106,-0.0034026676259254845,0.028567573174417424,0.04097899953303155
2013-02-04 00:00:00-05:00,80.71402135591853,80.97308367630349,80.68354241000303,80.9273681640625,693400,0.0,0.0,0.0,0.005776096950664167,0.005759479262218843,0.05451471034091967,0.04633420632036496
2013-02-05 00:00:00-05:00,80.62260551683065,80.67594223275852,80.56165342238882,80.63784790039062,797700,0.0,0.0,0.0,-0.003577532177803433,-0.003583946849745047,0.060828802758876116,0.04789302070246326
2013-02-06 00:00:00-05:00,80.81310424195489,80.91977768651365,80.72928856219205,80.88168334960938,816800,0.0,0.0,0.0,0.00302383378980986,0.0030192711997776445,0.06454817891695643,0.04837433986837589
2013-02-07 00:00:00-05:00,80.88167495415925,81.11025839165838,80.87405376226278,80.91976928710938,970000,0.0,0.0,0.0,0.0004708845800769357,0.0004707737487242103,0.06448816123573547,0.04835531308306107
2013-02-08 00:00:00-05:00,80.93496687350374,81.0111613104966,80.74447787439016,80.98068237304688,952800,0.0,0.0,0.0,0.0007527590164200237,0.0007524758354540621,0.05486686118135081,0.047427857414606214
2013-02-11 00:00:00-05:00,80.91973122579304,81.00354685743247,80.8968734741211,80.8968734741211,558800,0.0,0.0,0.0,-0.0010349245828740194,-0.001035460487099015,0.038701835793394146,0.045927824251480974
2013-02-12 00:00:00-05:00,80.77498550858571,80.89689548843238,80.75212775069353,80.81307983398438,531500,0.0,0.0,0.0,-0.0010358081411332432,-0.0010363449611128807,0.02647793814034154,0.04600632301680504
2013-02-13 00:00:00-05:00,80.55399331011202,80.66828787852515,80.49303543185658,80.53113555908203,610700,0.0,0.0,0.0,-0.003488844571714722,-0.0034949447825285735,0.026733724725603043,0.046124838473565855
2013-02-14 00:00:00-05:00,80.72928037503056,80.88167514699276,80.62260694129009,80.87405395507812,988000,0.0,0.0,0.0,0.004258208873070046,0.0042491683568512606,0.04556481421905655,0.048857405906536824
2013-02-15 00:00:00-05:00,80.79786682128906,80.84358235040078,80.65309322807973,80.79786682128906,681700,0.0,0.0,0.0,-0.0009420466770638791,-0.0009424906819055216,0.04513026289270011,0.046448551922764425
2013-02-19 00:00:00-05:00,80.91218376037075,80.92742033651899,80.66073665441284,80.6683578491211,498800,0.0,0.0,0.0,-0.001602876131054587,-0.0016041621113621427,0.045770630994287846,0.04518233586008846
2013-02-20 00:00:00-05:00,80.6378184096538,80.85878638433323,80.60733946694658,80.84354400634766,869900,0.0,0.0,0.0,0.002171683692312465,0.002169328995770546,0.04921473170795606,0.045946070276890086
2013-02-21 00:00:00-05:00,81.0188358302141,81.14836703969439,80.98073568000615,81.00359344482422,681000,0.0,0.0,0.0,0.001979742976928378,0.00197778586842321,0.03835067868214881,0.04664693887928261
2013-02-22 00:00:00-05:00,81.02641508999766,81.13309430037154,81.0187997139642,81.10261535644531,412800,0.0,0.0,0.0,0.001222438504392409,0.001221691934805565,0.02747944378925416,0.046692609148740356
2013-02-25 00:00:00-05:00,80.89691198629444,81.72744750976562,80.88929660762065,81.72744750976562,2909000,0.0,0.0,0.0,0.0077042170659253895,0.007674691138100355,0.05366784072671287,0.048245835248148926
2013-02-26 00:00:00-05:00,81.57508087158203,81.8189067783581,81.51412875483915,81.57508087158203,860900,0.0,0.0,0.0,-0.0018643264022822903,-0.0018660664217285336,0.054882513956346225,0.04810637710653729
2013-02-27 00:00:00-05:00,81.78836737179273,81.81123093860184,81.46834719563167,81.53692626953125,398800,0.0,0.0,0.0,-0.00046772374165149344,-0.00046783315851998725,0.05819652125110711,0.047665454699813835
2013-02-28 00:00:00-05:00,81.62081192492727,81.6589062757599,81.52175382357093,81.65129089355469,534400,0.0,0.0,0.0,0.0014026114210559104,0.001401628680484776,0.058175262360967525,0.04775736858915226
2013-03-01 00:00:00-05:00,81.77098908474497,81.87778905024615,81.7099588701267,81.85490417480469,876500,0.127,0.0,0.0,0.0024936933515899984,0.0024905892576920384,0.058356011717858036,0.04822113259019917
2013-03-04 00:00:00-05:00,81.79389232856192,81.82440744272381,81.6642074584961,81.6642074584961,572600,0.0,0.0,0.0,-0.002329692010894724,-0.0023324099654794786,0.032909074042561916,0.04715791970872689
2013-03-05 00:00:00-05:00,81.60318425999354,81.63369937678421,81.48875402706945,81.5802993774414,224700,0.0,0.0,0.0,-0.0010274768306216542,-0.0010280050467913007,0.030624579942841734,0.043580235138711135
2013-03-06 00:00:00-05:00,81.3361756890363,81.45823032316882,81.32091522216797,81.32091522216797,1091700,0.0,0.0,0.0,-0.003179495015988687,-0.0031845603499193282,0.038382091589041954,0.04311819912790224
2013-03-07 00:00:00-05:00,81.17602428473319,81.1912789405673,80.99293349372617,81.00819396972656,804500,0.0,0.0,0.0,-0.0038455205722544017,-0.0038529335972196338,0.03980771335058123,0.04450005326433371
2013-03-08 00:00:00-05:00,80.58856117364745,80.74113090472545,80.53516118575394,80.59619140625,1651900,0.0,0.0,0.0,-0.005085936906957023,-0.005098914304250178,0.024328154894604912,0.04808305444435577
2013-03-11 00:00:00-04:00,80.6725142572961,80.71065961810784,80.59622935583755,80.63436889648438,1465800,0.0,0.0,0.0,0.0004736885151550574,0.00047357636016665135,0.03546534238375233,0.04802018617179965
2013-03-12 00:00:00-04:00,80.75639818058087,80.90134351144255,80.74876794733481,80.8555679321289,525300,0.0,0.0,0.0,0.0027432351573124514,0.0027394793548799,0.05186188688432634,0.049021569744145024
2013-03-13 00:00:00-04:00,80.7106261409251,80.87082611358973,80.64959591700644,80.78691101074219,1116500,0.0,0.0,0.0,-0.0008491304079930595,-0.000849491123428701,0.050518103806869274,0.04897477154642957
2013-03-14 00:00:00-04:00,80.62674478369198,80.87085996137641,80.60385989518484,80.80982971191406,557400,0.0,0.0,0.0,0.0002836932478929022,0.0002836530145725532,0.045756509149636714,0.04722167450908726
2013-03-15 00:00:00-04:00,80.85561125474264,81.10735670528418,80.85561125474264,81.09210205078125,1184700,0.0,0.0,0.0,0.0034930445946177446,0.0034869580838653136,0.028839149323967236,0.04641579759171037
2013-03-18 00:00:00-04:00,81.38194707542117,81.38957730900778,81.23700173808997,81.35906219482422,1442000,0.0,0.0,0.0,0.0032920609688449343,0.0032866539995987896,0.031045867763276492,0.047528217984249464
2013-03-19 00:00:00-04:00,81.45056544603685,81.70994089101181,81.42768057563089,81.61077117919922,545300,0.0,0.0,0.0,0.0030938039056085387,0.003089027942365713,0.03181244998456205,0.047890737522855574
2013-03-20 00:00:00-04:00,81.3972273433418,81.49640295069601,81.290427320164,81.29805755615234,742800,0.0,0.0,0.0,-0.003831768999709939,-0.003839129033859789,0.049794926026493595,0.049950006013798995
2013-03-21 00:00:00-04:00,81.51161193847656,81.51924217019034,81.3819271001499,81.51161193847656,669700,0.0,0.0,0.0,0.0026268079305180603,0.0026233639004514175,0.049660668503180745,0.05029280892626445
2013-03-22 00:00:00-04:00,81.56505254995363,81.58793743633305,81.38196763875389,81.54216766357422,297000,0.0,0.0,0.0,0.00037486346265258597,0.0003747932188987663,0.047596446047956105,0.0501803795614839
2013-03-25 00:00:00-04:00,81.40482698225314,81.71760251840213,81.38194210305444,81.6031723022461,319500,0.0,0.0,0.0,0.0007481360922800828,0.0007478563779746808,0.04350323909446789,0.04191563278713882
2013-03-26 00:00:00-04:00,81.43531227578679,81.71757259626273,81.42005763529423,81.68705749511719,546300,0.0,0.0,0.0,0.0010279648511750672,0.0010274368571160182,0.03819834364889767,0.04153158197562866
2013-03-27 00:00:00-04:00,81.97697941357802,82.1295549885197,81.97697941357802,82.03800964355469,623700,0.0,0.0,0.0,0.004296300530331587,0.004287097780312535,0.025899662689317343,0.04407555849072212
2013-03-28 00:00:00-04:00,81.95407457057586,82.0608745369399,81.87015947983814,81.88541412353516,378400,0.0,0.0,0.0,-0.0018600587786385958,-0.0018617908361209944,0.03501981451440066,0.0445221749818437
2013-04-01 00:00:00-04:00,81.90452816735764,82.15661400917051,81.90452816735764,82.10314178466797,2471100,0.145,0.0,0.0,0.0026589309398172833,0.0026554022366139904,0.03651263606782057,0.04464139756170182
2013-04-02 00:00:00-04:00,81.98093071520158,82.0038465543189,81.9045426421317,81.94273376464844,984900,0.0,0.0,0.0,-0.00195373790250597,-0.0019556489379157008,0.04375216790964972,0.04438304323237749
2013-04-03 00:00:00-04:00,82.04965618199812,82.36284892357982,82.04965618199812,82.28646087646484,1234000,0.0,0.0,0.0,0.00419472351024619,0.004185950183478717,0.049971228673862125,0.0463361902877837
2013-04-04 00:00:00-04:00,82.43160434526072,82.62257738192972,82.4086826853114,82.61493682861328,584800,0.0,0.0,0.0,0.003991859033062317,0.003983912703856666,0.04892108920470584,0.045906863675879504
2013-04-05 00:00:00-04:00,82.90523595884777,83.03509625984753,82.82884788932063,82.87467956542969,663800,0.0,0.0,0.0,0.003144016648650938,0.0031390845633090985,0.03994768033064455,0.0431608975996779
2013-04-08 00:00:00-04:00,82.82885218561574,82.8899649756218,82.59968213711123,82.6073226928711,858200,0.0,0.0,0.0,-0.0032260380849800097,-0.003231252964463122,0.056166026116753025,0.03998913188224774
2013-04-09 00:00:00-04:00,82.74483816413017,82.79066985070762,82.59206199018035,82.63789367675781,507800,0.0,0.0,0.0,0.00037007595561933115,0.0003700074944029133,0.049945366881571675,0.040017014483383934
2013-04-10 00:00:00-04:00,82.45453747366263,82.47745331038443,82.27883967873582,82.29412078857422,340900,0.0,0.0,0.0,-0.004159990930169166,-0.004168667764500749,0.058146388033174505,0.04387346790040004
2013-04-11 00:00:00-04:00,82.38578796386719,82.47745714304999,82.33995628829382,82.38578796386719,1132200,0.0,0.0,0.0,0.0011138970125030845,0.0011132770895367061,0.048575769346876,0.04339464308902228
2013-04-12 00:00:00-04:00,82.69134008472041,82.8441162109375,82.59967091216876,82.8441162109375,827700,0.0,0.0,0.0,0.0055631955267736455,0.005547778108184882,0.0614902849016544,0.04621938556382936
2013-04-15 00:00:00-04:00,82.80590589146529,83.02743530273438,82.77534950770048,83.02743530273438,587300,0.0,0.0,0.0,0.002212819692953394,0.00221037501321603,0.05574584295619901,0.04561401669178235
2013-04-16 00:00:00-04:00,82.76771069458218,82.88993623221063,82.75243541639583,82.7906265258789,1226700,0.0,0.0,0.0,-0.002852175018920211,-0.0028562502207265627,0.06240808063432367,0.04703946865671469
2013-04-17 00:00:00-04:00,82.8364683437674,83.11910471523753,82.80591195776407,82.94341278076172,988300,0.0,0.0,0.0,0.0018454535409881956,0.0018437527837264205,0.047754403582640124,0.046464277480501776
2013-04-18 00:00:00-04:00,83.00456944517774,83.08095753656237,82.9358160833051,82.98928833007812,705600,0.0,0.0,0.0,0.0005530945469733872,0.0005529416465607666,0.04826004179801192,0.04313687178104925
2013-04-19 00:00:00-04:00,82.94341278076172,82.94341278076172,82.87465945524553,82.94341278076172,750500,0.0,0.0,0.0,-0.0005527888025010919,-0.0005529416465607624,0.03249196022836018,0.043055660105480294
2013-04-22 00:00:00-04:00,82.98164777252833,83.07331697901257,82.9434566408549,82.98928833007812,379900,0.0,0.0,0.0,0.0005530945469733872,0.0005529416465607666,0.027968999508924213,0.04303286890309946
2013-04-23 00:00:00-04:00,83.08855186531977,83.2948060226114,82.91285992336687,82.93577575683594,449800,0.0,0.0,0.0,-0.0006448130152574283,-0.0006450209965805996,0.01611781196743179,0.04337366805225334
2013-04-24 00:00:00-04:00,82.92813101320212,83.02744072393061,82.92049628778813,82.97396850585938,279400,0.0,0.0,0.0,0.0004605099388641509,0.0004604039367043714,0.009779293711422698,0.04338327440129805
2013-04-25 00:00:00-04:00,82.85938549770712,82.91285771705707,82.7982727247258,82.8823013305664,293300,0.0,0.0,0.0,-0.0011047702905339074,-0.0011053809990678614,0.01157771746320302,0.04179311380911396
2013-04-26 00:00:00-04:00,83.0961929490048,83.20313739123239,83.0732771153896,83.18022155761719,433300,0.0,0.0,0.0,0.0035944975256243517,0.0035880527585757543,0.02909896324544896,0.04216448193481135
2013-04-29 00:00:00-04:00,83.23372499021963,83.25664083242795,83.13442106463785,83.14969635009766,810000,0.0,0.0,0.0,-0.0003669767517797684,-0.0003670441042263005,0.029859205936240786,0.04174979727575505
2013-04-30 00:00:00-04:00,83.27186204947428,83.371165903628,83.10380489011186,83.13436126708984,752700,0.0,0.0,0.0,-0.00018442740840862726,-0.000184444417234408,0.029023450795963367,0.040754227083570356
2013-05-01 00:00:00-04:00,83.30648124096562,83.49769149308055,83.30648124096562,83.40591430664062,803600,0.135,0.0,0.0,0.003266435627963249,0.003261112415910559,0.03510502533224598,0.03982878956631578
2013-05-02 00:00:00-04:00,83.36001987814686,83.41355851532808,83.31413128492689,83.40591430664062,921300,0.0,0.0,0.0,0.0,0.0,0.03154663383567725,0.03789855260941808
2013-05-03 00:00:00-04:00,82.96226550681325,82.98520979246734,82.64103383711391,82.69457244873047,879500,0.0,0.0,0.0,-0.008528674061349162,-0.00856525132080617,0.06956625230808595,0.0482490678914606
2013-05-06 00:00:00-04:00,82.71758417593198,82.74817852683871,82.51872381267604,82.58756256103516,434000,0.0,0.0,0.0,-0.0012940376197199122,-0.0012948756094053344,0.06920858204578409,0.047064022209298145
2013-05-07 00:00:00-04:00,82.45750874969072,82.55694181716842,82.45750874969072,82.47280883789062,544000,0.0,0.0,0.0,-0.0013894794759164997,-0.001390445697657394,0.0684567161848332,0.047290549073987845
2013-05-08 00:00:00-04:00,82.54931369248709,82.6716852542103,82.5263693893687,82.57225799560547,1114400,0.0,0.0,0.0,0.0012058417691378498,0.0012051153258768575,0.060329456689113214,0.044952100567197305
2013-05-09 00:00:00-04:00,82.63345928550001,82.78642521978131,82.53403201174481,82.55697631835938,587300,0.0,0.0,0.0,-0.0001850703567644052,-0.00018508748439612552,0.05995583586822749,0.04482761632120053
2013-05-10 00:00:00-04:00,82.41164789161297,82.41164789161297,81.8992056346557,82.09041595458984,529700,0.0,0.0,0.0,-0.005651374173036072,-0.005667403608811764,0.04072998756366433,0.04439856750091283
2013-05-13 00:00:00-04:00,81.91446639107048,81.9680050253446,81.89152209570636,81.94506072998047,417600,0.0,0.0,0.0,-0.001770672287612518,-0.0017722417807665694,0.0407461060931934,0.04346800055276954
2013-05-14 00:00:00-04:00,82.05215488617708,82.08274923138387,81.58560133350414,81.61619567871094,876900,0.0,0.0,0.0,-0.004013238239619854,-0.004021312891111145,0.04417513568361735,0.04443203316782902
2013-05-15 00:00:00-04:00,81.86094712935333,81.9374300770914,81.63149828613912,81.83035278320312,768200,0.0,0.0,0.0,0.0026239535267635894,0.002620516970970739,0.05138519997492645,0.045106779853102526
2013-05-16 00:00:00-04:00,82.02155290032563,82.31219623507823,82.0062586467843,82.22041320800781,697900,0.0,0.0,0.0,0.004766696116269786,0.004755371393752288,0.06988124471016086,0.048940738558068644
2013-05-17 00:00:00-04:00,82.09035905367143,82.12095338388754,81.76147729793801,81.77677154541016,365800,0.0,0.0,0.0,-0.005395760557360574,-0.0054103702506601275,0.06878022382710322,0.051985988603860125
2013-05-20 00:00:00-04:00,81.906832227045,81.92978236213203,81.63149479402159,81.71562194824219,1440000,0.0,0.0,0.0,-0.0007477624270605387,-0.0007480421408325256,0.06821224084448536,0.05177377816234061
2013-05-21 00:00:00-04:00,81.68499971275098,81.94504278362498,81.51673380323382,81.92974853515625,530600,0.0,0.0,0.0,0.0026203874095174218,0.002616960180236193,0.063077353400364,0.05315567057970551
2013-05-22 00:00:00-04:00,81.9909347748235,82.16685073352859,81.24139402796084,81.27963256835938,1797400,0.0,0.0,0.0,-0.007935041647514796,-0.007966691630964057,0.08447524488996452,0.05896113372685865
2013-05-23 00:00:00-04:00,81.53969314450346,81.56263743907782,81.17256692549378,81.36377716064453,950100,0.0,0.0,0.0,0.0010352481873534547,0.0010347126875003803,0.0704803772354282,0.0594101091055871
2013-05-24 00:00:00-04:00,81.4555902485984,81.59326190214789,81.34851294420162,81.39440155029297,349800,0.0,0.0,0.0,0.0003763884951895058,0.0003763176788089403,0.06510383262459354,0.05722662909502724
2013-05-28 00:00:00-04:00,81.13434745390636,81.1878860989243,80.42304497851102,80.43833923339844,1157000,0.0,0.0,0.0,-0.01174604516631017,-0.011815574957857703,0.10041039313962835,0.06849556608371507
2013-05-29 00:00:00-04:00,80.49952632368733,80.76721954345703,80.45363772466239,80.76721954345703,1588400,0.0,0.0,0.0,0.004088601445441542,0.0040802658275069185,0.10608793519381948,0.07132685322682662
2013-05-30 00:00:00-04:00,80.74424697486354,80.88191855901319,80.62187547521525,80.77484130859375,578000,0.0,0.0,0.0,9.436706104026804e-05,9.43626087492609e-05,0.09667187814565734,0.06941770820174115
2013-05-31 00:00:00-04:00,80.85134999381235,80.88194433729342,80.17829194305185,80.55306243896484,1639400,0.0,0.0,0.0,-0.0027456429011307737,-0.0027494190922330553,0.09479790614372448,0.06926640699813706
2013-06-03 00:00:00-04:00,80.40143234398018,81.06007842193486,79.81936663257363,80.66948699951172,3269200,0.142,0.0,0.0,0.0014453151378954754,0.001444271675272108,0.09675986136539393,0.0652106370473141
2013-06-04 00:00:00-04:00,80.48564464303486,80.66179812193823,80.42437920281522,80.4626693725586,1235100,0.0,0.0,0.0,-0.002563765243162819,-0.0025670573172143136,0.04553079900208852,0.06538248002337126
2013-06-05 00:00:00-04:00,80.63884304082751,80.88392239251966,80.60820739147191,80.85328674316406,1298900,0.0,0.0,0.0,0.0048546409614729225,0.004842895191033582,0.04991101472256819,0.06892295997018065
2013-06-06 00:00:00-04:00,80.78440871174922,81.43540057705474,80.6465511296599,80.95289611816406,2471900,0.0,0.0,0.0,0.0012319768189068547,0.0012312185581748942,0.05038610151074525,0.06893402553614174
2013-06-07 00:00:00-04:00,80.68475234656204,80.83793051503407,80.32479095458984,80.32479095458984,652300,0.0,0.0,0.0,-0.007758896762104617,-0.0077891536097057104,0.07629265153290135,0.07290265493965872
2013-06-10 00:00:00-04:00,80.17162955134008,80.27119099204826,80.01079683489586,80.12567901611328,694600,0.0,0.0,0.0,-0.0024788354393493472,-0.0024819128385464117,0.0748737534665967,0.07127715481151022
2013-06-11 00:00:00-04:00,79.84229287098968,80.32479095458984,79.79634234202291,80.32479095458984,756100,0.0,0.0,0.0,0.0024849953338494934,0.002481912838546394,0.07819320001722918,0.07241759592149788
2013-06-12 00:00:00-04:00,80.02615499207108,80.37845625327135,79.96488952636719,79.96488952636719,528700,0.0,0.0,0.0,-0.004480577215894899,-0.00449064508649214,0.0663640634789194,0.07269499177477923
2013-06-13 00:00:00-04:00,80.16399602990245,80.66181508647568,80.1563415002346,80.56990814208984,1180100,0.0,0.0,0.0,0.007566053292966224,0.007537574270742382,0.09573669975472834,0.07790314093918323
2013-06-14 00:00:00-04:00,80.73075605499211,80.9069037480817,80.6235283526141,80.67713928222656,599700,0.0,0.0,0.0,0.0013309080599621659,0.0013300231868662712,0.07424625389355503,0.07558797478640704
2013-06-17 00:00:00-04:00,80.76903208409317,80.78435282881385,80.432045818063,80.48565673828125,478400,0.0,0.0,0.0,-0.0023734424106867102,-0.002376263489788319,0.07394864733198228,0.0739669247719118
2013-06-18 00:00:00-04:00,80.30183979419454,80.50862892291596,80.25588925143484,80.439697265625,429000,0.0,0.0,0.0,-0.0005710268701130117,-0.0005711899680480315,0.07301326469225278,0.07397076697065048
2013-06-19 00:00:00-04:00,80.48565582660056,82.40033987435281,79.25260467554796,79.33684539794922,1281500,0.0,0.0,0.0,-0.013710293613288793,-0.013805147671286143,0.12319662209697264,0.0857939220947985
2013-06-20 00:00:00-04:00,79.05347675807728,79.21430951865902,78.7394657661186,78.97689056396484,1982500,0.0,0.0,0.0,-0.0045370449528067125,-0.0045473685789305445,0.09303750871199784,0.08327311023437795
2013-06-21 00:00:00-04:00,78.81601624375217,78.88494202916323,78.13438369906525,78.14204406738281,1777200,0.0,0.0,0.0,-0.010570769381023859,-0.010627036841861042,0.08855824790601673,0.0887404254698477
2013-06-24 00:00:00-04:00,77.55239358547522,78.27231108588532,77.54473321030953,77.95064544677734,2731500,0.0,0.0,0.0,-0.002449367979680983,-0.0024523725886957484,0.08834470853563839,0.08830124375614379
2013-06-25 00:00:00-04:00,78.16501770424912,78.21097407005011,77.78208110041776,77.85867309570312,772000,0.0,0.0,0.0,-0.0011798792754963427,-0.0011805758810429232,0.0858998062322545,0.08070112239333278
2013-06-26 00:00:00-04:00,78.30289605236905,78.35650695751423,77.93528008655933,78.17269897460938,1015300,0.0,0.0,0.0,0.004033280640683978,0.004025168768643053,0.08427875449072325,0.08064947775060087
2013-06-27 00:00:00-04:00,78.49438105989806,78.62458400843376,78.28759776564999,78.59394836425781,949000,0.0,0.0,0.0,0.005388702132252954,0.005374235026262575,0.10035910633653729,0.08425037657755353
2013-06-28 00:00:00-04:00,78.21867694160731,78.54800285818283,78.09614019107937,78.5020523071289,1017700,0.0,0.0,0.0,-0.0011692510561117642,-0.0011699351634420112,0.05600620433635852,0.08409073677885258
2013-07-01 00:00:00-04:00,78.3862288362474,78.59329875971346,78.24818417096526,78.53194427490234,1127100,0.139,0.0,0.0,0.000380779443274859,0.0003807069651808438,0.048344584116736075,0.08371800094915725
2013-07-02 00:00:00-04:00,78.54728815136355,78.66232635959433,78.43992071730452,78.56262969970703,385400,0.0,0.0,0.0,0.00039073812686041265,0.0003906618085981775,0.04396612942347731,0.0837967004563627
2013-07-03 00:00:00-04:00,78.57029186809831,78.7236780907237,78.40157579983956,78.40924072265625,1233200,0.0,0.0,0.0,-0.0019524419897486434,-0.001954350489171186,0.04536640846773343,0.08072120595986428
2013-07-05 00:00:00-04:00,77.37396265336749,77.4046399193288,77.03651857888322,77.09020233154297,924100,0.0,0.0,0.0,-0.016822486469150855,-0.016965591688708433,0.11637072829339523,0.09645982883362987
2013-07-08 00:00:00-04:00,77.35095032355049,77.6040333602957,77.33560876618364,77.54267883300781,1137200,0.0,0.0,0.0,0.005869442390602053,0.005852284319749455,0.13565727528301288,0.09857017742018118
2013-07-09 00:00:00-04:00,77.67304992675781,77.75741093586909,77.6116954017515,77.67304992675781,558400,0.0,0.0,0.0,0.001681281788455724,0.0016798700163992211,0.1376524477253345,0.09926172002354075
2013-07-10 00:00:00-04:00,77.64233136889746,77.74969880500856,77.38158355293803,77.39691925048828,1005500,0.0,0.0,0.0,-0.0035550384146098013,-0.003561372580265141,0.13587276775278437,0.098328816959783
2013-07-11 00:00:00-04:00,77.96443706829761,78.17150115966797,77.89541180378332,78.17150115966797,818700,0.0,0.0,0.0,0.010007916551210805,0.00995816899196544,0.16487351749792536,0.10628886722502395
2013-07-12 00:00:00-04:00,78.3862502335659,78.46294043497127,77.97978690013886,78.11016082763672,1919500,0.0,0.0,0.0,-0.0007846891913455556,-0.0007849972210579949,0.0853915580619193,0.10126029578169991
2013-07-15 00:00:00-04:00,78.20222561150506,78.35560607910156,78.17921912647456,78.35560607910156,563700,0.0,0.0,0.0,0.003142296070884454,0.003137369376642493,0.08098244782365367,0.10213930279659857
2013-07-16 00:00:00-04:00,78.34792319770965,78.47062637345091,78.30190438710427,78.39393615722656,713300,0.0,0.0,0.0,0.0004891810559961574,0.0004890614459491077,0.08180725280923803,0.10229729941514151
2013-07-17 00:00:00-04:00,78.84640402140572,78.87708127480316,78.62399832259015,78.7390365600586,696300,0.0,0.0,0.0,0.004402131335004,0.004392470297253328,0.06674212949803389,0.10426885370710687
2013-07-18 00:00:00-04:00,78.71602712226371,78.71602712226371,78.37091827392578,78.37091827392578,717800,0.0,0.0,0.0,-0.0046751687881274595,-0.004686131571647043,0.05648302094915733,0.09415757136192061
2013-07-19 00:00:00-04:00,78.57025481582735,78.80800188600807,78.56258989662531,78.80033111572266,459500,0.0,0.0,0.0,0.005479237085062261,0.005464280673820832,0.06436051899233518,0.09530220767868094
2013-07-22 00:00:00-04:00,78.79270935058594,78.8847410979999,78.73902562736622,78.79270935058594,450300,0.0,0.0,0.0,-9.672250140069227e-05,-9.672717932347358e-05,0.06410906842137197,0.08691464027842986
2013-07-23 00:00:00-04:00,78.61629975759351,78.72366717299805,78.52426803678162,78.7006607055664,13316500,0.0,0.0,0.0,-0.001168238099415575,-0.0011689210214728945,0.0661823563731082,0.08646974979700511
2013-07-24 00:00:00-04:00,78.22518487602964,78.3095458376103,77.9567662942213,78.17150115966797,837400,0.0,0.0,0.0,-0.006723698901056507,-0.006746404800164472,0.07451633091248908,0.09005710349278676
2013-07-25 00:00:00-04:00,77.93375763691716,78.29420209318519,77.91841608919489,78.28653717041016,712300,0.0,0.0,0.0,0.001471585028247402,0.0014705033080984662,0.07034863102486014,0.08907055717758598
2013-07-26 00:00:00-04:00,78.36327685780833,78.40928982786933,78.27124506659655,78.35560607910156,544900,0.0,0.0,0.0,0.0008822578081473242,0.000881868847486214,0.052154445970458894,0.0869239686929626
2013-07-29 00:00:00-04:00,78.25587354236116,78.29421571616608,78.11015806907596,78.19451904296875,420300,0.0,0.0,0.0,-0.0020558457038822864,-0.002057961855479582,0.051567579230485557,0.0871202865751636
2013-07-30 00:00:00-04:00,78.271197818315,78.30187506353398,78.07946942401101,78.17150115966797,306800,0.0,0.0,0.0,-0.00029436696564544285,-0.00029441030010503874,0.05230966916672564,0.08709541349843074
2013-07-31 00:00:00-04:00,77.62702023495198,78.28656660895635,77.5656657231636,78.22521209716797,930500,0.0,0.0,0.0,0.000687091033217957,0.0006868550942421767,0.021930059129260798,0.08712912492967376
2013-08-01 00:00:00-04:00,77.94183904231241,77.97255876824799,77.45801654200146,77.5348129272461,1177300,0.141,0.0,0.0,-0.00882578840520487,-0.008864966363616562,0.06399248923458911,0.09222857292414158
2013-08-02 00:00:00-04:00,77.93414265303696,78.19525146484375,77.8880601468692,78.19525146484375,4360000,0.0,0.0,0.0,0.008517961321675926,0.008481888190744007,0.09864525902286897,0.07520080196130298
2013-08-05 00:00:00-04:00,78.03397879809752,78.06469851638721,77.88038606583623,77.94950103759766,390400,0.0,0.0,0.0,-0.003142779422566133,-0.0031477283254090827,0.10008996348008675,0.0738113192561122
2013-08-06 00:00:00-04:00,77.90344208041473,78.01863372617534,77.86504095903553,77.9725570678711,257000,0.0,0.0,0.0,0.0002957816274193892,0.00029573789265757656,0.1002952698913641,0.07362405279783424
2013-08-07 00:00:00-04:00,78.0646666947683,78.30273709048444,78.04930391229223,78.25666046142578,493200,0.0,0.0,0.0,0.0036436331478444384,0.003637011197018148,0.10459211710896502,0.07318399172612715
2013-08-08 00:00:00-04:00,78.36419055562659,78.44866829684065,78.27971281441252,78.37187194824219,804900,0.0,0.0,0.0,0.0014722259567054863,0.0014711432945569672,0.06859763050639849,0.06430623984269129
2013-08-09 00:00:00-04:00,78.25669602139116,78.43332708583401,78.24133323193422,78.42565155029297,557600,0.0,0.0,0.0,0.0006862105078502267,0.0006859751730729952,0.03899159819271715,0.06423891161523604
2013-08-12 00:00:00-04:00,78.54081619329351,78.54081619329351,78.24130635283873,78.27202606201172,400400,0.0,0.0,0.0,-0.001958867860762825,-0.0019607889515961424,0.03215597972152089,0.063699618597403
2013-08-13 00:00:00-04:00,77.79587030891874,77.79587030891874,77.50403605729554,77.56547546386719,566500,0.0,0.0,0.0,-0.0090268597057237,-0.009067848657929237,0.07771284790960852,0.07115908170746363
2013-08-14 00:00:00-04:00,77.56555905977237,77.68075660645174,77.54252072227463,77.63467407226562,1672300,0.0,0.0,0.0,0.0008921315570440402,0.0008917338442103725,0.06926919355539152,0.06899580270534915
2013-08-15 00:00:00-04:00,77.20455169677734,77.45798493794973,77.02792066870174,77.20455169677734,15452300,0.0,0.0,0.0,-0.005540338523066457,-0.005555743122686673,0.06762829293818737,0.06972194714356812
2013-08-16 00:00:00-04:00,77.22761575327345,77.22761575327345,76.68235384185704,76.90506744384766,1066900,0.0,0.0,0.0,-0.0038791009901322226,-0.0038866442159869404,0.05924208233931647,0.06648830501276352
2013-08-19 00:00:00-04:00,76.69005715090574,76.73613381993586,76.49806321769383,76.57485961914062,892200,0.0,0.0,0.0,-0.004293706977737677,-0.004302951408952274,0.05667936550125313,0.0672227623490654
2013-08-20 00:00:00-04:00,76.85128905111634,77.00488176946922,76.8359321229557,76.9895248413086,1221100,0.0,0.0,0.0,0.005415161375814215,0.005400552106752591,0.07245510117212581,0.07147461951442372
2013-08-21 00:00:00-04:00,76.79751999499442,76.9895137949819,76.47497181722002,76.50569152832031,945100,0.0,0.0,0.0,-0.006284404456132986,-0.006304234449270621,0.07549458902195347,0.0710309146610245
2013-08-22 00:00:00-04:00,76.44429400497249,76.6055681822535,76.28301982769148,76.47501373291016,755100,0.0,0.0,0.0,-0.00040098710040159524,-0.0004010675172270644,0.07301740981603469,0.0704519714190925
2013-08-23 00:00:00-04:00,76.4135635840022,76.95882549541862,76.3444486002059,76.90506744384766,991100,0.0,0.0,0.0,0.00562345385696128,0.0056077012686972395,0.0865986586108502,0.07418644800311992
2013-08-26 00:00:00-04:00,77.07396415908072,77.0970024694263,76.91269012747797,77.05860137939453,512600,0.0,0.0,0.0,0.0019964085677315335,0.001994418392508583,0.07798076998978345,0.0747583443921421
2013-08-27 00:00:00-04:00,77.31976200915919,77.54247557394908,77.2045645295524,77.49639892578125,532500,0.0,0.0,0.0,0.0056813585835959746,0.005665280533950853,0.07888983822782315,0.07814314960007902
2013-08-28 00:00:00-04:00,77.27369297808383,77.29673130443871,77.02794106498555,77.18153381347656,761700,0.0,0.0,0.0,-0.004062964430208371,-0.004071240695242504,0.06590106496585889,0.07906256981780406
2013-08-29 00:00:00-04:00,76.95878333444475,77.35813366378237,76.92038809532168,77.25829315185547,470900,0.0,0.0,0.0,0.000994529838761915,0.0009940356216104813,0.06371667453031947,0.07306670647236332
2013-08-30 00:00:00-04:00,77.31205028463229,77.35045138249859,77.11238098144531,77.11238098144531,1038200,0.0,0.0,0.0,-0.001888627931804776,-0.0018904136382480998,0.05931562535638957,0.06561544601142495
2013-09-03 00:00:00-04:00,76.78242926466538,76.85164831025712,76.35171146494699,76.67475128173828,796000,0.151,0.0,0.0,-0.005675219648740071,-0.00569138489767605,0.0712795938732981,0.0674613754484364
2013-09-04 00:00:00-04:00,76.72093581556891,76.75170180727554,76.36713571296191,76.42097473144531,824400,0.0,0.0,0.0,-0.003309779895607101,-0.0033152693329854994,0.03996328699758446,0.06788631485766441
2013-09-05 00:00:00-04:00,76.16715282723405,76.22868480509443,75.83642578125,75.83642578125,1722700,0.0,0.0,0.0,-0.0076490643079273335,-0.0076784684390157855,0.053114202375294184,0.06946662221838709
2013-09-06 00:00:00-04:00,76.38247942060593,76.59783539204093,76.17481641043936,76.2978744506836,1033900,0.0,0.0,0.0,0.006084789264259927,0.006066351688770171,0.08374545351282403,0.07392390337641497
2013-09-09 00:00:00-04:00,76.59781405977594,76.6285800282713,76.41322411681229,76.4516830444336,764300,0.0,0.0,0.0,0.002015896181346566,0.0020138669892756436,0.08986841077284574,0.07455285992762253
2013-09-10 00:00:00-04:00,76.18249771821094,76.35170176416267,76.09789276123047,76.09789276123047,1895300,0.0,0.0,0.0,-0.004627632370074908,-0.004638373009381276,0.08722276232578674,0.07547920410980762
2013-09-11 00:00:00-04:00,76.34408461807823,76.49790875278865,76.14410854854302,76.48252868652344,885300,0.0,0.0,0.0,0.005054488519147693,0.0050417574733149844,0.09603918960984231,0.07311255649969763
2013-09-12 00:00:00-04:00,76.69782696106326,76.77473897039563,76.45939797172989,76.49015808105469,796800,0.0,0.0,0.0,9.975342947310395e-05,9.974845443060707e-05,0.06789727633011916,0.07293864566641499
2013-09-13 00:00:00-04:00,76.50558206000007,76.67479208550775,76.49019612967405,76.5901870727539,1166500,0.0,0.0,0.0,0.0013077367625939917,0.0013068824196298921,0.0560023331279853,0.07097560699484998
2013-09-16 00:00:00-04:00,77.28236348040703,77.29774353401189,76.72858766247583,76.75935363769531,1855200,0.0,0.0,0.0,0.002208723746564445,0.0022062881020546918,0.05628858470245325,0.0702926013361842
2013-09-17 00:00:00-04:00,76.95164405939285,76.95933115293737,76.75936109659378,76.9131851196289,943300,0.0,0.0,0.0,0.0020040747432512607,0.0020020692644356184,0.02902538064677842,0.0688315495137787
2013-09-18 00:00:00-04:00,76.83626384332186,78.05918052262173,76.59782900795405,77.86689758300781,1341800,0.0,0.0,0.0,0.012399856564196732,0.012323608009838031,0.07914449916632438,0.07945625783635879
2013-09-19 00:00:00-04:00,77.85925580417094,77.85925580417094,76.91322060875748,77.59774780273438,1592800,0.0,0.0,0.0,-0.0034565365852224916,-0.003462524209414712,0.09204080796574012,0.07680652063100799
2013-09-20 00:00:00-04:00,77.65156382035451,77.79770077398636,77.55157877566556,77.67463684082031,300600,0.0,0.0,0.0,0.0009908668777527385,0.0009903762932105954,0.092411331952798,0.07669591179704255
2013-09-23 00:00:00-04:00,77.75154182298843,77.9745907806416,77.75154182298843,77.96690368652344,2003200,0.0,0.0,0.0,0.0037627063040162056,0.003755645032103011,0.09241230628143675,0.07541416347769694
2013-09-24 00:00:00-04:00,78.03613171165489,78.2976396420015,77.99767863261167,78.2514877319336,1149800,0.0,0.0,0.0,0.003650062166818513,0.0036434168555315016,0.09187468144117361,0.07601821869751563
2013-09-25 00:00:00-04:00,78.22073586142776,78.48224383895882,78.19766283623642,78.46685791015625,569900,0.0,0.0,0.0,0.0027522822180767736,0.0027485016246242113,0.04770899646892773,0.07420235240050409
2013-09-26 00:00:00-04:00,78.2745971866438,78.35151511655536,78.19768512474643,78.29767608642578,568100,0.0,0.0,0.0,-0.0021560927535059227,-0.002158420467934112,0.03927710130244844,0.07289912474258856
2013-09-27 00:00:00-04:00,78.32834796485662,78.56678271651442,78.32834796485662,78.40526580810547,2349400,0.0,0.0,0.0,0.001374111302625769,0.0013731680756567887,0.03887187772789503,0.07292996687226308
2013-09-30 00:00:00-04:00,78.49756707482334,78.53602600097656,78.32835718856234,78.53602600097656,3785200,0.0,0.0,0.0,0.0016677475871471614,0.0016663584404228804,0.035133445679186665,0.07231522995496577
2013-10-01 00:00:00-04:00,78.4536137085931,78.48442584822773,78.30726339134698,78.3611831665039,1937000,0.153,0.0,0.0,-0.0022262755499047326,-0.0022287573855009086,0.03676160353093762,0.06910527026398343
2013-10-02 00:00:00-04:00,78.46900357616894,78.6846826241869,78.46129907393593,78.49211120605469,799900,0.0,0.0,0.0,0.0016708277524675186,0.0016694334726298924,0.03276888918791998,0.06712553483610385
2013-10-03 00:00:00-04:00,78.43825431723636,78.78488079699191,78.39973765201107,78.60001373291016,651800,0.0,0.0,0.0,0.0013746926308582097,0.001373748606007174,0.026711763590983987,0.058125822313937515
2013-10-04 00:00:00-04:00,78.50756585265435,78.53837800499294,78.29188666310145,78.38432312011719,1160900,0.0,0.0,0.0,-0.002744154899589568,-0.002747926995035894,0.03543989627552283,0.057937279620727984
2013-10-07 00:00:00-04:00,78.61539554121521,78.6308045538514,78.42282402097761,78.4536361694336,454400,0.0,0.0,0.0,0.0008842718359662882,0.0008838810979551263,0.033424685040927625,0.05790560987306531
2013-10-08 00:00:00-04:00,78.41516876220703,78.56922371287696,78.3381354100524,78.41516876220703,818100,0.0,0.0,0.0,-0.0004903202592609901,-0.0004904405055470442,0.028769111804876703,0.054020747511895714
2013-10-09 00:00:00-04:00,78.40744414938595,78.43825630698419,78.21487257201055,78.27649688720703,506500,0.0,0.0,0.0,-0.0017684317612134404,-0.0017699972826112362,0.027568704656522128,0.053503730390337394
2013-10-10 00:00:00-04:00,78.00687655548886,78.16864182010323,77.94525812929248,78.10701751708984,649100,0.0,0.0,0.0,-0.0021651373893417647,-0.002167484688060632,0.023101020330196575,0.05469278444314543
2013-10-11 00:00:00-04:00,78.33035845390276,78.43819798690708,78.18400228333384,78.22251892089844,850100,0.0,0.0,0.0,0.0014787583431068452,0.0014776660566740499,0.025318246983487364,0.054706755878104425
2013-10-14 00:00:00-04:00,78.22251726633891,78.33035679706221,77.89899279735532,77.96061706542969,183200,0.0,0.0,0.0,-0.0033481644299079294,-0.003353782075137608,0.029197231921646843,0.05668039422818125
2013-10-15 00:00:00-04:00,78.1147106832026,78.15322145938208,77.92983780100296,77.97605895996094,368100,0.0,0.0,0.0,0.00019807301574181757,0.00019805340187197787,0.03070840278577747,0.05652658354052485
2013-10-16 00:00:00-04:00,77.8990436970142,78.36122013274688,77.7989086035748,78.353515625,2339600,0.0,0.0,0.0,0.00484067379236075,0.004828995403329586,0.051042419488056316,0.039594173331277474
2013-10-17 00:00:00-04:00,78.64621694954177,78.8850096589872,78.60000165982457,78.80027770996094,2950500,0.0,0.0,0.0,0.005701876698157804,0.005685682528163226,0.05813191089677036,0.0413329366847172
2013-10-18 00:00:00-04:00,78.90041986296764,78.92352750989576,78.78487575150938,78.8079833984375,582600,0.0,0.0,0.0,9.778758020284606e-05,9.778279930909724e-05,0.05938729668781373,0.04139186195854304
2013-10-21 00:00:00-04:00,78.78487862325164,78.79258313144773,78.65393136800742,78.75406646728516,321700,0.0,0.0,0.0,-0.0006841557013297361,-0.0006843898426403996,0.04751665060134177,0.04005555763410402
2013-10-22 00:00:00-04:00,79.14689423235542,79.31635810920193,79.12378659038842,79.30094909667969,484700,0.0,0.0,0.0,0.006944182744159644,0.006920182949084758,0.054714317557495555,0.04489938382437258
2013-10-23 00:00:00-04:00,79.35485090548357,79.57823452190767,79.35485090548357,79.43958282470703,280800,0.0,0.0,0.0,0.0017481975891402435,0.0017466712703472183,0.05391220964997127,0.044420719478468096
2013-10-24 00:00:00-04:00,79.50123097352309,79.51663998717953,79.27014866002764,79.27784729003906,591200,0.0,0.0,0.0,-0.0020359564957038723,-0.002038031872526467,0.05529452721114683,0.04432308247206674
2013-10-25 00:00:00-04:00,79.34719621645853,79.44733132334761,79.32408856693169,79.41651916503906,552800,0.0,0.0,0.0,0.0017491881999855963,0.0017476601519423522,0.05443043194469463,0.04442693102842411
2013-10-28 00:00:00-04:00,79.33953094482422,79.43196746546411,79.3087187712776,79.33953094482422,600800,0.0,0.0,0.0,-0.0009694232512866829,-0.0009698934459097122,0.05519847829372558,0.04460732250451588
2013-10-29 00:00:00-04:00,79.27011081963332,79.44727325439453,79.24699731018212,79.44727325439453,274700,0.0,0.0,0.0,0.0013579902513569664,0.0013570690165198805,0.02790528386971958,0.043488601003793086
2013-10-30 00:00:00-04:00,79.49360059458664,79.64766149072906,79.15467837671785,79.23941040039062,1753100,0.0,0.0,0.0,-0.0026163623430890404,-0.0026197910007571463,0.031318922565054017,0.0448501420090776
2013-10-31 00:00:00-04:00,79.42423045150528,79.43963359356484,79.0005705846324,79.14692687988281,893000,0.0,0.0,0.0,-0.0011671404423695408,-0.0011678220812061013,0.02917353854697916,0.045082826329825736
2013-11-01 00:00:00-04:00,78.98563961430916,79.01650011423929,78.6847570975386,78.70790100097656,680100,0.161,0.0,0.0,-0.005546973157562252,-0.005562414742345779,0.04029190567104936,0.048595611675730684
2013-11-04 00:00:00-05:00,78.85448128003476,78.9393461772802,78.8236207823057,78.86219787597656,437000,0.0,0.0,0.0,0.0019603733937472168,0.001958454369419293,0.04856314130975806,0.048942400324567537
2013-11-05 00:00:00-05:00,78.63847694168446,78.6847647530639,78.43788661564176,78.50732421875,656900,0.0,0.0,0.0,-0.0044999209606694235,-0.0045100760812738765,0.046883136313573444,0.05175117098522221
2013-11-06 00:00:00-05:00,78.63074220254482,78.77732808614446,78.63074220254482,78.74646759033203,692700,0.0,0.0,0.0,0.003046128166535045,0.003041498118229044,0.06034176083367935,0.05230923604114094
2013-11-07 00:00:00-05:00,78.81595523529109,79.01653975641129,78.79280543420047,78.95481872558594,415000,0.0,0.0,0.0,0.0026458473837560614,0.0026423532914333528,0.06640493711375976,0.05208378821672162
2013-11-08 00:00:00-05:00,78.17559000621115,78.22959442093781,78.04443726845207,78.06758117675781,2497700,0.0,0.0,0.0,-0.011237281816981803,-0.011300897092462955,0.09836281383113692,0.06659701585283923
2013-11-11 00:00:00-05:00,78.11383369383242,78.12155028846045,78.02896881103516,78.02896881103516,144000,0.0,0.0,0.0,-0.0004946017942484282,-0.0004947241500624652,0.0941935792900445,0.06550720499989865
2013-11-12 00:00:00-05:00,77.99039592890236,78.11383790545833,77.9055369275669,77.95954132080078,1052100,0.0,0.0,0.0,-0.0008897655741486599,-0.0008901616504979588,0.09187629297149766,0.06558877466438347
2013-11-13 00:00:00-05:00,78.1987044467697,78.32214053989898,78.167843951978,78.2835693359375,1122700,0.0,0.0,0.0,0.004156361231056449,0.004147747421535481,0.09551636299017749,0.06496055448293704
2013-11-14 00:00:00-05:00,78.34533403441485,78.68478789442999,78.34533403441485,78.6616439819336,694100,0.0,0.0,0.0,0.004829552985424979,0.004817928108021424,0.10203895564374232,0.06400526545964139
2013-11-15 00:00:00-05:00,78.66936743915328,78.68479475348208,78.53049806602868,78.59992980957031,359200,0.0,0.0,0.0,-0.0007845522829075247,-0.0007848602051144133,0.04556666375217516,0.06404931894303668
2013-11-18 00:00:00-05:00,78.64621764481483,78.90080657147497,78.64621764481483,78.8776626586914,2853000,0.0,0.0,0.0,0.003533499963600084,0.0035272718197224776,0.04417103202654138,0.06529799975361761
2013-11-19 00:00:00-05:00,78.72334197664509,78.76962978809708,78.561328750524,78.58447265625,559100,0.0,0.0,0.0,-0.003717021936996967,-0.0037239472293389355,0.05868211337291214,0.06129096169776437
2013-11-20 00:00:00-05:00,78.59989786893041,78.77734428483012,78.12157480057621,78.15243530273438,1562700,0.0,0.0,0.0,-0.00549774451507079,-0.0055129127319799055,0.0709626458097402,0.063216071309573
2013-11-21 00:00:00-05:00,77.99040437548372,78.26043225693532,77.89011217319812,78.22185516357422,804800,0.0,0.0,0.0,0.0008882622860175715,0.0008878680145335765,0.057076402698276414,0.06331534543263982
2013-11-22 00:00:00-05:00,78.2990393464731,78.46876921738341,78.26817883484934,78.44562530517578,807900,0.0,0.0,0.0,0.002860711256893911,0.002856627209445946,0.06387048436861134,0.0639961954595811
2013-11-25 00:00:00-05:00,78.4070261127091,78.56903933857622,78.39159880426232,78.50732421875,487400,0.0,0.0,0.0,0.0007865182199031651,0.0007862090765353529,0.0557043776991328,0.06416764456178203
2013-11-26 00:00:00-05:00,78.57674963149834,78.75419603761456,78.54588913104168,78.67704772949219,425400,0.0,0.0,0.0,0.002161881231224738,0.002159547728560985,0.05277073783913308,0.06454193370047918
2013-11-27 00:00:00-05:00,78.64619682442296,78.65390753594893,78.30673716402171,78.4996109008789,476900,0.0,0.0,0.0,-0.0022552552966063066,-0.0022578022148538584,0.031152801233359693,0.0643958992548702
2013-11-29 00:00:00-05:00,78.35304811259552,78.51506139306841,78.34533739879281,78.4533462524414,652100,0.0,0.0,0.0,-0.0005893615000960306,-0.0005895352418527504,0.03287200934591786,0.06434451325749332
2013-12-02 00:00:00-05:00,78.27871308634589,78.3018943871038,78.05461735310347,78.1164321899414,2912200,0.164,0.0,0.0,-0.004294451143178835,-0.0043036987836795985,0.04020345260593236,0.06316680323578827
2013-12-03 00:00:00-05:00,78.31732914144021,78.38687892373949,78.22460395910547,78.25550842285156,477200,0.0,0.0,0.0,0.0017803710309245435,0.001778788049005608,0.04323826596415409,0.06308191822901453
2013-12-04 00:00:00-05:00,77.8691293169147,77.99277074066215,77.8227667307832,77.90003967285156,943600,0.0,0.0,0.0,-0.004542411865491092,-0.00455275996705276,0.04205446689979675,0.06311890743333273
2013-12-05 00:00:00-05:00,77.77640554992725,77.8768597868764,77.66822224996734,77.70685577392578,374100,0.0,0.0,0.0,-0.0024798947437906227,-0.0024829747759181364,0.04217708171114941,0.06218074546221632
2013-12-06 00:00:00-05:00,77.66050058984732,77.90004850608634,77.62959023040547,77.77641296386719,415600,0.0,0.0,0.0,0.0008951229495601787,0.000894722565923338,0.04645997691752538,0.06125096716408026
2013-12-09 00:00:00-05:00,77.82278565698782,77.93096898130281,77.77642305958109,77.86914825439453,540900,0.0,0.0,0.0,0.0011923318007791561,0.0011916215377409916,0.043608586956731595,0.04731519983345671
2013-12-10 00:00:00-05:00,78.1241452847539,78.22460542823421,78.02369103682189,78.19369506835938,334700,0.0,0.0,0.0,0.004167848515622241,0.004159187092989092,0.053984756428640535,0.049665646631040825
2013-12-11 00:00:00-05:00,78.0700229674463,78.13184366291638,77.89229583740234,77.89229583740234,371700,0.0,0.0,0.0,-0.003854520888078472,-0.0038619686983704955,0.05057458445344909,0.05153698752117858
2013-12-12 00:00:00-05:00,77.74550109874804,77.80732181643447,77.64504685416868,77.66822814941406,1156200,0.0,0.0,0.0,-0.0028766347888373733,-0.0028807802545942544,0.05185459286283333,0.04996770756443274
2013-12-13 00:00:00-05:00,77.78414154052734,77.83050413162567,77.69913952648162,77.78414154052734,434000,0.0,0.0,0.0,0.001492417090940945,0.0014913045433400916,0.05273905644062331,0.046637595975300546
2013-12-16 00:00:00-05:00,77.93871456567825,77.94644363206727,77.67597936840406,77.74552917480469,572400,0.0,0.0,0.0,-0.0004964040864620101,-0.0004965273357598626,0.05173589780098701,0.046630135224927205
2013-12-17 00:00:00-05:00,77.73773851695631,77.99274444580078,77.73773851695631,77.99274444580078,694800,0.0,0.0,0.0,0.0031798004801053548,0.00317475560619132,0.04656081454242461,0.04623533116167117
2013-12-18 00:00:00-05:00,77.77638486138649,78.0777533876175,77.39001435129073,77.69911193847656,1997700,0.0,0.0,0.0,-0.0037648695325533943,-0.0037719744922890463,0.04615784503747157,0.046278955800359955
2013-12-19 00:00:00-05:00,77.3590900127591,77.44409198125139,77.2740880442668,77.37454223632812,978700,0.0,0.0,0.0,-0.00417726398733409,-0.004186013128024774,0.05105301985660408,0.04461878833502312
2013-12-20 00:00:00-05:00,77.4750268450733,77.62957271185816,77.41320614014059,77.61412048339844,510500,0.0,0.0,0.0,0.0030963446134331107,0.0030915608107744716,0.05647928531281303,0.046188370671400455
2013-12-23 00:00:00-05:00,77.49045676779237,77.56772967894167,77.35136316950552,77.3668212890625,5238400,0.0,0.0,0.0,-0.003186265499057428,-0.003191352451433913,0.05980165008843686,0.04553382299350767
2013-12-24 00:00:00-05:00,77.15050975328158,77.20460731886703,77.04232641321043,77.06551361083984,770600,0.0,0.0,0.0,-0.003894533511941689,-0.0039021369552429217,0.04898135044807619,0.04654354604233667
2013-12-26 00:00:00-05:00,77.00663725399998,77.06081798797285,76.96019831209668,76.9989013671875,787500,0.164,0.0,0.0,-0.000864358654491304,-0.0008647324278314364,0.04815608954143765,0.04510113594451604
2013-12-27 00:00:00-05:00,76.991187199837,77.0918069118159,76.92152285672913,76.95248413085938,640400,0.0,0.0,0.0,-0.0006028298521659758,-0.0006030116271378978,0.04352732938065698,0.044907924150345425
2013-12-30 00:00:00-05:00,77.05311462157397,77.16921202533133,77.04537282623694,77.1614761352539,1328000,0.0,0.0,0.0,0.0027158578017980606,0.002712176523710509,0.041245728336071506,0.0467929683928859
2013-12-31 00:00:00-05:00,77.02212028733061,77.114998170473,76.7666942981749,76.8131332397461,1553600,0.0,0.0,0.0,-0.0045144664534050305,-0.004524687430189627,0.04613185990055981,0.04701527438599043
2014-01-02 00:00:00-05:00,76.92929708109567,77.15376198421868,76.92155528298476,77.11505889892578,1161800,0.0,0.0,0.0,0.003930651523318618,0.003922946696014364,0.05278627497490774,0.04917286766509944
2014-01-03 00:00:00-05:00,77.02209592419229,77.20011574740982,76.99887646075132,77.06853485107422,637500,0.0,0.0,0.0,-0.0006033069093877019,-0.0006034889722313564,0.052507340480163145,0.04706418536367289
2014-01-06 00:00:00-05:00,77.13821209601973,77.37815446552965,77.13821209601973,77.28527069091797,666200,0.0,0.0,0.0,0.0028122480888286283,0.002808301117349133,0.05482465458677971,0.04790104715916824
2014-01-07 00:00:00-05:00,77.33948483254919,77.44011044150321,77.28530408359654,77.40914916992188,1055700,0.0,0.0,0.0,0.001602873068780708,0.0016015898387969148,0.05300062516104275,0.04819389517907468
2014-01-08 00:00:00-05:00,77.15372179319871,77.20016074714977,76.98343775503332,77.02987670898438,1216700,0.0,0.0,0.0,-0.004899581832438882,-0.004911624134437111,0.0553798800883301,0.05059691599507157
2014-01-09 00:00:00-05:00,77.1459599927434,77.26980504484081,77.01437905383273,77.2311019897461,806100,0.0,0.0,0.0,0.0026123017374406476,0.00260889560785955,0.05095142236477131,0.04895310859827243
2014-01-10 00:00:00-05:00,77.63359478548198,77.91997614267414,77.62585299318408,77.88127899169922,713300,0.0,0.0,0.0,0.00841859024670466,0.008383351551131424,0.07527228259006195,0.056917082534285186
2014-01-13 00:00:00-05:00,77.95870172651601,78.15220525307895,77.94321813744594,78.10576629638672,581600,0.0,0.0,0.0,0.0028824296107339276,0.002878283376078998,0.07531521074846352,0.0567287448154946
2014-01-14 00:00:00-05:00,77.94323414503111,78.00515670351075,77.79617545021722,77.81165313720703,366700,0.0,0.0,0.0,-0.003765575489825146,-0.003772683117693121,0.08646945046107914,0.05829552215444719
2014-01-15 00:00:00-05:00,77.60266634174316,77.78068630308316,77.57944686028661,77.74198913574219,997300,0.0,0.0,0.0,-0.0008952900838902211,-0.0008956910954230088,0.07268752247070434,0.058359917248267494
2014-01-16 00:00:00-05:00,77.92774844074239,77.99740688292029,77.87356768396194,77.95870971679688,333300,0.0,0.0,0.0,0.0027876901975878443,0.0027838117954527694,0.07281388255539474,0.05809291147313401
2014-01-17 00:00:00-05:00,77.94325531533254,78.14450073242188,77.87359684706804,78.14450073242188,754400,0.0,0.0,0.0,0.002383197673485382,0.0023803623617553032,0.04657931019140825,0.056917282351612954
2014-01-21 00:00:00-05:00,78.02060613053227,78.11348402232029,78.00512254506253,78.0593032836914,1927100,0.0,0.0,0.0,-0.0010902552058295045,-0.0010908499663695725,0.0431492319216308,0.05471454166934147
2014-01-22 00:00:00-05:00,77.88122469673083,77.96636663687909,77.82704399893223,77.84252166748047,1150900,0.0,0.0,0.0,-0.0027771400344567265,-0.0027810034423164627,0.03816509471973275,0.05491329023759245
2014-01-23 00:00:00-05:00,78.09802325015865,78.46954670825995,78.09802325015865,78.36892700195312,1080200,0.0,0.0,0.0,0.006762439386551522,0.006739676656753763,0.0589020964891746,0.05815013498395951
2014-01-24 00:00:00-05:00,78.63981155882114,78.75591482561063,78.52370829203164,78.6862564086914,564300,0.0,0.0,0.0,0.004049173810053208,0.004040997968618717,0.0611256438070754,0.05673541948158286
2014-01-27 00:00:00-05:00,78.55465815042824,78.70946445208826,78.43081901435683,78.44629669189453,758600,0.0,0.0,0.0,-0.0030495759710633674,-0.00305423540313768,0.0697818812204551,0.05822269200360725
2014-01-28 00:00:00-05:00,78.55468191231574,78.57016549979365,78.41535915130649,78.56242370605469,452700,0.0,0.0,0.0,0.0014803377476984014,0.0014792431279129375,0.06780215960834082,0.057960485550691235
2014-01-29 00:00:00-05:00,78.80232737681087,79.05001150721766,78.65526879970574,78.93391418457031,1420200,0.0,0.0,0.0,0.0047286025683930255,0.004717457846100539,0.059893272781393524,0.059159308443037115
2014-01-30 00:00:00-05:00,78.74817538772608,78.8797622434927,78.67077517597123,78.85653686523438,685400,0.0,0.0,0.0,-0.0009802797711894184,-0.0009807605596347923,0.05231939666144385,0.05591819061937173
2014-01-31 00:00:00-05:00,79.11197220895751,79.16615295410156,78.98813303659611,79.16615295410156,670500,0.0,0.0,0.0,0.003926321154533063,0.003918633272454333,0.0519103362094365,0.055915510693048315
2014-02-03 00:00:00-05:00,79.05376200098065,79.60425336179671,78.97622908959762,79.59650421142578,4629800,0.175,0.0,0.0,0.005436051156530564,0.005421329159362856,0.04192420602368542,0.057254832853613116
2014-02-04 00:00:00-05:00,79.33286560180308,79.38713921789201,79.27083692187844,79.35612487792969,2617300,0.0,0.0,0.0,-0.003019973501067197,-0.003024542822846819,0.05994754582430787,0.05935017182505829
2014-02-05 00:00:00-05:00,79.24753119382329,79.27854551560618,79.06920623779297,79.06920623779297,817600,0.0,0.0,0.0,-0.0036155827994130973,-0.003622134816577421,0.06521612203416637,0.061868762423744186
2014-02-06 00:00:00-05:00,78.97624782451012,78.9917520443119,78.85994547215512,78.9219741821289,885900,0.0,0.0,0.0,-0.0018620656848542527,-0.0018638014842779983,0.06663373553063293,0.05884818763195038
2014-02-07 00:00:00-05:00,78.9916717175031,79.24753544941905,78.97616751346759,79.13123321533203,1065800,0.0,0.0,0.0,0.0026514672924959903,0.0026479583542824503,0.06260237596882628,0.058860635490752634
2014-02-10 00:00:00-05:00,79.04591802977443,79.193234536478,79.04591802977443,79.16997528076172,589300,0.0,0.0,0.0,0.0004895925901251541,0.0004894727787772384,0.04138910401799725,0.05237553827786878
2014-02-11 00:00:00-05:00,78.89089902422404,78.94517262477544,78.78235182312126,78.82112121582031,625800,0.0,0.0,0.0,-0.004406393505925199,-0.004416130270996289,0.04637180520395686,0.0549091062084043
2014-02-12 00:00:00-05:00,78.71253497362052,78.71253497362052,78.52645498080913,78.63500213623047,743500,0.0,0.0,0.0,-0.002361284345096193,-0.002364076573337957,0.04325920350763013,0.05368790428331668
2014-02-13 00:00:00-05:00,78.92193707934855,79.02272924913402,78.87541852642919,79.0072250366211,941400,0.0,0.0,0.0,0.004733552365723481,0.00472238433582647,0.05855488433807436,0.05539420335100932
2014-02-14 00:00:00-05:00,78.96841558160273,79.00718496629312,78.86762346293632,78.95291137695312,463400,0.0,0.0,0.0,-0.0006874518076390723,-0.000687688210983132,0.054481270083054784,0.05512420387257692
2014-02-18 00:00:00-05:00,79.06923378881326,79.21654447438988,79.03046439423152,79.14676666259766,1003600,0.0,0.0,0.0,0.0024553278943570955,0.002452318501846342,0.05826481413396366,0.05515505089803998
2014-02-19 00:00:00-05:00,79.3095917082381,79.32509591767145,78.95293573747692,78.99169921875,907200,0.0,0.0,0.0,-0.0019592391500805606,-0.001961160969717282,0.048521722982700584,0.055601715646419754
2014-02-20 00:00:00-05:00,78.89866869900767,79.03823025704274,78.75135207792069,78.90641784667969,842900,0.0,0.0,0.0,-0.0010796244784422315,-0.0010802076927555442,0.044557681519334924,0.05455092602532754
2014-02-21 00:00:00-05:00,78.82114490956307,79.01498010056785,78.80563478166957,79.0072250366211,405000,0.0,0.0,0.0,0.0012775537490155031,0.001276738371609782,0.028769197518263293,0.04970482025614214
2014-02-24 00:00:00-05:00,79.0071745674312,79.01492962642409,78.81333950024683,78.92964172363281,1531100,0.0,0.0,0.0,-0.0009819774451300667,-0.00098245990084772,0.029284789928437402,0.04799868079483833
2014-02-25 00:00:00-05:00,79.07696198961122,79.21652349160787,79.04594766523668,79.20101928710938,402600,0.0,0.0,0.0,0.003438221149245413,0.00343232398022485,0.034892703105675854,0.04777110954707851
2014-02-26 00:00:00-05:00,79.20102568903413,79.43362426757812,79.17001136215266,79.43362426757812,486000,0.0,0.0,0.0,0.0029368937743785573,0.0029325895272093987,0.033634404136318935,0.04844934070047223
2014-02-27 00:00:00-05:00,79.480222452042,79.58101467138157,79.45696316414698,79.52674102783203,559400,0.0,0.0,0.0,0.0011722587394507045,0.0011715721806718992,0.02762683287872378,0.04596811094290751
2014-02-28 00:00:00-05:00,79.37941971618733,79.51898135085139,79.20884964304959,79.44920349121094,609900,0.0,0.0,0.0,-0.0009749869744311024,-0.0009754625833980865,0.03318991415147237,0.0459660402111071
2014-03-03 00:00:00-05:00,79.67902466574762,79.8576449720134,79.5470043100169,79.84210968017578,2540500,0.166,0.0,0.0,0.004945376060419671,0.004933187855218991,0.03610924766925003,0.0471366875749359
2014-03-04 00:00:00-05:00,79.55477551677347,79.55477551677347,79.21307018078494,79.22859954833984,1080200,0.0,0.0,0.0,-0.007684042096250732,-0.007713716458156819,0.07712630036476087,0.051461958359915204
2014-03-05 00:00:00-05:00,79.11985336494249,79.32177063474725,79.0654917067231,79.31400299072266,614700,0.0,0.0,0.0,0.0010779370438158686,0.0010773564868457744,0.07384617520666613,0.05055965574669561
2014-03-06 00:00:00-05:00,78.97232818603516,79.06551624334406,78.9101988645104,78.97232818603516,534700,0.0,0.0,0.0,-0.004307874925030153,-0.0043171805528181735,0.07717072056001568,0.05126709529373838
2014-03-07 00:00:00-05:00,78.5684706721294,78.72379393077077,78.5529413087535,78.63059997558594,645100,0.0,0.0,0.0,-0.004327189261081554,-0.004336578640737315,0.07966760494521803,0.05313154310553509
2014-03-10 00:00:00-04:00,78.65392749617145,78.77041850409991,78.63063047958151,78.71605682373047,1013900,0.0,0.0,0.0,0.001086814143235193,0.0010862239882980095,0.06076060728076037,0.052309709294458794
2014-03-11 00:00:00-04:00,78.68497021206817,78.85582285270954,78.6150791817933,78.79369354248047,1571000,0.0,0.0,0.0,0.0009862882095816872,0.0009858021469378228,0.04667707680191101,0.052433403637109334
2014-03-12 00:00:00-04:00,79.03446550751805,79.15095652465675,78.97234210002611,79.10436248779297,819000,0.0,0.0,0.0,0.003942814854148269,0.003935062330822512,0.05811570687186987,0.05199326809979466
2014-03-13 00:00:00-04:00,78.8946542803992,79.57806488673131,78.88689255985634,79.57029724121094,1638900,0.0,0.0,0.0,0.005890127153099334,0.005872848171226699,0.06129188100851213,0.05480846377015545
2014-03-14 00:00:00-04:00,79.67908840719014,79.68685605932289,79.4383445159177,79.57813262939453,1314400,0.0,0.0,0.0,9.847126949691365e-05,9.846642151971052e-05,0.038543793622463456,0.0525934859309212
2014-03-17 00:00:00-04:00,79.41495917030655,79.4693208248173,79.2441065632796,79.25963592529297,1085400,0.0,0.0,0.0,-0.004002314374287219,-0.0040103450692016126,0.060279173054094665,0.054745737767969566
2014-03-18 00:00:00-04:00,79.27525054697546,79.45386505126953,79.25971524443916,79.45386505126953,861200,0.0,0.0,0.0,0.002450542747378215,0.002447545063802233,0.06056758487107493,0.05474312523142211
2014-03-19 00:00:00-04:00,79.33733824936311,79.38393228254299,78.599565815802,78.71605682373047,1355500,0.0,0.0,0.0,-0.009285995427195104,-0.009329379065107429,0.09332732342253278,0.06397430289999546
2014-03-20 00:00:00-04:00,78.68493523636779,78.79365851845225,78.6150442371597,78.73152923583984,1748100,0.0,0.0,0.0,0.00019655979648502964,0.00019654048113927134,0.0736378138422803,0.06389318414347846
2014-03-21 00:00:00-04:00,78.72381013680298,78.90242451478939,78.71604249102775,78.8791275024414,466500,0.0,0.0,0.0,0.0018747034134118934,0.0018729483501075408,0.07794537817766155,0.06409917150225761
2014-03-24 00:00:00-04:00,78.68495724007035,78.98783017128403,78.677189596328,78.91017150878906,1222600,0.0,0.0,0.0,0.0003935642714443244,0.0003934868453405449,0.07618210866821891,0.06402648723895057
2014-03-25 00:00:00-04:00,78.84808164810404,78.9878696805065,78.78595231704091,78.86361694335938,739400,0.0,0.0,0.0,-0.000589969132490098,-0.0005901432327579671,0.07068204871754404,0.06273729063255679
2014-03-26 00:00:00-04:00,78.8946309297496,79.197509765625,78.88686921150399,79.197509765625,830000,0.0,0.0,0.0,0.00423380051799338,0.004224863201576813,0.03024294699261757,0.06375957014203104
2014-03-27 00:00:00-04:00,79.0888271516078,79.36064149978503,79.0888271516078,79.27521514892578,303600,0.0,0.0,0.0,0.0009811594269912849,0.0009806784046946927,0.029057079457544502,0.06371094893789679
2014-03-28 00:00:00-04:00,79.1975762930511,79.23640269182125,78.93352952650257,78.99565887451172,661600,0.0,0.0,0.0,-0.0035264019642065048,-0.00353263437591954,0.044463433653743376,0.0647834407140731
2014-03-31 00:00:00-04:00,78.78597288266158,79.02672262212968,78.731611185036,79.00342559814453,1982900,0.0,0.0,0.0,9.83183600651305e-05,9.831352713194234e-05,0.044473039500034964,0.06181657228780565
2014-04-01 00:00:00-04:00,78.89442919194626,78.90998761124348,78.78550244867874,78.8399658203125,2562600,0.19,0.0,0.0,-0.002069021394888404,-0.0020711647766334285,0.047356776902331144,0.05613900231081654
2014-04-02 00:00:00-04:00,78.62217185693915,78.64551247158683,78.47434004941482,78.4976806640625,806800,0.0,0.0,0.0,-0.004341518323715654,-0.004350970080965192,0.03623993056570874,0.0577252837259117
2014-04-03 00:00:00-04:00,78.55992909547342,78.67663810899023,78.5132478644935,78.5521469116211,298000,0.0,0.0,0.0,0.000693858049025442,0.0006936174408215362,0.03489766111176511,0.056068240707059784
2014-04-04 00:00:00-04:00,78.7777720320732,79.07342968148134,78.7777720320732,79.03453063964844,731900,0.0,0.0,0.0,0.006140936269635855,0.0061221575605250435,0.06213263830959192,0.05826842793087476
2014-04-07 00:00:00-04:00,79.1590068582914,79.29905645226705,79.14344843054546,79.22125244140625,1751700,0.0,0.0,0.0,0.002362534454834142,0.002359748058084947,0.06416448713023708,0.058682246110421485
2014-04-08 00:00:00-04:00,79.20569969742627,79.36130773031422,79.0967728871915,79.33018493652344,666100,0.0,0.0,0.0,0.0013750413148005958,0.0013740968112137218,0.059792827187224146,0.058756402957174304
2014-04-09 00:00:00-04:00,79.14345639857515,79.41577343203714,79.0734286265043,79.30684661865234,1350500,0.0,0.0,0.0,-0.00029419215258064124,-0.00029423543558118213,0.03938606293754569,0.057221004979684846
2014-04-10 00:00:00-04:00,79.36130400334513,79.82035183405296,79.36130400334513,79.64140319824219,1056600,0.0,0.0,0.0,0.004218508159813172,0.004209635199284272,0.03965621866845832,0.05526494905909185
2014-04-11 00:00:00-04:00,79.84366112082346,79.8670017201619,79.70361158872988,79.80475616455078,918500,0.0,0.0,0.0,0.0020511060798611425,0.002049005433727323,0.02595523113256674,0.055720230170400835
2014-04-14 00:00:00-04:00,79.70365372202842,79.77367555705901,79.59472691015904,79.68031311035156,1468600,0.0,0.0,0.0,-0.0015593438308693086,-0.001560560872816521,0.0352330713695586,0.05395354821424306
2014-04-15 00:00:00-04:00,79.61802790646023,79.9370260007642,79.56356452762476,79.77363586425781,614300,0.0,0.0,0.0,0.0011712146986295746,0.0011705293617599796,0.03518373008832051,0.05345667454838866
2014-04-16 00:00:00-04:00,79.57913454602226,79.69584349940996,79.55579394255751,79.64916229248047,1405500,0.0,0.0,0.0,-0.001560334694900245,-0.0015615532848507136,0.039292469893111956,0.04079683361287238
2014-04-17 00:00:00-04:00,79.60249088498877,79.60249088498877,79.08897969906361,79.19790649414062,584600,0.0,0.0,0.0,-0.005665543558170505,-0.00568165362708869,0.04785722299474273,0.04646443831054443
2014-04-21 00:00:00-04:00,79.26790580380249,79.33015136504255,79.13563843821495,79.18231964111328,1021100,0.0,0.0,0.0,-0.00019680890212037117,-0.00019682827153377175,0.04060686138262222,0.04611346400084703
2014-04-22 00:00:00-04:00,79.05782338264194,79.16675013152512,78.9877956520384,79.15119171142578,482800,0.0,0.0,0.0,-0.00039311717348755604,-0.0003931944643004958,0.04144731300595746,0.046153259307613895
2014-04-23 00:00:00-04:00,79.26794467912586,79.41577647555619,79.2368218832423,79.35353088378906,306400,0.0,0.0,0.0,0.002556362930086875,0.002553100992320254,0.04744390193197058,0.04682471729027527
2014-04-24 00:00:00-04:00,79.17457690363548,79.39243052410501,79.1667947211713,79.33018493652344,345700,0.0,0.0,0.0,-0.0002942017450970891,-0.00029424503092054954,0.04744055063154915,0.04449782918484153
2014-04-25 00:00:00-04:00,79.46244278136518,79.62583297702572,79.42354374586424,79.43910217285156,388900,0.0,0.0,0.0,0.001372960827146441,0.0013720191782295118,0.020766499942087572,0.044623756034322566
2014-04-28 00:00:00-04:00,79.41573314383488,79.49353712305832,79.21343804900349,79.3223648071289,574900,0.0,0.0,0.0,-0.0014695202051585587,-0.0014706010089470141,0.025339933878724064,0.04296908647592781
2014-04-29 00:00:00-04:00,79.19792015088704,79.3924331665039,79.1745795387836,79.3924331665039,760100,0.0,0.0,0.0,0.0008833367429901262,0.000882946830688382,0.024576198844458264,0.043032365109112014
2014-04-30 00:00:00-04:00,79.5013715284875,79.64142115751746,79.36132189945754,79.6025161743164,544700,0.0,0.0,0.0,0.0026461338874941287,0.0026426390390858075,0.025028258039259534,0.042918225386659146
2014-05-01 00:00:00-04:00,79.65240859501947,79.98760687160538,79.59784171033544,79.83170318603516,21829500,0.194,0.0,0.0,0.0028791428051955226,0.0028750060119260403,0.027664350305311065,0.03967968684081202
2014-05-02 00:00:00-04:00,79.59786019773134,80.08896227395084,79.51211136654838,79.94864654541016,1343700,0.0,0.0,0.0,0.0014648736618143587,0.0014638017810440758,0.027695168118107225,0.03973484791920096
2014-05-05 00:00:00-04:00,80.06555611749248,80.06555611749248,79.83949161760691,79.90185546875,929400,0.0,0.0,0.0,-0.0005852641499513034,-0.0005854354838675732,0.022360699401231064,0.03479994348635875
2014-05-06 00:00:00-04:00,79.91741882334355,80.01876153704826,79.86285195724962,79.99537658691406,566300,0.0,0.0,0.0,0.0011704498927518348,0.0011697654502944546,0.021985887317930396,0.03422816906545632
2014-05-07 00:00:00-04:00,79.94860551909997,80.11230612716876,79.83947178038743,80.0577392578125,1107600,0.0,0.0,0.0,0.000779578440144979,0.000779274726708191,0.01982330156120048,0.03408859844922145
2014-05-08 00:00:00-04:00,80.13567211823828,80.2759877311618,80.01874144957851,80.14346313476562,1444300,0.0,0.0,0.0,0.0010707756395302859,0.0010702027682031514,0.012724385706034558,0.03403300235829468
2014-05-09 00:00:00-04:00,80.01097017878313,80.13569785136356,80.01097017878313,80.08113098144531,354500,0.0,0.0,0.0,-0.0007777571729773447,-0.0007780597830023223,0.014895939106689467,0.03136131468442999
2014-05-12 00:00:00-04:00,79.93302271420137,79.98758958709404,79.83168593521302,79.87065887451172,759600,0.0,0.0,0.0,-0.0026282359446492265,-0.0026316958203156087,0.025850494590519663,0.032237208904371026
2014-05-13 00:00:00-04:00,80.07333086406744,80.18246459960938,80.04214894714939,80.18246459960938,603700,0.0,0.0,0.0,0.003903883221841875,0.003896282843973662,0.03839882955211946,0.034395687960151744
2014-05-14 00:00:00-04:00,80.37734581719043,80.66577408350109,80.34616390077773,80.54884338378906,635400,0.0,0.0,0.0,0.004569313078728543,0.004558905459460674,0.04843875306092959,0.03749145172548637
2014-05-15 00:00:00-04:00,80.68135376657406,80.98536998613903,80.54883509596202,80.8372573852539,1347300,0.0,0.0,0.0,0.0035806100913287064,0.0035742149680978177,0.051129280191107865,0.03820363691763659
2014-05-16 00:00:00-04:00,80.70472915196709,80.81386286158013,80.65016229716058,80.66575622558594,452600,0.0,0.0,0.0,-0.0021215608398319485,-0.0021238145381667814,0.055944200538011614,0.031863446623293525
2014-05-19 00:00:00-04:00,80.76710206839303,80.8684388252077,80.56442260742188,80.56442260742188,325400,0.0,0.0,0.0,-0.0012562160562987756,-0.0012570057571146705,0.05017706724314145,0.032570245690303264
2014-05-20 00:00:00-04:00,80.5956526323938,80.88408103951828,80.5956526323938,80.79833221435547,34764400,0.0,0.0,0.0,0.002903385878818998,0.002899179194489917,0.04790406014591798,0.032977325151965844
2014-05-21 00:00:00-04:00,80.6111955903076,80.68914739642538,80.50985288974705,80.67355346679688,881700,0.0,0.0,0.0,-0.0015443233064211803,-0.001545517002785593,0.04291005166839104,0.033669131533674415
2014-05-22 00:00:00-04:00,80.62682374478366,80.66580264093453,80.50989300367564,80.58784484863281,678800,0.0,0.0,0.0,-0.0010624128289989931,-0.0010629775895499415,0.03187154413507416,0.03411599956342914
2014-05-23 00:00:00-04:00,80.70474834779354,80.77490914771334,80.65797844607536,80.75151824951172,486800,0.0,0.0,0.0,0.002030993646576995,0.002028933967306294,0.03312482221022496,0.034344594924699434
2014-05-27 00:00:00-04:00,80.68134135973301,80.79047506549514,80.55661372609578,80.77488708496094,997000,0.0,0.0,0.0,0.00028939190192089903,0.0002893500361613301,0.030516871237731242,0.03334100749947971
2014-05-28 00:00:00-04:00,81.03995136443729,81.27381278169145,81.02436337871369,81.21924591064453,968200,0.0,0.0,0.0,0.005501200208626766,0.005486123873444331,0.04528174553941551,0.03710891155422572
2014-05-29 00:00:00-04:00,81.31277190311354,81.4842694536469,81.11788940429688,81.11788940429688,753100,0.0,0.0,0.0,-0.0012479370524957067,-0.0012487163743697689,0.04425203103688317,0.037584977413238324
2014-05-30 00:00:00-04:00,81.00096749910733,81.14907415920143,80.89182782439399,81.05553436279297,902400,0.0,0.0,0.0,-0.0007686965472328833,-0.000768992145917247,0.0433875551218266,0.03732608602181332
2014-06-02 00:00:00-04:00,80.84082837889983,80.95795624283421,80.60657860840166,80.68466186523438,2032800,0.175,0.0,0.0,-0.004575535778946538,-0.004586035583174077,0.057948594050578915,0.04172053032099785
2014-06-03 00:00:00-04:00,80.56754011358863,80.56754011358863,80.27082133216535,80.27862548828125,1563600,0.0,0.0,0.0,-0.005032386175594539,-0.005045091273467396,0.06696182188766926,0.04597046374924682
2014-06-04 00:00:00-04:00,80.35669296494893,80.36449711895314,80.16928603619779,80.21614074707031,1566600,0.0,0.0,0.0,-0.0007783484187837697,-0.0007786514891873989,0.033906198939954765,0.045967346107862204
2014-06-05 00:00:00-04:00,80.17708549062579,80.42695540504575,80.17708549062579,80.333251953125,1585800,0.0,0.0,0.0,0.0014599456538797462,0.001458880969351996,0.04404275768333004,0.04615560731057006
2014-06-06 00:00:00-04:00,80.50505510054242,80.583138347761,80.24737502308824,80.27080535888672,940600,0.0,0.0,0.0,-0.0007773442842164968,-0.0007776465729496969,0.044028321439345715,0.04614651755113755
2014-06-09 00:00:00-04:00,80.18490575257638,80.20052001785565,80.07558802351329,80.15367126464844,816500,0.0,0.0,0.0,-0.001459236564459232,-0.0014603022870218181,0.03732799095290137,0.04637801127061259
2014-06-10 00:00:00-04:00,80.06000948316488,80.08343387196412,79.95850181257735,80.0131607055664,1207100,0.0,0.0,0.0,-0.0017530146388191614,-0.0017545529670519372,0.02000974144023187,0.04580838765306271
2014-06-11 00:00:00-04:00,80.09115627708631,80.19266383650981,80.0130730808093,80.12239074707031,814800,0.0,0.0,0.0,0.0013651509394292383,0.0013642199680668277,0.024503580321781026,0.043851864865690496
2014-06-12 00:00:00-04:00,80.15364145912217,80.47378441594037,80.08336239807554,80.43474578857422,1319500,0.0,0.0,0.0,0.003898473804781366,0.003890894448007703,0.037686329751430325,0.04297375421815546
2014-06-13 00:00:00-04:00,80.06780008310149,80.38013909149873,80.0599899696145,80.27862548828125,752900,0.0,0.0,0.0,-0.0019409559732225246,-0.001942842069215534,0.04049480735130212,0.04118952667791574
2014-06-16 00:00:00-04:00,80.28643560176823,80.38794324761463,80.22396660861456,80.27862548828125,1401000,0.0,0.0,0.0,0.0,0.0,0.03840297630919878,0.04065985831642862
2014-06-17 00:00:00-04:00,80.13023221062325,80.16146669282998,79.9272110549636,79.94282531738281,33268500,0.0,0.0,0.0,-0.004182933736794681,-0.004191706677083321,0.04904296102491435,0.04289811120680845
2014-06-18 00:00:00-04:00,80.13804876072612,80.36449432373047,79.97407217179936,80.36449432373047,1472200,0.0,0.0,0.0,0.005274632272171731,0.005260770123161438,0.0627116120692573,0.04602017270751072
2014-06-19 00:00:00-04:00,80.48941397978743,80.55188293966827,80.08337169792982,80.16146087646484,1055000,0.0,0.0,0.0,-0.002526407326695179,-0.002529604079019451,0.05788740116452843,0.04651163567704914
2014-06-20 00:00:00-04:00,80.0911733070504,80.26295994980677,80.05993883042494,80.2551498413086,577000,0.0,0.0,0.0,0.0011687532115729482,0.0011680707512382142,0.05781310288525833,0.04670950496279238
2014-06-23 00:00:00-04:00,80.36444646197222,80.39568093040906,80.20046997070312,80.20046997070312,764200,0.0,0.0,0.0,-0.00068132538178034,-0.0006815575893968883,0.057975723049347734,0.04597566337475136
2014-06-24 00:00:00-04:00,80.41132054462282,80.5284423828125,80.26295827309305,80.5284423828125,443800,0.0,0.0,0.0,0.00408940760857357,0.004081068707658372,0.05145558373543784,0.0485693486105824
2014-06-25 00:00:00-04:00,80.73927892884483,80.79393777605898,80.5831065386847,80.60653686523438,977500,0.0,0.0,0.0,0.0009697751516244413,0.0009693052234939631,0.038926801283720815,0.04402979697937754
2014-06-26 00:00:00-04:00,80.75489096996905,80.91106335583743,80.73927671006591,80.8173599243164,822300,0.0,0.0,0.0,0.002615458587862385,0.0026120442281651335,0.028629902415578525,0.04513555208577358
2014-06-27 00:00:00-04:00,80.91106335583743,80.9969566787232,80.8173599243164,80.8173599243164,933200,0.0,0.0,0.0,0.0,0.0,0.03093213409541931,0.045085415239269705
2014-06-30 00:00:00-04:00,80.90324614382548,80.95790498473848,80.76269398756823,80.87982177734375,1268900,0.0,0.0,0.0,0.0007728766825076949,0.0007725781671249964,0.02612016079056187,0.042003640352423106
2014-07-01 00:00:00-04:00,80.68579818351328,80.77967560691336,80.5997453708372,80.61539459228516,17393000,0.192,0.0,0.0,-0.0032693838740958103,-0.003274739986865879,0.0344427727416218,0.039526188923098234
2014-07-02 00:00:00-04:00,80.45113103805576,80.4589556510584,80.26338210500896,80.28684997558594,1779100,0.0,0.0,0.0,-0.004075457527198623,-0.0040837848369922455,0.04462219318978289,0.04226030635684283
2014-07-03 00:00:00-04:00,79.9661021644336,80.15385107329932,79.95045294044384,80.12255859375,1079900,0.0,0.0,0.0,-0.002046304991239478,-0.002048401533896788,0.03294487536017207,0.042537739702307335
2014-07-07 00:00:00-04:00,80.2164725116767,80.37292901214333,80.2164725116767,80.31816864013672,1031000,0.0,0.0,0.0,0.002441385420285158,0.0024384100805500534,0.04377200189826462,0.043411371248956755
2014-07-08 00:00:00-04:00,80.56847621210176,80.7249386297139,80.53718372857934,80.68582153320312,491500,0.0,0.0,0.0,0.004577456125944179,0.004567011434932942,0.06006854330212975,0.04587756794788601
2014-07-09 00:00:00-04:00,80.61540134271583,80.79532562542893,80.41982783724434,80.70145416259766,1113900,0.0,0.0,0.0,0.00019374691981166592,0.0001937281533011276,0.05470935768507905,0.04521818253851521
2014-07-10 00:00:00-04:00,80.98314749326298,81.07702500911681,80.84233420369976,80.87362670898438,728600,0.0,0.0,0.0,0.00213345035939283,0.002131177785882675,0.03971226119156173,0.04550972356390776
2014-07-11 00:00:00-04:00,80.96748993885139,81.08483532085536,80.93619743908805,81.00660705566406,688600,0.0,0.0,0.0,0.001644298049822801,0.0016429476718643802,0.025161008347571703,0.04393394724773188
2014-07-14 00:00:00-04:00,80.94404371662807,80.94404371662807,80.80323041422871,80.82669830322266,974800,0.0,0.0,0.0,-0.0022209145522881224,-0.0022233844406306623,0.039820673939863965,0.044139000532743264
2014-07-15 00:00:00-04:00,80.80316132379319,81.01437811257432,80.67799139827063,80.7562255859375,933500,0.0,0.0,0.0,-0.00087189899828366,-0.0008722793233013354,0.028431679402862453,0.04433716715992744
2014-07-16 00:00:00-04:00,80.77975516156565,80.90491921426899,80.73281341942116,80.87362670898438,15784300,0.0,0.0,0.0,0.0014537717952400886,0.0014527160920675766,0.029853609609009034,0.041179787903002286
2014-07-17 00:00:00-04:00,81.12393197195395,81.39773980384369,80.99876796370215,81.34297943115234,1367400,0.0,0.0,0.0,0.005803532514460974,0.0057867568935853955,0.04856822608321242,0.04201349597712419
2014-07-18 00:00:00-04:00,81.26471799917968,81.30383509590317,81.06914445242425,81.17866516113281,386900,0.0,0.0,0.0,-0.0020200178450385797,-0.002022060832797167,0.05303596263066978,0.04154820418224925
2014-07-21 00:00:00-04:00,81.23344258873178,81.38990504007923,81.20215606689453,81.20215606689453,339600,0.0,0.0,0.0,0.00028937290007280403,0.00028933103981044475,0.0478778288310377,0.041515314198159986
2014-07-22 00:00:00-04:00,81.23346154314189,81.30387115478516,81.10829752129133,81.30387115478516,484200,0.0,0.0,0.0,0.001252615605512153,0.0012518317371068145,0.045134985558859045,0.04129684599941804
2014-07-23 00:00:00-04:00,81.38207335647088,81.39772258446244,81.27255263425688,81.2960205078125,523600,0.0,0.0,0.0,-9.655932566499104e-05,-9.656398781679604e-05,0.04625124241328259,0.03934940024674449
2014-07-24 00:00:00-04:00,81.05350584591456,81.08479833140281,80.95962838944979,80.96745300292969,600900,0.0,0.0,0.0,-0.004041618554394555,-0.0040498079677686715,0.03350177992382882,0.042418792287961096
2014-07-25 00:00:00-04:00,81.17865530907402,81.30382522865341,81.12389496136561,81.28035736083984,781400,0.0,0.0,0.0,0.0038645696055035206,0.003857121339779274,0.045325769950279725,0.04356788179578262
2014-07-28 00:00:00-04:00,81.18651580810547,81.28039328928676,81.07699506427709,81.18651580810547,1448000,0.0,0.0,0.0,-0.001154541586447122,-0.0011552085830174828,0.04640053217006671,0.04386130493923534
2014-07-29 00:00:00-04:00,81.28037724825266,81.3194883813681,81.13956403848728,81.2960205078125,465700,0.0,0.0,0.0,0.0013488040300417836,0.001347895211006784,0.04657341044509415,0.04400299809389815
2014-07-30 00:00:00-04:00,80.95964506399932,80.96746967909078,80.65455072819039,80.72496032714844,1067500,0.0,0.0,0.0,-0.007024454297971272,-0.007049241924970864,0.06825322645170183,0.04965398015222767
2014-07-31 00:00:00-04:00,80.5215239114548,80.8109748481873,80.48240682298862,80.70145416259766,1506500,0.0,0.0,0.0,-0.0002911883072536092,-0.000291230710800561,0.06418560528753628,0.04721831234827979
2014-08-01 00:00:00-04:00,80.94133042161256,81.25484506020811,80.76890305118965,81.17646789550781,3466800,0.196,0.0,0.0,0.0058860616309726055,0.005868806447152818,0.07399994535573653,0.05036599736902734
2014-08-04 00:00:00-04:00,81.25484754619664,81.33322471329488,81.19214342060023,81.22349548339844,1672600,0.0,0.0,0.0,0.0005793253772898854,0.0005791576331260067,0.0736834783202173,0.049923470329397396
2014-08-05 00:00:00-04:00,81.12156830857839,81.33318716001412,81.01183912934627,81.26264953613281,1013000,0.0,0.0,0.0,0.00048205328398331915,0.0004819371336246284,0.07301167021569982,0.04762162077147577
2014-08-06 00:00:00-04:00,81.50563184738213,81.50563184738213,81.30968600277754,81.33319854736328,1139100,0.0,0.0,0.0,0.0008681603619027367,0.0008677837286653491,0.03947046554766169,0.047650457900854364
2014-08-07 00:00:00-04:00,81.37240385231269,81.70159149169922,81.27051414863409,81.70159149169922,1386100,0.0,0.0,0.0,0.004529428952943615,0.0045192019596219,0.0404746974817565,0.049532183012337576
2014-08-08 00:00:00-04:00,81.83484313612779,81.9602453943443,81.5997056797552,81.63105773925781,913900,0.0,0.0,0.0,-0.0008633094062625579,-0.0008636822724427283,0.03206537272882188,0.049573028115948437
2014-08-11 00:00:00-04:00,81.65457729332934,81.69376886601795,81.52133551385911,81.59187316894531,419800,0.0,0.0,0.0,-0.00048002036721928043,-0.0004801356138777243,0.03401175853539148,0.0487356464955242
2014-08-12 00:00:00-04:00,81.62315620920154,81.67018127282714,81.47423553466797,81.47423553466797,416300,0.0,0.0,0.0,-0.0014417812670357577,-0.001442821633754482,0.03803168697295352,0.04898598618780358
2014-08-13 00:00:00-04:00,81.59967195427281,81.77993874716539,81.5604804011441,81.74075317382812,732400,0.0,0.0,0.0,0.0032711891975563123,0.0032658504976033815,0.04291977792183954,0.04989759948478092
2014-08-14 00:00:00-04:00,81.89753311058632,81.94456418504845,81.75645184678662,81.9053726196289,638800,0.0,0.0,0.0,0.002013921323317236,0.002011896102403522,0.03230083435699901,0.046275420022104996
2014-08-15 00:00:00-04:00,81.89753858104034,82.47754269306644,81.86618652256917,82.23456573486328,1570700,0.0,0.0,0.0,0.004019188298711063,0.004011132938214189,0.037498239073735486,0.04713294139964111
2014-08-18 00:00:00-04:00,82.0542894991903,82.09347508295727,81.93672078830335,81.97590637207031,13822300,0.0,0.0,0.0,-0.0031453849179057247,-0.003150342038477332,0.0492060734561326,0.04902113630155283
2014-08-19 00:00:00-04:00,82.14837646484375,82.14837646484375,81.85054077973237,81.88973236083984,769900,0.0,0.0,0.0,-0.0010512114479021006,-0.0010517643581739022,0.0480785353333728,0.0492205216961053
2014-08-20 00:00:00-04:00,81.83481027953562,81.87399585333547,81.60751242424702,81.64669799804688,1052200,0.0,0.0,0.0,-0.002967824607388647,-0.002972237331796193,0.05004893688612584,0.05061211565973196
2014-08-21 00:00:00-04:00,81.66236807682097,81.85831386375659,81.66236807682097,81.81912231445312,630300,0.0,0.0,0.0,0.0021118345338395628,0.0021096077458112004,0.050329082622408004,0.04840512942405374
2014-08-22 00:00:00-04:00,81.79565141955774,81.8740285782762,81.56835347341845,81.8270034790039,1393400,0.0,0.0,0.0,9.632423726690931e-05,9.631959838545554e-05,0.03492634452779895,0.04678066734222668
2014-08-25 00:00:00-04:00,81.82702822298617,81.9054054054054,81.74865104056693,81.88973236083984,837500,0.0,0.0,0.0,0.000766603678112654,0.0007663099875995729,0.030485391424200387,0.04646295212525865
2014-08-26 00:00:00-04:00,81.99155395634205,82.00722698788167,81.85047275332255,81.87398529052734,590200,0.0,0.0,0.0,-0.0001922960285559716,-0.00019231451980783834,0.02958679280728774,0.04638308447949987
2014-08-27 00:00:00-04:00,82.01510169942084,82.10915786840538,81.93672454849704,82.101318359375,881300,0.0,0.0,0.0,0.0027766215122053683,0.0027727738194397718,0.020426238416495365,0.03797810173715849
2014-08-28 00:00:00-04:00,82.31298747766185,82.32866650528716,82.14839356637782,82.21109771728516,938400,0.0,0.0,0.0,0.0013371205250276574,0.0013362273754555312,0.01870467211522413,0.037769327513352505
2014-08-29 00:00:00-04:00,82.19535190009313,82.32859361796166,82.14832083865178,82.21886444091797,1407100,0.0,0.0,0.0,9.447293429309944e-05,9.44684720064838e-05,0.01871004188366151,0.03298074566108237
2014-09-02 00:00:00-04:00,81.88992623555907,81.89777330558408,81.69364166259766,81.69364166259766,2058600,0.181,0.0,0.0,-0.0063881054778826,-0.0064085967371794875,0.05568868034431635,0.041360034608269536
2014-09-03 00:00:00-04:00,81.59942428985903,81.84281524760208,81.5523179083939,81.81140899658203,1456900,0.0,0.0,0.0,0.0014415728273047268,0.0014405347587110786,0.05739213373097209,0.041558322557207865
2014-09-04 00:00:00-04:00,81.71718145239444,81.77999394307284,81.4737845485479,81.5208969116211,1994400,0.0,0.0,0.0,-0.0035509972083853647,-0.00355731696436517,0.0545924590830677,0.043717564545737185
2014-09-05 00:00:00-04:00,81.79568516838495,81.84279153620248,81.50518192321115,81.54444122314453,1098400,0.0,0.0,0.0,0.0002888132051461767,0.00028877150664096936,0.05169569069652075,0.04051757816213823
2014-09-08 00:00:00-04:00,81.75641913614629,81.79567843284683,81.39525636898645,81.45806884765625,1340900,0.0,0.0,0.0,-0.0010592061726429902,-0.001059767527930071,0.049898793524782804,0.04057289333488852
2014-09-09 00:00:00-04:00,81.28536107885978,81.37957982416441,81.23040164163109,81.26966094970703,1205900,0.0,0.0,0.0,-0.0023129433414580403,-0.0023156223265995285,0.031599640766232714,0.04131372336448915
2014-09-10 00:00:00-04:00,81.12835664140313,81.16760996942065,81.04984399523714,81.06554412841797,1311800,0.0,0.0,0.0,-0.0025115992721488345,-0.0025147586287345854,0.02346949816228231,0.04191225796909118
2014-09-11 00:00:00-04:00,81.18329294282438,81.23039931906511,80.94774908136225,80.96345520019531,1224800,0.0,0.0,0.0,-0.0012593380988220604,-0.00126013173141678,0.017841858436626674,0.039903879962939405
2014-09-12 00:00:00-04:00,80.77500774735861,80.82212010791493,80.61798251918023,80.65724182128906,2178400,0.0,0.0,0.0,-0.0037821184650418394,-0.0037892887600634623,0.017386184077536886,0.04041036427831199
2014-09-15 00:00:00-04:00,80.76715843227565,80.8456710441808,80.73575218948793,80.80641174316406,1505400,0.0,0.0,0.0,0.0018494299892564126,0.0018477218992847895,0.03378278902892859,0.03764295894829327
2014-09-16 00:00:00-04:00,80.90057823336002,80.98694384772719,80.76710628029237,80.78280639648438,24978400,0.0,0.0,0.0,-0.00029212219885121904,-0.0002921648748520237,0.03415271444459372,0.036709326591523074
2014-09-17 00:00:00-04:00,80.90848264336769,81.08120799161541,80.57087302475873,80.57872009277344,2704700,0.0,0.0,0.0,-0.002526358179601673,-0.0025295548074470943,0.034188587906548794,0.037249863586520264
2014-09-18 00:00:00-04:00,80.57875553245925,80.59446165565298,80.43743037437011,80.52379608154297,556800,0.0,0.0,0.0,-0.0006816193055341202,-0.0006818517135881705,0.03437316671299737,0.03636186544666212
2014-09-19 00:00:00-04:00,80.65724594969086,80.85353049002482,80.53947402746472,80.82997131347656,920600,0.0,0.0,0.0,0.003802295058513483,0.0037950846063888152,0.03879065729724384,0.03852034625270159
2014-09-22 00:00:00-04:00,80.90850330319337,81.04982843521279,80.86139093243371,81.00271606445312,1932600,0.0,0.0,0.0,0.002137137353502405,0.002134856923951339,0.0395010269987973,0.03967708088217077
2014-09-23 00:00:00-04:00,81.07334163860077,81.17540740966797,81.00267611237976,81.17540740966797,963700,0.0,0.0,0.0,0.0021319204294019123,0.0021296511118072594,0.0402274680842987,0.04054311366749925
2014-09-24 00:00:00-04:00,81.12829246432999,81.19110492762694,80.92415495367801,80.94770812988281,485300,0.0,0.0,0.0,-0.002805027865595111,-0.0028089693285929997,0.04177346619021292,0.04138773620044826
2014-09-25 00:00:00-04:00,81.06550439172553,81.34815457147833,81.06550439172553,81.34030151367188,399000,0.0,0.0,0.0,0.004849962931120055,0.004838239750284913,0.04661564442748497,0.04416921322043111
2014-09-26 00:00:00-04:00,81.24614407849636,81.25399115151572,81.07341262995709,81.1676254272461,716100,0.0,0.0,0.0,-0.0021228847596139744,-0.002125141273576944,0.05112991751654339,0.04400740489927796
2014-09-29 00:00:00-04:00,81.44237237520122,81.48162568353435,81.3717068359969,81.42666625976562,2344500,0.0,0.0,0.0,0.003191430464498657,0.0031863486595745233,0.05331827973533165,0.046015361270052325
2014-09-30 00:00:00-04:00,81.34028906501345,81.47376107665627,81.29318270564,81.35599517822266,1544600,0.0,0.0,0.0,-0.0008679107814326681,-0.0008682876340603486,0.05373171643594074,0.04045045627591278
2014-10-01 00:00:00-04:00,81.67769920151233,82.0473892986115,81.67769920151233,82.0395278930664,3346000,0.189,0.0,0.0,0.008401749783115253,0.008366651537495554,0.0679845819196791,0.05050197179973205
2014-10-02 00:00:00-04:00,82.00022596918588,82.10247828722565,81.77998651428477,81.79571533203125,2084100,0.0,0.0,0.0,-0.0029718913223507615,-0.002976316160299631,0.0746803157654148,0.0499791296238601
2014-10-03 00:00:00-04:00,81.59121682163612,81.77999265414206,81.4968259048454,81.77212524414062,1159100,0.0,0.0,0.0,-0.00028840248899186793,-0.000288444084987481,0.07068080670511939,0.050003379510443084
2014-10-06 00:00:00-04:00,81.77999708063261,82.00810397441693,81.70920238893879,81.90584564208984,1201700,0.0,0.0,0.0,0.001635280941396422,0.0016339453253911228,0.06917228280036199,0.050058059900178274
2014-10-07 00:00:00-04:00,82.16540355584299,82.41710664117153,82.07101264844168,82.3856430053711,1429800,0.0,0.0,0.0,0.005857913553299454,0.005840822689754057,0.07299129526791434,0.052775654093250565
2014-10-08 00:00:00-04:00,82.44067680760408,82.69237981336731,82.18897380184085,82.67665100097656,2701900,0.0,0.0,0.0,0.003532265877763452,0.0035260420784178972,0.05402113270548378,0.0522748434397507
2014-10-09 00:00:00-04:00,82.62156525278722,82.73168490821726,82.5193130016225,82.53504180908203,5848000,0.0,0.0,0.0,-0.0017128075482019112,-0.0017142760801651534,0.047752767831439814,0.05255760907630344
2014-10-10 00:00:00-04:00,82.6688215104377,82.89692840169988,82.61376164020722,82.85759735107422,4675300,0.0,0.0,0.0,0.003908104181231442,0.0039004873804701617,0.045399081785495655,0.0503854142430107
2014-10-13 00:00:00-04:00,82.99917276528116,83.32953795603024,82.93625149182556,83.29020690917969,2074300,0.0,0.0,0.0,0.0052211211999362295,0.005207538404411747,0.04746902946166205,0.05221562565395835
2014-10-14 00:00:00-04:00,83.30593091511822,83.47897189600414,83.19580519844621,83.45537567138672,2196700,0.0,0.0,0.0,0.001983051409478742,0.0019810877586176135,0.04232166948900625,0.05179120354766986
2014-10-15 00:00:00-04:00,84.556567707625,85.64203590478755,83.73066394819084,83.92730712890625,2196800,0.0,0.0,0.0,0.005654895849702912,0.0056389669488044,0.04765701554730522,0.051213859268844024
2014-10-16 00:00:00-04:00,84.35210809062869,84.41503538674023,83.57340230474959,83.69925689697266,1786700,0.0,0.0,0.0,-0.002717235185245803,-0.0027209335698782384,0.05403570517492439,0.05312422719122663
2014-10-17 00:00:00-04:00,83.4868393045681,83.5812302041122,83.28232868942638,83.45537567138672,1143300,0.0,0.0,0.0,-0.0029137800576429784,-0.0029180333789262606,0.06573799176574657,0.055307582939173
2014-10-20 00:00:00-04:00,83.68346869644216,83.70706491716425,83.46322930160471,83.57334899902344,1562200,0.0,0.0,0.0,0.001413609688862394,0.0014126114832908158,0.05692847992263552,0.05527491629241894
2014-10-21 00:00:00-04:00,83.37672425505939,83.53403642869564,83.3059355772455,83.34526062011719,1973200,0.0,0.0,0.0,-0.0027291999379959186,-0.0027329309942251733,0.0599062631550132,0.057275493218548953
2014-10-22 00:00:00-04:00,83.25085297938617,83.34524386523739,83.1564680946085,83.32164764404297,951800,0.0,0.0,0.0,-0.0002833151627162911,-0.00028335530403894615,0.03068569766594784,0.05553623563476073
2014-10-23 00:00:00-04:00,83.08568276130694,83.12501380176394,82.83397970517512,82.9755630493164,1281700,0.0,0.0,0.0,-0.004153597588529068,-0.004162247736123525,0.03571648461657715,0.057394814003419795
2014-10-24 00:00:00-04:00,83.06210027810116,83.23514728301969,82.99917300338983,83.04637145996094,678800,0.0,0.0,0.0,0.0008533646298061193,0.0008530007212268412,0.037822813864995926,0.05620566027921349
2014-10-27 00:00:00-04:00,83.02277669119746,83.21155251757364,83.02277669119746,83.13289642333984,872500,0.0,0.0,0.0,0.0010418873438753362,0.001041344955962049,0.036406427069442596,0.055686043979013236
2014-10-28 00:00:00-04:00,83.04637765154122,83.0699738810484,82.88119804391533,82.92839050292969,771500,0.0,0.0,0.0,-0.0024599879134337144,-0.002463018655113032,0.03566878939788343,0.056688491638542046
2014-10-29 00:00:00-04:00,82.81825574955381,82.86544820001217,82.38563828343699,82.653076171875,1453100,0.0,0.0,0.0,-0.003319904430617915,-0.003325427540852138,0.03824470527524146,0.051303454679487985
2014-10-30 00:00:00-04:00,82.81039744812117,82.9362519979508,82.70027771755787,82.73960876464844,1363500,0.0,0.0,0.0,0.0010469373528638748,0.0010463896961616394,0.03402169674390679,0.04978432104205383
2014-10-31 00:00:00-04:00,82.68452755238827,82.7159911817226,82.50361318398434,82.60586547851562,886900,0.0,0.0,0.0,-0.0016164360471324635,-0.0016177438894319986,0.03198019924242325,0.050311433674879995
2014-11-03 00:00:00-05:00,82.49638213611742,82.61457300107058,82.29939936500784,82.57518005371094,2348900,0.181,0.0,0.0,-0.0003714678688605533,-0.00037153688014019564,0.027364825455821078,0.050221437077907556
2014-11-04 00:00:00-05:00,82.6381868932828,82.77213970892032,82.53575804502864,82.56727600097656,3854700,0.0,0.0,0.0,-9.57194732028599e-05,-9.572405460399021e-05,0.026422691840354846,0.04592070352019465
2014-11-05 00:00:00-05:00,82.44905360590279,82.5987623364851,82.43329763967824,82.59088134765625,1079700,0.0,0.0,0.0,0.00028589227867237277,0.00028585141926227827,0.01552355221218345,0.04412649642232643
2014-11-06 00:00:00-05:00,82.43333714111635,82.56728395822728,82.3309022715548,82.33878326416016,1026100,0.0,0.0,0.0,-0.0030523718766835017,-0.0030570398650981282,0.021670338251530877,0.04504338097456912
2014-11-07 00:00:00-05:00,82.55149522487568,82.87454969122365,82.54362024625797,82.86666870117188,994200,0.0,0.0,0.0,0.006411139636568919,0.0063906756990531255,0.05535021363303264,0.04873377237614962
2014-11-10 00:00:00-05:00,82.85882100236618,82.85882100236618,82.52001045580131,82.52788543701172,1427900,0.0,0.0,0.0,-0.004088293513787256,-0.004096673433226518,0.0650499221873412,0.04669144195060961
2014-11-11 00:00:00-05:00,82.52788560889964,82.55152257545218,82.43333774268947,82.5357666015625,1220800,0.0,0.0,0.0,9.549698879407487e-05,9.549242924692021e-05,0.06506633498992877,0.04585720816558595
2014-11-12 00:00:00-05:00,82.72482337953859,82.77997827532656,82.48056684268228,82.50420379638672,658300,0.0,0.0,0.0,-0.00038241366713354097,-0.0003824868058867131,0.06500923909231678,0.0396037695670538
2014-11-13 00:00:00-05:00,82.6066427596064,82.69331560813804,82.51209493315991,82.6381607055664,743400,0.0,0.0,0.0,0.0016236373786513436,0.001622320704490921,0.060411798865256446,0.0398883335020064
2014-11-14 00:00:00-05:00,82.53572605595068,82.85878047063132,82.49632712342711,82.8115005493164,629800,0.0,0.0,0.0,0.0020975762561754596,0.002095379414592335,0.03873834164819367,0.04005684213576788
2014-11-17 00:00:00-05:00,82.92971865645626,82.92971865645626,82.66182506362495,82.71697998046875,496500,0.0,0.0,0.0,-0.0011413942293120316,-0.0011420461157922396,0.021653847890711085,0.03955958202784912
2014-11-18 00:00:00-05:00,82.74058968449368,82.8351375042573,82.71695272955279,82.8115005493164,510100,0.0,0.0,0.0,0.0011426984987843447,0.0011420461157921967,0.021823184993412546,0.03906562250086117
2014-11-19 00:00:00-05:00,82.59088134765625,82.81938193222754,82.55148241494518,82.59088134765625,560000,0.0,0.0,0.0,-0.0026641130784579303,-0.002667668143172045,0.03225887826356926,0.03994160591228904
2014-11-20 00:00:00-05:00,82.90609588236485,82.90609588236485,82.64607722498631,82.74063110351562,811500,0.0,0.0,0.0,0.0018131512028431995,0.0018115094284249574,0.03280489460729958,0.03815398389188658
2014-11-21 00:00:00-05:00,82.76424674838782,82.90607452392578,82.74060978770393,82.90607452392578,855800,0.0,0.0,0.0,0.0019995426455374776,0.001997546220989523,0.03246257300370659,0.03876147097519487
2014-11-24 00:00:00-05:00,82.76427280584123,83.00852949172256,82.72487385134069,83.00064849853516,13802400,0.0,0.0,0.0,0.001140736371278539,0.0011400862259268204,0.030363995398320735,0.03880104284733525
2014-11-25 00:00:00-05:00,82.96118784939816,83.22908128477273,82.92966991380736,83.2054443359375,1244600,0.0,0.0,0.0,0.002467400449358559,0.0024643614148533513,0.03296327183211396,0.038729033082810935
2014-11-26 00:00:00-05:00,83.37883851057796,83.44187441845261,83.3158026027033,83.34732055664062,523300,0.0,0.0,0.0,0.0017051314590701416,0.0017036793728547074,0.007637390804844873,0.03678265751776371
2014-11-28 00:00:00-05:00,83.5758410132491,83.67826987923458,83.52068608365133,83.67039489746094,367300,0.0,0.0,0.0,0.0038762414755824093,0.003868748209158629,0.016423131255704028,0.03874034606664258
2014-12-01 00:00:00-05:00,83.90713738560254,83.9544975931842,83.46514892578125,83.46514892578125,2063400,0.18,0.0,0.0,-0.0024530297954398206,-0.002456043402348933,0.03745121455887609,0.03947129924566155
2014-12-02 00:00:00-05:00,83.2125992729877,83.26784784111612,83.07842503919618,83.09420776367188,990600,0.0,0.0,0.0,-0.004444264065702752,-0.004454169165392762,0.05585731769420483,0.04316656254964887
2014-12-03 00:00:00-05:00,83.04687540001463,83.14947819018474,82.99162681736244,83.12580108642578,851900,0.0,0.0,0.0,0.0003802108907970947,0.0003801386289522677,0.05245258410796481,0.043139280929678496
2014-12-04 00:00:00-05:00,83.14155967800852,83.41780853271484,83.07842276019537,83.41780853271484,968300,0.0,0.0,0.0,0.0035128376806312644,0.00350668207788941,0.057853053322429564,0.04458157114354282
2014-12-05 00:00:00-05:00,83.09418649040087,83.1178635818739,82.81794372048081,82.95211791992188,1035900,0.0,0.0,0.0,-0.00558262822992206,-0.00559826933839035,0.05868861901273563,0.048028612132063025
2014-12-08 00:00:00-05:00,82.95220390418889,83.37051567818983,82.94430952496802,83.22844696044922,858300,0.0,0.0,0.0,0.0033311872855867897,0.0033256511723673697,0.06778230925938745,0.043967723059957886
2014-12-09 00:00:00-05:00,83.59935205730623,83.75720943445852,83.45728342869079,83.53620910644531,945900,0.0,0.0,0.0,0.0036977999378307036,0.0036909798832681475,0.0628593456511722,0.04250749918753984
2014-12-10 00:00:00-05:00,83.49675043331958,83.95452780092836,83.48885605894195,83.9150619506836,996800,0.0,0.0,0.0,0.004535193161034234,0.0045249401604016935,0.06679357832491943,0.04466049026701392
2014-12-11 00:00:00-05:00,83.74142351861877,83.85981505007697,83.59146653230557,83.77299499511719,15223600,0.0,0.0,0.0,-0.0016929851717192301,-0.0016944198906489712,0.06905506054765051,0.045370108145180096
2014-12-12 00:00:00-05:00,84.15187181858047,84.4675746345443,84.03348025177142,84.45968627929688,7233700,0.0,0.0,0.0,0.008197048275756513,0.008163634945143265,0.05618321423755247,0.05246157455500235
2014-12-15 00:00:00-05:00,84.15972093213568,84.41228668012845,84.05711816695322,84.1518325805664,1248100,0.0,0.0,0.0,-0.003644978004209487,-0.0036516371230208328,0.07653526708197468,0.0549103320255323
2014-12-16 00:00:00-05:00,84.67268073017806,84.67268073017806,84.26226396805909,84.57797241210938,10633800,0.0,0.0,0.0,0.005063940005525014,0.005051161383296873,0.07878046962172061,0.05638539747387857
2014-12-17 00:00:00-05:00,84.4359596711248,84.60959370945685,83.9702880537733,83.99396514892578,2086100,0.0,0.0,0.0,-0.0069049570062758026,-0.0069289065325434055,0.09928178247826931,0.06316883685591682
2014-12-18 00:00:00-05:00,83.55203352504178,83.6230648588526,83.44943070232198,83.52046203613281,4833300,0.0,0.0,0.0,-0.005637346825494216,-0.005653296636432011,0.10762706344214633,0.0660933164163402
2014-12-19 00:00:00-05:00,83.6545612716029,83.82820129394531,83.59142437209324,83.82820129394531,847800,0.0,0.0,0.0,0.0036845971670913524,0.003677825667351357,0.08727252905894624,0.06688996566909473
2014-12-22 00:00:00-05:00,83.75717002388181,83.8992385856492,83.70192147328562,83.82820129394531,2366700,0.0,0.0,0.0,0.0,0.0,0.08541286372539972,0.06673588583386025
2014-12-23 00:00:00-05:00,83.59142123268857,83.64666978120981,83.12574973374653,83.1336441040039,1360300,0.0,0.0,0.0,-0.008285483634629442,-0.008319999037584794,0.08051748940217128,0.07367785876897952
2014-12-24 00:00:00-05:00,83.01983561094036,83.21744542855397,82.94869897127452,83.19373321533203,1098200,0.156,0.0,0.0,0.0007228013637048392,0.00072254026860484,0.0779383886656647,0.07318995434418002
2014-12-26 00:00:00-05:00,83.34394485939332,83.34394485939332,83.193759420916,83.3044204711914,373600,0.0,0.0,0.0,0.0013304758853998067,0.0013295915866308806,0.07240761398845094,0.0730864044474312
2014-12-29 00:00:00-05:00,83.45459311925663,83.65220296883022,83.43878095416929,83.5889663696289,2447300,0.0,0.0,0.0,0.0034157358856592435,0.0034099155099838645,0.07144524921093325,0.07277879407033061
2014-12-30 00:00:00-05:00,83.79449130643758,83.84982182904112,83.63639979144551,83.68383026123047,1194700,0.0,0.0,0.0,0.001134885329028723,0.0011342418334901148,0.07245609433758547,0.072313012635638
2014-12-31 00:00:00-05:00,83.73916816413757,83.84982921909771,83.7312620800475,83.7786865234375,1010400,0.0,0.0,0.0,0.0011335076550742507,0.0011328657203183742,0.016947799531483718,0.07030501942264174
2015-01-02 00:00:00-05:00,83.85773291112622,84.30828926518134,83.83402068840236,84.20552825927734,2028600,0.0,0.0,0.0,0.005094872616801416,0.005081937669314285,0.028219210054907875,0.0722353368162807
2015-01-05 00:00:00-05:00,84.34779181517048,84.77462983591533,84.3082734615636,84.71929931640625,1521700,0.0,0.0,0.0,0.00610139343282734,0.006082855299331232,0.03588063556541446,0.07415242658482932
2015-01-06 00:00:00-05:00,85.07496915159219,85.73894121725839,84.99592643749615,85.28839111328125,1890200,0.0,0.0,0.0,0.006717380826646968,0.006694919754340603,0.0430502134405143,0.07298855203015717
2015-01-07 00:00:00-05:00,85.0434081668282,85.37539743866044,84.94065317231858,85.27263641357422,1558000,0.0,0.0,0.0,-0.00018472267446234536,-0.00018473973779693117,0.04922929638733804,0.07282136815504651
2015-01-08 00:00:00-05:00,84.9959947839784,85.02761310115606,84.82209705479,84.92485809326172,1671000,0.0,0.0,0.0,-0.004078428144589918,-0.004086767614998969,0.0743345862643898,0.07452904933916882
2015-01-09 00:00:00-05:00,85.02751979998169,85.4464514893791,84.94057103079686,85.34369659423828,1107800,0.0,0.0,0.0,0.004931871661376208,0.004919749821568953,0.07401622665008652,0.07480304335734511
2015-01-12 00:00:00-05:00,85.43065758724654,85.71521613973638,85.38322714145049,85.64407348632812,2700900,0.0,0.0,0.0,0.0035196142665108177,0.0035134349192527912,0.06860791616627772,0.07473648656655038
2015-01-13 00:00:00-05:00,85.54926816891222,85.8733452220676,85.46231934306145,85.72315979003906,1038800,0.0,0.0,0.0,0.0009234299641709409,0.0009230038650165519,0.05556385921769791,0.06989880638902186
2015-01-14 00:00:00-05:00,86.31597990578149,86.43454702167378,86.06303953947915,86.11837005615234,1545800,0.0,0.0,0.0,0.004610309128609602,0.004599714204914411,0.05930322189177531,0.06914972907556764
2015-01-15 00:00:00-05:00,86.16576879649529,86.86925911971932,86.11043830019356,86.85344696044922,1374100,0.0,0.0,0.0,0.008535657419172837,0.008499434672734318,0.043646333828644836,0.07275052897364458
2015-01-16 00:00:00-05:00,86.66374586435293,86.74278857136038,86.20528972090891,86.21319580078125,1689100,0.0,0.0,0.0,-0.007371626366878936,-0.007398931074014914,0.09418771460055216,0.07346718097366811
2015-01-20 00:00:00-05:00,86.38708491241835,86.67954953332648,86.28433000643129,86.41079711914062,1346200,0.0,0.0,0.0,0.002292007813003316,0.0022893851697439586,0.09337533229276891,0.06875555260536073
2015-01-21 00:00:00-05:00,86.466157946415,86.5768189703229,85.96027725695787,85.99980163574219,2298200,0.0,0.0,0.0,-0.004756297790330155,-0.004767644969337667,0.10474097705410854,0.07199480871278151
2015-01-22 00:00:00-05:00,86.21320723486677,86.23691944705666,85.68361439405002,85.78636932373047,1330800,0.0,0.0,0.0,-0.002481776794273638,-0.002484861507071283,0.09988725774726323,0.07311457357072425
2015-01-23 00:00:00-05:00,86.1025152931092,86.3791677202289,86.1025152931092,86.34754943847656,1248200,0.0,0.0,0.0,0.006541600013731497,0.006520296603484199,0.08856198582732339,0.06632265861924369
2015-01-26 00:00:00-05:00,86.28436554481596,86.37130832841679,86.07884961762356,86.14998626708984,1546200,0.0,0.0,0.0,-0.0022879997483598036,-0.002290621219163745,0.07186018882468893,0.06787827683130841
2015-01-27 00:00:00-05:00,86.62426532307252,86.71912023781645,86.17371503154511,86.26856994628906,863300,0.0,0.0,0.0,0.0013764793743735737,0.0013755328950794661,0.0701837397605632,0.0678746473103515
2015-01-28 00:00:00-05:00,86.3001717187622,87.05108671726413,86.3001717187622,86.93252563476562,3346300,0.0,0.0,0.0,0.0076963799085800755,0.007666913868055761,0.07604627446612258,0.07089456731462357
2015-01-29 00:00:00-05:00,86.68754236442085,86.79030341096549,86.48993238946926,86.62430572509766,1393400,0.0,0.0,0.0,-0.0035455073623755773,-0.0035518075696329187,0.08039527321223869,0.07352577784912369
2015-01-30 00:00:00-05:00,87.35934602608637,87.41467653411759,87.00365076453897,87.38306427001953,2219800,0.0,0.0,0.0,0.008759187604109542,0.008721048470442676,0.08940072000772688,0.07756534488259528
2015-02-02 00:00:00-05:00,87.05209545266399,87.40838324287655,87.0362632586734,87.27378845214844,11544700,0.182,0.0,0.0,-0.0012505377189957478,-0.0012513202937832922,0.08622040060129434,0.07760752838128206
2015-02-03 00:00:00-05:00,86.87792517305667,86.88583825052382,86.5295564679532,86.5374755859375,1465200,0.0,0.0,0.0,-0.008436815672493103,-0.00847260705420747,0.11751285766315767,0.0838342447886924
2015-02-04 00:00:00-05:00,86.26832105857054,86.72753347226735,86.20498016553924,86.6800308227539,1655500,0.0,0.0,0.0,0.0016473237271041885,0.0016459683776353213,0.10138384616666958,0.08119910608075055
2015-02-05 00:00:00-05:00,86.48208968328387,86.51375408730999,86.27623481399625,86.36332702636719,1392700,0.0,0.0,0.0,-0.0036537111648509146,-0.003660402270706556,0.1015869378973781,0.08268954296464619
2015-02-06 00:00:00-05:00,85.80117519009886,85.88034826732827,85.38946552367618,85.39738464355469,2016700,0.0,0.0,0.0,-0.011184636072642196,-0.011247654446998495,0.08295058562864176,0.09145972762474083
2015-02-09 00:00:00-05:00,85.66659791815202,85.6745170402125,85.3499055219754,85.35781860351562,1599900,0.0,0.0,0.0,-0.0004633167655451187,-0.00046342412992149407,0.08509907906318628,0.08982087217480023
2015-02-10 00:00:00-05:00,85.21529693932052,85.30238915258653,85.0807020790075,85.14404296875,1244500,0.0,0.0,0.0,-0.00250446459695286,-0.0025076060145537995,0.07753562688189589,0.08925451239792645
2015-02-11 00:00:00-05:00,85.23112837130334,85.31030145689499,84.96985175238359,85.11236572265625,1286100,0.0,0.0,0.0,-0.0003720430107526651,-0.00037211223592394994,0.07053978553126938,0.08914167159280766
2015-02-12 00:00:00-05:00,85.09654032170297,85.3578109209813,85.0807020790075,85.14404296875,1845200,0.0,0.0,0.0,0.00037218147827045023,0.00037211223592401293,0.07604975570105574,0.08726827762094597
2015-02-13 00:00:00-05:00,85.11237394112611,85.15196350800431,84.85109729697743,84.85901641845703,1302400,0.0,0.0,0.0,-0.0033475806451612744,-0.0033531963293888466,0.02509205242192666,0.08080632451531979
2015-02-17 00:00:00-05:00,84.76396271688469,84.83522269354549,84.12265312952148,84.25724792480469,2170100,0.0,0.0,0.0,-0.007091391334126507,-0.0071166547557076,0.04664621696307447,0.08052572110161133
2015-02-18 00:00:00-05:00,84.32062207569903,84.88275883134139,84.24144899077405,84.66107177734375,8204600,0.0,0.0,0.0,0.004792749140103192,0.004781300483729063,0.07026413544646472,0.08240443233650928
2015-02-19 00:00:00-05:00,84.58191390339128,84.76401142741474,84.36813989107819,84.44731903076172,1459500,0.0,0.0,0.0,-0.002524805581769596,-0.002527998278473645,0.07046445812862476,0.08143370442283128
2015-02-20 00:00:00-05:00,84.74024523537024,84.88275920507037,84.23353024099629,84.39979553222656,1893000,0.0,0.0,0.0,-0.0005627591151572409,-0.0005629175235013681,0.0691498845267462,0.08122330131495246
2015-02-23 00:00:00-05:00,84.62937360859063,84.81147708072376,84.59770317689282,84.7877197265625,818200,0.0,0.0,0.0,0.004596269361669458,0.004585738770938955,0.07974886843701477,0.07915781746981294
2015-02-24 00:00:00-05:00,84.66896197433124,85.35777422244543,84.48685850474465,85.34986114501953,1180900,0.0,0.0,0.0,0.006629986279498068,0.0066081045841105334,0.06214406904691708,0.08330377880336232
2015-02-25 00:00:00-05:00,85.33405056509136,85.46864541115791,85.21528791952478,85.42906188964844,595300,0.0,0.0,0.0,0.0009279539950783899,0.0009275237119379644,0.05949978571500498,0.08318824167291587
2015-02-26 00:00:00-05:00,85.30236591757243,85.39737722630662,84.91441364448117,84.92233276367188,865900,0.0,0.0,0.0,-0.005931577788260367,-0.005949239471520168,0.07737784148892053,0.07941121075743521
2015-02-27 00:00:00-05:00,85.1203345049018,85.25492943298589,84.89864731969912,85.22325897216797,2901700,0.0,0.0,0.0,0.0035435461874737673,0.0035372826201479344,0.07720308537337721,0.08056197516697913
2015-03-02 00:00:00-05:00,85.1518090418403,85.17560397616957,84.5729260246796,84.58878326416016,10270800,0.17,0.0,0.0,-0.0074448655878675,-0.007472716918723959,0.09621742366468694,0.0754227978912765
2015-03-03 00:00:00-05:00,84.5650297669297,84.699837534179,84.3747125631616,84.40643310546875,1224400,0.0,0.0,0.0,-0.002155725045978607,-0.0021580519659500893,0.07283568254119951,0.07543355388199274
2015-03-04 00:00:00-05:00,84.55707859149386,84.62845130772108,84.35090418922286,84.4698486328125,1871100,0.0,0.0,0.0,0.0007513115412010052,0.0007510294479694586,0.07236518837792785,0.07142686885447597
2015-03-05 00:00:00-05:00,84.48568212513268,84.65221033749297,84.3429427930994,84.51740264892578,2253200,0.0,0.0,0.0,0.0005629703010359144,0.0005628118927059919,0.06593777329647345,0.07095595798604203
2015-03-06 00:00:00-05:00,83.93058505549494,83.94644834299824,83.61339190628712,83.65303802490234,1734000,0.0,0.0,0.0,-0.0102270609002727,-0.0102797166039743,0.0781722332938198,0.07744537077634432
2015-03-09 00:00:00-04:00,83.97822303274634,84.04166412353516,83.85927250003617,84.04166412353516,1218100,0.0,0.0,0.0,0.00464569019617822,0.004634932283232122,0.08819044927699501,0.07157410855039044
2015-03-10 00:00:00-04:00,84.41437867320732,84.52539757250844,84.28750252403873,84.39852142333984,1309200,0.0,0.0,0.0,0.004246195069152137,0.004237205421749428,0.09560576457481205,0.07377766788861341
2015-03-11 00:00:00-04:00,84.36676461844888,84.62052285781435,84.31918683921587,84.54915618896484,945700,0.0,0.0,0.0,0.0017848033719622958,0.0017832125030681821,0.09639851998330141,0.07384519119413727
2015-03-12 00:00:00-04:00,84.85840251947035,84.89804864217236,84.49362552022242,84.62843322753906,916800,0.0,0.0,0.0,0.0009376443497204345,0.0009372050358491525,0.096523397842019,0.07398390908349617
2015-03-13 00:00:00-04:00,84.54121620471157,84.7949744190507,84.45398625133815,84.5015640258789,846900,0.0,0.0,0.0,-0.0014991321098790644,-0.0015002569327330912,0.04005070168513772,0.0740650384980548
2015-03-16 00:00:00-04:00,84.81875653673892,84.92977536852204,84.65222828906423,84.79496765136719,639400,0.0,0.0,0.0,0.003472167987309982,0.003466153929236586,0.03585627270411161,0.07438199200245466
2015-03-17 00:00:00-04:00,84.98533204152172,85.00912094012155,84.8663814984466,84.96947479248047,768500,0.0,0.0,0.0,0.0020579893588823506,0.0020558745997192357,0.029143331492664706,0.06980681444402366
2015-03-18 00:00:00-04:00,85.20733082000741,86.02412094848337,84.95357260098835,85.94481658935547,1963600,0.0,0.0,0.0,0.01147873161811419,0.011413350828342718,0.0782033921953258,0.0788033279799034
2015-03-19 00:00:00-04:00,85.74660263893769,85.87348482504848,85.42940927381197,85.5404281616211,985600,0.0,0.0,0.0,-0.004705210200942611,-0.004716314548344696,0.09691621225716135,0.0803748233806337
2015-03-20 00:00:00-04:00,85.8258777228224,85.88931274414062,85.73864776217707,85.88931274414062,1194800,0.0,0.0,0.0,0.00407859289481638,0.004070297981549218,0.09158872544609385,0.08112681621999296
2015-03-23 00:00:00-04:00,85.9686135796443,86.0399802444755,85.80207926155822,86.00032806396484,795100,0.0,0.0,0.0,0.0012925393890963477,0.0012917047791602325,0.09259689257354163,0.0799628975706369
2015-03-24 00:00:00-04:00,86.00823525527687,86.26199340820312,85.93686861073743,86.26199340820312,584500,0.0,0.0,0.0,0.003042608675209557,0.003037989309011529,0.09233613947391028,0.07742122196901917
2015-03-25 00:00:00-04:00,86.26995312241783,86.30959925448254,85.88931274414062,85.88931274414062,1240200,0.0,0.0,0.0,-0.0043203344756818085,-0.0043296940881716785,0.06559288152431737,0.07929381140004264
2015-03-26 00:00:00-04:00,85.75449842910648,85.76243007494062,85.33421195099324,85.40557861328125,928300,0.0,0.0,0.0,-0.0056320642860467895,-0.005647984162759655,0.06986361270494747,0.07898913599727285
2015-03-27 00:00:00-04:00,85.57208872836979,85.80205194187585,85.57208872836979,85.73861694335938,2492500,0.0,0.0,0.0,0.0038994915260293084,0.0038919082165895184,0.06916325534683353,0.07919310315956136
2015-03-30 00:00:00-04:00,85.77036507127158,85.83380009020345,85.61969404490256,85.730712890625,2017700,0.0,0.0,0.0,-9.218777974451253e-05,-9.219202929905299e-05,0.06778449902875328,0.07375347744075303
2015-03-31 00:00:00-04:00,85.72279703849742,85.96069806606238,85.6593559578035,85.95276641845703,2137200,0.0,0.0,0.0,0.002590128092313071,0.002586779491502796,0.06630395248083393,0.07325474467855164
2015-04-01 00:00:00-04:00,86.21881571176077,86.45709530004211,86.20292676996189,86.36178588867188,2570100,0.175,0.0,0.0,0.004758653935855284,0.004747367334072885,0.06649565359736904,0.07450405031827675
2015-04-02 00:00:00-04:00,86.34594953285102,86.36183848432651,86.09178084797826,86.11560821533203,1126400,0.0,0.0,0.0,-0.002850539400113705,-0.002854609924850585,0.04950278794360504,0.07581544284770446
2015-04-06 00:00:00-04:00,86.53656687915593,86.60805503475507,86.17119980570178,86.22679901123047,1268500,0.0,0.0,0.0,0.0012911805211943683,0.0012903476644603883,0.045362689671200995,0.06328706487449272
2015-04-07 00:00:00-04:00,86.1235367338967,86.33005064579852,86.03616569654818,86.29827880859375,750700,0.0,0.0,0.0,0.0008289742653437848,0.0008286308559494125,0.04424464442531696,0.062231300852538064
2015-04-08 00:00:00-04:00,86.31418154398352,86.3300704961685,86.04412995543599,86.2188720703125,886400,0.0,0.0,0.0,-0.0009201427812641771,-0.0009205663724960104,0.04492743766661849,0.0617236417402458
2015-04-09 00:00:00-04:00,86.16319321686744,86.17113162576275,85.78988196374773,85.86930847167969,890600,0.0,0.0,0.0,-0.004054374526585525,-0.00406261578596356,0.03659354240607335,0.06426062148428917
2015-04-10 00:00:00-04:00,86.03614493690567,86.08379965128506,85.82963107483354,85.84552001953125,789700,0.0,0.0,0.0,-0.00027703090396125063,-0.00027706928411061406,0.033444561247905395,0.06436634743323733
2015-04-13 00:00:00-04:00,85.89316111508212,86.07584759099862,85.87727823275961,86.02024841308594,624800,0.0,0.0,0.0,0.0020353816193894314,0.0020333130366491053,0.03641772722217608,0.0639702081387226
2015-04-14 00:00:00-04:00,86.41741480619307,86.55244055867445,86.20295643709173,86.27444458007812,825400,0.0,0.0,0.0,0.002955073621404569,0.0029507159740191063,0.043635385531440085,0.06372015166756005
2015-04-15 00:00:00-04:00,86.40947644429026,86.45713116974657,86.28238909659574,86.32210540771484,566400,0.0,0.0,0.0,0.0005524327379757832,0.0005522802031850122,0.04303835059829119,0.06357270107346294
2015-04-16 00:00:00-04:00,86.36973117412397,86.49681847920719,86.12350709534553,86.3856201171875,903300,0.0,0.0,0.0,0.0007357873070017451,0.0007355167482288456,0.020382834719761468,0.04951619727971174
2015-04-17 00:00:00-04:00,86.31414884162153,86.67157741204592,86.25854964975873,86.56037902832031,1945700,0.0,0.0,0.0,0.0020230092797359767,0.002020965752049218,0.01593546118118722,0.04621684949263299
2015-04-20 00:00:00-04:00,86.52062443249866,86.54445178134387,86.29822776347055,86.40148162841797,878100,0.0,0.0,0.0,-0.0018356828110740464,-0.0018373697415277562,0.028744745088651835,0.04506107084329024
2015-04-21 00:00:00-04:00,86.33800891240128,86.35389786458626,86.17915574970975,86.2188720703125,811000,0.0,0.0,0.0,-0.002113500308835059,-0.002115736902529418,0.028279745580227993,0.04568481032241073
2015-04-22 00:00:00-04:00,86.16324444080792,86.16324444080792,85.70256193713165,85.71844482421875,725100,0.0,0.0,0.0,-0.005804149765328059,-0.005821059304655339,0.04787026962806209,0.048886941380995835
2015-04-23 00:00:00-04:00,85.77403118356946,86.08379894420483,85.7263764695815,85.98054504394531,918700,0.0,0.0,0.0,0.003057687528793318,0.003053022309717005,0.05646065227917792,0.047866895180513326
2015-04-24 00:00:00-04:00,86.11565010247412,86.30628125374736,86.10771168273453,86.2824478149414,739100,0.0,0.0,0.0,0.003511291663035987,0.003505141471005143,0.06208098182701132,0.044324824672615136
2015-04-27 00:00:00-04:00,86.18708569867405,86.2744567413856,86.02028808800434,86.14736938476562,854400,0.0,0.0,0.0,-0.0015655377611156762,-0.0015667644958566294,0.06178123434183057,0.04301519412554676
2015-04-28 00:00:00-04:00,85.94083091427846,86.13146189476156,85.71843416357183,85.75020599365234,1101100,0.0,0.0,0.0,-0.004610278804212831,-0.004620938916216729,0.06791646166027707,0.046340945630738976
2015-04-29 00:00:00-04:00,85.345169827587,85.56757276087039,85.23397139087547,85.43254089355469,1118000,0.0,0.0,0.0,-0.0037045403730129323,-0.0037114191764923256,0.05988013775933998,0.047083124536297885
2015-04-30 00:00:00-04:00,85.13065736364975,85.48014138092789,84.95591535501069,85.40865325927734,2650600,0.0,0.0,0.0,-0.0002796081449468746,-0.00027964724259241816,0.050820481433956295,0.04313560071785386
2015-05-01 00:00:00-04:00,85.15650297835673,85.24400664053313,84.8780789246735,84.94171905517578,1854300,0.163,0.0,0.0,-0.005467059674668762,-0.005482058737571865,0.03419044354285217,0.045896942792576695
2015-05-04 00:00:00-04:00,85.0133123526899,85.13263000633552,84.75875790981816,84.76670837402344,2784900,0.0,0.0,0.0,-0.0020603618940023827,-0.002062487359556819,0.03292525724997707,0.04552619554680264
2015-05-05 00:00:00-04:00,84.81442498543305,84.81442498543305,84.41668336659713,84.62350463867188,2050800,0.0,0.0,0.0,-0.0016893865303780897,-0.0016908151530265632,0.0316860589478563,0.045170895915972106
2015-05-06 00:00:00-04:00,84.48034612313077,84.53602972592923,84.11442443773268,84.20988464355469,1802100,0.0,0.0,0.0,-0.0048877672566656205,-0.00489975145764753,0.03511762808683946,0.04725386998152
2015-05-07 00:00:00-04:00,84.3610344778269,84.65535951261685,84.29739433606662,84.56785583496094,2201300,0.0,0.0,0.0,0.004250940289509675,0.004241930567007551,0.06124032328688742,0.04967358836136609
2015-05-08 00:00:00-04:00,85.08491152652803,85.14855166092887,84.79853699078157,84.89399719238281,1004300,0.0,0.0,0.0,0.003856564107033167,0.0038491466282160273,0.06343687742459458,0.05230265154216334
2015-05-11 00:00:00-04:00,84.63151083496054,84.63151083496054,84.0348980565945,84.05876159667969,1324400,0.0,0.0,0.0,-0.009838570727331297,-0.009887289274934744,0.09480950825039842,0.06080379983437679
2015-05-12 00:00:00-04:00,83.9235122356009,84.29739046495091,83.84396509658248,84.12238311767578,1431000,0.0,0.0,0.0,0.000756869596787002,0.0007565833154363914,0.09634258637459732,0.059320067368459274
2015-05-13 00:00:00-04:00,84.44055567884553,84.44055567884553,83.97121736387494,84.01099395751953,1221200,0.0,0.0,0.0,-0.0013241322467104633,-0.0013250096844617954,0.09084975740701777,0.058934206471457716
2015-05-14 00:00:00-04:00,84.12240928529773,84.3849203878687,84.12240928529773,84.29741668701172,617500,0.0,0.0,0.0,0.0034093481817036864,0.0034035495302018773,0.08826018396554754,0.06091951242902117
2015-05-15 00:00:00-04:00,84.54399103999631,84.95764588621994,84.50422050378188,84.90196228027344,854900,0.0,0.0,0.0,0.00717157911856714,0.007145985635980349,0.10107859071955191,0.06698887771813916
2015-05-18 00:00:00-04:00,84.55989166934188,84.63148226543024,84.31328767723795,84.3292007446289,1000400,0.0,0.0,0.0,-0.006746151917593646,-0.006769010061451191,0.082774796366475,0.07004008043281118
2015-05-19 00:00:00-04:00,83.94737336062879,84.30534457952236,83.85986968950309,83.95532989501953,1240400,0.0,0.0,0.0,-0.004433468434517196,-0.004443325400183689,0.09023205056734594,0.07091833356268606
2015-05-20 00:00:00-04:00,84.16214474609451,84.37692259013293,84.0189574937167,84.13827514648438,1682600,0.0,0.0,0.0,0.002179078465817552,0.002176707717743499,0.09135440316350711,0.06987709915040442
2015-05-21 00:00:00-04:00,84.40080258304549,84.655357073695,84.34511897787397,84.63945007324219,836700,0.0,0.0,0.0,0.0059565628827698,0.005938892696412095,0.09831286722971742,0.0727641045972994
2015-05-22 00:00:00-04:00,84.48032320722862,84.54396332718045,84.273501920969,84.4485092163086,852300,0.0,0.0,0.0,-0.0022559321541948396,-0.0022584806026095566,0.08128098786964369,0.07111862884067176
2015-05-26 00:00:00-04:00,84.48825794418597,84.97350311279297,84.45643789241862,84.97350311279297,1925600,0.0,0.0,0.0,0.006216733739368152,0.006197489566259197,0.07608073789009122,0.07561380032876243
2015-05-27 00:00:00-04:00,84.86218688464751,84.98946109902892,84.68717952944736,84.92582702636719,1015000,0.0,0.0,0.0,-0.0005610700357085996,-0.0005612274944007419,0.06027499976439101,0.074171050206751
2015-05-28 00:00:00-04:00,84.91787504085646,85.07696933462117,84.84628442937982,85.00537872314453,1068200,0.0,0.0,0.0,0.0009367197184038112,0.0009362812702690345,0.06108110915091764,0.07331338853622842
2015-05-29 00:00:00-04:00,85.15647150067325,85.26783865335744,85.04510434798905,85.05305480957031,1148500,0.0,0.0,0.0,0.0005608596437298718,0.000560702420743828,0.05047936525730353,0.07336811649233904
2015-06-01 00:00:00-04:00,85.03637916729122,85.10011398458349,84.5742667895904,84.67784118652344,2161700,0.169,0.0,0.0,-0.004411524358377994,-0.00442128384534676,0.0605070398993596,0.0724527441097721
2015-06-02 00:00:00-04:00,84.35911592192157,84.38302330929277,84.03245457182219,84.08822631835938,1484500,0.0,0.0,0.0,-0.006963036136753753,-0.00698739119549027,0.054796747778352625,0.0761660277456476
2015-06-03 00:00:00-04:00,83.7695261310634,83.7695261310634,83.32335216881998,83.37115478515625,1703400,0.0,0.0,0.0,-0.008527609209977638,-0.008564177310119391,0.0683303787347134,0.08140032128289114
2015-06-04 00:00:00-04:00,83.54646304991057,83.89703187976798,83.54646304991057,83.77751922607422,1594800,0.0,0.0,0.0,0.004874161116817266,0.00486232085217231,0.08798469029094866,0.0821631678561343
2015-06-05 00:00:00-04:00,83.18788191756255,83.42690100477692,83.02852978075717,83.17194366455078,1384900,0.0,0.0,0.0,-0.007228377816837606,-0.007254629119152658,0.0860755148857125,0.08391803535888533
2015-06-08 00:00:00-04:00,83.38711524304131,83.45085005556956,83.28353477518424,83.29150390625,877800,0.0,0.0,0.0,0.001437506885512141,0.0014364746615901137,0.0957211266176362,0.08255890419529231
2015-06-09 00:00:00-04:00,83.21974683162478,83.25161725920238,82.92495601419145,83.02056121826172,822400,0.0,0.0,0.0,-0.0032529450818086225,-0.003258247409571095,0.09019563243825916,0.07620921591933362
2015-06-10 00:00:00-04:00,82.8851517351062,82.93295435748563,82.67003385573368,82.701904296875,967000,0.0,0.0,0.0,-0.0038382891745211145,-0.003845674309995351,0.07553413812164622,0.07685869457848508
2015-06-11 00:00:00-04:00,82.98873888346965,83.36320292009297,82.8771892911434,83.35523986816406,3069700,0.0,0.0,0.0,0.007899885460240341,0.007868844736700768,0.09292815249019416,0.08283019504082804
2015-06-12 00:00:00-04:00,83.21179834365441,83.65000312253022,83.19586008774557,83.30740356445312,1578100,0.0,0.0,0.0,-0.0005738847826074478,-0.0005740495175082189,0.07511459835320262,0.08161186914281261
2015-06-15 00:00:00-04:00,83.7296787571938,83.77748744773623,83.42691875085598,83.506591796875,1478800,0.0,0.0,0.0,0.0023910027668521128,0.0023881488679514183,0.07629249957983496,0.07723813197978743
2015-06-16 00:00:00-04:00,83.68993348910071,83.84927974910191,83.57042075476473,83.82537841796875,779000,0.0,0.0,0.0,0.003817502477758694,0.0038102343068093475,0.0705286061280559,0.0755667494553169
2015-06-17 00:00:00-04:00,83.70577743116824,83.96073482556622,83.32334437890314,83.87309265136719,1994000,0.0,0.0,0.0,0.0005692098777116961,0.0005690479392176667,0.0523911632497721,0.07399772715512662
2015-06-18 00:00:00-04:00,83.76159374984516,83.8890755542229,83.49070403354295,83.80940246582031,1481600,0.0,0.0,0.0,-0.0007593637426918098,-0.000759652205379983,0.03134135351257437,0.07356352832110634
2015-06-19 00:00:00-04:00,84.12011699424616,84.2794631430703,84.06434523429111,84.25556182861328,1849600,0.0,0.0,0.0,0.00532350010459659,0.005309380366697987,0.03872451647402896,0.07289374610248654
2015-06-22 00:00:00-04:00,83.88106294014504,83.91293337471872,83.51456206054351,83.54643249511719,860300,0.0,0.0,0.0,-0.008416409766972444,-0.008452027734730826,0.08496660358554046,0.07826134494091244
2015-06-23 00:00:00-04:00,83.24370127718733,83.58630096902374,83.20386170052446,83.29150390625,925000,0.0,0.0,0.0,-0.0030513402099136,-0.0030560050401915815,0.07991123149543106,0.07449587405176113
2015-06-24 00:00:00-04:00,83.43493876846232,83.57835277023447,83.28355563362852,83.53851318359375,1176500,0.0,0.0,0.0,0.0029655999202724548,0.0029612112034734166,0.08502725978020026,0.07580467512179256
2015-06-25 00:00:00-04:00,83.33136749267578,83.47478151031221,83.2038917429257,83.33136749267578,919800,0.0,0.0,0.0,-0.0024796430176189377,-0.002482722423971948,0.0858642285254527,0.07572914903726125
2015-06-26 00:00:00-04:00,83.01263202162653,83.0923050837287,82.83734763780278,82.93295288085938,1441500,0.0,0.0,0.0,-0.004781088128085975,-0.004792554091048089,0.06557495856224316,0.07665293076075619
2015-06-29 00:00:00-04:00,83.4588074655326,83.97669149608754,83.34726396094109,83.89701843261719,1500900,0.0,0.0,0.0,0.011624637954743777,0.011557590948819963,0.10606991663645032,0.08815400218399641
2015-06-30 00:00:00-04:00,83.53846521932752,83.95277479930907,83.53846521932752,83.66594696044922,1599400,0.0,0.0,0.0,-0.0027542274622495144,-0.0027580273254351837,0.10539930767702511,0.08524675712672355
2015-07-01 00:00:00-04:00,83.30843382694424,83.39621139815553,83.10894045383759,83.2286376953125,3738800,0.162,0.0,0.0,-0.005226848927478711,-0.005240556688795904,0.11124297866648573,0.08172193213617618
2015-07-02 00:00:00-04:00,83.51590465373849,83.67549690938525,83.46004066740238,83.52388000488281,1924600,0.0,0.0,0.0,0.003547364437841205,0.0035410873809061335,0.11345528114505483,0.08078700800171278
2015-07-06 00:00:00-04:00,84.1543512305223,84.23414742611075,83.80324066426172,84.11445617675781,1723300,0.0,0.0,0.0,0.007070746376251602,0.007045865862779777,0.1099640907543858,0.08008679002892914
2015-07-07 00:00:00-04:00,84.56930386116161,84.8326307061196,84.29798948191501,84.337890625,2083900,0.0,0.0,0.0,0.002656314483834521,0.002652792715753133,0.07894957331458466,0.08037708326626927
2015-07-08 00:00:00-04:00,84.50539991836345,84.77670800231287,84.41762234107276,84.6729736328125,1991200,0.0,0.0,0.0,0.003973101595609263,0.003965229671212783,0.07267742637392556,0.07983011386231445
2015-07-09 00:00:00-04:00,84.25806104560964,84.36180154880266,84.06654901456837,84.08251190185547,1206900,0.0,0.0,0.0,-0.006973437988815556,-0.00699786603874315,0.08435110939762881,0.08305955753788392
2015-07-10 00:00:00-04:00,83.53986297056046,83.7632946174121,83.35632635318618,83.49996185302734,3719900,0.0,0.0,0.0,-0.006928314053082807,-0.006952426256711314,0.10332440312967853,0.08302318100285935
2015-07-13 00:00:00-04:00,83.13291475848186,83.46008086655591,83.13291475848186,83.27655029296875,1322300,0.0,0.0,0.0,-0.0026755887679545953,-0.0026791745530679203,0.08204158910807412,0.0835826455392233
2015-07-14 00:00:00-04:00,83.49997772009951,83.56381708506126,83.42018155792579,83.53987884521484,1321600,0.0,0.0,0.0,0.003162097268915476,0.003157108353536924,0.0839034700785019,0.08392000015534601
2015-07-15 00:00:00-04:00,83.44409573018429,83.92287865318934,83.43611428985191,83.85903930664062,1239500,0.0,0.0,0.0,0.0038204563597361574,0.0038131769508896332,0.08323599027361858,0.08392176748652794
2015-07-16 00:00:00-04:00,83.64365746459157,83.92294722387173,83.58779951273553,83.82719421386719,811400,0.0,0.0,0.0,-0.00037974549955188674,-0.0003798176211332436,0.07014392934316165,0.08390900100215269
2015-07-17 00:00:00-04:00,83.74737403989444,83.9149539477414,83.73939868280371,83.83515167236328,881300,0.0,0.0,0.0,9.492693356505377e-05,9.49224282888082e-05,0.04250042385687353,0.08386314889543164
2015-07-20 00:00:00-04:00,83.69150263562854,83.72342232303275,83.5239288427998,83.66756439208984,842500,0.0,0.0,0.0,-0.0019990096866334683,-0.0020010103732029483,0.039149574225364574,0.08173220183664102
2015-07-21 00:00:00-04:00,83.57978079446771,83.93887268603241,83.54786110934701,83.89897155761719,676600,0.0,0.0,0.0,0.002765793019178897,0.0027619752514831757,0.037810490049754224,0.07654603983156144
2015-07-22 00:00:00-04:00,83.92288177535352,84.13035661532791,83.9149064227796,84.00267791748047,523800,0.0,0.0,0.0,0.0012360861872073858,0.0012353228616356624,0.028326587850155634,0.0756219586529115
2015-07-23 00:00:00-04:00,83.92288488831313,84.34580993652344,83.89894665359265,84.34580993652344,1064800,0.0,0.0,0.0,0.004084774766109689,0.004076454722970639,0.037417328370275164,0.07622048058018857
2015-07-24 00:00:00-04:00,84.40967340509229,84.4655313314182,84.27401931088043,84.4256362915039,1098400,0.0,0.0,0.0,0.0009464175522240215,0.0009459699815027064,0.03625079142635107,0.07541486051577855
2015-07-27 00:00:00-04:00,84.72887141011098,84.76877254149471,84.58523586041062,84.7049331665039,1392600,0.0,0.0,0.0,0.003308199822571023,0.0033027397681913554,0.021359033137315322,0.07310039160866515
2015-07-28 00:00:00-04:00,84.4974424476423,84.57723860743644,84.42562773024459,84.46552276611328,6205200,0.0,0.0,0.0,-0.0028264044541540523,-0.002830406277516261,0.04269309275088374,0.06267480878850457
2015-07-29 00:00:00-04:00,84.38571105309467,84.65701916400104,84.22611876292099,84.34580993652344,2107300,0.0,0.0,0.0,-0.0014172981551459074,-0.0014183034721777883,0.047069748711730544,0.06197368346723558
2015-07-30 00:00:00-04:00,84.28998761294199,84.4655428590849,84.23412967899272,84.44160461425781,683200,0.0,0.0,0.0,0.0011357372441673785,0.0011350927825367135,0.03795312764841736,0.058301954441835585
2015-07-31 00:00:00-04:00,84.86451951822797,85.00017361445283,84.77674190583366,84.93634033203125,1113000,0.0,0.0,0.0,0.005858909479911745,0.005841812815800514,0.05568285252703002,0.06032567961726971
2015-08-03 00:00:00-04:00,84.95552405589733,85.2752012912634,84.92355511287023,85.19528198242188,2627700,0.164,0.0,0.0,0.003048655609346751,0.003044017882332064,0.055094631756823366,0.0563813912059654
2015-08-04 00:00:00-04:00,85.0754145950065,85.1153773050231,84.70778083317687,84.7557373046875,1036000,0.0,0.0,0.0,-0.005159260788937359,-0.005172615729097722,0.06694360356141243,0.05942592817808164
2015-08-05 00:00:00-04:00,84.55590003176337,84.57188145050932,84.30814231031943,84.42802429199219,1283300,0.0,0.0,0.0,-0.0038665584551192955,-0.0038740529170169504,0.07372346552802485,0.05943387443227276
2015-08-06 00:00:00-04:00,84.55593011713003,84.76371912201411,84.51596740986992,84.72376251220703,731700,0.0,0.0,0.0,0.003502844259295257,0.003496723589347426,0.07743123599604872,0.05491600345523258
2015-08-07 00:00:00-04:00,84.79567852027714,85.0833929072846,84.74772815492668,85.05941772460938,1533700,0.0,0.0,0.0,0.003961759988574398,0.003953932883401611,0.0702729479810248,0.048961633644420396
2015-08-10 00:00:00-04:00,84.7796571364752,84.86757016314785,84.61182483940453,84.70772552490234,1123900,0.0,0.0,0.0,-0.004134665027283435,-0.004143236389359994,0.07105529349438318,0.05063221868174549
2015-08-11 00:00:00-04:00,85.16331132695056,85.4590194709158,85.15532366444371,85.2672119140625,2263800,0.0,0.0,0.0,0.006604903929284145,0.00658318712382092,0.07787863089826058,0.054069069863142714
2015-08-12 00:00:00-04:00,85.40304655123953,85.69076083823862,85.2272204761345,85.23521423339844,1765700,0.0,0.0,0.0,-0.00037526359717632296,-0.0003753340261801845,0.06666791605078293,0.053241254204387446
2015-08-13 00:00:00-04:00,85.043428290292,85.22724207178712,84.93952771188435,85.01145935058594,1626500,0.0,0.0,0.0,-0.0026251460130057858,-0.0026285977510014462,0.0714761974453907,0.054493946643008294
2015-08-14 00:00:00-04:00,84.859615581982,85.06741065890418,84.77969627468956,84.92355346679688,612500,0.0,0.0,0.0,-0.001034047462078469,-0.0010345824579946286,0.06561201405126353,0.054808650192830696
2015-08-17 00:00:00-04:00,85.21130140682996,85.27523321936859,85.05945039495948,85.07543182373047,905300,0.0,0.0,0.0,0.001788412645650439,0.0017868153398991925,0.056752593931938086,0.05402324318890499
2015-08-18 00:00:00-04:00,84.9315738028778,85.1074000050337,84.90759861121192,84.93956756591797,690400,0.0,0.0,0.0,-0.0015969858148237037,-0.0015982623559297935,0.02620072459996451,0.05418016629326359
2015-08-19 00:00:00-04:00,84.77169034373513,85.52294513881866,84.76369658491788,85.4590072631836,1444500,0.0,0.0,0.0,0.006115403128965857,0.006096779938229667,0.055959379004419,0.05757553552272911
2015-08-20 00:00:00-04:00,85.58687244341489,85.76269854349528,85.52294066857293,85.6907730102539,1933300,0.0,0.0,0.0,0.0027120107580533848,0.002708339892331248,0.04945349408649517,0.056758063734320144
2015-08-21 00:00:00-04:00,85.81067783058177,86.08240471395692,85.71477099662145,86.03445434570312,2123600,0.0,0.0,0.0,0.0040107157792601544,0.004002694299492971,0.04534243675616193,0.057895640471361975
2015-08-24 00:00:00-04:00,86.71379568279436,86.92159081752412,85.97852809523243,86.17832946777344,3074800,0.0,0.0,0.0,0.0016722965603082063,0.0016708998293641557,0.04548160759145299,0.057300244728873635
2015-08-25 00:00:00-04:00,85.8426260982101,85.85061375935993,85.3950670783188,85.70675659179688,2925500,0.0,0.0,0.0,-0.00547205868214129,-0.005487085237784779,0.06975784361923736,0.06025644441498589
2015-08-26 00:00:00-04:00,85.31516183221146,85.69878304136175,85.10736675652787,85.1792984008789,3512900,0.0,0.0,0.0,-0.006154219479219569,-0.006173234744137131,0.07611783523299895,0.0646853683548296
2015-08-27 00:00:00-04:00,85.05942210452069,85.28319861761543,84.97950279233724,85.13134765625,1414100,0.0,0.0,0.0,-0.0005629389479500091,-0.0005630974575698526,0.07034709872739141,0.06474483253210793
2015-08-28 00:00:00-04:00,85.47500989057572,85.53894778207443,85.08340097568879,85.1473388671875,1998000,0.0,0.0,0.0,0.00018784162799900805,0.00018782398796939008,0.05591604136384134,0.061466589348703096
2015-08-31 00:00:00-04:00,85.45102436594229,85.47499954799004,84.97949619246397,85.00347137451172,5431600,0.0,0.0,0.0,-0.001689629935472059,-0.0016910589700514032,0.045964960176457285,0.06078103237866501
2015-09-01 00:00:00-04:00,85.24119339568661,85.40928967638473,85.15314209050567,85.3852767944336,3749700,0.167,0.0,0.0,0.004491645032232983,0.004481587699418907,0.06069678385251726,0.05978443427092084
2015-09-02 00:00:00-04:00,85.19315511303382,85.3852642474535,85.1131101492789,85.15312957763672,2441700,0.0,0.0,0.0,-0.0027188202171642972,-0.0027225229216990086,0.04401910517463959,0.05883524395469581
2015-09-03 00:00:00-04:00,85.36126708984375,85.40129263261228,85.14514503719874,85.36126708984375,1791300,0.0,0.0,0.0,0.002444273196292368,0.0024412908194039636,0.046928494425247554,0.05821973658741418
2015-09-04 00:00:00-04:00,85.52140137075024,85.71351674715999,85.34530476960667,85.6254653930664,1421300,0.0,0.0,0.0,0.00309506070176524,0.0030902808614491285,0.049981395372729005,0.05759067513716816
2015-09-08 00:00:00-04:00,85.26522072736324,85.35327204746606,85.185175738281,85.24921417236328,1583500,0.0,0.0,0.0,-0.0043941509570305515,-0.004403833613460794,0.06185272334872028,0.057864670692194066
2015-09-09 00:00:00-04:00,84.92099273539155,85.39326839143077,84.89697985758329,85.28120422363281,1397200,0.0,0.0,0.0,0.0003752533273193581,0.00037518293739834346,0.05150538353032768,0.05291077326393982
2015-09-10 00:00:00-04:00,85.20920630071292,85.2172126333944,84.98507784197135,85.08914184570312,1601600,0.0,0.0,0.0,-0.0022521067763776603,-0.002254646582837175,0.05017962224360694,0.053509699584697715
2015-09-11 00:00:00-04:00,85.265215804355,85.41730554975881,85.23320269620343,85.31324768066406,1069000,0.0,0.0,0.0,0.002633777120085723,0.002630314807101303,0.050810054628050695,0.053448663618387356
2015-09-14 00:00:00-04:00,85.4893376606603,85.49733788299396,85.29722239793345,85.39328002929688,897500,0.0,0.0,0.0,0.0009380998943140373,0.000937660153600504,0.04410794087058359,0.05331152680009502
2015-09-15 00:00:00-04:00,85.22518882069791,85.25720803305569,84.70488730720454,84.72089385986328,1903000,0.0,0.0,0.0,-0.007873993939604085,-0.007905157525603349,0.06515971079625854,0.06026747945420968
2015-09-16 00:00:00-04:00,84.67284076293828,84.86494986803292,84.60880235889395,84.69685363769531,1305300,0.0,0.0,0.0,-0.0002837578910314109,-0.00028379815791931715,0.06429543087525687,0.060044163732462894
2015-09-17 00:00:00-04:00,84.65688369398897,85.40931400664087,84.65688369398897,85.40131378173828,2394300,0.0,0.0,0.0,0.00831742991370632,0.008283030703909053,0.09266275779974391,0.06349463216695535
2015-09-18 00:00:00-04:00,85.62544153034355,85.81755074617134,85.52938386890874,85.80154418945312,2074200,0.0,0.0,0.0,0.004686466636072195,0.004675519340738689,0.09636867190970388,0.06499308506360564
2015-09-21 00:00:00-04:00,85.48935031070198,85.80153002502705,85.23320269620343,85.31324768066406,1591700,0.0,0.0,0.0,-0.005690999077019976,-0.0057072545147255245,0.108094682081634,0.06630661167781271
2015-09-22 00:00:00-04:00,85.64146825588472,85.88961574627034,85.57743590689022,85.7375259399414,1395500,0.0,0.0,0.0,0.004973181432096574,0.004960856012791869,0.08677854230488195,0.06867606656694586
2015-09-23 00:00:00-04:00,85.67348345991343,85.74552824633291,85.52939999411748,85.64146423339844,1364300,0.0,0.0,0.0,-0.0011204161245597088,-0.0011210442599316277,0.08859324519559122,0.06596906060553243
2015-09-24 00:00:00-04:00,85.99364440405677,86.08169572439493,85.7455031051262,85.76951599121094,1393000,0.0,0.0,0.0,0.0014952074787455416,0.0014940907690465014,0.0704588813262571,0.06202013818773802
2015-09-25 00:00:00-04:00,85.51339855721137,85.6174564693366,85.4173408719119,85.54541778564453,1564000,0.0,0.0,0.0,-0.0026127955017184457,-0.0026162148091513526,0.06433109086622404,0.062842840651125
2015-09-28 00:00:00-04:00,85.66544298402655,86.03366088867188,85.62542354711508,86.03366088867188,1926000,0.0,0.0,0.0,0.005707413858808463,0.005691188280450112,0.05798505735527262,0.06575696042678497
2015-09-29 00:00:00-04:00,86.10570557941887,86.3938724163742,86.03366692370054,86.329833984375,2460900,0.0,0.0,0.0,0.0034425257816981247,0.0034366138539099716,0.05335598045578789,0.0659864543655627
2015-09-30 00:00:00-04:00,86.14574017216022,86.3698686006516,86.12172117735759,86.34585571289062,2676000,0.0,0.0,0.0,0.00018558738938989627,0.00018557017018075843,0.05020928969889484,0.06453052792011206
2015-10-01 00:00:00-04:00,86.50133995939278,86.62159327543529,86.38108664335027,86.41315460205078,10101300,0.164,0.0,0.0,0.0007794107615763934,0.0007791071787423402,0.05059820593347869,0.06335172605091056
2015-10-02 00:00:00-04:00,87.18278146486068,87.35915220827737,86.6857371985354,86.83003997802734,3320200,0.0,0.0,0.0,0.004824327706775655,0.004812727930319644,0.03864496241884683,0.06474774198804185
2015-10-05 00:00:00-04:00,86.64569188704984,86.64569188704984,86.3169997110891,86.34906768798828,3034900,0.0,0.0,0.0,-0.0055392383806430745,-0.005554636851756365,0.06336053273022711,0.06797055831564608
2015-10-06 00:00:00-04:00,86.28493724682276,86.56553053353207,86.2528692678748,86.52544403076172,2104000,0.0,0.0,0.0,0.0020425969555426526,0.0020405136907457916,0.060302314724900545,0.0657146896866243
2015-10-07 00:00:00-04:00,86.31700288577922,86.4292377508837,86.19674949706972,86.30899047851562,2338000,0.0,0.0,0.0,-0.0025016173528001895,-0.0025047516257489903,0.06397443570914214,0.06671886971838906
2015-10-08 00:00:00-04:00,86.34103319583905,86.41318765960249,86.00432867518315,86.0844955444336,2176800,0.0,0.0,0.0,-0.002601060826194157,-0.0026044494622126354,0.06559793250711381,0.06692841119445624
2015-10-09 00:00:00-04:00,86.0443906228479,86.20472431561178,86.00430414148776,86.13257598876953,1069400,0.0,0.0,0.0,0.0005585261786325013,0.0005583702609397664,0.047131551982970296,0.06649191476358277
2015-10-12 00:00:00-04:00,86.30092739847393,86.43721164768964,86.22877295596439,86.42118072509766,1336300,0.0,0.0,0.0,0.003350703645108144,0.0033451025459111036,0.04244076090828426,0.06725642125884523
2015-10-13 00:00:00-04:00,86.48532861933687,86.53343362985,86.27689600035832,86.5013656616211,1849700,0.0,0.0,0.0,0.0009278389377542773,0.0009274087612761646,0.04001001829377725,0.059324854881209865
2015-10-14 00:00:00-04:00,86.8059672797568,86.9903564938434,86.629596583588,86.97431945800781,1359600,0.0,0.0,0.0,0.005467587624417902,0.0054526946283805985,0.04840489031224736,0.061099817041716624
2015-10-15 00:00:00-04:00,86.830072503458,86.85412195632549,86.62163983437912,86.6777572631836,1075500,0.0,0.0,0.0,-0.003409767350549986,-0.003415593855697404,0.052896411622388805,0.057391865521410956
2015-10-16 00:00:00-04:00,86.76594596487912,86.76594596487912,86.55750717153892,86.60560607910156,1773000,0.0,0.0,0.0,-0.0008324071406572431,-0.0008327537838600196,0.055130113345837665,0.055687192233336326
2015-10-19 00:00:00-04:00,86.60560162236028,86.6216386682834,86.3811319101642,86.56552124023438,1744500,0.0,0.0,0.0,-0.0004628434657055758,-0.00046295061080466374,0.0518768269076146,0.050899052199330254
2015-10-20 00:00:00-04:00,86.31702745046758,86.36513248944628,86.2288420147403,86.26892852783203,1134500,0.0,0.0,0.0,-0.003426222220498709,-0.0034321051612026202,0.05764662197540667,0.05034950960616178
2015-10-21 00:00:00-04:00,86.42923081525167,86.6216386682834,86.42923081525167,86.56552124023438,6576500,0.0,0.0,0.0,0.0034380015778989748,0.0034321051612025786,0.04467989796144587,0.05121983972189326
2015-10-22 00:00:00-04:00,86.60555712548454,86.74184136410513,86.4612543680222,86.65365600585938,2411400,0.0,0.0,0.0,0.0010181278222816115,0.0010176098816737107,0.04007211465596632,0.051129960562248424
2015-10-23 00:00:00-04:00,86.27690005807791,86.27690005807791,86.14060965761027,86.16466522216797,2029600,0.0,0.0,0.0,-0.00564304850170827,-0.00565903065363652,0.05696080793046284,0.054604176788770165
2015-10-26 00:00:00-04:00,86.30897039969048,86.42120523868478,86.2849148344717,86.3891372680664,3131500,0.0,0.0,0.0,0.0026051519531777867,0.002601764426899867,0.06270925241753175,0.051607674014360255
2015-10-27 00:00:00-04:00,86.58155662532025,86.73387798772362,86.5334577177576,86.60560607910156,1373100,0.0,0.0,0.0,0.0025057410906124122,0.00250260695586751,0.05869623504095441,0.05093243476340849
2015-10-28 00:00:00-04:00,86.56550569737114,86.58153662407496,86.04441189256939,86.15664672851562,2058200,0.0,0.0,0.0,-0.005183952528152513,-0.005197435828103427,0.06564703840720602,0.054354148763316366
2015-10-29 00:00:00-04:00,85.94822185064746,85.95624037346303,85.61151728848311,85.62754821777344,1772400,0.0,0.0,0.0,-0.006141122372246066,-0.006160056622407626,0.07160156121360581,0.058272139088936505
2015-10-30 00:00:00-04:00,85.69165162825632,85.84397292220778,85.65958366551187,85.79586791992188,3424800,0.0,0.0,0.0,0.0019657190431325855,0.001963789545607234,0.07005788622389048,0.05566552931584689
2015-11-02 00:00:00-05:00,85.61363561169362,85.66983863635814,85.52531569783936,85.54940795898438,5313500,0.163,0.0,0.0,-0.0028726320615759526,-0.0028767659877872876,0.06352857117063956,0.05327643268019799
2015-11-03 00:00:00-05:00,85.47713864463624,85.52531091289062,85.28444344594882,85.3245849609375,1941700,0.0,0.0,0.0,-0.002627990110167233,-0.002631449338050363,0.049850350795704504,0.052945415847130965
2015-11-04 00:00:00-05:00,85.34866548803716,85.48515764644121,85.15596419017005,85.23625946044922,1933200,0.0,0.0,0.0,-0.001035170584523959,-0.0010357067436361882,0.0468643704482297,0.052535407017499404
2015-11-05 00:00:00-05:00,85.23627048706659,85.26035662099862,85.05159991747125,85.18006134033203,1554600,0.0,0.0,0.0,-0.0006593217542971708,-0.0006595392024691423,0.03080162454192162,0.052013781861115986
2015-11-06 00:00:00-05:00,84.65818514199415,84.72241279542384,84.48957606610936,84.60198211669922,2968600,0.0,0.0,0.0,-0.006786555615675538,-0.006809689007679691,0.03857909399538099,0.056342811866321146
2015-11-09 00:00:00-05:00,84.33696836306434,84.58586644059552,84.3209068657399,84.45740509033203,3223900,0.0,0.0,0.0,-0.0017089082637302688,-0.0017103701131389389,0.03931174542936315,0.05411004377804278
2015-11-10 00:00:00-05:00,84.59394822794064,84.77058805108445,84.50562831636874,84.61803436279297,1467900,0.0,0.0,0.0,0.0019018968471637976,0.0019000905312768761,0.050426751577112267,0.05471161258982629
2015-11-11 00:00:00-05:00,84.53771646863916,84.61800559941169,84.50559959119656,84.5778579711914,1638100,0.0,0.0,0.0,-0.0004747970323832895,-0.0004749097841851626,0.05101600300026592,0.04902988758116578
2015-11-12 00:00:00-05:00,84.58589759461921,84.77056812786827,84.58589759461921,84.62604522705078,2399100,0.0,0.0,0.0,0.0005697384281804219,0.0005695761888618739,0.05306606227608056,0.048891904207393096
2015-11-13 00:00:00-05:00,84.80269692750295,84.97130598120954,84.80269692750295,84.94721984863281,2665300,0.0,0.0,0.0,0.003795221916849778,0.0037880382321988427,0.03382136146352058,0.05200435700757991
2015-11-16 00:00:00-05:00,85.09975759664914,85.18004673788185,84.96326544398663,85.05961608886719,1412800,0.0,0.0,0.0,0.0013231302970793113,0.0013222557315455564,0.025345134375475014,0.05261416861586299
2015-11-17 00:00:00-05:00,84.8027101179411,85.15598366013134,84.73847633729908,85.03555297851562,1180000,0.0,0.0,0.0,-0.00028289700163264264,-0.0002829370245378269,0.027406736554869988,0.05176639091700722
2015-11-18 00:00:00-05:00,84.9391888279782,85.08371174865222,84.8508689250291,84.99539184570312,941500,0.0,0.0,0.0,-0.00047228637206186974,-0.0004723979343981176,0.0273983099474916,0.04941334035665604
2015-11-19 00:00:00-05:00,85.20415359993393,85.26838124852938,85.13188907246797,85.18006134033203,1967200,0.0,0.0,0.0,0.002172700079601242,0.0021703431800564467,0.02821308878419863,0.050175017973084594
2015-11-20 00:00:00-05:00,85.22824955426427,85.29248333593091,85.06766510009766,85.06766510009766,1287900,0.0,0.0,0.0,-0.0013195134925449992,-0.0013203848170407972,0.022605957354134967,0.04694298994460347
2015-11-23 00:00:00-05:00,85.01948303033859,85.25232586779798,84.98736614320592,85.18006134033203,1377100,0.0,0.0,0.0,0.0013212569088634218,0.0013203848170408562,0.022600536604053954,0.04597847417703247
2015-11-24 00:00:00-05:00,85.22823620257695,85.36472837298304,85.20415006964289,85.2603530883789,1094500,0.0,0.0,0.0,0.0009426120007836047,0.0009421680210700934,0.022337514616395316,0.04485379979238085
2015-11-25 00:00:00-05:00,85.30855560302734,85.36475864169188,85.18008801426738,85.30855560302734,752400,0.0,0.0,0.0,0.0005653567326711073,0.0005651969787626483,0.02055055286002449,0.041910690138678465
2015-11-27 00:00:00-05:00,85.38879694653745,85.46106145614876,85.38076619532102,85.3968276977539,759600,0.0,0.0,0.0,0.0010347390610776497,0.0010342040876222063,0.016782778348804428,0.03646718263334397
2015-11-30 00:00:00-05:00,85.388799816967,85.44500282603472,85.38076906548059,85.42894744873047,2266900,0.0,0.0,0.0,0.0003761234678441028,0.00037605275114415586,0.005994333175541306,0.035682269687214725
2015-12-01 00:00:00-05:00,85.43300255618051,85.8913683916861,85.43300255618051,85.88333129882812,2805800,0.165,0.0,0.0,0.005318851088155441,0.005304755957549935,0.03285926710678875,0.03924960635218184
2015-12-02 00:00:00-05:00,85.6902987767282,85.74658908173191,85.52947108676995,85.64205169677734,1579000,0.0,0.0,0.0,-0.002809388019792358,-0.002813341757106305,0.04607051224727158,0.03942769276070632
2015-12-03 00:00:00-05:00,85.26407016779822,85.27211339004853,84.57250029861434,84.74137115478516,2750500,0.0,0.0,0.0,-0.01051680248368081,-0.010572494865582404,0.09367823524821131,0.054727540801537446
2015-12-04 00:00:00-05:00,84.9102834275498,85.14348790511109,84.82986957136617,85.0550308227539,2231500,0.0,0.0,0.0,0.0037013758887123327,0.003694542653368579,0.09962404558797276,0.05649295066400519
2015-12-07 00:00:00-05:00,85.10332983839129,85.52148579666465,85.0792062820738,85.3284912109375,1954000,0.0,0.0,0.0,0.0032150995130841853,0.003209942132016911,0.1036670463868481,0.05166462130608358
2015-12-08 00:00:00-05:00,85.53751228813316,85.53751228813316,85.28018430917807,85.37667846679688,1519900,0.0,0.0,0.0,0.0005647264492261161,0.0005645670512528994,0.09256995098945031,0.05104122194730563
2015-12-09 00:00:00-05:00,85.32841883692143,85.60987031388217,85.13542441488865,85.50533294677734,3711100,0.0,0.0,0.0,0.001506904254075625,0.0015057700131787977,0.0928226051780867,0.050921206229731585
2015-12-10 00:00:00-05:00,85.53752821817865,85.54556530935503,85.31236082637389,85.32040405273438,1545000,0.0,0.0,0.0,-0.0021627761412037483,-0.002165118319202715,0.03721827336149915,0.05170791863387777
2015-12-11 00:00:00-05:00,85.73050558956162,86.11649448522961,85.70638205048023,86.00391387939453,3352900,0.0,0.0,0.0,0.008011094582225597,0.007979176118591178,0.05991649810723615,0.05828028678038215
2015-12-14 00:00:00-05:00,85.64209128768594,85.7546719497375,85.36868286132812,85.36868286132812,2204400,0.0,0.0,0.0,-0.007386071045059728,-0.007413483129612577,0.08907492961807963,0.0639352514669905
2015-12-15 00:00:00-05:00,85.04702810998074,85.2319794404468,85.01486132746786,85.15156555175781,1591000,0.0,0.0,0.0,-0.0025432899078809967,-0.002546529563747231,0.09078467450134241,0.06454880813916128
2015-12-16 00:00:00-05:00,84.99069461634177,85.22389906974982,84.75749016293372,84.92636108398438,1911800,0.0,0.0,0.0,-0.0026447484120130094,-0.0026482519377538983,0.08973838640499074,0.06525670169600428
2015-12-17 00:00:00-05:00,85.04699266890782,85.3284442296251,85.04699266890782,85.28019714355469,1202600,0.0,0.0,0.0,0.004166386679636425,0.004157731323366488,0.09705610198444174,0.06692052764858633
2015-12-18 00:00:00-05:00,85.48123225827482,85.67422673189101,85.40885549617893,85.58576965332031,4396700,0.0,0.0,0.0,0.0035831590451327333,0.0035767548244296453,0.07677404498784457,0.06766194291734924
2015-12-21 00:00:00-05:00,85.55358455712026,85.73049867636148,85.55358455712026,85.62596130371094,1603200,0.0,0.0,0.0,0.0004696066945875099,0.00046949646387241354,0.0514661144169401,0.06741039288880529
2015-12-22 00:00:00-05:00,85.48127360547159,85.52952071341679,85.30435936275698,85.38477325439453,1411800,0.0,0.0,0.0,-0.002816763113011045,-0.0028207376555462182,0.05254574152854226,0.06820361896368572
2015-12-23 00:00:00-05:00,85.15955992051325,85.23193053825446,85.07914607796204,85.19172668457031,1380800,0.0,0.0,0.0,-0.0022609015924778264,-0.0022634612893595507,0.05112625402966497,0.06864318121262482
2015-12-24 00:00:00-05:00,85.25939008674332,85.34798431396484,85.19495680427386,85.34798431396484,654200,0.164,0.0,0.0,0.0018341878428298486,0.0018325077743688515,0.04299226248795808,0.06893660576879501
2015-12-28 00:00:00-05:00,85.32383139840428,85.50101986952122,85.27550335965638,85.36409759521484,2198300,0.0,0.0,0.0,0.00018879510019509382,0.00018877728064295912,0.031076885220226204,0.06883874562927295
2015-12-29 00:00:00-05:00,85.27546649925168,85.27546649925168,84.84860690045134,84.91304016113281,1752500,0.0,0.0,0.0,-0.005283924352142533,-0.0052979336515991335,0.04380552055148832,0.07130513559914416
2015-12-30 00:00:00-05:00,84.84863206273766,85.04192575741034,84.7922544790958,84.94528198242188,1358100,0.0,0.0,0.0,0.0003797040033883814,0.00037963193406604983,0.04439705498298048,0.06823871496289896
2015-12-31 00:00:00-05:00,85.08217295891096,85.20298378665296,84.96941782493678,85.04190063476562,1906000,0.0,0.0,0.0,0.00113742223333535,0.0011367758587543576,0.045004629733291036,0.06793543439625727
2016-01-04 00:00:00-05:00,85.4446470002714,85.69432448891556,85.3641084517109,85.40438079833984,6183700,0.0,0.0,0.0,0.004262371382443453,0.004253313207956428,0.054685054370918064,0.05812740850287017
2016-01-05 00:00:00-05:00,85.34797135193934,85.53320933003646,85.2352161970902,85.38018798828125,2122800,0.0,0.0,0.0,-0.0002832736427855753,-0.0002833137723425333,0.054759459778190744,0.05682861841315191
2016-01-06 00:00:00-05:00,85.74262526514357,85.91175801886148,85.67014243270556,85.8956527709961,1906100,0.0,0.0,0.0,0.00603728798050418,0.006019136577617855,0.04313254873892016,0.059630512522366716
2016-01-07 00:00:00-05:00,86.00838114278194,86.08086395263672,85.7103819202042,86.08086395263672,3106000,0.0,0.0,0.0,0.0021562346366283958,0.0021539132990244215,0.03985144175207375,0.059977366012769075
2016-01-08 00:00:00-05:00,86.00036337792858,86.33862892915806,85.92788053610654,86.2983627319336,1783200,0.0,0.0,0.0,0.002526679790487929,0.0025234931018053163,0.037663481412883865,0.06033121211475295
2016-01-11 00:00:00-05:00,86.00030653695661,86.21776720808776,85.93587329034794,86.02446746826172,4816100,0.0,0.0,0.0,-0.003173817613697616,-0.0031788648549983347,0.054464318076189865,0.06101889261852109
2016-01-12 00:00:00-05:00,85.99229972797653,86.60440362932921,85.9359221413188,86.4111099243164,8962500,0.0,0.0,0.0,0.004494563784394723,0.0044844933959826095,0.05542433759172852,0.05631011368279739
2016-01-13 00:00:00-05:00,86.35473888252858,86.87019289809332,86.28224989721974,86.74938201904297,2664100,0.0,0.0,0.0,0.003914682903886302,0.003907040471407469,0.0482528346473875,0.049932321444140976
2016-01-14 00:00:00-05:00,86.66080647333503,86.82188972837359,86.37086275896348,86.57221221923828,2597300,0.0,0.0,0.0,-0.0020423177166356554,-0.002044406091364427,0.055906071803993554,0.04951640398433132
2016-01-15 00:00:00-05:00,87.11986348731838,87.13597488156319,86.89435312546314,86.97489166259766,4334300,0.0,0.0,0.0,0.004651370607691163,0.004640586411358588,0.06101786601964978,0.049494200853990665
2016-01-19 00:00:00-05:00,86.83795301223253,87.05540762056515,86.75741449598692,86.86211395263672,4896500,0.0,0.0,0.0,-0.0012966697377265746,-0.0012975111413580085,0.05271644846353759,0.04894308242600744
2016-01-20 00:00:00-05:00,87.28093665455583,87.61114646218759,87.22455907058475,87.28898620605469,4949100,0.0,0.0,0.0,0.004914366390515568,0.0049023303090414165,0.054062938325285956,0.050116435065337105
2016-01-21 00:00:00-05:00,87.40173535863579,87.4903295765923,87.01514799363954,87.07152557373047,2385700,0.0,0.0,0.0,-0.0024912722873293713,-0.0024943806697587186,0.05889332192130812,0.05160454282775263
2016-01-22 00:00:00-05:00,86.78158494637816,86.95071769243687,86.67688547825485,86.87823486328125,1735600,0.0,0.0,0.0,-0.002219907244941366,-0.0022223748916703917,0.05943424581697818,0.05108408326655521
2016-01-25 00:00:00-05:00,87.07152483088015,87.17622429452852,86.98293061367949,87.16817474365234,1190900,0.0,0.0,0.0,0.003337313204249126,0.0033317567335608205,0.05447147164489594,0.05039037900900168
2016-01-26 00:00:00-05:00,87.1681854714481,87.32926253453017,87.08764079521097,87.23261260986328,1288000,0.0,0.0,0.0,0.0007392361535667469,0.0007389630531035795,0.052233115989406095,0.05034369894948069
2016-01-27 00:00:00-05:00,87.16816719338456,87.32118852781709,86.86211223512996,87.29702758789062,1802300,0.0,0.0,0.0,0.0007384277061084354,0.0007381552025110803,0.03836385782813539,0.05024984183812493
2016-01-28 00:00:00-05:00,87.16818208322549,87.45811955656417,87.12790974667232,87.40979766845703,2222900,0.0,0.0,0.0,0.0012917974836299528,0.0012909638311235036,0.03155453920569376,0.044181203861227786
2016-01-29 00:00:00-05:00,87.71585317907706,87.93330782149478,87.61114756132018,87.8769302368164,3805500,0.0,0.0,0.0,0.005344167139377243,0.005329937751807489,0.031979800929917764,0.046055209861478826
2016-02-01 00:00:00-05:00,87.76320777685649,87.87612750664265,87.56156452314353,87.67448425292969,6813000,0.159,0.0,0.0,-0.0023037443768364474,-0.0023064020784747314,0.043384841375623824,0.048185228565145094
2016-02-02 00:00:00-05:00,88.09394229477114,88.3601129772211,88.08587483824246,88.29558563232422,4141600,0.0,0.0,0.0,0.007084174884938399,0.007059199999638115,0.05977704339793173,0.05125112357727907
2016-02-03 00:00:00-05:00,88.2148653700726,88.77946384312673,88.17453427042794,88.19873046875,12145000,0.0,0.0,0.0,-0.0010969423089568497,-0.001097544390510865,0.06429993672030875,0.05174165778231575
2016-02-04 00:00:00-05:00,88.3036254957596,88.44074144556983,88.15037463793385,88.40847778320312,2431100,0.0,0.0,0.0,0.002378121695611579,0.002375298439357388,0.06393963753162266,0.049174630350626455
2016-02-05 00:00:00-05:00,88.23910108869758,88.57786032425267,88.166506307556,88.52140045166016,1440200,0.0,0.0,0.0,0.0012772832570868697,0.0012764682247717182,0.05789904357792464,0.049105498251758
2016-02-08 00:00:00-05:00,88.83595076459048,89.24730472241758,88.78755835319801,89.18277740478516,2824800,0.0,0.0,0.0,0.007471379234292197,0.007443606727295856,0.059354169956477236,0.053542118196352115
2016-02-09 00:00:00-05:00,89.46512242714039,89.46512242714039,89.11829560978268,89.1989517211914,2679600,0.0,0.0,0.0,0.00018136143408997718,0.0001813449900932641,0.05234428673774988,0.05078604885023244
2016-02-10 00:00:00-05:00,89.18276571687609,89.49732865702929,88.97305503888633,89.4650650024414,2027200,0.0,0.0,0.0,0.002983367809991533,0.00297892639962783,0.044329635845864,0.05000718338367206
2016-02-11 00:00:00-05:00,90.1265312050028,90.34430952031208,89.77164300997026,89.87649536132812,3743000,0.0,0.0,0.0,0.0045987823166002695,0.004588240225368393,0.04559933805693545,0.05045817358942196
2016-02-12 00:00:00-05:00,89.48124671128679,89.60222778719395,89.02956146445757,89.19087982177734,3258700,0.0,0.0,0.0,-0.0076284187183136565,-0.007657663929128024,0.0913731938034287,0.05920428983236161
2016-02-16 00:00:00-05:00,89.02953490291357,89.04566981066483,88.8117628775858,88.9246826171875,2816800,0.0,0.0,0.0,-0.002984578749775313,-0.002989041486737396,0.07758995290345082,0.06000866489958316
2016-02-17 00:00:00-05:00,88.73916668734793,88.75530159484234,88.45686734283775,88.7069091796875,4856500,0.0,0.0,0.0,-0.002448965024002381,-0.0024519686436885657,0.07822989275326844,0.06075782490267269
2016-02-18 00:00:00-05:00,88.62620003303685,89.15854093258874,88.62620003303685,89.11820983886719,3125700,0.0,0.0,0.0,0.004636624846735993,0.004625908813135939,0.08430562990487878,0.0605316101106619
2016-02-19 00:00:00-05:00,89.03755380508504,89.2311295168944,88.95689777130289,89.11820983886719,1340000,0.0,0.0,0.0,0.0,0.0,0.07116974898958334,0.059233638301955605
2016-02-22 00:00:00-05:00,89.02951049804688,89.10210525569923,88.96498934572129,89.02951049804688,1012200,0.0,0.0,0.0,-0.0009952998492753773,-0.000995795489071129,0.04811811981361852,0.05845882440885971
2016-02-23 00:00:00-05:00,88.79560108424747,89.28761100939705,88.75527613440748,89.20695495605469,2257800,0.0,0.0,0.0,0.001993097086743001,0.0019911135039558316,0.04378411877446318,0.05800920541968812
2016-02-24 00:00:00-05:00,89.54571407229008,89.8441482386855,89.11823145127936,89.20695495605469,2947700,0.0,0.0,0.0,0.0,0.0,0.03559573478173285,0.05814002911974266
2016-02-25 00:00:00-05:00,89.46506944939178,89.65865138654122,89.2876224171697,89.47313690185547,1983600,0.0,0.0,0.0,0.0029838698779922623,0.0029794269741051167,0.025958342894592156,0.0584867962642253
2016-02-26 00:00:00-05:00,89.00531111622522,89.12629827221409,88.90852631436401,89.0375747680664,2957900,0.0,0.0,0.0,-0.004868077155569472,-0.004879964838964079,0.04854561541715798,0.062370342723698936
2016-02-29 00:00:00-05:00,89.04566147006402,89.23116981617761,88.99726290500784,89.18277740478516,3861600,0.0,0.0,0.0,0.0016308017946018438,0.0016294734813029244,0.04933135802574986,0.06024142081105546
2016-03-01 00:00:00-05:00,89.28535875134261,89.28535875134261,88.44532931335172,88.4857177734375,5901200,0.157,0.0,0.0,-0.007816078974349772,-0.007846784622781856,0.07245497538851525,0.06676549403296242
2016-03-02 00:00:00-05:00,88.25954688078822,88.36455440711589,88.17070336511533,88.33224487304688,3011200,0.0,0.0,0.0,-0.0017344369718916841,-0.0017359428491811517,0.07105378836175978,0.06237031469716777
2016-03-03 00:00:00-05:00,88.3161042529791,88.54227103558145,88.24341240895367,88.43726348876953,2093000,0.0,0.0,0.0,0.0011889046392241642,0.0011881984517745166,0.06397432169231432,0.06235122810673952
2016-03-04 00:00:00-05:00,88.25960375036483,88.39692089924104,87.98498177744739,88.1384506225586,1781200,0.0,0.0,0.0,-0.0033788117635377146,-0.003384532838596668,0.06104354703442151,0.06295910441482433
2016-03-07 00:00:00-05:00,88.00111381912474,88.02535060169032,87.88803348348313,87.96073150634766,2349400,0.0,0.0,0.0,-0.002016363062382398,-0.0020183986591771415,0.052135804200539974,0.06305737327589654
2016-03-08 00:00:00-05:00,88.47762238002738,88.64724278847025,88.41300332088363,88.46954345703125,1747600,0.0,0.0,0.0,0.005784535234872212,0.005767869050797005,0.05797990132946091,0.06053011518410247
2016-03-09 00:00:00-05:00,88.19492851754525,88.29992987496189,88.02530809598922,88.12223052978516,1537800,0.0,0.0,0.0,-0.0039257908843486344,-0.003933517028829947,0.06382760880472348,0.06175518964945069
2016-03-10 00:00:00-05:00,88.130301960404,88.23530330889324,87.66990195177793,87.80721282958984,2798700,0.0,0.0,0.0,-0.0035747812816521174,-0.003581186080650754,0.06497890296536885,0.06109233221028539
2016-03-11 00:00:00-05:00,87.8233497739505,87.8233497739505,87.48410287800772,87.55680084228516,1785000,0.0,0.0,0.0,-0.0028518384678792863,-0.0028559127070944836,0.06408073357022705,0.05778815707353805
2016-03-14 00:00:00-04:00,87.66991355073223,87.79107276111878,87.58106387394298,87.62145233154297,2661800,0.0,0.0,0.0,0.0007383948321075806,0.0007381223527668468,0.06516140738721002,0.05307583602537121
2016-03-15 00:00:00-04:00,87.8071926463897,87.87989061125865,87.5810321555284,87.60526275634766,2960800,0.0,0.0,0.0,-0.0001847672546451129,-0.00018478432621718484,0.03339312618882855,0.052532416982089436
2016-03-16 00:00:00-04:00,87.48409952703696,89.6245574945609,87.3952498865518,88.06565856933594,2052300,0.0,0.0,0.0,0.005255344239635029,0.005241583110022985,0.055579911528605926,0.056202202978293606
2016-03-17 00:00:00-04:00,88.16259765625,88.25952006659745,88.09797860774394,88.16259765625,2745500,0.0,0.0,0.0,0.0011007592345175787,0.001100153843290652,0.04645115643801953,0.05336546321967384
2016-03-18 00:00:00-04:00,88.28382820384012,88.42113917111455,88.21113017489583,88.31613159179688,2434600,0.0,0.0,0.0,0.0017414860681115307,0.0017399714394636507,0.033178995583666805,0.05395120019170703
2016-03-21 00:00:00-04:00,88.12219868942552,88.18681773021672,88.03334904894034,88.06565856933594,1725000,0.0,0.0,0.0,-0.0028360959424563736,-0.0028401252827541658,0.04681367658424641,0.05459145940188334
2016-03-22 00:00:00-04:00,88.26760004213111,88.28375788565636,87.85566130600118,87.87989807128906,1437700,0.0,0.0,0.0,-0.0021093409288550635,-0.0021115687217666108,0.05166453257654251,0.05400732673832039
2016-03-23 00:00:00-04:00,87.97683786607962,88.3645460759404,87.97683786607962,88.28377532958984,1405400,0.0,0.0,0.0,0.004595786603816432,0.004585258221703661,0.04802914433740218,0.057215143465898906
2016-03-24 00:00:00-04:00,88.42919347161548,88.50996424384581,88.04956406347644,88.19495391845703,1548200,0.0,0.0,0.0,-0.0010060898596737644,-0.0010065963077933403,0.04868924313758069,0.05571327994631956
2016-03-28 00:00:00-04:00,88.29181005076856,88.46143039374915,88.22719717897378,88.3241195678711,1291400,0.0,0.0,0.0,0.0014645469346634687,0.0014634755317538808,0.0481293249270226,0.053956796054373625
2016-03-29 00:00:00-04:00,88.5260788095641,88.92185974121094,88.46953867647169,88.92185974121094,2981000,0.0,0.0,0.0,0.006767575790897373,0.006744778546774916,0.05921708630905766,0.05933018388194594
2016-03-30 00:00:00-04:00,88.71992805688345,88.8653178480146,88.53415597857888,88.80070495605469,2808800,0.0,0.0,0.0,-0.0013624859568709402,-0.00136341498481651,0.056155882316469966,0.05225660653265534
2016-03-31 00:00:00-04:00,88.90572054462068,89.20457909717422,88.78456133886043,89.1238021850586,3759100,0.0,0.0,0.0,0.003638453424033017,0.003631850264385825,0.05382974334510127,0.05311529897679402
2016-04-01 00:00:00-04:00,89.13028971361143,89.23545120233011,88.91187549186922,89.09793090820312,5489100,0.168,0.0,0.0,-0.00029028470757730407,-0.00029032684833844033,0.051588027019470725,0.05310243677808397
2016-04-04 00:00:00-04:00,89.18692579325607,89.25972848449521,89.07367304789845,89.2031021118164,3035600,0.0,0.0,0.0,0.0011804000669963788,0.0011797039425869775,0.05182782994965939,0.051259060157308196
2016-04-05 00:00:00-04:00,89.53473055628423,89.5994481418258,89.42956910863568,89.55899810791016,1951500,0.0,0.0,0.0,0.003989726676182581,0.0039817888229456925,0.037439209724441,0.051616888473590035
2016-04-06 00:00:00-04:00,89.44577734775015,89.51858620042648,89.25163069363137,89.36488342285156,1646000,0.0,0.0,0.0,-0.0021674503864447248,-0.0021698027066731455,0.04144513457487379,0.049314728132060795
2016-04-07 00:00:00-04:00,89.61568245447721,89.86645554599843,89.58332364076276,89.82601165771484,2069600,0.0,0.0,0.0,0.00516006083375431,0.005146793340991558,0.04783767592967479,0.049025067590635914
2016-04-08 00:00:00-04:00,89.63990476295218,89.70462235770542,89.53474330033532,89.68844604492188,1309500,0.0,0.0,0.0,-0.001531467447504764,-0.0015326413424504946,0.05155304606265305,0.04701210146037943
2016-04-11 00:00:00-04:00,89.4700186309713,89.72888281770568,89.4457510778101,89.67225646972656,879600,0.0,0.0,0.0,-0.00018050903889232917,-0.0001805253326096951,0.05268843607306881,0.04497252348588331
2016-04-12 00:00:00-04:00,89.42143031262152,89.51850663930809,89.25155136977408,89.31626892089844,1363200,0.0,0.0,0.0,-0.0039698738812077305,-0.003977774747752188,0.05499981007682137,0.04857230490214888
2016-04-13 00:00:00-04:00,89.18688825101529,89.43766119991677,89.16262069748407,89.38103485107422,1466400,0.0,0.0,0.0,0.0007251302697512951,0.0007248674898226873,0.05341108270356516,0.04839424386963633
2016-04-14 00:00:00-04:00,89.20309848541481,89.32444247102543,89.09793698951842,89.17074584960938,1403900,0.0,0.0,0.0,-0.0023527250698677227,-0.0023554970761942786,0.029177809813329653,0.04705537790706611
2016-04-15 00:00:00-04:00,89.26776594281756,89.51854501798798,89.23540715338241,89.4376449584961,1657800,0.0,0.0,0.0,0.0029931241052627566,0.0029886536275496147,0.04293557081311133,0.04778145129740507
2016-04-18 00:00:00-04:00,89.37295994636297,89.37295994636297,89.21116595140384,89.34868621826172,1297800,0.0,0.0,0.0,-0.0009946453786395804,-0.0009951403666064208,0.04287483392263474,0.047994148780515826
2016-04-19 00:00:00-04:00,89.22737584737452,89.30017853861366,89.0898493664588,89.2031021118164,1219600,0.0,0.0,0.0,-0.0016293928048329853,-0.0016307217090233347,0.03399831947526816,0.047034628231039065
2016-04-20 00:00:00-04:00,89.21120145057832,89.34872177215865,88.72583161618087,88.7500991821289,1939800,0.0,0.0,0.0,-0.005078331571021555,-0.005091270119541838,0.04625009531546782,0.050401655441003904
2016-04-21 00:00:00-04:00,88.55591130180692,88.70961404375149,88.49928495032356,88.60444641113281,1636600,0.0,0.0,0.0,-0.0016411561489885207,-0.0016425043209836163,0.0456101137054887,0.0485019537693969
2016-04-22 00:00:00-04:00,88.60444020697204,88.65297531289947,88.45073747578986,88.50736999511719,952100,0.0,0.0,0.0,-0.0010956156259380734,-0.0010962162514812045,0.02695433917801375,0.04853216281813956
2016-04-25 00:00:00-04:00,88.46695046372365,88.58020319781157,88.4022328522988,88.41032409667969,1416300,0.0,0.0,0.0,-0.00109647251345113,-0.0010970740792112573,0.026702681699600387,0.0484853814943086
2016-04-26 00:00:00-04:00,88.36986995591151,88.37796119991785,88.1757233024352,88.22425842285156,1127100,0.0,0.0,0.0,-0.0021045695254398034,-0.00210678724399175,0.026377002786564175,0.04198147787289386
2016-04-27 00:00:00-04:00,88.4588460800717,88.79051916050051,88.32941704825791,88.70962524414062,1734000,0.0,0.0,0.0,0.005501512055366309,0.0054864340139902795,0.0500448707261216,0.0466807613016961
2016-04-28 00:00:00-04:00,88.72578294516121,89.04127347304609,88.68533290956206,89.01700592041016,2807300,0.0,0.0,0.0,0.003465020570468935,0.0034590312181902944,0.05309263180671859,0.046502865227249036
2016-04-29 00:00:00-04:00,88.83904578334557,89.06555119622446,88.75815187471876,88.98465728759766,2858500,0.0,0.0,0.0,-0.0003633983470688884,-0.00036346439224917214,0.05156161702197889,0.04650847717965539
2016-05-02 00:00:00-04:00,88.83965934449988,88.94497496846208,88.71813751324682,88.72623443603516,2226800,0.161,0.0,0.0,-0.002904128188382815,-0.002908353350908609,0.05761169222743621,0.0473170734447793
2016-05-03 00:00:00-04:00,89.22853500108745,89.33385064064555,89.17992873373109,89.25283813476562,2330900,0.0,0.0,0.0,0.005935152123581977,0.005917608490081374,0.06096427191380815,0.0500608965290689
2016-05-04 00:00:00-04:00,89.26906146371722,89.43108650654887,89.11513334642572,89.41488647460938,1176900,0.0,0.0,0.0,0.0018156099372332868,0.0018139637098145791,0.05410151386586999,0.049945728714732865
2016-05-05 00:00:00-04:00,89.38246943229632,89.65791320800781,89.22854133359964,89.65791320800781,1257500,0.0,0.0,0.0,0.0027179672533326205,0.0027142802595787347,0.05271219363901079,0.04730294540333826
2016-05-06 00:00:00-04:00,89.59311497819171,89.63362433087954,89.35007740464297,89.44729614257812,1675600,0.0,0.0,0.0,-0.0023491185316911745,-0.002351882039348796,0.058554065774612286,0.04772073943926761
2016-05-09 00:00:00-04:00,89.56069937703143,89.62550567688686,89.48778379101383,89.6174087524414,1459900,0.0,0.0,0.0,0.001901819475818689,0.0019000133068017657,0.04693010274764222,0.04826107667088402
2016-05-10 00:00:00-04:00,89.57687790105508,89.64169036620862,89.50396851340003,89.60118103027344,1506900,0.0,0.0,0.0,-0.0001810777882765846,-0.00018109418483868683,0.03253473691681747,0.045974497327065905
2016-05-11 00:00:00-04:00,89.56066661608114,89.83611028707095,89.51205418289886,89.7388916015625,1606800,0.0,0.0,0.0,0.0015369280818133824,0.0015357482166063214,0.03203272628669885,0.04619586402622977
2016-05-12 00:00:00-04:00,89.47156936641558,89.60118812613078,89.40675689612931,89.4958724975586,1261500,0.0,0.0,0.0,-0.002708068928273577,-0.0027117423804069243,0.03387654645891676,0.04647307601358955
2016-05-13 00:00:00-04:00,89.55255858894334,89.86040847150626,89.51204926032854,89.83610534667969,5007300,0.0,0.0,0.0,0.003801659670175095,0.0037944516246327356,0.038893689790581575,0.0472036890116982
2016-05-16 00:00:00-04:00,89.6173915082569,89.6173915082569,89.47966346802716,89.51206970214844,1708100,0.0,0.0,0.0,-0.003606964519229594,-0.0036134853006247383,0.048230435719264775,0.04897746189825089
2016-05-17 00:00:00-04:00,89.44725661770549,89.57687536348378,89.382444154388,89.39054107666016,1158700,0.0,0.0,0.0,-0.0013576786448203926,-0.0013586011255211268,0.048871999027803224,0.04885987168598518
2016-05-18 00:00:00-04:00,89.19611562845057,89.21232183575499,88.56420952243397,88.66952514648438,2946500,0.0,0.0,0.0,-0.008065908556895818,-0.008098613982019921,0.06790895309580401,0.053952560732251104
2016-05-19 00:00:00-04:00,88.7667548380539,88.89637978910996,88.7181485718368,88.75865173339844,1345000,0.0,0.0,0.0,0.0010051546657865451,0.0010046498360950947,0.07180883510951368,0.0537281551023547
2016-05-20 00:00:00-04:00,88.7748426095942,88.90446135740476,88.69383011960551,88.81534576416016,1059400,0.0,0.0,0.0,0.0006387437129171669,0.0006385398029779455,0.05907765859312223,0.053572006184851625
2016-05-23 00:00:00-04:00,88.88827652178128,88.95308899719069,88.76675467560308,88.8720703125,892300,0.0,0.0,0.0,0.0006386795868640327,0.0006384757178567247,0.060723681285190026,0.05337774715685902
2016-05-24 00:00:00-04:00,88.71813751324682,88.81535003356359,88.59661568199375,88.72623443603516,965200,0.0,0.0,0.0,-0.0016409640953793936,-0.0016423119516849043,0.06073625645827635,0.053129473848796044
2016-05-25 00:00:00-04:00,88.70192237587705,88.81534109206623,88.64521301778245,88.68572235107422,890300,0.0,0.0,0.0,-0.0004565964646019438,-0.00045670073650901804,0.017245295299342475,0.049459239511328204
2016-05-26 00:00:00-04:00,88.831547640344,89.03408194587107,88.77483828203067,88.96116638183594,998200,0.0,0.0,0.0,0.003105844136571889,0.0031010309660680097,0.027857980742798983,0.04914004522666772
2016-05-27 00:00:00-04:00,88.99354987878917,89.02595610109803,88.68570003813741,88.791015625,1995300,0.0,0.0,0.0,-0.001912640804478949,-0.0019144722375240642,0.03233834492615764,0.04958646988469177
2016-05-31 00:00:00-04:00,88.57230617164163,88.98547171493989,88.57230617164163,88.8963623046875,1734700,0.0,0.0,0.0,0.001186456523173618,0.001185753239854683,0.033296254457249784,0.048639962324314466
2016-06-01 00:00:00-04:00,89.12600058933822,89.16657020319657,88.8258077309808,88.86637115478516,2786400,0.163,0.0,0.0,-0.0003373720715315054,-0.0003374289942919565,0.030257035392516923,0.04348259133903593
2016-06-02 00:00:00-04:00,89.0042713527817,89.2071069813797,89.0042713527817,89.14220428466797,5038500,0.0,0.0,0.0,0.0031039090074058695,0.0030991018266417984,0.03474627034228823,0.044508273176219346
2016-06-03 00:00:00-04:00,89.83183797716826,89.9859950250683,89.8074986938265,89.96976470947266,1971300,0.0,0.0,0.0,0.009283598397028081,0.009240770657068648,0.06890010560959542,0.05498591711981003
2016-06-06 00:00:00-04:00,89.78318183920966,89.90487828631939,89.71015778089055,89.7344970703125,1715700,0.0,0.0,0.0,-0.0026149633704153352,-0.002618388359246139,0.07170604310569291,0.055155886575476334
2016-06-07 00:00:00-04:00,89.90485173711843,89.96976061644466,89.85617317264949,89.86428833007812,2672900,0.0,0.0,0.0,0.0014463920120255658,0.001445346994647835,0.0715153479794257,0.05498923048727155
2016-06-08 00:00:00-04:00,89.92919511053526,90.01033430841005,89.88863170164959,89.96976470947266,1284200,0.0,0.0,0.0,0.0011737296467213554,0.001173041364598336,0.06892696979051231,0.05509343760299615
2016-06-09 00:00:00-04:00,90.22938386744214,90.26183830491969,90.09957230758293,90.10768127441406,1328400,0.0,0.0,0.0,0.0015329212584556107,0.0015317475339949819,0.0689313049672438,0.05509216043081759
2016-06-10 00:00:00-04:00,90.37548522512888,90.5296423570989,90.27812184861281,90.42416381835938,1878900,0.0,0.0,0.0,0.003512270424332664,0.003506116807134889,0.035400872152480924,0.05514573898856269
2016-06-13 00:00:00-04:00,90.58636834600699,90.66750133738158,90.44844164166514,90.60259246826172,1026200,0.0,0.0,0.0,0.0019732408060832984,0.0019712965237153037,0.014783156911589053,0.05407494112365496
2016-06-14 00:00:00-04:00,90.83789164172684,90.83789164172684,90.55392304823843,90.57826232910156,1390600,0.0,0.0,0.0,-0.0002685368983087466,-0.0002685729607978404,0.02169725906818267,0.05202878588821182
2016-06-15 00:00:00-04:00,90.57829676270366,90.95151365460379,90.57829676270366,90.85415649414062,2377600,0.0,0.0,0.0,0.0030459202676758057,0.003041290850711682,0.02346222064663191,0.052182033601685836
2016-06-16 00:00:00-04:00,91.09751128110909,91.30034685349847,90.86222127433136,90.95146942138672,3088700,0.0,0.0,0.0,0.0010710894360939083,0.0010705162290713308,0.024208033929937162,0.040271504311022374
2016-06-17 00:00:00-04:00,90.87038634018795,90.87038634018795,90.57830246031875,90.6432113647461,3140900,0.0,0.0,0.0,-0.0033892586739026065,-0.003395015221715305,0.0394429303272722,0.04354870532053403
2016-06-20 00:00:00-04:00,90.24564469253667,90.31054739938385,90.1888509552622,90.25375366210938,1956500,0.0,0.0,0.0,-0.0042966008901599295,-0.004305857804792054,0.04860537446642534,0.04751674768240987
2016-06-21 00:00:00-04:00,90.23751482096318,90.3511022769933,90.0346791937591,90.0509033203125,1494500,0.0,0.0,0.0,-0.0022475557366433696,-0.0022500852809433053,0.0493503883394092,0.0487417286902853
2016-06-22 00:00:00-04:00,90.05090429049461,90.24563095154599,90.02656500537624,90.22940063476562,1378700,0.0,0.0,0.0,0.0019821823865353583,0.0019802204552046322,0.043912720264068256,0.048163008212228804
2016-06-23 00:00:00-04:00,89.85614825937377,90.04275968818442,89.77501527773641,89.79935455322266,1715000,0.0,0.0,0.0,-0.004766141396458257,-0.004777535667250544,0.04296261079775131,0.05198504041166651
2016-06-24 00:00:00-04:00,91.25169174951235,91.25980690770773,90.94337763860851,91.04074096679688,4390000,0.0,0.0,0.0,0.013824001517054096,0.013729321580616733,0.12224861953496349,0.06967104375086128
2016-06-27 00:00:00-04:00,91.64924719155104,91.87642209899701,91.60056862282747,91.82774353027344,4493700,0.0,0.0,0.0,0.008644509646110965,0.008607359813801068,0.12211961180609628,0.07346060766797034
2016-06-28 00:00:00-04:00,91.80340827900557,91.86831716685654,91.64113605937811,91.8115234375,1799700,0.0,0.0,0.0,-0.0001766360813176826,-0.00017665168330757084,0.11675998872332227,0.0737440647375126
2016-06-29 00:00:00-04:00,91.73847708903381,91.81150111762669,91.43016923177133,91.43827819824219,2670900,0.0,0.0,0.0,-0.004065341966707492,-0.004073627933845028,0.13014880735777687,0.07620590626420935
2016-06-30 00:00:00-04:00,91.58435006467514,91.84397944795352,91.45453846806232,91.64114379882812,5690800,0.0,0.0,0.0,0.0022186069618033155,0.0022161494874863683,0.1132861197282979,0.07601384015881568
2016-07-01 00:00:00-04:00,92.05388870793612,92.07013556323874,91.70452243105308,91.88326263427734,5292300,0.158,0.0,0.0,0.0026420320110880358,0.002638547979779864,0.07361863432624634,0.07031333463441071
2016-07-05 00:00:00-04:00,92.2245000752713,92.54949293985827,92.19200016894027,92.38699340820312,2926300,0.0,0.0,0.0,0.005482290892638186,0.005467317835430779,0.0567232987829291,0.07057120177692427
2016-07-06 00:00:00-04:00,92.47639469855166,92.49264155729189,92.25702801256995,92.40327453613281,1921600,0.0,0.0,0.0,0.00017622748970458346,0.00017621196346459308,0.05622903191226516,0.07071997721018775
2016-07-07 00:00:00-04:00,92.2326038614088,92.43572359050685,92.07011055761923,92.28135681152344,1323000,0.0,0.0,0.0,-0.0013194091358926796,-0.0013202803225119892,0.041092357606645175,0.07137804724293788
2016-07-08 00:00:00-04:00,92.28944178706209,92.48444111538367,92.15132191187418,92.46006774902344,2097900,0.0,0.0,0.0,0.0019365876670518478,0.0019347148986194624,0.04097725026605298,0.07141148318491491
2016-07-11 00:00:00-04:00,92.20014801753449,92.28139470278963,91.97264862060547,91.97264862060547,2728800,0.0,0.0,0.0,-0.005271671763652952,-0.005285616053313086,0.06308329079315488,0.07453908819647138
2016-07-12 00:00:00-04:00,91.59889593650041,91.67202228198063,91.30640295202727,91.42827606201172,4116200,0.0,0.0,0.0,-0.0059188526889045745,-0.005936438523793664,0.05425598995929131,0.0781522027186084
2016-07-13 00:00:00-04:00,91.69637929797469,91.82637271302562,91.63137949108783,91.66387939453125,3077200,0.0,0.0,0.0,0.0025769197743565897,0.002573605209618676,0.06258186334230322,0.07845001127357401
2016-07-14 00:00:00-04:00,91.16017794771386,91.39579769623015,91.1439310886241,91.28205108642578,2761900,0.0,0.0,0.0,-0.004165526384302787,-0.004174226357716414,0.06499524874952416,0.07964422940214011
2016-07-15 00:00:00-04:00,91.02200561671091,91.07887888891375,90.8351389503538,90.93263244628906,2811600,0.0,0.0,0.0,-0.003827900841161913,-0.0038352460039482055,0.05401392514356959,0.08086096620439923
2016-07-18 00:00:00-04:00,91.07892984859569,91.16017654024077,90.81893671609626,90.90830993652344,4173500,0.0,0.0,0.0,-0.00026747834205709253,-0.0002675141207689899,0.05431317358639925,0.0798778305621357
2016-07-19 00:00:00-04:00,91.12764230925,91.2332623415598,91.0463894550029,91.15201568603516,4171900,0.0,0.0,0.0,0.002680786274454894,0.0026771993759723395,0.0527091446192543,0.07854556690949399
2016-07-20 00:00:00-04:00,91.0220374766802,91.0220374766802,90.87579098286562,90.96516418457031,2213700,0.0,0.0,0.0,-0.002049888859380067,-0.002051992757210808,0.04477429783648066,0.07845671319967974
2016-07-21 00:00:00-04:00,90.73766861221995,91.20078146390955,90.72142175721494,91.16828155517578,1944700,0.0,0.0,0.0,0.002232913801962111,0.0022304245547662064,0.04404681150662015,0.07852384621540004
2016-07-22 00:00:00-04:00,90.9651389474922,91.25763185397307,90.93263904691409,91.09513854980469,1140000,0.0,0.0,0.0,-0.0008022856647443843,-0.0008026076681256288,0.03218852444909658,0.07620479199366974
2016-07-25 00:00:00-04:00,91.07078045440927,91.18453323262244,91.00578683664648,91.02203369140625,889100,0.0,0.0,0.0,-0.0008025110841504146,-0.0008028332685530754,0.03305675808754994,0.05849332160000415
2016-07-26 00:00:00-04:00,91.16016513851451,91.16016513851451,90.90829856629902,91.07891845703125,1694100,0.0,0.0,0.0,0.0006249559949171868,0.0006247607912442982,0.02601097772085657,0.04890869780432449
2016-07-27 00:00:00-04:00,91.1926260329952,91.4688720703125,91.08700601213016,91.4688720703125,1962700,0.0,0.0,0.0,0.0042814914789004455,0.004272351972118971,0.0344782550530884,0.05166689165979431
2016-07-28 00:00:00-04:00,91.32267637749612,91.59891636960654,91.29017646100222,91.51766967773438,1220200,0.0,0.0,0.0,0.0005334886756269697,0.0005333464211353168,0.03306357129233426,0.04962063354791294
2016-07-29 00:00:00-04:00,91.68827324383382,91.89139303666407,91.61515309380252,91.86701965332031,2386800,0.0,0.0,0.0,0.0038172953574553414,0.0038100279741600266,0.035430445162091546,0.05085723522633018
2016-08-01 00:00:00-04:00,91.5805800404421,91.75143859038081,91.5154955028905,91.54803466796875,2479100,0.158,0.0,0.0,-0.0034722470213501833,-0.003478289261861203,0.049530870827431135,0.05147570778805793
2016-08-02 00:00:00-04:00,91.14128046697586,91.5155493670085,91.14128046697586,91.32841491699219,2920500,0.0,0.0,0.0,-0.002398956479765957,-0.002401838586149705,0.05582903905300255,0.04742464398324822
2016-08-03 00:00:00-04:00,91.38532753240149,91.40973501351853,91.14124030643909,91.37718963623047,1148600,0.0,0.0,0.0,0.0005340585324140612,0.0005339159739101711,0.045428893874997336,0.04751642305792821
2016-08-04 00:00:00-04:00,91.57246294096876,91.77586689578443,91.56432504470524,91.59687042236328,1065000,0.0,0.0,0.0,0.0024041096799689576,0.0024012244316692836,0.04911602883960008,0.04854786483447068
2016-08-05 00:00:00-04:00,91.33655238288438,91.41791275787071,91.01924257525859,91.02737426757812,2368100,0.0,0.0,0.0,-0.0062174193524204835,-0.006236827993717313,0.05370805663309292,0.05192520082697766
2016-08-08 00:00:00-04:00,90.92158564295593,91.11685173982258,90.83208738868429,90.9785385131836,1304000,0.0,0.0,0.0,-0.0005364952552732172,-0.0005366392203460375,0.05207200236507415,0.049132317686397045
2016-08-09 00:00:00-04:00,91.08434386177012,91.33656914012106,91.03552886930213,91.30402374267578,1817000,0.0,0.0,0.0,0.0035776045077380303,0.003571220103449065,0.06034244990431987,0.04685069929576022
2016-08-10 00:00:00-04:00,91.35276864052379,91.61312541291544,91.33649905798467,91.54803466796875,1262500,0.0,0.0,0.0,0.002672510096386027,0.002668945291184495,0.06346984933519044,0.04692333385164209
2016-08-11 00:00:00-04:00,91.47485123494256,91.53180410920349,91.01922824085514,91.10872650146484,1823600,0.0,0.0,0.0,-0.004798662998033887,-0.004810213547595833,0.06932710314721419,0.047705524624223984
2016-08-12 00:00:00-04:00,91.56430165560137,91.69447692558556,91.40971270306278,91.43412017822266,1377100,0.0,0.0,0.0,0.0035714874881120906,0.00356512487151004,0.057228891704624786,0.04724566646092121
2016-08-15 00:00:00-04:00,91.2958323495662,91.35278520987575,91.14938125057076,91.16565704345703,1031800,0.0,0.0,0.0,-0.0029361373439404925,-0.0029404562512000652,0.06323665942906859,0.04858589099942233
2016-08-16 00:00:00-04:00,91.08430033456995,91.16566689299975,90.93784921975191,91.01107788085938,1433500,0.0,0.0,0.0,-0.0016955854606957033,-0.0016970245927339415,0.057450750990139424,0.04803778133558082
2016-08-17 00:00:00-04:00,91.03550334272184,91.2795906514188,90.92159758730274,91.15754699707031,1733900,0.0,0.0,0.0,0.0016093548128577329,0.0016080611891479476,0.053983189588244274,0.04779597660901634
2016-08-18 00:00:00-04:00,91.22264438838776,91.3853651343861,91.08432492615076,91.32027435302734,1245600,0.0,0.0,0.0,0.0017851221464115774,0.0017835307095307783,0.04269798712879447,0.04755801466405311
2016-08-19 00:00:00-04:00,91.06803074732211,91.1575289956774,90.89717214793389,91.01107788085938,1396700,0.0,0.0,0.0,-0.003385846947553728,-0.0033915918986788486,0.03925688982188262,0.049059660104456455
2016-08-22 00:00:00-04:00,91.21444702148438,91.2876694472266,91.11681091310022,91.21444702148438,1084600,0.0,0.0,0.0,0.0022345536978611857,0.0022320607957385984,0.039725072645240556,0.04961623298383445
2016-08-23 00:00:00-04:00,91.27959617267352,91.36909444411604,91.1250071206549,91.20636749267578,939900,0.0,0.0,0.0,-8.857729309796891e-05,-8.858121629806787e-05,0.03664334862785772,0.04958269111325648
2016-08-24 00:00:00-04:00,91.27954873455316,91.30395621273497,91.10055228469284,91.17377471923828,1345600,0.0,0.0,0.0,-0.0003573519517715562,-0.00035741581719568285,0.03529386866422658,0.047030966023724315
2016-08-25 00:00:00-04:00,91.09246505052667,91.1901012249495,91.01110467554034,91.02737426757812,1037700,0.0,0.0,0.0,-0.0016057298506174655,-0.0016070204165125248,0.032840788599300244,0.04722677812096664
2016-08-26 00:00:00-04:00,91.16568008479494,91.3853536851106,90.61242092735803,90.67750549316406,1988300,0.0,0.0,0.0,-0.0038435556032365703,-0.0038509610446483115,0.035318529691534956,0.046264437548946984
2016-08-29 00:00:00-04:00,90.84023116501244,91.10872594520227,90.83209326662549,91.05177307128906,1497400,0.0,0.0,0.0,0.004127457808742019,0.004118963220774211,0.0462121003207234,0.04794422006348791
2016-08-30 00:00:00-04:00,91.09247038187685,91.1250157752559,90.99483420173969,91.04365539550781,2498400,0.0,0.0,0.0,-8.915450526036928e-05,-8.915847975950482e-05,0.04621189199346027,0.04727864363900627
2016-08-31 00:00:00-04:00,91.05176289464086,91.16566862973629,90.93785095214844,90.93785095214844,2008100,0.0,0.0,0.0,-0.00116212868320964,-0.0011628044783725075,0.04656774620298912,0.04733557505327016
2016-09-01 00:00:00-04:00,90.70566197020916,91.10488571822141,90.65677298962346,91.0804443359375,1775900,0.155,0.0,0.0,0.0015680311585997142,0.0015668030813505293,0.04732752628395014,0.046807006100551704
2016-09-02 00:00:00-04:00,90.90933551207381,90.98265964849517,90.68935067077572,90.84415435791016,1550100,0.0,0.0,0.0,-0.002594299794540067,-0.002597670821817835,0.04116603190996385,0.042255422557581704
2016-09-06 00:00:00-04:00,90.81971580285565,91.33300342181526,90.77897602623244,91.267822265625,1284000,0.0,0.0,0.0,0.004663678259865467,0.004652837006088761,0.044305791112035496,0.04544968568139278
2016-09-07 00:00:00-04:00,91.39820767178011,91.46338884443983,91.26784532646067,91.31673431396484,836800,0.0,0.0,0.0,0.0005359177761192768,0.000535774223473883,0.04402371648473215,0.04366590988130515
2016-09-08 00:00:00-04:00,91.14560809228146,91.22708142300726,90.7626766002519,90.86859130859375,1287300,0.0,0.0,0.0,-0.004907567147882097,-0.004919648799422885,0.058972573338735075,0.04577590570785926
2016-09-09 00:00:00-04:00,90.54268227536063,90.55898066940675,90.39602780902574,90.436767578125,1700700,0.0,0.0,0.0,-0.004752178109620475,-0.004763505609124568,0.0642289415682459,0.04571649586746418
2016-09-12 00:00:00-04:00,90.33902729911546,90.59160276659615,90.306436715698,90.51827239990234,1446600,0.0,0.0,0.0,0.0009012354594266636,0.0009008295905872874,0.06496125543606984,0.043599659330457806
2016-09-13 00:00:00-04:00,90.58344308297897,90.59159228189473,89.98053289957998,90.18421936035156,1993700,0.0,0.0,0.0,-0.003690448687254655,-0.00369727519343382,0.04559753709790324,0.044236316211455656
2016-09-14 00:00:00-04:00,90.20048419582405,90.51008528456791,90.20048419582405,90.38787841796875,1062100,0.0,0.0,0.0,0.002258256034832762,0.0022557100070079985,0.05349773095831824,0.04508158610036712
2016-09-15 00:00:00-04:00,90.33903077550386,90.47754231436271,90.16793486799185,90.41236114501953,994100,0.0,0.0,0.0,0.0002708629462191414,0.0002708262694740888,0.04838688654911485,0.04456144901039893
2016-09-16 00:00:00-04:00,90.51824288616669,90.57527483454724,90.39602979220373,90.51009368896484,833600,0.0,0.0,0.0,0.0010809644025173704,0.0010803805811864554,0.03605858942164245,0.04417048803094412
2016-09-19 00:00:00-04:00,90.42863266946,90.50196302222217,90.35530853271484,90.35530853271484,490400,0.0,0.0,0.0,-0.0017101424818088962,-0.001711606444757838,0.03743522854518307,0.04307608032077406
2016-09-20 00:00:00-04:00,90.46121435761737,90.61601803022378,90.42862378359409,90.49380493164062,1177800,0.0,0.0,0.0,0.0015327975873784538,0.0015316240521980609,0.024151810548217956,0.04258512827446408
2016-09-21 00:00:00-04:00,90.39604617987204,90.68121218948804,90.29828065979096,90.64047241210938,1108300,0.0,0.0,0.0,0.0016207460895201198,0.0016194340979889023,0.02185278071906139,0.04317540029753107
2016-09-22 00:00:00-04:00,90.79529122713959,91.01526989997257,90.77084984304908,90.90935516357422,1012300,0.0,0.0,0.0,0.002966475618555231,0.0029620843120830797,0.027310922224448086,0.044709439232349296
2016-09-23 00:00:00-04:00,90.86866088423602,91.0071662741213,90.84421948790585,90.95013427734375,952500,0.0,0.0,0.0,0.00044856894756484245,0.000448468370590497,0.027702228726076,0.044410744194000304
2016-09-26 00:00:00-04:00,91.07231771445743,91.29230264158535,91.05602552756841,91.21082305908203,764000,0.0,0.0,0.0,0.0028662825383338753,0.0028621825830907276,0.016629818576950856,0.04315528784091007
2016-09-27 00:00:00-04:00,91.47149239565206,91.47149239565206,91.27595517798775,91.3655776977539,1583700,0.0,0.0,0.0,0.0016966696876710152,0.0016952319696484875,0.016449659992095682,0.041107499868676324
2016-09-28 00:00:00-04:00,91.40635444960405,91.495977005631,91.29229050848224,91.32487487792969,594800,0.0,0.0,0.0,-0.0004454940345134384,-0.0004455932964623307,0.023740485326297685,0.04115732635141087
2016-09-29 00:00:00-04:00,91.1619273355597,91.52041755639937,91.1048953655187,91.38191223144531,1123900,0.0,0.0,0.0,0.0006245544118386182,0.0006243594589001999,0.02022923034895277,0.04088531829463771
2016-09-30 00:00:00-04:00,91.39005515647953,91.41449654133575,91.0234219515992,91.15377807617188,1774600,0.0,0.0,0.0,-0.0024964913701481795,-0.002499612800894303,0.03263629799461532,0.041681036215045514
2016-10-03 00:00:00-04:00,91.12925945138392,91.15373986210506,90.92529959923277,90.94161987304688,3112000,0.15,0.0,0.0,-0.0023274756965938614,-0.002330188478259343,0.02903170731969826,0.04146728496602935
2016-10-04 00:00:00-04:00,90.82743666479239,90.90901939115031,90.51741359052404,90.52557373046875,3949600,0.0,0.0,0.0,-0.004574870594551972,-0.00458536734143779,0.03191400708672288,0.040816508816320915
2016-10-05 00:00:00-04:00,90.48479645272639,90.51742456773599,90.22372173773917,90.32162475585938,1490600,0.0,0.0,0.0,-0.0022529431872656547,-0.00225548488201501,0.02940528153710716,0.041162782112301184
2016-10-06 00:00:00-04:00,90.22370117094056,90.3705525524637,90.11764426042589,90.13396453857422,1577400,0.0,0.0,0.0,-0.0020776886796756155,-0.002079850069115613,0.016405230156858092,0.03831135284776224
2016-10-07 00:00:00-04:00,90.21557033954836,90.32978741836175,90.05239863812639,90.26451873779297,1601100,0.0,0.0,0.0,0.0014484462087860361,0.0014473982224220258,0.03431401712624847,0.03516891152064845
2016-10-10 00:00:00-04:00,90.06870279934012,90.06870279934012,89.88921707208353,90.02790832519531,1067000,0.0,0.0,0.0,-0.0026213003282605785,-0.002624741951633992,0.03457632327709464,0.03605962507247363
2016-10-11 00:00:00-04:00,90.01161625741747,90.1584676861024,89.90555308847792,90.00345611572266,1942600,0.0,0.0,0.0,-0.00027160699307071656,-0.0002716438849302683,0.027225111506892965,0.03372377211206979
2016-10-12 00:00:00-04:00,89.93003351356238,90.00345611572266,89.82397034462282,90.00345611572266,1037800,0.0,0.0,0.0,0.0,0.0,0.026179302325635267,0.03256365803690594
2016-10-13 00:00:00-04:00,90.15842859897941,90.30527996399866,90.15842859897941,90.1910629272461,1188400,0.0,0.0,0.0,0.002084440082858796,0.002082270651805563,0.02895298526940401,0.033541305792135316
2016-10-14 00:00:00-04:00,89.96264468128005,90.20739909109426,89.88922209295372,89.9136962890625,2105300,0.0,0.0,0.0,-0.003075322866605279,-0.0030800613894578195,0.03342208067022175,0.0347883418426252
2016-10-17 00:00:00-04:00,90.00344776497208,90.19109366035647,90.00344776497208,90.10950469970703,1490800,0.0,0.0,0.0,0.00217773730505999,0.0021753694722305155,0.034094433122897824,0.035470635036131924
2016-10-18 00:00:00-04:00,89.99526818060062,90.28897094726562,89.98711426578836,90.28897094726562,1484400,0.0,0.0,0.0,0.0019916461438409527,0.001989665446123106,0.03592966306338776,0.035792515469812616
2016-10-19 00:00:00-04:00,90.15842451366952,90.39501871461104,90.15842451366952,90.32975006103516,1264200,0.0,0.0,0.0,0.00045165110801126396,0.0004515491443497586,0.035567474905537966,0.03527924002916981
2016-10-20 00:00:00-04:00,90.46028273662687,90.46028273662687,90.21553461794994,90.2481689453125,979900,0.0,0.0,0.0,-0.000903147807533311,-0.0009035558912395416,0.034692148803787244,0.03333790321704125
2016-10-21 00:00:00-04:00,90.37873419321383,90.37873419321383,90.2237226357383,90.34609985351562,571100,0.0,0.0,0.0,0.0010851290319526807,0.0010845407050133178,0.0199106006443575,0.03361877688006997
2016-10-24 00:00:00-04:00,90.40317190197317,90.40317190197317,90.11762932532375,90.22368621826172,900800,0.0,0.0,0.0,-0.0013549410041205912,-0.0013558597666894078,0.021991977559639685,0.03157100558307922
2016-10-25 00:00:00-04:00,90.10952493836548,90.34611928378774,90.09321087718973,90.20742797851562,735100,0.0,0.0,0.0,-0.00018019924066015047,-0.0001802154784940439,0.015680774446151353,0.03049025687217928
2016-10-26 00:00:00-04:00,90.0769035249548,90.11769179311472,89.97900047751284,90.01163482666016,1136600,0.0,0.0,0.0,-0.002170477046547603,-0.002172835945761552,0.01958634815123979,0.030958612542949994
2016-10-27 00:00:00-04:00,89.7015609741211,89.74235544361305,89.51392135292726,89.7015609741211,3668500,0.0,0.0,0.0,-0.003444819696211354,-0.0034507667491924603,0.027798528695144393,0.03196434434915605
2016-10-28 00:00:00-04:00,89.61999250009234,89.79131809533028,89.57920424848129,89.7178955078125,1313200,0.0,0.0,0.0,0.00018209865596552355,0.00018208207801778879,0.023502451944615067,0.031630783163778584
2016-10-31 00:00:00-04:00,89.82394750550385,89.85658183962099,89.7097304482753,89.79131317138672,4413900,0.0,0.0,0.0,0.0008183168269682017,0.0008179821883014095,0.02830214635016426,0.03157593888502841
2016-11-01 00:00:00-04:00,89.53317612000174,89.96618240451505,89.4841591279418,89.79461669921875,2004000,0.154,0.0,0.0,3.679117406063526e-05,3.679049728199048e-05,0.028717207975786904,0.027981587297920555
2016-11-02 00:00:00-04:00,89.958011053012,90.21944539979604,89.89265090804436,90.06421661376953,1455900,0.0,0.0,0.0,0.0030024062071989377,0.002997907987089291,0.03681604858756445,0.029549724653797165
2016-11-03 00:00:00-04:00,89.93347069256227,90.0560193626847,89.8762821442497,90.00699615478516,686600,0.0,0.0,0.0,-0.0006353295585721508,-0.0006355314659191481,0.022173814745069867,0.02872807420906267
2016-11-04 00:00:00-04:00,90.11318628831937,90.32559728360694,90.0968431452463,90.28475189208984,1699800,0.0,0.0,0.0,0.00308593497362164,0.00308118324945566,0.027095700244369168,0.030413760450701332
2016-11-07 00:00:00-05:00,89.94985726468761,90.00704584457202,89.87633176187383,89.90901184082031,2617900,0.0,0.0,0.0,-0.00416172214460564,-0.004170406212369402,0.04756369633865582,0.03259655439887174
2016-11-08 00:00:00-05:00,89.92529937798705,89.95797943898607,89.54948802612466,89.59033966064453,1182200,0.0,0.0,0.0,-0.0035443853029991645,-0.00355068151846555,0.05488104106858953,0.03486419578456523
2016-11-09 00:00:00-05:00,89.1818342712678,89.1818342712678,88.16060589916049,88.22595977783203,6381300,0.0,0.0,0.0,-0.015229095993837927,-0.015346249627397066,0.10877538124076161,0.06360647342447912
2016-11-10 00:00:00-05:00,87.96455215674425,88.25866651547248,87.67860937272658,87.6949462890625,5445300,0.0,0.0,0.0,-0.0060187895955647885,-0.006036975517873899,0.10461695143504682,0.06490347553856007
2016-11-11 00:00:00-05:00,87.86650059909685,87.94002605751434,87.48251769469272,87.51519775390625,2482900,0.0,0.0,0.0,-0.0020497023233672085,-0.0020518058380518817,0.08324255212597777,0.06465277993544456
2016-11-14 00:00:00-05:00,87.0086669921875,87.33546135426792,86.82892978138906,87.0086669921875,3753800,0.0,0.0,0.0,-0.005787917695656897,-0.005804732604881217,0.08151570410353522,0.06508097580703226
2016-11-15 00:00:00-05:00,87.00049541903738,87.16389571661959,86.94330687315461,87.0086669921875,1391700,0.0,0.0,0.0,0.0,0.0,0.0927875293493732,0.06393978721198268
2016-11-16 00:00:00-05:00,86.82074913142232,87.14754345933748,86.82074913142232,87.0903549194336,2765700,0.0,0.0,0.0,0.0009388481638665791,0.0009384077215799123,0.051092650535150164,0.06419435449119461
2016-11-17 00:00:00-05:00,86.94330851261368,86.99233171935477,86.64102886428363,86.70638275146484,2499200,0.0,0.0,0.0,-0.00440889428368918,-0.004418642120096622,0.045213369142106816,0.06473662779119153
2016-11-18 00:00:00-05:00,86.68187879758537,86.77174740937879,86.24070731234973,86.3224105834961,4093700,0.0,0.0,0.0,-0.004428418713641524,-0.004438253204696004,0.04760185981594395,0.06421714739028594
2016-11-21 00:00:00-05:00,86.3877711136287,86.51031979668255,86.29790249492821,86.39594268798828,1364300,0.0,0.0,0.0,0.0008518309902971755,0.0008514683881816956,0.043996509507495465,0.06510469917435806
2016-11-22 00:00:00-05:00,86.51030304386467,86.66553176121165,86.39592595731963,86.47762298583984,1744700,0.0,0.0,0.0,0.0009454182142156764,0.0009449715878927314,0.04635325185868192,0.06567812250036989
2016-11-23 00:00:00-05:00,85.98744569653543,86.26521687602609,85.78319998229188,86.16718292236328,4607100,0.0,0.0,0.0,-0.0035898311350138767,-0.003596290041023814,0.0441618331418211,0.06589096352355925
2016-11-25 00:00:00-05:00,86.19986257795077,86.24070798075606,85.97927371708106,86.0936508178711,948200,0.0,0.0,0.0,-0.0008533655389248995,-0.0008537298625786589,0.03955597441024136,0.06586904301483457
2016-11-28 00:00:00-05:00,86.37959617424372,86.51848175749944,86.28972756552902,86.48580169677734,2474800,0.0,0.0,0.0,0.00455493378641636,0.004544591469337997,0.0471269250453736,0.06955345099519719
2016-11-29 00:00:00-05:00,86.33874257493154,86.60017682167361,86.28155402824059,86.57566833496094,1745000,0.0,0.0,0.0,0.001039091231398448,0.001038551749786263,0.04726314375857173,0.0696689953402375
2016-11-30 00:00:00-05:00,86.02014448007782,86.21621866316124,85.92210427199315,85.99563598632812,3362500,0.0,0.0,0.0,-0.0066997155180906764,-0.006722259360073137,0.0683574128402067,0.07137986635595925
2016-12-01 00:00:00-05:00,85.59389656594978,85.74933908038739,85.34026866211718,85.66752624511719,3467600,0.149,0.0,0.0,-0.003815423160113629,-0.0038227204544833315,0.06888973332369194,0.06891333894408021
2016-12-02 00:00:00-05:00,85.84751253392312,86.16658693965736,85.84751253392312,86.05204772949219,1660400,0.0,0.0,0.0,0.004488532600728901,0.004478489180539789,0.07991844128724211,0.07302036847251758
2016-12-05 00:00:00-05:00,85.76570359973601,86.23204361713886,85.6675244543126,86.01932525634766,2281600,0.0,0.0,0.0,-0.0003802637358194527,-0.00038033605440784785,0.06876258370530879,0.07066966159193694
2016-12-06 00:00:00-05:00,86.04386457393215,86.13386055933606,85.97023489964833,86.05204772949219,989400,0.0,0.0,0.0,0.0003804083913354628,0.00038033605440783165,0.0676374342839052,0.07101256959583702
2016-12-07 00:00:00-05:00,86.2075482128753,86.37935713123393,86.19936505240415,86.33844757080078,1237600,0.0,0.0,0.0,0.0033282164558001703,0.0033226902017302177,0.05196832460925112,0.07341147001684062
2016-12-08 00:00:00-05:00,86.06021634037097,86.11748593577465,85.92931084120954,86.01112365722656,1357500,0.0,0.0,0.0,-0.003791172099843476,-0.0037983768080793075,0.051832735436999164,0.05453734383243183
2016-12-09 00:00:00-05:00,85.97022938930124,86.06840228205387,85.52843264615922,85.5693359375,3261000,0.0,0.0,0.0,-0.005136402141276308,-0.005149638800077484,0.05374623523543513,0.05359905201633281
2016-12-12 00:00:00-05:00,85.51207270120008,85.67570460449845,85.3893565761249,85.58570861816406,1538200,0.0,0.0,0.0,0.0001913381760496602,0.0001913198732355007,0.05439109085060753,0.05372948020166923
2016-12-13 00:00:00-05:00,85.7329982002135,85.79026782191355,85.47937648153051,85.63481903076172,1993500,0.0,0.0,0.0,0.0005738155749432927,0.0005736510057381749,0.05471791489015147,0.051060316789971444
2016-12-14 00:00:00-05:00,85.92116912117032,85.98662190231461,84.90667598111683,84.92304229736328,3941000,0.0,0.0,0.0,-0.008311767823585337,-0.00834650317445438,0.059358346748164426,0.0574746165810351
2016-12-15 00:00:00-05:00,84.90664048086049,84.93936685774943,84.62029248547992,84.68574523925781,1999200,0.0,0.0,0.0,-0.002794259975691382,-0.0027981712077959223,0.05925502107237155,0.057153455820708805
2016-12-16 00:00:00-05:00,84.83303906181425,85.05393437697016,84.64486389252421,84.79212951660156,1811800,0.0,0.0,0.0,0.0012562241383504702,0.001255435749000997,0.06266469473399976,0.05672436154512514
2016-12-19 00:00:00-05:00,85.08664293972903,85.22572537724305,84.98846379693853,85.18482208251953,1691800,0.0,0.0,0.0,0.00463123839626034,0.004620547207971985,0.07774229891017143,0.05877276323373205
2016-12-20 00:00:00-05:00,84.88210703974283,85.05391585676891,84.82483743406746,85.00482940673828,969400,0.0,0.0,0.0,-0.002112966504841496,-0.0021152019680945365,0.07680465104087404,0.05870574541204024
2016-12-21 00:00:00-05:00,85.08665128667133,85.19300735368863,85.03756483142018,85.1439208984375,1870500,0.0,0.0,0.0,0.001636277522935492,0.00163494027940508,0.048023442961911356,0.059029253133159355
2016-12-22 00:00:00-05:00,85.04970272708964,85.18080991371531,84.98414600786037,85.10706329345703,1872100,0.165,0.0,0.0,-0.00043288592528445413,-0.00043297964744492087,0.04000251325301046,0.05808537517366254
2016-12-23 00:00:00-05:00,85.19718388303146,85.2873227896135,85.17260168156936,85.1889877319336,830400,0.0,0.0,0.0,0.0009626044573300963,0.0009621414507637609,0.03993624011504836,0.05834256785732953
2016-12-27 00:00:00-05:00,84.98412780107567,85.06607055664062,84.97593164996972,85.06607055664062,1148800,0.0,0.0,0.0,-0.0014428763454703564,-0.0014439182939336478,0.025038968585781078,0.05522180037536762
2016-12-28 00:00:00-05:00,85.10705517168793,85.46761084120818,85.04969461079446,85.37747192382812,1369800,0.0,0.0,0.0,0.003660700031749453,0.0036540159766355884,0.031178805913783057,0.05714397094065685
2016-12-29 00:00:00-05:00,85.51676170068657,85.76259620946969,85.51676170068657,85.63967895507812,1328600,0.0,0.0,0.0,0.0030711500978142237,0.0030664437498245456,0.0348310192537844,0.053952137399369306
2016-12-30 00:00:00-05:00,85.68065110819566,86.00842838422679,85.65606890656385,85.89370727539062,2439500,0.0,0.0,0.0,0.002966245593304384,0.0029618549671520016,0.03334227230930996,0.053294177359747896
2017-01-03 00:00:00-05:00,85.50861207563776,85.95111068111467,85.45944764786299,85.85277557373047,3230500,0.0,0.0,0.0,-0.0004765390033628636,-0.0004766525841589462,0.03709229883936801,0.050771963307988416
2017-01-04 00:00:00-05:00,85.82001123268091,85.99209299731977,85.7298722723698,85.95111846923828,1523000,0.0,0.0,0.0,0.0011454830068173827,0.0011448274417359438,0.027121050540707254,0.05095319350317059
2017-01-05 00:00:00-05:00,86.12314010460187,86.59841679044453,86.06577955643678,86.5082778930664,3344400,0.0,0.0,0.0,0.0064822824152954706,0.006461362778633976,0.04124457988187137,0.05596928660030962
2017-01-06 00:00:00-05:00,86.18870494305492,86.35259045276725,86.07398383588999,86.11495208740234,1601400,0.0,0.0,0.0,-0.004546684031212056,-0.004557051636471181,0.0648835525468074,0.05722910939729071
2017-01-09 00:00:00-05:00,86.42640110921273,86.47556554464065,86.3362621430378,86.44278717041016,1275000,0.0,0.0,0.0,0.0038069472845445596,0.003799719199548643,0.06664597371155835,0.057125728926335995
2017-01-10 00:00:00-05:00,86.40177917480469,86.53288635962437,86.3608046628926,86.40177917480469,1352700,0.0,0.0,0.0,-0.00047439464815757226,-0.00047450720889888906,0.0666424101136056,0.05357502887599815
2017-01-11 00:00:00-05:00,86.45091952419637,86.80327897233032,86.29522392446734,86.50008392333984,1833700,0.0,0.0,0.0,0.0011377630122206828,0.001137116250412651,0.06664343425424242,0.053610465055555716
2017-01-12 00:00:00-05:00,86.7131867340152,86.88526847544749,86.52471268282686,86.54930114746094,1544700,0.0,0.0,0.0,0.000568984697919106,0.000568822887501398,0.048254292077394075,0.05361042369962223
2017-01-13 00:00:00-05:00,86.34438513188722,86.50007446275735,86.08216461208292,86.36077117919922,1833200,0.0,0.0,0.0,-0.0021782956738206627,-0.0021806716107978298,0.03499964379496085,0.04368586855107294
2017-01-17 00:00:00-05:00,86.83607185844012,86.88523626581356,86.63940797711433,86.79509735107422,1656800,0.0,0.0,0.0,0.005029206732924729,0.005016602514559771,0.04240795504926575,0.043872014689641026
2017-01-18 00:00:00-05:00,86.5328709581073,86.60662381605562,86.14773312128031,86.18051147460938,3640400,0.0,0.0,0.0,-0.007080882391074739,-0.007106070813391939,0.07122406468650914,0.05287482402636807
2017-01-19 00:00:00-05:00,85.9019462533399,85.95111068111467,85.68069382468411,85.85277557373047,1840000,0.0,0.0,0.0,-0.0038029003921085103,-0.0038101498028322777,0.07266843632189979,0.05328083085096718
2017-01-20 00:00:00-05:00,85.7462078137682,85.97565003144052,85.61510065445468,85.89370727539062,1306400,0.0,0.0,0.0,0.00047676620105319145,0.00047665258415898707,0.07250636898832179,0.05244995803753809
2017-01-23 00:00:00-05:00,86.04941479326571,86.50829929209789,85.91010521169244,86.34441375732422,1720200,0.0,0.0,0.0,0.005247258457345971,0.0052335395668032395,0.08609322624079911,0.05496993526103131
2017-01-24 00:00:00-05:00,86.1559277610144,86.2706488697376,85.90190334196039,86.0166244506836,1344000,0.0,0.0,0.0,-0.003796300100686212,-0.003803524337289446,0.07560486352024846,0.05714754523403274
2017-01-25 00:00:00-05:00,85.67245651071168,85.77898146255171,85.4757864047792,85.59050750732422,1816000,0.0,0.0,0.0,-0.004953890554071694,-0.0049662017455755405,0.06727906688354242,0.06033438407157575
2017-01-26 00:00:00-05:00,85.55775274009858,85.72983442877567,85.36927874669081,85.70524597167969,2212900,0.0,0.0,0.0,0.0013405512795405805,0.0013396535428924859,0.06542472483566464,0.060112017349563104
2017-01-27 00:00:00-05:00,85.75440702166229,85.87732428603432,85.74621087021568,85.811767578125,2285200,0.0,0.0,0.0,0.0012428831542063978,0.0012421114143277025,0.06624606759200424,0.05896420239568644
2017-01-30 00:00:00-05:00,85.8281844548069,86.00026618599905,85.78721618652344,85.78721618652344,1909300,0.0,0.0,0.0,-0.0002861075152567061,-0.0002861484518202078,0.04631490014900423,0.05803852372628489
2017-01-31 00:00:00-05:00,85.86914288529123,86.22150243604285,85.86914288529123,86.08219909667969,1411700,0.0,0.0,0.0,0.0034385415831057475,0.0034326433160867076,0.04998957621500541,0.05837195320430845
2017-02-01 00:00:00-05:00,85.81057409618201,86.04857281109088,85.67105955129765,85.91726684570312,2055100,0.159,0.0,0.0,-0.001915985566206646,-0.0019178234144539479,0.03174897759327255,0.05878791143668457
2017-02-02 00:00:00-05:00,86.19626656198787,86.25371407626429,85.94185703609364,85.95006561279297,1423500,0.0,0.0,0.0,0.0003817482596222277,0.00038167541229433614,0.031379530668282675,0.05866049963332256
2017-02-03 00:00:00-05:00,86.17166349193778,86.35221464582582,85.85980639241974,86.01573181152344,1711100,0.0,0.0,0.0,0.0007640040558700711,0.0007637123533365352,0.030915460611411878,0.05357877317724361
2017-02-06 00:00:00-05:00,86.36860077007597,86.50812151526279,86.17163877746539,86.4260482788086,1500500,0.0,0.0,0.0,0.004770249100295221,0.004758907515876239,0.04193458804989013,0.0539440055546722
2017-02-07 00:00:00-05:00,86.37679205799556,86.73789418993245,86.31934456076083,86.58196258544922,1540600,0.0,0.0,0.0,0.0018040198498681104,0.0018023945604680664,0.03861849888623684,0.05261284241381834
2017-02-08 00:00:00-05:00,86.5819590568072,86.99230009499111,86.5819590568072,86.93485260009766,3182200,0.0,0.0,0.0,0.004075791355505176,0.004067507818269764,0.03127221050368439,0.05441861340438861
2017-02-09 00:00:00-05:00,86.93484356240059,86.93484356240059,86.40139901595661,86.41781616210938,1530200,0.0,0.0,0.0,-0.005947401100070415,-0.005965157327266731,0.06762998678000125,0.05864233232768866
2017-02-10 00:00:00-05:00,86.2290623179036,86.42602425576649,86.2290623179036,86.3603744506836,1646400,0.0,0.0,0.0,-0.0006646975586379611,-0.0006649185680018739,0.06881842450843757,0.05863561488275307
2017-02-13 00:00:00-05:00,86.17166319276402,86.23731929600639,86.07317903790046,86.22911071777344,1045200,0.0,0.0,0.0,-0.001519953262651863,-0.0015211095634428216,0.05991218125308223,0.058372516320436774
2017-02-14 00:00:00-05:00,86.18808735597524,86.2537434693249,85.72850708515071,85.91726684570312,2318100,0.0,0.0,0.0,-0.003616457011727414,-0.003623012201533203,0.059418379480389846,0.05638938362429871
2017-02-15 00:00:00-05:00,85.62178399552776,85.81053741408068,85.61357541954014,85.75308990478516,2750900,0.0,0.0,0.0,-0.0019108724816957467,-0.0019127005276627646,0.03324005524761369,0.051130522892663025
2017-02-16 00:00:00-05:00,85.84337017059146,86.17985293016301,85.84337017059146,86.09778594970703,2459800,0.0,0.0,0.0,0.004019634106533054,0.004011576961324716,0.04553594347465616,0.05144698604883356
2017-02-17 00:00:00-05:00,86.33577799869286,86.4342621316652,86.27012817135387,86.32757568359375,2237700,0.0,0.0,0.0,0.0026689389436906907,0.0026653836506498624,0.05161986964752216,0.052215809413786285
2017-02-21 00:00:00-05:00,86.12238798393481,86.40141691326309,86.10597083438138,86.2865219116211,2832700,0.0,0.0,0.0,-0.000475558031689971,-0.0004756711452735271,0.05028926015775364,0.04880180469851957
2017-02-22 00:00:00-05:00,86.46708489703569,86.51632382986112,86.13881073514548,86.4260482788086,2812800,0.0,0.0,0.0,0.0016170122992140712,0.0016157063424687027,0.03787137636092502,0.04700942215447436
2017-02-23 00:00:00-05:00,86.58199485949746,86.65585327148438,86.52454734084877,86.65585327148438,1842700,0.0,0.0,0.0,0.0026589783665040834,0.0026554495375298004,0.026548774362023273,0.04348493424416044
2017-02-24 00:00:00-05:00,86.94304265675393,87.12359367690998,86.84455857449444,87.05793762207031,2677000,0.0,0.0,0.0,0.004640013748710592,0.0046292820688733595,0.029571277209724297,0.04572718002277737
2017-02-27 00:00:00-05:00,86.98413820761056,86.99234678594604,86.6969005789757,86.74613952636719,3292600,0.0,0.0,0.0,-0.0035815010580273476,-0.003587929987677387,0.04991394226268996,0.0482278529579851
2017-02-28 00:00:00-05:00,86.78718327812945,86.91849549702928,86.68869911395456,86.70511627197266,2482500,0.0,0.0,0.0,-0.0004729115856741961,-0.0004730234436254661,0.04990911103313522,0.048275137131699064
2017-03-01 00:00:00-05:00,86.05177522536427,86.1257414294511,86.002468602584,86.10108184814453,2249000,0.145,0.0,0.0,-0.006966537267921069,-0.006990916882314299,0.07420917992664729,0.053793103448757935
2017-03-02 00:00:00-05:00,85.92849025819372,85.96136342537493,85.73947738429621,85.85453033447266,2023300,0.0,0.0,0.0,-0.0028635123784706007,-0.0028676200735392905,0.06838067566854653,0.054346852144200944
2017-03-03 00:00:00-05:00,85.87916482169855,85.94491114165247,85.68193213175101,85.93669128417969,2509000,0.0,0.0,0.0,0.0009569786170509076,0.0009565210049408934,0.04845950689905302,0.054443060317493006
2017-03-06 00:00:00-05:00,85.95315498757051,85.96137484793697,85.8216685712893,85.9202880859375,1401700,0.0,0.0,0.0,-0.00019087537578033054,-0.0001908935948032823,0.050022271680688485,0.054370287775066535
2017-03-07 00:00:00-05:00,85.8216503762687,85.86274339947244,85.75590404710877,85.7969970703125,1596300,0.0,0.0,0.0,-0.00143494648786191,-0.0014359770095203545,0.04873390350552683,0.05145753199642246
2017-03-08 00:00:00-05:00,85.40253715876146,85.59155631371976,85.38610370915966,85.5093765258789,2392800,0.0,0.0,0.0,-0.0033523381266815644,-0.0033579698018480135,0.028584458664862058,0.05183500277750027
2017-03-09 00:00:00-05:00,85.41895269552904,85.45182585534192,85.22171373665174,85.27102661132812,2322900,0.0,0.0,0.0,-0.0027874126117460873,-0.0027913046804970026,0.028339178466596414,0.04925281638417735
2017-03-10 00:00:00-05:00,85.45181274414062,85.4764660427391,85.262793671697,85.45181274414062,1333000,0.0,0.0,0.0,0.0021201355254760745,0.002117891209762046,0.034801149877824095,0.046678147172903646
2017-03-13 00:00:00-04:00,85.31214963585893,85.40254929630639,85.2135363844012,85.23818969726562,1342600,0.0,0.0,0.0,-0.0024999241094466607,-0.002503054137366197,0.03474009895517299,0.04718570958342073
2017-03-14 00:00:00-04:00,85.27921649693943,85.41892895479202,85.26278305655745,85.32852935791016,864600,0.0,0.0,0.0,0.0010598495928337837,0.0010592883487752557,0.03961800927730108,0.04744244267440213
2017-03-15 00:00:00-04:00,85.46002794181032,86.07638549804688,85.40250148735811,86.07638549804688,3701900,0.0,0.0,0.0,0.008764432549866585,0.008726247860134734,0.07428416462525873,0.05626227396565616
2017-03-16 00:00:00-04:00,85.87093162655071,85.97777094735982,85.81340517300472,85.83805847167969,2749900,0.0,0.0,0.0,-0.0027687852479887365,-0.0027726254239163932,0.0742191856165511,0.056748961233070654
2017-03-17 00:00:00-04:00,85.94491873499398,86.1421514423673,85.92847901859595,86.06819152832031,1186700,0.0,0.0,0.0,0.0026810142346889165,0.0026774267267017336,0.07469818386896884,0.05569797558489851
2017-03-20 00:00:00-04:00,86.08462437587842,86.29829679816315,86.08462437587842,86.27364349365234,1362700,0.0,0.0,0.0,0.00238708356343742,0.002384239005367204,0.06597688129744228,0.05552680497600171
2017-03-21 00:00:00-04:00,86.21612807904103,86.59416009313637,86.21612807904103,86.56128692626953,1407000,0.0,0.0,0.0,0.003334082356662549,0.003328536627275629,0.06498089410872972,0.056750395778220226
2017-03-22 00:00:00-04:00,86.72562408447266,86.88998987634167,86.65987776772505,86.72562408447266,2231300,0.0,0.0,0.0,0.001898506411337264,0.0018967065257431677,0.038825020031220916,0.0568546189640197
2017-03-23 00:00:00-04:00,86.77492196588965,86.81601497720537,86.48728969641925,86.63521575927734,2584700,0.0,0.0,0.0,-0.0010424638179282741,-0.0010430075612554617,0.026975257160616495,0.05622801269032855
2017-03-24 00:00:00-04:00,86.61056599612219,86.79136522143091,86.57769283971028,86.68453216552734,2540000,0.0,0.0,0.0,0.0005692420318663682,0.0005690800750797721,0.027050804105536768,0.053560270473954515
2017-03-27 00:00:00-04:00,87.04611941990002,87.07899257445149,86.84066690638822,86.898193359375,2614000,0.0,0.0,0.0,0.0024648133699292085,0.0024617806997433637,0.027229232494679626,0.05280632670526126
2017-03-28 00:00:00-04:00,86.99684293707152,86.99684293707152,86.59415762677416,86.60237121582031,1356800,0.0,0.0,0.0,-0.003404238133367099,-0.003410045736055671,0.037759998962051226,0.05422882746083228
2017-03-29 00:00:00-04:00,86.75030322499623,86.88179589765751,86.75030322499623,86.84892272949219,1860400,0.0,0.0,0.0,0.002846937216735679,0.00284289236611628,0.04106600729080367,0.04852518789061558
2017-03-30 00:00:00-04:00,86.80782380044973,86.81604365941119,86.5859377678127,86.60237121582031,1487800,0.0,0.0,0.0,-0.0028388551742870582,-0.00284289236611626,0.04636749561063573,0.048503018647153326
2017-03-31 00:00:00-04:00,86.72564150760775,86.8078212850952,86.65989517765173,86.77494812011719,1698500,0.0,0.0,0.0,0.001992750335516824,0.001990767442403927,0.048653507929542046,0.048788471872194226
2017-04-03 00:00:00-04:00,86.8811290219096,87.24327291889627,86.85643853427347,87.20211791992188,4175500,0.159,0.0,0.0,0.004922731837458283,0.0049106548115099395,0.05804526278337324,0.05116093624839297
2017-04-04 00:00:00-04:00,87.17742863892326,87.25973235864,87.07866668701172,87.07866668701172,1319600,0.0,0.0,0.0,-0.001415690763652333,-0.0014166938005933328,0.050390836170646776,0.0511500954736857
2017-04-05 00:00:00-04:00,86.97165535200709,87.32556695407993,86.93050663696684,87.2432632446289,2551100,0.0,0.0,0.0,0.0018902053037721522,0.0018884211136968507,0.048733653201958625,0.048914359275222474
2017-04-06 00:00:00-04:00,87.26792685304872,87.32554005985797,87.07862900754775,87.18562316894531,1496300,0.0,0.0,0.0,-0.0006606822525880851,-0.0006609005992846826,0.03981398530435559,0.04728052275329957
2017-04-07 00:00:00-04:00,87.39961133469811,87.50660548821627,86.9222412109375,86.9222412109375,1185400,0.0,0.0,0.0,-0.0030209333653260506,-0.003025505595114474,0.04943081053526563,0.049309300305975357
2017-04-10 00:00:00-04:00,87.0375116874677,87.17742863892326,86.9963566879237,87.07866668701172,1752500,0.0,0.0,0.0,0.0017996024250526155,0.0017979850807023168,0.03365803200591732,0.04776354370214558
2017-04-11 00:00:00-04:00,87.28443391729071,87.5725000917977,87.2679694048208,87.48196411132812,2219200,0.0,0.0,0.0,0.0046314147845876175,0.004620722783153257,0.04595306523262353,0.0494048448651597
2017-04-12 00:00:00-04:00,87.54778527536033,87.80292863340188,87.4819398025206,87.75354766845703,2273600,0.0,0.0,0.0,0.0031044519849061647,0.003099643123857833,0.048303399675376654,0.04143082594159099
2017-04-13 00:00:00-04:00,87.90164984452633,88.07448940879152,87.74526849998645,88.01687622070312,1868200,0.0,0.0,0.0,0.003000773863194528,0.002996280528049717,0.04651843828533898,0.039546900253792115
2017-04-17 00:00:00-04:00,88.0251710003533,88.09924874544029,87.80295032383525,87.87702178955078,1110500,0.0,0.0,0.0,-0.0015889501781641835,-0.0015902138983348599,0.03713324970539741,0.04040296097719179
2017-04-18 00:00:00-04:00,88.11569844513222,88.45315183459319,88.06631747277046,88.37907409667969,1678400,0.0,0.0,0.0,0.005713123828106292,0.005696865829416984,0.0442554795815787,0.04347786799034805
2017-04-19 00:00:00-04:00,88.16504696163024,88.20619566072945,88.05804652936251,88.1485824584961,1750000,0.0,0.0,0.0,-0.0026079888315129196,-0.002611395558812484,0.05555580977099419,0.04472564001750032
2017-04-20 00:00:00-04:00,88.00867827402068,88.07452373731938,87.83583864238834,87.95106506347656,1694700,0.0,0.0,0.0,-0.0022407325167427272,-0.0022432467143134994,0.05884039889049802,0.04591324692186746
2017-04-21 00:00:00-04:00,88.03336672166361,88.16505764522242,87.96752125988421,87.99221801757812,2792500,0.0,0.0,0.0,0.0004679073990958571,0.00046779796456428006,0.054526565416679475,0.045461270830557475
2017-04-24 00:00:00-04:00,87.59718542084504,87.8111801147461,87.54780444508759,87.8111801147461,3558000,0.0,0.0,0.0,-0.0020574308377573347,-0.0020595502561201774,0.05545242516301801,0.04656645413085692
2017-04-25 00:00:00-04:00,87.53129144203245,87.63005961820194,87.31729686668248,87.35845184326172,1985700,0.0,0.0,0.0,-0.005155701937871404,-0.005169038428168892,0.03172101393217391,0.05033173029720225
2017-04-26 00:00:00-04:00,87.35846014360976,87.58891296386719,87.34200191903497,87.58891296386719,1314400,0.0,0.0,0.0,0.0026381090294385068,0.0026346353278074584,0.046927020047540825,0.04903639434905382
2017-04-27 00:00:00-04:00,87.55603994275286,87.75357642600632,87.51489121827069,87.64657592773438,1988200,0.0,0.0,0.0,0.0006583363340857407,0.0006581197257835486,0.04765488574676365,0.048299005700585075
2017-04-28 00:00:00-04:00,87.50658490263886,87.77819262771506,87.4654299336152,87.7370376586914,5489800,0.0,0.0,0.0,0.0010321193954183627,0.0010315871264071268,0.04867577778930841,0.046719332762988286
2017-05-01 00:00:00-04:00,87.63816502450912,87.77829225952283,87.41561037412316,87.54749298095703,2044400,0.16,0.0,0.0,-0.002160372435546898,-0.0021627094065021072,0.04887810029889526,0.04746229101916813
2017-05-02 00:00:00-04:00,87.50629663182258,87.77830651785428,87.48980737278448,87.72885131835938,1585300,0.0,0.0,0.0,0.0020715423277943845,0.0020693996425849375,0.0295087877853309,0.04490690804505836
2017-05-03 00:00:00-04:00,87.74532003561218,87.77829225952283,87.49803778949541,87.54749298095703,1861300,0.0,0.0,0.0,-0.002067259911385455,-0.002069399642584995,0.030418819553905282,0.04529590270586688
2017-05-04 00:00:00-04:00,87.25076135410156,87.36616100938755,87.22603375494164,87.34967803955078,1237100,0.0,0.0,0.0,-0.0022595157744754735,-0.002262072332023766,0.03283486269076634,0.04572316394186077
2017-05-05 00:00:00-04:00,87.35789630552729,87.39086223525219,87.2095244665347,87.36613464355469,980000,0.0,0.0,0.0,0.00018839913750401394,0.00018838139261522066,0.030534308215184793,0.04564372328391492
2017-05-08 00:00:00-04:00,87.28373045975974,87.28373045975974,87.10238635399571,87.15184783935547,4887400,0.0,0.0,0.0,-0.0024527444767183937,-0.0024557573820519992,0.031386188470877124,0.04516932549796319
2017-05-09 00:00:00-04:00,87.03640534115483,87.09411143130427,86.93749498959966,87.05289459228516,1457900,0.0,0.0,0.0,-0.0011354119221053116,-0.0011360569905469015,0.017352882536805662,0.044936278902870455
2017-05-10 00:00:00-04:00,87.24249022154953,87.2589794751866,86.96223579779567,87.01993560791016,995500,0.0,0.0,0.0,-0.00037860871289074893,-0.0003786804032651253,0.018269763492091362,0.041455623143846904
2017-05-11 00:00:00-04:00,86.88809512336493,87.1271328176564,86.88809512336493,87.08592224121094,1088800,0.0,0.0,0.0,0.0007582932903800188,0.0007580059312820424,0.019818983588607866,0.03972965133271122
2017-05-12 00:00:00-04:00,87.42388266481949,87.60522682234921,87.42388266481949,87.53104400634766,2005600,0.0,0.0,0.0,0.0051112941527313716,0.005098275830247013,0.045888484071444885,0.04270565313817176
2017-05-15 00:00:00-04:00,87.48978771506006,87.51451530925158,87.41560493248554,87.47330474853516,672200,0.0,0.0,0.0,-0.0006596431982270889,-0.000659860858525593,0.04034436787341274,0.042452580614160774
2017-05-16 00:00:00-04:00,87.46509318129154,87.71238179429442,87.46509318129154,87.58873748779297,1314500,0.0,0.0,0.0,0.0013196339110503885,0.0013187639594817466,0.03676359089641991,0.03678556088791872
2017-05-17 00:00:00-04:00,88.03385597160229,88.33883814319357,87.9761561319382,88.28938293457031,5644700,0.0,0.0,0.0,0.007999264139125106,0.007967439628201189,0.05648719761749182,0.0465044879096232
2017-05-18 00:00:00-04:00,88.3635512090783,88.4047680686902,88.17396874800716,88.26464080810547,1715200,0.0,0.0,0.0,-0.00028023897826057187,-0.0002802782525406676,0.05938156601704754,0.04571876579715676
2017-05-19 00:00:00-04:00,88.17396948002711,88.25639691112539,88.03384221827905,88.23991394042969,3503100,0.0,0.0,0.0,-0.00028014465871495364,-0.0002801839065600775,0.057894888154658285,0.04573380571781561
2017-05-22 00:00:00-04:00,88.14093780517578,88.20688222110365,88.09972097301946,88.14093780517578,1425800,0.0,0.0,0.0,-0.001121670804447139,-0.00112230034794832,0.059120845008054104,0.04525436247494471
2017-05-23 00:00:00-04:00,88.23990273892575,88.23990273892575,87.86896991285627,87.91018676757812,2984700,0.0,0.0,0.0,-0.0026179780172943534,-0.0026214109145525394,0.06617991369814953,0.042061403531410545
2017-05-24 00:00:00-04:00,87.91018574960967,88.14098504023771,87.82775832992951,88.0915298461914,1776300,0.0,0.0,0.0,0.002062822128824804,0.002060697432668987,0.026943653924795127,0.04168847408353012
2017-05-25 00:00:00-04:00,88.14093780517578,88.1821546373321,88.03378284589724,88.14093780517578,1361000,0.0,0.0,0.0,0.000560870711073358,0.000560713481883506,0.02791660620097683,0.041678468437127816
2017-05-26 00:00:00-04:00,88.2234275524252,88.26464441372082,88.14924474866521,88.19869995117188,1016600,0.0,0.0,0.0,0.0006553384549159436,0.0006551238144403501,0.028693804397613546,0.041610234758404786
2017-05-30 00:00:00-04:00,88.34704372132168,88.42122650146484,88.28109927976683,88.42122650146484,2335200,0.0,0.0,0.0,0.00252301394936838,0.002519836493062901,0.03193798609732897,0.041308400911572375
2017-05-31 00:00:00-04:00,88.380013085847,88.52838493014633,88.33055790068319,88.46244049072266,1752300,0.0,0.0,0.0,0.00046610967624527433,0.0004660010808737215,0.015317427675943431,0.04088921033480453
2017-06-01 00:00:00-04:00,88.28413716591503,88.43273611176555,88.25111447812229,88.41622161865234,1769300,0.164,0.0,0.0,-0.0005224688784746245,-0.0005226054128978409,0.017546858515589667,0.04000113343960542
2017-06-02 00:00:00-04:00,88.7464187343943,88.90327488533008,88.67212243032915,88.80420684814453,1803200,0.0,0.0,0.0,0.004388167944629151,0.004378568009513206,0.031006955034487867,0.04087610449883737
2017-06-05 00:00:00-04:00,88.66392741618458,88.73822377239584,88.63916196411415,88.65567016601562,1414900,0.0,0.0,0.0,-0.0016726311444108521,-0.0016740315536801077,0.038508790015762275,0.0417867188444069
2017-06-06 00:00:00-04:00,88.97757581220625,89.01885573778625,88.87851406830599,88.9363021850586,2078900,0.0,0.0,0.0,0.0031654153481379677,0.0031604159682724333,0.04029954367277938,0.04084841162535518
2017-06-07 00:00:00-04:00,88.84550470489738,88.91980102395911,88.68864852230044,88.77120208740234,1795800,0.0,0.0,0.0,-0.0018563859031681673,-0.0018581111229252934,0.04583018282047529,0.04142834818232065
2017-06-08 00:00:00-04:00,88.68869330596219,88.68869330596219,88.47404888956514,88.63090515136719,3863000,0.0,0.0,0.0,-0.0015804329865559685,-0.0015816831881820227,0.048164645180000014,0.042164585247328586
2017-06-09 00:00:00-04:00,88.45749089090147,88.61434076596923,88.42446820708906,88.54830169677734,1203400,0.0,0.0,0.0,-0.0009319938056456811,-0.0009324283819084669,0.03365226322360054,0.042674858628402895
2017-06-12 00:00:00-04:00,88.43276041242385,88.70518663931576,88.43276041242385,88.53182220458984,766700,0.0,0.0,0.0,-0.00018610737723612214,-0.00018612469736302192,0.032222606842202434,0.03967395286304079
2017-06-13 00:00:00-04:00,88.44925831835947,88.59785728775068,88.44925831835947,88.56483459472656,682300,0.0,0.0,0.0,0.0003728872773050007,0.0003728177721220749,0.014824509948098476,0.039417436318717615
2017-06-14 00:00:00-04:00,89.0931755058994,89.29956259128097,88.91981110999095,89.02713012695312,3712100,0.0,0.0,0.0,0.005219854294788995,0.005206278078779036,0.04282562502728318,0.04263163936048535
2017-06-15 00:00:00-04:00,88.90330772543983,88.92807316927636,88.8042396516594,88.87028503417969,2000400,0.0,0.0,0.0,-0.0017617673685512703,-0.0017633211058323138,0.043416895421913425,0.0340382261024373
2017-06-16 00:00:00-04:00,88.88680762565751,89.01889841208997,88.88680762565751,88.91983032226562,3460300,0.0,0.0,0.0,0.000557501172263386,0.0005573458262192347,0.04147411684767363,0.0339688068760048
2017-06-19 00:00:00-04:00,88.82073466978112,88.8537573561417,88.6721420288086,88.6721420288086,1105900,0.0,0.0,0.0,-0.0027855236853169263,-0.0027894104759271406,0.048958000770575306,0.03572549443582922
2017-06-20 00:00:00-04:00,88.74648155465634,88.96112597128098,88.74648155465634,88.89508056640625,1252000,0.0,0.0,0.0,0.002514189152273083,0.0025110338662770212,0.051401250181372475,0.03620631987033141
2017-06-21 00:00:00-04:00,88.79596135093591,88.94456027715697,88.77945315843706,88.88677215576172,1159800,0.0,0.0,0.0,-9.346310944979841e-05,-9.346747739837591e-05,0.032736976717111094,0.034455565165116275
2017-06-22 00:00:00-04:00,89.01886701063997,89.04363244975119,88.86201083169136,88.96932983398438,1160100,0.0,0.0,0.0,0.0009287959976540527,0.0009283649335445213,0.03075206243876588,0.03402976981497772
2017-06-23 00:00:00-04:00,88.9281104735635,89.02717229046486,88.88683051756328,88.99415588378906,1581000,0.0,0.0,0.0,0.0002790405395995954,0.0002790016150290791,0.03062526185496237,0.03403757519840401
2017-06-26 00:00:00-04:00,89.07667765809225,89.16748849008403,89.06016316222025,89.06842041015625,3625000,0.0,0.0,0.0,0.0008344876765185028,0.000834139685260193,0.0158407669318338,0.03405547318783959
2017-06-27 00:00:00-04:00,88.76298966254012,88.78776141316924,88.54835154457955,88.63090515136719,1755200,0.0,0.0,0.0,-0.0049121254960436955,-0.004924229638801868,0.03889936354232578,0.03815669554538852
2017-06-28 00:00:00-04:00,88.58957532771815,88.58957532771815,88.4079537159664,88.54830169677734,1530900,0.0,0.0,0.0,-0.0009319938056456811,-0.0009324283819084669,0.038676305342062914,0.03831148927943736
2017-06-29 00:00:00-04:00,88.0860031177823,88.30890469103487,88.0364722341412,88.21809387207031,1997200,0.0,0.0,0.0,-0.0037291265713688126,-0.0037360970985762794,0.03997480598016772,0.04057258356320022
2017-06-30 00:00:00-04:00,88.20158371618987,88.20158371618987,87.95392298737099,88.01171112060547,1909600,0.0,0.0,0.0,-0.0023394605619583286,-0.002342201375336424,0.03596200931833888,0.037601212119268396
2017-07-03 00:00:00-04:00,88.01083673114339,88.01910630750768,87.64705737301581,87.68839263916016,1255300,0.159,0.0,0.0,-0.003673584768761673,-0.0036803489522372074,0.02418685935535239,0.039108002796388555
2017-07-05 00:00:00-04:00,87.67189313575508,87.85378603791175,87.6222882743818,87.75457000732422,10477800,0.0,0.0,0.0,0.0007546878916617761,0.0007544032579522723,0.030363128493271878,0.03695075399180309
2017-07-06 00:00:00-04:00,87.58921813964844,87.61402057086616,87.41559481328336,87.58921813964844,1794300,0.0,0.0,0.0,-0.0018842536367277285,-0.0018860310757263647,0.029007069365428136,0.03696279147374193
2017-07-07 00:00:00-04:00,87.48175671242987,87.547900752524,87.40734939820612,87.44868469238281,1799900,0.0,0.0,0.0,-0.0016044605746059482,-0.0016057490999168257,0.025547981892439117,0.03697076073361102
2017-07-10 00:00:00-04:00,87.50654185289879,87.6470994872752,87.49827858040258,87.56442260742188,1247700,0.0,0.0,0.0,0.0013234952068883477,0.001322620159102959,0.0325054311711251,0.037618860964191654
2017-07-11 00:00:00-04:00,87.53136248355713,87.70498584718536,87.50655373917384,87.68018341064453,1112600,0.0,0.0,0.0,0.0013220072693409524,0.0013211341871268345,0.02533965652382421,0.03819198307389584
2017-07-12 00:00:00-04:00,88.01090023737508,88.06051142352035,87.90342089843942,87.93649291992188,2451700,0.0,0.0,0.0,0.0029232319015224384,0.002918967567550844,0.03301748452281504,0.03997886837791556
2017-07-13 00:00:00-04:00,87.92825035047717,87.92825035047717,87.68021957492455,87.84557342529297,2095900,0.0,0.0,0.0,-0.0010339222273931803,-0.001034457093684543,0.029667204709217434,0.034155910885560276
2017-07-14 00:00:00-04:00,88.20933377390656,88.25066907053693,87.95302718028812,87.96956634521484,1260400,0.0,0.0,0.0,0.0014114873987056686,0.0014104921867433417,0.02249791310630159,0.034658821876188545
2017-07-17 00:00:00-04:00,88.01914429394316,88.14316276157598,87.96953943002654,88.07701873779297,1289200,0.0,0.0,0.0,0.0012214723459753607,0.0012207269555501528,0.022471206289657958,0.035007664893290186
2017-07-18 00:00:00-04:00,88.35809405303918,88.44077089737785,88.28368047764715,88.39942932128906,1776100,0.0,0.0,0.0,0.0036605528674389376,0.003653869349073804,0.028735164098727815,0.036794008040003934
2017-07-19 00:00:00-04:00,88.4076988980746,88.47384289668109,88.34155489946811,88.39942932128906,2466000,0.0,0.0,0.0,0.0,0.0,0.027972796872971526,0.035435411650399755
2017-07-20 00:00:00-04:00,88.54835022560992,88.59796143454587,88.39126593620979,88.42433166503906,2317200,0.0,0.0,0.0,0.0002817025397243711,0.0002816628690139792,0.02288986806330933,0.03548619327823948
2017-07-21 00:00:00-04:00,88.58964470379983,88.6888544531834,88.56484226645394,88.58137512207031,1664200,0.0,0.0,0.0,0.0017760208539223665,0.001774445593739758,0.023131650456947192,0.03598603589645946
2017-07-24 00:00:00-04:00,88.53176811668675,88.58964257171519,88.45735449859731,88.52349853515625,2342700,0.0,0.0,0.0,-0.0006533719626083956,-0.0006535855030884648,0.027414564423805177,0.03596809900638058
2017-07-25 00:00:00-04:00,88.21759153259937,88.21759153259937,88.00263286473832,88.02743530273438,2513600,0.0,0.0,0.0,-0.005603746356961592,-0.005619506247440527,0.04457281607687443,0.04035606003201193
2017-07-26 00:00:00-04:00,88.02743002395499,88.39947918727069,87.97782515093756,88.30853271484375,3010400,0.0,0.0,0.0,0.003193293217536697,0.003188205484954077,0.05327851652913297,0.03906340500400538
2017-07-27 00:00:00-04:00,88.13491198983992,88.2423976283853,88.06876795194161,88.16798400878906,1853000,0.0,0.0,0.0,-0.0015915642773561833,-0.0015928321612383677,0.05386534446046703,0.039301401600679395
2017-07-28 00:00:00-04:00,88.159704853133,88.34159778367881,88.13490241857528,88.3167953491211,1001600,0.0,0.0,0.0,0.0016878160707087808,0.0016863933098453091,0.05362582361141643,0.037536433444116876
2017-07-31 00:00:00-04:00,88.2671759605196,88.34985283139271,88.20930152012433,88.34158325195312,921800,0.0,0.0,0.0,0.00028067031569745104,0.00028063093515285514,0.053969019959762804,0.0364529145723037
2017-08-01 00:00:00-04:00,88.20503740886738,88.5942270123298,88.16363815765823,88.56110382080078,1958300,0.165,0.0,0.0,0.0024849064366616602,0.002481824161716129,0.030223701255766976,0.03428704205835903
2017-08-02 00:00:00-04:00,88.51963887548554,88.64384917213702,88.46995096626608,88.47823333740234,516100,0.0,0.0,0.0,-0.0009357435693905236,-0.0009361816507135266,0.02722951414826962,0.034642084317267535
2017-08-03 00:00:00-04:00,88.66038903355425,88.80944009480885,88.58586666172535,88.78459930419922,1576200,0.0,0.0,0.0,0.0034626139700211223,0.0034566329249918802,0.027749479225219628,0.035135061092715456
2017-08-04 00:00:00-04:00,88.57755674346002,88.57755674346002,88.35397706231613,88.54443359375,1266100,0.0,0.0,0.0,-0.002705037949502387,-0.0027087031758662307,0.039763297706726285,0.03628273834306729
2017-08-07 00:00:00-04:00,88.50308247840583,88.60245198861645,88.45340088209987,88.59416961669922,554100,0.0,0.0,0.0,0.0005617069411434361,0.0005615492428502922,0.03970786917849334,0.03618895271555958
2017-08-08 00:00:00-04:00,88.56102964866517,88.56931201901142,88.3788617242301,88.5196304321289,1277800,0.0,0.0,0.0,-0.0008413554175494831,-0.0008417095556700871,0.036514833027122155,0.03642036014459433
2017-08-09 00:00:00-04:00,88.84260919916073,88.86745000261661,88.62731170654297,88.62731170654297,1268000,0.0,0.0,0.0,0.0012164677358952325,0.0012157284385125322,0.03657680742667513,0.035390508430285114
2017-08-10 00:00:00-04:00,88.80116265436038,88.9916192556003,88.7846042322338,88.95849609375,1412000,0.0,0.0,0.0,0.003736820860635204,0.003729856290405028,0.03807331930119834,0.03685916738636974
2017-08-11 00:00:00-04:00,88.90884834884044,89.11586345099771,88.86744280136917,89.05789947509766,911000,0.0,0.0,0.0,0.0011174130151987427,0.0011167891739577746,0.026334906786575844,0.03679142764173847
2017-08-14 00:00:00-04:00,88.88400482236533,88.97509197640412,88.8094824150244,88.84260559082031,1386100,0.0,0.0,0.0,-0.002417459714930126,-0.002420386488523089,0.0369426820572495,0.03823819193925922
2017-08-15 00:00:00-04:00,88.48651906800913,88.6521285914332,88.46167827125535,88.57760620117188,1146300,0.0,0.0,0.0,-0.002982796237077201,-0.0029872536396623258,0.04443694219147039,0.03807799234895109
2017-08-16 00:00:00-04:00,88.49481839432059,88.87572542525321,88.4782536482455,88.74323272705078,2160100,0.0,0.0,0.0,0.0018698464880926302,0.0018681005012941665,0.045664706102473036,0.03858571846115348
2017-08-17 00:00:00-04:00,88.776355651012,89.09101633195522,88.7432324765549,89.05789947509766,1637300,0.0,0.0,0.0,0.0035458111945809723,0.0035395396268914315,0.04476093703286053,0.04037876801492888
2017-08-18 00:00:00-04:00,89.21515523723302,89.27311916673112,88.94190032251022,89.07438659667969,1235700,0.0,0.0,0.0,0.00018512812091020514,0.0001851109868142653,0.04407607762496207,0.04003227202385656
2017-08-21 00:00:00-04:00,89.0993002258564,89.19038737776837,89.06617705083389,89.1324234008789,718800,0.0,0.0,0.0,0.0006515543515557276,0.0006513421821741324,0.03830248378275846,0.03989624251216354
2017-08-22 00:00:00-04:00,89.04958320943902,89.04958320943902,88.90881450977314,88.95849609375,984500,0.0,0.0,0.0,-0.0019513360065018803,-0.0019532423429459976,0.03237376479308908,0.03440017485766166
2017-08-23 00:00:00-04:00,89.14896465489507,89.264892578125,89.07443595133411,89.264892578125,1246100,0.0,0.0,0.0,0.0034442633118718646,0.003438345421612926,0.037057813897962234,0.03466852214511417
2017-08-24 00:00:00-04:00,89.12413024902344,89.22349976207319,89.07444865129801,89.12413024902344,2520900,0.0,0.0,0.0,-0.001576905825303787,-0.0015781504499039988,0.03414198205124805,0.03465660002617141
2017-08-25 00:00:00-04:00,89.13237889764682,89.32283547953256,89.07441494969838,89.27314758300781,1007500,0.0,0.0,0.0,0.0016720200642408312,0.0016706237948701543,0.0358271062254968,0.03464971635332092
2017-08-28 00:00:00-04:00,89.23177724372323,89.36426360292951,89.19865407452203,89.35598754882812,921700,0.0,0.0,0.0,0.0009279382217737275,0.000927507953256509,0.03597947976285065,0.03466140696384609
2017-08-29 00:00:00-04:00,89.76998802336242,89.78654644369209,89.46360354769351,89.56297302246094,1590200,0.0,0.0,0.0,0.0023164141465026322,0.002313735395187654,0.02987643781476452,0.03454311688292742
2017-08-30 00:00:00-04:00,89.4222332716312,89.53816121242829,89.4222332716312,89.48847961425781,1299900,0.0,0.0,0.0,-0.0008317433610030012,-0.0008320894514312054,0.026256825626150226,0.03448511860072231
2017-08-31 00:00:00-04:00,89.49673273083008,89.63750142469642,89.48845036130945,89.62921905517578,1023600,0.0,0.0,0.0,0.0015727101580520486,0.0015714747445600423,0.019093363799733906,0.033003297455591225
2017-09-01 00:00:00-04:00,89.53138204795127,89.55626007863836,89.3157619035502,89.36552429199219,3460000,0.162,0.0,0.0,-0.0029420624876945745,-0.002946398860877768,0.03351562488866576,0.03331551070078229
2017-09-05 00:00:00-04:00,89.69727922578107,89.99582203124453,89.67239485884481,89.98753356933594,3054800,0.0,0.0,0.0,0.006960282304296683,0.0069361713541126946,0.05919479515299963,0.04052678863333456
2017-09-06 00:00:00-04:00,89.96262321910041,90.02067406696223,89.67236265272341,89.77188110351562,1601500,0.0,0.0,0.0,-0.002396470458367994,-0.0023993465896581887,0.06393952480429717,0.04171242152135306
2017-09-07 00:00:00-04:00,89.85480020401691,90.23627806660492,89.85480020401691,90.1616439819336,4292500,0.0,0.0,0.0,0.0043417033666537375,0.0043323053649960835,0.06772733124380588,0.04364995465903582
2017-09-08 00:00:00-04:00,90.12847158056223,90.12847158056223,89.9791970834701,90.09529876708984,1249100,0.0,0.0,0.0,-0.0007358474392619163,-0.0007361183078756524,0.06954530233524103,0.04261828904391936
2017-09-11 00:00:00-04:00,89.73042076497372,89.76359358459005,89.58114624023438,89.58114624023438,2206200,0.0,0.0,0.0,-0.005706763104084134,-0.005723108894012333,0.0813072493067525,0.048129034727446396
2017-09-12 00:00:00-04:00,89.44015838405343,89.44015838405343,89.28259541401265,89.36552429199219,3167800,0.0,0.0,0.0,-0.0024070014427359787,-0.002409902927562522,0.05830594649504853,0.04812122432824479
2017-09-13 00:00:00-04:00,89.38211316566498,89.38211316566498,89.16649300768506,89.1830825805664,1590900,0.0,0.0,0.0,-0.0020415223081965417,-0.002043609055441712,0.057969925720249796,0.04738040938749006
2017-09-14 00:00:00-04:00,89.09181624408394,89.21621267284661,89.06693822374446,89.19962310791016,1377700,0.0,0.0,0.0,0.0001854670960583782,0.00018544989916279068,0.03565781790776122,0.04703738870703932
2017-09-15 00:00:00-04:00,89.20792329697113,89.30744171142578,89.050354055851,89.30744171142578,1477000,0.0,0.0,0.0,0.0012087338461641561,0.0012080039155440792,0.042501548857172014,0.04558155099853051
2017-09-18 00:00:00-04:00,88.95086376374343,89.03379263257591,88.8762233528472,88.95915222167969,3032500,0.0,0.0,0.0,-0.0038998932571767675,-0.003907517670272646,0.03272021433515617,0.04778560176936907
2017-09-19 00:00:00-04:00,88.98405377842735,89.02551505732502,88.83477925484539,88.85965728759766,673300,0.0,0.0,0.0,-0.0011184339283505373,-0.0011190598423157134,0.031453361530940006,0.047848819389605536
2017-09-20 00:00:00-04:00,88.94254427174741,88.95912751008046,88.54447695403502,88.68546295166016,2397500,0.0,0.0,0.0,-0.0019603309449384154,-0.0019622549084599276,0.03131059297548345,0.04785332378188936
2017-09-21 00:00:00-04:00,88.72693701610497,88.84303868238827,88.56937408447266,88.56937408447266,2390000,0.0,0.0,0.0,-0.0013089954466469766,-0.0013098529295624858,0.02911495204529724,0.04605984800130529
2017-09-22 00:00:00-04:00,88.85137099001946,88.8679605648182,88.70209645217552,88.72697448730469,826600,0.0,0.0,0.0,0.0017794006614715308,0.0017778194036307878,0.03244698913682969,0.04644901792541544
2017-09-25 00:00:00-04:00,88.82647470699503,89.05867808992359,88.73525104554915,88.9923324584961,1927000,0.0,0.0,0.0,0.0029907248920042484,0.00298626157114327,0.03449622459748467,0.0473875377314304
2017-09-26 00:00:00-04:00,88.90938404913486,88.96743488211308,88.83474997547695,88.91767883300781,1061000,0.0,0.0,0.0,-0.0008388770518302779,-0.000839229106084915,0.03393875030828103,0.047267722352664916
2017-09-27 00:00:00-04:00,88.47818320186461,88.59428491113458,88.43671559409593,88.46159362792969,4039100,0.0,0.0,0.0,-0.005129297245092035,-0.005142497247376591,0.049935687496133856,0.04926999831589095
2017-09-28 00:00:00-04:00,88.35376078735909,88.51133005817533,88.30400473428733,88.44498443603516,1873300,0.0,0.0,0.0,-0.00018775596519760018,-0.00018777359355542125,0.04942511415124627,0.04928526203525411
2017-09-29 00:00:00-04:00,88.53623327314394,88.54452173296943,88.28744028287038,88.33719635009766,2037800,0.0,0.0,0.0,-0.0012187020736653675,-0.001219445294942452,0.0460323766872901,0.0486589147245467
2017-10-02 00:00:00-04:00,88.38619200374184,88.4277215978922,88.2366943359375,88.2366943359375,3221600,0.159,0.0,0.0,-0.0011377088962825077,-0.001138356578344547,0.031083529731188133,0.047983526463451415
2017-10-03 00:00:00-04:00,88.26160749751979,88.39449712647777,88.23669227622173,88.36127471923828,2521700,0.0,0.0,0.0,0.0014118886052834068,0.0014108928277409903,0.03829387572250758,0.03966135525224538
2017-10-04 00:00:00-04:00,88.44432518492243,88.44432518492243,88.25330426910243,88.33635711669922,2198300,0.0,0.0,0.0,-0.0002819968659147909,-0.00028203663450757186,0.016814591250567366,0.039317905895949974
2017-10-05 00:00:00-04:00,88.3695775540699,88.41940799421248,88.19516467704493,88.2449951171875,1779900,0.0,0.0,0.0,-0.0010342513829387778,-0.0010347865899578894,0.01756990916626998,0.03429907313113671
2017-10-06 00:00:00-04:00,88.01246434914785,88.23670771659653,87.91279710998877,88.13704681396484,2350600,0.0,0.0,0.0,-0.00122327961012747,-0.0012240284273672805,0.017582516479023903,0.03427943097743306
2017-10-09 00:00:00-04:00,88.21177911405785,88.26991674395252,88.15364148416319,88.2366943359375,893100,0.0,0.0,0.0,0.0011305974680884123,0.0011299588240918535,0.019307750701220688,0.03046073371188568
2017-10-10 00:00:00-04:00,88.28651182957871,88.4775327132775,88.2449822445007,88.2698974609375,1123100,0.0,0.0,0.0,0.0003762961118374264,0.0003762253302115448,0.015578453466664298,0.030057074140133762
2017-10-11 00:00:00-04:00,88.39452124616294,88.40282843437112,88.26993876915232,88.3696060180664,2841200,0.0,0.0,0.0,0.001129587322484804,0.0011289498187575004,0.01815738610140032,0.030168324879852375
2017-10-12 00:00:00-04:00,88.42769861516233,88.48583622994678,88.33633860099751,88.4526138305664,1349300,0.0,0.0,0.0,0.0009393253658167566,0.0009388844758164962,0.015810256195730742,0.03049791355235255
2017-10-13 00:00:00-04:00,88.71841028221439,88.8014631344894,88.61044220790953,88.75163269042969,1521700,0.0,0.0,0.0,0.003380554252880197,0.0033748530246129928,0.018321317200833895,0.03291365360095316
2017-10-16 00:00:00-04:00,88.59381988975494,88.69348710546188,88.51076704492876,88.60212707519531,1666100,0.0,0.0,0.0,-0.0016845393228522854,-0.0016859597546236497,0.028767231344165135,0.030564512796802945
2017-10-17 00:00:00-04:00,88.46923385036482,88.60212346589402,88.45262581668649,88.56890106201172,673800,0.0,0.0,0.0,-0.0003750024325646084,-0.00037507276356023566,0.029979742266718713,0.030381365324293835
2017-10-18 00:00:00-04:00,88.29481349869248,88.37787266962113,88.26159109762604,88.34465026855469,1788500,0.0,0.0,0.0,-0.0025319360494269194,-0.002535146820295515,0.0369613003728418,0.030893522433776768
2017-10-19 00:00:00-04:00,88.58551755024288,88.61873361839372,88.37788227340829,88.43601989746094,1518700,0.0,0.0,0.0,0.0010342406543972782,0.0010337061960056626,0.03712782109544142,0.030888230535013852
2017-10-20 00:00:00-04:00,88.15364000858725,88.21177763750876,88.03736475074422,88.07058715820312,2651400,0.0,0.0,0.0,-0.004132170801914414,-0.004140731811524076,0.031458062131669046,0.03322420400359959
2017-10-23 00:00:00-04:00,88.1121111532672,88.21177837647886,88.1121111532672,88.15364074707031,709800,0.0,0.0,0.0,0.000943034349458749,0.0009425899719201974,0.03590297894410203,0.031211876840759566
2017-10-24 00:00:00-04:00,87.93769359987878,88.00413841182828,87.83803271848058,87.88786315917969,1605600,0.0,0.0,0.0,-0.0030149360325706365,-0.0030194901080117837,0.03779241323437825,0.03248155243543326
2017-10-25 00:00:00-04:00,87.59716830743538,87.8214116099043,87.59716830743538,87.74666595458984,1838800,0.0,0.0,0.0,-0.00160656090061162,-0.0016078528034410952,0.03682131415233991,0.028041599807571326
2017-10-26 00:00:00-04:00,87.8297373669023,87.84634540386439,87.62210205397817,87.63040924072266,2062400,0.0,0.0,0.0,-0.001324913175930309,-0.0013257916494119773,0.030430627551046318,0.02821518738945855
2017-10-27 00:00:00-04:00,87.7217446172113,87.92107268733812,87.65529981499398,87.91276550292969,1315000,0.0,0.0,0.0,0.0032221264815892603,0.00321694655599197,0.03893553976010057,0.030908368627032126
2017-10-30 00:00:00-04:00,88.11211957762094,88.2367020344152,88.06228912951404,88.22840118408203,1692700,0.0,0.0,0.0,0.003590328200309356,0.0035838983575843127,0.04798516157992832,0.03353022375043947
2017-10-31 00:00:00-04:00,88.2366349680052,88.24494214855126,88.15358217211099,88.17019653320312,1178000,0.0,0.0,0.0,-0.0006597042459997038,-0.000659921946596403,0.04044797963686662,0.033175612329369615
2017-11-01 00:00:00-04:00,88.10701745095395,88.3565678151298,88.10701745095395,88.22347259521484,1321500,0.164,0.0,0.0,0.0006042411620537091,0.0006040586818670756,0.035431436103906463,0.03326234861186507
2017-11-02 00:00:00-04:00,88.32331682790155,88.46472577584622,88.27340928070485,88.33995056152344,1997900,0.0,0.0,0.0,0.0013202605030411263,0.0013193897254943838,0.028361175817968508,0.03339912957920769
2017-11-03 00:00:00-04:00,88.45637838876384,88.50629226686023,88.29833575605761,88.48133850097656,2532400,0.0,0.0,0.0,0.0016004982859330052,0.0015992188535223664,0.024669976362372805,0.03346873503326193
2017-11-06 00:00:00-05:00,88.56451614482432,88.63937743935524,88.50628857807958,88.58946990966797,858400,0.0,0.0,0.0,0.001222081520502849,0.001221335386710484,0.01432482455857993,0.033504135726729445
2017-11-07 00:00:00-05:00,88.60612450936767,88.68931220688043,88.55621696792427,88.62276458740234,734800,0.0,0.0,0.0,0.0003758310978529966,0.0003757604910362109,0.00815521674955914,0.033504103616194214
2017-11-08 00:00:00-05:00,88.66435580932207,88.69762962045695,88.48967306061185,88.51463317871094,947800,0.0,0.0,0.0,-0.001220131296905791,-0.0012208762631293589,0.0181901043157945,0.03367865797627634
2017-11-09 00:00:00-05:00,88.39815081959226,88.55619979862756,88.36488336263342,88.48133850097656,925900,0.0,0.0,0.0,-0.00037614885289249944,-0.0003762196146174497,0.018295621294162054,0.03355911547177886
2017-11-10 00:00:00-05:00,88.17358209547015,88.19853586744277,87.99889934533125,88.03217315673828,1862000,0.0,0.0,0.0,-0.0050763850530280985,-0.005089313667942592,0.038790362100612256,0.03568077330814727
2017-11-13 00:00:00-05:00,88.0987268082041,88.14031431556077,87.98226528714468,87.99058532714844,868300,0.0,0.0,0.0,-0.00047241625531380116,-0.0004725278790295664,0.03423135235872411,0.03536201895874421
2017-11-14 00:00:00-05:00,88.01553500890138,88.17358402996962,87.99890127599824,88.1153564453125,1629200,0.0,0.0,0.0,0.001418005320684701,0.0014170009005432425,0.03812686140953537,0.03590960512582976
2017-11-15 00:00:00-05:00,88.40648848988144,88.46471607066664,88.2484394793229,88.43144226074219,1933100,0.0,0.0,0.0,0.003587181941729467,0.003580763349779578,0.050726300541587,0.037303856406978364
2017-11-16 00:00:00-05:00,88.29003712915265,88.33994467302266,88.19021569508205,88.20685577392578,1749200,0.0,0.0,0.0,-0.002539667804514645,-0.002542898231426562,0.05349265332955399,0.03820170176216889
2017-11-17 00:00:00-05:00,88.3648818038256,88.40646929745506,88.25674035846532,88.32328796386719,941200,0.0,0.0,0.0,0.001319990253816794,0.0013191198325625602,0.036458495019574766,0.035421230240386334
2017-11-20 00:00:00-05:00,88.21514330593136,88.29832463050579,88.13195563502867,88.18186950683594,1153400,0.0,0.0,0.0,-0.001601145748662658,-0.0016024289524306445,0.039431682180745616,0.03581070895901439
2017-11-21 00:00:00-05:00,88.32329966517449,88.36489351064337,88.13197686087938,88.19852447509766,835600,0.0,0.0,0.0,0.0001888706641723914,0.00018885283035398703,0.03845843893728729,0.03396979720576656
2017-11-22 00:00:00-05:00,88.29001571865336,88.52292599533965,88.25674191536545,88.48133850097656,1657900,0.0,0.0,0.0,0.003206561873478453,0.003201431817589899,0.03637967461479957,0.034898697194687876
2017-11-24 00:00:00-05:00,88.39815121499994,88.45637878443198,88.37319744900466,88.4064712524414,614400,0.0,0.0,0.0,-0.0008461360305295207,-0.0008464942056781192,0.03002633537784254,0.034621609257975715
2017-11-27 00:00:00-05:00,88.4480879468358,88.52294926416457,88.33163277788167,88.4647216796875,1927500,0.0,0.0,0.0,0.0006588932509223877,0.0006586762760679456,0.029179473598416928,0.033052878895995404
2017-11-28 00:00:00-05:00,88.5977936393197,88.63106744260762,88.4064708569965,88.48133850097656,1388000,0.0,0.0,0.0,0.00018783556850188177,0.00018781792961025749,0.024070280079593127,0.030704239290150884
2017-11-29 00:00:00-05:00,88.19020443673793,88.24011832056654,88.07374928502084,88.19852447509766,3193600,0.0,0.0,0.0,-0.00319631269904197,-0.003201431817589879,0.036960510599826156,0.032832370802692856
2017-11-30 00:00:00-05:00,88.14025718849386,88.18185101522303,87.832479371148,87.92398071289062,3306400,0.0,0.0,0.0,-0.003112793142979964,-0.0031176479608690634,0.028762879409128177,0.0345580234885864
2017-12-01 00:00:00-05:00,88.05735708644652,88.5905326438401,87.89074210824377,88.24897003173828,4341500,0.16,0.0,0.0,0.0036962534704712002,0.0036894391121805,0.04588101454703625,0.036866957542915794
2017-12-04 00:00:00-05:00,88.01569172168588,88.2072982788086,88.00735906739052,88.2072982788086,2356200,0.0,0.0,0.0,-0.000472206677479603,-0.0004723182021625797,0.04500336628887507,0.03636776643349324
2017-12-05 00:00:00-05:00,88.06564635373691,88.29890975067757,88.04898740650582,88.27391815185547,1586000,0.0,0.0,0.0,0.0007552648629629566,0.0007549797939823695,0.045786331013111276,0.03617095132595626
2017-12-06 00:00:00-05:00,88.47385804405118,88.56549814447177,88.44054014930818,88.45719909667969,1459000,0.0,0.0,0.0,0.00207627517460951,0.002074122694221949,0.041031907847073376,0.037008902878611395
2017-12-07 00:00:00-05:00,88.45718536679047,88.53216015225141,88.19059775856833,88.29889678955078,1953400,0.0,0.0,0.0,-0.0017895921275541404,-0.001791195360586645,0.03398174729021277,0.0372934653599748
2017-12-08 00:00:00-05:00,88.28224485198946,88.32389539523481,88.16561316138174,88.23226165771484,2519500,0.0,0.0,0.0,-0.0007546541832199605,-0.0007549390780284763,0.02363866554044459,0.0373521850397312
2017-12-11 00:00:00-05:00,88.2822556040321,88.32390615235015,88.14895859513142,88.1739501953125,702200,0.0,0.0,0.0,-0.0006608859538085321,-0.0006611044351966599,0.02389409091056779,0.03259542333852701
2017-12-12 00:00:00-05:00,88.09063585446685,88.1073011572519,87.97400415877439,88.09896850585938,2557500,0.0,0.0,0.0,-0.0008503836936764042,-0.0008507454750061431,0.023085684711296083,0.032708178604731
2017-12-13 00:00:00-05:00,88.22393569777307,88.49052334737362,88.13229559735248,88.45719909667969,1477800,0.0,0.0,0.0,0.0040662291159117014,0.0040579843488178355,0.03677464475803346,0.0354024842562793
2017-12-14 00:00:00-05:00,88.29890193297528,88.4988474177512,88.19060289568439,88.42386627197266,982100,0.0,0.0,0.0,-0.00037682432913799246,-0.00037689534526647126,0.033675273618701006,0.03308681630633714
2017-12-15 00:00:00-05:00,88.29061008763713,88.44889237990603,88.24062051896288,88.40724182128906,1845200,0.0,0.0,0.0,-0.00018800863821610836,-0.0001880263140556387,0.032802438875284015,0.031719570164525104
2017-12-18 00:00:00-05:00,88.33226266942724,88.35725427636038,88.1739740175801,88.2072982788086,1610300,0.0,0.0,0.0,-0.002261619504934309,-0.0022641808288823696,0.0376658560460507,0.032454814395868184
2017-12-19 00:00:00-05:00,87.99068378922816,87.99901008602575,87.68243919701999,87.80740356445312,4535100,0.0,0.0,0.0,-0.004533578537815219,-0.0045438863710407056,0.05033119929415855,0.03579463203586781
2017-12-20 00:00:00-05:00,87.5574659526858,87.71575455911666,87.50748275316073,87.54913330078125,3027000,0.0,0.0,0.0,-0.0029413267354192474,-0.0029456609378582708,0.028917551902091908,0.037034641134932676
2017-12-21 00:00:00-05:00,87.56080904391905,87.6192160361912,87.50240205164688,87.61087036132812,2098800,0.164,0.0,0.0,0.0007051704365224065,0.0007049219206739573,0.03353707415442072,0.03483240985369951
2017-12-22 00:00:00-05:00,87.60253457865485,87.64425659179688,87.56915824131833,87.64425659179688,696900,0.0,0.0,0.0,0.00038107406456600046,0.00038100147428558797,0.035493526263530105,0.03493911870886472
2017-12-26 00:00:00-05:00,87.65259690347735,87.77775020347343,87.63590555288783,87.67762756347656,2584800,0.0,0.0,0.0,0.0003807548033081254,0.0003806823345926284,0.03787759328123499,0.03483789309007606
2017-12-27 00:00:00-05:00,87.80277240353746,88.08646165680669,87.80277240353746,88.05308532714844,2291500,0.0,0.0,0.0,0.004282252771951933,0.004273110019309325,0.040627313095267285,0.038646895991255724
2017-12-28 00:00:00-05:00,87.96967940747444,88.01140142606306,87.89458104719219,87.94464874267578,1540500,0.0,0.0,0.0,-0.0012314910269159984,-0.0012322499351137594,0.032299536029582784,0.03725762248535898
2017-12-29 00:00:00-05:00,88.00306439570637,88.14490908742626,87.99471871799142,88.08650207519531,1849600,0.0,0.0,0.0,0.0016129842411969353,0.0016116847792691721,0.032589939636586615,0.03601461746606745
2018-01-02 00:00:00-05:00,87.97801552897354,88.0030461910536,87.68597416234473,87.79444885253906,3902000,0.0,0.0,0.0,-0.0033155275300514875,-0.0033210360706347865,0.04559315386274254,0.035308230774623195
2018-01-03 00:00:00-05:00,87.90290019282868,87.95296787320062,87.79443188947747,87.88621520996094,2135900,0.0,0.0,0.0,0.0010452409989611944,0.00104469511494203,0.04586846889654525,0.035594576001581946
2018-01-04 00:00:00-05:00,87.69429974731268,87.85283572534605,87.62754708646872,87.84449005126953,2430000,0.0,0.0,0.0,-0.00047476340392771377,-0.00047487613975587733,0.031058567010616236,0.03543336751757885
2018-01-05 00:00:00-05:00,87.8445370831181,87.87791343140974,87.66097035045789,87.73606872558594,2163600,0.0,0.0,0.0,-0.001234241619711307,-0.001235003923208246,0.031062806375185895,0.03449756531060785
2018-01-08 00:00:00-05:00,87.77776597839282,87.794457331982,87.61923631461272,87.69432830810547,2450600,0.0,0.0,0.0,-0.00047574980377818044,-0.00047586300862229,0.02521357557903595,0.0341122445011778
2018-01-09 00:00:00-05:00,87.54414213354248,87.54414213354248,87.26045276784832,87.27713775634766,5924200,0.0,0.0,0.0,-0.004757326497696113,-0.0047686785934594,0.03436494522284617,0.03754206305479398
2018-01-10 00:00:00-05:00,87.01843202847465,87.29378193405346,86.96837072414507,87.25205993652344,2142500,0.0,0.0,0.0,-0.0002873354978050191,-0.0002873767865585076,0.029948715987017017,0.03754971019300595
2018-01-11 00:00:00-05:00,87.21038732617666,87.38561472232746,87.12694964974897,87.31051635742188,1798700,0.0,0.0,0.0,0.0006699718143154954,0.0006697474833908457,0.03321207266170105,0.037760972529589466
2018-01-12 00:00:00-05:00,87.12690030981643,87.28543626137085,87.11021533033426,87.25205993652344,1430700,0.0,0.0,0.0,-0.0006695232526072736,-0.0006697474833908997,0.033434762221354795,0.03378685359909412
2018-01-16 00:00:00-05:00,87.39392298379003,87.41061433267733,87.17698637533047,87.2938003540039,5927500,0.0,0.0,0.0,0.0004783889057844437,0.00047827451429281455,0.0352036190435963,0.034025343118857784
2018-01-17 00:00:00-05:00,87.16035099656942,87.30219572377516,87.0435369428837,87.10194396972656,2186100,0.0,0.0,0.0,-0.0021978237114125276,-0.0022002424705998007,0.018158634603939353,0.034416330350219536
2018-01-18 00:00:00-05:00,86.8682524592167,86.95169009868037,86.75978416450235,86.82653045654297,3326100,0.0,0.0,0.0,-0.003161967467446125,-0.0031669770494562035,0.026550921251220598,0.035085740362479044
2018-01-19 00:00:00-05:00,86.77648594016317,86.77648594016317,86.55120363342334,86.60126495361328,2921600,0.0,0.0,0.0,-0.002594431698988986,-0.002597803069365261,0.02376845332175233,0.03294892565148988
2018-01-22 00:00:00-05:00,86.66804590905983,86.73479223580111,86.50116417748876,86.56791687011719,8047400,0.0,0.0,0.0,-0.00038507617081529055,-0.00038515033168295515,0.024564359762848844,0.03186312934216807
2018-01-23 00:00:00-05:00,86.76810860172675,86.86823757145301,86.69301664884411,86.81817626953125,1780100,0.0,0.0,0.0,0.0028909024089089908,0.0028867317865148693,0.03898810995493706,0.03389533430286328
2018-01-24 00:00:00-05:00,86.66800512998535,86.73475142532112,86.55119115579254,86.65131378173828,1952200,0.0,0.0,0.0,-0.0019219764220217428,-0.0019238257887111818,0.038540786632137204,0.03412945426936964
2018-01-25 00:00:00-05:00,86.55955837064994,86.85159340028342,86.45943571242486,86.84325408935547,3342000,0.0,0.0,0.0,0.0022150882570650676,0.0022126385659261842,0.0387456065138429,0.03540265832116421
2018-01-26 00:00:00-05:00,86.74310783692957,86.74310783692957,86.4927948751961,86.5845718383789,3324500,0.0,0.0,0.0,-0.0029787259089854023,-0.0029831711426222636,0.040450844769212915,0.03164242926367223
2018-01-29 00:00:00-05:00,86.35929195888662,86.4010139699551,86.20075595588852,86.36763763427734,2328200,0.0,0.0,0.0,-0.0025054602626723987,-0.002508604180641888,0.04422831837265382,0.03217091866385337
2018-01-30 00:00:00-05:00,86.29254095636192,86.3426086437894,86.12566564063098,86.1673812866211,2346900,0.0,0.0,0.0,-0.002318650285471846,-0.002321342517413008,0.03353214544246949,0.031103137087647347
2018-01-31 00:00:00-05:00,86.30926551618535,86.35098117822616,85.95881703289395,86.19245147705078,2966400,0.0,0.0,0.0,0.00029094757268177673,0.00029090525564457923,0.03541325318446591,0.030318918453105324
2018-02-01 00:00:00-05:00,86.16566935634611,86.16566935634611,85.72272367009934,85.74779510498047,8958300,0.168,0.0,0.0,-0.005158878352458762,-0.005172231309371011,0.03085875936792779,0.03287896501450292
2018-02-02 00:00:00-05:00,85.48870843440115,85.5555698397002,85.33827346060559,85.43020629882812,5753500,0.0,0.0,0.0,-0.0037037547818403738,-0.003710630664555185,0.031927573529960944,0.03387935079215934
2018-02-05 00:00:00-05:00,85.45530117453887,86.34119272088513,85.32157832725686,86.13225555419922,6902000,0.0,0.0,0.0,0.008217810605716913,0.008184228256950787,0.08396119649772478,0.0480898552266867
2018-02-06 00:00:00-05:00,86.04029305080037,86.11551372054787,85.75614166259766,85.75614166259766,5382900,0.0,0.0,0.0,-0.004366701988488986,-0.004376263877717191,0.08787088736138887,0.04957599584141152
2018-02-07 00:00:00-05:00,85.87317885580109,85.88989102423473,85.40516162458033,85.50544738769531,4773700,0.0,0.0,0.0,-0.002923339017381177,-0.0029276203187191,0.08798753763701841,0.04819574000358642
2018-02-08 00:00:00-05:00,85.2714210795471,85.68929534250773,85.15441679601854,85.58065032958984,5685300,0.0,0.0,0.0,0.0008795105363703648,0.0008791239936075896,0.08283634877625426,0.04860739097087217
2018-02-09 00:00:00-05:00,85.33827346060559,85.9232948163358,85.33827346060559,85.43020629882812,4376900,0.0,0.0,0.0,-0.0017579210976117476,-0.0017594680541219542,0.07897856690921007,0.04828908131677954
2018-02-12 00:00:00-05:00,85.43020754168668,85.54721181453493,85.31320326883844,85.40513610839844,2836300,0.0,0.0,0.0,-0.0002934581515815493,-0.0002935012188507477,0.03295935220269379,0.04835026156546607
2018-02-13 00:00:00-05:00,85.47199001822582,85.57228212631904,85.39677571934683,85.54721069335938,2698100,0.0,0.0,0.0,0.001663536778170105,0.0016621546334839828,0.02978385551189757,0.04903018306344131
2018-02-14 00:00:00-05:00,85.29652261958749,85.29652261958749,84.93715037155467,85.02908325195312,4141900,0.0,0.0,0.0,-0.006056625776654001,-0.006075041530424235,0.048414817399724176,0.05209243163511302
2018-02-15 00:00:00-05:00,85.04577765926663,85.2129248254977,85.02905911689012,85.05413055419922,3057300,0.0,0.0,0.0,0.00029457335405913554,0.0002945299758471759,0.04705727810136714,0.05180858411108703
2018-02-16 00:00:00-05:00,85.32154710055325,85.39676776868356,85.21290210909166,85.25469207763672,2277800,0.0,0.0,0.0,0.0023580456602245725,0.002355269833384606,0.05286233057852892,0.05279275685494332
2018-02-20 00:00:00-05:00,85.08751433865129,85.21287783231698,85.01230006820316,85.16273498535156,2138300,0.0,0.0,0.0,-0.0010786162033336044,-0.0010791983284213328,0.05304983283951282,0.05278169155627068
2018-02-21 00:00:00-05:00,85.2463413635966,85.2463413635966,84.80339570808452,84.91204071044922,2253900,0.0,0.0,0.0,-0.002943708594439376,-0.002948049826224618,0.050902879758644416,0.051396866767733654
2018-02-22 00:00:00-05:00,85.04580179907511,85.13773467947355,84.99565253396663,85.02908325195312,4411800,0.0,0.0,0.0,0.0013783974631234042,0.0013774483454144166,0.0330860224081081,0.052031799622212056
2018-02-23 00:00:00-05:00,85.2546947431128,85.42184187001091,85.22962331170349,85.35498046875,4484700,0.0,0.0,0.0,0.0038327734974066274,0.003825447135289457,0.04308346733267346,0.05362503148320522
2018-02-26 00:00:00-05:00,85.54722460134815,85.62243891245524,85.41350176881699,85.45529174804688,2725600,0.0,0.0,0.0,0.0011752246763574448,0.0011745346404160818,0.04099985603917479,0.053473700233939395
2018-02-27 00:00:00-05:00,85.48869797474414,85.52212867330337,85.02903383987194,85.18782806396484,3308900,0.0,0.0,0.0,-0.0031298668416066544,-0.003134775119008555,0.047896050420459364,0.05380583635764283
2018-02-28 00:00:00-05:00,85.28813436884872,85.40513864517233,85.221272960591,85.38842010498047,2521400,0.0,0.0,0.0,0.002354703078766285,0.002351935109783538,0.04125447857863735,0.05447356160656817
2018-03-01 00:00:00-05:00,85.5131430651016,85.88981350396696,85.40432233541685,85.7558822631836,5352600,0.159,0.0,0.0,0.0043034191023951784,0.0042941858745645075,0.04719689677243787,0.05699927889494743
2018-03-02 00:00:00-05:00,85.64706794993435,85.65544024903453,85.38758415356628,85.43780517578125,2140800,0.0,0.0,0.0,-0.003709099352813716,-0.0037159951184857903,0.05544779574424583,0.05555656817013017
2018-03-05 00:00:00-05:00,85.6722053757665,85.6722053757665,85.22856917698034,85.32901763916016,2059300,0.0,0.0,0.0,-0.0012732950758422845,-0.0012741064047979364,0.055456306276571894,0.054161570704950916
2018-03-06 00:00:00-05:00,85.35409285326388,85.50476229111489,85.31223774811933,85.32061004638672,2331300,0.0,0.0,0.0,-9.853146099714216e-05,-9.85363155404314e-05,0.04953949135383811,0.0444993606256946
2018-03-07 00:00:00-05:00,85.51313458938228,85.5633556066018,85.31223774811933,85.32061004638672,1258100,0.0,0.0,0.0,0.0,0.0,0.04613649231720672,0.04205988521151701
2018-03-08 00:00:00-05:00,85.43779798000644,85.58009512175961,85.39594287422373,85.49639129638672,1636700,0.0,0.0,0.0,0.0020602437078736102,0.0020581243162819266,0.033494935838667736,0.04157793007638832
2018-03-09 00:00:00-05:00,85.2871377182855,85.37921385196249,85.18668928531247,85.31224822998047,1604500,0.0,0.0,0.0,-0.002153810980955795,-0.0021561337676549467,0.02520627281035453,0.04211562330262134
2018-03-12 00:00:00-04:00,85.3792218197091,85.52151899005544,85.32900079163247,85.51315307617188,1885700,0.0,0.0,0.0,0.002354935549814696,0.0023521670346906983,0.029166965535752043,0.042565754241283525
2018-03-13 00:00:00-04:00,85.64709187092474,85.69731290716629,85.48805007456667,85.65546417236328,1742100,0.0,0.0,0.0,0.001664201249422348,0.001662818000979605,0.029822085031624063,0.04292080615443668
2018-03-14 00:00:00-04:00,85.60522561205121,85.93168146373155,85.58848739754674,85.82286071777344,2598900,0.0,0.0,0.0,0.0019543008379863114,0.0019523936764776117,0.02980807133111601,0.04306896746599569
2018-03-15 00:00:00-04:00,85.8061046436,85.8981807696949,85.70565621889844,85.78936004638672,2758000,0.0,0.0,0.0,-0.0003903467107311265,-0.0003904229158400034,0.030301041636310158,0.03639274246913346
2018-03-16 00:00:00-04:00,85.68056202597086,85.70567254038002,85.58011358214026,85.68893432617188,3595300,0.0,0.0,0.0,-0.001170608105253934,-0.0011712938020957317,0.024800930104262913,0.03684333522497002
2018-03-19 00:00:00-04:00,85.50476731025093,85.7642510960401,85.49639501149208,85.60520935058594,2825000,0.0,0.0,0.0,-0.0009770803691786512,-0.0009775580233656017,0.02358948097553081,0.03636059968785086
2018-03-20 00:00:00-04:00,85.45454338778855,85.51314309529675,85.41269466467377,85.43780517578125,2600600,0.0,0.0,0.0,-0.0019555372397852544,-0.0019574517991352612,0.023587426870661878,0.036901263190023535
2018-03-21 00:00:00-04:00,85.32898364564093,85.56335691116205,85.11134859071738,85.49639129638672,3365600,0.0,0.0,0.0,0.0006857165921447805,0.000685481595943469,0.015617966316293802,0.035049990273398855
2018-03-22 00:00:00-04:00,85.81448624082208,86.02374904088731,85.70567188381794,85.84796905517578,5026500,0.0,0.0,0.0,0.00411219413425612,0.0041037621719637015,0.038422348147583114,0.03738433335711976
2018-03-23 00:00:00-04:00,85.76423560701566,86.00698113764008,85.76423560701566,85.96512603759766,2519000,0.0,0.0,0.0,0.0013647030175703012,0.0013637726567551677,0.037173982080177366,0.035425513006571444
2018-03-26 00:00:00-04:00,85.81447012345308,85.92329084621274,85.70565578688607,85.73076629638672,4184900,0.0,0.0,0.0,-0.002726218782119094,-0.0027299416843799013,0.04351799451537075,0.03690852011249595
2018-03-27 00:00:00-04:00,85.82285537537486,86.2581255597241,85.81448307554679,86.21627044677734,3495900,0.0,0.0,0.0,0.005663126219030312,0.005647151004470526,0.05155292100396751,0.03960133415106996
2018-03-28 00:00:00-04:00,86.39202680704952,86.43388190855339,86.12417076152359,86.19950866699219,2762500,0.0,0.0,0.0,-0.0001944155053135166,-0.0001944344064576931,0.05312741990912403,0.03913697488936915
2018-03-29 00:00:00-04:00,86.22463572211862,86.47574722076094,86.22463572211862,86.37530517578125,2572100,0.0,0.0,0.0,0.0020394142786615,0.0020373374964949434,0.048932722286245,0.036964985621160934
2018-04-02 00:00:00-04:00,86.31241535868912,86.64779945151494,86.27048914856513,86.46334075927734,2748800,0.175,0.0,0.0,0.0010192216781976793,0.0010187026244403137,0.04893397276770491,0.03372579423499201
2018-04-03 00:00:00-04:00,86.32917674889549,86.36271643554453,86.15309819176893,86.18663787841797,4229600,0.0,0.0,0.0,-0.0032002335143369587,-0.003205365212957495,0.05136126246822017,0.0357758460079597
2018-04-04 00:00:00-04:00,86.36272983336758,86.36272983336758,86.09441869559221,86.13634490966797,2216900,0.0,0.0,0.0,-0.0005835355687148214,-0.0005837058918577635,0.031398551826297846,0.03592503801110896
2018-04-05 00:00:00-04:00,86.00215043966128,86.03569011758994,85.88476476543072,85.91830444335938,1789300,0.0,0.0,0.0,-0.0025313410562899374,-0.0025345503170278636,0.03555570349311916,0.03746281636747502
2018-04-06 00:00:00-04:00,86.19501875237697,86.32917109314313,86.07763305531631,86.2956314086914,2651200,0.0,0.0,0.0,0.004391694735791374,0.004382079385973861,0.04837948551373084,0.0397191849836007
2018-04-09 00:00:00-04:00,86.14472524638195,86.31242370605469,86.06926573731083,86.31242370605469,2071100,0.0,0.0,0.0,0.0001945903528273174,0.00019457142258033316,0.04743581908066543,0.038519584718159326
2018-04-10 00:00:00-04:00,86.20338067539834,86.25369338997363,86.09438152172402,86.16146087646484,1622400,0.0,0.0,0.0,-0.0017490278120790848,-0.0017505591470482582,0.04282936128776481,0.03877336734584798
2018-04-11 00:00:00-04:00,86.32920737597314,86.36274707452107,86.16151528027686,86.245361328125,2520600,0.0,0.0,0.0,0.000973758462387897,0.000973284667166153,0.04304621396000929,0.03854699031157387
2018-04-12 00:00:00-04:00,86.12795599364671,86.1363425156372,85.90995120118767,85.93510437011719,2188600,0.0,0.0,0.0,-0.003597375594815211,-0.0036038617104017386,0.0477979129469293,0.04046445312336434
2018-04-13 00:00:00-04:00,85.85964892306501,86.05249415867097,85.85964892306501,86.01057434082031,2937700,0.0,0.0,0.0,0.0008782205043713631,0.0008778350943776802,0.03132930818828757,0.04052419628029106
2018-04-16 00:00:00-04:00,85.80095113262053,85.98541623228729,85.7841780888098,85.96864318847656,1637400,0.0,0.0,0.0,-0.00048751159569748737,-0.0004876304681114806,0.03052097682266375,0.040304951067898866
2018-04-17 00:00:00-04:00,85.92671001876835,86.07763540439953,85.89317033340133,86.01893615722656,1301800,0.0,0.0,0.0,0.0005850152670170417,0.0005848442122955512,0.03042918752194023,0.040098238308346475
2018-04-18 00:00:00-04:00,85.84286876231627,85.94348783149304,85.68356323242188,85.68356323242188,2127600,0.0,0.0,0.0,-0.0038988266977829644,-0.0039064469356993,0.03636424584300396,0.04205757709004155
2018-04-19 00:00:00-04:00,85.48233242886197,85.54102529165745,85.34818005549042,85.44879913330078,3181500,0.0,0.0,0.0,-0.0027398965480027737,-0.0027436569348341776,0.033341335000588605,0.04321738346454786
2018-04-20 00:00:00-04:00,85.3397824840464,85.39008881791722,85.16370391845703,85.16370391845703,2309400,0.0,0.0,0.0,-0.003336444955756468,-0.0033420232995752673,0.03064438653146294,0.04182708303370309
2018-04-23 00:00:00-04:00,85.08822813349013,85.13014793801275,84.97083604852226,85.07984161376953,5022800,0.0,0.0,0.0,-0.0009847188512115412,-0.0009852040053392665,0.029297036295222737,0.04134340912241859
2018-04-24 00:00:00-04:00,84.9624585157793,85.06307116733277,84.90376567002632,84.9792251586914,3178800,0.0,0.0,0.0,-0.0011826121578233373,-0.001183311995393276,0.020575611223698033,0.040604520009253894
2018-04-25 00:00:00-04:00,84.8450896492982,84.89539598505083,84.73608405911196,84.7947769165039,3295800,0.0,0.0,0.0,-0.002170509813934629,-0.0021728687844246807,0.015928419242701688,0.03397552748583119
2018-04-26 00:00:00-04:00,84.99604403877879,85.07150356814078,84.94573128882695,85.0379638671875,1989500,0.0,0.0,0.0,0.002867947290232875,0.0028638425756004455,0.03707314861133367,0.036387184963153595
2018-04-27 00:00:00-04:00,85.11345370968883,85.23083949748771,85.10506718283301,85.18052673339844,2409300,0.0,0.0,0.0,0.0016764614264941358,0.0016750577336425109,0.03377435956838601,0.036049235570904746
2018-04-30 00:00:00-04:00,85.22238349330442,85.36492234842068,85.2056168503074,85.27268981933594,3504400,0.0,0.0,0.0,0.0010819736560911952,0.0010813887444629205,0.03299688715572354,0.03608944982026284
2018-05-01 00:00:00-04:00,85.26513087366467,85.26513087366467,85.10551921816892,85.13912200927734,1894000,0.191,0.0,0.0,-0.0015663609338649742,-0.001567588959674505,0.0342838473620629,0.035033074686705634
2018-05-02 00:00:00-04:00,85.17275064972709,85.27355905364703,85.0971491535964,85.15595245361328,3852600,0.0,0.0,0.0,0.0001976816760467237,0.00019766213959882415,0.026412420345156725,0.03515013865149532
2018-05-03 00:00:00-04:00,85.33239856518549,85.49200392777314,85.31559395286146,85.37439727783203,6026900,0.0,0.0,0.0,0.0025652325870906267,0.00256194799394214,0.025006489625383373,0.03602276306154609
2018-05-04 00:00:00-04:00,85.47519574156078,85.50879855320247,85.25678067043033,85.3827896118164,2370500,0.0,0.0,0.0,9.830035996705178e-05,9.829552880326778e-05,0.023974516109069217,0.03152552047729985
2018-05-07 00:00:00-04:00,85.37436971145462,85.39957662180163,85.29876820765263,85.34076690673828,1854900,0.0,0.0,0.0,-0.0004921683312196778,-0.0004922894858067371,0.024069668197253525,0.03141029215871035
2018-05-08 00:00:00-04:00,85.20638509380268,85.28198661800921,85.11397895816265,85.19798278808594,1654600,0.0,0.0,0.0,-0.0016731056425632884,-0.0016745068469356088,0.024559106189629476,0.03137343780023101
2018-05-09 00:00:00-04:00,85.00470733642578,85.09711339892367,84.97950684830387,85.00470733642578,2838400,0.0,0.0,0.0,-0.0022685449271832026,-0.0022711219733942837,0.029858327790033373,0.031381782331625654
2018-05-10 00:00:00-04:00,85.20632231567356,85.24832740422748,85.09711805814071,85.18112182617188,4183700,0.0,0.0,0.0,0.0020753496514951397,0.0020731990883401333,0.026896488730626347,0.030946080976876005
2018-05-11 00:00:00-04:00,85.23994566889702,85.23994566889702,85.09713858788406,85.18954467773438,2816300,0.0,0.0,0.0,9.888166981042446e-05,9.887678134036294e-05,0.02689723837709036,0.030628215099363965
2018-05-14 00:00:00-04:00,85.0551083126696,85.08030880079151,84.9963050373597,85.00470733642578,4762000,0.0,0.0,0.0,-0.0021697186199060026,-0.002172075869680495,0.029560171167865773,0.031211879755844607
2018-05-15 00:00:00-04:00,84.67712289358414,84.67712289358414,84.41670278836398,84.53430938720703,6812500,0.0,0.0,0.0,-0.005533787056721917,-0.005549155178481388,0.04534140647626075,0.035493420568255246
2018-05-16 00:00:00-04:00,84.4251004957359,84.59310808234474,84.35789489746094,84.35789489746094,4784200,0.0,0.0,0.0,-0.0020868981011962218,-0.0020890787073687216,0.04518051918288299,0.03399212293815618
2018-05-17 00:00:00-04:00,84.39152182269076,84.44192283126647,84.28231750108323,84.3075180053711,1702300,0.0,0.0,0.0,-0.00059718052650648,-0.0005973589098186615,0.034488755320959984,0.03319268697532633
2018-05-18 00:00:00-04:00,84.46712421230214,84.68553284121211,84.46712421230214,84.6351318359375,2642300,0.0,0.0,0.0,0.0038859385060479035,0.0038784077500766258,0.05423444055593667,0.03532933677659331
2018-05-21 00:00:00-04:00,84.59313078451805,84.70234151329332,84.54272977682506,84.69393920898438,2845100,0.0,0.0,0.0,0.0006948340691530497,0.0006945927837236437,0.0551466047117836,0.03540615303433587
2018-05-22 00:00:00-04:00,84.69391163510596,84.70231393667936,84.58470735096478,84.66030883789062,1977000,0.0,0.0,0.0,-0.00039708120094361643,-0.00039716005855963,0.035499128877402295,0.03523371725458822
2018-05-23 00:00:00-04:00,84.92073639239823,85.09715270889843,84.9039381955826,85.04674530029297,5102500,0.0,0.0,0.0,0.004564552949390954,0.004554166970484817,0.03859561522061639,0.03818840415003315
2018-05-24 00:00:00-04:00,85.2399362259604,85.3827432911531,85.20633343254845,85.26513671875,2994100,0.0,0.0,0.0,0.0025678986031258955,0.002564607184989158,0.033260043943237345,0.03791918787197448
2018-05-25 00:00:00-04:00,85.525565500045,85.60957570298905,85.48356680765163,85.6011734008789,2838400,0.0,0.0,0.0,0.003941079496973421,0.003933333787474233,0.03343139202487859,0.039937646616223794
2018-05-29 00:00:00-04:00,85.97921128096726,86.69325328863212,85.88680516607276,86.5252456665039,11256200,0.0,0.0,0.0,0.010795088769373296,0.010737237764037072,0.0651858669319407,0.05475661906157685
2018-05-30 00:00:00-04:00,86.16399617323489,86.2900050543918,86.00438449649761,86.15559387207031,4512200,0.0,0.0,0.0,-0.004272184280855407,-0.004281336135026178,0.08542046936010637,0.05705891115329272
2018-05-31 00:00:00-04:00,86.16403321264596,86.30684034844273,85.970818657271,86.11363220214844,5321700,0.0,0.0,0.0,-0.0004870452171008566,-0.0004871638621478394,0.08898023997413984,0.0571745484437398
2018-06-01 00:00:00-04:00,85.72806426257928,85.93007263367753,85.66072599830308,85.79540252685547,7891000,0.202,0.0,0.0,-0.0036954622300211515,-0.0037023073196181884,0.09923785545494622,0.05857214194496132
2018-06-04 00:00:00-04:00,85.70282076979323,85.7112396589235,85.49239349365234,85.49239349365234,3131800,0.0,0.0,0.0,-0.0035317630581461756,-0.00353801445660789,0.10067136601903591,0.06009636219464209
2018-06-05 00:00:00-04:00,85.71968566405017,85.8291120003641,85.61868464189376,85.71127319335938,4305500,0.0,0.0,0.0,0.0025602242581181933,0.002556952467148197,0.0458733086871573,0.060690810810138454
2018-06-06 00:00:00-04:00,85.48400396250291,85.50925421683463,85.31566465246935,85.36616516113281,3910500,0.0,0.0,0.0,-0.004026401888209241,-0.004034529668768732,0.04509417893005045,0.0622217884645155
2018-06-07 00:00:00-04:00,85.36615313376795,85.96376594844148,85.34090288299377,85.72808837890625,4400400,0.0,0.0,0.0,0.004239656508996159,0.004230694487006359,0.06295196554217306,0.06320859301195997
2018-06-08 00:00:00-04:00,85.63550263196706,85.73651006008328,85.58500212877513,85.6102523803711,7342800,0.0,0.0,0.0,-0.0013745319738652784,-0.001375477509484147,0.058431481920499496,0.06320471516317167
2018-06-11 00:00:00-04:00,85.45872374262385,85.55131225719666,85.44189238621551,85.52606201171875,1875800,0.0,0.0,0.0,-0.0009834145597221733,-0.000983898429075766,0.052387834168671224,0.0633576081647641
2018-06-12 00:00:00-04:00,85.40824002578536,85.51765991825648,85.3914022443393,85.47557830810547,1664800,0.0,0.0,0.0,-0.000590272747579168,-0.0005904470271224532,0.047554324895413426,0.0628182996489691
2018-06-13 00:00:00-04:00,85.50085335262003,85.55977276130292,85.14733690052263,85.37459564208984,3294700,0.0,0.0,0.0,-0.0011814212669216673,-0.0011821196951728192,0.03771063359527903,0.059272119556822093
2018-06-14 00:00:00-04:00,85.53452386068356,85.65236267991907,85.46718555776785,85.6439437866211,3626400,0.0,0.0,0.0,0.003154898040869547,0.003149931792641722,0.03008206416137404,0.05915667672609032
2018-06-15 00:00:00-04:00,85.8291120003641,85.93853191494469,85.68602293782027,85.71127319335938,5826500,0.0,0.0,0.0,0.0007861549078826968,0.0007858460499759419,0.02861972875472475,0.05893809322229546
2018-06-18 00:00:00-04:00,85.82068759580069,85.83752537956754,85.68601743433068,85.75334930419922,4600500,0.0,0.0,0.0,0.0004909052131907288,0.0004907847586461235,0.026493295926573443,0.057826872963677514
2018-06-19 00:00:00-04:00,86.00587159383575,86.09004125423066,85.93011440426692,85.98062133789062,4172800,0.0,0.0,0.0,0.0026502992073835774,0.0026467933574406514,0.027801106200895168,0.0582562448075498
2018-06-20 00:00:00-04:00,85.94694683695418,85.9637781992916,85.69443144976165,85.70285034179688,3059000,0.0,0.0,0.0,-0.0032306232703547266,-0.003235853000274576,0.03992873018762202,0.05984953777466868
2018-06-21 00:00:00-04:00,85.83751737215542,85.99743777262447,85.83751737215542,85.93009948730469,2680500,0.0,0.0,0.0,0.002651593787155404,0.0026480845144243948,0.03815559997378751,0.05854790851137298
2018-06-22 00:00:00-04:00,85.820695117439,85.98904086119713,85.81227622481772,85.94695281982422,2309500,0.0,0.0,0.0,0.0001961283952898185,0.00019610916463051018,0.03827186237038818,0.05805254167286467
2018-06-25 00:00:00-04:00,86.03956144452232,86.19106943838123,86.0311425499371,86.06481170654297,8110800,0.0,0.0,0.0,0.0013712980257232221,0.001370358655258724,0.03869186593326297,0.056676605966424806
2018-06-26 00:00:00-04:00,86.08161588281608,86.15737306668312,86.03111537472671,86.10687255859375,3873200,0.0,0.0,0.0,0.0004887113701497192,0.0004885919896415533,0.03476958451915264,0.04092498288853612
2018-06-27 00:00:00-04:00,86.32574666136875,86.46884219401115,86.25841476441792,86.43517303466797,3044200,0.0,0.0,0.0,0.0038127093264339607,0.003805459372365185,0.0240825791110218,0.040416925856834915
2018-06-28 00:00:00-04:00,86.42670932310989,86.45195957408995,86.28362028640137,86.3509521484375,3705600,0.0,0.0,0.0,-0.0009743821094300165,-0.0009748571282692457,0.028455668389852713,0.04055799028454721
2018-06-29 00:00:00-04:00,86.34254977084439,86.42671942452628,86.27521147920568,86.28363037109375,2721200,0.0,0.0,0.0,-0.0007796298207346508,-0.0007799338901146498,0.030886057104074334,0.03814921575060814
2018-07-02 00:00:00-04:00,86.36796414968728,86.39326129420171,86.19931223048557,86.224609375,3911500,0.19,0.0,0.0,-0.0006840346869957381,-0.0006842687454644055,0.03185431256771227,0.03562459754126102
2018-07-03 00:00:00-04:00,86.25833432877387,86.44385528564453,86.24989980337308,86.44385528564453,1463800,0.0,0.0,0.0,0.002542730111898983,0.002539502843245817,0.03545934960397187,0.03561076734427392
2018-07-05 00:00:00-04:00,86.4185452785454,86.55346549658441,86.40167623025499,86.4522705078125,1682300,0.0,0.0,0.0,9.73489918996151e-05,9.734425379400054e-05,0.02312989396869379,0.031545744766929076
2018-07-06 00:00:00-04:00,86.55345723157797,86.61248602764402,86.4522622524692,86.52816009521484,3206500,0.0,0.0,0.0,0.0008778206397190846,0.0008774355805067992,0.02170410406024441,0.028565972504754393
2018-07-09 00:00:00-04:00,86.32582138698018,86.38485021369124,86.29208970976535,86.30895233154297,2258800,0.0,0.0,0.0,-0.002533369060785051,-0.00253658347018867,0.029818441867212202,0.029824758927092434
2018-07-10 00:00:00-04:00,86.22462297458667,86.31738347487554,86.19089129869441,86.24148559570312,4461100,0.0,0.0,0.0,-0.0007816887358415014,-0.0007819944137884251,0.02997959696395918,0.029708290737472078
2018-07-11 00:00:00-04:00,86.40169479085925,86.44386098698646,86.28363716209294,86.41856384277344,2198700,0.0,0.0,0.0,0.0020532838209728066,0.0020511787148424577,0.027505291221920206,0.029998569752170242
2018-07-12 00:00:00-04:00,86.30893642139348,86.41856596054753,86.29207380272432,86.38483428955078,1385900,0.0,0.0,0.0,-0.0003903044869389971,-0.0003903806755604116,0.02755036979949092,0.02952043938187366
2018-07-13 00:00:00-04:00,86.47756582248857,86.55345723157797,86.41853702642253,86.52816009521484,2891800,0.0,0.0,0.0,0.0016591547213444802,0.0016577798446951114,0.02985725752906025,0.028246752712013764
2018-07-16 00:00:00-04:00,86.34266809239024,86.41856596054753,86.2330449868946,86.38483428955078,1782600,0.0,0.0,0.0,-0.0016564064867015116,-0.0016577798446950193,0.025497643761873443,0.029248872946418144
2018-07-17 00:00:00-04:00,86.43541588435811,86.43541588435811,86.30892374511292,86.33422088623047,1034700,0.0,0.0,0.0,-0.0005859061227190265,-0.0005860778327852749,0.025068245563489275,0.0294501648883515
2018-07-18 00:00:00-04:00,86.37639250546407,86.39325512271633,86.2414658328145,86.26676940917969,1355300,0.0,0.0,0.0,-0.0007812832079606702,-0.000781588568745386,0.019420625109329293,0.028378109885192578
2018-07-19 00:00:00-04:00,86.32580509381752,86.57878297469225,86.30893604156418,86.50289154052734,4201700,0.0,0.0,0.0,0.0027371157279310054,0.0027333766479859995,0.029233587945345158,0.02675999401691581
2018-07-20 00:00:00-04:00,86.40165565144575,86.40165565144575,86.16554050087183,86.19927215576172,3362700,0.0,0.0,0.0,-0.003509933360127948,-0.003516107627970413,0.036047941700967825,0.02893504868753755
2018-07-23 00:00:00-04:00,86.09813599196536,86.10657051986205,85.76082564635507,85.77769470214844,5285700,0.0,0.0,0.0,-0.004890731012803573,-0.004902729775523583,0.04682180556963166,0.034031268161204185
2018-07-24 00:00:00-04:00,85.76080257611947,85.87886020027582,85.7017737640413,85.83670043945312,3293800,0.0,0.0,0.0,0.0006878913860948188,0.0006876548972614933,0.04904799710568015,0.03372544469192725
2018-07-25 00:00:00-04:00,85.93791856388677,85.99694739184409,85.7271004020878,85.77769470214844,2403800,0.0,0.0,0.0,-0.0006874185168185276,-0.0006876548972615637,0.04909712095122032,0.033697405813525344
2018-07-26 00:00:00-04:00,85.86200772179441,85.90417392125435,85.66805221140096,85.68492126464844,2598200,0.0,0.0,0.0,-0.0010815566660090647,-0.0010821419704846564,0.03582654861215476,0.030294530648105552
2018-07-27 00:00:00-04:00,85.87883775661247,85.87883775661247,85.74391755011882,85.81980895996094,1435100,0.0,0.0,0.0,0.0015742290863043351,0.0015729912865795307,0.03940364847016803,0.03103341073002982
2018-07-30 00:00:00-04:00,85.65116864411847,85.81139244248982,85.64273411955756,85.71019744873047,3832700,0.0,0.0,0.0,-0.0012772285624826907,-0.0012780449140688452,0.01960687498960476,0.03118390102807338
2018-07-31 00:00:00-04:00,85.84513137965249,85.87042852182114,85.76923351948881,85.82826232910156,3053600,0.0,0.0,0.0,0.001377489305653734,0.0013765414376123524,0.021949787057063554,0.03172864223455442
2018-08-01 00:00:00-04:00,85.55789093196171,85.68463213204097,85.4987458981014,85.62548065185547,5366800,0.2,0.0,0.0,-0.00236264456186408,-0.002365440010495946,0.027646795685789517,0.03081084469035247
2018-08-02 00:00:00-04:00,85.68463253583377,85.74377756997279,85.60858523689774,85.72687530517578,3370800,0.0,0.0,0.0,0.0011841644864170053,0.0011834639166569047,0.02855439267626093,0.03131539486938929
2018-08-03 00:00:00-04:00,85.79449840958705,85.97193356771545,85.78604727453505,85.94658660888672,2174800,0.0,0.0,0.0,0.0025629221049852102,0.002559643420940149,0.032378573453116725,0.03277828764225477
2018-08-06 00:00:00-04:00,86.00569468227025,86.14088055334089,85.98034773433977,85.9887924194336,3867200,0.0,0.0,0.0,0.0004910702357376895,0.0004909497002088017,0.029244367526372984,0.031832548102806155
2018-08-07 00:00:00-04:00,85.93808913355424,85.93808913355424,85.79445214675975,85.81134796142578,2181400,0.0,0.0,0.0,-0.0020635765780065984,-0.0020657086858367263,0.03371729140871396,0.03247065346109254
2018-08-08 00:00:00-04:00,85.83672792754157,85.93812219351497,85.82828324012183,85.8874282836914,2777900,0.0,0.0,0.0,0.0008865997804838877,0.0008862069830507772,0.0267783327959251,0.03162711844017252
2018-08-09 00:00:00-04:00,86.0225605701795,86.12395477294922,86.00566475954567,86.12395477294922,4318000,0.0,0.0,0.0,0.0027539128133695634,0.002750127743054391,0.030893219279497675,0.03343403400881874
2018-08-10 00:00:00-04:00,86.35212983979245,86.60561225908101,86.32678288712874,86.49577331542969,4327800,0.0,0.0,0.0,0.004317248824217357,0.004307956241506587,0.03835750059552957,0.03652887886941883
2018-08-13 00:00:00-04:00,86.44506625731053,86.57180745712215,86.3774765375595,86.47041320800781,1764700,0.0,0.0,0.0,-0.00029319475911726567,-0.0002932377491038171,0.039748786501978134,0.03603418858085652
2018-08-14 00:00:00-04:00,86.45350619150031,86.46195732274649,86.34366727059756,86.38591003417969,2487600,0.0,0.0,0.0,-0.0009772495665638647,-0.0009777273862462891,0.03469376351561057,0.03615264916592853
2018-08-15 00:00:00-04:00,86.57178287827638,86.75766905904791,86.54643593477542,86.59712982177734,4810700,0.0,0.0,0.0,0.002445072205804033,0.0024420878803624625,0.03517862418358509,0.036993717336387774
2018-08-16 00:00:00-04:00,86.61405707690433,86.62250176295937,86.41971971010912,86.57180786132812,2594400,0.0,0.0,0.0,-0.00029241108223021506,-0.00029245384268667795,0.035793944985871226,0.03577407751706008
2018-08-17 00:00:00-04:00,86.64788582720908,86.72392670656895,86.52114458194843,86.60563659667969,3043400,0.0,0.0,0.0,0.00039075925739884276,0.00039068293088310237,0.02089995379142474,0.03322578067381479
2018-08-20 00:00:00-04:00,86.7745975627641,86.90978990746405,86.75770174283952,86.87599182128906,2901100,0.0,0.0,0.0,0.0031216816275874137,0.00311681929596825,0.02808632484528076,0.02868715973933432
2018-08-21 00:00:00-04:00,86.7999472765883,86.7999472765883,86.69855302236857,86.75769805908203,2516700,0.0,0.0,0.0,-0.0013616392714154157,-0.0013625671445494552,0.02981659260109487,0.029549312745342816
2018-08-22 00:00:00-04:00,86.99423845300893,86.99423845300893,86.83369923543583,86.91819763183594,2396500,0.0,0.0,0.0,0.0018499750033087459,0.0018482659070845377,0.028072718730675978,0.029529297571884158
2018-08-23 00:00:00-04:00,86.95204689153005,86.9858385343968,86.88445071314378,86.90979766845703,871000,0.0,0.0,0.0,-9.664217169447209e-05,-9.664684185003875e-05,0.027649620377329216,0.028959322392778666
2018-08-24 00:00:00-04:00,86.75769977404752,86.95203715356215,86.72390168863951,86.93513488769531,1296600,0.0,0.0,0.0,0.0002915346706355848,0.0002914921826611047,0.027746611737169278,0.02881006106989627
2018-08-27 00:00:00-04:00,86.81683216714929,86.84217911593211,86.72388905739575,86.74079132080078,1851900,0.0,0.0,0.0,-0.002235500838016602,-0.0022380033002148214,0.024956770098944554,0.029841460881785613
2018-08-28 00:00:00-04:00,86.58872749553565,86.62251913918485,86.51268018150866,86.54647827148438,1506300,0.0,0.0,0.0,-0.002240157673887966,-0.002242670580662926,0.027894407133567972,0.03131698454890492
2018-08-29 00:00:00-04:00,86.57178916656306,86.58024029711837,86.43660330929737,86.5210952758789,1420400,0.0,0.0,0.0,-0.00029328744638046356,-0.0002933304635547028,0.019461212878643618,0.029699169899083343
2018-08-30 00:00:00-04:00,86.63937498172739,86.75766501009355,86.61402803940936,86.6816177368164,2780900,0.0,0.0,0.0,0.0018552985306723446,0.0018535795901235828,0.02778471759644637,0.02999171852342833
2018-08-31 00:00:00-04:00,86.8759977518572,86.88444888555931,86.6901114883682,86.69856262207031,2132200,0.0,0.0,0.0,0.00019548418334047746,0.00019546507879722612,0.0276148600903736,0.029052811475411885
2018-09-04 00:00:00-04:00,86.57663515394783,86.62743103339226,86.4581071290489,86.50043487548828,3419500,0.206,0.0,0.0,-0.0022852483431091697,-0.002287863508064599,0.02780845505130866,0.030614085964664528
2018-09-05 00:00:00-04:00,86.4834828579393,86.55121498599871,86.39882092751063,86.49195098876953,1332300,0.0,0.0,0.0,-9.80791221565358e-05,-9.808393222815161e-05,0.023438444154837233,0.02937259402830069
2018-09-06 00:00:00-04:00,86.54278074148921,86.73750261179048,86.53431260734322,86.6697769165039,1656700,0.0,0.0,0.0,0.0020559823856611814,0.002053871746339173,0.0278882872597561,0.029919481643695553
2018-09-07 00:00:00-04:00,86.36495825944125,86.3903561936394,86.24643026032223,86.2802963256836,4405000,0.0,0.0,0.0,-0.004493845544283892,-0.004503973221038341,0.040012320512120295,0.033393216160271966
2018-09-10 00:00:00-04:00,86.26337595006508,86.36497416486003,86.26337595006508,86.33110809326172,3110800,0.0,0.0,0.0,0.0005889150795950204,0.0005887417371621761,0.04079631203371768,0.029537402857492453
2018-09-11 00:00:00-04:00,86.16180931335307,86.18721372083199,86.01788330078125,86.01788330078125,3360500,0.0,0.0,0.0,-0.003628179915658003,-0.0036347777239329505,0.04470672243079922,0.03209753314346516
2018-09-12 00:00:00-04:00,86.15329660594257,86.19562434141211,86.11943054199219,86.11943054199219,1398800,0.0,0.0,0.0,0.0011805363874841657,0.0011798401023424992,0.04738065142840526,0.032371056564363836
2018-09-13 00:00:00-04:00,86.2379656789668,86.2379656789668,86.09403973972522,86.11096954345703,1281600,0.0,0.0,0.0,-9.824726524443328e-05,-9.825209182313198e-05,0.041079301979038835,0.03088922099485292
2018-09-14 00:00:00-04:00,85.94168023111533,86.03481033732274,85.8993460158231,85.95014190673828,3749900,0.0,0.0,0.0,-0.0018676788517354437,-0.0018694251385561137,0.031225258804223804,0.03139973826454219
2018-09-17 00:00:00-04:00,85.85700400533372,86.00092997856086,85.83159960479955,85.9670639038086,3808400,0.0,0.0,0.0,0.00019688154894126342,0.00019686217031259455,0.030263639848496334,0.03134588122212138
2018-09-18 00:00:00-04:00,85.85700491297011,85.86546658727765,85.5860763120879,85.61148071289062,4972900,0.0,0.0,0.0,-0.00413627236723868,-0.004144850404022352,0.033274369762310546,0.03121581736844162
2018-09-19 00:00:00-04:00,85.56067464333701,85.56914277656902,85.34055485364922,85.46754455566406,5515900,0.0,0.0,0.0,-0.0016812716709020403,-0.001682686594253823,0.02745050515583927,0.03132190034304912
2018-09-20 00:00:00-04:00,85.3658923315462,85.56061404291454,85.34049440913194,85.4759521484375,2973500,0.0,0.0,0.0,9.837175991367353e-05,9.836692172939047e-05,0.028118227121220446,0.029984252123072607
2018-09-21 00:00:00-04:00,85.4252104883458,85.56066831357151,85.4252104883458,85.50987243652344,1024100,0.0,0.0,0.0,0.0003968401314446979,0.00039676141122527495,0.030625147518168562,0.030195752426714642
2018-09-24 00:00:00-04:00,85.3828514680105,85.518315713156,85.37438333786622,85.41671752929688,2389800,0.0,0.0,0.0,-0.0010894052882105543,-0.0010899991214741195,0.028692169668177055,0.029924318106488632
2018-09-25 00:00:00-04:00,85.31513313394689,85.34899920070664,85.23893932820626,85.33206939697266,2878300,0.0,0.0,0.0,-0.0009910019346643928,-0.0009914933017389513,0.013813469406266203,0.029499097785183778
2018-09-26 00:00:00-04:00,85.41675239582987,85.62841052079908,85.37441818711869,85.61148071289062,2502900,0.0,0.0,0.0,0.0032743998580195832,0.003269050684512451,0.02804790136101571,0.03232870435209763
2018-09-27 00:00:00-04:00,85.55221669627097,85.6368786544,85.50141435395888,85.61148071289062,6342800,0.0,0.0,0.0,0.0,0.0,0.028109441009682507,0.03237523797723717
2018-09-28 00:00:00-04:00,85.75539154234848,85.76385967445383,85.61992726583176,85.65379333496094,3931000,0.0,0.0,0.0,0.000494240044886185,0.0004941179485034918,0.028135108290055628,0.03139285632199523
2018-10-01 00:00:00-04:00,85.53842610951325,85.5893246182837,85.4366226196289,85.4366226196289,6408000,0.204,0.0,0.0,-0.0025354477236373407,-0.0025386674146071833,0.034014459199767144,0.03197285053711928
2018-10-02 00:00:00-04:00,85.56390065787772,85.71660270167354,85.56390065787772,85.65721893310547,2915000,0.0,0.0,0.0,0.002581987755516435,0.002578660151788919,0.03650274306995484,0.03346757594619286
2018-10-03 00:00:00-04:00,85.49600505941446,85.50449030152721,84.910646328158,85.02093505859375,6612700,0.0,0.0,0.0,-0.007428257447963937,-0.0074559843460136966,0.06098320296812854,0.04148931559917384
2018-10-04 00:00:00-04:00,84.81730159335325,84.94454781387856,84.73246214988194,84.80033111572266,6427500,0.0,0.0,0.0,-0.0025947014428747694,-0.002598073514940092,0.06006596321587518,0.04043373007820965
2018-10-05 00:00:00-04:00,84.68161188907303,84.75796613721387,84.49497536288928,84.5967788696289,5676600,0.0,0.0,0.0,-0.0024003708878915786,-0.0024032563965434395,0.05619858050785251,0.03874140401710738
2018-10-08 00:00:00-04:00,84.68158239839775,84.71551688882649,84.61371341754028,84.63068389892578,1947800,0.0,0.0,0.0,0.00040078392759057557,0.0004007036351648276,0.059754252773072024,0.038645868329974846
2018-10-09 00:00:00-04:00,84.6561538534074,84.79188537597656,84.63070459744716,84.79188537597656,3066300,0.0,0.0,0.0,0.0019047639653166915,0.0019029522027234947,0.0566767264194004,0.038629359823665776
2018-10-10 00:00:00-04:00,84.58827694167208,84.8597464337549,84.55434244611882,84.83429718017578,3001900,0.0,0.0,0.0,0.0005001870640233275,0.0005000620121716273,0.03132406565321509,0.03826037333212995
2018-10-11 00:00:00-04:00,85.02091119548723,85.30086585554218,84.91062249600658,85.18209838867188,5821500,0.0,0.0,0.0,0.004099771201704128,0.00409139003917435,0.03769117347994784,0.041932620839739046
2018-10-12 00:00:00-04:00,85.08030700683594,85.28390748289631,85.03788727449975,85.08030700683594,2647900,0.0,0.0,0.0,-0.0011949856103741219,-0.0011957001749983095,0.03150304600083053,0.04171730988191446
2018-10-15 00:00:00-04:00,85.16514482046999,85.20756455520761,85.05486257143208,85.13121032714844,1860000,0.0,0.0,0.0,0.000598297327587316,0.0005981184190979742,0.031240343863845936,0.0418310863918831
2018-10-16 00:00:00-04:00,85.06334269425761,85.13121168198082,85.00395894808555,85.12272644042969,2703900,0.0,0.0,0.0,-9.965659698885077e-05,-9.96615630374482e-05,0.031556502575210754,0.039549880054469765
2018-10-17 00:00:00-04:00,85.10576636750478,85.19059936991255,84.87671661376953,84.87671661376953,3336200,0.0,0.0,0.0,-0.002890060468543787,-0.0028942447571423647,0.0411696006074678,0.04034142030970231
2018-10-18 00:00:00-04:00,84.8343124376634,85.17365098188294,84.79189269250682,85.02943420410156,2587700,0.0,0.0,0.0,0.00179928720649003,0.0017976704283392947,0.02833833921434809,0.04103449545035951
2018-10-19 00:00:00-04:00,85.02098401038855,85.03794803203793,84.85979667915751,84.92766571044922,5531900,0.0,0.0,0.0,-0.001196861940866989,-0.0011975787521262286,0.028341835884349676,0.041086747431430204
2018-10-22 00:00:00-04:00,85.02094194803479,85.05487644689224,84.93610893706307,84.94458770751953,1690100,0.0,0.0,0.0,0.00019925188015879058,0.00019923203213937686,0.02762630925811197,0.04102890845374716
2018-10-23 00:00:00-04:00,85.38570154886256,85.50446901950657,85.12271088757221,85.16513061523438,4420100,0.0,0.0,0.0,0.002596315005662486,0.00259295040231334,0.03527510365152384,0.04215782637569795
2018-10-24 00:00:00-04:00,85.40266667335065,85.6486868578567,85.34328293725207,85.62323760986328,4881200,0.0,0.0,0.0,0.005379044114880438,0.00536462872798112,0.03966825463280406,0.044957511114555926
2018-10-25 00:00:00-04:00,85.47057625454248,85.52996001885283,85.3433234817789,85.419677734375,3559900,0.0,0.0,0.0,-0.0023773905445597654,-0.0023802210244544355,0.04929186349454397,0.04575004157535346
2018-10-26 00:00:00-04:00,85.74202311176586,85.93714484131499,85.71657385842101,85.80140686035156,4220800,0.0,0.0,0.0,0.00446886637951982,0.004458910645704067,0.05036180630700498,0.04853485642811003
2018-10-29 00:00:00-04:00,85.69115644001313,85.88627176970597,85.55541840862197,85.79295349121094,3766900,0.0,0.0,0.0,-9.852250038722143e-05,-9.852735404756183e-05,0.05109149119864814,0.04754690137888574
2018-10-30 00:00:00-04:00,85.63177250493808,85.7335695559404,85.57238873440487,85.6063232421875,5746600,0.0,0.0,0.0,-0.0021753563833486478,-0.002177725908043384,0.05827141043694291,0.0474008843016586
2018-10-31 00:00:00-04:00,85.35176057341381,85.46204279567424,85.3008620819615,85.39418029785156,3956700,0.0,0.0,0.0,-0.002478122366449065,-0.002481197993918801,0.047017793394370386,0.039793743080200665
2018-11-01 00:00:00-04:00,85.32282687530628,85.50136130555204,85.29732288330895,85.46735382080078,4834300,0.216,0.0,0.0,0.0008568912154667263,0.0008565242937821723,0.04456339574529033,0.038415594002386866
2018-11-02 00:00:00-04:00,85.26325651195903,85.28876048634217,84.95719584684127,84.99120330810547,5250900,0.0,0.0,0.0,-0.005571139053791918,-0.005586715729125567,0.03947365727622218,0.04286627544018581
2018-11-05 00:00:00-05:00,85.152777510003,85.18677850113166,85.04225158691406,85.04225158691406,2446700,0.0,0.0,0.0,0.000600630145493275,0.0006004498394020074,0.04172420398355127,0.042882327172831386
2018-11-06 00:00:00-05:00,85.1017685130982,85.1017685130982,84.94024109294853,84.94873809814453,2456700,0.0,0.0,0.0,-0.0010996120989806846,-0.0011002171159280997,0.04173778178044131,0.042666551725848004
2018-11-07 00:00:00-05:00,85.09326502163869,85.16127998078777,84.94024109294853,84.94873809814453,3297600,0.0,0.0,0.0,0.0,0.0,0.041929593446570476,0.04264061550669273
2018-11-08 00:00:00-05:00,85.01676509386036,85.03376559292278,84.8042231811257,84.82972717285156,2188900,0.0,0.0,0.0,-0.001400973433595576,-0.0014019557144164742,0.038400865865861375,0.040144672731659906
2018-11-09 00:00:00-05:00,84.95720132953072,85.20375057491212,84.94869784210088,85.16123962402344,2772700,0.0,0.0,0.0,0.003907974977879869,0.0039003586800847884,0.033673485073776495,0.04249219406448307
2018-11-12 00:00:00-05:00,85.33973375791372,85.45025958367599,85.29722931329987,85.41625213623047,3704900,0.0,0.0,0.0,0.0029944668881392023,0.002989992402407919,0.03850648607104537,0.043734674537548486
2018-11-13 00:00:00-05:00,85.37378045886892,85.50981031119534,85.3142690200412,85.48430633544922,3265000,0.0,0.0,0.0,0.000796735955005401,0.0007964187293999164,0.034509386883938134,0.043776892757835494
2018-11-14 00:00:00-05:00,85.38231550502638,85.83290320644723,85.348308029375,85.66287231445312,4626400,0.0,0.0,0.0,0.002088874398807228,0.002086695734123941,0.032852363311365755,0.04264502610663686
2018-11-15 00:00:00-05:00,85.87540434218432,85.91790881718588,85.62035154712702,85.72237396240234,2621300,0.0,0.0,0.0,0.0006946025313137039,0.0006943614066262017,0.02208575295427625,0.042365804119666964
2018-11-16 00:00:00-05:00,85.91789357684856,86.01991597402689,85.8498851316572,85.98590850830078,7226700,0.0,0.0,0.0,0.0030742796042257936,0.0030695636696122523,0.018235313154951478,0.04292722000780683
2018-11-19 00:00:00-05:00,85.91795343046556,86.13899886854327,85.91795343046556,86.11349487304688,3447800,0.0,0.0,0.0,0.001483805509059355,0.0014827057574089589,0.01564898028022419,0.0430012049755991
2018-11-20 00:00:00-05:00,86.13897703701649,86.22399249587947,86.06246506991891,86.09646606445312,3658600,0.0,0.0,0.0,-0.0001977484320994094,-0.0001977679868986047,0.019971355933662022,0.042496624308840714
2018-11-21 00:00:00-05:00,86.01993342972199,86.0794448852539,85.92641450156296,86.0794448852539,1897000,0.0,0.0,0.0,-0.00019769892978505066,-0.00019771847479453048,0.021729788109334004,0.03851066697356294
2018-11-23 00:00:00-05:00,86.2579890617738,86.2664925524632,86.13046264648438,86.13046264648438,531200,0.0,0.0,0.0,0.0005926822750597083,0.0005925067082869078,0.021823438554221742,0.03722581518636311
2018-11-26 00:00:00-05:00,86.02843149436119,86.06243896484375,85.97741704550647,86.06243896484375,2345600,0.0,0.0,0.0,-0.0007897749478000815,-0.0007900869843374119,0.013965990226793299,0.03419053902390023
2018-11-27 00:00:00-05:00,86.0369426480822,86.20698002846162,86.02844564376036,86.14746856689453,2334400,0.0,0.0,0.0,0.0009879989815941848,0.0009875112318381073,0.01121955617540592,0.034301409487339854
2018-11-28 00:00:00-05:00,86.07943508444706,86.25796943071528,86.01142014693684,86.13894653320312,3582500,0.0,0.0,0.0,-9.892378537845747e-05,-9.892867865882482e-05,0.011087085936547746,0.033160421056639314
2018-11-29 00:00:00-05:00,86.36849761370746,86.48752700957334,86.25797819372171,86.36000061035156,4313000,0.0,0.0,0.0,0.0025662500650995845,0.002562962868046667,0.02011646569304855,0.03235511911485087
2018-11-30 00:00:00-05:00,86.48753244803093,86.56404440061792,86.42802098948688,86.53003692626953,3069700,0.0,0.0,0.0,0.001968924440901354,0.001966988649708951,0.02213384625922102,0.03272707009369883
2018-12-03 00:00:00-05:00,86.4209836387476,86.71916198730469,86.39542642312848,86.71916198730469,6008500,0.212,0.0,0.0,0.0021856579258865416,0.0021832728502760718,0.017103249035073455,0.02356435026082999
2018-12-04 00:00:00-05:00,86.87252679924632,87.2899765593945,86.84696957920892,87.11959075927734,7748800,0.0,0.0,0.0,0.0046175350729436015,0.004606906962425596,0.0266883013508538,0.026743023487397266
2018-12-06 00:00:00-05:00,87.45183631749802,87.72445746233417,87.32404373402466,87.34107971191406,9429900,0.0,0.0,0.0,0.002542355292378673,0.002539128974303258,0.016818198132840155,0.02567699964421163
2018-12-07 00:00:00-05:00,87.31552965138236,87.63075051647809,87.20477953652235,87.59667205810547,7319100,0.0,0.0,0.0,0.0029263703521236195,0.002922096865577633,0.016729136220416992,0.025675752101227065
2018-12-10 00:00:00-05:00,87.61372579497424,87.78411812137252,87.50297565766735,87.6478042602539,9045700,0.0,0.0,0.0,0.0005837231135279453,0.0005835528134601463,0.023022377218399538,0.023541291338669498
2018-12-11 00:00:00-05:00,87.44329787639347,87.62220485814045,87.32402655522884,87.42626190185547,5290100,0.0,0.0,0.0,-0.002527642994234136,-0.002530842877032155,0.04334279427071359,0.02623474254368411
2018-12-12 00:00:00-05:00,87.28144300862272,87.32404270254425,87.1621716654033,87.18772888183594,3727200,0.0,0.0,0.0,-0.002728390930030966,-0.0027321197726023604,0.04279805843933327,0.029084613729738622
2018-12-13 00:00:00-05:00,87.28994498799379,87.32402343565191,87.18770964501942,87.23883056640625,4116000,0.0,0.0,0.0,0.0005861109725608937,0.000585939276610127,0.03790980507154244,0.0291164645987796
2018-12-14 00:00:00-05:00,87.38369671660735,87.51148932539577,87.34109701374383,87.37517547607422,3530000,0.0,0.0,0.0,0.0015628924503312547,0.0015616724049599788,0.03143650770695774,0.028919067346684812
2018-12-17 00:00:00-05:00,87.4603667674347,87.69038824207136,87.45184552769216,87.63075256347656,7627000,0.0,0.0,0.0,0.0029250537811202904,0.0029207841352452773,0.039819844414036666,0.02968874069477215
2018-12-18 00:00:00-05:00,87.71869818508644,87.88943757137154,87.65893874855765,87.84675598144531,4461400,0.213,0.0,0.0,0.0024649271134842277,0.0024618941636246386,0.035703281760804756,0.029227369223984112
2018-12-19 00:00:00-05:00,87.94061011830367,88.3418545921201,87.74425408375814,88.15403747558594,7710900,0.0,0.0,0.0,0.003497926482402214,0.0034918229665228165,0.018257019278294102,0.030451884252228084
2018-12-20 00:00:00-05:00,88.31626239427243,88.33334023504366,88.00892639326884,88.04307556152344,9245200,0.0,0.0,0.0,-0.001258727532397308,-0.001259520395299795,0.02969369466309827,0.03130639743286107
2018-12-21 00:00:00-05:00,88.10287149297095,88.12848826474499,87.98335261118768,88.11994934082031,4918800,0.0,0.0,0.0,0.0008731382769922025,0.0008727573135065679,0.030489985198834484,0.03093701387393568
2018-12-24 00:00:00-05:00,88.25651986351416,88.3504284658591,88.15407885243904,88.3418960571289,6373000,0.0,0.0,0.0,0.0025186886507408968,0.0025155220704532557,0.02958480029258838,0.03121127977886178
2018-12-26 00:00:00-05:00,88.33331396250084,88.46137167704607,87.88938142051549,87.92353057861328,5477700,0.0,0.0,0.0,-0.0047357538969401425,-0.0047470031091449896,0.05216479602997017,0.037228459563941434
2018-12-27 00:00:00-05:00,88.2991757864092,88.46991508484753,88.12843648797086,88.1455078125,4602100,0.0,0.0,0.0,0.002524662424562729,0.0025214808182465603,0.04859948029717569,0.03757991548257154
2018-12-28 00:00:00-05:00,88.29068035374122,88.63216563209802,88.2650700976902,88.62362670898438,4543100,0.0,0.0,0.0,0.005424200374469557,0.005409542380990643,0.059716621136829205,0.040170543400029575
2018-12-31 00:00:00-05:00,88.52118610481496,89.34928579194035,88.4699590791799,88.95657348632812,7227500,0.0,0.0,0.0,0.003756862472318545,0.003749823089653664,0.061826118190691885,0.04083563538673952
2019-01-02 00:00:00-05:00,89.05043957455192,89.15288706360761,88.93945967970673,89.14434814453125,18668600,0.0,0.0,0.0,0.0021108575886410463,0.0021086328589362477,0.06163556447627912,0.04086102421392832
2019-01-03 00:00:00-05:00,89.1785195667436,89.91271047168156,89.1614482376167,89.85295104980469,10616700,0.0,0.0,0.0,0.007948938098964797,0.007917511718233173,0.037902894817483365,0.04684125220949064
2019-01-04 00:00:00-05:00,89.25537713002262,89.28951979604135,89.01633287486175,89.1273193359375,6616700,0.0,0.0,0.0,-0.008075769414239709,-0.008108555072302908,0.09768419098801598,0.05717542257686489
2019-01-07 00:00:00-05:00,89.22976318413097,89.27245128794014,88.84559630300913,88.87974548339844,5459200,0.0,0.0,0.0,-0.0027777549508238852,-0.002781620071338352,0.09815700448487645,0.05855424157841646
2019-01-08 00:00:00-05:00,88.7857954703656,88.8626262054525,88.6577377319336,88.6577377319336,6879500,0.0,0.0,0.0,-0.0024978441405000273,-0.002500968957797441,0.09546099565189975,0.05920201961077613
2019-01-09 00:00:00-05:00,88.6492336874931,88.77729147630359,88.58947425448682,88.70899963378906,3248700,0.0,0.0,0.0,0.0005781999763005974,0.0005780328831000543,0.09325462446588847,0.05920205389217778
2019-01-10 00:00:00-05:00,88.84556853925585,88.9053279579401,88.60653086451887,88.66629028320312,14413000,0.0,0.0,0.0,-0.0004814545397000547,-0.0004815704761505339,0.053008917380075765,0.058201489092385636
2019-01-11 00:00:00-05:00,88.90535135318106,89.00779888929353,88.84559191877126,88.93096160888672,3825700,0.0,0.0,0.0,0.0029850276225409367,0.0029805812737057906,0.03762382024289568,0.05724929194103908
2019-01-14 00:00:00-05:00,88.9651151777266,89.0334135385052,88.82852496945956,88.87974548339844,3090100,0.0,0.0,0.0,-0.000575908823672977,-0.00057607472285783,0.03179599635682924,0.05750778413514693
2019-01-15 00:00:00-05:00,89.03342559919841,89.03342559919841,88.76023863236757,88.79438781738281,4148000,0.0,0.0,0.0,-0.0009603725297747667,-0.0009608339829410263,0.025415058637429516,0.05784089544980714
2019-01-16 00:00:00-05:00,88.69189778978382,88.78580637528226,88.62359945245989,88.74311828613281,4820800,0.0,0.0,0.0,-0.0005773960777277765,-0.0005775628350361642,0.02596241335451857,0.057479043208419414
2019-01-17 00:00:00-05:00,88.70042855168359,88.74311012361929,88.51261139796199,88.5809097290039,5328100,0.0,0.0,0.0,-0.001827843783964167,-0.0018295163288246869,0.02933113299287812,0.0576879280373694
2019-01-18 00:00:00-05:00,88.45287762747273,88.5467862315559,88.23091124388623,88.29920959472656,6617500,0.0,0.0,0.0,-0.0031801449673428683,-0.003185212374594607,0.017566420953776033,0.05783611781138679
2019-01-22 00:00:00-05:00,88.54673169700906,88.70893855203191,88.50404362570245,88.60649108886719,5814400,0.0,0.0,0.0,0.0034800027718364657,0.003473961573724257,0.039639162356844934,0.05880985147573082
2019-01-23 00:00:00-05:00,88.45286285682128,88.65775136183896,88.4272526078551,88.5638427734375,3507300,0.0,0.0,0.0,-0.0004813226988856778,-0.00048143857183892256,0.03952051406018254,0.058839091827100135
2019-01-24 00:00:00-05:00,88.8370268754106,88.93947438140087,88.76873505137169,88.84556579589844,6030700,0.0,0.0,0.0,0.003181016243633872,0.0031759675153538026,0.047385279917531074,0.05922236048805651
2019-01-25 00:00:00-05:00,88.69190653655659,88.73459462991592,88.55531636172617,88.64068603515625,2763300,0.0,0.0,0.0,-0.002306021228035693,-0.0023086841896728318,0.04879688822088757,0.057076225600576395
2019-01-28 00:00:00-05:00,88.60653086451887,88.76873779235675,88.60653086451887,88.66629028320312,3116100,0.0,0.0,0.0,0.0002888543533690058,0.00028881264298223354,0.03920456766318968,0.05652793252851766
2019-01-29 00:00:00-05:00,88.73459187393121,88.92240905761719,88.72605295286684,88.92240905761719,2836700,0.0,0.0,0.0,0.0028885698679397276,0.0028844059665516044,0.036842024561640596,0.05414609999214832
2019-01-30 00:00:00-05:00,88.82852215859887,89.15292959209654,88.75168487683182,89.1273193359375,5788300,0.0,0.0,0.0,0.0023043716481807586,0.0023017206556345624,0.03645286298781544,0.05310678914557827
2019-01-31 00:00:00-05:00,89.33219033514224,89.57976695148746,89.30658008401838,89.53707885742188,10206500,0.0,0.0,0.0,0.004597462647113915,0.004586926596110262,0.04208028914721061,0.05505267820356052
2019-02-01 00:00:00-05:00,89.37453760623015,89.39164482080709,89.04944178644809,89.05799865722656,9191900,0.22,0.0,0.0,-0.005350634690218126,-0.005365000603429246,0.060983414839057344,0.05034617681924931
2019-02-04 00:00:00-05:00,88.94676278913633,88.94676278913633,88.80987899946679,88.86121368408203,7283500,0.0,0.0,0.0,-0.002209627165572492,-0.002212071993781062,0.06511822207388135,0.04219073199357054
2019-02-05 00:00:00-05:00,88.97243519267649,89.12642620697375,88.96387832327693,89.01521301269531,3331100,0.0,0.0,0.0,0.001733032019580305,0.0017315320523339905,0.06286534625603955,0.04149154093406478
2019-02-06 00:00:00-05:00,89.21199853629717,89.22055540792354,89.0323433940273,89.08367156982422,3489800,0.0,0.0,0.0,0.000769065812594727,0.0007687702330197315,0.06055288298312624,0.04040646635227812
2019-02-07 00:00:00-05:00,89.33177965868528,89.44299942261566,89.27189460386948,89.37455749511719,6937400,0.0,0.0,0.0,0.0032653113658991373,0.003259991813591861,0.054487962082994855,0.04180397959158402
2019-02-08 00:00:00-05:00,89.51140805555329,89.59696370283245,89.47718710203752,89.49430084228516,2602700,0.0,0.0,0.0,0.0013397923360292108,0.0013388956151345296,0.03188501631948043,0.041807757449353646
2019-02-11 00:00:00-05:00,89.35742950439453,89.43442829230052,89.28899411478749,89.35742950439453,2637200,0.0,0.0,0.0,-0.0015293860793642589,-0.0015305567840460165,0.02768814164190491,0.0412708020642834
2019-02-12 00:00:00-05:00,89.2975406823846,89.30609755334122,89.16066338197916,89.23765563964844,3305300,0.0,0.0,0.0,-0.0013403906693645329,-0.0013412897964820013,0.031679524771546584,0.041560055064335834
2019-02-13 00:00:00-05:00,89.03232022451547,89.11786933757419,88.97243519267649,89.01521301269531,3772100,0.0,0.0,0.0,-0.002492699134223897,-0.0024958110812181617,0.03780982971846957,0.04247540858744837
2019-02-14 00:00:00-05:00,89.49431039730536,89.50286726834277,89.32321213843842,89.4344253540039,10568700,0.0,0.0,0.0,0.004709446027487463,0.0046983912807794246,0.04643721922295979,0.0453593440994127
2019-02-15 00:00:00-05:00,89.2718629214815,89.37452577629438,89.26330605183564,89.34886169433594,6879000,0.0,0.0,0.0,-0.0009567195107397231,-0.0009571774589594681,0.045544315390967295,0.04489696539541373
2019-02-19 00:00:00-05:00,89.51143425677992,89.57131931121683,89.44299885669592,89.50288391113281,8557400,0.0,0.0,0.0,0.0017238296479231696,0.0017223455588953036,0.045964707118453456,0.042993205183413014
2019-02-20 00:00:00-05:00,89.50286203208921,89.57129741544415,89.41730638068088,89.48574829101562,4751100,0.0,0.0,0.0,-0.00019145327355263309,-0.00019147160307014484,0.04401884128080359,0.04178078062610631
2019-02-21 00:00:00-05:00,89.22912266852109,89.26333710504888,89.1606807415027,89.22056579589844,4140200,0.0,0.0,0.0,-0.002963404789942503,-0.002967804367887114,0.046149619339398235,0.0434474431672476
2019-02-22 00:00:00-05:00,89.4001991665871,89.58841115651774,89.36597821141973,89.48574829101562,3351000,0.0,0.0,0.0,0.0029722126591733566,0.0029678043678870456,0.03677874715835069,0.04327443549766641
2019-02-25 00:00:00-05:00,89.34030482469008,89.40018985825282,89.28041979112736,89.34886169433594,2849600,0.0,0.0,0.0,-0.0015297027660149398,-0.0015308739558250232,0.038035949627307046,0.04272371996061558
2019-02-26 00:00:00-05:00,89.61409759521484,89.64831855891856,89.48577061307122,89.61409759521484,2647700,0.0,0.0,0.0,0.0029685425852012948,0.0029641451631348906,0.04236523778144677,0.04367829761023111
2019-02-27 00:00:00-05:00,89.46010959694222,89.46866646990762,89.22912624272955,89.29756164550781,2530600,0.0,0.0,0.0,-0.0035322115403852994,-0.003538464528495203,0.0504346685440327,0.04501613458463064
2019-02-28 00:00:00-05:00,89.26331353799853,89.27187040836202,89.02377338365834,89.0665512084961,4949900,0.0,0.0,0.0,-0.0025869736278889555,-0.002590325626433878,0.04929519798715346,0.04535119164769331
2019-03-01 00:00:00-05:00,88.91998179340824,89.01426801348866,88.7742691040039,88.7742691040039,9003000,0.199,0.0,0.0,-0.003281614708623759,-0.003287011015138392,0.04230758872095007,0.043263571551198456
2019-03-04 00:00:00-05:00,88.91139118410594,89.09995703411877,88.85139147285685,89.04853057861328,3506600,0.0,0.0,0.0,0.0030894253185915765,0.003084662850530445,0.053868075802536435,0.04082082427816806
2019-03-05 00:00:00-05:00,88.94565918308479,89.10851832295162,88.8856594798934,89.09994506835938,2112200,0.0,0.0,0.0,0.0005773760601328615,0.0005772094427063116,0.04576163175440481,0.040012676659352577
2019-03-06 00:00:00-05:00,89.1342480023458,89.3913933717675,89.1342480023458,89.3485336303711,2401600,0.0,0.0,0.0,0.0027899968043862966,0.0027861119873759266,0.04699378772341631,0.04074106498859083
2019-03-07 00:00:00-05:00,89.5200086227366,89.71714783215054,89.5114353624851,89.64857482910156,4822900,0.0,0.0,0.0,0.0033580987458812217,0.0033524729234808838,0.044314521843587903,0.04223814159585512
2019-03-08 00:00:00-05:00,89.73424640997585,89.85424583145826,89.63996021602856,89.777099609375,5212000,0.0,0.0,0.0,0.001433651126283353,0.0014326244296734283,0.018930325922112023,0.04102686131766144
2019-03-11 00:00:00-04:00,89.76853395217167,89.76853395217167,89.63138801772932,89.70853424072266,4654100,0.0,0.0,0.0,-0.0007637289347803833,-0.0007640207242981512,0.026437776394708477,0.04095013092696568
2019-03-12 00:00:00-04:00,89.77711600823726,89.99997492004583,89.7428295187683,89.95711517333984,4942800,0.0,0.0,0.0,0.002770984218180894,0.0027671521189043353,0.02631066024685968,0.04149056869238889
2019-03-13 00:00:00-04:00,89.86280716889982,89.94852664152336,89.82852722722355,89.92281341552734,1715000,0.0,0.0,0.0,-0.000381312336955264,-0.0003813850549905313,0.029165343224042694,0.04111404048997842
2019-03-14 00:00:00-04:00,89.87997106740373,89.92283081200716,89.69997191113137,89.79425811767578,2514700,0.0,0.0,0.0,-0.0014296182800410673,-0.001430641159255161,0.027466608087570236,0.040291868986547165
2019-03-15 00:00:00-04:00,90.06855883051884,90.14569853657694,89.97427260790559,90.0771255493164,7846600,0.0,0.0,0.0,0.0031501728236333904,0.003145221425006426,0.03380060988556347,0.03843734786502131
2019-03-18 00:00:00-04:00,89.9914016628088,90.06854789898374,89.94854845558201,89.95711517333984,4166200,0.0,0.0,0.0,-0.0013323069008330801,-0.0013331952107607098,0.0355167273761866,0.038630742860503844
2019-03-19 00:00:00-04:00,89.81140465875089,89.99140382818462,89.78569142590027,89.8971176147461,2138000,0.0,0.0,0.0,-0.0006669573438202736,-0.000667179858813685,0.029957791824984877,0.03842819859275423
2019-03-20 00:00:00-04:00,90.02570565190283,90.54856327385127,90.0085656735762,90.5228500366211,8061700,0.0,0.0,0.0,0.006960539319587289,0.006936426592836924,0.058168217967931216,0.045196065135268554
2019-03-21 00:00:00-04:00,90.62569205470297,90.64283202972544,90.41140639978636,90.47997283935547,4633500,0.0,0.0,0.0,-0.00047366159205419756,-0.0004737738051415099,0.05564562412178262,0.04343684351297271
2019-03-22 00:00:00-04:00,90.93425865360902,91.29426352890951,90.89140544571373,91.14854431152344,4721900,0.0,0.0,0.0,0.0073891652615214465,0.007361999121210194,0.06977632903406412,0.04897202552608304
2019-03-25 00:00:00-04:00,91.14854980801697,91.5942676654653,91.07141010546613,91.3799819946289,7828800,0.0,0.0,0.0,0.0025391264869185637,0.0025359083516109104,0.06176998482515684,0.04839282060304317
2019-03-26 00:00:00-04:00,91.19139212501884,91.44853749665619,91.14853238325313,91.30281829833984,7483700,0.0,0.0,0.0,-0.0008444266961400437,-0.0008447834251977851,0.06246968791061562,0.04836308293490676
2019-03-27 00:00:00-04:00,91.55141122286284,91.78284341783542,91.4999847526378,91.56855773925781,3555900,0.0,0.0,0.0,0.002910528348091468,0.0029063009610923313,0.05259594910922723,0.04580373572951627
2019-03-28 00:00:00-04:00,91.54280746238466,91.63709364596536,91.422808054096,91.57708740234375,3769600,0.0,0.0,0.0,9.315056714354064e-05,9.31462288988656e-05,0.050834434819970985,0.04376028672022951
2019-03-29 00:00:00-04:00,91.25999343122689,91.43999263146932,91.23428019397518,91.4314193725586,2748900,0.0,0.0,0.0,-0.0015906602177153673,-0.0015919266608447852,0.03198495608855603,0.041728254514912085
2019-04-01 00:00:00-04:00,91.12904447676202,91.15481035925126,90.76830901617376,90.80266571044922,9430400,0.218,0.0,0.0,-0.006876778971869335,-0.006900532979728217,0.05671363898381326,0.050665533205297326
2019-04-02 00:00:00-04:00,90.88859249068085,90.97448098614761,90.83706070397523,90.95730590820312,7318600,0.0,0.0,0.0,0.0017030358805436574,0.0017015873592943675,0.06064179549281967,0.050704237833817375
2019-04-03 00:00:00-04:00,90.67385864257812,90.77692875825261,90.63091112282922,90.67385864257812,5207300,0.0,0.0,0.0,-0.003116267162871611,-0.0031211328345047314,0.05221802820881712,0.0523049252407079
2019-04-04 00:00:00-04:00,90.71680928127991,90.80269777085918,90.65668668328725,90.76834106445312,2293700,0.0,0.0,0.0,0.0010420028803166392,0.0010414603721460231,0.0549296408249592,0.051406677820886496
2019-04-05 00:00:00-04:00,90.69962599427234,90.87140952316356,90.69103517960987,90.81128692626953,1749900,0.0,0.0,0.0,0.00047313701355311544,0.0004730251195290635,0.05725362837568072,0.0513194775899149
2019-04-08 00:00:00-04:00,90.79410395087639,90.83705147068038,90.66526794433594,90.66526794433594,3591500,0.0,0.0,0.0,-0.001607938692160027,-0.0016092328130096003,0.03180147969547234,0.051698266038606125
2019-04-09 00:00:00-04:00,90.88858328938669,90.9401150708754,90.80269480261502,90.82846069335938,3210600,0.0,0.0,0.0,0.0017999477939405484,0.0017983298291206274,0.03219131968549413,0.05125438732944954
2019-04-10 00:00:00-04:00,90.97448421187725,91.10332023608169,90.96589994903673,91.04319763183594,2059800,0.0,0.0,0.0,0.00236420321160713,0.0023614128802690727,0.024347043021581832,0.051563050671862114
2019-04-11 00:00:00-04:00,90.89721979421724,90.93157651676991,90.80274044541608,90.83709716796875,1547500,0.0,0.0,0.0,-0.0022637656544163276,-0.0022663318454536232,0.03238361243476911,0.05208610648521936
2019-04-12 00:00:00-04:00,90.51923830757067,90.57077007847562,90.41616821289062,90.41616821289062,6032100,0.0,0.0,0.0,-0.004633888226302285,-0.004644657969753641,0.04644661527101379,0.05427946680284498
2019-04-15 00:00:00-04:00,90.43336025233758,90.5450146197793,90.43336025233758,90.53643035888672,2410700,0.0,0.0,0.0,0.0013300955832691308,0.0013292117897385925,0.04815111909141698,0.05410935619020053
2019-04-16 00:00:00-04:00,90.34744851939675,90.39898028297245,90.2100217460359,90.22720336914062,5003600,0.0,0.0,0.0,-0.0034154979218897763,-0.0034213440503391094,0.048188969652287465,0.05563670189749374
2019-04-17 00:00:00-04:00,90.1842850592173,90.33888695286224,90.1842850592173,90.2444076538086,2348800,0.0,0.0,0.0,0.00019067735700040167,0.0001906591803837081,0.03937350636345849,0.04956714991204972
2019-04-18 00:00:00-04:00,90.46770488732462,90.57935923987313,90.4333481897243,90.45911407470703,4893200,0.0,0.0,0.0,0.002379165939257799,0.002376340205014169,0.048385298356824,0.05034788800170852
2019-04-22 00:00:00-04:00,90.40761123939512,90.41619550189004,90.28736603574495,90.33030700683594,3630000,0.0,0.0,0.0,-0.0014239258165265056,-0.0014249405622881728,0.036358001151631576,0.042243943280719176
2019-04-23 00:00:00-04:00,90.45913542075722,90.51925801752766,90.4247787150496,90.49349212646484,2462100,0.0,0.0,0.0,0.0018065378612801553,0.0018049080343588435,0.037742186258228234,0.04163263275435969
2019-04-24 00:00:00-04:00,90.75120863802445,90.84568143395082,90.73402700031072,90.83709716796875,3266700,0.0,0.0,0.0,0.0037970138341409942,0.0037898233728855877,0.03203955841903229,0.04427579238093717
2019-04-25 00:00:00-04:00,90.81126733680559,90.86279910792092,90.69101561608618,90.72537231445312,1457600,0.0,0.0,0.0,-0.001229947422351385,-0.0012307044284644005,0.03654788065122415,0.04276696378761141
2019-04-26 00:00:00-04:00,91.01739785821837,91.03457293037877,90.91432776664605,90.96586608886719,2156100,0.0,0.0,0.0,0.002650788509090063,0.0026472813656599485,0.03720774538339189,0.044146299126281034
2019-04-29 00:00:00-04:00,90.80269765424883,90.84563862254745,90.70821834997145,90.77693176269531,2715000,0.0,0.0,0.0,-0.0020769804575631046,-0.002079140372726259,0.040190113888747526,0.04436354768167109
2019-04-30 00:00:00-04:00,90.72539976228349,90.98307180155594,90.71681549974733,90.95730590820312,3621900,0.0,0.0,0.0,0.001987004209167864,0.0019850327274339337,0.040440889124701285,0.037745717321619264
2019-05-01 00:00:00-04:00,90.9676049892956,91.32046262653085,90.83851713763863,90.91596984863281,6870700,0.212,0.0,0.0,-0.0004544556279187928,-0.0004545589241745617,0.03258568549681887,0.037295403428393784
2019-05-02 00:00:00-04:00,90.82129590309727,90.8557215169277,90.59753269620659,90.65777587890625,3126200,0.0,0.0,0.0,-0.002839918775067063,-0.002843958995469758,0.038438572119106326,0.03700287725966656
2019-05-03 00:00:00-04:00,90.76109658486254,90.8987991067354,90.73527900351579,90.77831268310547,2625200,0.0,0.0,0.0,0.0013295804251829413,0.001328697315819373,0.033163163531144985,0.03712481250845892
2019-05-06 00:00:00-04:00,91.12254425381853,91.1569698799036,90.99345636352055,91.01066589355469,3370100,0.0,0.0,0.0,0.002559567407474539,0.0025562972936803725,0.03478465522648084,0.03819476404479309
2019-05-07 00:00:00-04:00,91.23438146251443,91.38929341586646,91.19134781091145,91.32044219970703,3965800,0.0,0.0,0.0,0.003403736288608794,0.003397956689355528,0.039669314225422914,0.03932692458970662
2019-05-08 00:00:00-04:00,91.4065129282755,91.44093854011818,91.1052970321697,91.14833068847656,4226600,0.0,0.0,0.0,-0.0018846986182358139,-0.0018864768973747034,0.04362069450616502,0.03971428818495539
2019-05-09 00:00:00-04:00,91.48399681947377,91.59587516356412,91.26884161205828,91.38932800292969,4224100,0.0,0.0,0.0,0.00264401237666978,0.0026405231250089325,0.03318484363407655,0.0399303415292517
2019-05-10 00:00:00-04:00,91.43233368864767,91.5872456643425,91.26882023420237,91.32906341552734,2855400,0.0,0.0,0.0,-0.0006594269672319797,-0.0006596444848244369,0.0370271700828931,0.03901692859952146
2019-05-13 00:00:00-04:00,91.71635841590104,91.86266237609325,91.67332474948422,91.78520965576172,5653400,0.0,0.0,0.0,0.004994535399525768,0.0049821040828490915,0.04564079707400598,0.03791013883107575
2019-05-14 00:00:00-04:00,91.71637487428387,91.75940854842302,91.60449651394558,91.69916534423828,2573200,0.0,0.0,0.0,-0.0009374529060416359,-0.000937892589827198,0.045834364969666294,0.03830583081731034
2019-05-15 00:00:00-04:00,92.03481682082511,92.06063440165927,91.86268867190154,91.99178314208984,5512300,0.0,0.0,0.0,0.0031910628275957365,0.0031859821921595122,0.04077003980321471,0.03614401252105676
2019-05-16 00:00:00-04:00,91.78518707158057,91.84543025013161,91.69912632593818,91.81100463867188,3898400,0.0,0.0,0.0,-0.0019651592483943547,-0.0019670927072817927,0.047642251051900085,0.03754455090531748
2019-05-17 00:00:00-04:00,92.00901516621575,92.00901516621575,91.75943423158868,91.8541030883789,2128400,0.0,0.0,0.0,0.00046942574995934017,0.00046931560416081235,0.04592045895027885,0.037131769721583135
2019-05-20 00:00:00-04:00,91.87128690876132,91.94873964299165,91.6819492481759,91.69916534423828,2439600,0.0,0.0,0.0,-0.0016867808723965982,-0.0016882050890385926,0.03350289249642807,0.037348664158140234
2019-05-21 00:00:00-04:00,91.63889700462072,91.67331605527114,91.51840406328417,91.59586334228516,2675300,0.0,0.0,0.0,-0.001126531540012743,-0.001127166553621435,0.03379576019680911,0.03770278238831663
2019-05-22 00:00:00-04:00,91.74215193849878,91.91427999302589,91.71633437182318,91.87124633789062,3561900,0.0,0.0,0.0,0.0030065003544579305,0.0030019898705202232,0.03262610505318163,0.036912160345649536
2019-05-23 00:00:00-04:00,92.09503011803527,92.56836760029086,92.09503011803527,92.43067169189453,6184500,0.0,0.0,0.0,0.006089232227746377,0.006070767771513516,0.0510304150580721,0.041088650286738325
2019-05-24 00:00:00-04:00,92.3703900695482,92.40481567382812,92.2843293418547,92.40481567382812,2422800,0.0,0.0,0.0,-0.00027973417906768105,-0.0002797733119711943,0.05211089804237716,0.04078092534716174
2019-05-28 00:00:00-04:00,92.61998753370437,92.80931854248047,92.54252826855675,92.80931854248047,7039000,0.0,0.0,0.0,0.004377508528128793,0.004367955107644856,0.04860900281902268,0.04120013252504072
2019-05-29 00:00:00-04:00,93.02450713674156,93.15360158106945,92.75771676687577,92.77493286132812,5251800,0.0,0.0,0.0,-0.0003704981535512797,-0.00037056680494950664,0.045325809120044275,0.041384677333316355
2019-05-30 00:00:00-04:00,92.8265663556928,93.15359991827187,92.70607996074177,93.1105728149414,3461100,0.0,0.0,0.0,0.0036177870817213353,0.0036112586309955566,0.04590531542649207,0.04201523711136961
2019-05-31 00:00:00-04:00,93.42903246351175,93.76467419578562,93.36878924402717,93.73025512695312,6020600,0.0,0.0,0.0,0.006655337769678971,0.006633288784163465,0.048642973145766016,0.04341187172296673
2019-06-03 00:00:00-04:00,93.88803305345105,94.28469369210816,93.79317870737177,94.18122100830078,23830900,0.213,0.0,0.0,0.0048113160551717105,0.00479977866596467,0.04119259967035475,0.04478575925460218
2019-06-04 00:00:00-04:00,93.78454448961044,93.98287148591548,93.64657216271769,93.8362808227539,5503200,0.0,0.0,0.0,-0.003662515540295175,-0.0036692389718051546,0.06624405059618953,0.048741218701482784
2019-06-05 00:00:00-04:00,93.95700331934374,94.10359398250532,93.78454448961044,93.8362808227539,7712300,0.0,0.0,0.0,0.0,0.0,0.0653813006206038,0.048506715263268996
2019-06-06 00:00:00-04:00,93.91387744774399,94.07771133711132,93.75866189331906,93.81902313232422,2392400,0.0,0.0,0.0,-0.00018391277103457782,-0.0001839296850620882,0.06606378172983077,0.04735792779706931
2019-06-07 00:00:00-04:00,94.33638705873399,94.35363030401624,94.11218539678308,94.1897964477539,2805900,0.0,0.0,0.0,0.003952005713241613,0.003944217052473531,0.0546344816561922,0.04801858253836185
2019-06-10 00:00:00-04:00,93.87074986634576,93.88799311335043,93.71553432777985,93.72415924072266,6071200,0.0,0.0,0.0,-0.004943605619633473,-0.004955865660455767,0.055460976862807446,0.0527647133763911
2019-06-11 00:00:00-04:00,93.66379800788486,93.79313880762231,93.62930493499455,93.72415924072266,2735800,0.0,0.0,0.0,0.0,0.0,0.05008340788435333,0.05107843713267823
2019-06-12 00:00:00-04:00,93.79315655116409,93.9828651985089,93.78453821547184,93.96562194824219,2062800,0.0,0.0,0.0,0.0025763123347881667,0.0025729993311664,0.05402952761735097,0.05078644535247172
2019-06-13 00:00:00-04:00,94.05186513571695,94.27606689532242,94.03462188292416,94.19845581054688,1684700,0.0,0.0,0.0,0.0024778621955265923,0.002474797356784581,0.05586263309849314,0.05048270208152385
2019-06-14 00:00:00-04:00,94.12946742041028,94.3191694989287,94.12084250537862,94.2674331665039,3880700,0.0,0.0,0.0,0.0007322556974369565,0.0007319877290400197,0.04867714747180018,0.04913623795837421
2019-06-17 00:00:00-04:00,94.25021362304688,94.31919322400356,94.13810943608436,94.25021362304688,3038800,0.0,0.0,0.0,-0.0001826669389269897,-0.000182683624564252,0.021099244474866375,0.04934103219221664
2019-06-18 00:00:00-04:00,94.63822632430187,94.68134432092293,94.34504499970299,94.4312744140625,4564900,0.0,0.0,0.0,0.00192106504649181,0.0019192221608600431,0.01897092449215313,0.0480975370876459
2019-06-19 00:00:00-04:00,94.2329576545738,94.76759064521264,94.17259639586327,94.68997955322266,4541500,0.0,0.0,0.0,0.0027396129170700334,0.002735867017585767,0.01957763750546886,0.04727655634695057
2019-06-20 00:00:00-04:00,94.88830995842524,95.09526189860384,94.827948701753,94.8451919555664,4575000,0.0,0.0,0.0,0.0016391639651427425,0.001637822002155206,0.017871082529891006,0.04701100415225595
2019-06-21 00:00:00-04:00,94.620978546186,94.65546504717383,94.37952698709506,94.45713806152344,4305200,0.0,0.0,0.0,-0.004091445080576794,-0.004099837942445154,0.04335470367677895,0.04799146848739149
2019-06-24 00:00:00-04:00,94.6296430578991,94.8021085414068,94.60377488009432,94.78485870361328,3046300,0.0,0.0,0.0,0.0034695169556839822,0.0034635120670978995,0.04776391062945013,0.04841634909212461
2019-06-25 00:00:00-04:00,94.87966778285694,95.05213318403618,94.81068162238525,94.93140411376953,5251000,0.0,0.0,0.0,0.001546084597904951,0.001544890639594955,0.04744855968953752,0.04703474799207694
2019-06-26 00:00:00-04:00,94.81068626923654,94.81068626923654,94.50888002598373,94.54337310791016,6675000,0.0,0.0,0.0,-0.0040874883236146076,-0.004095864938013632,0.05617964004503653,0.05034686318494439
2019-06-27 00:00:00-04:00,94.65545362780347,94.87965533047016,94.57784914161971,94.82791900634766,2538400,0.0,0.0,0.0,0.0030096863384885264,0.0030051662995557744,0.0598875669468035,0.04996420724067398
2019-06-28 00:00:00-04:00,94.74168428241138,94.94863614615305,94.68994138231513,94.87102508544922,4341500,0.0,0.0,0.0,0.00045457160246953343,0.0004544683160981631,0.04798051855389591,0.04513691700333445
2019-07-01 00:00:00-04:00,94.86413986350736,94.90733323911051,94.58771939464522,94.75184631347656,8183600,0.192,0.0,0.0,-0.001256218870464565,-0.0012570085748201106,0.04341514294394899,0.042718057634517775
2019-07-02 00:00:00-04:00,94.85548857313891,95.1491889934165,94.8382151791852,95.0887222290039,3117100,0.0,0.0,0.0,0.0035553493534346003,0.0035490440395649766,0.04996643175478709,0.04149131900885435
2019-07-03 00:00:00-04:00,95.20100433570046,95.36513121527919,95.1923643445694,95.27011108398438,2607000,0.0,0.0,0.0,0.0019075748493457834,0.0019057577389253095,0.031101021645375523,0.0416372203795587
2019-07-05 00:00:00-04:00,94.71728441394428,94.71728441394428,94.44949737197554,94.66545104980469,3664100,0.0,0.0,0.0,-0.006346796779177266,-0.006367023321777385,0.06033237501422591,0.04864999513426342
2019-07-08 00:00:00-04:00,94.80365398717734,94.86412074660626,94.57042694091797,94.57042694091797,3254100,0.0,0.0,0.0,-0.0010037886877729552,-0.0010042928210282132,0.060014280486750386,0.04707850318372606
2019-07-09 00:00:00-04:00,94.57907942248991,94.58771941568922,94.44950588603548,94.50997924804688,2061800,0.0,0.0,0.0,-0.0006391817698873092,-0.0006393861336431522,0.0597672259754284,0.04314940749216958
2019-07-10 00:00:00-04:00,94.59638200394802,94.6914021806853,94.4495284460179,94.56182861328125,4343700,0.0,0.0,0.0,0.0005486125978113598,0.0005484621649371865,0.04989351190224105,0.043122336649348544
2019-07-11 00:00:00-04:00,94.440871774615,94.50133854578885,94.05215116816836,94.09534454345703,4769800,0.0,0.0,0.0,-0.004933111771050269,-0.004945319732296439,0.047431350718937955,0.04632725353790226
2019-07-12 00:00:00-04:00,94.08668212593786,94.30263577014375,94.0607687430943,94.19898223876953,4141900,0.0,0.0,0.0,0.0011014115078205045,0.001100805399174925,0.03757651448826303,0.04563201795358004
2019-07-15 00:00:00-04:00,94.27672578387613,94.39765930175781,94.21625902493528,94.39765930175781,1753200,0.0,0.0,0.0,0.0021091211207004967,0.0021069000472099934,0.04350970557099843,0.046181794461873794
2019-07-16 00:00:00-04:00,94.09532562993154,94.22489913936897,94.00894548710073,94.19034576416016,2766100,0.0,0.0,0.0,-0.0021961724382905112,-0.002198587561645998,0.045492080455947395,0.0468774932830936
2019-07-17 00:00:00-04:00,94.35449231186885,94.63954618357624,94.34585231867051,94.63091278076172,2624400,0.0,0.0,0.0,0.004677411607604487,0.004666506509796706,0.05970552598003076,0.04935288066302497
2019-07-18 00:00:00-04:00,94.52724091404656,94.92459487691713,94.50132752804808,94.86412811279297,2386700,0.0,0.0,0.0,0.0024644730266054626,0.0024614411931821547,0.03979059736223554,0.04916777410542648
2019-07-19 00:00:00-04:00,94.6654404992602,94.78638060851821,94.5963403387474,94.69136047363281,1728100,0.0,0.0,0.0,-0.001821211480010021,-0.0018228719019300484,0.04699901585732064,0.049261918295317675
2019-07-22 00:00:00-04:00,94.83818769271879,94.8468276823831,94.69997421961457,94.73452758789062,1629800,0.0,0.0,0.0,0.0004558717293943193,0.000455767851446303,0.04610157489123768,0.04693605452570922
2019-07-23 00:00:00-04:00,94.63090440914267,94.72592455476702,94.51860427865032,94.57907104492188,2329800,0.0,0.0,0.0,-0.0016409702663532366,-0.0016423181328017573,0.044013218089451404,0.04563083671077244
2019-07-24 00:00:00-04:00,94.708660421159,94.80368058268674,94.63955365088712,94.71730041503906,2268500,0.0,0.0,0.0,0.0014615217572979677,0.0014604547738609258,0.029970804771200753,0.04559123086043853
2019-07-25 00:00:00-04:00,94.6050112978327,94.6136512927203,94.35451075955838,94.55318450927734,3172000,0.0,0.0,0.0,-0.0017326919690762166,-0.0017341948160375328,0.024084440160960924,0.04358799724818171
2019-07-26 00:00:00-04:00,94.58773834886075,94.5963783437895,94.43225139206913,94.5359115600586,3004100,0.0,0.0,0.0,-0.0001826797194446339,-0.00018269640741698243,0.021787742122651534,0.04212125555960111
2019-07-29 00:00:00-04:00,94.6913754385747,94.72592881948313,94.60498869111183,94.62226867675781,2505600,0.0,0.0,0.0,0.0009134847834451065,0.0009130678101335096,0.023031397740626493,0.04224007164488366
2019-07-30 00:00:00-04:00,94.70000442910334,94.734557808402,94.54451751745103,94.66545104980469,2514800,0.0,0.0,0.0,0.0004563658602858567,0.0004562617570582079,0.019517499182462168,0.04207042729927114
2019-07-31 00:00:00-04:00,94.63953109185877,95.01097165555016,94.49268418282288,94.90731811523438,6669300,0.0,0.0,0.0,0.0025549665981354774,0.0025517082198284378,0.024845757182796822,0.04107386489660609
2019-08-01 00:00:00-04:00,95.04925383720746,95.98382568359375,95.00599065667814,95.98382568359375,16938700,0.194,0.0,0.0,0.011342724562633855,0.011278878203218325,0.07561280646707841,0.05752621813574012
2019-08-02 00:00:00-04:00,96.0011096577361,96.22609397909798,95.91457011655376,96.18283081054688,8503000,0.0,0.0,0.0,0.00207331939038502,0.002071173029952867,0.07116381773750044,0.051963857375088435
2019-08-05 00:00:00-04:00,96.76258446398168,97.09141219095618,96.71066603394318,97.01353454589844,7626200,0.0,0.0,0.0,0.008636715392457361,0.00859963233033778,0.07472969516136366,0.058394170535612654
2019-08-06 00:00:00-04:00,96.81454072893634,97.17798968735612,96.73666305344416,97.1693344116211,6462400,0.0,0.0,0.0,0.0016059601008449054,0.0016046719259094353,0.07064798154249236,0.057956407208219
2019-08-07 00:00:00-04:00,97.84430067405056,98.01736657650494,97.06549090892388,97.1693344116211,9665300,0.0,0.0,0.0,0.0,0.0,0.07864733838160148,0.05809518981506234
2019-08-08 00:00:00-04:00,96.90974064000764,97.27318964224735,96.62418252673316,97.1780014038086,5178800,0.0,0.0,0.0,8.919472629909109e-05,8.919074868601095e-05,0.056516828438350784,0.053418189778630075
2019-08-09 00:00:00-04:00,97.24722713101208,97.43760361438726,96.9703176830233,97.03089141845703,2869000,0.0,0.0,0.0,-0.001513819827805185,-0.0015149668107371946,0.06345831503710166,0.054548578994857044
2019-08-12 00:00:00-04:00,97.38569526865525,97.76644827494337,97.35973603677974,97.64529418945312,4739900,0.0,0.0,0.0,0.006332032634291718,0.006312069542631606,0.04794558646855694,0.057182653764980856
2019-08-13 00:00:00-04:00,97.66256032703595,97.68851954710483,97.04816791126015,97.29911804199219,5888000,0.0,0.0,0.0,-0.003545241481778705,-0.003551540743035854,0.05864544760506779,0.05858475439026
2019-08-14 00:00:00-04:00,97.86164918906051,98.03472177237205,97.78377147810332,97.94818878173828,8124300,0.0,0.0,0.0,0.006670879991594214,0.006648728132023182,0.07384532651585342,0.06035989964744979
2019-08-15 00:00:00-04:00,98.07790783977318,98.79614364110795,98.02598940662953,98.57115936279297,5240200,0.0,0.0,0.0,0.00636020521464542,0.006340064463887577,0.07896936187989696,0.06253268205167507
2019-08-16 00:00:00-04:00,98.22508201395951,98.36353345559073,97.93086197217346,98.31161499023438,4957800,0.0,0.0,0.0,-0.0026330660432158925,-0.002636538658699893,0.08316386993158859,0.06324030016223943
2019-08-19 00:00:00-04:00,97.81835534634311,98.0087318273151,97.79239611749092,97.84431457519531,3691400,0.0,0.0,0.0,-0.004753257436422742,-0.004764590090159122,0.08915429576690186,0.06737021153904528
2019-08-20 00:00:00-04:00,98.23368488189755,98.35483891463738,98.18176644075177,98.2769546508789,3161800,0.0,0.0,0.0,0.004421719111242783,0.004411972033291609,0.08465896621651542,0.06690794112395221
2019-08-21 00:00:00-04:00,98.01734161376953,98.27694700337663,97.96542317666383,98.01734161376953,4921700,0.0,0.0,0.0,-0.002641647149442372,-0.0026451424562085385,0.07792868256164172,0.0688445310715743
2019-08-22 00:00:00-04:00,97.82700647920824,98.1039159119712,97.7837366982596,97.80104064941406,5860400,0.0,0.0,0.0,-0.0022067621993645536,-0.00220920068716913,0.055400415039039516,0.0691798718167374
2019-08-23 00:00:00-04:00,97.89619002160484,98.59712190286491,97.79235315181744,98.45866394042969,8192600,0.0,0.0,0.0,0.006724092981515328,0.006701587099734745,0.07886679526971885,0.07100819664333233
2019-08-26 00:00:00-04:00,98.41542755350082,98.58849345158997,98.28562482891354,98.3635025024414,7581600,0.0,0.0,0.0,-0.0009665115712503836,-0.00096697894473125,0.06728600271730084,0.07171537466963084
2019-08-27 00:00:00-04:00,98.4846613612874,98.8134958486105,98.4846613612874,98.78753662109375,3266900,0.0,0.0,0.0,0.004310888773423116,0.004301623510549359,0.06694151463301139,0.07195511617736507
2019-08-28 00:00:00-04:00,98.95195393245659,98.98656843882594,98.75292877338536,98.82215118408203,2505400,0.0,0.0,0.0,0.000350394029168255,0.0003503326555166388,0.059522093597047764,0.072212824607866
2019-08-29 00:00:00-04:00,98.7355889003926,98.7355889003926,98.38080186903163,98.63175201416016,4232400,0.0,0.0,0.0,-0.0019266851372948812,-0.0019285435825802833,0.0584037381029749,0.06446945299279831
2019-08-30 00:00:00-04:00,98.45869074846188,98.69233697317807,98.42407624842834,98.65772247314453,3651100,0.0,0.0,0.0,0.00026330728648771284,0.00026327262720804786,0.03773061727487835,0.06452746330656228
2019-09-03 00:00:00-04:00,98.70973609098274,99.19514147954185,98.55371411127845,98.87442779541016,11754000,0.19,0.0,0.0,0.002196536843069863,0.002194127982807003,0.03715814499832187,0.05856130710338799
2019-09-04 00:00:00-04:00,98.77039485992007,99.07377565828308,98.77039485992007,99.03043365478516,3447000,0.0,0.0,0.0,0.0015778180754462134,0.0015765746282903781,0.02510837940567597,0.058557255320260675
2019-09-05 00:00:00-04:00,98.4583692819534,98.4843784567312,98.01631250666789,98.2330093383789,4597800,0.0,0.0,0.0,-0.008052315707169688,-0.008084910695974763,0.06587233037788794,0.06670852622165448
2019-09-06 00:00:00-04:00,98.24167417567931,98.4063658868522,98.18099932625708,98.29368591308594,3111000,0.0,0.0,0.0,0.0006176800966977147,0.0006174894108646419,0.06654858298808211,0.06668617696885926
2019-09-09 00:00:00-04:00,97.82560929991087,97.89495386685849,97.67825705494359,97.68692016601562,4818700,0.0,0.0,0.0,-0.006172988035130111,-0.0061921196994296265,0.07584242275168866,0.07056384690886153
2019-09-10 00:00:00-04:00,97.53956352086992,97.62624091911334,96.97615051269531,96.97615051269531,4797200,0.0,0.0,0.0,-0.007275996132464657,-0.0073025952944606315,0.07283871026536387,0.07177638408627621
2019-09-11 00:00:00-04:00,96.8894604330573,97.05415209730721,96.86345787829377,96.88079071044922,4737000,0.0,0.0,0.0,-0.000983332517757618,-0.000983816306353899,0.06229679554970969,0.07082599469008112
2019-09-12 00:00:00-04:00,97.1668311150951,97.21884283718833,96.51674079994542,96.66409301757812,8612500,0.0,0.0,0.0,-0.00223674570863841,-0.0022392509607594108,0.05375579818238373,0.06626594936348877
2019-09-13 00:00:00-04:00,96.30003916496217,96.39538626874716,95.77996826171875,95.77996826171875,24187700,0.0,0.0,0.0,-0.009146361676394155,-0.009188446453967325,0.05463724679695788,0.06735592653563739
2019-09-16 00:00:00-04:00,96.12670035978107,96.30005515195447,95.99668095912033,96.196044921875,5388300,0.0,0.0,0.0,0.004344088515662481,0.004334680200342043,0.08498024676894146,0.0701920103134397
2019-09-17 00:00:00-04:00,96.24804561357033,96.54275006933341,96.16136822146713,96.44740295410156,8211700,0.0,0.0,0.0,0.002612976785383525,0.00260956889674146,0.083046738065986,0.0699459211288904
2019-09-18 00:00:00-04:00,96.70744506991522,96.90680903036511,96.3867314337346,96.4820785522461,5170400,0.0,0.0,0.0,0.000359528583273816,0.00035946396835952904,0.08369181103472911,0.06743467959494379
2019-09-19 00:00:00-04:00,96.7161230252264,96.72478613632926,96.49075648837544,96.52542877197266,7131900,0.0,0.0,0.0,0.00044930851798641314,0.00044920760913925046,0.08298310352619408,0.06727591828976284
2019-09-20 00:00:00-04:00,96.68144074778009,97.09749488181582,96.62943563429093,97.08016204833984,9915000,0.0,0.0,0.0,0.005747016961485496,0.00573056585925611,0.03768172969911307,0.07083433521877537
2019-09-23 00:00:00-04:00,97.20153262004733,97.49624375699125,97.13218804511199,97.2188720703125,13163900,0.0,0.0,0.0,0.0014288194317557679,0.001427799640554235,0.035288639353533435,0.06614902921889527
2019-09-24 00:00:00-04:00,97.27085295524509,97.7909239115341,97.26218323227299,97.7042465209961,10459100,0.0,0.0,0.0,0.004992594959675634,0.004980173284566032,0.04097112762336325,0.06905916717287794
2019-09-25 00:00:00-04:00,97.59159282579589,97.67827685858599,96.99351400053618,97.06285858154297,8430900,0.0,0.0,0.0,-0.006564586108499304,-0.006586227768240985,0.07775400887051229,0.07015289238565448
2019-09-26 00:00:00-04:00,97.2968842163588,97.45290621058238,97.21887652577848,97.27088165283203,4233000,0.0,0.0,0.0,0.00214317890827731,0.002140885576456585,0.07763894763036179,0.07085201307848611
2019-09-27 00:00:00-04:00,97.27954834364856,97.50490829589226,97.24487605567352,97.40956115722656,4545500,0.0,0.0,0.0,0.001425704198811495,0.001424688847526064,0.06843554874652973,0.07113198011938777
2019-09-30 00:00:00-04:00,97.2622203831676,97.5222592671687,97.22754809109655,97.48758697509766,2797900,0.0,0.0,0.0,0.0008010077957867345,0.0008006871602518967,0.06815028487280832,0.07124542305771076
2019-10-01 00:00:00-04:00,97.09776703514142,97.97455696331822,97.06304196021918,97.75753021240234,8555100,0.171,0.0,0.0,0.002769001117789882,0.002765174496512847,0.060428860824491955,0.07157028409118601
2019-10-02 00:00:00-04:00,97.86172146770426,98.25236703409139,97.84435561583305,98.09610748291016,3908600,0.0,0.0,0.0,0.0034634392846482065,0.003457455391395907,0.016740560157511273,0.07262193412946676
2019-10-03 00:00:00-04:00,98.23501189591703,98.86004350353676,98.2176460433227,98.60829162597656,6128300,0.0,0.0,0.0,0.005221248388022293,0.005207664931874546,0.027687010394111023,0.06944088002500838
2019-10-04 00:00:00-04:00,98.59960208438623,98.86871315527652,98.53883485472936,98.79926300048828,4707600,0.0,0.0,0.0,0.0019366664949036494,0.001934793574106186,0.026369783080272432,0.06970349926670073
2019-10-07 00:00:00-04:00,98.58225768666978,98.68643294152177,98.44336396999987,98.46940612792969,3193100,0.0,0.0,0.0,-0.0033386572180904572,-0.0033442429701732745,0.05120248375984954,0.06690073466365631
2019-10-08 00:00:00-04:00,98.80794412768111,98.85135212941671,98.51279090989877,98.67772674560547,4304900,0.0,0.0,0.0,0.0021155872251847896,0.0021133525217827192,0.05080110129721367,0.06060462892561246
2019-10-09 00:00:00-04:00,98.57359341667646,98.57359341667646,98.2697505420481,98.42601013183594,3336800,0.0,0.0,0.0,-0.0025508959526242547,-0.0025541550312649297,0.0566006358500608,0.06149178176277249
2019-10-10 00:00:00-04:00,98.14818495170265,98.16555080236351,97.7141314090213,97.80962371826172,3924400,0.0,0.0,0.0,-0.006262434215799306,-0.006282125510290753,0.057223711259622875,0.06564736369702208
2019-10-11 00:00:00-04:00,97.3408352168195,97.38424321593409,96.98491479197682,97.14117431640625,8685300,0.0,0.0,0.0,-0.006834188461668389,-0.006857648475500308,0.05675568023166387,0.06147618848601325
2019-10-14 00:00:00-04:00,97.44503392092341,97.4797590039562,97.36690745144892,97.41030883789062,1932200,0.0,0.0,0.0,0.002770550421881346,0.0027667195212322795,0.07162089911768968,0.06048930601565485
2019-10-15 00:00:00-04:00,97.36689794920682,97.43634148536287,96.91547853696798,96.94152069091797,6638500,0.0,0.0,0.0,-0.004812510632245415,-0.0048241280491528055,0.06183113696621475,0.0629599103808452
2019-10-16 00:00:00-04:00,97.0891069439691,97.24536650630277,97.01098047436847,97.13251495361328,2755500,0.0,0.0,0.0,0.0019702008111082137,0.0019682625109662876,0.07359031154218446,0.06325157267915892
2019-10-17 00:00:00-04:00,97.0543693129792,97.30611452516483,96.9849191605199,97.09777069091797,3188700,0.0,0.0,0.0,-0.00035769960977438675,-0.00035776359953966746,0.06688042707435113,0.06329852634219649
2019-10-18 00:00:00-04:00,97.15852816372518,97.3321535274413,97.11512679014396,97.1845703125,2406400,0.0,0.0,0.0,0.000893940416596406,0.0008935410898273658,0.04735942618699236,0.06002214348913811
2019-10-21 00:00:00-04:00,96.93283428569137,97.04568581542345,96.8026169063814,96.82865905761719,1735300,0.0,0.0,0.0,-0.003662219771496278,-0.003668942115810464,0.04645619041862741,0.061191934449189606
2019-10-22 00:00:00-04:00,97.06305099701444,97.09777607516968,96.79393992022574,97.05437469482422,3334400,0.0,0.0,0.0,0.002331082960394193,0.0023283702014695487,0.03837750747786749,0.05888575689999622
2019-10-23 00:00:00-04:00,97.24538618086197,97.28879419928839,97.04572519162136,97.08912658691406,3305600,0.0,0.0,0.0,0.00035806620978307,0.0003580021193763921,0.035374629571402645,0.054092096174060515
2019-10-24 00:00:00-04:00,97.13251406523851,97.28877362614303,97.03702174340062,97.07174682617188,2645400,0.0,0.0,0.0,-0.00017900831280659446,-0.00017902433670692415,0.03531128896570615,0.05350754044483937
2019-10-25 00:00:00-04:00,97.14118970912979,97.15854893764785,96.72449537024615,96.86339569091797,2381000,0.0,0.0,0.0,-0.0021463622739478216,-0.00214866901077299,0.03674955853998636,0.05366135790735419
2019-10-28 00:00:00-04:00,96.52480618480625,96.55084833152658,96.40327175135818,96.49876403808594,5837600,0.0,0.0,0.0,-0.003764390564992559,-0.003771493714778749,0.0372788052608729,0.054879628014770546
2019-10-29 00:00:00-04:00,96.62030399044424,96.66370536308054,96.4900866262748,96.58557891845703,2199500,0.0,0.0,0.0,0.0008996475886140498,0.0008992431482732084,0.030820053657913477,0.05379134739052963
2019-10-30 00:00:00-04:00,96.66372253292651,97.06305099701444,96.62899745477128,97.05437469482422,5276700,0.0,0.0,0.0,0.0048536829371077506,0.004841941794609056,0.052141486710217136,0.055386078900948266
2019-10-31 00:00:00-04:00,97.32352444140075,97.73153599292655,97.28879934944811,97.67076873779297,5540700,0.0,0.0,0.0,0.006351017611590626,0.006330934884889198,0.06910810309937342,0.05706131493100783
2019-11-01 00:00:00-04:00,97.52988496572804,97.73854037651238,97.26906072747069,97.48641204833984,8149400,0.168,0.0,0.0,-0.001887531877096671,-0.001889315510186469,0.06832942239559583,0.05653303312495723
2019-11-04 00:00:00-05:00,97.05169519277685,97.10386401260942,96.93867491037034,96.99083709716797,4145200,0.0,0.0,0.0,-0.005083528470882004,-0.005096493559334354,0.07481169763195132,0.05795003475442777
2019-11-05 00:00:00-05:00,96.61696686192116,96.65174385486159,96.37353454437134,96.46916961669922,6853500,0.0,0.0,0.0,-0.005378523333561147,-0.005393039664532803,0.08765728126229679,0.059128845573205524
2019-11-06 00:00:00-05:00,96.6691703478431,96.84304874189083,96.48659604418235,96.7474136352539,4129800,0.0,0.0,0.0,0.002884279191582406,0.0028801276392631083,0.0813513492688558,0.06052103504041408
2019-11-07 00:00:00-05:00,96.25186514633255,96.25186514633255,95.61720295768167,95.9736557006836,5890100,0.0,0.0,0.0,-0.007997711830183385,-0.008029865077125503,0.06622953538779734,0.06284699758474235
2019-11-08 00:00:00-05:00,95.88670411611433,96.1909946216049,95.84323120117188,95.84323120117188,3037300,0.0,0.0,0.0,-0.0013589614624921476,-0.0013598856880399114,0.06713665165781302,0.058918143707054976
2019-11-11 00:00:00-05:00,96.06059874187427,96.08667984203265,95.84324739650563,95.94757843017578,1563000,0.0,0.0,0.0,0.0010887282043412494,0.001088135969605915,0.07146973190903147,0.057910990185059935
2019-11-12 00:00:00-05:00,95.93885138621249,96.06926347772128,95.79105411125198,95.99102020263672,4446200,0.0,0.0,0.0,0.0004527656994757212,0.0004526632320144115,0.06671865472954523,0.05599620206346976
2019-11-13 00:00:00-05:00,96.34745850262826,96.3822354973896,96.18226943577031,96.25182342529297,2475200,0.0,0.0,0.0,0.002716954378708447,0.0027132701299422673,0.06611497077379568,0.05649130267235968
2019-11-14 00:00:00-05:00,96.66917637275053,96.85175068779023,96.62570345501136,96.73872375488281,3189600,0.0,0.0,0.0,0.005058608889292993,0.005045857113430377,0.03851180609766567,0.059783483615108546
2019-11-15 00:00:00-05:00,96.58221913908719,96.75610415648674,96.5735298629936,96.66046905517578,2104500,0.0,0.0,0.0,-0.0008089283863751406,-0.0008092557454942442,0.035971092699623175,0.059683834474818606
2019-11-18 00:00:00-05:00,96.81697242491866,96.92999272332474,96.79089132782771,96.82566833496094,1893600,0.0,0.0,0.0,0.0017090676405766558,0.001707608846358777,0.03557258381680719,0.05866382800920781
2019-11-19 00:00:00-05:00,96.84308109102244,97.04304728070532,96.84308109102244,97.00827026367188,8306500,0.0,0.0,0.0,0.0018858834836981142,0.0018841074380339577,0.03348145874922861,0.05845059085075685
2019-11-20 00:00:00-05:00,97.19947973413443,97.39074325860982,97.12992574357958,97.36466217041016,3838000,0.0,0.0,0.0,0.003673830136024403,0.0036670981052771357,0.03521439733986598,0.05990005042911275
2019-11-21 00:00:00-05:00,97.12994224644586,97.22557734144925,96.99953015025626,97.12124633789062,3034700,0.0,0.0,0.0,-0.002500042901535493,-0.0025031732271775936,0.03867573664506187,0.06063049971369931
2019-11-22 00:00:00-05:00,97.1734444898057,97.20822150386387,97.02564715483638,97.10389709472656,1879700,0.0,0.0,0.0,-0.00017863489008063116,-0.00017865084719296786,0.037265226785255144,0.060092586253508676
2019-11-25 00:00:00-05:00,97.11259236856056,97.18214640097071,97.09520717697681,97.14736938476562,3573100,0.0,0.0,0.0,0.00044768841766118506,0.00044758823510079713,0.03664919306757382,0.05830479159929056
2019-11-26 00:00:00-05:00,97.29514753377758,97.36469491468797,97.24297870679997,97.32991790771484,3579300,0.0,0.0,0.0,0.0018790886887138925,0.0018773254101228888,0.03663497051804203,0.058532379049382154
2019-11-27 00:00:00-05:00,97.1299896643403,97.17345596226681,97.03435452264878,97.07782745361328,2351800,0.0,0.0,0.0,-0.0025900613040749088,-0.0025934213158659977,0.030731540141523874,0.05694643328939463
2019-11-29 00:00:00-05:00,97.04300751867243,97.05169679459215,96.88651432266171,96.9995346069336,2882300,0.0,0.0,0.0,-0.0008064956616081753,-0.0008068210541978428,0.026097100190552308,0.05182692146465707
2019-12-02 00:00:00-05:00,96.52940749924366,96.74707099051254,96.47716374439656,96.65129852294922,6826400,0.16,0.0,0.0,-0.003590079946213298,-0.0035965397486625566,0.03517203781783989,0.05284371099594748
2019-12-03 00:00:00-05:00,97.14757155576288,97.66125420957438,97.13886315614634,97.51324462890625,6561900,0.0,0.0,0.0,0.008918101661638422,0.008878570249275115,0.07953388848322131,0.05943339308725784
2019-12-04 00:00:00-05:00,97.31298310276843,97.39134540759673,96.98213701337423,97.13885498046875,2072200,0.0,0.0,0.0,-0.0038393722807836816,-0.0038467615901423557,0.08466963886575042,0.05771779625106178
2019-12-05 00:00:00-05:00,96.77316680899341,97.00824040160374,96.76445841147122,96.91246795654297,3062000,0.0,0.0,0.0,-0.0023305506737885118,-0.0023332706338349703,0.08426225934723601,0.057651850746168014
2019-12-06 00:00:00-05:00,96.53813851974895,96.80804584768164,96.49460979383792,96.61650085449219,2717400,0.0,0.0,0.0,-0.0030539631101283993,-0.0030586359717238915,0.0865432236162401,0.05070378877118087
2019-12-09 00:00:00-05:00,96.82542363794909,96.83413203724567,96.67741406271924,96.69482421875,1928500,0.0,0.0,0.0,0.0008106623978834104,0.0008103339885957948,0.08310940394318145,0.0503237798067889
2019-12-10 00:00:00-05:00,96.77319472565095,96.8080216832253,96.56423962276774,96.58164978027344,1707000,0.0,0.0,0.0,-0.0011704291247329746,-0.0011711146118292297,0.028790176492750747,0.050580069267486524
2019-12-11 00:00:00-05:00,96.72966437263617,97.05180876494387,96.7122542142297,96.9821548461914,2462600,0.0,0.0,0.0,0.004146802905408364,0.004138228613998008,0.045920167788701595,0.05236315102918263
2019-12-12 00:00:00-05:00,96.88639658790788,96.90381339143379,96.04186096613644,96.21599578857422,5490400,0.0,0.0,0.0,-0.007900000354006065,-0.007931370683105244,0.07129703419350299,0.05952423714003646
2019-12-13 00:00:00-05:00,96.4771566895975,96.84283637653682,96.18984595047948,96.78189086914062,4162000,0.0,0.0,0.0,0.00588150728918202,0.005864278745383534,0.08533918865595203,0.06051734759578716
2019-12-16 00:00:00-05:00,96.53810241576166,96.53810241576166,96.26820183133287,96.32914733886719,3028500,0.0,0.0,0.0,-0.0046779777312431214,-0.004688953712712146,0.0921144440560073,0.0627453939139886
2019-12-17 00:00:00-05:00,96.44231905399013,96.48585440126327,96.27689934798724,96.33784484863281,3471400,0.0,0.0,0.0,9.02894918712871e-05,9.028541602045174e-05,0.0921815693230418,0.06236634842590853
2019-12-18 00:00:00-05:00,96.27692112881857,96.30303968606673,95.97219355665189,96.07666778564453,2249500,0.0,0.0,0.0,-0.0027110536196719437,-0.0027147351809818318,0.08282226868212278,0.06241762636521357
2019-12-19 00:00:00-05:00,96.01213584684953,96.27369778407234,95.9772595914934,96.1516342163086,1962500,0.156,0.0,0.0,0.0007802771723028901,0.0007799729143301617,0.06367699110787942,0.060687792055748896
2019-12-20 00:00:00-05:00,96.00341512001911,96.16907566996944,95.9772595914934,96.1516342163086,4660500,0.0,0.0,0.0,0.0,0.0,0.036676809116571035,0.06030806787826393
2019-12-23 00:00:00-05:00,96.17778069648104,96.23881247462107,95.98596463605094,96.06443786621094,1809400,0.0,0.0,0.0,-0.0009068629026262043,-0.0009072743515589408,0.02141530898966664,0.06031284560158702
2019-12-24 00:00:00-05:00,95.9423860426264,96.26498642479703,95.9423860426264,96.23011016845703,857600,0.0,0.0,0.0,0.0017245955519651357,0.0017231101446289142,0.02692531458196067,0.06075637775891457
2019-12-26 00:00:00-05:00,96.26499152486387,96.36961364746094,96.14292129522381,96.36961364746094,1285100,0.0,0.0,0.0,0.001449686369055403,0.0014486365882172656,0.01711460937364257,0.06055521884042042
2019-12-27 00:00:00-05:00,96.44809296318019,96.54400101624269,96.44809296318019,96.50912475585938,1771100,0.0,0.0,0.0,0.001447666988775076,0.0014466201291341856,0.018158084139373972,0.06039281333446678
2019-12-30 00:00:00-05:00,96.17778503802911,96.44807434082031,96.11675325713405,96.44807434082031,2035400,0.0,0.0,0.0,-0.000632586972408089,-0.0006327871399669641,0.020226401020605373,0.060376119600109975
2019-12-31 00:00:00-05:00,96.29114317371905,96.33473350572187,96.09060636021546,96.09932708740234,2801600,0.0,0.0,0.0,-0.0036159068576693265,-0.0036224600507976,0.03604126450929823,0.06039497654689494
2020-01-02 00:00:00-05:00,96.5091377119854,96.73582345695927,96.45681998840364,96.54401397705078,4022300,0.0,0.0,0.0,0.004627367361729862,0.004616694011057074,0.04824001174803963,0.05322295018823528
2020-01-03 00:00:00-05:00,96.91018269123568,97.20662089876606,96.81427464716035,97.1891860961914,3839600,0.0,0.0,0.0,0.006682673451861909,0.00666044337224779,0.06504675099848237,0.0573928494503896
2020-01-06 00:00:00-05:00,97.35483060589588,97.36354467976379,97.00607474420093,97.08454132080078,2714300,0.0,0.0,0.0,-0.0010767121281071157,-0.0010772921990275005,0.0680668748790305,0.05687852271231539
2020-01-07 00:00:00-05:00,97.06712430614398,97.15431162455135,96.94506072998047,96.94506072998047,2038800,0.0,0.0,0.0,-0.0014366920719068865,-0.0014377251035123883,0.06964949892842578,0.05597356246239848
2020-01-08 00:00:00-05:00,97.03223289029033,97.14557572131721,96.59628971438929,96.71835327148438,5081100,0.0,0.0,0.0,-0.0023385147916668014,-0.002341253387713529,0.06468800123485945,0.05661230195391132
2020-01-09 00:00:00-05:00,96.50043036433854,96.81431014148492,96.45683336396942,96.78815460205078,3680600,0.0,0.0,0.0,0.0007216968466210449,0.0007214365486817724,0.05754810918135209,0.05648365727159854
2020-01-10 00:00:00-05:00,96.85787807036024,97.05841491288464,96.85787807036024,96.99738311767578,2600000,0.0,0.0,0.0,0.0021617161364968496,0.002159382989964777,0.02873998912020788,0.05502396515998811
2020-01-13 00:00:00-05:00,96.8753048466031,96.90146037601941,96.76196200181049,96.88402557373047,2672600,0.0,0.0,0.0,-0.001168666002131058,-0.0011693494247570733,0.02888471266377878,0.04674963445139964
2020-01-14 00:00:00-05:00,96.93631495045021,97.09325474381056,96.91888015206098,97.07581329345703,2376300,0.0,0.0,0.0,0.001979559773562567,0.001977603027019635,0.03132885223100004,0.042483455390516386
2020-01-15 00:00:00-05:00,97.25896026488098,97.31999206542969,97.15433147024005,97.31999206542969,2734800,0.0,0.0,0.0,0.0025153409864773213,0.0025121828111548143,0.023934861790152293,0.03917422190392695
2020-01-16 00:00:00-05:00,97.17175686705248,97.22407458529044,97.0409792013744,97.11944580078125,2200500,0.0,0.0,0.0,-0.002060689282769479,-0.0020628154243097336,0.03384437067615563,0.04021357565706019
2020-01-17 00:00:00-05:00,96.89273647079804,97.04096221923828,96.8578602153983,97.04096221923828,2627000,0.0,0.0,0.0,-0.0008081139765147016,-0.0008084406766333667,0.03221099321417685,0.038798945542037694
2020-01-21 00:00:00-05:00,97.25892954416062,97.4594596889227,97.25020881770328,97.4245834350586,2355600,0.0,0.0,0.0,0.0039531884994463695,0.003945395182006903,0.0393251472825292,0.04068911169877958
2020-01-22 00:00:00-05:00,97.42459040618887,97.49434291890817,97.37227934763224,97.44203186035156,1787600,0.0,0.0,0.0,0.00017909674003990794,0.0001790807041333853,0.03890898480296053,0.04065547931314973
2020-01-23 00:00:00-05:00,97.67743649963974,97.86053185322417,97.64256024391428,97.6861572265625,1891300,0.0,0.0,0.0,0.002505339446952526,0.0025022063160268773,0.03888054439396096,0.040704475068637
2020-01-24 00:00:00-05:00,97.80823499901187,98.18314648754695,97.79080019460012,98.03492736816406,7932600,0.0,0.0,0.0,0.0035703128416921803,0.0035639544047102183,0.03336040775960333,0.04175001362465947
2020-01-27 00:00:00-05:00,98.68885672328432,98.70629153024572,98.54935165972283,98.69757080078125,3824600,0.0,0.0,0.0,0.00675925866837912,0.006736517298525364,0.03789493318816498,0.04659483838571787
2020-01-28 00:00:00-05:00,98.6016555471183,98.62781773360521,98.33137282112384,98.36624908447266,1923600,0.0,0.0,0.0,-0.0033569389157243057,-0.0033625860768246242,0.06011428821694432,0.049296599083473516
2020-01-29 00:00:00-05:00,98.49703140461827,98.88066364168121,98.49703140461827,98.83706665039062,2429500,0.0,0.0,0.0,0.004786373073081718,0.004774954809701087,0.06055013383998636,0.05071006854816272
2020-01-30 00:00:00-05:00,99.00272066029441,99.24684783058888,98.87193634707482,98.93296813964844,4405500,0.0,0.0,0.0,0.000970298821160176,0.0009698283855431602,0.062066868845642297,0.047403844530703
2020-01-31 00:00:00-05:00,99.15092824246683,99.49968415315597,99.12477271325915,99.429931640625,9764500,0.0,0.0,0.0,0.005023234522541387,0.005010660171702656,0.06439125852854154,0.04777423090248
2020-02-03 00:00:00-05:00,99.18809469484667,99.38889425368828,98.93490713990973,99.34524536132812,5722100,0.153,0.0,0.0,-0.0008517181687599518,-0.0008520810867633206,0.057479054163678614,0.04424314014541425
2020-02-04 00:00:00-05:00,98.86507987561976,98.87381232012704,98.62062471664346,98.76904296875,2569600,0.0,0.0,0.0,-0.005799999692812863,-0.005816885012585607,0.07101104240943892,0.05011436199260028
2020-02-05 00:00:00-05:00,98.40234608076105,98.54203852917706,98.32377407420397,98.34123229980469,9027500,0.0,0.0,0.0,-0.004331424665931727,-0.004340832461684141,0.06842713236548509,0.05285627163123888
2020-02-06 00:00:00-05:00,98.31505775671488,98.48094090119162,98.2714021941988,98.41109466552734,1697100,0.0,0.0,0.0,0.0007104076701995865,0.0007101554501162995,0.06797959044446043,0.05160924152001577
2020-02-07 00:00:00-05:00,98.81269923644095,98.96984993417769,98.7341205571208,98.8825454711914,6177900,0.0,0.0,0.0,0.0047906265778914214,0.004779188043670673,0.06667800689668675,0.05343968937567786
2020-02-10 00:00:00-05:00,99.0920279216469,99.19679722133836,98.97853284265632,99.07456970214844,1909100,0.0,0.0,0.0,0.0019419426354976288,0.0019400595024612784,0.07018148894525678,0.05338615548527264
2020-02-11 00:00:00-05:00,98.94364415302229,98.97856726506488,98.77776103604563,98.83887481689453,1657100,0.0,0.0,0.0,-0.0023789645108980295,-0.002381798742887222,0.05698224091885746,0.05422417909805422
2020-02-12 00:00:00-05:00,98.62934891735911,98.64680714401096,98.50712134808718,98.585693359375,1473800,0.0,0.0,0.0,-0.00256155746398945,-0.002564843865714327,0.049053588085606885,0.055521921013717744
2020-02-13 00:00:00-05:00,98.63808769484486,98.77777349973809,98.6031645783957,98.67300415039062,1868000,0.0,0.0,0.0,0.0008856334833224899,0.0008852415413832982,0.04911656162244259,0.0551455758555676
2020-02-14 00:00:00-05:00,98.89122974027684,98.97854082751344,98.83884841665548,98.91742706298828,2043600,0.0,0.0,0.0,0.0024771001420522687,0.0024740371866175314,0.037971311882711516,0.05448508882472455
2020-02-18 00:00:00-05:00,99.0483723815504,99.22298788103618,98.96106796225763,99.07456970214844,8356600,0.0,0.0,0.0,0.001588624409530004,0.001587363880600825,0.03694459161472113,0.05413808592272811
2020-02-19 00:00:00-05:00,98.96984733374124,99.10080735523147,98.91746598950651,99.0571517944336,1681800,0.0,0.0,0.0,-0.00017580603950340112,-0.00017582149519666007,0.030798416332719476,0.053169586888948565
2020-02-20 00:00:00-05:00,99.20555291961027,99.47620536021306,99.19682713767959,99.34524536132812,3452900,0.0,0.0,0.0,0.002908357061309319,0.0029041359732183574,0.01964379136288309,0.05360279658463634
2020-02-21 00:00:00-05:00,99.60715662125352,99.9913041670654,99.59843083950477,99.7468490600586,5381000,0.0,0.0,0.0,0.004042505479449954,0.004034356508298899,0.02508290918627242,0.05445651035059428
2020-02-24 00:00:00-05:00,100.57629187771207,100.65487057149356,100.41914115105389,100.52391052246094,6803600,0.0,0.0,0.0,0.007790335932661652,0.007760147947358953,0.04752679494364299,0.05892399797279165
2020-02-25 00:00:00-05:00,100.49769188110837,101.02152527057613,100.47150121077041,100.80326080322266,10014300,0.0,0.0,0.0,0.002778943629528907,0.002775089504294283,0.04564988071649032,0.055597895490670964
2020-02-26 00:00:00-05:00,100.58499425712175,101.09136940953348,100.48022491703225,100.7508773803711,19649400,0.0,0.0,0.0,-0.0005196600033983145,-0.0005197950734535777,0.04741074070848184,0.05347882644777313
2020-02-27 00:00:00-05:00,101.39694255635752,101.57155146955652,100.90803227067784,101.23979187011719,8629700,0.0,0.0,0.0,0.004852707018126123,0.004840970589077238,0.04814400359831039,0.05353825048199739
2020-02-28 00:00:00-05:00,102.05173729755727,102.54064758958643,101.93824216859424,102.37477111816406,13437000,0.0,0.0,0.0,0.011210801870305653,0.011148426582738397,0.07167021955245224,0.06421339510453987
2020-03-02 00:00:00-05:00,102.75063371898601,103.0915327695692,102.24365324980813,102.30484008789062,19402100,0.14,0.0,0.0,-0.0006830885139925691,-0.0006833219252512961,0.07754912243216733,0.06350987485382462
2020-03-03 00:00:00-05:00,102.40973025366995,104.27156396266068,102.2960927957975,103.49361419677734,11462300,0.0,0.0,0.0,0.011619920502934589,0.011552927694652812,0.09549303609712825,0.07236866803469959
2020-03-04 00:00:00-05:00,103.64219072952659,103.93938863892072,103.18766098846127,103.26632690429688,7627100,0.0,0.0,0.0,-0.0021961479869503364,-0.002198563056488572,0.10241625334452248,0.06818892468394724
2020-03-05 00:00:00-05:00,104.01809214316403,104.29780439309688,103.94816241346429,104.18417358398438,5284200,0.0,0.0,0.0,0.008888150738024514,0.008848883629382359,0.10608893420364401,0.06743993705410414
2020-03-06 00:00:00-05:00,105.74880942263194,106.03725786843812,104.97085290064457,105.24182891845703,11614800,0.0,0.0,0.0,0.010151785036909278,0.010100601776688941,0.10288396538308163,0.07157721031006839
2020-03-09 00:00:00-04:00,107.7330010148451,107.87286044439811,106.15961577669704,106.18584442138672,24791700,0.0,0.0,0.0,0.008969964819417253,0.008929973653310993,0.0877085859531168,0.07416741892529141
2020-03-10 00:00:00-04:00,105.6613935461669,106.4306071824848,104.23661041259766,104.23661041259766,15072900,0.0,0.0,0.0,-0.018356816008862187,-0.018527393082115443,0.19331618426894118,0.10758388153586015
2020-03-11 00:00:00-04:00,105.12820555251174,105.40791782184904,102.79435568002242,103.19644165039062,13316100,0.0,0.0,0.0,-0.009978919672174236,-0.010029042819769627,0.20985723096083495,0.11531991876257314
2020-03-12 00:00:00-04:00,105.02331133605003,105.56525007422964,99.99722700385617,103.24888610839844,10671600,0.0,0.0,0.0,0.0005082002554457343,0.0005080711654297845,0.19525816763729462,0.11415313699407338
2020-03-13 00:00:00-04:00,102.96915532493857,104.00059532119846,102.27861436678565,102.5758056640625,8697200,0.0,0.0,0.0,-0.0065190092571970615,-0.0065403507990801964,0.16477658659931954,0.11835149750554423
2020-03-16 00:00:00-04:00,104.91841663895386,105.48658402712084,104.01809303516387,105.28553771972656,6971700,0.0,0.0,0.0,0.026416873239470062,0.026073973427609903,0.270866571764554,0.14680483110048392
2020-03-17 00:00:00-04:00,104.81351129124748,105.14566745166259,102.63699381228514,102.64573669433594,5680300,0.0,0.0,0.0,-0.02507277905934102,-0.025392455959448362,0.29972263797499127,0.17782828686339736
2020-03-18 00:00:00-04:00,101.92021671932434,102.9691423472613,100.81884714409297,101.22093963623047,13256300,0.0,0.0,0.0,-0.013880723194069966,-0.01397796130441963,0.30670315138487914,0.18633127579296085
2020-03-19 00:00:00-04:00,101.51816623685924,102.820575842694,101.32586280468236,101.55313110351562,6702900,0.0,0.0,0.0,0.0032818453225091915,0.003276471821604945,0.30972334456680356,0.18638282230764125
2020-03-20 00:00:00-04:00,102.8292973073222,104.78728275016802,102.62825770200739,104.14044952392578,9641600,0.0,0.0,0.0,0.025477485453135218,0.02515834358732557,0.36601047978456736,0.20533805467949767
2020-03-23 00:00:00-04:00,104.41143818360405,105.81874235688188,104.41143818360405,105.37295532226562,12234700,0.0,0.0,0.0,0.011835034359599872,0.011765548051689908,0.3195393970617954,0.20728162206828646
2020-03-24 00:00:00-04:00,104.47263698970151,104.86598677386813,104.24537533897453,104.65620422363281,5235500,0.0,0.0,0.0,-0.006802040394907283,-0.0068252797148221885,0.2458741263404898,0.20984745185237863
2020-03-25 00:00:00-04:00,104.6823889633907,105.11943967771981,104.36771191556457,104.71735382080078,5527600,0.0,0.0,0.0,0.000584290225520645,0.0005841195944489685,0.19606778584882145,0.20971096728003905
2020-03-26 00:00:00-04:00,105.05825593463032,105.32922525144792,104.81350859442543,104.97084045410156,3384400,0.0,0.0,0.0,0.00242067454965067,0.0024177494365598775,0.1971544404508944,0.20945207507939137
2020-03-27 00:00:00-04:00,105.6001846246823,106.10716502100524,105.48655384710545,105.74878692626953,5282300,0.0,0.0,0.0,0.007411072149204445,0.007383745086171976,0.11217289727808796,0.2076367028622903
2020-03-30 00:00:00-04:00,106.45683356722303,106.7190600432012,105.92363106320842,105.99356079101562,4649400,0.0,0.0,0.0,0.002314673027093539,0.002311998298102575,0.08161129536002705,0.207452230088863
2020-03-31 00:00:00-04:00,106.15961577669704,106.47429282432665,106.03724211027048,106.18584442138672,6356500,0.0,0.0,0.0,0.0018141067149373136,0.0018124632107118955,0.04159560825787146,0.20422450797203315
2020-04-01 00:00:00-04:00,106.88065581339299,106.99442808430454,106.53060577704609,106.61811828613281,9256400,0.144,0.0,0.0,0.004070917993839851,0.004062654227003104,0.03635411832692778,0.2039872154247439
2020-04-02 00:00:00-04:00,106.91574065188985,106.95950027695056,106.47817110840815,106.63569641113281,4789400,0.0,0.0,0.0,0.0001648699609650972,0.00016485637140673567,0.04376161440411521,0.20223969342255563
2020-04-03 00:00:00-04:00,106.8019748535146,107.02075962500817,106.60944318631525,106.71446228027344,3441100,0.0,0.0,0.0,0.0007386444857728769,0.0007383718221940668,0.024101234782705625,0.1994799529219607
2020-04-06 00:00:00-04:00,106.3556121536529,106.41687159961997,106.13682746423066,106.23309326171875,4697500,0.0,0.0,0.0,-0.00451081332622405,-0.004521017743031992,0.05003994145468527,0.1978630037266328
2020-04-07 00:00:00-04:00,105.49799852628091,105.79554255154589,105.25295402239324,105.76053619384766,9340600,0.0,0.0,0.0,-0.004448303756974248,-0.004458226898497683,0.05838304952345616,0.18649190357784332
2020-04-08 00:00:00-04:00,105.54176752116376,105.77805880237725,105.41924858897198,105.62928009033203,3341000,0.0,0.0,0.0,-0.0012410688167753259,-0.0012418395804591582,0.03965629739303086,0.18233180110646963
2020-04-09 00:00:00-04:00,105.57672926740454,105.98804551313209,105.48046347896711,105.85677337646484,4543600,0.0,0.0,0.0,0.0021536953195009367,0.0021513794422695276,0.047741227370473406,0.1823391758015832
2020-04-13 00:00:00-04:00,105.76055228247496,105.90932431773912,105.60302698725965,105.62928009033203,2103100,0.0,0.0,0.0,-0.002149066884211237,-0.002151379442269648,0.0435769760409128,0.18050099195858924
2020-04-14 00:00:00-04:00,105.75178059252369,105.93556563556308,105.71678091238081,105.769287109375,2180100,0.0,0.0,0.0,0.0013254565298868037,0.001324578887812507,0.04240359146469296,0.15475252535128284
2020-04-15 00:00:00-04:00,106.34689878981041,106.79322159315608,106.31189910193903,106.71446228027344,3137400,0.0,0.0,0.0,0.008936196855719114,0.008896505334176411,0.06924939020749737,0.12512040004037345
2020-04-16 00:00:00-04:00,106.86319238607143,106.98571127588515,106.75817333332591,106.82818603515625,1901600,0.0,0.0,0.0,0.0010656826867958547,0.001065115250103911,0.0646398269366854,0.11037927886871877
2020-04-17 00:00:00-04:00,106.74067307036806,107.02947045668186,106.45187568405424,106.54814147949219,2375000,0.0,0.0,0.0,-0.0026214481969384362,-0.0026248902089497615,0.07345293964795771,0.11195999115235057
2020-04-20 00:00:00-04:00,106.74942675318118,106.83693929207973,106.58314825552881,106.82818603515625,4230700,0.0,0.0,0.0,0.0026283382495035923,0.0026248902089498123,0.06680289469729485,0.0717098979889882
2020-04-21 00:00:00-04:00,107.26575878255849,107.37077783860941,107.02947425241759,107.12574005126953,3287700,0.0,0.0,0.0,0.0027853511994986313,0.002781479296918999,0.0663089625061656,0.06034495615008985
2020-04-22 00:00:00-04:00,106.8807025497953,106.9857216126876,106.60065839219523,106.7931900024414,3168700,0.0,0.0,0.0,-0.003104296396636008,-0.003109124719648137,0.04503793911107706,0.055362327387551986
2020-04-23 00:00:00-04:00,106.74068605182944,106.88945805313445,106.65317350263706,106.86320495605469,2345900,0.0,0.0,0.0,0.0006556125312080496,0.0006553977111998427,0.04460511543890976,0.055355513132142056
2020-04-24 00:00:00-04:00,106.67068060576186,106.89821859058043,106.6619273472127,106.88946533203125,2373500,0.0,0.0,0.0,0.0002457382406542141,0.00024570805195833095,0.037842841779942446,0.05516389881332462
2020-04-27 00:00:00-04:00,106.63566819787572,106.66192129525366,106.29436457840332,106.32061767578125,2508100,0.0,0.0,0.0,-0.005321830869702504,-0.005336042254420377,0.05126415775429313,0.05376493390704832
2020-04-28 00:00:00-04:00,106.54814692368511,106.8456909053121,106.5393936663493,106.78443145751953,2847600,0.0,0.0,0.0,0.004362406764346183,0.004352919050793568,0.05912014523620259,0.055265618557133744
2020-04-29 00:00:00-04:00,106.79317014500131,106.95069537165935,106.51312603947346,106.7319107055664,2600100,0.0,0.0,0.0,-0.0004918390371729808,-0.0004919600296664052,0.05500472110721213,0.05507643346138718
2020-04-30 00:00:00-04:00,106.81073708538388,106.99451550766109,106.47817993164062,106.47817993164062,5371500,0.0,0.0,0.0,-0.0023772719166035294,-0.0023801021138082066,0.05653804907925061,0.053905882867175015
2020-05-01 00:00:00-04:00,106.69542214604573,106.80055182507525,106.50268774306427,106.62533569335938,8357700,0.128,0.0,0.0,0.00138202739578408,0.0013810732749023613,0.05830437030720151,0.05414589031476196
2020-05-04 00:00:00-04:00,106.59901657750954,106.7216644836613,106.4851311457428,106.642822265625,3580500,0.0,0.0,0.0,0.00016400016142426033,0.00016398671486792492,0.039696839609435694,0.054080393179940955
2020-05-05 00:00:00-04:00,106.39753411522322,106.59903095038895,106.32745436212299,106.5639877319336,3487600,0.0,0.0,0.0,-0.0007392390037751495,-0.000739512375660577,0.02177480087408422,0.051530969523252625
2020-05-06 00:00:00-04:00,105.9945912688386,106.24864969558162,105.87194329507484,106.16980743408203,3279500,0.0,0.0,0.0,-0.003699001006260527,-0.0037058592280858594,0.03200978214125492,0.050704135057776115
2020-05-07 00:00:00-04:00,106.26613850502923,106.86185989658136,106.23109528390134,106.81805419921875,3252800,0.0,0.0,0.0,0.0061057543646689805,0.006087189775378016,0.05689457977204711,0.05450282784196621
2020-05-08 00:00:00-04:00,106.5464544922173,106.86183673018614,106.38876337323288,106.46760559082031,3486800,0.0,0.0,0.0,-0.0032807994025507714,-0.0032861930250706224,0.06243737499654646,0.05580059768343738
2020-05-11 00:00:00-04:00,106.45014661465824,106.51147060154013,106.08219600955368,106.16980743408203,4569400,0.0,0.0,0.0,-0.002797077618921895,-0.0028009967503074716,0.06458327862354502,0.05622264043054966
2020-05-12 00:00:00-04:00,106.11721557226842,106.55524586195075,106.09969730155832,106.52020263671875,4267700,0.0,0.0,0.0,0.00330032813570158,0.0032948940057919577,0.07117676897875831,0.05714787503861728
2020-05-13 00:00:00-04:00,106.65160731967418,106.87062245272647,106.57276508000484,106.73921203613281,2615800,0.0,0.0,0.0,0.00205603626347739,0.0020539255136093723,0.06408513628698016,0.04792814354784928
2020-05-14 00:00:00-04:00,106.92320275097545,107.06336897643688,106.8618787741213,106.90567779541016,2257600,0.0,0.0,0.0,0.0015595558192895709,0.0015583409750271067,0.047622524764363586,0.0481033546473776
2020-05-15 00:00:00-04:00,107.05457111576708,107.08085854042669,106.75671380772451,106.83555603027344,1828900,0.0,0.0,0.0,-0.0006559218049289051,-0.0006561370157487877,0.038401200526869204,0.047157343013424634
2020-05-18 00:00:00-04:00,106.58152919418717,106.59028498729954,106.0558875197372,106.17853546142578,3091200,0.0,0.0,0.0,-0.006149830573835224,-0.006168818670960075,0.05929074890058094,0.051137563181923924
2020-05-19 00:00:00-04:00,106.15223464773742,106.49389766125593,106.15223464773742,106.47637939453125,1941700,0.0,0.0,0.0,0.0028051237645265736,0.002801196746992088,0.05764720907213741,0.051153431439507444
2020-05-20 00:00:00-04:00,106.32746848574084,106.62532585646048,106.24861956279004,106.50267791748047,2366700,0.0,0.0,0.0,0.0002469892674672458,0.0002469587706396132,0.05478993102810867,0.05008797027533931
2020-05-21 00:00:00-04:00,106.60783528543773,106.74800153048486,106.52898634200055,106.57279205322266,2063800,0.0,0.0,0.0,0.0006583321388078378,0.0006581155332657238,0.053065507337299436,0.050088538009892755
2020-05-22 00:00:00-04:00,106.62530230456747,106.77423095703125,106.60778403878759,106.77423095703125,1352400,0.0,0.0,0.0,0.0018901531988388953,0.0018883691070654494,0.05595391817299899,0.05059032465559787
2020-05-26 00:00:00-04:00,106.44131974971368,106.55520517537333,106.34495258807505,106.49388122558594,3484800,0.0,0.0,0.0,-0.0026256310060255306,-0.002629084020667986,0.03278350634510012,0.04768511210438884
2020-05-27 00:00:00-04:00,106.432577102108,106.7391969081622,106.42382131037108,106.58151245117188,2542900,0.0,0.0,0.0,0.0008228756861654585,0.0008225373095832021,0.026847458752355544,0.045057559013216786
2020-05-28 00:00:00-04:00,106.38880887894894,106.53773758729955,106.32748489999207,106.48517608642578,3873900,0.0,0.0,0.0,-0.0009038750016822084,-0.0009042837430108151,0.027937703012464225,0.04512982263123021
2020-05-29 00:00:00-04:00,106.66038197338158,106.87063465364814,106.5552522913422,106.82683563232422,2993800,0.0,0.0,0.0,0.0032085174524305593,0.0032033811440002288,0.036469021202659276,0.045762091527675755
2020-06-01 00:00:00-04:00,106.65316318656276,106.78469848632812,106.53915700609471,106.78469848632812,8531700,0.122,0.0,0.0,-0.00039444345371342227,-0.0003945212669951434,0.03444796887561836,0.04557078342496606
2020-06-02 00:00:00-04:00,106.6619509843964,106.75841468557635,106.53918021753192,106.60933685302734,4711800,0.0,0.0,0.0,-0.0016421981406187225,-0.001643548026040556,0.030122999388658835,0.04597510088197608
2020-06-03 00:00:00-04:00,106.25857857877415,106.27612108590729,105.89026621505197,105.97795867919922,4226600,0.0,0.0,0.0,-0.005922353449196893,-0.005939960134143029,0.05183209406092609,0.050519609635758446
2020-06-04 00:00:00-04:00,105.81131960427061,105.82008416522707,105.50438601767594,105.5570068359375,4744100,0.0,0.0,0.0,-0.003972069744577422,-0.003979979365597202,0.05543706051420933,0.050774030422772426
2020-06-05 00:00:00-04:00,104.88176781005863,105.06592395971572,104.6625333427757,105.03084564208984,10611700,0.0,0.0,0.0,-0.004984616460993907,-0.004997081099839683,0.0366511719529149,0.04741118324632802
2020-06-08 00:00:00-04:00,104.94314541640028,105.24130774887217,104.93438085552206,105.14484405517578,3314700,0.0,0.0,0.0,0.0010853803222188319,0.0010847917228611757,0.04484354299410482,0.046959770197599615
2020-06-09 00:00:00-04:00,105.55698229888468,105.69728883712352,105.4517473773283,105.52190399169922,3238600,0.0,0.0,0.0,0.0035861001070633947,0.0035796853813991215,0.06588270809646707,0.048477867170708094
2020-06-10 00:00:00-04:00,105.76747623090264,106.3111801147461,105.7148621000647,106.3111801147461,4944600,0.0,0.0,0.0,0.007479737316993029,0.007451902792279492,0.08270274582080032,0.05449326975244079
2020-06-11 00:00:00-04:00,106.70579875277842,106.85487658281068,106.62687086655231,106.68826293945312,6365800,0.0,0.0,0.0,0.0035469724284880044,0.0035406967571611505,0.07294328465372678,0.05552028145715984
2020-06-12 00:00:00-04:00,106.49533424871456,106.68826164547748,106.39887055033309,106.45148468017578,3051000,0.0,0.0,0.0,-0.0022193468405397043,-0.002221813240612854,0.05676957122580693,0.0557161572913166
2020-06-15 00:00:00-04:00,106.68824652653798,106.75839645955224,106.36377716064453,106.36377716064453,2658000,0.0,0.0,0.0,-0.0008239201152971942,-0.0008242597240285134,0.061594869169458964,0.05573729756338743
2020-06-16 00:00:00-04:00,105.96914732696193,106.3462308015625,105.87269033625353,106.14453887939453,5252000,0.0,0.0,0.0,-0.0020612118815495073,-0.0020633391023643535,0.06705258477614598,0.051707388909291656
2020-06-17 00:00:00-04:00,106.24979473193352,106.34625174163476,106.08317439694014,106.3111801147461,2308300,0.0,0.0,0.0,0.001569946387358634,0.0015687153098444112,0.03960574652039817,0.050996164594551245
2020-06-18 00:00:00-04:00,106.55670673658722,106.60054960931602,106.47777886086895,106.54793548583984,1694600,0.0,0.0,0.0,0.0022270035083629125,0.0022245274115525408,0.032663790528488695,0.051641060852600645
2020-06-19 00:00:00-04:00,106.31118209894055,106.64441608464186,106.31118209894055,106.5830307006836,2033200,0.0,0.0,0.0,0.000329384278388245,0.0003293300432959513,0.027669149377425664,0.051600846094760275
2020-06-22 00:00:00-04:00,106.6882480002161,106.73209087264264,106.43393525432798,106.4865493774414,2284900,0.0,0.0,0.0,-0.0009052221785017522,-0.000905632139520521,0.027872894530838153,0.0512023113245434
2020-06-23 00:00:00-04:00,106.38132804671565,106.48656299690583,106.31994266506425,106.45148468017578,2010600,0.0,0.0,0.0,-0.00032928757172268064,-0.00032934179877965015,0.020679704529145315,0.05035968712514151
2020-06-24 00:00:00-04:00,106.36378428049805,106.68825366811106,106.36378428049805,106.6531753540039,2310700,0.0,0.0,0.0,0.0018946722484340928,0.001892879620906871,0.02176087576875166,0.05073852119692836
2020-06-25 00:00:00-04:00,106.81104387280037,106.83735094054525,106.64442352307543,106.67073059082031,1650900,0.0,0.0,0.0,0.00016460116408278935,0.00016458761879754007,0.016624362789345773,0.050616932988107634
2020-06-26 00:00:00-04:00,106.81103569258322,107.0478059746594,106.79349318842647,106.96011352539062,3413900,0.0,0.0,0.0,0.002712861653496601,0.002709188486018224,0.02433696377881355,0.05024133884478447
2020-06-29 00:00:00-04:00,106.92502393942809,107.10918007063695,106.91625268827406,107.0653305053711,28632400,0.0,0.0,0.0,0.000983702957228827,0.000983219438541325,0.019704713156048898,0.050311534055378124
2020-06-30 00:00:00-04:00,107.11795515231293,107.15303346767915,106.80225700452146,106.8724136352539,4126700,0.0,0.0,0.0,-0.0018018612487028518,-0.0018034865533583999,0.027568773656447658,0.050389511282419565
2020-07-01 00:00:00-04:00,106.67054032123384,106.78464952252818,106.51254863190653,106.70565032958984,8416500,0.11,0.0,0.0,-0.0015603961770079833,-0.0015616148630429344,0.029683782205515777,0.045593530282102265
2020-07-02 00:00:00-04:00,106.59153981813917,106.854854816206,106.51254063113491,106.8373031616211,3054100,0.0,0.0,0.0,0.0012337943831897125,0.0012330338843682274,0.03078108636321803,0.042707534424125386
2020-07-06 00:00:00-04:00,106.56518829746425,106.69684242266149,106.4598583007589,106.67929077148438,2821900,0.0,0.0,0.0,-0.0014790001756004312,-0.0014800949759665835,0.023788041692028215,0.03819506770865081
2020-07-07 00:00:00-04:00,106.75829240861911,107.0303932493228,106.70563075402079,107.02161407470703,2920400,0.0,0.0,0.0,0.003208901191103175,0.003203763655305254,0.035190338570265295,0.03915082641972858
2020-07-08 00:00:00-04:00,106.83728385884014,106.96894468236022,106.74073303469525,106.8548355102539,2096700,0.0,0.0,0.0,-0.0015583633819679088,-0.0015595788931525806,0.034474793980052994,0.03870455292900616
2020-07-09 00:00:00-04:00,106.88121352311512,107.29374782722077,106.87244104180907,107.19719696044922,2769400,0.0,0.0,0.0,0.00320398649776088,0.003198864670283317,0.03760918456939905,0.03084757838373378
2020-07-10 00:00:00-04:00,107.3024945722951,107.33760457655899,106.95140122620487,106.98651123046875,1939000,0.0,0.0,0.0,-0.0019654033496622203,-0.0019673372892219715,0.04247998468158661,0.02960989590971224
2020-07-13 00:00:00-04:00,106.82851467576334,107.11816717528713,106.80218384790633,107.1006088256836,2051100,0.0,0.0,0.0,0.001066467107886604,0.001065898835833584,0.03957650422882259,0.02840831848594546
2020-07-14 00:00:00-04:00,107.24103986898984,107.28492904278045,107.07426904444279,107.09182739257812,1721500,0.0,0.0,0.0,-8.199237335582144e-05,-8.199573491421504e-05,0.03331051607523059,0.028137874713382374
2020-07-15 00:00:00-04:00,106.93385051000759,107.16205549490097,106.92507133472748,107.05673217773438,2085400,0.0,0.0,0.0,-0.0003277114201730713,-0.00032776512929490946,0.030391849763527122,0.026815416398065055
2020-07-16 00:00:00-04:00,107.22349001897796,107.30248249727103,107.13571166992188,107.13571166992188,1907100,0.0,0.0,0.0,0.0007377349427812874,0.000737462950122492,0.01877180904016606,0.02650684367388827
2020-07-17 00:00:00-04:00,107.1883818055524,107.21471263208903,107.05672097632126,107.10938262939453,2405200,0.0,0.0,0.0,-0.0002457541011950948,-0.00024578430368258004,0.010015402115623382,0.025671184486032214
2020-07-20 00:00:00-04:00,107.25860369198436,107.27616204211216,107.10061202357652,107.17961120605469,2695900,0.0,0.0,0.0,0.0006556715661703016,0.0006554567074816516,0.008093496909737385,0.02570829794787962
2020-07-21 00:00:00-04:00,107.22351836681219,107.3288416990484,107.18840835721691,107.29373168945312,3228400,0.0,0.0,0.0,0.0010647592589139165,0.0010641928048300247,0.00993026657082434,0.025453099572309304
2020-07-22 00:00:00-04:00,107.42540828826854,107.42540828826854,107.2937474071364,107.328857421875,2431500,0.0,0.0,0.0,0.00032737916622704866,0.0003273255893607898,0.007878839182918181,0.025317152147598655
2020-07-23 00:00:00-04:00,107.46048152370514,107.47803317679194,107.33759986245262,107.43415069580078,2006500,0.0,0.0,0.0,0.0009810341454759008,0.000980553245972129,0.008491376660182579,0.024809985995708012
2020-07-24 00:00:00-04:00,107.34639693211523,107.4604994375713,107.32005940327207,107.38150024414062,3395600,0.0,0.0,0.0,-0.0004900718376713575,-0.000490191962122407,0.009990603723857263,0.02498866916071197
2020-07-27 00:00:00-04:00,107.46926418526849,107.48681583892473,107.18839085092885,107.2147216796875,1976500,0.0,0.0,0.0,-0.0015531405695947686,-0.0015543479427179547,0.017451057194187547,0.024175655737918175
2020-07-28 00:00:00-04:00,107.34640236965559,107.4956148912447,107.31129235930231,107.46928405761719,1870300,0.0,0.0,0.0,0.002374322984209254,0.0023715087331396345,0.023574877584048175,0.025311841033010474
2020-07-29 00:00:00-04:00,107.47803459676078,107.60969543457031,107.35515293388478,107.60969543457031,1874200,0.0,0.0,0.0,0.0013065256569295691,0.0013056728949728976,0.02457701956651431,0.024458824427754978
2020-07-30 00:00:00-04:00,107.74135947897143,107.76769030800732,107.67113947051001,107.7589111328125,28331800,0.0,0.0,0.0,0.0013866380500344722,0.0013856775552967462,0.025212937995613017,0.02363721162287362
2020-07-31 00:00:00-04:00,107.64482302583389,107.8642555591867,107.60093384054353,107.78526306152344,4039200,0.0,0.0,0.0,0.000244545239311611,0.0002445153429984774,0.023696896145673035,0.02348596095725428
2020-08-03 00:00:00-04:00,107.62714332783652,107.74134553595886,107.57443874070776,107.73255920410156,6595900,0.1,0.0,0.0,-0.0004889709031168366,-0.0004890904883729467,0.017594397108722053,0.022659869162680136
2020-08-04 00:00:00-04:00,107.89945513712318,108.12784612636072,107.86431651523891,108.10149383544922,3842000,0.0,0.0,0.0,0.0034245416063003464,0.003418691216491175,0.023488199578742867,0.02301292627223119
2020-08-05 00:00:00-04:00,107.82916857453365,107.85552086316773,107.70618675957044,107.74132537841797,2423700,0.0,0.0,0.0,-0.0033317620714797824,-0.003337324749847417,0.03948314565009928,0.02581077941573169
2020-08-06 00:00:00-04:00,107.95213151083179,108.10146558831353,107.81158376202694,107.86428833007812,2286500,0.0,0.0,0.0,0.0011412793673020172,0.0011406286030936832,0.03907327390369406,0.023815403289813165
2020-08-07 00:00:00-04:00,107.89943867771294,107.96092958112864,107.60076378826106,107.63590240478516,2363400,0.0,0.0,0.0,-0.0021173451271849775,-0.0021195898715375126,0.04235569431428579,0.02401333986807114
2020-08-10 00:00:00-04:00,107.78523519517678,107.80280785422924,107.5217056274414,107.5217056274414,1994900,0.0,0.0,0.0,-0.001060954335796671,-0.0010615175462436112,0.04273118719626831,0.024302727469340823
2020-08-11 00:00:00-04:00,107.13520596341597,107.20548320769143,106.89802864149492,107.15277862548828,7166500,0.0,0.0,0.0,-0.00343118628745942,-0.0034370863070392614,0.030011933688894932,0.027509527268530252
2020-08-12 00:00:00-04:00,106.86286962005549,106.9594991369867,106.70474920162313,106.83651733398438,5538100,0.0,0.0,0.0,-0.0029514987437635476,-0.002955863005705334,0.028856465367796125,0.029468690041044462
2020-08-13 00:00:00-04:00,106.81896680365554,106.91559634060431,106.51151223245809,106.61692810058594,5748400,0.0,0.0,0.0,-0.0020553761848298713,-0.0020574913692906075,0.014483613462179063,0.030075511370161623
2020-08-14 00:00:00-04:00,106.71355691159737,106.81017974588184,106.66084562688852,106.66963195800781,2722800,0.0,0.0,0.0,0.0004943291685552964,0.0004942070281419091,0.024926093275951536,0.030188470330954852
2020-08-17 00:00:00-04:00,106.89798714265326,107.02096892138916,106.81892359803489,106.84527587890625,3357700,0.0,0.0,0.0,0.0016466159831467486,0.0016452617973942386,0.03525957159641872,0.030762201540764977
2020-08-18 00:00:00-04:00,106.95952224161073,107.10007003168539,106.89803132682674,107.02979278564453,1853600,0.0,0.0,0.0,0.0017269542824467354,0.0017254648114855156,0.03424494122688776,0.031197014657162937
2020-08-19 00:00:00-04:00,107.08247258078771,107.1439634774887,106.86286127799774,106.88921356201172,4493800,0.0,0.0,0.0,-0.0013134588040767392,-0.0013143221471515877,0.02730923940985887,0.03142686883002705
2020-08-20 00:00:00-04:00,107.2142737125611,107.24062600468856,107.12642380279334,107.19670104980469,2880300,0.0,0.0,0.0,0.002876693330843727,0.0028725635667313995,0.025148913149369238,0.033052730800445844
2020-08-21 00:00:00-04:00,107.26696287642785,107.3021014948821,107.10005611427174,107.27574920654297,2103700,0.0,0.0,0.0,0.0007374122147802975,0.0007371404599817094,0.024845865284923333,0.03315185631656172
2020-08-24 00:00:00-04:00,107.2493703406003,107.35478617642723,107.10882259483601,107.12638854980469,1974900,0.0,0.0,0.0,-0.0013923058831377677,-0.0013932760415833112,0.029779246089123537,0.03305974295450597
2020-08-25 00:00:00-04:00,106.78384654927983,106.92440106429432,106.63451240358306,106.87169647216797,3562800,0.0,0.0,0.0,-0.0023774914947152226,-0.0023803222151848862,0.03339652397158072,0.03276030488267452
2020-08-26 00:00:00-04:00,106.76626787156839,106.8804633749125,106.62571337329194,106.8277587890625,3337400,0.0,0.0,0.0,-0.00041112553235189697,-0.000411210067624106,0.032255822843541324,0.03222224973877821
2020-08-27 00:00:00-04:00,107.05614934121124,107.05614934121124,106.45001983642578,106.45001983642578,4672900,0.0,0.0,0.0,-0.003535962533694925,-0.003542228825156869,0.026401607218483062,0.03339432113982609
2020-08-28 00:00:00-04:00,106.65206089639398,106.75747005675582,106.52029274393504,106.62570190429688,2277200,0.0,0.0,0.0,0.001650371396276329,0.0016490110299376341,0.031375999866335026,0.03423307388525566
2020-08-31 00:00:00-04:00,106.64327677736172,106.91559271661954,106.62570411559922,106.73990631103516,3273300,0.0,0.0,0.0,0.0010710776548115142,0.0010705044603941732,0.03513877470009266,0.034707588149380075
2020-09-01 00:00:00-04:00,106.72054702783676,107.08975982666016,106.63264017671636,107.08975982666016,4622900,0.088,0.0,0.0,0.0032776262198088713,0.0032722665112115447,0.04081608231115595,0.03449272827716072
2020-09-02 00:00:00-04:00,107.00185523301941,107.28316118665728,106.98426983830663,107.23920440673828,3013400,0.0,0.0,0.0,0.001395507659369244,0.0013945348434983922,0.04053944122094308,0.03334950943869954
2020-09-03 00:00:00-04:00,107.31833208203571,107.59084535561695,107.26558260141167,107.37986755371094,5750500,0.0,0.0,0.0,0.001311676524931471,0.0013108170287836273,0.014024283006582346,0.033447874900497665
2020-09-04 00:00:00-04:00,107.09855163088903,107.17766578417893,106.70296074385124,106.7820816040039,7512800,0.0,0.0,0.0,-0.005567020739786432,-0.005582574351456956,0.05389527082247927,0.03797442506658991
2020-09-08 00:00:00-04:00,107.01943662548109,107.17767164758027,106.98427254202981,107.01065063476562,3442700,0.0,0.0,0.0,0.0021405185900884582,0.0021382309440887482,0.055376396525153936,0.038918879708811346
2020-09-09 00:00:00-04:00,107.03704477045778,107.09858025286059,106.84364562380198,106.95792388916016,3964300,0.0,0.0,0.0,-0.0004927242783097086,-0.0004928457068057434,0.049689012981006635,0.037072479949217654
2020-09-10 00:00:00-04:00,106.81724657612806,107.1073385141391,106.7557111096575,107.08975982666016,3164200,0.0,0.0,0.0,0.001232596265019259,0.0012318372418916807,0.04936308740723159,0.03573768576557771
2020-09-11 00:00:00-04:00,107.1425357007662,107.25682067871094,107.1073716080805,107.25682067871094,4905000,0.0,0.0,0.0,0.0015600077198902884,0.0015587921718592309,0.04989457761795865,0.03511660268931687
2020-09-14 00:00:00-04:00,107.26555784984063,107.33588600320219,107.09853686918426,107.16007232666016,1797100,0.0,0.0,0.0,-0.00090202517134641,-0.0009024322408609899,0.021130316491212484,0.03536387023198253
2020-09-15 00:00:00-04:00,107.09856721893561,107.16010269384952,107.0370317440217,107.10735321044922,2897600,0.0,0.0,0.0,-0.0004919660379681945,-0.0004920870929643776,0.017902419591806808,0.03504234813831665
2020-09-16 00:00:00-04:00,107.24798339815635,107.24798339815635,106.94909879486514,107.04579162597656,4015700,0.0,0.0,0.0,-0.0005747652483923948,-0.0005749304892572794,0.01810530556603774,0.03459623697397091
2020-09-17 00:00:00-04:00,107.291955262246,107.291955262246,107.04580668114585,107.08097076416016,3426800,0.0,0.0,0.0,0.0003286363494467981,0.00032858236034990514,0.015727739109054506,0.03425257210023665
2020-09-18 00:00:00-04:00,107.11613945813524,107.14251084481539,106.9842758178711,106.9842758178711,5606900,0.0,0.0,0.0,-0.0009030077482397036,-0.00090341570534717,0.008000342759121266,0.03277239769814322
2020-09-21 00:00:00-04:00,107.25676366546732,107.37983457101542,107.16006413869933,107.17764282226562,5838100,0.0,0.0,0.0,0.0018074338767664067,0.0018058024336781637,0.017311757707616407,0.03334882778545169
2020-09-22 00:00:00-04:00,107.17764282226562,107.2743423490336,107.14247874827169,107.17764282226562,3387900,0.0,0.0,0.0,0.0,0.0,0.016713388184221495,0.03296604224420916
2020-09-23 00:00:00-04:00,107.17764282226562,107.21280689625955,107.03699323315122,107.17764282226562,3172000,0.0,0.0,0.0,0.0,0.0,0.01564696990455375,0.03172387438896174
2020-09-24 00:00:00-04:00,107.22163790467165,107.26558798272262,107.16889512826499,107.23043060302734,2866900,0.0,0.0,0.0,0.0004925260471464465,0.0004924047960041513,0.01574405296354561,0.03167595820470868
2020-09-25 00:00:00-04:00,107.30073583397676,107.3534853092658,107.24799306555043,107.31832122802734,2187400,0.0,0.0,0.0,0.000819642563269829,0.0008193068397404053,0.011865674640775438,0.02849405002942861
2020-09-28 00:00:00-04:00,107.28317204279324,107.31833612891415,107.24800795667234,107.30075073242188,4167200,0.0,0.0,0.0,-0.00016372316864832204,-0.00016373657274935938,0.006532778189034871,0.028170603566036914
2020-09-29 00:00:00-04:00,107.3622821578818,107.44140302538617,107.3271180730869,107.37986755371094,2577100,0.0,0.0,0.0,0.0007373370712602245,0.0007370653718297357,0.006981318775090537,0.02807688445910612
2020-09-30 00:00:00-04:00,107.27436622607185,107.27436622607185,106.94911020624008,107.08975982666016,4276400,0.0,0.0,0.0,-0.0027016957057213187,-0.002705351872282221,0.023345356820305738,0.027687117703452
2020-10-01 00:00:00-04:00,106.90415007352728,107.22962386226692,106.81618617990478,107.15045166015625,8733800,0.079,0.0,0.0,0.0005667379737739342,0.0005665774384599175,0.02348221871007635,0.027287059410824356
2020-10-02 00:00:00-04:00,107.23844651145409,107.25603660966974,106.9657496549886,107.044921875,7509700,0.0,0.0,0.0,-0.000984874851400086,-0.0009853601593077478,0.02225852175572563,0.026994362305126224
2020-10-05 00:00:00-04:00,106.7458427481873,106.75464115341704,106.36759185791016,106.36759185791016,6132200,0.0,0.0,0.0,-0.0063275305845968965,-0.006347634255509836,0.04628088040178486,0.029071744375693716
2020-10-06 00:00:00-04:00,106.3939784532827,106.78982614691635,106.32361134635784,106.6138916015625,8516400,0.0,0.0,0.0,0.002315552503824314,0.0023128757434484294,0.052540311793834865,0.029264076247815924
2020-10-07 00:00:00-04:00,106.41154519445408,106.52589758320873,106.24440910140014,106.30598449707031,7116700,0.0,0.0,0.0,-0.002888058018207351,-0.0028922365048460684,0.05284109896356348,0.030794325991067507
2020-10-08 00:00:00-04:00,106.4291379187549,106.5171018131413,106.38515932716918,106.49951171875,3499000,0.0,0.0,0.0,0.001820473443665982,0.001818818390235884,0.05649904800640488,0.03125067806817268
2020-10-09 00:00:00-04:00,106.41155229530139,106.55229318998994,106.24441619109446,106.44673919677734,4358500,0.0,0.0,0.0,-0.0004955189100962487,-0.0004956417201628628,0.05672980409495618,0.030492894939310317
2020-10-12 00:00:00-04:00,106.49074525848569,106.56111907958984,106.4291698428238,106.56111907958984,3287900,0.0,0.0,0.0,0.0010745268824163823,0.0010739499916253233,0.03343964695448488,0.030846831855617502
2020-10-13 00:00:00-04:00,106.67548745857255,106.81623512182937,106.67548745857255,106.79864501953125,6583300,0.0,0.0,0.0,0.0022290113128786704,0.0022265307526095784,0.03312585949039613,0.03208426721450879
2020-10-14 00:00:00-04:00,106.86018885260746,106.92176425927389,106.78981504178414,106.83379364013672,5200600,0.0,0.0,0.0,0.00032911110996813875,0.0003290569647863147,0.01752589696913972,0.03208312413917378
2020-10-15 00:00:00-04:00,106.94812522801303,106.9657153205825,106.69302526286288,106.71941375732422,3839200,0.0,0.0,0.0,-0.001070633915685737,-0.00107120745357907,0.020650788472365268,0.032220990341572726
2020-10-16 00:00:00-04:00,106.71943520543587,106.84258601181546,106.62267289882112,106.6578598022461,2726200,0.0,0.0,0.0,-0.000576783107318235,-0.000576949510683522,0.020882853054337423,0.03214288778792245
2020-10-19 00:00:00-04:00,106.45552312736696,106.55228542156733,106.34996914185,106.48191833496094,3635800,0.0,0.0,0.0,-0.0016495874529206533,-0.0016509495204087867,0.02403257196344101,0.03168866700221766
2020-10-20 00:00:00-04:00,106.34995136494015,106.42032515099798,106.21800219388516,106.25318908691406,6129700,0.0,0.0,0.0,-0.0021480571689868055,-0.0021503675529382237,0.015242727433646353,0.032308929471414866
2020-10-21 00:00:00-04:00,106.1212404177038,106.22680109728972,106.05086663131318,106.11244201660156,6425300,0.0,0.0,0.0,-0.0013246385498826285,-0.0013255166590637208,0.00940195534407206,0.03241648709275629
2020-10-22 00:00:00-04:00,106.02452291602141,106.05970982407703,105.73423595797495,105.74303436279297,6749000,0.0,0.0,0.0,-0.0034812850103930204,-0.0034873587835087465,0.017182293663852505,0.033844620621512285
2020-10-23 00:00:00-04:00,105.72544869375453,105.9893404484027,105.71665028856789,105.892578125,5049900,0.0,0.0,0.0,0.0014142185639760552,0.0014132194987228686,0.028476899916778483,0.034261016899947996
2020-10-26 00:00:00-04:00,106.1212952541672,106.2884314054064,106.07730993714095,106.174072265625,4817800,0.0,0.0,0.0,0.0026582990574912646,0.0026547720297653518,0.04038975552706318,0.03621851626620324
2020-10-27 00:00:00-04:00,106.32361140026963,106.44676222647142,106.27962608610468,106.41157531738281,3620100,0.0,0.0,0.0,0.0022369213753394845,0.0022344231915199736,0.041617472616823616,0.037287206526268005
2020-10-28 00:00:00-04:00,106.56989948578868,106.59628798644158,106.33238955748092,106.40276336669922,5586600,0.0,0.0,0.0,-8.28100764160844e-05,-8.281350535976445e-05,0.03943881265992965,0.0363365238796934
2020-10-29 00:00:00-04:00,106.36756979429886,106.38516660110827,105.88376498648672,105.95413208007812,7504800,0.0,0.0,0.0,-0.004216349955827425,-0.004225263824118131,0.04422596682398519,0.03868065722622528
2020-10-30 00:00:00-04:00,105.91013873997748,105.9541173284472,105.61105346679688,105.61105346679688,7246800,0.0,0.0,0.0,-0.0032379918229329396,-0.003243245462348697,0.04953219535371222,0.03982017873847915
2020-11-02 00:00:00-05:00,105.92440733841585,105.9948257096834,105.73956415043769,105.7923812866211,7674300,0.076,0.0,0.0,0.0017169397887051296,0.0017154675325286898,0.0460448033377349,0.034554317604125515
2020-11-03 00:00:00-05:00,105.63394036191025,105.65154159650334,105.47550238871132,105.55471801757812,9203500,0.0,0.0,0.0,-0.0022465064700554205,-0.002249033651310863,0.03827150881241034,0.033815506172556346
2020-11-04 00:00:00-05:00,106.44375610351562,106.55818094352247,106.31172330937424,106.44375610351562,14922300,0.0,0.0,0.0,0.008422532906482205,0.008387261288722837,0.08216397989077856,0.04514416281778433
2020-11-05 00:00:00-05:00,106.48775423137664,106.52295670373938,106.30290431640971,106.42613983154297,6250700,0.0,0.0,0.0,-0.0001654984060833753,-0.00016551210245575607,0.07335613174362686,0.04466991115271292
2020-11-06 00:00:00-05:00,106.09166705560062,106.14447748516126,105.94203302820108,106.06526184082031,10402200,0.0,0.0,0.0,-0.0033908773849532503,-0.003396639438972947,0.0739051561640409,0.04622474688211689
2020-11-09 00:00:00-05:00,105.26428291312189,105.29949210969178,104.91220437835808,105.28189086914062,11195800,0.0,0.0,0.0,-0.007385744946873829,-0.0074131546049739224,0.09307843721594637,0.05251725982482732
2020-11-10 00:00:00-05:00,104.9385832736068,105.18504087230586,104.92977929780585,104.98258972167969,4810500,0.0,0.0,0.0,-0.0028428549771484235,-0.0028469035642100953,0.09369470007063231,0.05197862169315478
2020-11-11 00:00:00-05:00,104.99140330700506,105.19385447616094,104.9738020692581,105.14984130859375,1699900,0.0,0.0,0.0,0.0015931364177381724,0.0015918687221448222,0.054395609686828154,0.05255011078403567
2020-11-12 00:00:00-05:00,105.4667005421395,105.75717128477719,105.43149135677747,105.74836730957031,6324000,0.0,0.0,0.0,0.0056921246245156265,0.005675985697372401,0.07978539716059309,0.05733436602253236
2020-11-13 00:00:00-05:00,105.7043379076669,105.73954708761909,105.5899131094206,105.6075210571289,6766000,0.0,0.0,0.0,-0.0013319000191188701,-0.001332787786314986,0.07764234753976176,0.05741897558093631
2020-11-16 00:00:00-05:00,105.53715480827942,105.62517444388911,105.51954685187684,105.52835083007812,3911400,0.0,0.0,0.0,-0.000749664666477301,-0.0007499458055488501,0.05279403530839564,0.05726627161282915
2020-11-17 00:00:00-05:00,105.73078157172574,105.84520640432467,105.7043696422339,105.80119323730469,4707900,0.0,0.0,0.0,0.002585489160783938,0.002582152533655088,0.04477680168093603,0.05785945966782868
2020-11-18 00:00:00-05:00,105.87163497852758,105.87163497852758,105.61637332751538,105.7660140991211,7931200,0.0,0.0,0.0,-0.00033250228194203757,-0.00033255757308241245,0.04672563250717219,0.057712228600922476
2020-11-19 00:00:00-05:00,105.88040924072266,105.98603680595178,105.84520005231295,105.88040924072266,9323000,0.0,0.0,0.0,0.0010815869594400507,0.001081002465680556,0.025083594526908636,0.05648626575063859
2020-11-20 00:00:00-05:00,105.9332290514521,106.08286307885164,105.91562781342077,106.06526184082031,16772200,0.0,0.0,0.0,0.0017458621611234904,0.0017443399152774206,0.022201703923116517,0.05660301558173663
2020-11-23 00:00:00-05:00,105.92442320199164,105.9420311551783,105.80119439155106,105.85401153564453,2511900,0.0,0.0,0.0,-0.00199170116124181,-0.001993687235548819,0.028697310296019903,0.05620715938281163
2020-11-24 00:00:00-05:00,105.77478719601011,105.79239514886696,105.63395715048722,105.686767578125,4349300,0.0,0.0,0.0,-0.0015799491686077083,-0.00158119860449895,0.02579262859126265,0.0556924162437535
2020-11-25 00:00:00-05:00,105.765998033327,105.91563206673547,105.71318088617872,105.72198486328125,2125500,0.0,0.0,0.0,0.00033322322144280214,0.00033316771491551464,0.026033993333299248,0.05573704702028779
2020-11-27 00:00:00-05:00,105.89801974038943,106.03885650634766,105.88922247911701,106.03885650634766,2988100,0.0,0.0,0.0,0.0029972161748210713,0.002992733477263895,0.033817447962875676,0.054915859608516984
2020-11-30 00:00:00-05:00,105.99485004063898,106.0740724053667,105.93323563050276,105.96844482421875,2390900,0.0,0.0,0.0,-0.0006640177426346927,-0.0006642383000573921,0.03158437417625131,0.053619311515371526
2020-12-01 00:00:00-05:00,105.66894998215238,105.7041825794608,105.28139813169064,105.40470886230469,13902200,0.08,0.0,0.0,-0.005319847458827853,-0.005334048233682087,0.0481157261122134,0.056665651229139455
2020-12-02 00:00:00-05:00,105.30782971199629,105.32544937209035,105.07882789022463,105.22856140136719,5578500,0.0,0.0,0.0,-0.0016711536214915057,-0.0016725515563645221,0.048207561137413826,0.056423308819204064
2020-12-03 00:00:00-05:00,105.38708814323567,105.60728682020861,105.34304571986895,105.5103988647461,4484900,0.0,0.0,0.0,0.002678336181979324,0.002674755831124801,0.054361546405965064,0.047888553607836976
2020-12-04 00:00:00-05:00,105.17572584374898,105.2021486164666,104.99075299486152,105.09645080566406,4709100,0.0,0.0,0.0,-0.003923291576337196,-0.003931007873535099,0.04909449447959214,0.04943966901488915
2020-12-07 00:00:00-05:00,105.35186756621916,105.48398813146024,105.33424790689043,105.42233276367188,4441600,0.0,0.0,0.0,0.0031007893749943616,0.0030959918424871146,0.06044839769570491,0.049987804454883634
2020-12-08 00:00:00-05:00,105.6161305292869,105.73063145886849,105.51924254274385,105.52804565429688,4735700,0.0,0.0,0.0,0.0010027561319665423,0.0010022537078809477,0.047422597727146014,0.042526978917146796
2020-12-09 00:00:00-05:00,105.33427634633925,105.49281972344782,105.22858524155546,105.3783187866211,3444100,0.0,0.0,0.0,-0.0014188348390936634,-0.001419842338340093,0.0468127295661172,0.041499022377050436
2020-12-10 00:00:00-05:00,105.46637914504251,105.65134526712565,105.37830099927889,105.61611938476562,3557600,0.0,0.0,0.0,0.0022566368573979645,0.002254094476546699,0.045534418845250925,0.041861521298563555
2020-12-11 00:00:00-05:00,105.76584402079943,105.9331904677146,105.73942125128289,105.82749938964844,4336600,0.0,0.0,0.0,0.002001399086750677,0.0019993989558605907,0.027599703766422245,0.037265736679974855
2020-12-14 00:00:00-05:00,105.55448872271404,105.83634962498073,105.50164316350593,105.76588439941406,2870600,0.0,0.0,0.0,-0.0005822209783821197,-0.0005823905348320294,0.02551111148631802,0.036993705214213655
2020-12-15 00:00:00-05:00,105.63376398792242,105.72184216008603,105.55448892902153,105.66018676757812,2889200,0.0,0.0,0.0,-0.0009993546826193578,-0.0009998543704481816,0.02764679790087248,0.03707827419197204
2020-12-16 00:00:00-05:00,105.42236422899076,105.69540855070147,105.37832178745472,105.57209777832031,5058400,0.0,0.0,0.0,-0.0008337008664539569,-0.0008340485882987552,0.025660301017144335,0.035965268649030886
2020-12-17 00:00:00-05:00,105.75096352571185,105.8214716586269,105.42487517802466,105.49537658691406,3233200,0.073,0.0,0.0,-0.0007267184513786162,-0.0007269826392336168,0.019932267484951676,0.03602537815386074
2020-12-18 00:00:00-05:00,105.57472751731095,105.62760526880797,105.38964866304399,105.40727233886719,3189500,0.0,0.0,0.0,-0.0008351479552688446,-0.0008354968856082723,0.0024439372651469584,0.0358153326540373
2020-12-21 00:00:00-05:00,105.57471495990087,105.60996903138144,105.38963612764779,105.47776794433594,2850500,0.0,0.0,0.0,0.0006687926165294122,0.0006685690744107762,0.010883842235079056,0.0352299100021749
2020-12-22 00:00:00-05:00,105.61000543164639,105.67169839699427,105.50424318075191,105.65406799316406,3688500,0.0,0.0,0.0,0.00167144273399078,0.0016700474281504457,0.018031793674836424,0.03526248484739926
2020-12-23 00:00:00-05:00,105.45134622093327,105.46016142124365,105.24863695796067,105.4337158203125,3047100,0.0,0.0,0.0,-0.0020856004604178358,-0.0020877783537284885,0.02310621001703428,0.03558960468965591
2020-12-24 00:00:00-05:00,105.53067264616334,105.58355712890625,105.50423376680604,105.58355712890625,1529300,0.0,0.0,0.0,0.0014211896775897515,0.0014201807433513974,0.025308066325802785,0.0359797298068977
2020-12-28 00:00:00-05:00,105.41609016207279,105.59235382080078,105.35439720911525,105.59235382080078,3677500,0.0,0.0,0.0,8.331497946967303e-05,8.331150896953278e-05,0.02380983131984662,0.03413181139283834
2020-12-29 00:00:00-05:00,105.44251357397376,105.60996873202518,105.44251357397376,105.57471466064453,2157300,0.0,0.0,0.0,-0.00016704959703983668,-0.00016706355137783825,0.02384822085352154,0.03408945499904847
2020-12-30 00:00:00-05:00,105.53067097231724,105.64524841308594,105.52186249535673,105.64524841308594,2549100,0.0,0.0,0.0,0.0006680932330067613,0.0006678701580738057,0.02077290696105425,0.02825044854111708
2020-12-31 00:00:00-05:00,105.62759693954443,105.75979803188967,105.62759693954443,105.71572875976562,2626200,0.0,0.0,0.0,0.0006671416626717885,0.000666919222599947,0.009777328667519257,0.02749838714666303
2021-01-04 00:00:00-05:00,105.47777006181201,105.81267366156081,105.45133118867746,105.74217224121094,5499000,0.0,0.0,0.0,0.00025013762621273194,0.00025010634701266946,0.005821092816358464,0.025940452692259017
2021-01-05 00:00:00-05:00,105.64520805036493,105.66283172158087,105.38962111156714,105.49537658691406,5004400,0.0,0.0,0.0,-0.0023339378137031686,-0.002336665691854153,0.0198613766701708,0.02312252605357954
2021-01-06 00:00:00-05:00,104.98423359822824,104.98423359822824,104.67576212672851,104.87847137451172,10039300,0.0,0.0,0.0,-0.005847699040100518,-0.00586486378100246,0.044825956619089675,0.029202308686954684
2021-01-07 00:00:00-05:00,104.5083236694336,104.57883182531913,104.42019183659059,104.5083236694336,7751700,0.0,0.0,0.0,-0.0035293011065765656,-0.0035355437822431686,0.04296822678208931,0.030985973786059186
2021-01-08 00:00:00-05:00,104.30561860706803,104.3761267657959,104.11172453258041,104.20867156982422,8378700,0.0,0.0,0.0,-0.002867255823155279,-0.0028713742754544525,0.03489134333762087,0.031976529479332196
2021-01-11 00:00:00-05:00,104.12934446047794,104.13815966043927,103.98832815720624,104.0059585571289,6061000,0.0,0.0,0.0,-0.0019452605012768576,-0.0019471549777179112,0.024463103560184486,0.030519916252309733
2021-01-12 00:00:00-05:00,103.79444058865981,104.03240393429502,103.61817692258235,103.98833465576172,6516600,0.0,0.0,0.0,-0.00016945088158104582,-0.00016946524000373462,0.03315594348027872,0.02883538116049531
2021-01-13 00:00:00-05:00,104.14695355419792,104.4818638655619,104.1205146820432,104.34966278076172,7562900,0.0,0.0,0.0,0.003474698639959195,0.0034686758222585642,0.04454065424227788,0.032715823144734375
2021-01-14 00:00:00-05:00,104.34082713095334,104.41133525889718,104.02354727923121,104.11167907714844,8113000,0.0,0.0,0.0,-0.0022806370166550405,-0.002283241630128059,0.040812537028064776,0.03319854975031809
2021-01-15 00:00:00-05:00,104.33201434302154,104.46421540496253,104.18218961070023,104.39370727539062,5978400,0.0,0.0,0.0,0.002708900679943893,0.0027052382211641074,0.04183931448274118,0.035370588471863015
2021-01-19 00:00:00-05:00,104.24390374005345,104.4554214477539,104.19984119313031,104.4554214477539,4035700,0.0,0.0,0.0,0.0005911675518954773,0.0005909928811946471,0.036589450818335915,0.0355961993951858
2021-01-20 00:00:00-05:00,104.34086410727556,104.49950408935547,104.31442523093351,104.49950408935547,4277700,0.0,0.0,0.0,0.000422023490888046,0.00042193446402135406,0.035767743570617974,0.03571536875443058
2021-01-21 00:00:00-05:00,104.32322390860699,104.42017092252534,104.26153096557044,104.34966278076172,4254500,0.0,0.0,0.0,-0.001433894925143564,-0.0014349239362519068,0.030866708215418585,0.035637213659907525
2021-01-22 00:00:00-05:00,104.43781551354806,104.52594734639106,104.38493775864784,104.5083236694336,4706200,0.0,0.0,0.0,0.0015204734202660664,0.001519318670917469,0.02424753275639129,0.035517062451331925
2021-01-25 00:00:00-05:00,104.6581552500437,104.93136596679688,104.62290116981293,104.93136596679688,5689200,0.0,0.0,0.0,0.00404792922237851,0.0040397583994038425,0.03173060336954838,0.03852840095739709
2021-01-26 00:00:00-05:00,104.82560147487655,104.93135698248574,104.80797107425656,104.89610290527344,4257100,0.0,0.0,0.0,-0.00033605834822159064,-0.00033611482848242523,0.033187011165950644,0.038027618041265
2021-01-27 00:00:00-05:00,105.07234795589827,105.17810343800728,104.98421614613206,105.01947021484375,5764700,0.0,0.0,0.0,0.0011760904948177053,0.0011753994421656055,0.033014148556975986,0.03837900805713958
2021-01-28 00:00:00-05:00,104.87849324045908,104.88730844194679,104.63172139103197,104.74629211425781,5394200,0.0,0.0,0.0,-0.0026012138513656913,-0.0026046028864617128,0.038933846053991104,0.039255697513410154
2021-01-29 00:00:00-05:00,104.44665515401121,104.69342703332607,104.41140106781918,104.56122589111328,7952100,0.0,0.0,0.0,-0.0017668045274830124,-0.0017683671674596888,0.04178622996894368,0.03933589205429147
2021-02-01 00:00:00-05:00,104.56825197673244,104.74463159495116,104.53297470739848,104.69171905517578,3640700,0.078,0.0,0.0,0.0012480072125242714,0.001247229098850049,0.027382832345557932,0.03961997172321554
2021-02-02 00:00:00-05:00,104.36539139578656,104.47122318557167,104.33012086097484,104.42713165283203,3609800,0.0,0.0,0.0,-0.0025273001984454924,-0.0025304992126415253,0.030962927145065725,0.040160702312932145
2021-02-03 00:00:00-05:00,104.28603278921473,104.33894532505221,104.15374472117043,104.17138671875,3844200,0.0,0.0,0.0,-0.00244902766200894,-0.002452031435471973,0.02598802320251815,0.04022777452889291
2021-02-04 00:00:00-05:00,104.04794908851747,104.18023046553844,103.96857353385234,104.13613891601562,2146000,0.0,0.0,0.0,-0.0003383635741505131,-0.00033842083202101846,0.025563225700108543,0.035184276964010004
2021-02-05 00:00:00-05:00,104.10964811911118,104.2242941839983,103.9156265258789,103.9156265258789,5498000,0.0,0.0,0.0,-0.0021175395250111473,-0.002119784681863312,0.02619539560165589,0.03382437617286456
2021-02-08 00:00:00-05:00,103.89800614059375,104.10084877437922,103.83627259612891,103.9597396850586,2861300,0.0,0.0,0.0,0.0004245093895354213,0.00042441931091643083,0.021506915180858278,0.03247912272358983
2021-02-09 00:00:00-05:00,104.07437791435807,104.18020298806354,103.9950023806282,104.03910064697266,4458500,0.0,0.0,0.0,0.0007633816913594771,0.0007630904637585801,0.02327102561890524,0.03187502975565785
2021-02-10 00:00:00-05:00,104.1537342096957,104.30365753173828,104.14491321179614,104.30365753173828,6726800,0.0,0.0,0.0,0.0025428601662305095,0.0025396325677145945,0.02691947918198021,0.03309434413695837
2021-02-11 00:00:00-05:00,104.30368064194484,104.33895791290935,104.18021355779477,104.22431182861328,5949900,0.0,0.0,0.0,-0.0007607183199770384,-0.0007610078129826122,0.02766268467284655,0.030791602360123294
2021-02-12 00:00:00-05:00,103.96856854641217,104.08321464381488,103.84510144814703,103.88037872314453,8802400,0.0,0.0,0.0,-0.0032999316515931465,-0.003305388434025488,0.03430103575847236,0.03195780407840643
2021-02-16 00:00:00-05:00,103.42177064924046,103.51878146377713,103.06019039106417,103.13074493408203,8909000,0.0,0.0,0.0,-0.007216317443935916,-0.007242481008371706,0.06038882448697848,0.03899434253954285
2021-02-17 00:00:00-05:00,103.2013168334961,103.33360495041474,103.0778497186262,103.2013168334961,4789700,0.0,0.0,0.0,0.00068429544903581,0.0006840614256596928,0.060196618813020096,0.039033630282256704
2021-02-18 00:00:00-05:00,103.03373001399541,103.27184317662821,102.95435447415028,103.19247436523438,4469900,0.0,0.0,0.0,-8.568173869316631e-05,-8.568540958302603e-05,0.05095545961471775,0.03889853627294507
2021-02-19 00:00:00-05:00,102.88379352775578,102.98079759759159,102.62803839849663,102.77796173095703,5851800,0.0,0.0,0.0,-0.004016888216191394,-0.0040249775816469015,0.05066280812589981,0.04065092976951217
2021-02-22 00:00:00-05:00,102.69861004730173,102.89263168892498,102.53105140736054,102.61042022705078,3828000,0.0,0.0,0.0,-0.0016301306338885047,-0.0016314607425273683,0.050983418176095065,0.03984174496036003
2021-02-23 00:00:00-05:00,102.53987396930357,102.81327118117184,102.45168414192293,102.68980407714844,7344900,0.0,0.0,0.0,0.0007736431633551533,0.0007733440557414822,0.03195878321535591,0.03593846298793322
2021-02-24 00:00:00-05:00,102.17824388788199,102.60155754449565,102.11651036594046,102.54864501953125,7133700,0.0,0.0,0.0,-0.0013746160963666876,-0.0013755617477773268,0.028908463103427526,0.035843557426793404
2021-02-25 00:00:00-05:00,101.95778129888933,102.05479209478725,100.62609315120449,101.18170166015625,35760600,0.0,0.0,0.0,-0.013329706688124943,-0.013419344684968464,0.08777922304213008,0.05521977053425311
2021-02-26 00:00:00-05:00,101.54326233805718,102.13414126975663,101.16404022562563,102.09004974365234,28188400,0.0,0.0,0.0,0.008977394811435335,0.008937337563952819,0.12668609336007425,0.06714831595845827
2021-03-01 00:00:00-05:00,101.89594022558457,102.09007923136386,101.70180121980526,101.97535705566406,9616500,0.07,0.0,0.0,-0.001123446293505359,-0.0011240778323368366,0.1266581785917865,0.06712464221091588
2021-03-02 00:00:00-05:00,101.8871191987138,102.16950138569315,101.84300097943346,102.16067504882812,6271000,0.0,0.0,0.0,0.0018172821210413748,0.001815632861698356,0.12790128274787332,0.06743451416144919
2021-03-03 00:00:00-05:00,101.67531916265807,101.69296510124875,101.4194092917041,101.6135482788086,8377300,0.0,0.0,0.0,-0.005355551632348021,-0.005369944008064699,0.13168924217097736,0.06889633793515425
2021-03-04 00:00:00-05:00,101.6047629734764,101.71947845194394,100.96058160070035,101.110595703125,12327900,0.0,0.0,0.0,-0.004949660593522309,-0.004961950734975697,0.09332906227141197,0.06998583192955207
2021-03-05 00:00:00-05:00,100.70466131535382,101.10175901229573,100.61641139823479,100.96939086914062,8634600,0.0,0.0,0.0,-0.0013965384438934247,-0.0013975145125568393,0.0472657979924349,0.06985741811477283
2021-03-08 00:00:00-05:00,100.73110600677435,100.75757828164981,100.53696701432553,100.572265625,7416400,0.0,0.0,0.0,-0.003933125085951117,-0.0039408801635610275,0.047436765141040185,0.07035419393019493
2021-03-09 00:00:00-05:00,101.01351424642058,101.13705604942517,100.85467382362565,101.04881286621094,7035000,0.0,0.0,0.0,0.004738356427087087,0.004727165752618209,0.06607784673461943,0.07361149746645766
2021-03-10 00:00:00-05:00,101.04881224408898,101.35766674969894,100.9958609484678,101.2605972290039,5683100,0.0,0.0,0.0,0.002095861958055556,0.0020936687033533724,0.06467271427760211,0.07428189413345596
2021-03-11 00:00:00-05:00,101.25176830137971,101.36649049518878,101.0752819405516,101.22529602050781,7576500,0.0,0.0,0.0,-0.00034861742338199164,-0.0003486782045625972,0.05272078418541401,0.07297372207688751
2021-03-12 00:00:00-05:00,100.58111643053002,100.58993603595312,100.38697739085036,100.49286651611328,7332600,0.0,0.0,0.0,-0.0072356370708577256,-0.007261941254590729,0.075468097470518,0.07568831735368628
2021-03-15 00:00:00-04:00,100.554607901733,100.71344827552751,100.52813562818746,100.61637878417969,4465500,0.0,0.0,0.0,0.001229065030666554,0.0012283103485473917,0.07134056821270282,0.07621172840949292
2021-03-16 00:00:00-04:00,100.73110009375765,100.81051691372218,100.48401656606195,100.5987319946289,5479400,0.0,0.0,0.0,-0.0001753868481854104,-0.00017540223025723695,0.05858351490594274,0.07335476362487756
2021-03-17 00:00:00-04:00,100.21925304148513,100.64282949669827,100.03394044624169,100.43103790283203,8975900,0.0,0.0,0.0,-0.001666960293354669,-0.0016683512176230795,0.05226317062694415,0.07301412491449331
2021-03-18 00:00:00-04:00,99.62806382497305,99.91927235502023,99.53099431495734,99.80455017089844,8281400,0.0,0.0,0.0,-0.006237989221417051,-0.006257526768563458,0.05934331506224284,0.07484469344761334
2021-03-19 00:00:00-04:00,99.59277613841687,99.89280430591907,99.5663038568753,99.74279022216797,8748100,0.0,0.0,0.0,-0.0006188089483366577,-0.0006190004896163097,0.04521806416854759,0.07439431916096388
2021-03-22 00:00:00-04:00,99.99869292711597,100.12223472038404,99.9192760882391,100.06929016113281,4679800,0.0,0.0,0.0,0.0032734189432399585,0.0032680729706793354,0.054375995182068246,0.07628165881266688
2021-03-23 00:00:00-04:00,100.28990542675116,100.58111397917334,100.21930818994765,100.56346130371094,7544000,0.0,0.0,0.0,0.004938289676907015,0.0049261363192186864,0.06971995127292925,0.07912084840805245
2021-03-24 00:00:00-04:00,100.36048170464086,100.71345434989877,100.33400269697702,100.69580841064453,14634800,0.0,0.0,0.0,0.001316055605264932,0.001315190363141491,0.06860221469726384,0.07954247367444586
2021-03-25 00:00:00-04:00,100.74877400092785,100.81054490000015,100.41344722489578,100.56346130371094,10573800,0.0,0.0,0.0,-0.0013143258793243406,-0.0013151903631415294,0.041554141020339184,0.06468530173853966
2021-03-26 00:00:00-04:00,100.28990505411623,100.5016900312168,100.21930781757503,100.22813415527344,6409700,0.0,0.0,0.0,-0.003334482963198493,-0.0033400547409609817,0.053196993468592364,0.055359890106249594
2021-03-29 00:00:00-04:00,100.31637608387139,100.32520242145974,99.79572988652563,99.88397979736328,6298000,0.0,0.0,0.0,-0.0034337101135395454,-0.0034396188258590536,0.05617358846015018,0.05607848392834427
2021-03-30 00:00:00-04:00,99.61040266484002,99.85749295361695,99.52215949939496,99.79571533203125,5784900,0.0,0.0,0.0,-0.0008836698889160832,-0.0008840605553160837,0.031193066032006167,0.055070363114261535
2021-03-31 00:00:00-04:00,99.76920300563987,99.8839251339357,99.53094588132873,99.65448760986328,8620000,0.0,0.0,0.0,-0.0014151681933246563,-0.0014161704895557872,0.019223322770287894,0.052823605594607886
2021-04-01 00:00:00-04:00,99.96358096550043,100.14900858367133,99.89293994809299,100.09603118896484,8535300,0.07,0.0,0.0,0.004430744562454292,0.004420957711806859,0.05083882830575819,0.053927718632437414
2021-04-05 00:00:00-04:00,99.75165973009702,99.89293502124583,99.60155262803332,99.81346893310547,9944500,0.0,0.0,0.0,-0.0028229116829412426,-0.00282690361247237,0.04942278319502677,0.05447758844375649
2021-04-06 00:00:00-04:00,100.02539251400084,100.3167816651068,99.99007200446997,100.29911804199219,8765200,0.0,0.0,0.0,0.004865566882684025,0.0048537682679609725,0.05644512117731526,0.05619881701566479
2021-04-07 00:00:00-04:00,100.28144937400641,100.48454059577419,100.20198328942179,100.23729705810547,6316800,0.0,0.0,0.0,-0.0006163661764287953,-0.000616556208150614,0.055962224218142724,0.05317968407194829
2021-04-08 00:00:00-04:00,100.41387148144759,100.59046722223111,100.39620786535183,100.5816421508789,6334700,0.0,0.0,0.0,0.0034352990641179915,0.0034294119032075468,0.05394166564318929,0.05421515720717403
2021-04-09 00:00:00-04:00,100.25496325910412,100.50220006643767,100.16666536172754,100.3167724609375,5887400,0.0,0.0,0.0,-0.0026333800510442984,-0.002636853495563986,0.055993074571107825,0.05482826018150548
2021-04-12 00:00:00-04:00,100.23729548568299,100.28144780089133,100.14899759196379,100.25495910644531,5466000,0.0,0.0,0.0,-0.0006161816511417451,-0.0006163715690753182,0.04971760735994155,0.048640224940004674
2021-04-13 00:00:00-04:00,100.28144123102473,100.66996002197266,100.25495253831411,100.66996002197266,7663800,0.0,0.0,0.0,0.004139455237188949,0.004130911262510234,0.04619970560209123,0.050757155684616105
2021-04-14 00:00:00-04:00,100.50219625641398,100.58166907672853,100.41389836238476,100.54634857177734,4876900,0.0,0.0,0.0,-0.0012278881422852495,-0.0012286426145985405,0.047517436451640686,0.05095117242765129
2021-04-15 00:00:00-04:00,100.8642303331556,101.34104032694215,100.8642303331556,101.19093322753906,9958500,0.0,0.0,0.0,0.006410821127945443,0.00639035921937466,0.06131750975196643,0.05536718417342114
2021-04-16 00:00:00-04:00,100.89071711547192,101.07614471769425,100.86422842039697,100.91720581054688,7334900,0.0,0.0,0.0,-0.002705058726720888,-0.0027087240094405577,0.06160234344537439,0.05101301359300956
2021-04-19 00:00:00-04:00,100.7494395758058,100.97901950450031,100.69646218329858,100.81124877929688,5738600,0.0,0.0,0.0,-0.0010499401999785052,-0.0010504917733034076,0.062478833785931165,0.051167800195649704
2021-04-20 00:00:00-04:00,100.78471780475758,101.18206155527545,100.78471780475758,101.1114273071289,6468300,0.0,0.0,0.0,0.00297762929699652,0.002973204939436626,0.05940255505692207,0.05096844271746258
2021-04-21 00:00:00-04:00,101.10262714342403,101.21741372719683,100.9613451295216,101.16443634033203,7976500,0.0,0.0,0.0,0.0005242635240634286,0.0005241261459548873,0.056725539962808456,0.04823176984680461
2021-04-22 00:00:00-04:00,101.1555842456505,101.27037754310112,100.91717931586882,101.24388885498047,7681300,0.0,0.0,0.0,0.0007853798975476778,0.0007850716481406417,0.03378791587797437,0.04812049474808487
2021-04-23 00:00:00-04:00,101.22621385497526,101.23504566225425,100.95248845958272,101.1114273071289,5509900,0.0,0.0,0.0,-0.0013083411685350654,-0.0013091977940955517,0.02729755323750931,0.04811787640059963
2021-04-26 00:00:00-04:00,101.06730235835204,101.14677517197967,101.0054931640625,101.0054931640625,7145300,0.0,0.0,0.0,-0.0010476970396692264,-0.0010482462578557154,0.027290124071180404,0.046499485750341504
2021-04-27 00:00:00-04:00,100.86421524759203,100.9525131318761,100.60814666748047,100.60814666748047,7720500,0.0,0.0,0.0,-0.003933909771982602,-0.003941667948357741,0.029926772496155357,0.04707542121295184
2021-04-28 00:00:00-04:00,100.61697456773202,100.75825657591422,100.36091271712142,100.74059295654297,8692900,0.0,0.0,0.0,0.0013164569018475625,0.0013155911322093297,0.03284805195562625,0.046948771379893076
2021-04-29 00:00:00-04:00,100.26380402428003,100.57285006104746,100.16667430748194,100.56401824951172,5547800,0.0,0.0,0.0,-0.0017527662072370775,-0.001754304099231835,0.029742800632956295,0.04714397107667679
2021-04-30 00:00:00-04:00,100.60819052756656,100.68765663705642,100.45807664847513,100.65233612060547,5160000,0.0,0.0,0.0,0.0008782253596373302,0.0008778399453833828,0.03370117705461815,0.044802355427362724
2021-05-03 00:00:00-04:00,100.6911942025663,101.03578444999921,100.65585074884568,100.82373046875,8593300,0.074,0.0,0.0,0.0017028352718924111,0.0017013870916859565,0.03832272272883499,0.04350526695400869
2021-05-04 00:00:00-04:00,101.02691030433708,101.22129585884714,100.90321163166196,100.95623016357422,11171000,0.0,0.0,0.0,0.0013141717154105947,0.001313308947562482,0.022182308013739105,0.0405098094813397
2021-05-05 00:00:00-04:00,100.85018893712508,101.10642380026917,100.85018893712508,101.07991790771484,6810000,0.0,0.0,0.0,0.0012251620721199785,0.0012244121735042325,0.022029279648381358,0.04046680354397523
2021-05-06 00:00:00-04:00,101.00924622880156,101.2389752339505,100.9915778781312,101.12410736083984,6546200,0.0,0.0,0.0,0.0004371734172294861,0.0004370778847729396,0.007583321078736039,0.03887355733047272
2021-05-07 00:00:00-04:00,101.36271568503446,101.565932136318,101.07113722076663,101.15949249267578,10657600,0.0,0.0,0.0,0.00034991786587212914,0.0003498566588935615,0.009332903029054505,0.037328121109525346
2021-05-10 00:00:00-04:00,101.20362750892444,101.2831451951847,100.91204917715935,100.95623016357422,5906800,0.0,0.0,0.0,-0.002009325314836663,-0.0020113467171708915,0.021345267245715307,0.03815981923121734
2021-05-11 00:00:00-04:00,100.80605947032274,100.87674638063824,100.74421010906536,100.78839111328125,6591300,0.0,0.0,0.0,-0.0016624932410910231,-0.0016638767165376993,0.022540998877073157,0.03601821127431171
2021-05-12 00:00:00-04:00,100.41728947810117,100.48797638456783,100.25824730908838,100.30242156982422,14509800,0.0,0.0,0.0,-0.0048216817243448284,-0.004833343533124907,0.0341262247456995,0.039786138637333844
2021-05-13 00:00:00-04:00,100.42610677001362,100.67350415167071,100.36425068352628,100.6381607055664,8242700,0.0,0.0,0.0,0.0033472684954916065,0.003341678862163742,0.048133807623400415,0.03421391379722672
2021-05-14 00:00:00-04:00,100.78838291964976,100.89441327650324,100.68235256279627,100.85906982421875,7943100,0.0,0.0,0.0,0.002195083029176592,0.002192677354218401,0.05284722778482339,0.034012241752128095
2021-05-17 00:00:00-04:00,100.78835434613741,100.83253533423628,100.71766746160817,100.76184844970703,6711100,0.0,0.0,0.0,-0.0009639328885460152,-0.000964397770620249,0.05158474976049021,0.03397927537098564
2021-05-18 00:00:00-04:00,100.75301090387279,100.80602269673356,100.65581812291316,100.76184844970703,4319600,0.0,0.0,0.0,0.0,0.0,0.050317771524139285,0.0320835303864012
2021-05-19 00:00:00-04:00,100.74418186094734,100.94740498585308,100.3730857974564,100.46144104003906,13156500,0.0,0.0,0.0,-0.0029813606468117593,-0.0029858137555495118,0.039947462529956866,0.0334593237242453
2021-05-20 00:00:00-04:00,100.6381720108969,100.88556942034572,100.61166610860936,100.8767318725586,8412700,0.0,0.0,0.0,0.004133833122640818,0.0041253123088411964,0.0438983334351247,0.036896267276182906
2021-05-21 00:00:00-04:00,100.97389767566811,101.00040357086827,100.79718721361908,100.91204833984375,6648700,0.0,0.0,0.0,0.0003500952759827314,0.0003500340069311852,0.041220869841728944,0.03669210470441077
2021-05-24 00:00:00-04:00,100.96506583762613,101.1064396081146,100.92089159015279,101.00924682617188,4826000,0.0,0.0,0.0,0.0009632000135482155,0.0009627364340711234,0.04032516094003467,0.036694740485919884
2021-05-25 00:00:00-04:00,101.11531292132615,101.39805382124396,101.11531292132615,101.38037872314453,5748200,0.0,0.0,0.0,0.0036742368509226075,0.003667503331361135,0.0455874116457364,0.03579144053068381
2021-05-26 00:00:00-04:00,101.309699192929,101.44222872413665,101.22133718402412,101.26551818847656,4501600,0.0,0.0,0.0,-0.0011329661233722144,-0.0011336084146659176,0.03563784745411714,0.036001247022449265
2021-05-27 00:00:00-04:00,101.0446098964269,101.08879089355469,100.90323609847697,101.08879089355469,5998100,0.0,0.0,0.0,-0.0017451872866828255,-0.0017467119000978027,0.03366531082059158,0.0359956302002667
2021-05-28 00:00:00-04:00,101.04457447061861,101.29197178922081,101.04457447061861,101.07991790771484,5575700,0.0,0.0,0.0,-8.777418110761381e-05,-8.777803348647629e-05,0.03386704249699999,0.03593982472827324
2021-06-01 00:00:00-04:00,100.96411852258355,101.07905904120238,100.84033434999972,101.0613784790039,9498100,0.079,0.0,0.0,-0.00018341357110973622,-0.00018343039343576321,0.03350193416042061,0.035525025173929976
2021-06-02 00:00:00-04:00,101.16750979761304,101.24708921893675,101.12330500419655,101.17635345458984,4269900,0.0,0.0,0.0,0.0011376747212075156,0.0011370280597356808,0.017490039625551457,0.03545179117233344
2021-06-03 00:00:00-04:00,101.08790995434659,101.08790995434659,100.8757027183372,100.91991424560547,3591200,0.0,0.0,0.0,-0.002534576511491582,-0.0025377939883151905,0.023107244725600596,0.03638472671127743
2021-06-04 00:00:00-04:00,101.17631195436995,101.48577236428685,101.15863139340227,101.4769287109375,6326000,0.0,0.0,0.0,0.005519371171644583,0.005504195257971083,0.04712931975441093,0.04145561749812033
2021-06-07 00:00:00-04:00,101.35315785794351,101.43273725707694,101.326633640143,101.39736938476562,3068500,0.0,0.0,0.0,-0.00078401393481764,-0.0007843214344758172,0.04817547024903466,0.04158822070933968
2021-06-08 00:00:00-04:00,101.71569506082788,101.74221928425342,101.64495930120422,101.68917083740234,4760500,0.0,0.0,0.0,0.0028778010160148693,0.0028736680739622337,0.049789988170043854,0.04188540609852654
2021-06-09 00:00:00-04:00,102.05162816897897,102.16657540664495,101.87479560511888,102.0074234008789,5679300,0.0,0.0,0.0,0.0031296603252419786,0.0031247731325467127,0.051502735594194674,0.04226114375101698
2021-06-10 00:00:00-04:00,101.78640397158057,102.37880062426838,101.74219244704442,102.36995697021484,6494800,0.0,0.0,0.0,0.003553992025768782,0.003547691519662014,0.03629135145138179,0.03826637442482436
2021-06-11 00:00:00-04:00,102.29922291915639,102.31691022755565,102.13123396375336,102.21965026855469,3914200,0.0,0.0,0.0,-0.0014682696575117893,-0.0014693486216749286,0.03789411021120338,0.03820550791216367
2021-06-14 00:00:00-04:00,102.11356006664478,102.12240372200591,101.85714802703237,101.90135955810547,3730900,0.0,0.0,0.0,-0.003113791816084288,-0.003118649752844812,0.04867033133758259,0.04019799264442203
2021-06-15 00:00:00-04:00,101.84828498950401,101.93670128323559,101.79522981668042,101.91901397705078,4212700,0.0,0.0,0.0,0.00017325008245094864,0.00017323507638859002,0.045783704192506866,0.03984335695051942
2021-06-16 00:00:00-04:00,101.96322497797446,102.01627340479733,101.0702049006485,101.22052001953125,13529000,0.0,0.0,0.0,-0.006853421459481646,-0.006877014007236324,0.0612755903655063,0.04778780467330614
2021-06-17 00:00:00-04:00,101.37970435348099,101.91020902796355,101.3089685980212,101.58306121826172,8838100,0.0,0.0,0.0,0.003581696662499967,0.0035752976619762393,0.061420879507012645,0.04761385010390255
2021-06-18 00:00:00-04:00,101.71567993620022,102.19313612406452,101.5123163439547,102.15776824951172,13435000,0.0,0.0,0.0,0.005657508489679941,0.005641564894276614,0.07995360325859814,0.04940438723352385
2021-06-21 00:00:00-04:00,101.91022975710226,101.98980243888037,101.75107764781173,101.83065032958984,6460000,0.0,0.0,0.0,-0.003202085612548977,-0.0032072232590716013,0.08016469443903881,0.051251308856573315
2021-06-22 00:00:00-04:00,101.71567957269278,102.04282735183777,101.68915535330605,102.01629638671875,5459700,0.0,0.0,0.0,0.0018230862370811618,0.001821426432372478,0.08140218388270139,0.05145418616207737
2021-06-23 00:00:00-04:00,101.9013893647368,102.00749302290855,101.76876147845576,101.81297302246094,5429800,0.0,0.0,0.0,-0.0019930478899867765,-0.0019950366528384174,0.059131466027780404,0.050746455914385855
2021-06-24 00:00:00-04:00,101.81292198720564,101.92786249997515,101.75102990406342,101.79523468017578,3631700,0.0,0.0,0.0,-0.00017422477468798103,-0.00017423995358709101,0.05538788931813111,0.050521605748264475
2021-06-25 00:00:00-04:00,101.86599749436795,101.90136537209783,101.40622857534517,101.58306121826172,6716800,0.0,0.0,0.0,-0.0020843162509588398,-0.0020864914611520625,0.03133281553401453,0.05071460818626638
2021-06-28 00:00:00-04:00,101.77757536597983,101.99861952988027,101.7687317106187,101.90135955810547,4968900,0.0,0.0,0.0,0.0031333800736705886,0.0031284812688715234,0.03670867283426927,0.051710270973164066
2021-06-29 00:00:00-04:00,101.76873806788852,101.96325802358936,101.75989441197495,101.95441436767578,3373200,0.0,0.0,0.0,0.0005206486920330544,0.0005205132015293924,0.034014350010404565,0.05166351503721264
2021-06-30 00:00:00-04:00,102.10472662766868,102.26387870091607,102.08703931634521,102.11356353759766,6572800,0.0,0.0,0.0,0.0015609836112435715,0.0015597665427110232,0.0308966206821365,0.05176054798901101
2021-07-01 00:00:00-04:00,102.08435726109938,102.14629064664895,101.89855710445069,102.04012298583984,11966200,0.077,0.0,0.0,-0.000719204669914153,-0.0007194634216638491,0.03197086765671101,0.050756050758755195
2021-07-02 00:00:00-04:00,102.16397913005486,102.41171264648438,102.13743721761341,102.41171264648438,5071900,0.0,0.0,0.0,0.003641603418060413,0.0036349888339308784,0.02868508025142545,0.0487178093868895
2021-07-06 00:00:00-04:00,102.53558233759023,103.02220658037606,102.53558233759023,102.95142364501953,9095300,0.0,0.0,0.0,0.005270012429126947,0.00525617450967236,0.038188101651908335,0.05133187478044445
2021-07-07 00:00:00-04:00,103.14608300863449,103.43805758166886,103.04875815095637,103.25225067138672,7456400,0.0,0.0,0.0,0.0029220288143314566,0.0029177679862924647,0.03584372071014016,0.051356244599934056
2021-07-08 00:00:00-04:00,103.4468791209008,103.68576981344968,103.35840383671776,103.51766204833984,7368000,0.0,0.0,0.0,0.0025705142040712836,0.002567216083136721,0.03481710904683994,0.05105266348658214
2021-07-09 00:00:00-04:00,103.09297696736328,103.11067607532311,102.9868093205318,102.99565887451172,5531200,0.0,0.0,0.0,-0.0050426484089677315,-0.00505540546475766,0.06353811657639948,0.05381311692697405
2021-07-12 00:00:00-04:00,103.08413177744295,103.12836604585485,102.8629401846883,102.94256591796875,3867700,0.0,0.0,0.0,-0.0005154873236711266,-0.0005156202329388838,0.06309775411570928,0.0535008545813009
2021-07-13 00:00:00-04:00,102.99566097727066,103.10182862626966,102.53557866416828,102.62405395507812,6926500,0.0,0.0,0.0,-0.0030940744487021332,-0.003098870993515615,0.05522892957163084,0.05348392827034894
2021-07-14 00:00:00-04:00,102.90717092684817,103.09297104836759,102.81869564282438,103.0664291381836,6029200,0.0,0.0,0.0,0.004310638354815932,0.004301374166804107,0.061394104604705645,0.0552797612444549
2021-07-15 00:00:00-04:00,103.33189980266498,103.55309146931587,103.10185857928252,103.50000762939453,5704500,0.0,0.0,0.0,0.0042067867766102385,0.004197962986996746,0.06713544624072174,0.04919880861658293
2021-07-16 00:00:00-04:00,103.22569385151118,103.49997602456239,103.21685104771385,103.4822769165039,3577900,0.0,0.0,0.0,-0.00017131122303015722,-0.00017132589847379466,0.05123068205801685,0.04850560539563528
2021-07-19 00:00:00-04:00,104.17240047085615,104.49976648913022,104.11931664365638,104.36705017089844,20557500,0.0,0.0,0.0,0.008549997939341969,0.008513653722015917,0.0713843452230719,0.053111767032899646
2021-07-20 00:00:00-04:00,104.81827062569012,104.862504893077,104.14584630923298,104.23432159423828,8729000,0.0,0.0,0.0,-0.0012717478978548913,-0.0012725572554847554,0.06260056537375684,0.05146619156257655
2021-07-21 00:00:00-04:00,103.80964776738728,103.88043070246718,103.53536558151067,103.6326904296875,7438300,0.0,0.0,0.0,-0.00577191039716074,-0.005788632247704114,0.08681005379011905,0.05696008088242205
2021-07-22 00:00:00-04:00,103.63268369903412,104.08391644307194,103.6238408953976,103.87157440185547,6363500,0.0,0.0,0.0,0.002305102484336796,0.00230244981127856,0.0835214461380155,0.05621068024450137
2021-07-23 00:00:00-04:00,103.49996876083956,103.73885270100871,103.4911192074314,103.71231079101562,6804600,0.0,0.0,0.0,-0.0015332742548378464,-0.0015344509227316532,0.0849920820359254,0.056793564842375965
2021-07-26 00:00:00-04:00,103.87161227775752,103.8893046417137,103.6238786809657,103.64157104492188,6179600,0.0,0.0,0.0,-0.0006820766556469016,-0.0006823093757569775,0.04586509379138322,0.056016191357839654
2021-07-27 00:00:00-04:00,104.06624623736198,104.14587198843057,103.96892137478933,104.08393859863281,8621200,0.0,0.0,0.0,0.004268244385442488,0.004259161267182358,0.06110277530861036,0.05672722716472392
2021-07-28 00:00:00-04:00,103.88926121285003,104.18123572282943,103.74770210967395,104.1723861694336,11533500,0.0,0.0,0.0,0.0008497715592974409,0.000849410707859002,0.03692786327230505,0.056697265421629325
2021-07-29 00:00:00-04:00,103.79193320573235,103.98658287310613,103.76539129658705,103.85386657714844,6203800,0.0,0.0,0.0,-0.0030576202004923836,-0.003062304271648178,0.04426427931090419,0.05852144742401386
2021-07-30 00:00:00-04:00,104.03084155540911,104.20779214658229,104.02199200078074,104.14585876464844,5656400,0.0,0.0,0.0,0.0028115678031408464,0.002807622739198264,0.04569830424109744,0.058606323711075596
2021-08-02 00:00:00-04:00,104.31052847364859,104.80631561871877,104.2131407480679,104.60269165039062,19495800,0.076,0.0,0.0,0.004386471926594249,0.00437687939994871,0.04911575499109309,0.059104375232752575
2021-08-03 00:00:00-04:00,104.62926483154297,104.79748124471946,104.57614670300057,104.62926483154297,6627300,0.0,0.0,0.0,0.0002540391717753554,0.0002540069092887985,0.04474622815764361,0.05701681289312542
2021-08-04 00:00:00-04:00,104.93911767674636,105.027650130567,104.27511414120168,104.60269165039062,7545000,0.0,0.0,0.0,-0.00025397465226506544,-0.0002540069092888219,0.0457308507898219,0.05657278363845698
2021-08-05 00:00:00-04:00,104.3813841702382,104.43450230536796,104.15119432701756,104.2220230102539,5164600,0.0,0.0,0.0,-0.0036391858959902157,-0.0036458238423569683,0.04891923648724501,0.058060078759627286
2021-08-06 00:00:00-04:00,103.7085175043274,103.80590524791263,103.58457069514522,103.61112976074219,7807600,0.0,0.0,0.0,-0.005861460292817533,-0.005878706074529918,0.062366687813747865,0.05913079250698933
2021-08-09 00:00:00-04:00,103.76164147385947,103.85902922292439,103.38980102539062,103.38980102539062,10842500,0.0,0.0,0.0,-0.0021361482676875987,-0.00213843308678649,0.03985249472326593,0.059705925238185215
2021-08-10 00:00:00-04:00,103.46946672980441,103.4783152475441,103.18615880647906,103.19500732421875,7192400,0.0,0.0,0.0,-0.0018840707617189256,-0.001885847855500939,0.033514112013631234,0.05896407004357287
2021-08-11 00:00:00-04:00,103.26582713744602,103.57569409660314,103.0887622335257,103.31009674072266,7254300,0.0,0.0,0.0,0.0011152614790976845,0.0011146400370183303,0.04060993424343436,0.05713237370292902
2021-08-12 00:00:00-04:00,103.20386505126953,103.31895657596634,103.07991825402871,103.20386505126953,6932200,0.0,0.0,0.0,-0.001028279837156032,-0.0010288088795679738,0.04014674956384461,0.055158764141876
2021-08-13 00:00:00-04:00,103.36324423934825,103.79705810546875,103.3455404457616,103.79705810546875,6896500,0.0,0.0,0.0,0.0057477794451257225,0.005731323985642107,0.05192230699922174,0.058979947747497416
2021-08-16 00:00:00-04:00,104.07149128436726,104.31052958769526,104.0272216796875,104.0272216796875,6928100,0.0,0.0,0.0,0.002217438320697651,0.002214983432716584,0.04775281085755446,0.05073754648800332
2021-08-17 00:00:00-04:00,104.00952780055486,104.2042965177606,103.95640291895879,103.97411346435547,7785500,0.0,0.0,0.0,-0.0005105222890173788,-0.0005106526498911464,0.042846781155263296,0.050587692382585224
2021-08-18 00:00:00-04:00,103.92983000296336,104.01836245436465,103.69964022564557,103.92097473144531,7025800,0.0,0.0,0.0,-0.0005110765664606554,-0.0005112072106037177,0.04527363004485008,0.04603400519862992
2021-08-19 00:00:00-04:00,104.14232880884902,104.22201275830044,104.05379634080971,104.15118408203125,6242600,0.0,0.0,0.0,0.002215234712538594,0.0022127846976942463,0.040941290162063514,0.045979093112474646
2021-08-20 00:00:00-04:00,104.1511673276059,104.21314072072342,103.94754335933119,104.05377960205078,6510200,0.0,0.0,0.0,-0.000935222012490522,-0.000935659605449164,0.02509327553811067,0.045739084613332044
2021-08-23 00:00:00-04:00,104.02724228013767,104.0980709598141,103.93870980783946,104.08036041259766,3958500,0.0,0.0,0.0,0.000255452619294827,0.00025541999683001914,0.01994791820846439,0.04562883269886851
2021-08-24 00:00:00-04:00,103.94757074663283,104.03610322375609,103.77049903779127,103.79705810546875,3649700,0.0,0.0,0.0,-0.002721957399127284,-0.002725668661296793,0.028553232171676636,0.044114934938627504
2021-08-25 00:00:00-04:00,103.76164147385947,103.79705581484625,103.3366828912079,103.38980102539062,5874700,0.0,0.0,0.0,-0.003923589815660322,-0.003931307287591519,0.03841842679307875,0.04591962769948345
2021-08-26 00:00:00-04:00,103.3366828912079,103.43407064027282,103.22158459435215,103.38980102539062,6850600,0.0,0.0,0.0,0.0,0.0,0.028630779239415195,0.044818154903846254
2021-08-27 00:00:00-04:00,103.38977115358365,103.72620391845703,103.25696910190167,103.72620391845703,6360700,0.0,0.0,0.0,0.0032537338279989836,0.0032484518903322106,0.04453945132782312,0.0452403484369765
2021-08-30 00:00:00-04:00,103.70851317376005,103.93870299031255,103.67309883624472,103.92984771728516,6546200,0.0,0.0,0.0,0.001963282093965457,0.001961357374441742,0.04817378892537815,0.04273162906459427
2021-08-31 00:00:00-04:00,103.87670370147802,104.01835426164475,103.6907835418009,103.73504638671875,7418400,0.0,0.0,0.0,-0.001874354045974469,-0.0018761128456050576,0.04579013081548926,0.043019864447469885
2021-09-01 00:00:00-04:00,103.87683508627912,103.91227362363975,103.6907878345432,103.77938079833984,11908600,0.08,0.0,0.0,0.00042738122905761067,0.00042728992771286293,0.03104113097108472,0.04312377371586038
2021-09-02 00:00:00-04:00,103.89453528364106,103.90339660644531,103.77936512402114,103.90339660644531,2976200,0.0,0.0,0.0,0.0011949946815201784,0.0011942812436887933,0.030364338598755727,0.04168518323272563
2021-09-03 00:00:00-04:00,103.66418816548479,103.69962669516869,103.54901125421001,103.65532684326172,4988900,0.0,0.0,0.0,-0.002387503886164599,-0.0023903585181028696,0.030314774440123603,0.03692397390795432
2021-09-07 00:00:00-04:00,103.29208056553243,103.3718189421689,103.15919453648495,103.24778747558594,7098600,0.0,0.0,0.0,-0.0039316779955942405,-0.0039394273601979675,0.03334223750598215,0.038818570494113
2021-09-08 00:00:00-04:00,103.38954165707378,103.60217283601389,103.32752591968502,103.53129577636719,6046200,0.0,0.0,0.0,0.0027459019482454217,0.0027421388466553785,0.04314516740491804,0.039416755705740436
2021-09-09 00:00:00-04:00,103.57559884693593,103.93883196029756,103.4869991400202,103.82366180419922,7009500,0.0,0.0,0.0,0.0028239386519759435,0.0028199588279795387,0.04896788099225915,0.04041670451478906
2021-09-10 00:00:00-04:00,103.59330386939575,103.68189680781246,103.39839534935423,103.495849609375,8147100,0.0,0.0,0.0,-0.0031573938842808236,-0.0031623889694230743,0.052403607847819396,0.04198667271138139
2021-09-13 00:00:00-04:00,103.59331109820528,103.70848125026285,103.57559521296888,103.61988830566406,4269300,0.0,0.0,0.0,0.0011984895699415077,0.0011977719546292947,0.0516578275283593,0.0367080519731686
2021-09-14 00:00:00-04:00,103.79708778636382,104.11602105607109,103.74392660873856,104.00971221923828,6991000,0.0,0.0,0.0,0.0037620568787364306,0.003754998041050462,0.043619515859314575,0.03836396059297547
2021-09-15 00:00:00-04:00,103.94767353649391,103.96538941898649,103.65531078131121,103.8324966430664,5108900,0.0,0.0,0.0,-0.0017038368089926648,-0.0017052899898184085,0.04677406399121164,0.03880357561514011
2021-09-16 00:00:00-04:00,103.46928406401291,103.66419260601923,103.37182979300975,103.50472259521484,5682700,0.0,0.0,0.0,-0.00315675784025804,-0.003161750911001449,0.04799064509148979,0.04031373185755043
2021-09-17 00:00:00-04:00,103.24776816362233,103.2743453644607,103.10601408020874,103.2034683227539,7611700,0.0,0.0,0.0,-0.002910536494446503,-0.0029147803423724594,0.047190946137897344,0.04035067215560672
2021-09-20 00:00:00-04:00,103.57559523668377,103.84137407054098,103.49585685508072,103.72620391845703,8781600,0.0,0.0,0.0,0.0050650971735595185,0.0050523127203634015,0.06195363400136274,0.044779588411901466
2021-09-21 00:00:00-04:00,103.76164647032822,103.78822367882333,103.60217646014888,103.66419219970703,4867900,0.0,0.0,0.0,-0.0005978404338286003,-0.0005980192116780629,0.05334455175403541,0.04477857685624608
2021-09-22 00:00:00-04:00,103.66417294474596,103.85022012886331,103.4692644397066,103.76162719726562,10966400,0.0,0.0,0.0,0.000939909871394029,0.0009394684326975946,0.05338960812434652,0.04391774250820238
2021-09-23 00:00:00-04:00,103.28321142806573,103.30978863012473,102.82251739501953,102.82251739501953,10650100,0.0,0.0,0.0,-0.009050646444284327,-0.009091852360027157,0.0827496127164845,0.052837195118085704
2021-09-24 00:00:00-04:00,102.68079012614129,102.68965144829463,102.45044306461283,102.51245880126953,10528000,0.0,0.0,0.0,-0.0030154736686598405,-0.0030200293700866116,0.08288066847601341,0.0537099788164487
2021-09-27 00:00:00-04:00,102.23780822753906,102.41499409729741,102.21123102299607,102.23780822753906,6742100,0.0,0.0,0.0,-0.0026791921386151163,-0.0026827875972584682,0.06041471270974055,0.052440644252133656
2021-09-28 00:00:00-04:00,101.86569932454438,102.07832368978629,101.64421363931544,101.84797668457031,10295500,0.0,0.0,0.0,-0.0038129880689651285,-0.0038202760398347527,0.05697495842464069,0.05253294889995066
2021-09-29 00:00:00-04:00,102.06063928718251,102.20239342325692,101.7682832101452,101.95433044433594,8364000,0.0,0.0,0.0,0.0010442402807373519,0.001043695441118058,0.057492357457229346,0.05291326901125538
2021-09-30 00:00:00-04:00,101.85686051825687,102.11378478101591,101.81256066773668,102.0783462524414,7307900,0.0,0.0,0.0,0.0012163858814528972,0.0012156466835191626,0.03796313150335677,0.05324099845725518
2021-10-01 00:00:00-04:00,102.27340124224328,102.53937152937911,102.18474673449981,102.49504089355469,19830100,0.08,0.0,0.0,0.00408210611173887,0.0040737969215735225,0.050789807731802,0.055623704215150296
2021-10-04 00:00:00-04:00,102.31772692463588,102.54822728082883,102.18474178750608,102.37091827392578,7691800,0.0,0.0,0.0,-0.0012110109771829025,-0.0012117448435162853,0.04688441019830236,0.055299483312095075
2021-10-05 00:00:00-04:00,102.21132334344239,102.2379190144136,101.94535310592192,102.05174255371094,6861900,0.0,0.0,0.0,-0.003117835861946583,-0.003122706438584681,0.04319056842543726,0.05472504221195022
2021-10-06 00:00:00-04:00,102.08722136148783,102.18474334594335,101.99856685668423,102.07835388183594,7473500,0.0,0.0,0.0,0.0002607630938882277,0.00026072910110190833,0.04281399907196742,0.05341920106928107
2021-10-07 00:00:00-04:00,101.84784886923936,101.87445130874646,101.66167237612133,101.67053985595703,8160200,0.0,0.0,0.0,-0.00399510778113632,-0.004003109543272998,0.050643234138685225,0.052932910622823695
2021-10-08 00:00:00-04:00,101.61733132551498,101.61733132551498,101.33363289388163,101.44888305664062,9455100,0.0,0.0,0.0,-0.002180147755981632,-0.0021825277378712234,0.02630595148627922,0.05252702916789985
2021-10-11 00:00:00-04:00,101.27157937877196,101.35136639626867,101.1829181185696,101.20065307617188,2261300,0.0,0.0,0.0,-0.0024468478408989913,-0.002449846265201224,0.02526939898007157,0.052101834693445
2021-10-12 00:00:00-04:00,101.3779607977836,101.69712239157809,101.3159019747627,101.66165924072266,7938400,0.0,0.0,0.0,0.004555367485660211,0.004545023201974654,0.05302137867396158,0.05316420256900351
2021-10-13 00:00:00-04:00,101.72370434632624,101.99854203741796,101.67051300916813,101.856689453125,11662400,0.0,0.0,0.0,0.0019184244469248046,0.0019165866208571117,0.056242415613790474,0.054195630332653226
2021-10-14 00:00:00-04:00,101.97193731612091,102.14038556521201,101.86555464419253,102.09606170654297,9518200,0.0,0.0,0.0,0.0023500886854184166,0.002347331545840524,0.04839250832457447,0.054750190422423906
2021-10-15 00:00:00-04:00,101.72374443655313,101.75034011561378,101.53756791922245,101.59075927734375,8689700,0.0,0.0,0.0,-0.004949284240283625,-0.00496157250972155,0.06149678000226816,0.05630828987610841
2021-10-18 00:00:00-04:00,101.28930226610285,101.52867006995744,101.12972147556508,101.44888305664062,8703300,0.0,0.0,0.0,-0.0013965465138005007,-0.0013975225937496443,0.05895635598071604,0.05190985418095089
2021-10-19 00:00:00-04:00,101.30702014271509,101.35135076597965,101.06765236323547,101.08538055419922,7445200,0.0,0.0,0.0,-0.003583109951427077,-0.0035895446653458167,0.05148801536745352,0.052600550282306105
2021-10-20 00:00:00-04:00,101.08540052827557,101.25384881328145,101.0144809865037,101.04107666015625,6230000,0.0,0.0,0.0,-0.00043828191376515946,-0.00043837798735569655,0.04500118788436936,0.05206305203169231
2021-10-21 00:00:00-04:00,100.97905035850354,101.02337424089936,100.73967569071964,100.77513885498047,7103900,0.0,0.0,0.0,-0.002631977151928422,-0.002635446893316471,0.028183387528673297,0.04374748753376138
2021-10-22 00:00:00-04:00,100.87263049453797,101.1120050902499,100.77510851315976,101.03221130371094,10204600,0.0,0.0,0.0,0.0025509510743557673,0.0025477029214107097,0.037539135881786576,0.04479822653512641
2021-10-25 00:00:00-04:00,101.04992835716111,101.26270047705513,101.04992835716111,101.15631103515625,4835000,0.0,0.0,0.0,0.0012283184723360652,0.001227564706381282,0.04072213509458304,0.04468247695033148
2021-10-26 00:00:00-04:00,101.17405097155279,101.28043365478516,100.97900703375471,101.28043365478516,5603100,0.0,0.0,0.0,0.0012270378225414103,0.001226285626884574,0.03164116133465849,0.04332877557418491
2021-10-27 00:00:00-04:00,101.63505197971264,102.00740487538089,101.35135356912203,101.84782409667969,16140300,0.0,0.0,0.0,0.005602172319171483,0.005586538513496021,0.04703012799330725,0.04794525059876885
2021-10-28 00:00:00-04:00,101.74145946912027,101.87444460228015,101.4754892028005,101.58187866210938,9940400,0.0,0.0,0.0,-0.0026112038909918978,-0.002614619030250801,0.046912579134189225,0.04852808092142636
2021-10-29 00:00:00-04:00,101.30706663746555,101.83013982365658,101.23614707715866,101.62622833251953,11254300,0.0,0.0,0.0,0.0004365903741323507,0.0004364950962855433,0.04661133817377033,0.045875225060166266
2021-11-01 00:00:00-04:00,101.33432601646268,101.69806854141943,101.30771153520828,101.61822509765625,14479000,0.081,0.0,0.0,-7.875166671633682e-05,-7.875476779165309e-05,0.04743628865796473,0.04579278739780744
2021-11-02 00:00:00-04:00,101.73354376685778,101.99082833390524,101.72467678669857,101.86662292480469,12191100,0.0,0.0,0.0,0.0024444220208503786,0.002441439281070056,0.04871070922492368,0.045613946272931
2021-11-03 00:00:00-04:00,101.88439984888583,101.91988808819158,101.37870428398575,101.54727172851562,17031100,0.0,0.0,0.0,-0.0031349934563433823,-0.003139917842968875,0.0364468028410535,0.046846689056379065
2021-11-04 00:00:00-04:00,101.72470422881885,102.17716401173574,101.72470422881885,102.09732055664062,12665400,0.0,0.0,0.0,0.005416677560728056,0.005402060124364489,0.05030697211480128,0.048758557197790486
2021-11-05 00:00:00-04:00,102.32798127016949,102.74495957462663,102.22152333281961,102.65624237060547,12955100,0.0,0.0,0.0,0.005474402373319531,0.0054594722966928135,0.058665419029828796,0.05127908335638747
2021-11-08 00:00:00-05:00,102.48769478888215,102.48769478888215,102.16831414630421,102.2126693725586,7404300,0.0,0.0,0.0,-0.004320954944420308,-0.004330317249368306,0.0739783073001188,0.05315168957410956
2021-11-09 00:00:00-05:00,102.64735783771734,102.8957754590476,102.60300262471013,102.68284606933594,12345400,0.0,0.0,0.0,0.004599984519175315,0.004589436923868202,0.07779138639049817,0.053197023469494766
2021-11-10 00:00:00-05:00,102.50541226100177,102.53202674269457,101.61822677157163,101.80453491210938,19425100,0.0,0.0,0.0,-0.008553630823920577,-0.008590423079204634,0.10377345446823812,0.061798995787512134
2021-11-11 00:00:00-05:00,101.8045259926701,101.84888797073015,101.47626495361328,101.47626495361328,3746100,0.0,0.0,0.0,-0.003224512137691149,-0.003229722079649574,0.0959397788714424,0.062132423229070706
2021-11-12 00:00:00-05:00,101.84889501087268,101.9731004356013,101.60047739272746,101.68920135498047,10613400,0.0,0.0,0.0,0.002098386272538999,0.002096187735114563,0.08329242444949886,0.0601378601794692
2021-11-15 00:00:00-05:00,101.62709757672899,101.65371205765055,101.2544745377633,101.28996276855469,8021400,0.0,0.0,0.0,-0.003926066692490848,-0.003933793924043049,0.08260776270593989,0.06160029862366221
2021-11-16 00:00:00-05:00,101.2988391139502,101.49402100395994,101.18350743743902,101.20124816894531,6573700,0.0,0.0,0.0,-0.0008758478844748119,-0.0008762316633374813,0.06260005672180614,0.060288840568069164
2021-11-17 00:00:00-05:00,101.20123031896512,101.5738465330678,101.18348959058795,101.56497955322266,10006200,0.0,0.0,0.0,0.0035941393101213137,0.0035876958260020403,0.05193307772777936,0.0615295401940852
2021-11-18 00:00:00-05:00,101.41415347086713,101.65369730176529,101.39641274239062,101.62708282470703,10183400,0.0,0.0,0.0,0.0006114634370779637,0.000611276569481777,0.04588859610291907,0.060573295590072386
2021-11-19 00:00:00-05:00,101.95533619242961,102.12390357060235,101.84000453660381,101.90210723876953,10731600,0.0,0.0,0.0,0.002706211832695038,0.0027025566344621023,0.04756136144031096,0.06064793096145601
2021-11-22 00:00:00-05:00,101.43192298537868,101.52951393490049,101.09478815296204,101.15689086914062,10876200,0.0,0.0,0.0,-0.007313061425538225,-0.007339932948127721,0.0685261751360705,0.0664666855742307
2021-11-23 00:00:00-05:00,100.97944339422138,101.03267235299886,100.73990631103516,100.73990631103516,11543700,0.0,0.0,0.0,-0.004122156726276693,-0.004130676234874697,0.07403212302480619,0.06786360566720656
2021-11-24 00:00:00-05:00,100.75766506422472,101.06817866044948,100.69556234497978,101.0504379272461,8322900,0.0,0.0,0.0,0.0030825084872738717,0.00307776729865757,0.07213826752896452,0.065526544902112
2021-11-26 00:00:00-05:00,102.00856676275613,102.3723092088737,101.95533104309787,102.35456848144531,13878500,0.0,0.0,0.0,0.012905738767190256,0.012823169374483823,0.12381028833909584,0.08006936656687803
2021-11-29 00:00:00-05:00,101.75131556846235,102.20377533739259,101.72470108425337,102.12393188476562,13908200,0.0,0.0,0.0,-0.002253310234232475,-0.0022558527578527064,0.12563764416823986,0.08061650282289119
2021-11-30 00:00:00-05:00,102.75381708550529,103.0465899043226,102.22150717682052,102.73607635498047,19416800,0.0,0.0,0.0,0.005994133391824086,0.0059762400420783875,0.10805865626485466,0.08312458326254077
2021-12-01 00:00:00-05:00,102.37028460226911,102.92963409423828,102.24598471516485,102.92963409423828,24991000,0.088,0.0,0.0,0.0018840289227031182,0.0018822563662282438,0.08951566797649214,0.08297977847285642
2021-12-02 00:00:00-05:00,102.90298716658621,102.9473761073809,102.46793761332222,102.70765686035156,11448900,0.0,0.0,0.0,-0.0021565920819603956,-0.002158920875438513,0.10106964638084062,0.08247745306381454
2021-12-03 00:00:00-05:00,102.53899093408147,103.5600317013986,102.45020625297497,103.31143188476562,19790900,0.0,0.0,0.0,0.005878578509828092,0.0058613670867075284,0.064625287149888,0.08285207810979289
2021-12-06 00:00:00-05:00,103.16047366922241,103.24037783180277,102.68102837223391,102.79644775390625,9863200,0.0,0.0,0.0,-0.004984773915763685,-0.004997239343405401,0.07727441921832673,0.08301579725776244
2021-12-07 00:00:00-05:00,102.51236081092662,102.72544540991916,102.33479144073905,102.40581512451172,7678400,0.0,0.0,0.0,-0.003800059612270812,-0.0038072981826173568,0.07100430947601256,0.08266930934132849
2021-12-08 00:00:00-05:00,102.25485509269886,102.2814898142299,101.9441053851108,102.07728576660156,11126500,0.0,0.0,0.0,-0.0032081123275148338,-0.0032132693523648634,0.06878775659740291,0.0816814382873098
2021-12-09 00:00:00-05:00,102.32588207508671,102.49457767086385,102.1927016980961,102.33476257324219,9198400,0.0,0.0,0.0,0.0025223712083151106,0.00251919536936762,0.0744241740880711,0.07607682937476572
2021-12-10 00:00:00-05:00,102.49460658344277,102.68993695495146,102.3525456682229,102.40581512451172,5051500,0.0,0.0,0.0,0.0006943149080809174,0.0006940739829972605,0.05083579803396216,0.07495235259655718
2021-12-13 00:00:00-05:00,102.66325848671381,102.9828886570311,102.64550426562278,102.89410400390625,5706900,0.0,0.0,0.0,0.004768175311146594,0.00475684357012289,0.05839228942247128,0.07631007824307241
2021-12-14 00:00:00-05:00,102.68101463185194,102.82306871537527,102.48568433990216,102.7165298461914,4749500,0.0,0.0,0.0,-0.001725795267220609,-0.0017272861674454097,0.0508161665832783,0.07496704520886623
2021-12-15 00:00:00-05:00,102.46793153129939,102.75204647609468,102.35250538964733,102.56558990478516,8428000,0.0,0.0,0.0,-0.0014694805366990416,-0.0014705612821088938,0.04356796335824211,0.07516296834606552
2021-12-16 00:00:00-05:00,102.71313879469743,103.00640340223023,102.6953614839065,102.86421203613281,9085400,0.106,0.0,0.0,0.0029115235589720623,0.0029072932832972334,0.04452538791079384,0.07485040651472642
2021-12-17 00:00:00-05:00,103.19300020750745,103.38850311981018,103.03303834831,103.09524536132812,7933100,0.0,0.0,0.0,0.0022460029647060065,0.002243484470372797,0.04513430656819541,0.07506488661866335
2021-12-20 00:00:00-05:00,103.26408044817816,103.39738311635817,102.97970458675333,103.0063705444336,13772100,0.0,0.0,0.0,-0.0008620651377572175,-0.0008624369295959645,0.03474334312922904,0.0748860799482371
2021-12-21 00:00:00-05:00,102.63313542038034,102.6775719090583,102.40208466341241,102.59758758544922,7672800,0.0,0.0,0.0,-0.00396852113926327,-0.00397641661511103,0.04483818499551128,0.07107253949246814
2021-12-22 00:00:00-05:00,102.7575653020775,102.76645395719532,102.49984854411845,102.69535827636719,5538200,0.0,0.0,0.0,0.000952953117309363,0.0009524993457466034,0.0439026364528673,0.06873425506116848
2021-12-23 00:00:00-05:00,102.62426227466914,102.63314414911511,102.3576568800396,102.48207092285156,7209700,0.0,0.0,0.0,-0.0020768938060631292,-0.002079053540882002,0.03889078112895934,0.06907072025933647
2021-12-27 00:00:00-05:00,102.44655109420415,102.57096517103143,102.41989190346382,102.51764678955078,3471800,0.0,0.0,0.0,0.00034714234771859864,0.00034708210775463396,0.0312952135441022,0.05192377732780192
2021-12-28 00:00:00-05:00,102.68651348366568,102.71317267858912,102.44656716923512,102.49988555908203,8314500,0.0,0.0,0.0,-0.00017325046979677072,-0.00017326547939305122,0.03202839328478619,0.051201490862736135
2021-12-29 00:00:00-05:00,102.17103461877387,102.25990082259028,101.90442922726793,101.97552490234375,11879900,0.0,0.0,0.0,-0.00511571943596012,-0.005128849527686523,0.03903322269490694,0.049657928604498774
2021-12-30 00:00:00-05:00,102.17992886948373,102.32211344736595,102.01107832694504,102.31322479248047,10296000,0.0,0.0,0.0,0.003311577856158321,0.003306106657748488,0.049474351031745654,0.050762399569849806
2021-12-31 00:00:00-05:00,102.33990713997906,102.47320308431416,102.19771575927734,102.19771575927734,7584500,0.0,0.0,0.0,-0.0011289746114191423,-0.0011296123833198007,0.04830624526410701,0.05039239597341308
2022-01-03 00:00:00-05:00,101.63783034490395,101.67337818234711,101.24681091308594,101.24681091308594,27744600,0.0,0.0,0.0,-0.009304560665829631,-0.009348118491925203,0.07704059046707883,0.05457231182376161
2022-01-04 00:00:00-05:00,101.01578035756616,101.21129012572779,100.93580278698651,101.19351959228516,15911800,0.0,0.0,0.0,-0.0005263506111469196,-0.0005264891822566392,0.07641210959301364,0.05251392249044634
2022-01-05 00:00:00-05:00,101.2112521175218,101.22014077093439,100.69581870048698,100.76691436767578,13715700,0.0,0.0,0.0,-0.004215736603768616,-0.004224647875191992,0.07475964177213815,0.052850604003779264
2022-01-06 00:00:00-05:00,100.53589034470326,100.60698603558596,100.40259439937103,100.51811981201172,10957400,0.0,0.0,0.0,-0.0024690103614393166,-0.0024720633938695594,0.05597216824228624,0.05246787333170643
2022-01-07 00:00:00-05:00,100.3848102837584,100.42035812679075,99.94936107171327,100.18930053710938,13318200,0.0,0.0,0.0,-0.0032712437868644972,-0.0032766060020899615,0.05211886390174715,0.05167911682709628
2022-01-10 00:00:00-05:00,99.93157061454151,100.19817601218429,99.86936359243246,100.16262817382812,8430700,0.0,0.0,0.0,-0.00026621967753304165,-0.00026625512028190555,0.027278169945284744,0.051359666358965377
2022-01-11 00:00:00-05:00,100.11822714115829,100.41148502650476,100.02935412978054,100.40260314941406,8086500,0.0,0.0,0.0,0.002395853423189598,0.0023929879423123836,0.04209745962463273,0.048366663763484
2022-01-12 00:00:00-05:00,100.57142235538964,100.80247992434975,100.40257859120014,100.42034912109375,7996500,0.0,0.0,0.0,0.00017674812328594136,0.00017673250517668605,0.03574495295057836,0.04857404599035151
2022-01-13 00:00:00-05:00,100.4825329394793,100.77579746542375,100.40255540334297,100.74024963378906,8431100,0.0,0.0,0.0,0.00318561442471732,0.003180551105424701,0.040241997422005286,0.05089184522933228
2022-01-14 00:00:00-05:00,100.48255304137668,100.50032357072126,100.02044469779057,100.04710388183594,10595700,0.0,0.0,0.0,-0.006880524462395621,-0.006904304412627898,0.062973184536461,0.0530096468307114
2022-01-18 00:00:00-05:00,99.62054609212235,99.70941230742942,99.25619257534612,99.29174041748047,11594100,0.0,0.0,0.0,-0.007550078263610871,-0.0075787243825498115,0.08141886870955321,0.055465006026342044
2022-01-19 00:00:00-05:00,99.4517073117126,99.72719462701727,99.38949349980976,99.53168487548828,10349700,0.0,0.0,0.0,0.0024165600985432967,0.002413644912724953,0.08148515198791832,0.05744249113392328
2022-01-20 00:00:00-05:00,99.6916462240579,99.74496459960938,99.5583435051213,99.74496459960938,8297300,0.0,0.0,0.0,0.0021428324496657325,0.00214053985872008,0.08548149557695582,0.05834193101581999
2022-01-21 00:00:00-05:00,100.30480790308555,100.46476976712209,100.10929820481242,100.32257843017578,13250000,0.0,0.0,0.0,0.005790907168948589,0.005774204318112441,0.09557113730776609,0.06325323680500948
2022-01-24 00:00:00-05:00,100.63363548828188,100.67807198579888,100.21595681982954,100.23373413085938,22377400,0.0,0.0,0.0,-0.0008855862828350825,-0.000885978646032002,0.07977665924713012,0.06316563301435148
2022-01-25 00:00:00-05:00,100.3225869887101,100.50031939499925,100.03821107061343,100.10041809082031,13534000,0.0,0.0,0.0,-0.0013300516158064601,-0.0013309369195436615,0.04579242164598104,0.06293578603805254
2022-01-26 00:00:00-05:00,100.11817038510544,100.20703656604694,99.38945007324219,99.38945007324219,12694700,0.0,0.0,0.0,-0.0071025479327475605,-0.007127891098311018,0.0756093685801498,0.06618127706672233
2022-01-27 00:00:00-05:00,99.6294193912144,99.99377285183073,99.61164208285852,99.8071517944336,11609400,0.0,0.0,0.0,0.004202676651129389,0.004193870071129042,0.08098541330921447,0.06773515174457022
2022-01-28 00:00:00-05:00,99.66499630171573,100.11822287621158,99.63833711146161,100.03823852539062,6713500,0.0,0.0,0.0,0.0023153323865305886,0.0023126561346462457,0.06848822021774809,0.06696929906364803
2022-01-31 00:00:00-05:00,99.85161741355319,100.10933421944067,99.78941037627403,100.03823852539062,8258600,0.0,0.0,0.0,0.0,0.0,0.06851158248437139,0.06708602533279487
2022-02-01 00:00:00-05:00,100.07202020203393,100.10760217916061,99.74289200353823,99.90300750732422,16338700,0.108,0.0,0.0,-0.0013517932748494665,-0.0013527077716117186,0.06853068934844976,0.05964837207014816
2022-02-02 00:00:00-05:00,99.98307145032463,100.34777484958428,99.98307145032463,100.10760498046875,5997100,0.0,0.0,0.0,0.002047961099965301,0.0020458668863896708,0.03426456101019555,0.06042047046602022
2022-02-03 00:00:00-05:00,99.6628459481607,99.76959188843409,99.55610000788728,99.68063354492188,8032600,0.0,0.0,0.0,-0.004265124868686798,-0.004274246459481593,0.04293403574536905,0.06046064391731684
2022-02-04 00:00:00-05:00,99.11133928949243,99.13802407895595,98.81779303225574,98.91564178466797,8616400,0.0,0.0,0.0,-0.007674427148470664,-0.007704027103549305,0.06035804073613537,0.06529907150184112
2022-02-07 00:00:00-05:00,98.94233703613281,99.04907619795192,98.81779670306169,98.94233703613281,10294700,0.0,0.0,0.0,0.0002698789694248749,0.00026984255864666084,0.06101827301987288,0.06472542643379782
2022-02-08 00:00:00-05:00,98.67543224058615,98.72880179806681,98.56868633905849,98.62206268310547,8111500,0.0,0.0,0.0,-0.003236979867479617,-0.0032422302200628443,0.060845121385959496,0.06536705420691001
2022-02-09 00:00:00-05:00,98.85337243149687,99.06686431476624,98.7199484876646,98.75552368164062,10113400,0.0,0.0,0.0,0.0013532570188072857,0.0013523421917655469,0.05763746782336575,0.06480035074047755
2022-02-10 00:00:00-05:00,98.39081888565454,98.45308565409769,97.81262358635749,97.84820556640625,16633900,0.0,0.0,0.0,-0.0091875176335382,-0.009229983175739236,0.07421164209846569,0.07111038828619236
2022-02-11 00:00:00-05:00,98.2662988215671,98.94234296204509,97.7770550120298,98.8622817993164,18315600,0.0,0.0,0.0,0.01036376934088934,0.010310433672611303,0.11341168709651175,0.08097864280935935
2022-02-14 00:00:00-05:00,98.32854833655628,98.58651259206472,98.03500210236719,98.17733001708984,11090000,0.0,0.0,0.0,-0.006928342839759294,-0.0069524552442228015,0.12308332763035293,0.0810254266398023
2022-02-15 00:00:00-05:00,97.89267099411617,98.06167689240866,97.81260985360474,97.88377380371094,8490500,0.0,0.0,0.0,-0.002990061079556794,-0.0029945402430631685,0.12287954647417047,0.07762995237070673
2022-02-16 00:00:00-05:00,98.13283518095861,98.15062277417503,97.79481661730708,98.0883560180664,9007700,0.0,0.0,0.0,0.002090052379526419,0.0020878712586277185,0.12405469008552218,0.07746443540658898
2022-02-17 00:00:00-05:00,98.3196358792606,98.648764041027,98.31073868932975,98.6131820678711,8749500,0.0,0.0,0.0,0.005350543847508549,0.005336280542780663,0.10793179197522433,0.07983656507047428
2022-02-18 00:00:00-05:00,98.7733484818188,98.94236124481124,98.7110816933328,98.93346405029297,8486800,0.0,0.0,0.0,0.0032478617534259513,0.0032425988428330405,0.07951886563731164,0.07763409664687246
2022-02-22 00:00:00-05:00,98.71102972046906,98.93341196034159,98.59538661233222,98.92451477050781,8392500,0.0,0.0,0.0,-9.045756025083396e-05,-9.046165178267907e-05,0.05077221555769846,0.07765822576089436
2022-02-23 00:00:00-05:00,98.55980203182241,98.64875356197946,98.30183784377026,98.40857696533203,7941800,0.0,0.0,0.0,-0.00521546965757369,-0.005229117694077187,0.06397260400238414,0.0793192202638778
2022-02-24 00:00:00-05:00,99.20027818623745,99.22696975886262,98.49755619817589,98.63987731933594,19162100,0.0,0.0,0.0,0.002350408482030941,0.0023476505926138215,0.0642585379003292,0.07646649378702475
2022-02-25 00:00:00-05:00,98.48864855510921,98.63096966116532,98.27516350274132,98.6131820678711,8101900,0.0,0.0,0.0,-0.0002706334617430528,-0.0002706700895869895,0.05226275225659371,0.0745450679813529
2022-02-28 00:00:00-05:00,99.28923662739672,99.75178875486881,99.25365465042684,99.73400115966797,12291800,0.0,0.0,0.0,0.011365814065562363,0.011301708484980195,0.09680127264243278,0.08536281328701292
2022-03-01 00:00:00-05:00,100.25128960839695,101.04368381596392,100.20677712496573,100.70536041259766,28285600,0.101,0.0,0.0,0.009739499484981096,0.009692376283749781,0.11005537823805854,0.09229202014678485
2022-03-02 00:00:00-05:00,100.12666207234247,100.2156938481524,99.17400780652925,99.19181823730469,12303800,0.0,0.0,0.0,-0.015029410242829888,-0.015143496370358656,0.16691224036068317,0.1072000595854836
2022-03-03 00:00:00-05:00,99.44108474786091,99.80611697406104,99.26301444863994,99.61914825439453,12247400,0.0,0.0,0.0,0.004308117591589111,0.004298864219887242,0.1680187021588842,0.10816243671317596
2022-03-04 00:00:00-05:00,100.50057206829582,100.87451629253594,100.4026351039338,100.60741424560547,20102300,0.0,0.0,0.0,0.009920442088977133,0.009871557541698717,0.1746995823671119,0.11275370197843178
2022-03-07 00:00:00-05:00,100.1355488569645,100.67865141993836,100.10884000840642,100.18006134033203,13633200,0.0,0.0,0.0,-0.0042477277492707355,-0.004256774973974519,0.16862850814341862,0.11008865274993566
2022-03-08 00:00:00-05:00,99.60134133755527,99.7794048382192,99.40546741121267,99.53011322021484,10819400,0.0,0.0,0.0,-0.006487799183004905,-0.006508936424509317,0.15398586615194396,0.11298011415157948
2022-03-09 00:00:00-05:00,99.12055824574377,99.20958999294203,98.80894373420637,98.91577911376953,7932300,0.0,0.0,0.0,-0.006172344093350657,-0.006191471758124868,0.11605010835414918,0.11467369079629569
2022-03-10 00:00:00-05:00,98.57747072999322,98.67540770459276,98.25695095724708,98.46172332763672,11100100,0.0,0.0,0.0,-0.004590327147002249,-0.004600895051153386,0.10966916950377986,0.11579794159396013
2022-03-11 00:00:00-05:00,98.35489389507673,98.55966627788165,98.2480517001209,98.43502044677734,5567600,0.0,0.0,0.0,-0.00027120062453633853,-0.00027123740607598097,0.03936419385709024,0.11075703110556158
2022-03-14 00:00:00-04:00,97.64262452314507,97.70494743763922,97.18856048583984,97.18856048583984,8622500,0.0,0.0,0.0,-0.012662769360742399,-0.012743625525170754,0.07075280010623566,0.11320065686478455
2022-03-15 00:00:00-04:00,97.70494920936845,97.75837370325237,97.07281483869701,97.14404296875,9294400,0.0,0.0,0.0,-0.0004580530554965101,-0.0004581579938434454,0.08059661880943755,0.11088312647484858
2022-03-16 00:00:00-04:00,97.04608921756343,97.1529313941795,96.3783408972591,97.0104751586914,12847300,0.0,0.0,0.0,-0.0013749459665948205,-0.0013758920721291129,0.0827340938665018,0.11055088149833775
2022-03-17 00:00:00-04:00,97.07278554478724,97.25975423523802,96.6454304788101,96.82349395751953,7215900,0.0,0.0,0.0,-0.0019274331031365888,-0.0019292929925793644,0.08343332079340006,0.11025808579518814
2022-03-18 00:00:00-04:00,96.9837526453571,97.24194944127774,96.9837526453571,97.1083984375,7509200,0.0,0.0,0.0,0.002942513932677082,0.002938193212333186,0.09340148722525297,0.10884926461974082
2022-03-21 00:00:00-04:00,96.40507591264694,96.55643060942329,95.77294147962012,95.84416961669922,11003600,0.0,0.0,0.0,-0.013018738246563188,-0.013104224781116194,0.09579795592302263,0.11601182430195342
2022-03-22 00:00:00-04:00,95.44347055168164,95.47908460309824,95.23869824689336,95.3188247680664,7710300,0.0,0.0,0.0,-0.005481239502974189,-0.005496316615634869,0.09480173837562446,0.11668261593620101
2022-03-23 00:00:00-04:00,95.55035594414669,95.95990753173828,95.34557675400649,95.95990753173828,11222700,0.0,0.0,0.0,0.006725667938434876,0.006703151536007372,0.12141334996734095,0.11974480334887569
2022-03-24 00:00:00-04:00,95.39897322324097,95.71058773173716,95.36335916617186,95.4256820678711,11112300,0.0,0.0,0.0,-0.005567173599979713,-0.005582728067401839,0.12371729417901396,0.1199011827830571
2022-03-25 00:00:00-04:00,94.98942206494668,94.99832048472777,94.34838262099122,94.44631958007812,9055600,0.0,0.0,0.0,-0.010263091303831628,-0.010316119962717907,0.12003062160914948,0.12359059795475766
2022-03-28 00:00:00-04:00,94.59768838027853,94.99833469634338,94.48194777162794,94.6600112915039,12858500,0.0,0.0,0.0,0.00226257319899692,0.0022600174345998735,0.10835143415847338,0.11428245211755013
2022-03-29 00:00:00-04:00,94.89148768280467,95.2476214716388,94.68670854660176,95.13187408447266,7539900,0.0,0.0,0.0,0.0049848165717587545,0.004972433508116513,0.11525069391257546,0.10858730550611927
2022-03-30 00:00:00-04:00,94.93600982496378,95.53253686887622,94.87368691502519,95.50582122802734,6430100,0.0,0.0,0.0,0.003930829147995585,0.003923123625228533,0.10572208019158612,0.1008975927964754
2022-03-31 00:00:00-04:00,95.64826198158914,95.8174270494579,95.5058057575551,95.68387603759766,9147200,0.0,0.0,0.0,0.001864334626736408,0.0018625989119035323,0.09807592792564991,0.09927196701614446
2022-04-01 00:00:00-04:00,94.7577947008671,95.38173310346944,94.6597473347488,95.06085205078125,10237000,0.121,0.0,0.0,-0.006511274549241719,-0.0065325653679361335,0.07220718890753397,0.0897970113713282
2022-04-04 00:00:00-04:00,95.15886117720294,95.1766848728145,94.82014975750785,94.99842071533203,7372100,0.0,0.0,0.0,-0.0006567512714473756,-0.0006569670270339919,0.07274368000829719,0.08994230376245246
2022-04-05 00:00:00-04:00,94.72211247722771,94.73994297507213,93.76838485282441,93.8664321899414,9675600,0.0,0.0,0.0,-0.011915866778277162,-0.011987429777042053,0.10300861559531271,0.09494936367514828
2022-04-06 00:00:00-04:00,93.27815616261739,93.87534864155008,93.27815616261739,93.5366439819336,9054400,0.0,0.0,0.0,-0.0035133774695993436,-0.0035195638745889653,0.08499333001004773,0.09420309972143492
2022-04-07 00:00:00-04:00,93.304931640625,93.56341956114576,93.1088368871027,93.304931640625,5518900,0.0,0.0,0.0,-0.0024772359948401768,-0.0024803094207105744,0.06989753666261145,0.09396135107364706
2022-04-08 00:00:00-04:00,92.77010349530279,93.07315398434233,92.69879509776064,92.8324966430664,8091800,0.0,0.0,0.0,-0.005063344340449527,-0.00507620650381515,0.06869011692282441,0.09387882203374229
2022-04-11 00:00:00-04:00,92.50268896354615,92.60965154662978,92.27094010036942,92.3868179321289,7356400,0.0,0.0,0.0,-0.0048008911432286805,-0.0048124524389701094,0.05881707704707442,0.08693628712392609
2022-04-12 00:00:00-04:00,92.86815084183748,93.2246792288621,92.72553404675317,92.8324966430664,12211000,0.0,0.0,0.0,0.004824050886403697,0.004812452438970106,0.06453250888654481,0.09054173265410452
2022-04-13 00:00:00-04:00,93.09099843925625,93.50992683718951,92.97512057579313,93.03751373291016,6346100,0.0,0.0,0.0,0.0022084625239804367,0.002206027455133684,0.06980022930872654,0.09188553429386216
2022-04-14 00:00:00-04:00,92.90381646644062,92.93946386925273,92.09269864541471,92.19966125488281,6158700,0.0,0.0,0.0,-0.009005533836949131,-0.009046328761533443,0.0904673912044454,0.0951153947714772
2022-04-18 00:00:00-04:00,92.27985561336311,92.29768611076591,91.9054967720115,91.93223571777344,4591500,0.0,0.0,0.0,-0.0029005045514222116,-0.0029047191663947956,0.08766661229131022,0.09297816821031278
2022-04-19 00:00:00-04:00,91.57572160503506,91.74507736754506,91.26375583226174,91.3261489868164,7004900,0.0,0.0,0.0,-0.006592755263971628,-0.006614583466516228,0.09216469315600354,0.08607855077487174
2022-04-20 00:00:00-04:00,91.70051118020139,92.18183273262774,91.59355536878046,92.03922271728516,7479300,0.0,0.0,0.0,0.007807990793214037,0.007777666180350856,0.10779158933804187,0.09245339679064427
2022-04-21 00:00:00-04:00,91.78072341391096,91.78963866386758,91.15678512346807,91.5311508178711,9137500,0.0,0.0,0.0,-0.005520167211479965,-0.005535459638301811,0.10405217537703862,0.08768956751817433
2022-04-22 00:00:00-04:00,91.29937974469432,91.825263758563,91.25481030608036,91.57569122314453,5451600,0.0,0.0,0.0,0.0004866147194200199,0.0004864963608725594,0.09205934805885263,0.08737183262632309
2022-04-25 00:00:00-04:00,92.29768773756318,92.6809618343716,92.11050151324586,92.16398620605469,8617400,0.0,0.0,0.0,0.0064241391471089315,0.006403592315407395,0.10501490415889445,0.08662362961925921
2022-04-26 00:00:00-04:00,92.78791457717952,92.93943980109484,92.4848641293489,92.77899932861328,9575400,0.0,0.0,0.0,0.006673030842910599,0.006650864728066025,0.08948037606574302,0.09030396628727459
2022-04-27 00:00:00-04:00,92.72554548386593,92.81467759161596,92.2174849893124,92.26205444335938,7908900,0.0,0.0,0.0,-0.005571787678189333,-0.0055873679875569375,0.09600826997360522,0.08880603209121785
2022-04-28 00:00:00-04:00,91.95009271025317,92.15509588706041,91.77182168656839,92.12835693359375,6943500,0.0,0.0,0.0,-0.0014491061419806828,-0.0014501571117198845,0.08346056194898895,0.08645204944004183
2022-04-29 00:00:00-04:00,91.45092785137801,91.99464249695501,91.40636520194876,91.63810729980469,10012500,0.0,0.0,0.0,-0.00532137606820049,-0.00533558501969647,0.096282096263715,0.08619190851101202
2022-05-02 00:00:00-04:00,91.1606656977027,91.22313479886267,90.86616558853936,90.95540618896484,11327000,0.125,0.0,0.0,-0.007449969570042625,-0.007477859197597172,0.08947310822498505,0.08688439790232641
2022-05-03 00:00:00-04:00,91.49085761022003,91.56225281479719,91.04464779454499,91.0625,8129100,0.0,0.0,0.0,0.0011774320573387786,0.001176739427843423,0.05558795695955094,0.08755524960453381
2022-05-04 00:00:00-04:00,91.02681342244546,91.72289972982577,90.85725149319354,91.65150451660156,11934700,0.0,0.0,0.0,0.006468134705301942,0.0064473060886395955,0.08712787261786781,0.08448121655192779
2022-05-05 00:00:00-04:00,90.92863320759622,91.05357140787973,90.26824460486608,90.7322998046875,11675700,0.0,0.0,0.0,-0.01002934667316413,-0.010079979397073129,0.10698948158882614,0.08986317178086474
2022-05-06 00:00:00-04:00,90.26824860015358,90.67876082048605,90.12545818858321,90.2146987915039,12538400,0.0,0.0,0.0,-0.005704705097278384,-0.00572103907738326,0.10753965646905829,0.09104846018623873
2022-05-09 00:00:00-04:00,90.2593117309946,90.92862638599522,90.21468803054624,90.88400268554688,7301200,0.0,0.0,0.0,0.00741901156916569,0.007391626068320737,0.1207158633867264,0.09554289801567899
2022-05-10 00:00:00-04:00,91.30345106678391,91.54440818208772,91.13389596527469,91.18743896484375,8054600,0.0,0.0,0.0,0.0033387204604835574,0.003333159307978238,0.1231456458200949,0.09566517800524482
2022-05-11 00:00:00-04:00,90.96433744632385,91.78536191055798,90.83939923692395,91.74966430664062,7167900,0.0,0.0,0.0,0.00616560074698036,0.00614667119887192,0.12220587460201661,0.09679257447064764
2022-05-12 00:00:00-04:00,92.02630620070492,92.42789227368135,91.92813950577809,92.0530776977539,8132400,0.0,0.0,0.0,0.0033069700407755143,0.003301514040593978,0.08152009303022356,0.09728789719650441
2022-05-13 00:00:00-04:00,91.80321326998819,91.8656823741119,91.5176392499053,91.57118225097656,6016900,0.0,0.0,0.0,-0.00523497376545734,-0.005248724250566116,0.0784032132570917,0.09378029341788664
2022-05-16 00:00:00-04:00,91.90138253454846,92.21372806385695,91.80321582410552,91.95492553710938,3315600,0.0,0.0,0.0,0.004190655582900105,0.004181899240478995,0.0698171392186466,0.09457238814944166
2022-05-17 00:00:00-04:00,91.33911879437359,91.60684732189388,91.23203283026089,91.25880432128906,4286800,0.0,0.0,0.0,-0.0075702439184661685,-0.007599043654374047,0.09755998598502189,0.0955388804004336
2022-05-18 00:00:00-04:00,91.25883107768124,92.00846028073278,91.19636197742695,91.91029357910156,4465500,0.0,0.0,0.0,0.00713891950105805,0.007113558045959512,0.10149280911796864,0.09483877300491492
2022-05-19 00:00:00-04:00,92.72238585456643,92.74915734973756,92.16908332275509,92.240478515625,5137600,0.0,0.0,0.0,0.003592469609938309,0.0035860321040784436,0.10203276048451891,0.09337654453565335
2022-05-20 00:00:00-04:00,92.1869531373786,92.80271806981608,92.16017482847118,92.66885375976562,5908800,0.0,0.0,0.0,0.004644113419989049,0.0046333627971516834,0.09102877823771045,0.09458458055060302
2022-05-23 00:00:00-04:00,92.42789237074105,92.60637355700227,92.09769468667491,92.10662078857422,5720600,0.0,0.0,0.0,-0.006067119084573247,-0.006085598835379427,0.10617901068705737,0.09479382707151617
2022-05-24 00:00:00-04:00,92.57964532093062,93.23111489158504,92.55287381134362,92.90091705322266,6786600,0.0,0.0,0.0,0.008623660903505526,0.008586689540100669,0.0912969216313593,0.09684951513789651
2022-05-25 00:00:00-04:00,93.23107775927404,93.23107775927404,92.87410855349927,93.08828735351562,4274500,0.0,0.0,0.0,0.002016883215325338,0.002014852037014303,0.08581770012171705,0.09469455930624204
2022-05-26 00:00:00-04:00,93.14182971886338,93.1775273174511,92.7045392426294,93.04366302490234,3478900,0.0,0.0,0.0,-0.00047937640579653884,-0.0004794913433994738,0.0875877950510991,0.09449723804160863
2022-05-27 00:00:00-04:00,93.21323443635593,93.33817264898904,93.00798171929667,93.17754364013672,2508200,0.0,0.0,0.0,0.0014389009512505435,0.001437866725257096,0.08378327444621667,0.0919762128298124
2022-05-31 00:00:00-04:00,92.47254740431373,92.48146670061436,92.05310898499765,92.20481872558594,6773200,0.0,0.0,0.0,-0.01043947797451672,-0.01049435155986368,0.10924870717571296,0.09607480591986987
2022-06-01 00:00:00-04:00,92.27539877087308,92.36475776556077,91.51589503596689,91.6856689453125,5555900,0.129,0.0,0.0,-0.005630397493850081,-0.005646307931316666,0.0842861448460505,0.0986310442277363
2022-06-02 00:00:00-04:00,91.9537032634402,91.96263370638212,91.60521829187722,91.81967163085938,3014300,0.0,0.0,0.0,0.0014615445040468966,0.0014604774874132456,0.08243381532878952,0.09608661423893283
2022-06-03 00:00:00-04:00,91.4622716233589,91.72139767209696,91.43546665575379,91.64097595214844,2687800,0.0,0.0,0.0,-0.001946158982460089,-0.0019480552104928228,0.08054727217551709,0.08878085416081113
2022-06-06 00:00:00-04:00,91.417592500322,91.50695148220939,90.89934721789443,90.95295715332031,4800600,0.0,0.0,0.0,-0.007507763767022557,-0.007536088886674191,0.0741085504940016,0.0906664127860554
2022-06-07 00:00:00-04:00,91.19419578473902,91.52480624642673,91.17632808116801,91.31929016113281,3230000,0.0,0.0,0.0,0.004027719595691259,0.004019630047466675,0.07604910126864284,0.0879543483952978
2022-06-08 00:00:00-04:00,91.14951016502002,91.2924722246701,90.97079906904335,90.979736328125,2917900,0.0,0.0,0.0,-0.0037183144153735137,-0.0037252445306512863,0.07122903182773516,0.08823792248985056
2022-06-09 00:00:00-04:00,90.86358791654732,91.08697169502865,90.70275132335549,90.89933013916016,4178600,0.0,0.0,0.0,-0.0008837812925160948,-0.0008841720574533874,0.06681930567824546,0.08509153522912231
2022-06-10 00:00:00-04:00,90.43471438997841,90.52406656395706,89.88965726643458,90.00582122802734,4443400,0.0,0.0,0.0,-0.009829653417301465,-0.00987828340012264,0.0868219458890161,0.0900286733133444
2022-06-13 00:00:00-04:00,89.04973385451329,89.17482825477296,87.94174514202264,88.40638732910156,9200800,0.0,0.0,0.0,-0.017770338374822003,-0.01793012666256728,0.13387337469705474,0.10703808052290653
2022-06-14 00:00:00-04:00,88.6029577313075,88.72805211962255,87.5575163187705,87.70048522949219,7829800,0.0,0.0,0.0,-0.00798474093259327,-0.008016789691165977,0.10280928519457844,0.10682253207267328
2022-06-15 00:00:00-04:00,88.41529161085927,88.9603485437589,87.92385141730047,88.92460632324219,10256200,0.0,0.0,0.0,0.013957974012877461,0.01386145856342356,0.1895698618395137,0.11944149434240144
2022-06-16 00:00:00-04:00,88.05790175516215,89.55010398893634,87.95067507082283,89.50542449951172,9168800,0.0,0.0,0.0,0.006531579956151168,0.006510341617565047,0.20515564294011204,0.11889273648568563
2022-06-17 00:00:00-04:00,89.5858509454606,89.76455527832535,88.9514417015175,89.53223419189453,7029700,0.0,0.0,0.0,0.0002995314812785921,0.00029948663068034086,0.1963865082253817,0.11766443836264434
2022-06-21 00:00:00-04:00,89.04972110173131,89.30884031006543,88.95143168458421,89.06758880615234,10342000,0.0,0.0,0.0,-0.005189699441056184,-0.00520321270466055,0.14124494435298443,0.11606197181523899
2022-06-22 00:00:00-04:00,90.10407670475098,90.35427226051056,89.98791959528292,90.19343566894531,9501900,0.0,0.0,0.0,0.012640365343708604,0.012561142828199439,0.12915826787963944,0.12585360583446625
2022-06-23 00:00:00-04:00,90.74743145815661,91.29248846788502,90.60446937307,90.7027587890625,9247200,0.0,0.0,0.0,0.005647008746697102,0.005631124164995737,0.10705601359952584,0.12324522298931742
2022-06-24 00:00:00-04:00,90.58662812542478,90.9261759843494,90.30963429704731,90.38111877441406,5127000,0.0,0.0,0.0,-0.003546088552790816,-0.0035523908281650694,0.11552892830153408,0.12292008951019656
2022-06-27 00:00:00-04:00,89.86283550524516,90.26492362158659,89.75560882622555,89.87177276611328,5439400,0.0,0.0,0.0,-0.00563553555441243,-0.005651475098357994,0.12795174340489657,0.12374213048100305
2022-06-28 00:00:00-04:00,89.77349897839682,90.01475052677937,89.64840457299344,89.98794555664062,3763300,0.0,0.0,0.0,0.0012926504835915065,0.0012918157302405865,0.11666606319353283,0.12369394503423022
2022-06-29 00:00:00-04:00,90.13980048770422,90.71166229248047,90.05938561693746,90.71166229248047,3559600,0.0,0.0,0.0,0.008042374246496342,0.008010206708560032,0.09251055607050386,0.12379414149962738
2022-06-30 00:00:00-04:00,91.22994212983374,91.62309979747712,91.14952723443353,91.40865325927734,5409500,0.0,0.0,0.0,0.007683587194660557,0.007654218779160859,0.09959231864618148,0.12588874504599867
2022-07-01 00:00:00-04:00,92.28119773071245,93.0418540066237,92.15591348891431,92.38858032226562,63222900,0.155,0.0,0.0,0.010720287719465205,0.010663232836038797,0.1048079232950412,0.13159358324533232
2022-07-05 00:00:00-04:00,92.84497874379468,93.08659640727802,92.56756460655839,92.72864532470703,6651400,0.0,0.0,0.0,0.0036808120793199173,0.0036740544677939624,0.05962010074615203,0.1318118073954946
2022-07-06 00:00:00-04:00,93.06869655794296,93.07764738276762,91.92323676962644,91.94113159179688,4754700,0.0,0.0,0.0,-0.008492669445914203,-0.008528937651648886,0.12055909989134306,0.13266120794610586
2022-07-07 00:00:00-04:00,91.96796687388563,91.96796687388563,91.3057492885502,91.3773422241211,4058100,0.0,0.0,0.0,-0.0061320690523900545,-0.006150947402954514,0.1342564852668552,0.13404740816152233
2022-07-08 00:00:00-04:00,91.12676102670038,91.1357050217867,90.71511194598263,90.82249450683594,3664900,0.0,0.0,0.0,-0.006072049194911777,-0.006090559052171137,0.12973059636001427,0.13518420259112313
2022-07-11 00:00:00-04:00,91.30574039725612,91.6905438541301,91.2609999374897,91.53841400146484,2765700,0.0,0.0,0.0,0.007882623115741616,0.007851717547209138,0.1138098111075891,0.13802050285141404
2022-07-12 00:00:00-04:00,92.02168211972686,92.2006576644934,91.68161902619927,91.75321197509766,3669200,0.0,0.0,0.0,0.0023465337036467915,0.002343784892714135,0.11007491669064423,0.13273313683209895
2022-07-13 00:00:00-04:00,91.19835216049815,92.21852743342443,91.08201195188988,92.14693450927734,6809400,0.0,0.0,0.0,0.004291103555988274,0.004281923024827409,0.1002279664834841,0.11299952809682087
2022-07-14 00:00:00-04:00,91.45787375075243,91.85162804564281,91.21625614182823,91.63685607910156,5370400,0.0,0.0,0.0,-0.00553548995299924,-0.005550867552127829,0.09781524044758903,0.110405594467871
2022-07-15 00:00:00-04:00,91.69949718332485,92.16483757698313,91.67265154123578,91.95006561279297,3834000,0.0,0.0,0.0,0.0034179428135447942,0.0034121149228290605,0.07841993241189471,0.10152604650737429
2022-07-18 00:00:00-04:00,91.65476446106638,91.81584516667812,91.3057574034874,91.68161010742188,3150700,0.0,0.0,0.0,-0.0029195792692696676,-0.002923849554473905,0.06839656034234937,0.10109467189463892
2022-07-19 00:00:00-04:00,91.56526895257421,91.64581271230685,91.17151463272162,91.2610092163086,2996100,0.0,0.0,0.0,-0.0045876254858577825,-0.004598180934994143,0.07301334961225396,0.10315300829481991
2022-07-20 00:00:00-04:00,91.70844127192977,91.71738526698424,91.09991506184659,91.17150115966797,53057500,0.0,0.0,0.0,-0.0009807918782540614,-0.000981273169331607,0.05632692471165295,0.1008726393334009
2022-07-21 00:00:00-04:00,91.53841871878673,92.20958709716797,91.4489309671648,92.20958709716797,5344300,0.0,0.0,0.0,0.011386079249501524,0.01132174572633126,0.10160891106875024,0.09906586740856016
2022-07-22 00:00:00-04:00,93.06865635104994,93.48030535792094,92.90757571118948,93.26553344726562,7747100,0.0,0.0,0.0,0.01145158961600079,0.01138651648626961,0.12553195323138644,0.10457024529935581
2022-07-25 00:00:00-04:00,92.69281540709149,92.97918026631447,92.66596976833259,92.93443298339844,2994500,0.0,0.0,0.0,-0.0035500838480101438,-0.003556400349511763,0.12742937956333616,0.10457276006729643
2022-07-26 00:00:00-04:00,93.56086146932432,93.69508966406929,92.93443364144812,92.97023010253906,4736300,0.0,0.0,0.0,0.0003851868246402823,0.00038511265923975627,0.11353799918314245,0.10132254989854676
2022-07-27 00:00:00-04:00,93.19399197171806,93.61459203169136,93.0866025433803,93.15819549560547,7475300,0.0,0.0,0.0,0.00202178044368706,0.0020197393961761175,0.10751684937172468,0.10131524502861408
2022-07-28 00:00:00-04:00,94.05305700724814,94.2499341495209,93.73984647521311,94.07990264892578,5768100,0.0,0.0,0.0,0.009893999646695573,0.009845374500586932,0.10172117015699965,0.10303854794548087
2022-07-29 00:00:00-04:00,93.89196937130174,94.48260075434786,93.79353080746073,94.11569213867188,5961100,0.0,0.0,0.0,0.00038041588839266005,0.00038034354861414185,0.07865449469305916,0.10078594572564183
2022-08-01 00:00:00-04:00,94.38822217837097,94.72887432834636,94.24478537452242,94.66612243652344,9672400,0.184,0.0,0.0,0.005848443392846292,0.00583140763728327,0.06535850706160315,0.09624264651558341
2022-08-02 00:00:00-04:00,94.63028622945262,94.80061576554974,93.29456315640576,93.35731506347656,9269700,0.0,0.0,0.0,-0.013825509478583187,-0.013921971962044916,0.14281358037069672,0.1094932806630489
2022-08-03 00:00:00-04:00,93.21384435223878,93.7517185835592,92.72078898385395,93.74275207519531,7829500,0.0,0.0,0.0,0.004128621431075619,0.004120122059376149,0.1446610730783556,0.10503292123014753
2022-08-04 00:00:00-04:00,93.84141454121365,94.24481872576817,93.70694419988025,94.21792602539062,9873200,0.0,0.0,0.0,0.005068914019231707,0.00505611032355895,0.12987068585151978,0.10245076241230898
2022-08-05 00:00:00-04:00,92.98976359088658,93.02561595859467,92.64910454265997,92.85529327392578,10047200,0.0,0.0,0.0,-0.014462563643118487,-0.014568165939997494,0.16690585108180372,0.11436782946110403
2022-08-08 00:00:00-04:00,93.23180061029296,93.44694900434928,93.15112252731339,93.40213012695312,6681300,0.0,0.0,0.0,0.0058891295665197685,0.005871856425659948,0.16703653900322893,0.11301815788566705
2022-08-09 00:00:00-04:00,93.14214719317835,93.30351018329654,93.0345695866184,93.12421417236328,3814700,0.0,0.0,0.0,-0.0029754776921264714,-0.0029799132266157204,0.1361729941083031,0.11377374027730978
2022-08-10 00:00:00-04:00,93.54552325903917,93.86824914271287,93.16901200790032,93.177978515625,7260300,0.0,0.0,0.0,0.0005773401014927959,0.0005771735048152777,0.13084678041923226,0.11300888022967392
2022-08-11 00:00:00-04:00,93.39314819649076,93.49175928570341,92.46082952358032,92.55944061279297,8309300,0.0,0.0,0.0,-0.006638241274233181,-0.006660372393351954,0.12169638561417262,0.11386499583810576
2022-08-12 00:00:00-04:00,92.91804307107348,92.9628619494152,92.62220974835213,92.92700958251953,4128600,0.0,0.0,0.0,0.003971166715065033,0.003963302445866177,0.08077663442166794,0.1140681396427027
2022-08-15 00:00:00-04:00,93.38421001257113,93.52764685473147,93.1869877743232,93.22284698486328,3441100,0.0,0.0,0.0,0.0031835459213938044,0.0031784891685046183,0.07030186373648124,0.11366026849532049
2022-08-16 00:00:00-04:00,93.04353123316486,93.15110883410117,92.68494606948691,93.11524963378906,3241800,0.0,0.0,0.0,-0.0011541950772184784,-0.0011548616733272788,0.06717943539729548,0.1121213488972787
2022-08-17 00:00:00-04:00,92.61322044638804,92.6580461531432,92.29946101742966,92.48771667480469,6366700,0.0,0.0,0.0,-0.00673931457470589,-0.006762126303217911,0.08165647076235709,0.11530901324579934
2022-08-18 00:00:00-04:00,92.73871899784116,92.98973336632122,92.58632254655993,92.66700744628906,3709200,0.0,0.0,0.0,0.0019385360340853364,0.001936659497871626,0.06925257656379005,0.10841267696555587
2022-08-19 00:00:00-04:00,91.99467492347353,92.05742681392123,91.76159354204931,91.86917114257812,6678000,0.0,0.0,0.0,-0.008609712622622223,-0.008646990319406942,0.08281583869039633,0.10427733852788382
2022-08-22 00:00:00-04:00,91.79745940285338,91.84227827674336,91.4209480328483,91.46576690673828,4125800,0.0,0.0,0.0,-0.0043910729880622945,-0.004400742064517633,0.06737459865434797,0.10462079320765731
2022-08-23 00:00:00-04:00,91.31335657827506,91.87812354764462,91.17888629810825,91.24163818359375,7755000,0.0,0.0,0.0,-0.002450411019601084,-0.0024534181902240546,0.06475601255380183,0.10468773259389125
2022-08-24 00:00:00-04:00,91.0265113550737,91.1161559498935,90.80239644830213,90.9368667602539,3504600,0.0,0.0,0.0,-0.003340266893571031,-0.0033458580391152984,0.060199903214238716,0.10442106903335613
2022-08-25 00:00:00-04:00,91.00857245730903,91.55541334168542,90.89203517551088,91.5195541381836,6645300,0.0,0.0,0.0,0.006407603414200436,0.006387161997304575,0.08729390063771564,0.10016127828738298
2022-08-26 00:00:00-04:00,91.31336857950645,91.64506106891962,91.09822020662833,91.41197967529297,5535900,0.0,0.0,0.0,-0.0011754259939706913,-0.0011761173489151571,0.06827089125981574,0.09995482905691258
2022-08-29 00:00:00-04:00,91.06235065974323,91.06235065974323,90.7665174059908,90.89202117919922,4416900,0.0,0.0,0.0,-0.005688078279681874,-0.005704317004308284,0.0728115717238635,0.09715081518753907
2022-08-30 00:00:00-04:00,90.89201262017392,91.18784584606863,90.56032019967601,90.86511993408203,4474200,0.0,0.0,0.0,-0.00029596926955943736,-0.0002960130771077044,0.07217626808324965,0.08663584397846412
2022-08-31 00:00:00-04:00,90.73067327941543,90.93686199218968,90.33622887555711,90.48863220214844,5797600,0.0,0.0,0.0,-0.004143369119049334,-0.004151976657243944,0.0741424809476872,0.08466678451975013
2022-09-01 00:00:00-04:00,89.88601613718848,90.08358866189478,89.56272373955125,89.76927185058594,10324200,0.179,0.0,0.0,-0.007949731740396704,-0.007981499332336583,0.05023527880181214,0.08335871105454092
2022-09-02 00:00:00-04:00,90.12852437029044,90.51468711190635,90.00279760340106,90.27220916748047,5741900,0.0,0.0,0.0,0.005602555379212948,0.005586919439451683,0.08440145589318875,0.07484946164389353
2022-09-06 00:00:00-04:00,89.7244118061481,89.751352279861,89.22149784099032,89.26640319824219,6769400,0.0,0.0,0.0,-0.011141922619532063,-0.01120445878868139,0.10400487440856925,0.0772305596750713
2022-09-07 00:00:00-04:00,89.61661745690925,89.9578747791039,89.57171211248651,89.85011291503906,7169700,0.0,0.0,0.0,0.006538963102395545,0.006517676826229114,0.12650938949348864,0.08319992682240333
2022-09-08 00:00:00-04:00,89.84112918575882,90.03870173583209,89.51782989501953,89.51782989501953,5773600,0.0,0.0,0.0,-0.0036981925702612717,-0.0037050477909076627,0.12612158837751838,0.08298060506985128
2022-09-09 00:00:00-04:00,89.71538450688496,89.88600970561961,89.41902574103071,89.52679443359375,5780600,0.0,0.0,0.0,0.00010014249211276471,0.00010013747818813658,0.11519287407018973,0.08140522106662389
2022-09-12 00:00:00-04:00,89.77827789867564,89.85012371775265,89.14963725914347,89.31128692626953,4034200,0.0,0.0,0.0,-0.002407184448942501,-0.002410086375344907,0.10160767535001515,0.07866418801992989
2022-09-13 00:00:00-04:00,88.69162057061469,88.86224579755712,88.59283429899858,88.80836486816406,5100500,0.0,0.0,0.0,-0.005631114223229705,-0.005647028719277322,0.07477550887063915,0.07721327547030714
2022-09-14 00:00:00-04:00,88.67366457847264,89.06880970453186,88.62876608334388,88.85327911376953,3866600,0.0,0.0,0.0,0.0005057434136090944,0.0005056155685116177,0.04098909098784223,0.07779438002603666
2022-09-15 00:00:00-04:00,88.61079885863138,88.71856757695706,88.45813164636533,88.54793548583984,4622600,0.0,0.0,0.0,-0.0034364925073695485,-0.0034424108104389476,0.04043534257438513,0.07617721176549866
2022-09-16 00:00:00-04:00,88.47608986938846,88.89817545260573,88.41322649645782,88.61978149414062,4718200,0.0,0.0,0.0,0.0008113798238951198,0.0008110508332313715,0.043177446815052,0.07547406520255366
2022-09-19 00:00:00-04:00,88.28751127620085,88.55692968198584,88.22464789506364,88.36833953857422,3879000,0.0,0.0,0.0,-0.002837311843101653,-0.0028413446423615906,0.04351982524668768,0.07167789805828129
2022-09-20 00:00:00-04:00,87.73966737211728,88.0450085791452,87.59598263179231,87.82049560546875,4869100,0.0,0.0,0.0,-0.006199549928923687,-0.0062188469350937465,0.046496359002792705,0.07278011612966567
2022-09-21 00:00:00-04:00,87.97319614976738,88.26057259100602,87.3804852372854,88.17076873779297,5414900,0.0,0.0,0.0,0.003988512361599694,0.00398057933316211,0.06304218714764846,0.07580282241367878
2022-09-22 00:00:00-04:00,87.25476199081228,87.30864293459378,86.74286561850778,86.8416519165039,6662400,0.0,0.0,0.0,-0.015074347658708298,-0.01518912051535254,0.11657280546606687,0.0893960719967791
2022-09-23 00:00:00-04:00,86.80573231949435,87.08412631982,86.46446808519086,86.94941711425781,7630600,0.0,0.0,0.0,0.0012409390583394408,0.0012401697298602499,0.11769229912956897,0.08447781200835879
2022-09-26 00:00:00-04:00,86.4734379562121,86.4824203957025,85.37781329257204,85.5035400390625,8015500,0.0,0.0,0.0,-0.016628945002533202,-0.016768758037773116,0.14766924465149608,0.0978994156872743
2022-09-27 00:00:00-04:00,85.53047547382414,85.62926174762516,84.87490131306465,84.9197998046875,8668400,0.0,0.0,0.0,-0.00682708849374325,-0.006850499676715086,0.14764672371045487,0.0983477263614982
2022-09-28 00:00:00-04:00,86.12321003681855,86.9314584123497,85.78194580515274,86.83267211914062,8471700,0.0,0.0,0.0,0.022525633819823643,0.02227567837101759,0.2529627868339796,0.134529270419867
2022-09-29 00:00:00-04:00,86.19506205729057,86.73389206252426,86.11423378812812,86.42855072021484,6056500,0.0,0.0,0.0,-0.004654024678306556,-0.004664888370860352,0.23140353354287715,0.13463761307129404
2022-09-30 00:00:00-04:00,86.80571006010481,87.00327574579391,85.90765805543546,86.20401000976562,8847200,0.0,0.0,0.0,-0.002597992313629116,-0.0026013729521780146,0.2308027679968266,0.13296706777432898
2022-10-03 00:00:00-04:00,87.02913836453106,87.86595726668875,86.82218019949543,87.22709655761719,10579900,0.187,0.0,0.0,0.01186820134858757,0.011798326562299013,0.2009143623436631,0.1394165754360844
2022-10-04 00:00:00-04:00,87.57802386567099,87.91094732805286,87.24509353832164,87.40705871582031,7361400,0.0,0.0,0.0,0.0020631451155117553,0.0020610197544114624,0.17930790408235395,0.13534754543967423
2022-10-05 00:00:00-04:00,86.88518461157317,86.91217766815178,86.36330283279302,86.57925415039062,8603700,0.0,0.0,0.0,-0.009470683233044896,-0.009515815334086101,0.12839125672320545,0.1354230478837386
2022-10-06 00:00:00-04:00,86.43527180602318,86.55225085732032,85.98536927633958,86.10234832763672,11298400,0.0,0.0,0.0,-0.0055083152128512225,-0.005523541922513373,0.13023811571094393,0.1359079368988215
2022-10-07 00:00:00-04:00,85.65247318554133,85.95840370836366,85.54449407250226,85.6794662475586,5085300,0.0,0.0,0.0,-0.004911388461427024,-0.004923488966181284,0.13332834920804906,0.13608968505290178
2022-10-10 00:00:00-04:00,85.55346885505993,85.60745496319707,84.8696150704617,85.17555236816406,3829100,0.0,0.0,0.0,-0.00588138443741637,-0.005898747893111278,0.0666845417440562,0.13673095205270067
2022-10-11 00:00:00-04:00,85.46348079762285,85.86839029631554,85.15754353185976,85.39149475097656,5498500,0.0,0.0,0.0,0.0025352624879859675,0.002532054131584115,0.0697342232559001,0.13719015998463238
2022-10-12 00:00:00-04:00,85.27450905434794,85.78739758298566,85.22052295605978,85.67042541503906,5847400,0.0,0.0,0.0,0.0032664923465262063,0.003261168949807578,0.0727912763308354,0.13818517254943874
2022-10-13 00:00:00-04:00,84.5636909304619,85.69744047551652,84.55469095678001,85.3105239868164,6220100,0.0,0.0,0.0,-0.004200999662124727,-0.004209848652972653,0.06944970549784477,0.1383328212672258
2022-10-14 00:00:00-04:00,85.76940080335679,85.7784007743386,84.78861678029716,84.83360290527344,5886200,0.0,0.0,0.0,-0.005590413225180391,-0.005606098069014623,0.07148017553855471,0.13858109254511589
2022-10-17 00:00:00-04:00,85.44546479764853,85.58043689350626,84.87859023300521,84.92357635498047,3215200,0.0,0.0,0.0,0.0010605873925630949,0.0010600253671041052,0.06419251404988342,0.13901275557890008
2022-10-18 00:00:00-04:00,85.14854999255039,85.30152206947223,84.64466135789333,85.13955688476562,4006600,0.0,0.0,0.0,0.002543234035297326,0.0025400054884264756,0.06421695195813441,0.13893189529077282
2022-10-19 00:00:00-04:00,84.47369240383081,84.64465755360604,84.18575507340107,84.24874114990234,5762600,0.0,0.0,0.0,-0.010463006473817815,-0.010518128558336287,0.08344316386460145,0.1408001384706068
2022-10-20 00:00:00-04:00,84.05080599566064,84.26675731881906,83.55591039574676,83.618896484375,5738400,0.0,0.0,0.0,-0.007476012779902175,-0.0075040982291189025,0.08867190946829266,0.13403112352331845
2022-10-21 00:00:00-04:00,83.32193532350992,83.97879594440252,83.21396312525737,83.80783081054688,7528500,0.0,0.0,0.0,0.0022594692601232147,0.002256920497965642,0.09685359553892157,0.134391473386713
2022-10-24 00:00:00-04:00,83.78084564041345,84.06878297111159,83.40292918105354,83.69985961914062,6210800,0.0,0.0,0.0,-0.0012883186494866417,-0.0012891492454160745,0.09289783856641483,0.1224489073993894
2022-10-25 00:00:00-04:00,84.61767254937192,84.97759596288267,84.54568649367614,84.74364471435547,6301500,0.0,0.0,0.0,0.012470571634939143,0.01239345452424839,0.1427824089156357,0.12931451350836562
2022-10-26 00:00:00-04:00,84.95060109763538,85.31951761151907,84.9416011246232,85.17555236816406,6692700,0.0,0.0,0.0,0.005096637691999417,0.005083693795722093,0.1176405736535097,0.10050879019433229
2022-10-27 00:00:00-04:00,85.44549674508961,85.9043992965998,85.18455242619044,85.77842712402344,7238100,0.0,0.0,0.0,0.007078025784364783,0.007053094135302471,0.08214748931589333,0.1033522493218328
2022-10-28 00:00:00-04:00,85.22953694094423,85.65244642031458,85.10356478091491,85.33750915527344,5659800,0.0,0.0,0.0,-0.005140196475187153,-0.005153452731107506,0.11035378800524141,0.10447113254287355
2022-10-31 00:00:00-04:00,84.96858512015376,85.08555729696975,84.59066867354773,84.95059204101562,4586900,0.0,0.0,0.0,-0.00453396306135212,-0.004544272645859098,0.12134946200846418,0.09449605006067578
2022-11-01 00:00:00-04:00,85.62961209140883,85.65666331149279,84.79098987000113,84.93527221679688,6066400,0.203,0.0,0.0,-0.00018033805122108504,-0.00018035431408268204,0.0876728868519466,0.0937683592010254
2022-11-02 00:00:00-04:00,85.04348762459774,85.54846902113319,84.57458369898822,84.79100036621094,7581400,0.0,0.0,0.0,-0.0016986093859531204,-0.0017000536586112564,0.07776460091973945,0.08884352627282079
2022-11-03 00:00:00-04:00,84.03350690991539,84.57455181387593,84.02448754558426,84.42125701904297,8403900,0.0,0.0,0.0,-0.004360643766096128,-0.004370179103359486,0.03391907068793418,0.08816675024994954
2022-11-04 00:00:00-04:00,84.4392981496494,84.7188365568085,84.22288154022817,84.24091339111328,5287000,0.0,0.0,0.0,-0.0021362348097826445,-0.002138519814147791,0.02940085619681773,0.0870650671307889
2022-11-07 00:00:00-05:00,84.34911770406434,84.39420076718504,83.92529700812547,83.94332885742188,4289300,0.0,0.0,0.0,-0.0035325416322325998,-0.0035387957904845987,0.025858295799658162,0.08564597317075096
2022-11-08 00:00:00-05:00,84.17779016954552,84.65571332715687,84.15073895379541,84.5024185180664,4679200,0.0,0.0,0.0,0.006660322723133216,0.006638240768148962,0.07017466462436336,0.08891141061859195
2022-11-09 00:00:00-05:00,84.41226947863072,84.84510281307617,84.34914766403402,84.79100036621094,3658100,0.0,0.0,0.0,0.003415072055988899,0.0034092539398428066,0.07616445810168003,0.08899659862601304
2022-11-10 00:00:00-05:00,86.05343473199326,86.72974276764874,86.05343473199326,86.69367218017578,9608300,0.0,0.0,0.0,0.02243954907652035,0.022191486479562282,0.1650595777222328,0.1193652337488831
2022-11-11 00:00:00-05:00,86.29689741102153,86.62152579900588,86.25181433921081,86.51332092285156,2840200,0.0,0.0,0.0,-0.0020803278115777424,-0.0020824946992255462,0.16489982138924322,0.11749633845267343
2022-11-14 00:00:00-05:00,86.42312479414288,86.43214415871596,86.14358641021208,86.30590057373047,4130800,0.0,0.0,0.0,-0.0023975538900657956,-0.0024004326245949553,0.1611900992201761,0.11811487284047104
2022-11-15 00:00:00-05:00,86.72972749703202,87.00926590102736,86.51331089006013,86.9461441040039,6841600,0.0,0.0,0.0,0.007418305423120941,0.007390925122354734,0.16159134831870905,0.1202981482401147
2022-11-16 00:00:00-05:00,87.35194676901473,87.67657517059028,87.14454261476774,87.58639526367188,6140100,0.0,0.0,0.0,0.007363767148800937,0.007336786984959353,0.1604101566580765,0.11409900672338928
2022-11-17 00:00:00-05:00,87.04534389148635,87.13551691208687,86.80187604788887,86.99124145507812,5986800,0.0,0.0,0.0,-0.006795048555224614,-0.006818240015430083,0.10134919742436208,0.11337468461950995
2022-11-18 00:00:00-05:00,86.9912507945106,87.09945567894398,86.66662238168801,86.68465423583984,3102100,0.0,0.0,0.0,-0.0035243458319490495,-0.003530570969382537,0.1043214084176052,0.11504762795851244
2022-11-21 00:00:00-05:00,87.05435202088928,87.11747381513823,86.6034800963227,86.63053131103516,4477700,0.0,0.0,0.0,-0.0006243656998092817,-0.0006245606972435283,0.10204645723857425,0.11484179926025692
2022-11-22 00:00:00-05:00,87.00026700634906,87.21668364712858,86.91008709957673,87.12651062011719,5532800,0.0,0.0,0.0,0.005725225293854885,0.0057088984783460655,0.09559907460200395,0.10882627409125031
2022-11-23 00:00:00-05:00,87.24373359197143,87.6314837942373,87.15356056627816,87.59541320800781,5236500,0.0,0.0,0.0,0.005381858914734972,0.005367428463991795,0.08720900629956702,0.10895906717583183
2022-11-25 00:00:00-05:00,87.35195035438164,87.57738637140876,87.33391162035318,87.56836700439453,1345400,0.0,0.0,0.0,-0.0003087627836066975,-0.0003088104606491512,0.06438738757013107,0.10701261044055412
2022-11-28 00:00:00-05:00,87.66754532238866,87.78476955570187,87.47817992407033,87.60442352294922,4218400,0.0,0.0,0.0,0.0004117527800064913,0.00041166803309295656,0.05019073585297011,0.10453594747518984
2022-11-29 00:00:00-05:00,87.25273416367983,87.54129191159768,87.20764422066541,87.23469543457031,3356600,0.0,0.0,0.0,-0.004220427160074314,-0.004229358300457165,0.06643081210915473,0.10430826775820036
2022-11-30 00:00:00-05:00,87.0813889116261,88.01920318603516,86.92809413363115,88.01920318603516,7127100,0.0,0.0,0.0,0.008993070332357078,0.00895287349095752,0.08205499596349652,0.10755771735046583
2022-12-01 00:00:00-05:00,88.18550173407391,88.99868910458507,88.15839663730073,88.98062133789062,17629100,0.194,0.0,0.0,0.010922822714305225,0.0108635995520752,0.10298323428000336,0.11136578233133534
2022-12-02 00:00:00-05:00,88.47460096490731,89.17033035646342,88.1945058790255,89.16129302978516,5783700,0.0,0.0,0.0,0.0020304611181400922,0.002028402518097851,0.09929266821949724,0.10846419279568545
2022-12-05 00:00:00-05:00,88.62819146767532,88.66433387701977,88.21256410040372,88.25774383544922,6295800,0.0,0.0,0.0,-0.01013387271126831,-0.01018556995809786,0.14048842292071217,0.11665556951202051
2022-12-06 00:00:00-05:00,88.48364346382553,88.91734555474758,88.41135863309505,88.79988098144531,5745500,0.0,0.0,0.0,0.006142658110622756,0.006123868890868053,0.13287644889153452,0.11522327124407215
2022-12-07 00:00:00-05:00,89.16133011753749,89.67634765705864,89.10711992183948,89.57695770263672,5386200,0.0,0.0,0.0,0.008750875706170946,0.008712808711851332,0.13226585157918794,0.11637554834822013
2022-12-08 00:00:00-05:00,89.10710342012841,89.34201882029147,88.95349640499157,89.07096099853516,5325800,0.0,0.0,0.0,-0.005648737321279573,-0.005664751774040976,0.12619382696585688,0.1202726117966664
2022-12-09 00:00:00-05:00,88.80892138365824,88.88120621689158,88.41136169433594,88.41136169433594,4343100,0.0,0.0,0.0,-0.00740532376438674,-0.007432879297125932,0.13516495346147084,0.09948283859093766
2022-12-12 00:00:00-05:00,88.81796603462779,88.89928130862428,88.16741626880906,88.28487396240234,5192200,0.0,0.0,0.0,-0.0014306728174926509,-0.0014316972070087387,0.1131081045773086,0.09924247138956419
2022-12-13 00:00:00-05:00,89.57693622522409,89.6853634840864,88.99867129821516,89.07998657226562,7856600,0.0,0.0,0.0,0.009006215608371226,0.008965901519367556,0.12407071934088461,0.10222539029772988
2022-12-14 00:00:00-05:00,89.13418633694648,89.44138650386662,88.73662669179303,89.32392883300781,6533200,0.0,0.0,0.0,0.0027384631512521462,0.0027347203924178256,0.10527067043150541,0.10002023700407017
2022-12-15 00:00:00-05:00,89.4524892972173,89.63355303350404,89.2171168003575,89.49775695800781,4344200,0.192,0.0,0.0,0.0019460420882848606,0.0019441510014058191,0.09543542197845359,0.09753115702641607
2022-12-16 00:00:00-05:00,88.87309006761762,89.4343772324022,88.78256166216839,89.27142333984375,4432800,0.0,0.0,0.0,-0.0025289306219178354,-0.0025321337684596212,0.07183173826101422,0.09406616555187251
2022-12-19 00:00:00-05:00,88.76447957628594,88.77352758414214,88.47478446673404,88.54720306396484,3951100,0.0,0.0,0.0,-0.008112565575681518,-0.008145651498435519,0.1012576597808585,0.098499863321522
2022-12-20 00:00:00-05:00,87.88632365534767,88.09453830891783,87.80484325104302,87.90442657470703,4199800,0.0,0.0,0.0,-0.007259139385729418,-0.007285615143326057,0.07986997783833168,0.10274801463373974
2022-12-21 00:00:00-05:00,88.26655147761642,88.30276422499638,87.89537599712833,88.01306915283203,4406600,0.0,0.0,0.0,0.0012359170335143332,0.0012351539167587498,0.07398738333548657,0.10108721873762609
2022-12-22 00:00:00-05:00,88.03114636096589,88.24842278178359,87.94061797239517,87.98588562011719,2143100,0.0,0.0,0.0,-0.0003088579114044476,-0.0003089056178324242,0.06588721110431656,0.09946655074702425
2022-12-23 00:00:00-05:00,87.56947489961011,87.76863464946649,87.5332621523066,87.58757781982422,3164900,0.0,0.0,0.0,-0.004526951084094066,-0.004537228756562934,0.0657598959731124,0.10089255706275825
2022-12-27 00:00:00-05:00,87.10778381416026,87.2797926624268,86.81808870000818,86.85430145263672,4780800,0.0,0.0,0.0,-0.008371921971582763,-0.008407163340164064,0.06684960487955888,0.10517851457477054
2022-12-28 00:00:00-05:00,86.98099684605309,87.05342231318497,86.62793132737603,86.64603424072266,3161200,0.0,0.0,0.0,-0.00239789173858751,-0.0024007712851307626,0.05974461474831945,0.1044993331522648
2022-12-29 00:00:00-05:00,86.8814291273788,87.15301431749101,86.83616147558979,87.07154083251953,4021800,0.0,0.0,0.0,0.004910860554964591,0.004898841612109984,0.07844183926557624,0.10060732128220533
2022-12-30 00:00:00-05:00,86.78185236545917,87.15302089200767,86.56458281560457,86.70942687988281,5043800,0.0,0.0,0.0,-0.004158809516570217,-0.004167481416405266,0.07753960068787737,0.09170139419360901
2023-01-03 00:00:00-05:00,87.73243778612732,87.81391129574041,87.21641126440704,87.38842010498047,6808300,0.0,0.0,0.0,0.00783067365948864,0.007800173057873688,0.10578128983723876,0.09665290439065077
2023-01-04 00:00:00-05:00,88.12171256986488,88.19413807455457,87.80485962044285,88.05834197998047,7800100,0.0,0.0,0.0,0.007666025706783763,0.007636791045764314,0.09010803166272045,0.09494554687032351
2023-01-05 00:00:00-05:00,87.54230882525034,88.01306762614867,87.42462257846337,87.93158721923828,3177900,0.0,0.0,0.0,-0.001439440692296956,-0.0014404776822934688,0.08684259280921587,0.09210991598524121
2023-01-06 00:00:00-05:00,87.96777724004009,89.10845429397175,87.88630376105313,89.06318664550781,6807700,0.0,0.0,0.0,0.012869089050424387,0.012786985968246763,0.11264089816170866,0.09851799591533628
2023-01-09 00:00:00-05:00,88.95457969685783,89.45248943192675,88.90025712245236,89.28953552246094,4988000,0.0,0.0,0.0,0.002541441480800044,0.002538217479651414,0.08715149899847632,0.09686216854644183
2023-01-10 00:00:00-05:00,88.91838326248374,89.01796660914212,88.56531754501371,88.728271484375,4026900,0.0,0.0,0.0,-0.006285888204052181,-0.006305727581745914,0.11913621750456198,0.09578104359943387
2023-01-11 00:00:00-05:00,88.99078601477473,89.31669381016022,88.93646344429393,89.298583984375,7118700,0.0,0.0,0.0,0.006427630004044893,0.006407060883723717,0.11642000369325327,0.09804577552591885
2023-01-12 00:00:00-05:00,89.58828832615737,90.09525299072266,89.15374915849442,90.09525299072266,5768000,0.0,0.0,0.0,0.008921406933922515,0.008881846299991752,0.11575839335488139,0.0979496251006824
2023-01-13 00:00:00-05:00,89.8598670279759,90.07713657926736,89.49774650457378,89.61543273925781,5573500,0.0,0.0,0.0,-0.005325699585018717,-0.005339931676104511,0.10864341628748374,0.09976388595757944
2023-01-17 00:00:00-05:00,89.31672831188969,89.64262932629109,89.29861847910892,89.33483123779297,3709000,0.0,0.0,0.0,-0.0031311738713718507,-0.003136086253306361,0.11183141012714536,0.10019984619819614
2023-01-18 00:00:00-05:00,90.41211579069201,90.58411771790557,90.12242070041704,90.54790496826172,7926400,0.0,0.0,0.0,0.013578955863696285,0.013487588033115486,0.12789769728823883,0.11072281402212562
2023-01-19 00:00:00-05:00,90.36685298333269,90.51170398969252,90.19484413999943,90.37590789794922,4234100,0.0,0.0,0.0,-0.001899514631208632,-0.00190132099696697,0.13192561346391676,0.1062453042696064
2023-01-20 00:00:00-05:00,89.9141850402368,90.03187127799819,89.67880565783935,89.77838897705078,8822700,0.0,0.0,0.0,-0.006611484573667004,-0.006633437251159295,0.12983617738520759,0.10559690141011936
2023-01-23 00:00:00-05:00,89.47965358190777,89.75124575248046,89.45249574622567,89.48870849609375,4334900,0.0,0.0,0.0,-0.00322661705403382,-0.0032318338075068586,0.12589758322353503,0.10668983255517656
2023-01-24 00:00:00-05:00,89.60638858912637,90.0228247915506,89.30763862644982,90.00471496582031,3540300,0.0,0.0,0.0,0.0057661628868974635,0.0057496022002598395,0.12891449251029738,0.10798374266171686
2023-01-25 00:00:00-05:00,90.06811158576343,90.28538811610467,89.81462920724212,90.10432434082031,2924700,0.0,0.0,0.0,0.0011067128542969762,0.0011061008990902227,0.07423401319056465,0.10588201685939502
2023-01-26 00:00:00-05:00,89.93228795878676,90.10429676594735,89.65164782657708,89.77838897705078,2875400,0.0,0.0,0.0,-0.0036173110020411015,-0.003623869291843125,0.076550365725098,0.10128437605484053
2023-01-27 00:00:00-05:00,89.44344887608531,89.64260864257812,89.41628413318203,89.64260864257812,5524100,0.0,0.0,0.0,-0.0015123944194116445,-0.0015135392422796511,0.061387698066606475,0.10085983824924893
2023-01-30 00:00:00-05:00,89.38911919861683,89.57923094258736,89.31670061058665,89.3619613647461,2584600,0.0,0.0,0.0,-0.00313073528405472,-0.003135646288479341,0.06110250451879415,0.10152326274242954
2023-01-31 00:00:00-05:00,89.76936021216639,89.85083372341603,89.3891297723729,89.81462097167969,4856400,0.0,0.0,0.0,0.00506546185894452,0.005052675567824591,0.05678622632446494,0.10019412480568231
2023-02-01 00:00:00-05:00,89.9978862204662,90.51501091057335,89.66221304019238,90.46057891845703,20159100,0.212,0.0,0.0,0.007192124620567286,0.007166384635389166,0.07911969411767568,0.09970710159467192
2023-02-02 00:00:00-05:00,90.74179440065997,90.91417155575263,90.39704701214005,90.42426300048828,5823000,0.0,0.0,0.0,-0.0004014557324631962,-0.000401536337389355,0.0706505180978123,0.09744255113844445
2023-02-03 00:00:00-05:00,89.64405586317572,89.81643305063048,89.33559870843216,89.45353698730469,5267000,0.0,0.0,0.0,-0.010735238319590779,-0.01079327673502872,0.11274971287991581,0.10616157334632842
2023-02-06 00:00:00-05:00,88.81845227304234,88.94546482578943,88.63700082507151,88.68236541748047,5500400,0.0,0.0,0.0,-0.00862091758242789,-0.00865829265237262,0.12696188185110344,0.10126492398694285
2023-02-07 00:00:00-05:00,88.59166560006393,89.02713534219528,88.4192884112341,88.46465301513672,5678900,0.0,0.0,0.0,-0.0024549683730114014,-0.0024579867488911493,0.11290933813805187,0.10102704784755749
2023-02-08 00:00:00-05:00,88.55538389084622,88.80033477934616,88.36486499497573,88.79126739501953,6137600,0.0,0.0,0.0,0.0036920325661247144,0.0036852337430689506,0.094176970267334,0.09957353113542272
2023-02-09 00:00:00-05:00,89.01807014149945,89.03621183050528,88.29227799126156,88.39207458496094,7358300,0.0,0.0,0.0,-0.004495856650887142,-0.004505993408081541,0.08950079530583392,0.09783441820303285
2023-02-10 00:00:00-05:00,88.31947415616303,88.34669014439473,87.9021461860579,87.96565246582031,5290000,0.0,0.0,0.0,-0.004824212138281214,-0.004835886210258172,0.07172561372249608,0.0923033664562694
2023-02-13 00:00:00-05:00,87.97473088372328,88.21968171093029,87.95658227627642,88.17432403564453,17262300,0.0,0.0,0.0,0.002372193736700723,0.0023693845269212696,0.06262304976607824,0.09175988628955409
2023-02-14 00:00:00-05:00,87.90216670293981,88.11083419752927,87.539270624596,87.77515411376953,7133600,0.0,0.0,0.0,-0.0045270539495561035,-0.004537332089814863,0.06693871678895892,0.09236315382330873
2023-02-15 00:00:00-05:00,87.62093298201641,87.8205261881639,87.3941237789702,87.5120620727539,4964700,0.0,0.0,0.0,-0.002997340690221062,-0.0030018417121419113,0.04808561349296133,0.07511540994878359
2023-02-16 00:00:00-05:00,87.30339562954615,87.48484021115263,87.14009273743346,87.22174072265625,27126400,0.0,0.0,0.0,-0.0033175009618250373,-0.0033230160691014587,0.04630813069820339,0.07533542661175234
2023-02-17 00:00:00-05:00,87.03118305376032,87.49387552884507,87.00396707081369,87.46665954589844,4540500,0.0,0.0,0.0,0.0028080020097394076,0.0028040669368366274,0.054752838393124066,0.07471378745440271
2023-02-21 00:00:00-05:00,86.86792090839718,86.94050151134847,86.4959505095223,86.51409912109375,11382100,0.0,0.0,0.0,-0.010890554523862117,-0.010950290715527038,0.07750361146068871,0.08194712059540632
2023-02-22 00:00:00-05:00,86.76810101520829,86.92232956382374,86.6229467699424,86.66830444335938,30136400,0.0,0.0,0.0,0.0017824299603441673,0.0017808433171695069,0.08615797163595791,0.07828689428106093
2023-02-23 00:00:00-05:00,86.69552613415428,87.09471244780647,86.65016845775389,87.00399017333984,7059800,0.0,0.0,0.0,0.0038732236904421846,0.003865742071996015,0.09691063908013953,0.0802752210522372
2023-02-24 00:00:00-05:00,86.45059009647731,86.59574437613311,86.28728720582265,86.4778060913086,10757200,0.0,0.0,0.0,-0.00604781551952871,-0.006066177626999556,0.10253503252714861,0.08148479340008005
2023-02-27 00:00:00-05:00,86.78626273426065,86.87698501646703,86.59573694346084,86.74089813232422,3693200,0.0,0.0,0.0,0.003042307071687622,0.0030376886203222642,0.10319465930143194,0.08332455922866627
2023-02-28 00:00:00-05:00,86.47778970684442,86.9041920028584,86.36891882647944,86.8769760131836,4690000,0.0,0.0,0.0,0.0015687857030461938,0.0015675564442163385,0.06295590265716196,0.08387058635847987
2023-03-01 00:00:00-05:00,86.49151620412573,86.63697510072898,86.13696881348272,86.18242645263672,8328600,0.196,0.0,0.0,-0.007994633243697091,-0.00802676167530278,0.08732070594208334,0.0833365870836726
2023-03-02 00:00:00-05:00,85.71878668463793,85.90060337333762,85.64605723481324,85.827880859375,12952800,0.0,0.0,0.0,-0.004113896624349134,-0.004122381976971794,0.07631178502290387,0.07605373284618917
2023-03-03 00:00:00-05:00,86.28242327828893,86.51878356933594,86.02787022230807,86.51878356933594,5696900,0.0,0.0,0.0,0.008049863319973483,0.008017636005035291,0.09954667432074878,0.0847358469222628
2023-03-06 00:00:00-05:00,86.71879760267237,86.74606941404483,86.30061364461557,86.36425018310547,3766400,0.0,0.0,0.0,-0.001786125276560635,-0.001787722300251994,0.09644109496176076,0.07849265238571465
2023-03-07 00:00:00-05:00,86.51879639622112,86.62789057924387,86.16424897122543,86.37334442138672,5053300,0.0,0.0,0.0,0.00010530095800009853,0.0001052954142433925,0.09466704779501267,0.0743554994983153
2023-03-08 00:00:00-05:00,86.70970272716826,86.87334052756705,86.23697515705085,86.3460693359375,5163500,0.0,0.0,0.0,-0.0003157812821992234,-0.0003158311516071438,0.07286436731616894,0.07430547178037522
2023-03-09 00:00:00-05:00,86.49154168848263,87.01881994023675,86.43699805411633,86.88245391845703,12498800,0.0,0.0,0.0,0.006212032425386704,0.006192817287607152,0.06946944170431539,0.07699602646855085
2023-03-10 00:00:00-05:00,88.00970267902974,88.56425255719263,87.88242961871646,88.48243713378906,11041300,0.0,0.0,0.0,0.018415492923734567,0.018247981149795773,0.13248060776091267,0.10229058957304576
2023-03-13 00:00:00-04:00,89.95518153504767,90.3824584065382,89.21881488852459,89.55518341064453,23930600,0.0,0.0,0.0,0.012123832837396042,0.012050927843183547,0.12743451011735607,0.10900423553225812
2023-03-14 00:00:00-04:00,89.17335142918118,89.25517379338123,88.52789317413158,88.709716796875,47886700,0.0,0.0,0.0,-0.009440733429049497,-0.009485579630090252,0.1717438898096797,0.1148240400350048
2023-03-15 00:00:00-04:00,90.23699150420609,90.70971900423373,89.5642545712765,89.99153137207031,25157400,0.0,0.0,0.0,0.01444953970634777,0.01434613996966825,0.1727773420404027,0.12360535256575464
2023-03-16 00:00:00-04:00,90.48245109824859,90.69154652426506,89.07335447686224,89.18244171142578,13961000,0.0,0.0,0.0,-0.008990731108901251,-0.009031391627171533,0.21354141176553865,0.12810277960369112
2023-03-17 00:00:00-04:00,89.8733820022204,90.5733840456706,89.79155961820669,90.23702239990234,12293700,0.0,0.0,0.0,0.011824981108825794,0.011755612340456485,0.1921130390659139,0.13256917238957108
2023-03-20 00:00:00-04:00,90.38246729419119,90.39156021078112,89.66427947257509,89.87337493896484,7982400,0.0,0.0,0.0,-0.004029914233272591,-0.004038056219335177,0.183058659642312,0.13404803887464223
2023-03-21 00:00:00-04:00,89.25518291424045,89.50972907623094,88.96427202398523,89.09154510498047,9851600,0.0,0.0,0.0,-0.008699237505160329,-0.00873729675681656,0.1805128775294877,0.13158811587707164
2023-03-22 00:00:00-04:00,88.93700836401314,90.33701931915314,88.86427890081703,90.26428985595703,10705200,0.0,0.0,0.0,0.013163367518148616,0.013077483258988217,0.17456871515901487,0.13795754421608777
2023-03-23 00:00:00-04:00,90.11882652168147,90.85520016276378,89.98246745468755,90.782470703125,7118800,0.0,0.0,0.0,0.005740707072474427,0.005724292006390196,0.15333036145467657,0.13843962266533483
2023-03-24 00:00:00-04:00,91.30973682897292,91.43700989860942,90.691550375369,90.80973052978516,9135800,0.0,0.0,0.0,0.000300276324812776,0.0003002312509000146,0.13513193563038386,0.13524241146956514
2023-03-27 00:00:00-04:00,89.94609736620383,90.12791406860576,89.66427246085945,89.6915512084961,8284400,0.0,0.0,0.0,-0.01231343067274393,-0.012389869087757173,0.16515658125149837,0.14502774242295755
2023-03-28 00:00:00-04:00,89.50064266006169,89.77337467392269,89.41882721742132,89.63700866699219,13324800,0.0,0.0,0.0,-0.0006081123669844368,-0.0006082973423041977,0.14858059571168383,0.14526221700485697
2023-03-29 00:00:00-04:00,89.30062046923003,89.65516782022296,89.26425574914599,89.48243713378906,13404700,0.0,0.0,0.0,-0.001724416460363698,-0.0017259049778902981,0.10445882996352876,0.14142093964157276
2023-03-30 00:00:00-04:00,89.40064704995659,89.70065089704431,89.37337523401473,89.61883544921875,4157500,0.0,0.0,0.0,0.0015243026430511453,0.0015231420730009804,0.08856356937236654,0.13963620691603432
2023-03-31 00:00:00-04:00,89.76428734316197,90.1733853894112,89.61883534635115,90.10974884033203,6330100,0.0,0.0,0.0,0.0054777925717575116,0.005462844031184071,0.10518223150810223,0.13850093293213567
2023-04-03 00:00:00-04:00,90.0058721858064,90.68904601241564,89.94210957330701,90.53419494628906,7226600,0.196,0.0,0.0,0.004710323926317095,0.004699265064189699,0.05036486639026213,0.13801996912141518
2023-04-04 00:00:00-04:00,90.1516371903471,91.21738690378717,90.13341532623765,91.1171875,6763200,0.0,0.0,0.0,0.006439473549820773,0.006418828720512451,0.053235782931515804,0.13845616782267417
2023-04-05 00:00:00-04:00,91.45422272758744,91.79125076883366,91.36313425561832,91.49976348876953,6257100,0.0,0.0,0.0,0.004198724733130321,0.004189934684511259,0.029381727143190907,0.1380731804437602
2023-04-06 00:00:00-04:00,91.53616544141207,91.74567510187495,91.50883960517828,91.52706146240234,4264700,0.0,0.0,0.0,0.00029833928080225114,0.0002982947864883974,0.03733739966916217,0.13780916815027697
2023-04-10 00:00:00-04:00,90.80748907641517,90.87125170423572,90.51600178500611,90.62530517578125,6025100,0.0,0.0,0.0,-0.009852346095384212,-0.009901201616366855,0.10401307439492426,0.1312737898569318
2023-04-11 00:00:00-04:00,90.69815461062056,90.70726554063008,90.37934155632097,90.5888442993164,5459000,0.0,0.0,0.0,-0.00040232555790153945,-0.00040240651254295215,0.09923875826003621,0.12485976570974502
2023-04-12 00:00:00-04:00,91.00787775003761,91.0443075764993,90.44311814541932,90.85301971435547,5857200,0.0,0.0,0.0,0.0029162025090661015,0.0029119586391832242,0.08761175464964761,0.11925443798029423
2023-04-13 00:00:00-04:00,90.99875988079728,91.15361095506901,90.47954802324792,90.55242156982422,39858200,0.0,0.0,0.0,-0.003308620291062825,-0.0033141058783369916,0.07750576063974232,0.10937881538065014
2023-04-14 00:00:00-04:00,90.2518261992317,90.27004111163829,89.98766479690936,90.1060791015625,4968500,0.0,0.0,0.0,-0.004929105820958624,-0.004941293930538327,0.07631920697874044,0.10567411085878178
2023-04-17 00:00:00-04:00,89.75995886723776,89.81461056544634,89.50490834279023,89.53223419189453,5681000,0.0,0.0,0.0,-0.006368548219939374,-0.006388913935895741,0.05898311499644303,0.09944696208199916
2023-04-18 00:00:00-04:00,89.55954132286976,89.87835441179656,89.54132641047572,89.6779556274414,5061300,0.0,0.0,0.0,0.0016275862750676495,0.0016262631919529865,0.06482555534394184,0.09871290054391968
2023-04-19 00:00:00-04:00,89.46845653461209,89.55043406815689,89.24984282888818,89.4866714477539,4648100,0.0,0.0,0.0,-0.0021330122698399734,-0.002135290380580204,0.04849365953840762,0.09374449708822317
2023-04-20 00:00:00-04:00,89.97856404607454,90.07876344965764,89.8874755745276,90.00588989257812,4608000,0.0,0.0,0.0,0.005802187481376508,0.005785419620509369,0.0787815961932175,0.08334798929511664
2023-04-21 00:00:00-04:00,90.19717115901558,90.2700447107557,89.71439604054504,89.78726959228516,5948100,0.0,0.0,0.0,-0.0024289554889562748,-0.0024319101868627846,0.07312246609734654,0.08071904076790924
2023-04-24 00:00:00-04:00,90.033207755704,90.24271747632883,89.96944513631458,90.22450256347656,5143700,0.0,0.0,0.0,0.0048696543861601604,0.004857835971440399,0.06071032080123282,0.08294776012858882
2023-04-25 00:00:00-04:00,90.73461174896073,91.15362427861396,90.71638988485128,91.1171875,13076800,0.0,0.0,0.0,0.009894041099261175,0.00984541554703811,0.08493064528792586,0.07761064360427226
2023-04-26 00:00:00-04:00,91.09895968590378,91.20826305666343,90.62528858059885,90.76192474365234,5903000,0.0,0.0,0.0,-0.0038989653444654326,-0.003906586125066639,0.09250521455115066,0.07926411763213867
2023-04-27 00:00:00-04:00,90.3884432932443,90.43398403945338,90.06962332176738,90.1698226928711,5065800,0.0,0.0,0.0,-0.006523683278572778,-0.0065450555014491575,0.1078224350442803,0.08290635733301215
2023-04-28 00:00:00-04:00,90.71638565267807,90.85302182870475,90.51599380405749,90.84391784667969,8525900,0.0,0.0,0.0,0.007475839850596522,0.007448034253994404,0.11428718966862628,0.08659069600372929
2023-05-01 00:00:00-04:00,90.49602039636804,90.55080336733762,89.65598233210835,89.7746810913086,17442000,0.239,0.0,0.0,-0.01177004229579437,-0.011839857603755454,0.14751821545983496,0.09516961055044942
2023-05-02 00:00:00-04:00,90.08516156375781,90.9708500509396,90.03037160983584,90.9434585571289,8540700,0.0,0.0,0.0,0.013019009943700866,0.012934991076351788,0.162878279460012,0.10489289481276466
2023-05-03 00:00:00-04:00,91.18996349026848,91.56432538299109,91.0256076195786,91.53693389892578,9534800,0.0,0.0,0.0,0.00652576173385877,0.0065045611341462,0.1653215864344796,0.1049608920596561
2023-05-04 00:00:00-04:00,91.29040509839754,92.03913586262665,91.27213946451737,91.5186767578125,12014100,0.0,0.0,0.0,-0.00019945108860042193,-0.00019947098161396,0.15085686324275177,0.10392258506809758
2023-05-05 00:00:00-04:00,90.98907994854662,91.06212854754713,90.79733260089363,91.02560424804688,11254400,0.0,0.0,0.0,-0.005387670880234063,-0.005402236719847642,0.15446551489251029,0.10567355226013217
2023-05-08 00:00:00-04:00,90.45949511252547,90.66037529229986,90.42297081017574,90.4686279296875,7022400,0.0,0.0,0.0,-0.006118897237326837,-0.0061376944068870735,0.12952534717885042,0.10194076865905648
2023-05-09 00:00:00-04:00,90.459517568434,90.55082486382551,90.34081878105502,90.35907745361328,7317200,0.0,0.0,0.0,-0.0012109222675440456,-0.0012116560263227716,0.08031549743915449,0.10201643035627699
2023-05-10 00:00:00-04:00,90.76994763393671,91.10778523754523,90.76081481683157,91.03473663330078,9930800,0.0,0.0,0.0,0.007477490903272654,0.0074496730539119335,0.08620945241718196,0.10504920426929085
2023-05-11 00:00:00-04:00,91.57346930723699,91.683042223087,91.27214901337368,91.37258911132812,5979600,0.0,0.0,0.0,0.003711247931525996,0.0037043782424214726,0.09295505405855777,0.10496508884905048
2023-05-12 00:00:00-04:00,91.29954724940437,91.37259586537061,90.79735368881018,90.82474517822266,5107300,0.0,0.0,0.0,-0.00599571423370715,-0.006013760698748586,0.09512423102934633,0.10575826081329776
2023-05-15 00:00:00-04:00,90.56907261766362,90.62385559082031,90.50515682688123,90.62385559082031,4459100,0.0,0.0,0.0,-0.002211837611084344,-0.0022142873368235306,0.0837621425527549,0.10321907467804103
2023-05-16 00:00:00-04:00,90.27690494207913,90.39560373204098,90.07602470806654,90.3316879272461,7194000,0.0,0.0,0.0,-0.003223959758381967,-0.0032291679135782233,0.08727701888533763,0.1040282446162852
2023-05-17 00:00:00-04:00,90.38646022161244,90.41385171095608,89.9299168224197,90.03948974609375,5542600,0.0,0.0,0.0,-0.003234725131978977,-0.003239968164885303,0.05694346798089952,0.10445437192701187
2023-05-18 00:00:00-04:00,89.71078514566227,89.71991796494338,89.44598911690991,89.48251342773438,9448900,0.0,0.0,0.0,-0.0061859115364826245,-0.006205123557470104,0.028619565115190315,0.1047897517551258
2023-05-19 00:00:00-04:00,89.16293421762317,89.5738205224597,88.98944548316776,89.14466857910156,12923500,0.0,0.0,0.0,-0.003775540445739245,-0.00378268578926028,0.0235987539324044,0.10526550100118143
2023-05-22 00:00:00-04:00,89.16292243289931,89.39119412014877,88.93465074564985,88.98030090332031,7034700,0.0,0.0,0.0,-0.0018438306900585566,-0.001845532638256673,0.02517846553079449,0.10354361733082815
2023-05-23 00:00:00-04:00,88.85245216207537,89.23595381700362,88.7794105306441,89.12638092041016,8264200,0.0,0.0,0.0,0.0016417118801224095,0.0016403657442838212,0.04571728501347455,0.09626002130195911
2023-05-24 00:00:00-04:00,89.23597695157875,89.27249429361272,88.85247519722704,88.89813232421875,7415400,0.0,0.0,0.0,-0.0025609543867289863,-0.0025642392398522915,0.045451377315342024,0.09585785243919846
2023-05-25 00:00:00-04:00,88.73378364453743,88.80683226715196,88.26810738324484,88.34115600585938,11647700,0.0,0.0,0.0,-0.006265332058136397,-0.0062850416187907035,0.04585391045441771,0.0956652958296639
2023-05-26 00:00:00-04:00,88.20419569463003,88.5055160522461,88.01244827604718,88.5055160522461,7408900,0.0,0.0,0.0,0.001860515005891683,0.001858786391591245,0.05330005707828113,0.09102551968546371
2023-05-30 00:00:00-04:00,88.77030333359102,89.19945526123047,88.7063875337064,89.19945526123047,7883000,0.0,0.0,0.0,0.007840632312394291,0.0078100542849132626,0.08406690880026288,0.08762592625011464
2023-05-31 00:00:00-04:00,89.25422258132782,89.67424161634295,89.13552382131218,89.53727722167969,10817900,0.0,0.0,0.0,0.003787264837659343,0.0037801112062928336,0.08721817671958008,0.07408663983313162
2023-06-01 00:00:00-04:00,89.80454094749332,90.04250147217425,89.66725173228843,89.7862319946289,18161600,0.232,0.0,0.0,0.0027804594988167786,0.002776601171598186,0.08181595149904908,0.07029150242522822
2023-06-02 00:00:00-04:00,89.63064630762575,89.6581027557871,88.9991200686351,89.07234191894531,7585400,0.0,0.0,0.0,-0.00795099716097114,-0.007982774894091854,0.09269690132137741,0.07444776874521
2023-06-05 00:00:00-04:00,88.70624551446468,89.29200639003032,88.61472168693639,89.04489135742188,6243100,0.0,0.0,0.0,-0.0003081827751696409,-0.00030823027324007195,0.09368000996823862,0.0729563771465188
2023-06-06 00:00:00-04:00,89.08149051051036,89.1272489268161,88.83436852774521,89.09979248046875,3986200,0.0,0.0,0.0,0.0006165555621433505,0.0006163655698526035,0.07340853789088922,0.0706798423849169
2023-06-07 00:00:00-04:00,88.98080667363554,89.072330483363,88.35843499154207,88.44995880126953,8226600,0.0,0.0,0.0,-0.007293324272799717,-0.0073200505906979565,0.07738957880293498,0.07440250017845902
2023-06-08 00:00:00-04:00,88.60556720933742,89.06319332979936,88.56895628176201,89.04489135742188,5841900,0.0,0.0,0.0,0.00672620501145782,0.006703685020845187,0.09677199078055472,0.07329915990791795
2023-06-09 00:00:00-04:00,88.74282741805185,88.85266016485647,88.56892731464906,88.72452545166016,6421900,0.0,0.0,0.0,-0.0035978021970489715,-0.0036042898529162555,0.08282140055755212,0.07151349103901573
2023-06-12 00:00:00-04:00,88.86184008992493,88.88930352376345,88.477435810034,88.8709945678711,5261700,0.0,0.0,0.0,0.001650830088584021,0.0016494689663751026,0.08465885826875762,0.07021996723971068
2023-06-13 00:00:00-04:00,89.00824917865903,89.07231653371655,88.10215173346892,88.23944091796875,9173500,0.0,0.0,0.0,-0.007106409160527849,-0.007131779954385866,0.09593709890106417,0.07334840191512433
2023-06-14 00:00:00-04:00,88.5048809281515,88.62386817775355,88.02895287820272,88.35844421386719,7704400,0.0,0.0,0.0,0.001348640638023424,0.0013477320390620706,0.08438896101862,0.07357144518443423
2023-06-15 00:00:00-04:00,88.88014567474276,89.10895873497373,88.76116539723802,89.04489135742188,5959100,0.0,0.0,0.0,0.007768891243639109,0.0077388688018650295,0.08992041782345757,0.0794567219062402
2023-06-16 00:00:00-04:00,88.60555680824383,88.82522234791053,88.40420022162586,88.66047668457031,6538100,0.0,0.0,0.0,-0.004317088459443896,-0.004326433992521293,0.09186396999629409,0.07795932564435377
2023-06-20 00:00:00-04:00,88.82521740321351,89.1363997595224,88.82521740321351,88.92589569091797,5477300,0.0,0.0,0.0,0.002993656432639602,0.0029891843662184937,0.09397527713523016,0.07783221459073218
2023-06-21 00:00:00-04:00,88.68792581056356,89.0814844747888,88.55063660530934,89.00826263427734,5119600,0.0,0.0,0.0,0.0009262424934763924,0.0009258137955964046,0.06893210773764634,0.07763530515242319
2023-06-22 00:00:00-04:00,88.74285798385891,88.8984491916423,88.44082306322957,88.50489044189453,4102100,0.0,0.0,0.0,-0.005655342296154053,-0.005671394292695345,0.08702305687514438,0.07991005836809968
2023-06-23 00:00:00-04:00,89.20964042367255,89.23709687469038,88.76116876379982,88.8709945678711,4112100,0.0,0.0,0.0,0.004136541202962363,0.004128009236860618,0.06956622606067382,0.08096813709829562
2023-06-26 00:00:00-04:00,89.09978405315981,89.1730058917069,88.92589091513409,89.09062957763672,2976600,0.0,0.0,0.0,0.0024713913784084607,0.0024683425129957727,0.06162157965967098,0.0778862248813293
2023-06-27 00:00:00-04:00,89.07234515072706,89.23709082849247,88.66048444772365,88.77946472167969,4752500,0.0,0.0,0.0,-0.0034926777084437477,-0.0034987913466943163,0.06532580287721274,0.07889716664036205
2023-06-28 00:00:00-04:00,88.90758529850275,89.17300923607628,88.73368517113617,89.13639831542969,5257300,0.0,0.0,0.0,0.004020452194310575,0.004012391773522045,0.0723667706313216,0.0750397300298698
2023-06-29 00:00:00-04:00,88.33100130773214,88.39506868933194,88.06557730315559,88.2211685180664,8268700,0.0,0.0,0.0,-0.010267744879308816,-0.01032082180456749,0.09883275156267995,0.08184612337332636
2023-06-30 00:00:00-04:00,88.24860730619544,88.46827284155931,88.14792901485853,88.4133529663086,7450600,0.0,0.0,0.0,0.0021784391600165876,0.002176069801807502,0.09373385633923795,0.08153118914420668
2023-07-03 00:00:00-04:00,88.36930722223445,88.64454665259565,88.02984619140625,88.02984619140625,4687100,0.232,0.0,0.0,-0.004337656723057304,-0.004347091649514101,0.09016110709341467,0.07824554204271036
2023-07-05 00:00:00-04:00,88.02985493498711,88.07573051114707,87.49773604953454,87.60782623291016,10181200,0.0,0.0,0.0,-0.004794055388651741,-0.004805583731954866,0.09163437262150052,0.07964883796907817
2023-07-06 00:00:00-04:00,86.93807222330959,87.02981635975296,86.57108867790717,86.89219665527344,9285100,0.0,0.0,0.0,-0.008168557632444617,-0.008202103102977913,0.07520297428940542,0.08358224001624125
2023-07-07 00:00:00-04:00,86.77293497775507,87.11238900211792,86.73623592113731,86.7821044921875,6577600,0.0,0.0,0.0,-0.0012669971219936293,-0.0012678004414545198,0.06207100599460046,0.08047355694458902
2023-07-10 00:00:00-04:00,86.91975087597027,87.36013269088534,86.91058135872416,87.231689453125,6622700,0.0,0.0,0.0,0.005180618326419806,0.00516724509116437,0.07981862263115266,0.07868813694302786
2023-07-11 00:00:00-04:00,87.39682272997862,87.54361198669817,87.27754902178631,87.41516876220703,6327100,0.0,0.0,0.0,0.0021033561339038886,0.0021011471773301283,0.08434732873377057,0.07880977552215904
2023-07-12 00:00:00-04:00,87.99317722604195,88.38767644699097,87.86472699176878,88.2684097290039,8255100,0.0,0.0,0.0,0.00976078841783079,0.009713459650737158,0.10745720128633612,0.08690326648517209
2023-07-13 00:00:00-04:00,88.69960310005348,89.05741020557568,88.60785894472504,89.00236511230469,9742600,0.0,0.0,0.0,0.008315040290791664,0.008280660789757652,0.07151832250742433,0.08817585849131487
2023-07-14 00:00:00-04:00,88.80969046335862,88.91978063772399,88.52527451377901,88.56197357177734,7491100,0.0,0.0,0.0,-0.0049480880645322856,-0.004960370385032408,0.09284611113690441,0.09013132355115996
2023-07-17 00:00:00-04:00,88.62622660983769,88.79136892959272,88.5161363964224,88.70880126953125,3182400,0.0,0.0,0.0,0.0016579090532000684,0.0016565362391102174,0.09358608976046315,0.08576695905067715
2023-07-18 00:00:00-04:00,88.99319596745526,89.10329316274607,88.75465554414068,88.80970764160156,3626500,0.0,0.0,0.0,0.0011375012470715706,0.0011368547827175896,0.09465976008479944,0.08444857132152549
2023-07-19 00:00:00-04:00,88.97482930393532,89.1674941012974,88.8005105350523,89.11244201660156,5059300,0.0,0.0,0.0,0.0034087982388333327,0.0034030014557574293,0.07570181635528232,0.08465001636469298
2023-07-20 00:00:00-04:00,88.6537310473626,88.69043011087918,88.25005534794161,88.40602111816406,9486600,0.0,0.0,0.0,-0.007927298169046915,-0.007958886246667077,0.07699021197067844,0.08923862009392737
2023-07-21 00:00:00-04:00,88.59867495606403,88.68124958863577,88.45188571984616,88.47940826416016,4560100,0.0,0.0,0.0,0.0008301147938556408,0.0008297704391262783,0.07056309947175599,0.08704244995572552
2023-07-24 00:00:00-04:00,88.63539339925117,88.72713756690517,88.23171066201606,88.2684097290039,7451100,0.0,0.0,0.0,-0.0023847191035263338,-0.0023875670747695774,0.069766525669416,0.08600376865901943
2023-07-25 00:00:00-04:00,87.91976791360737,88.15830131925343,87.91059139811932,88.10325622558594,4079300,0.0,0.0,0.0,-0.0018710374858345036,-0.001872790062903994,0.06721726708917582,0.08551020577937794
2023-07-26 00:00:00-04:00,88.30510044340114,88.45189669746743,88.04821399841579,88.40602111816406,4880100,0.0,0.0,0.0,0.0034364778959237174,0.0034305866985474983,0.06734708246039832,0.08587694448242712
2023-07-27 00:00:00-04:00,88.06655037097939,88.16747103467304,87.32341366526235,87.44268035888672,8522800,0.0,0.0,0.0,-0.010896777697864457,-0.010956582429359152,0.0857536289078302,0.09224897109102503
2023-07-28 00:00:00-04:00,87.64451430141739,87.83717909779062,87.56194667424141,87.72708892822266,5794100,0.0,0.0,0.0,0.003252514311874455,0.003247236328580873,0.09255986787494286,0.08642198258842565
2023-07-31 00:00:00-04:00,87.69039947865474,87.993161477394,87.68122296364231,87.83718872070312,6347000,0.0,0.0,0.0,0.001255026170656981,0.001254239283619537,0.094433330720435,0.08613716028890579
2023-08-01 00:00:00-04:00,87.4159436307878,87.54471234539176,87.17679872479385,87.32396697998047,7714000,0.242,0.0,0.0,-0.005842875303700312,-0.005860011682694247,0.10082800820063671,0.08722877963905837
2023-08-02 00:00:00-04:00,87.06642356462835,87.18599250072019,86.79048661380948,87.14920043945312,8009200,0.0,0.0,0.0,-0.002001358236134787,-0.0020033636296500706,0.08998199571097401,0.08591121765832695
2023-08-03 00:00:00-04:00,86.56053278322963,86.68930147602212,86.42256432170412,86.5053482055664,11057900,0.0,0.0,0.0,-0.00738793047601205,-0.007415356398402878,0.07182077779141784,0.08499654769615829
2023-08-04 00:00:00-04:00,86.82726649077121,87.49870221691134,86.82726649077121,87.42512512207031,10189900,0.0,0.0,0.0,0.01063260174756131,0.010576473149082784,0.11367640469460552,0.09313839392099751
2023-08-07 00:00:00-04:00,87.31473839943337,87.36073021834594,87.11238562400413,87.21356201171875,4007400,0.0,0.0,0.0,-0.002419934887781472,-0.0024228676625834404,0.11274806491720496,0.09184706217562799
2023-08-08 00:00:00-04:00,87.66427545494754,87.87582805335563,87.55390628827217,87.65508270263672,5401400,0.0,0.0,0.0,0.005062523313273726,0.005049751827950838,0.11227900164773363,0.09333214533011076
2023-08-09 00:00:00-04:00,87.65508915527575,87.85743498153214,87.61829709121949,87.71027374267578,5317200,0.0,0.0,0.0,0.0006296387880471155,0.0006294406487118535,0.1097011813275709,0.08622299804025282
2023-08-10 00:00:00-04:00,87.7102534633691,87.87581420465897,87.02961797911836,87.03881072998047,8462100,0.0,0.0,0.0,-0.007655465933959493,-0.007684919429739276,0.11104474780635262,0.08364896570762072
2023-08-11 00:00:00-04:00,86.68011012961206,86.97443960136037,86.54214165468075,86.57893371582031,5915000,0.0,0.0,0.0,-0.005283585682102521,-0.005297593182604362,0.07925919763649858,0.08386178757381049
2023-08-14 00:00:00-04:00,86.44095611572266,86.69849347823724,86.25699584437879,86.44095611572266,6218400,0.0,0.0,0.0,-0.001593662501672144,-0.001594933732544931,0.07915663486865859,0.08322591773571843
2023-08-15 00:00:00-04:00,86.34899825571944,86.62493523644834,86.229429306667,86.27542114257812,9602600,0.0,0.0,0.0,-0.0019150062722920191,-0.0019168422411057764,0.05209859511277199,0.08275342635775751
2023-08-16 00:00:00-04:00,86.2570274698132,86.45938033379907,85.87992105568723,85.94430541992188,7199600,0.0,0.0,0.0,-0.0038378916992946044,-0.0038452753033452326,0.03981120117134931,0.08111084035041144
2023-08-17 00:00:00-04:00,85.91669196746862,85.97187654683279,85.59476320819715,85.83390808105469,9858300,0.0,0.0,0.0,-0.0012845218578215745,-0.001285347563189989,0.0272412044953617,0.07781107875931564
2023-08-18 00:00:00-04:00,85.99027713567362,86.28460661551127,85.94429232101143,86.0914535522461,7510500,0.0,0.0,0.0,0.0030005096697705014,0.002996017125003871,0.03988326507241241,0.07903153757733682
2023-08-21 00:00:00-04:00,85.68675149012516,85.72353653344231,85.45680637386876,85.55797576904297,10864000,0.0,0.0,0.0,-0.006196640446770596,-0.006215919307224446,0.05412657693130028,0.08082799602598296
2023-08-22 00:00:00-04:00,85.48439554880851,85.68674836651651,85.4016116609426,85.59476470947266,6330500,0.0,0.0,0.0,0.0004299884388219155,0.00042989602028480783,0.05697148750584996,0.08111738974132716
2023-08-23 00:00:00-04:00,86.11904464452512,86.52375030517578,86.09145235263861,86.52375030517578,8550500,0.0,0.0,0.0,0.010853299250909831,0.010794824911136994,0.09969874476550672,0.09072344697506979
2023-08-24 00:00:00-04:00,86.25702785491785,86.50537255905269,86.1742509651192,86.20184326171875,5735800,0.0,0.0,0.0,-0.0037204471872941403,-0.0037273852647773226,0.10512247925600357,0.08370836980246944
2023-08-25 00:00:00-04:00,86.08224120289645,86.39497017679356,85.85229611108315,86.17422485351562,7895700,0.0,0.0,0.0,-0.0003203923159655897,-0.0003204436525491787,0.10352047114092536,0.08242102154165167
2023-08-28 00:00:00-04:00,86.3765984356309,86.44098279613208,86.19263810750681,86.41338348388672,3301700,0.0,0.0,0.0,0.0027752919249071084,0.002771447912800954,0.08678674720188527,0.0831170109293057
2023-08-29 00:00:00-04:00,86.21102849291228,87.06642463007667,86.1926289533695,87.02963256835938,7064200,0.0,0.0,0.0,0.0071314078864597175,0.007106099648249698,0.09201453036054519,0.08541177189366583
2023-08-30 00:00:00-04:00,87.14000809422848,87.18599992907289,86.96525456003091,87.02043914794922,6346700,0.0,0.0,0.0,-0.00010563551906228597,-0.00010564109888668497,0.06442328429282707,0.08513289146822953
2023-08-31 00:00:00-04:00,87.12156819392635,87.32392092941222,87.03878433969807,87.19515228271484,6167300,0.0,0.0,0.0,0.002007725270939842,0.002005712484189673,0.04782637807367689,0.08083089506429968
2023-09-01 00:00:00-04:00,87.20622618105736,87.21544949243753,86.55151177956989,86.66217041015625,7746600,0.242,0.0,0.0,-0.006112517251308791,-0.006131275162650525,0.07673921116753835,0.07433501759462098
2023-09-05 00:00:00-04:00,86.41322518561041,86.42244850071943,86.09970282518502,86.13658905029297,4993400,0.0,0.0,0.0,-0.006064714942815352,-0.006083180021296031,0.08947159050381903,0.07671822866360031
2023-09-06 00:00:00-04:00,86.28410781966606,86.30254741047509,85.86915019086105,85.91525268554688,7344100,0.0,0.0,0.0,-0.0025695975100298307,-0.0025729045921730827,0.057121277515223196,0.07396764461434657
2023-09-07 00:00:00-04:00,86.11811513255013,86.24721336185762,86.02590311666276,86.2103271484375,7137500,0.0,0.0,0.0,0.003434482861507826,0.0034285984945673685,0.07066291718464043,0.07543847197146705
2023-09-08 00:00:00-04:00,86.42243001771423,86.551528260318,86.19189643658945,86.2287826538086,4648500,0.0,0.0,0.0,0.00021407534319317634,0.0002140524323366027,0.06542995763444494,0.07106983994076328
2023-09-11 00:00:00-04:00,86.04435920187146,86.1642411773017,85.97981007484255,86.08124542236328,4321700,0.0,0.0,0.0,-0.0017109974988008814,-0.0017124629268223401,0.05566461041901004,0.06895231222897638
2023-09-12 00:00:00-04:00,86.1089070311295,86.21956569093723,86.00747168513752,86.20112609863281,4998400,0.0,0.0,0.0,0.0013926456997843673,0.0013916768681502972,0.038227253253817754,0.06901208165062286
2023-09-13 00:00:00-04:00,86.07200246178476,86.42241795880842,86.05356287341144,86.30253601074219,6675400,0.0,0.0,0.0,0.0011764337277142545,0.0011757422718046398,0.02973082849298832,0.06882370737262913
2023-09-14 00:00:00-04:00,86.36712845875229,86.44089387857505,86.05359904202344,86.10892486572266,6421000,0.0,0.0,0.0,-0.0022434004140438057,-0.002245920606658939,0.02639096037400978,0.06786286195546343
2023-09-15 00:00:00-04:00,85.97057407079777,86.02589987117774,85.77691969881666,85.84146881103516,9367700,0.0,0.0,0.0,-0.003106020137919163,-0.0031108538300928853,0.03262660610336455,0.06866061472850103
2023-09-18 00:00:00-04:00,85.73084448406311,85.98904101507792,85.73084448406311,85.92449188232422,4622200,0.0,0.0,0.0,0.0009671674126618957,0.0009667000076081852,0.03393726782718704,0.06786200521512852
2023-09-19 00:00:00-04:00,85.7308362592292,85.88759741868775,85.57407509977067,85.61095428466797,7536800,0.0,0.0,0.0,-0.0036489898373288643,-0.003655663640785761,0.03630116818353951,0.06537765867297782
2023-09-20 00:00:00-04:00,85.85071566311531,85.97981392295104,85.527970013526,85.5464096069336,10751800,0.0,0.0,0.0,-0.0007539301281440647,-0.0007542144763912495,0.029765552575335648,0.06541880396804876
2023-09-21 00:00:00-04:00,84.9562511255881,85.03924689108176,84.85481576516699,84.91014862060547,8702500,0.0,0.0,0.0,-0.007437611809210987,-0.007465408758301261,0.05063678291159854,0.05673907292060773
2023-09-22 00:00:00-04:00,84.99313096361242,85.3158766155491,84.92858183322508,85.24211120605469,8637800,0.0,0.0,0.0,0.003909574895840651,0.00390195236867555,0.0690691257919241,0.05821550322596786
2023-09-25 00:00:00-04:00,84.69803998539221,84.85480113890307,84.5781650507063,84.61505126953125,11712000,0.0,0.0,0.0,-0.007356222501430754,-0.007383412934157152,0.07607385726382403,0.06300255630914872
2023-09-26 00:00:00-04:00,84.77184937111326,84.82717520580117,84.48598984478579,84.5874252319336,8281800,0.0,0.0,0.0,-0.0003264908214692941,-0.00032654413120128715,0.0780765792358755,0.061544567013354055
2023-09-27 00:00:00-04:00,84.80869351743651,84.84557973403267,83.98799454531985,84.20930480957031,10586100,0.0,0.0,0.0,-0.0044701729757880004,-0.004480194074184942,0.07761791349700253,0.05443095456004307
2023-09-28 00:00:00-04:00,84.01566885804685,84.45828944665452,83.77591193527671,84.43984985351562,11654600,0.0,0.0,0.0,0.002737762109147779,0.0027340212646041547,0.07568368485280941,0.05639453641316849
2023-09-29 00:00:00-04:00,84.79024374302077,84.8732394861119,84.329176605679,84.4582748413086,13488300,0.0,0.0,0.0,0.0002182025172348112,0.0002181787145280248,0.06390812100875846,0.05526551494337635
2023-10-02 00:00:00-04:00,84.03207301014294,84.12452629581435,83.6715002584109,83.77320098876953,21010000,0.239,0.0,0.0,-0.00811138818341095,-0.00814446447707512,0.06810228913379879,0.057832066797696736
2023-10-03 00:00:00-04:00,83.59752455787572,83.75469582961857,83.03355041457941,83.07978057861328,21364700,0.0,0.0,0.0,-0.008277353640207763,-0.008311801153049289,0.07846708247706755,0.06052395863075862
2023-10-04 00:00:00-04:00,83.33866154379844,83.65301117487222,83.14450753066468,83.60678100585938,14054000,0.0,0.0,0.0,0.006343305477888528,0.006323271392610552,0.10410747398964183,0.06694540394274041
2023-10-05 00:00:00-04:00,83.800959786175,83.81945468073964,83.58831787483035,83.76397705078125,11315900,0.0,0.0,0.0,0.0018801829592129948,0.0018784176276507982,0.1021097109576024,0.0656868512017508
2023-10-06 00:00:00-04:00,82.99657414175375,83.54206049405266,82.92261574877982,83.27394104003906,12257100,0.0,0.0,0.0,-0.00585019990687774,-0.005867379361281633,0.10440433036177381,0.06718360094712993
2023-10-09 00:00:00-04:00,83.90262008894325,84.337158203125,83.77318410434428,84.337158203125,5816700,0.0,0.0,0.0,0.01276770559681717,0.012686885640330348,0.1375011963745796,0.08463807992148968
2023-10-10 00:00:00-04:00,83.91189667867546,84.40190551253853,83.81019593348864,84.17076873779297,11508300,0.0,0.0,0.0,-0.001972908132987894,-0.001974856879792625,0.11508318232512588,0.08421327798093838
2023-10-11 00:00:00-04:00,84.50358250048308,84.68848904680128,84.31866890043229,84.63301849365234,14815800,0.0,0.0,0.0,0.00549180865033283,0.005476783653709472,0.11350186761580705,0.08715504148047037
2023-10-12 00:00:00-04:00,84.44810494016139,84.49433510363272,83.71771914418899,83.81941986083984,12855900,0.0,0.0,0.0,-0.009613253163994417,-0.009659758768959739,0.1427758643101081,0.09236278609978452
2023-10-13 00:00:00-04:00,84.42962493177936,84.46660765523738,84.18924075616876,84.35565948486328,9872500,0.0,0.0,0.0,0.0063975582855826385,0.006377180774274128,0.13661309451790019,0.09602747915848649
2023-10-16 00:00:00-04:00,83.86565461025158,83.92112517112983,83.74546604377083,83.85640716552734,7248000,0.0,0.0,0.0,-0.005918421151405062,-0.005936004416973499,0.1111548006770791,0.09739504062844598
2023-10-17 00:00:00-04:00,83.11677460237374,83.2462106147917,82.88563785823685,83.03356170654297,11191600,0.0,0.0,0.0,-0.009812553229953336,-0.00986101360432518,0.12764195296853498,0.10180834082408786
2023-10-18 00:00:00-04:00,82.80243498401451,82.92263061990255,82.50658019786123,82.645263671875,13794200,0.0,0.0,0.0,-0.004676398635533596,-0.004687367196568059,0.10497483750591555,0.10237366844373093
2023-10-19 00:00:00-04:00,82.41413056728584,82.74696809823675,82.15525849959843,82.23846435546875,27116700,0.0,0.0,0.0,-0.004922233874422144,-0.004934387967507952,0.09612118052885846,0.10088365329327204
2023-10-20 00:00:00-04:00,82.53430177384872,82.83940395525791,82.51581393879361,82.7192153930664,12587100,0.0,0.0,0.0,0.005845817299307221,0.005828796809594007,0.09244804507248171,0.10250171991191963
2023-10-23 00:00:00-04:00,82.42335831974948,83.20922178138258,82.29392231683265,83.1075210571289,12365000,0.0,0.0,0.0,0.004694261934392596,0.004683278246962485,0.1073302408348016,0.10226603134255251
2023-10-24 00:00:00-04:00,83.04282133642766,83.26471066831202,82.84866728931202,83.2554702758789,10906000,0.0,0.0,0.0,0.0017802145566139238,0.001778631852770021,0.08094226217340239,0.10268945373583616
2023-10-25 00:00:00-04:00,82.82091730227275,82.84865258211792,82.42336183244723,82.52506256103516,15170200,0.0,0.0,0.0,-0.00877308977324176,-0.008811799896552518,0.10046073780300205,0.10583177851403215
2023-10-26 00:00:00-04:00,82.6082839766132,83.19075317812192,82.58979613780828,83.15377044677734,15901300,0.0,0.0,0.0,0.007618387266016269,0.007589513906647165,0.10332209809982817,0.1094665727648751
2023-10-27 00:00:00-04:00,83.08904147195396,83.29243588692185,82.94111056608585,83.28319549560547,11628200,0.0,0.0,0.0,0.0015564543631965133,0.0015552443435017287,0.09823557797657197,0.1097254374422417
2023-10-30 00:00:00-04:00,82.87639284121221,83.14451231871334,82.7284689885728,83.00582885742188,11022500,0.0,0.0,0.0,-0.003330403408911331,-0.0033359615463352745,0.09767223879535836,0.10670011022010722
2023-10-31 00:00:00-04:00,83.05205075640244,83.22770987305621,82.81166658435713,82.83015441894531,11574700,0.0,0.0,0.0,-0.002116410870112717,-0.0021186536325615624,0.0965314092646264,0.10286934604996008
2023-11-01 00:00:00-04:00,83.07027527728987,83.8305163658655,83.03318948353106,83.78416442871094,22448900,0.249,0.0,0.0,0.011517665474102046,0.011451842104005516,0.10108819569701921,0.10866475603249112
2023-11-02 00:00:00-04:00,84.42388352230549,84.57222671245736,84.11793807105434,84.30335998535156,14046200,0.0,0.0,0.0,0.006196822038875727,0.006177700690920027,0.09747944867803911,0.11064998253779812
2023-11-03 00:00:00-04:00,85.3324632715608,85.51788517584744,84.94307302852353,84.95233917236328,23133700,0.0,0.0,0.0,0.007698141416006221,0.007668661920268376,0.10231444625325443,0.11104103064686707
2023-11-06 00:00:00-05:00,84.6371161395125,84.66492871637668,84.36824944083907,84.4609603881836,11246700,0.0,0.0,0.0,-0.005784170147248191,-0.0058009632468011,0.11417514449493782,0.10433694859422295
2023-11-07 00:00:00-05:00,84.72983552123026,85.12849900054908,84.72983552123026,84.94307708740234,13189400,0.0,0.0,0.0,0.005708160279056074,0.005691930464469374,0.1028692201698858,0.10587009982710845
2023-11-08 00:00:00-05:00,84.96162563392943,85.36956237502238,84.95235241525187,85.28611755371094,11117600,0.0,0.0,0.0,0.004038474682941162,0.0040303419326432185,0.08557281221367447,0.10507996007739212
2023-11-09 00:00:00-05:00,85.13777136629845,85.14703751048826,84.3960695743481,84.44242858886719,17067900,0.0,0.0,0.0,-0.009892453649474886,-0.009941709076305342,0.12266736259465529,0.10543708486605387
2023-11-10 00:00:00-05:00,84.79471154234894,84.81325797280947,84.44240717089687,84.53511810302734,10674700,0.0,0.0,0.0,0.001097665186910346,0.0010970631929639947,0.1055219726522717,0.10308490521411962
2023-11-13 00:00:00-05:00,84.21064430479926,84.51659681228206,84.08084755739303,84.48877716064453,8930200,0.0,0.0,0.0,-0.000548185693977854,-0.0005483360026892953,0.09663449343455113,0.10064188479374007
2023-11-14 00:00:00-05:00,85.69404327478009,85.82384002600116,85.55497330607393,85.75894165039062,14313600,0.0,0.0,0.0,0.015033529096190268,0.014921645540459242,0.14259503385723296,0.10573411135254158
2023-11-15 00:00:00-05:00,85.3417580789098,85.35102422509375,85.0172590542267,85.0914306640625,12969400,0.0,0.0,0.0,-0.007783573041856506,-0.0078140231565493,0.15575652555947547,0.10872773760090998
2023-11-16 00:00:00-05:00,85.59206253304431,85.8609292637474,85.5827893151876,85.73113250732422,10375600,0.0,0.0,0.0,0.007517817461399012,0.007489699507536255,0.13694703281562912,0.10797401846544333
2023-11-17 00:00:00-05:00,85.83310980563309,85.87946174441699,85.61986825237224,85.78675079345703,8462000,0.0,0.0,0.0,0.0006487524952276669,0.0006485421462989797,0.13738936368961122,0.10715797409863431
2023-11-20 00:00:00-05:00,85.61061642183013,85.9629280262387,85.58280383693344,85.90730285644531,7481200,0.0,0.0,0.0,0.0014052526978032276,0.0014042662542577157,0.1349122471621983,0.10663232402981018
2023-11-21 00:00:00-05:00,86.00925858219287,86.13906240174586,85.79602410209671,86.0185317993164,9153300,0.0,0.0,0.0,0.0012947553836832881,0.001293917910735296,0.08668433828304455,0.10664016326070523
2023-11-22 00:00:00-05:00,86.14832434330683,86.21322271322161,85.77747348376872,85.99071502685547,7255100,0.0,0.0,0.0,-0.00032338115844421367,-0.0003234334574063352,0.049225285680426736,0.09967118615187663
2023-11-24 00:00:00-05:00,85.61988693834353,85.68478532551836,85.53644918628748,85.54571533203125,4125800,0.0,0.0,0.0,-0.005174973771124525,-0.005188410323808475,0.043497878145693926,0.10057974377713565
2023-11-27 00:00:00-05:00,85.8052966541839,86.2039601067001,85.74966442526605,86.19468688964844,9539800,0.0,0.0,0.0,0.007586254379875257,0.007557623461895618,0.07253038990580364,0.10292399566041797
2023-11-28 00:00:00-05:00,86.09269742782725,86.60261823342854,86.04633841881198,86.57479858398438,13563300,0.0,0.0,0.0,0.004409920240473486,0.004400225035147713,0.07671475094949143,0.10152480671459709
2023-11-29 00:00:00-05:00,86.89003616746248,87.12181709745533,86.76950555689491,87.02910614013672,19075400,0.0,0.0,0.0,0.005247572776177156,0.005233852244882588,0.08087814528925603,0.10080552716624396
2023-11-30 00:00:00-05:00,86.70462299429963,86.73244265262286,86.42649007161252,86.60264587402344,18446700,0.0,0.0,0.0,-0.004900202760057981,-0.00491224811951589,0.09559378042806138,0.0981248608195699
2023-12-01 00:00:00-05:00,86.58311099076738,87.4662298628906,86.55522407156543,87.41975402832031,21393200,0.249,0.0,0.0,0.00943514076331442,0.009390907834310123,0.08792360723672453,0.10074299316082702
2023-12-04 00:00:00-05:00,87.08509211789367,87.28030763408069,86.87128059504208,87.05720520019531,16402000,0.0,0.0,0.0,-0.004147218579539258,-0.00415584214130116,0.09946505033797469,0.10037448324769774
2023-12-05 00:00:00-05:00,87.4290468731936,87.76370406846752,87.37326594578231,87.67073822021484,25452100,0.0,0.0,0.0,0.0070474697482956206,0.007022752395287482,0.10507996455897808,0.09878057894887844
2023-12-06 00:00:00-05:00,87.86592798216824,88.11692435120663,87.76367834519661,88.03325653076172,14023400,0.0,0.0,0.0,0.0041349978100593265,0.004126472200784516,0.10355743499839964,0.09812872221532071
2023-12-07 00:00:00-05:00,87.84736337283793,88.18202056259452,87.81017845260962,87.90313720703125,13730100,0.0,0.0,0.0,-0.0014780700937151448,-0.0014791635168863203,0.0905741540940577,0.09841779468883677
2023-12-08 00:00:00-05:00,87.41045230139957,87.52200706575479,87.1315760289594,87.3360824584961,13825300,0.0,0.0,0.0,-0.0064509045587259894,-0.00647180156173218,0.08966060971930662,0.09376819923364677
2023-12-11 00:00:00-05:00,87.15015194236543,87.38255234754507,86.97352536489369,87.34536743164062,10484600,0.0,0.0,0.0,0.00010631313980624668,0.0001063074889649012,0.08260753637174795,0.09391893810808719
2023-12-12 00:00:00-05:00,87.3360655740183,87.58706197221835,87.25240483614976,87.53128814697266,7248000,0.0,0.0,0.0,0.0021285698463349156,0.0021263076511311087,0.0639690595431285,0.09356680868108284
2023-12-13 00:00:00-05:00,87.79159890480977,88.94430318567228,87.72652706054251,88.83274841308594,16155200,0.0,0.0,0.0,0.014868514946655642,0.014759062177993667,0.1261448420280655,0.09325828332905026
2023-12-14 00:00:00-05:00,89.29144299024405,89.75761948664216,89.24482960857753,89.57115173339844,32373200,0.282,0.0,0.0,0.008312287230817228,0.0082779304290838,0.12906047061417153,0.08876232371163618
2023-12-15 00:00:00-05:00,89.40332526919867,89.64573903188568,89.3567047756205,89.4965591430664,9407100,0.0,0.0,0.0,-0.0008327747147212072,-0.0008331216642178321,0.10486148392437868,0.08754634673241997
2023-12-18 00:00:00-05:00,89.32874307386321,89.33806859604555,89.16091924102749,89.30077362060547,8634100,0.0,0.0,0.0,-0.002187631841219284,-0.0021900282032988427,0.11247884643239987,0.08876868941683574
2023-12-19 00:00:00-05:00,89.44994585323789,89.63641360116193,89.40332535961257,89.46858978271484,9047100,0.0,0.0,0.0,0.0018792240571436913,0.0018774605246513604,0.11281756495922404,0.088740803886323
2023-12-20 00:00:00-05:00,89.67371106837173,89.96273821968211,89.48724331525965,89.90679931640625,12659100,0.0,0.0,0.0,0.0048979148409027395,0.00488595907898493,0.06779835420976972,0.0892554691454674
2023-12-21 00:00:00-05:00,90.10261550502841,90.15855442253002,89.64576441442047,89.7669677734375,8939700,0.0,0.0,0.0,-0.0015552944163504945,-0.0015565051422309001,0.046586998168638906,0.0898277986165993
2023-12-22 00:00:00-05:00,89.93477663364017,89.95342767855587,89.55251557234162,89.68304443359375,4956400,0.0,0.0,0.0,-0.0009349022466210721,-0.0009353395402989132,0.04676810799633873,0.08642831705366186
2023-12-26 00:00:00-05:00,89.64574926978146,89.82289151637391,89.62709822490473,89.73898315429688,3342500,0.0,0.0,0.0,0.0006237379769655771,0.000623543533284027,0.04076699786851037,0.0843730636399749
2023-12-27 00:00:00-05:00,90.12123584632099,90.47552739193222,90.05596431375471,90.438232421875,7362400,0.0,0.0,0.0,0.007792034665423442,0.0077618335472992685,0.06397141833809389,0.08646638172501159
2023-12-28 00:00:00-05:00,90.25179005255099,90.40096286142064,90.0000507122288,90.0932846069336,4858500,0.0,0.0,0.0,-0.00381418130036304,-0.0038214738391417567,0.0701242876340675,0.08819506780370316
2023-12-29 00:00:00-05:00,89.83221948785123,90.1026027396198,89.77628057827484,89.86951446533203,7820500,0.0,0.0,0.0,-0.002483760499773613,-0.0024868501499113525,0.0720570109857561,0.08617372396234275
2024-01-02 00:00:00-05:00,89.44994327337595,89.64573653703583,89.43129223114829,89.53385162353516,9444000,0.0,0.0,0.0,-0.0037350022840766384,-0.003741994821967796,0.07746413872153979,0.08347136811741994
2024-01-03 00:00:00-05:00,89.142267793475,89.82288147632163,89.06767784888427,89.74829864501953,11040500,0.0,0.0,0.0,0.0023951501872840897,0.002392286386983931,0.0798138453297862,0.081100632379734
2024-01-04 00:00:00-05:00,89.21686794189615,89.34739680321434,89.11430853467624,89.2075424194336,7354800,0.0,0.0,0.0,-0.00602525322206704,-0.006043478304295219,0.049803935752468956,0.08257890187856146
2024-01-05 00:00:00-05:00,88.88121795654297,89.52453672395454,88.81595352757978,88.88121795654297,10001000,0.0,0.0,0.0,-0.0036580366865878178,-0.0036647436640301185,0.049602235246234715,0.0831386745994418
2024-01-08 00:00:00-05:00,88.93716687648235,89.46860789024156,88.90919741996187,89.17958068847656,7044700,0.0,0.0,0.0,0.0033568704254196557,0.0033512487132861756,0.06587735734879098,0.08338984593028699
2024-01-09 00:00:00-05:00,89.05837272280355,89.27281708428977,89.05837272280355,89.14228820800781,7360800,0.0,0.0,0.0,-0.00041817286177903146,-0.00041826032043293593,0.06304077250077252,0.07913680143602407
2024-01-10 00:00:00-05:00,89.31011203367899,89.37537647179698,88.983789843089,89.00243377685547,9212700,0.0,0.0,0.0,-0.0015688898497422388,-0.0015701218461689542,0.05599392282984959,0.07961969282958999
2024-01-11 00:00:00-05:00,89.13295495377322,89.54319259410154,89.02107713425798,89.4779281616211,10305400,0.0,0.0,0.0,0.005342487442060007,0.005328266981960374,0.05830644744214634,0.0810539887370744
2024-01-12 00:00:00-05:00,89.7203369140625,89.953425175998,89.52453651434215,89.7203369140625,8469600,0.0,0.0,0.0,0.0027091457907200134,0.002705482669723401,0.04492359235823774,0.06321251501956672
2024-01-16 00:00:00-05:00,89.35672017740404,89.46860511330331,88.87189968175359,88.99310302734375,9847100,0.0,0.0,0.0,-0.008105563484623546,-0.008138592162769059,0.0807047223995977,0.06318129595424868
2024-01-17 00:00:00-05:00,88.73203286726384,88.78797888402566,88.52691407014446,88.70406341552734,9170700,0.0,0.0,0.0,-0.003247887779883274,-0.003253173615702779,0.08318879566798178,0.06401926642580147
2024-01-18 00:00:00-05:00,88.66679149509702,88.73205593721359,88.41505925073048,88.50829315185547,8910100,0.0,0.0,0.0,-0.00220700446105615,-0.00220944348468652,0.08359854859165736,0.06402632955011109
2024-01-19 00:00:00-05:00,88.36842872705496,88.53625257537357,88.14466596706012,88.51760864257812,17711100,0.0,0.0,0.0,0.0001052499194247325,0.00010524438104056929,0.06417641152437764,0.06348218194585
2024-01-22 00:00:00-05:00,88.83458487450152,88.93714426452794,88.71338155596496,88.78797149658203,9831500,0.0,0.0,0.0,0.0030543397878675105,0.003049684768363157,0.06584777121312657,0.061705243347548205
2024-01-23 00:00:00-05:00,88.57354213624176,88.59218606789676,88.45233879726058,88.56421661376953,6428600,0.0,0.0,0.0,-0.002520103557283271,-0.0025232843633505686,0.04083870073464598,0.061993828406185204
2024-01-24 00:00:00-05:00,88.89056981475784,88.91854639194608,88.25657633099645,88.31251525878906,9718000,0.0,0.0,0.0,-0.002842020904200493,-0.002846067113703509,0.03948744768921423,0.062470919270243314
2024-01-25 00:00:00-05:00,88.62014983687732,88.72270922939197,88.48029547314931,88.69473266601562,11588100,0.0,0.0,0.0,0.004328009525111254,0.004318670628080594,0.051191418584608815,0.06489765420964219
2024-01-26 00:00:00-05:00,88.62017036580376,88.62017036580376,88.42436994325418,88.5362548828125,9134600,0.0,0.0,0.0,-0.0017867778439547566,-0.0017883760355124918,0.05363982954485606,0.05693220108908074
2024-01-29 00:00:00-05:00,88.80663787281648,89.15161110040344,88.74137343660166,89.06769561767578,6947500,0.0,0.0,0.0,0.00600252106401733,0.005984577702257609,0.0665774066964615,0.061133403953936204
2024-01-30 00:00:00-05:00,89.21685800078642,89.26347138132641,88.71338654324938,89.18888854980469,7265800,0.0,0.0,0.0,0.001360683368851534,0.0013597584781302836,0.060400103981598334,0.06105627508153611
2024-01-31 00:00:00-05:00,89.58980310936248,89.95342735100013,89.49656922499182,89.93477630615234,15778300,0.0,0.0,0.0,0.008363012124891878,0.008328235893827236,0.06300299924667072,0.06703069402846523
2024-02-01 00:00:00-05:00,90.28620701297811,90.76287532743052,90.04319865825427,90.49182891845703,33372900,0.236,0.0,0.0,0.0061939622822699825,0.006174858542538086,0.06560065556747369,0.06994950231079985
2024-02-02 00:00:00-05:00,89.48239863124654,89.63194439889637,89.1459277847691,89.31416320800781,13809200,0.0,0.0,0.0,-0.013014055794036694,-0.013099480576134097,0.13740592490645134,0.0818753049619511
2024-02-05 00:00:00-05:00,88.69731828660969,88.78143244570522,88.35149899416682,88.44496154785156,12147700,0.0,0.0,0.0,-0.00973195772020985,-0.009779622722042192,0.1516219031694033,0.08814449894743798
2024-02-06 00:00:00-05:00,88.54777350962121,89.00575215016913,88.51973545626845,88.921630859375,9327000,0.0,0.0,0.0,0.005389445630156642,0.005374974538878142,0.1587173691387423,0.08952636867929994
2024-02-07 00:00:00-05:00,88.76274108886719,89.11790163836781,88.73470303637183,88.76274108886719,8619800,0.0,0.0,0.0,-0.0017868517364362235,-0.0017884500602624767,0.1377389371755746,0.08971648736821465
2024-02-08 00:00:00-05:00,88.56645448142186,88.64122023343108,88.38887066758895,88.47299194335938,7808000,0.0,0.0,0.0,-0.003264310474793919,-0.003269649959221549,0.11407302002790783,0.09026025983614207
2024-02-09 00:00:00-05:00,88.25802607337477,88.38887505931056,88.22998802363638,88.31410217285156,8492500,0.0,0.0,0.0,-0.0017959127075699577,-0.0017975272921881699,0.08540928491154011,0.08788500948510862
2024-02-12 00:00:00-05:00,88.38888311200486,88.50104245191167,88.22999606185523,88.39823150634766,7023600,0.0,0.0,0.0,0.0009526149440033382,0.0009521614943400036,0.054401440490631295,0.08721587586436806
2024-02-13 00:00:00-05:00,87.74398260806086,87.82810389876357,87.40751170672166,87.42620849609375,11978400,0.0,0.0,0.0,-0.01099595539062459,-0.011056857772867783,0.07180260684034265,0.0909810465061177
2024-02-14 00:00:00-05:00,87.51968169438807,87.91222875011117,87.51968169438807,87.75334167480469,8979600,0.0,0.0,0.0,0.003741820494543635,0.003734837298726059,0.08834378091924254,0.0919382851756094
2024-02-15 00:00:00-05:00,88.13654292719792,88.23000548840474,87.88418616812955,87.99634552001953,6788300,0.0,0.0,0.0,0.002769169134497096,0.0027653420492522625,0.09426144974470083,0.09242467850082178
2024-02-16 00:00:00-05:00,87.48227204883071,87.65985586870266,87.4355443435777,87.61312103271484,7147400,0.0,0.0,0.0,-0.0043550045747923205,-0.004364515229890963,0.09721500477964573,0.09353144064785196
2024-02-20 00:00:00-05:00,87.79072573907483,87.96830960119615,87.75333928753683,87.76268768310547,8286300,0.0,0.0,0.0,0.0017071261544805427,0.0017056706708542292,0.09858996140178962,0.09297360394383901
2024-02-21 00:00:00-05:00,87.8280961821453,87.87482388999832,87.42620081478618,87.4822769165039,6433900,0.0,0.0,0.0,-0.0031951023151669533,-0.0032002175532812958,0.05814779061072871,0.09319255476180034
2024-02-22 00:00:00-05:00,87.45423648110052,87.6598583561059,87.33273588711326,87.49162292480469,8688500,0.0,0.0,0.0,0.00010683316244386454,0.00010682745618797361,0.04893376090734573,0.09283794826505987
2024-02-23 00:00:00-05:00,87.51966683856749,87.95894866810373,87.51966683856749,87.89352416992188,6426700,0.0,0.0,0.0,0.004593596868840866,0.004583078501868807,0.05775162786097525,0.09302385991519602
2024-02-26 00:00:00-05:00,87.90288509368881,87.91222635852091,87.55706576501477,87.76268768310547,6417200,0.0,0.0,0.0,-0.0014885793697777538,-0.0014896884047755315,0.047528859721107014,0.09297249099634362
2024-02-27 00:00:00-05:00,87.63182311650226,87.78136176537983,87.51031538788304,87.56639862060547,7540600,0.0,0.0,0.0,-0.0022365890070363825,-0.0022390939078823393,0.048640464003140316,0.08997240301078942
2024-02-28 00:00:00-05:00,87.66921500350283,87.8841781616211,87.61313176729901,87.8841781616211,5293600,0.0,0.0,0.0,0.003629012338310922,0.003622443360838391,0.048450162573003,0.09106007634965607
2024-02-29 00:00:00-05:00,87.94959298999785,88.16456325521212,87.93090333380896,88.06175231933594,11919200,0.0,0.0,0.0,0.0020205475141188423,0.0020185089535342455,0.04832923431579267,0.08526723097484913
2024-03-01 00:00:00-05:00,87.9483664211637,88.52000795625787,87.73283366836898,88.46378326416016,11857200,0.249,0.0,0.0,0.0045653298308934165,0.004554940321684379,0.048208270507989,0.08361512171593463
2024-03-04 00:00:00-05:00,88.16391491237412,88.36070850351766,88.15454174623464,88.26699829101562,6641600,0.0,0.0,0.0,-0.0022244693351731737,-0.0022269471423040244,0.05108525308864511,0.0710913932533176
2024-03-05 00:00:00-05:00,88.7167985278237,88.96982393296653,88.61371516271069,88.81050872802734,7673100,0.0,0.0,0.0,0.006157572451028326,0.006138692067031662,0.05077696620345813,0.06616432131443648
2024-03-06 00:00:00-05:00,88.96982968849082,89.2041087789706,88.92297101054267,89.02605438232422,9499200,0.0,0.0,0.0,0.002427028708471335,0.0024240882310831323,0.05029955534923921,0.0638876942199374
2024-03-07 00:00:00-05:00,89.2041072194721,89.23221956589734,88.95108180238435,89.17599487304688,8420900,0.0,0.0,0.0,0.0016842315630292148,0.0016828148355586146,0.050594892231958184,0.0637401747232136
2024-03-08 00:00:00-05:00,89.32592944619606,89.3915273041602,89.1666213839446,89.24159240722656,8103600,0.0,0.0,0.0,0.0007355963258168785,0.0007353259074439826,0.0480938841645415,0.062390615280869616
2024-03-11 00:00:00-04:00,89.26971165334136,89.29782400183737,89.0447985661116,89.12914276123047,5568200,0.0,0.0,0.0,-0.0012600587121189832,-0.0012608532536140644,0.04331523323153871,0.06216450639744456
2024-03-12 00:00:00-04:00,88.87612127397979,88.90424077335591,88.66058849284775,88.763671875,6556500,0.0,0.0,0.0,-0.004100464504741552,-0.004108894461703434,0.04171175541679618,0.06419518954630062
2024-03-13 00:00:00-04:00,88.63248477419204,88.6980826465286,88.52940138200145,88.56688690185547,9708400,0.0,0.0,0.0,-0.00221695395185606,-0.0022194150323425837,0.03669545434720017,0.04981548639790249
2024-03-14 00:00:00-04:00,88.23888513708566,88.24825115350875,87.89214948939795,87.910888671875,10055900,0.0,0.0,0.0,-0.0074068114272483054,-0.007434378059926107,0.049001441275875295,0.0559839963153782
2024-03-15 00:00:00-04:00,87.84526994792857,87.92024095929493,87.7421865947071,87.76093292236328,6591400,0.0,0.0,0.0,-0.0017057699197129406,-0.001707226401740244,0.03998307495548579,0.05540001357979387
2024-03-18 00:00:00-04:00,87.73283845828422,87.8078023352972,87.57352323925892,87.65786743164062,5319700,0.0,0.0,0.0,-0.0011743891876563328,-0.0011750793230162905,0.040267187073263,0.05329171611240903
2024-03-19 00:00:00-04:00,87.83592479233594,88.03271838168382,87.77969294564308,87.910888671875,5470300,0.0,0.0,0.0,0.0028864635616614454,0.0028823057247566097,0.058271090296571786,0.053944139808313654
2024-03-20 00:00:00-04:00,88.00460078348227,88.4169271200589,87.80780005624315,88.11705017089844,10190800,0.0,0.0,0.0,0.0023451190419987444,0.002342373541850166,0.06538946722698491,0.05304670633864649
2024-03-21 00:00:00-04:00,88.28572712492547,88.3513249809507,88.05144804631682,88.12641906738281,8271200,0.0,0.0,0.0,0.00010632331048543442,0.00010631765856287533,0.032652223647379505,0.05304673951730161
2024-03-22 00:00:00-04:00,88.61372744457097,88.61372744457097,88.47316569959864,88.55750274658203,6119800,0.0,0.0,0.0,0.004891650923312785,0.004879725672565992,0.037858942666741044,0.05337128292733832
2024-03-25 00:00:00-04:00,88.4731537104147,88.4731537104147,88.26698697955207,88.32321166992188,4488900,0.0,0.0,0.0,-0.0026456377990988766,-0.0026491436836799413,0.04578016677753075,0.054062623682233406
2024-03-26 00:00:00-04:00,88.29508345232915,88.47313780599886,88.19200010542866,88.45439147949219,5477600,0.0,0.0,0.0,0.0014852246322354379,0.0014841227769981065,0.044192276051943494,0.05333400093029837
2024-03-27 00:00:00-04:00,88.55749185607426,88.8292564456517,88.54811869101847,88.7917709350586,4838500,0.0,0.0,0.0,0.003814162868834181,0.0038069073928318877,0.04761221664819778,0.05348145754249019
2024-03-28 00:00:00-04:00,88.59497145424115,88.81050418873019,88.53874676691872,88.70742797851562,7561400,0.0,0.0,0.0,-0.0009498960957164959,-0.0009503475329144202,0.05012647358993151,0.053414857684093105
2024-04-01 00:00:00-04:00,88.3371029906007,88.3371029906007,87.83898023482088,87.90476989746094,10854000,0.276,0.0,0.0,-0.009048375083641091,-0.009089560256972655,0.07766355566772867,0.060610033370056944
2024-04-02 00:00:00-04:00,87.51006538303082,87.75443015364738,87.42547454412816,87.71683502197266,7214900,0.0,0.0,0.0,-0.002137937175735738,-0.002140225825994907,0.07726152347108683,0.0605745490723056
2024-04-03 00:00:00-04:00,87.35967077758403,87.82020568847656,87.27508712285092,87.82020568847656,12908000,0.0,0.0,0.0,0.0011784586901477656,0.0011777648527578758,0.07657562409041219,0.055928559819336233
2024-04-04 00:00:00-04:00,88.00817104802078,88.13975039777633,87.76380632538762,88.12095642089844,6960500,0.0,0.0,0.0,0.003424618856948669,0.0034187682034913388,0.07492756650378331,0.05674014645106093
2024-04-05 00:00:00-04:00,87.64162331957137,87.91418257963548,87.52883795213698,87.53823852539062,6334600,0.0,0.0,0.0,-0.006612705072384095,-0.006634665873644762,0.08266258405013277,0.06004212673954722
2024-04-08 00:00:00-04:00,87.32209499689108,87.46306777443391,87.22810358447849,87.34088897705078,7115100,0.0,0.0,0.0,-0.002254438193688424,-0.002256983265330308,0.06060486396953051,0.05988677705459895
2024-04-09 00:00:00-04:00,87.59465299049704,87.76382750537189,87.59465299049704,87.68864440917969,5151100,0.0,0.0,0.0,0.003981587961856992,0.003973682417972372,0.06999390013129565,0.06249843225846826
2024-04-10 00:00:00-04:00,86.94614078400411,87.00252988848719,86.39162163128425,86.52320098876953,14993700,0.0,0.0,0.0,-0.013290699477253587,-0.013379811276395369,0.11488800326788629,0.07598124135504138
2024-04-11 00:00:00-04:00,86.68295311648167,86.72054105989103,86.28820800533552,86.40099334716797,9371400,0.0,0.0,0.0,-0.0014124262649208852,-0.0014134246791328467,0.10243602278613584,0.07590138860736853
2024-04-12 00:00:00-04:00,86.85214721416878,86.99311996021822,86.7581558227539,86.7581558227539,11675600,0.0,0.0,0.0,0.004133777422567597,0.0041252568380733285,0.11253682472717375,0.07447892663870839
2024-04-15 00:00:00-04:00,86.16606392854808,86.22245303688291,85.85590949163114,86.20365905761719,12315300,0.0,0.0,0.0,-0.006391292667280224,-0.0064118044227224535,0.11738988126094958,0.07716895533814029
2024-04-16 00:00:00-04:00,85.82770791355836,86.02507694711579,85.69612855785338,85.86530303955078,12027200,0.0,0.0,0.0,-0.003925077215576778,-0.003932800547558109,0.1018748828784932,0.07792051250551055
2024-04-17 00:00:00-04:00,86.17545150607373,86.47620532272789,86.03447158596221,86.41041564941406,10515400,0.0,0.0,0.0,0.006348461958052942,0.006328395356694725,0.08523964239164225,0.08112623507901383
2024-04-18 00:00:00-04:00,86.32582792110722,86.32582792110722,85.99687954275596,86.10966491699219,6964500,0.0,0.0,0.0,-0.0034804916763979676,-0.0034865626783605634,0.08822942951562132,0.0807195730003118
2024-04-19 00:00:00-04:00,86.31643449072077,86.33523563991785,86.12846602197456,86.22245025634766,6125800,0.0,0.0,0.0,0.0013097872284626444,0.0013089302054343098,0.08049591614624402,0.08107811614319921
2024-04-22 00:00:00-04:00,86.06265995374687,86.29762408020906,86.04386597866578,86.2318344116211,4002900,0.0,0.0,0.0,0.00010883656455518143,0.00010883064228599173,0.06618178844977922,0.07813054987965343
2024-04-23 00:00:00-04:00,86.11906424577258,86.56079802875394,86.0344805871782,86.34463500976562,8319800,0.0,0.0,0.0,0.0013081085299204709,0.0013072537013486033,0.05589719889407309,0.07849922469191882
2024-04-24 00:00:00-04:00,86.14724825321899,86.17544280028565,85.94047868068233,86.08145141601562,7567400,0.0,0.0,0.0,-0.0030480596011580596,-0.0030527143959586315,0.03718860557788585,0.07815192210360504
2024-04-25 00:00:00-04:00,85.61153015344291,85.83710088943009,85.5457404814141,85.75251007080078,5784300,0.0,0.0,0.0,-0.0038212801922348216,-0.003828599936534687,0.03880265727557873,0.07613753046769141
2024-04-26 00:00:00-04:00,85.94988503830649,86.11905951674278,85.92169048698995,85.98748016357422,5432600,0.0,0.0,0.0,0.002740095801037512,0.002736348582136512,0.04465554006740788,0.07774793324677158
2024-04-29 00:00:00-04:00,86.1848627004587,86.35403720540847,86.1096796086773,86.33524322509766,4846500,0.0,0.0,0.0,0.004044345303082286,0.004036188922700314,0.05565685035143014,0.07482312512160835
2024-04-30 00:00:00-04:00,86.0062815593459,86.13786091289366,85.8559010578416,85.93109130859375,7516700,0.0,0.0,0.0,-0.004681192771417542,-0.004692183868676781,0.0640552344271156,0.07592233498391172
2024-05-01 00:00:00-04:00,86.18655008560606,86.5918901568645,85.96031594104552,86.2713851928711,12392500,0.271,0.0,0.0,0.003960078699050795,0.003952258227056718,0.06876496667121644,0.07761240354526756
2024-05-02 00:00:00-04:00,86.27139480788252,86.73329886065098,86.20540954203769,86.6767349243164,8661500,0.0,0.0,0.0,0.004698542054692778,0.00468753836005903,0.06167270576891053,0.07867354217180805
2024-05-03 00:00:00-04:00,87.2988697267749,87.38370482585299,86.93123658039703,87.157470703125,8501100,0.0,0.0,0.0,0.005546306967242787,0.005530982842178419,0.06639444172473993,0.07862643895966671
2024-05-06 00:00:00-04:00,87.19518038109543,87.32715088956719,87.11034527930072,87.2328872680664,4043400,0.0,0.0,0.0,0.000865290884797254,0.0008649167364554747,0.06621590252360318,0.07832784637880642
2024-05-07 00:00:00-04:00,87.54398690843345,87.68537878225523,87.38373079834338,87.45914459228516,7776200,0.0,0.0,0.0,0.0025937158714404163,0.0025903579954271614,0.029263844520276482,0.07753120851407364
2024-05-08 00:00:00-04:00,87.27061423236488,87.34602802365642,87.20462896294855,87.21405029296875,9024000,0.0,0.0,0.0,-0.0028023861936791183,-0.0028063202293789166,0.05288788865630651,0.06109623001734896
2024-05-09 00:00:00-04:00,87.19519871036928,87.5439820942785,87.16692033716,87.47799682617188,9625200,0.0,0.0,0.0,0.003026422145474106,0.0030218517489504176,0.04906611856735915,0.06137625965843141
2024-05-10 00:00:00-04:00,87.28946933733627,87.32717623525123,87.148070268119,87.19520568847656,3205000,0.0,0.0,0.0,-0.0032327116298427327,-0.003237948130526823,0.04688932649109085,0.061363530291417
2024-05-13 00:00:00-04:00,87.42143881238057,87.44971718750627,87.28946826722377,87.29889678955078,3228700,0.0,0.0,0.0,0.0011891835136519369,0.0011884769950021145,0.04728142877679741,0.056146195579937226
2024-05-14 00:00:00-04:00,87.4685401518178,87.5910821269016,87.37427654084162,87.55337524414062,4688800,0.0,0.0,0.0,0.0029150248622649144,0.0029107844159633267,0.048368112535593664,0.0539822510524624
2024-05-15 00:00:00-04:00,88.06242926739539,88.2792420992111,87.9493157828431,88.2132568359375,11384500,0.0,0.0,0.0,0.007536906372333618,0.007508645802849625,0.061571348613533514,0.055687875730179706
2024-05-16 00:00:00-04:00,88.2415348906735,88.2415348906735,88.01530073052584,88.0435791015625,4278400,0.0,0.0,0.0,-0.0019234947269951563,-0.0019253470186074342,0.06756274009788049,0.054268137991154965
2024-05-17 00:00:00-04:00,87.90217315243041,87.97758693050955,87.7513455962721,87.77020263671875,3883900,0.0,0.0,0.0,-0.003105013081401431,-0.0031098436364018667,0.06702732931769953,0.05628495067988605
2024-05-20 00:00:00-04:00,87.64765025982922,87.72305683712315,87.60994337525584,87.63822174072266,4575900,0.0,0.0,0.0,-0.001503709596551439,-0.0015048413024738015,0.07002420549325748,0.0568720284737055
2024-05-21 00:00:00-04:00,87.9021706941374,87.93987758212245,87.81733559006116,87.86446380615234,2669700,0.0,0.0,0.0,0.002581545596612278,0.0025782191314962575,0.06942225598539908,0.05719708813253658
2024-05-22 00:00:00-04:00,87.64764258097158,87.85501964017753,87.63821406269105,87.75132751464844,3616300,0.0,0.0,0.0,-0.0012876228523229782,-0.001288452550930291,0.03408076502658146,0.05592111848768121
2024-05-23 00:00:00-04:00,87.78905324048165,87.79848176078607,87.3083065827625,87.44027709960938,6005500,0.0,0.0,0.0,-0.0035446804492745843,-0.0035509777146179697,0.0383779683224511,0.055614773515251646
2024-05-24 00:00:00-04:00,87.35541950353488,87.56280376279399,87.32714113942727,87.55337524414062,3926400,0.0,0.0,0.0,0.0012934330526241933,0.00129259728868556,0.038567118872409656,0.05524365701825787
2024-05-28 00:00:00-04:00,87.62879845234767,87.64765549168641,87.04435249435267,87.0632095336914,8761400,0.0,0.0,0.0,-0.005598478746049462,-0.0056142089658580245,0.05342622840667802,0.05849228214628
2024-05-29 00:00:00-04:00,86.84640757217991,86.85583609302611,86.45992451973622,86.63903045654297,10126800,0.0,0.0,0.0,-0.004872081783112825,-0.0048839890648070955,0.04470514533741121,0.05871685192869704
2024-05-30 00:00:00-04:00,86.9312480524167,87.09149694416932,86.88411264102875,87.07264709472656,5069500,0.0,0.0,0.0,0.0050048648501566095,0.004992382146245179,0.07207459427242928,0.059662566110362074
2024-05-31 00:00:00-04:00,87.33659776827058,87.49684667769313,87.29889087337324,87.47799682617188,4807400,0.0,0.0,0.0,0.004655305023681278,0.004644502603981482,0.08072112531558952,0.059622097142921
2024-06-03 00:00:00-04:00,87.59712339623891,88.09821748911872,87.59712339623891,88.05094146728516,7675900,0.276,0.0,0.0,0.006549585746136621,0.0065282304044582,0.09327880394943588,0.06084946340772712
2024-06-04 00:00:00-04:00,88.34402956289355,88.61821458842027,88.28729690061769,88.53311920166016,8752000,0.0,0.0,0.0,0.005476122416637086,0.005461182973605399,0.07394946538178346,0.06334921023968354
2024-06-05 00:00:00-04:00,88.64657318988654,88.86402554302353,88.39129425478676,88.85457611083984,6466800,0.0,0.0,0.0,0.003630922665759373,0.0036243467789409873,0.017025450471644048,0.06385507247907697
2024-06-06 00:00:00-04:00,88.70332195453881,88.90186828219525,88.67495922391774,88.81678009033203,5849400,0.0,0.0,0.0,-0.00042536943129034555,-0.00042545992653039943,0.04261521082374288,0.06262231319310711
2024-06-07 00:00:00-04:00,88.06037748961155,88.07929077923855,87.87128787318049,87.8807373046875,7125100,0.0,0.0,0.0,-0.0105390308530946,-0.01059495974335832,0.11024422686381484,0.07403808584200024
2024-06-10 00:00:00-04:00,87.72001311263305,87.77673855664916,87.60656222460084,87.691650390625,3938900,0.0,0.0,0.0,-0.0021516309473704753,-0.0021539490309411013,0.09908501978527802,0.07346275220217009
2024-06-11 00:00:00-04:00,87.84294814608522,88.17385866811297,87.75785274710186,88.15494537353516,3954700,0.0,0.0,0.0,0.00528322800228298,0.005269320715294239,0.09832158212760267,0.07553260399041287
2024-06-12 00:00:00-04:00,88.94912367301782,89.17603267865358,88.62766263616885,88.64657592773438,9243200,0.0,0.0,0.0,0.0055768913713922785,0.00556139808891926,0.10466286296714945,0.07723380773113665
2024-06-13 00:00:00-04:00,89.04366032050329,89.36511411454924,88.94911551127251,89.23274993896484,6529900,0.0,0.0,0.0,0.006612483393699575,0.006590716826736455,0.11607577774796417,0.07620043797305254
2024-06-14 00:00:00-04:00,89.35566196034715,89.52584549709982,89.30838595051894,89.44075012207031,5424600,0.0,0.0,0.0,0.0023309847925536697,0.0023282722619294115,0.05639576350385776,0.07583799531020712
2024-06-17 00:00:00-04:00,89.00583646698277,89.08147519587675,88.9018350180801,89.02474975585938,4957200,0.0,0.0,0.0,-0.004651127876758365,-0.004661978028723372,0.07269685157828916,0.07708184336469776
2024-06-18 00:00:00-04:00,89.17604124725666,89.51640839506858,89.1382218737989,89.41240692138672,5232600,0.0,0.0,0.0,0.0043544875620593615,0.004345034214150605,0.07116661506937887,0.07764212010421563
2024-06-20 00:00:00-04:00,88.96801866438804,89.21384093095583,88.92074986797915,89.18547821044922,3573100,0.0,0.0,0.0,-0.002538000247963579,-0.002541226430450292,0.07476660200941955,0.07839428300368702
2024-06-21 00:00:00-04:00,89.35566130980149,89.44074947090517,89.04365695914206,89.20438385009766,6908700,0.0,0.0,0.0,0.00021198114343046193,0.00021195867860256741,0.05750944937328583,0.0780552708285562
2024-06-24 00:00:00-04:00,89.22329622732443,89.28002166748047,89.09093205808952,89.28002166748047,5276000,0.0,0.0,0.0,0.0008479159220460275,0.000847556644417735,0.054513365247937734,0.07632599184039514
2024-06-25 00:00:00-04:00,89.22332578935077,89.39350937951139,89.18550641228077,89.3556900024414,3790100,0.0,0.0,0.0,0.0008475393884059823,0.0008471804297053058,0.03897483131742953,0.07632374408618764
2024-06-26 00:00:00-04:00,88.8924116342186,88.95859374343742,88.7978667943787,88.81678009033203,4196400,0.0,0.0,0.0,-0.0060310643014972465,-0.0060493246262825545,0.04723962854280804,0.07683577729625045
2024-06-27 00:00:00-04:00,88.98693421480785,89.10038509971712,88.97747756996323,89.01529693603516,4946600,0.0,0.0,0.0,0.0022351277033598738,0.002232633521286921,0.05152400779110685,0.07369871550501561
2024-06-28 00:00:00-04:00,89.21384958739809,89.23275566513485,88.54257202148438,88.54257202148438,6032400,0.0,0.0,0.0,-0.005310603130273983,-0.005324754506876352,0.061494249703970764,0.07600009465253184
2024-07-01 00:00:00-04:00,88.04468616372885,88.30074435383443,87.79812072144522,87.88346862792969,13662800,0.285,0.0,0.0,-0.007443915152981595,-0.007471759355362588,0.06937083783605888,0.0799918054077848
2024-07-02 00:00:00-04:00,88.25332025004572,88.31970436402376,88.0826172090556,88.21538543701172,8195700,0.0,0.0,0.0,0.0037767832137720614,0.003769669074797651,0.08195562139753784,0.07766417273613907
2024-07-03 00:00:00-04:00,88.43349702230367,88.84128716393748,88.38607670349691,88.80335235595703,3861000,0.0,0.0,0.0,0.006665128945847476,0.006643015180264286,0.09633125954933881,0.07886033034549435
2024-07-05 00:00:00-04:00,89.11632023745771,89.35340739048476,89.00251579928748,89.2965087890625,5111500,0.0,0.0,0.0,0.005553353787013826,0.005537990769143536,0.10380570679887959,0.08026398227767412
2024-07-08 00:00:00-04:00,89.2680682131365,89.39135818536187,89.13529996252997,89.3249740600586,5294600,0.0,0.0,0.0,0.000318772496059605,0.000318721698902354,0.09025654007652778,0.08022312775686788
2024-07-09 00:00:00-04:00,89.18271162479348,89.30599434970546,88.98355926824664,89.20167541503906,3006900,0.0,0.0,0.0,-0.0013803378765789853,-0.0013812914204819307,0.054375484335475587,0.06971349639891404
2024-07-10 00:00:00-04:00,89.27754756800087,89.33444617567078,89.15426483960722,89.28703308105469,4076600,0.0,0.0,0.0,0.0009569065336325622,0.0009564489904362935,0.05546848983445659,0.06886230725111744
2024-07-11 00:00:00-04:00,89.9224327104117,90.07417199100395,89.81811376383631,89.85604858398438,9658400,0.0,0.0,0.0,0.006372879502146045,0.0063526585704753126,0.054081786358030216,0.06988103932129523
2024-07-12 00:00:00-04:00,89.87498941445743,90.04569244384766,89.8180908164358,90.04569244384766,4304500,0.0,0.0,0.0,0.002110529706701225,0.0021083056675971074,0.046247604522765946,0.06790230445188496
2024-07-15 00:00:00-04:00,89.81809855409523,89.93190299526783,89.68533032372346,89.76119995117188,3754500,0.0,0.0,0.0,-0.0031594236765205563,-0.003164425192888881,0.0578210308195433,0.06561366952480933
2024-07-16 00:00:00-04:00,89.92242819333894,90.1690008942517,89.83708027878843,90.15951538085938,4705800,0.0,0.0,0.0,0.004437501168703006,0.004427684490691535,0.057609474183718805,0.06689067843569815
2024-07-17 00:00:00-04:00,90.02674420419926,90.29228068792635,89.94138905710038,90.23538208007812,5113500,0.0,0.0,0.0,0.0008414719056359932,0.0008411180666351452,0.05776490649803984,0.06416600115423594
2024-07-18 00:00:00-04:00,90.03621491585102,90.23536724590684,89.92241048353682,89.97930908203125,8640600,0.0,0.0,0.0,-0.002837833587490346,-0.002841867871450871,0.05174542641410118,0.06378610095918798
2024-07-19 00:00:00-04:00,89.74222968041452,89.80861379615799,89.64739626297045,89.69481658935547,5274400,0.0,0.0,0.0,-0.0031617545808939607,-0.003166763487651292,0.05349291126689951,0.06419438417691144
2024-07-22 00:00:00-04:00,89.79912534266467,89.86550945088514,89.46719756623709,89.60945129394531,3869800,0.0,0.0,0.0,-0.000951730530884265,-0.0009521837139475618,0.04943827813850799,0.06434647782655008
2024-07-23 00:00:00-04:00,89.73275575603832,89.85603848116307,89.66637163707479,89.67584991455078,5095600,0.0,0.0,0.0,0.000740977872832449,0.0007407034842639743,0.030169871790433313,0.06433407222169457
2024-07-24 00:00:00-04:00,89.83706165122913,89.97930814598541,89.46719905888699,89.4766845703125,4733500,0.0,0.0,0.0,-0.0022209473835828053,-0.0022234173450036863,0.025374537836466246,0.06486265791829039
2024-07-25 00:00:00-04:00,89.65688612427248,89.97932120628784,89.60946579558724,89.67584991455078,4335600,0.0,0.0,0.0,0.002225890970309452,0.0022234173450036833,0.03466193625613829,0.061062906152224206
2024-07-26 00:00:00-04:00,90.05518740017583,90.13105702904534,89.96983949419217,90.10260772705078,5217500,0.0,0.0,0.0,0.004758893424557931,0.004747605688500754,0.0433602152114987,0.06265673989674968
2024-07-29 00:00:00-04:00,90.33021839132245,90.3397039047091,90.16900084038329,90.25434875488281,6165600,0.0,0.0,0.0,0.0016840914115572314,0.0016826749197274855,0.040146660102732164,0.05867660263514874
2024-07-30 00:00:00-04:00,90.3586603600333,90.53884892311643,90.1974428221832,90.44401550292969,4419200,0.0,0.0,0.0,0.0021014693548118135,0.002099264356704132,0.03981951992212757,0.049618306029183386
2024-07-31 00:00:00-04:00,90.70955204419818,91.11734226311219,90.51987796835085,91.10785675048828,10982900,0.0,0.0,0.0,0.007339802903123971,0.0073129976334792455,0.03817415545312214,0.05331640210312688
2024-08-01 00:00:00-04:00,91.31618545194505,91.72520615623488,91.29716443979224,91.49691772460938,10492600,0.289,0.0,0.0,0.004270333953597438,0.00426124195229091,0.036170158165435826,0.05093519582131888
2024-08-02 00:00:00-04:00,92.44810892730104,92.98078424364451,92.39103138829503,92.91419982910156,18286500,0.0,0.0,0.0,0.015489943702343911,0.015371199185078108,0.08998010218249174,0.07004885342497362
2024-08-05 00:00:00-04:00,93.58955418908656,93.77028641691822,92.64785829221589,93.00931549072266,19098200,0.0,0.0,0.0,0.0010236934913721019,0.0010231698745082787,0.09215349003674653,0.06986933712181324
2024-08-06 00:00:00-04:00,92.78104540743801,92.81909468696485,92.11519390145564,92.1817855834961,9507000,0.0,0.0,0.0,-0.00889727983547095,-0.00893709698184822,0.14161376464550035,0.07920929617145546
2024-08-07 00:00:00-04:00,91.91542321842398,92.01055002780345,91.67762070928862,91.84883880615234,8419700,0.0,0.0,0.0,-0.003611849946670631,-0.0036183884254399573,0.1458673157712394,0.081374914443105
2024-08-08 00:00:00-04:00,91.46836398616861,91.63957483221907,91.38275130598647,91.57299041748047,4856100,0.0,0.0,0.0,-0.003003286620248513,-0.0030078055355100687,0.14678826065123396,0.08062050692489466
2024-08-09 00:00:00-04:00,92.05811793033648,92.06763206392063,91.867878801599,91.94397735595703,5174900,0.0,0.0,0.0,0.004051270323107703,0.00404308602458287,0.07813235197569986,0.08127978834726657
2024-08-12 00:00:00-04:00,91.82981906647278,92.24835381061989,91.77274878578244,92.20079040527344,4166400,0.0,0.0,0.0,0.0027931470521680435,0.0027892534654955442,0.0834032802430258,0.07992019053003357
2024-08-13 00:00:00-04:00,92.58127473549482,92.60980987548828,92.4481059107542,92.60980987548828,6458700,0.0,0.0,0.0,0.004436181820318241,0.004426370970189038,0.06229912795648666,0.07991951545627174
2024-08-14 00:00:00-04:00,92.57176313289767,92.8666359304306,92.55274212476778,92.73346710205078,4275700,0.0,0.0,0.0,0.0013352497616478942,0.0013343591084264157,0.047766524968075076,0.079896763468379
2024-08-15 00:00:00-04:00,91.98201827248748,92.15323638916016,91.9059269761999,92.15323638916016,5507000,0.0,0.0,0.0,-0.006256972062223198,-0.0062766289498781625,0.0695312954097043,0.08314556930434125
2024-08-16 00:00:00-04:00,92.34349087991076,92.35299775705792,92.08666005377496,92.33397674560547,4437000,0.0,0.0,0.0,0.0019613023212994296,0.001959381479059825,0.06574804596328405,0.08154837671067233
2024-08-19 00:00:00-04:00,92.30543648810757,92.56226004286272,92.28640822055075,92.45762634277344,4437600,0.0,0.0,0.0,0.0013391559805622233,0.0013382601109090298,0.06382835100479785,0.08105241149676153
2024-08-20 00:00:00-04:00,92.68591468345782,92.86663966801441,92.60981613356181,92.8285903930664,4886000,0.0,0.0,0.0,0.004012260155994873,0.00400423250573187,0.06225939479852639,0.08143520337309196
2024-08-21 00:00:00-04:00,92.9237097945014,93.22809671264086,92.70492829529654,93.01882934570312,5386000,0.0,0.0,0.0,0.0020493573351829664,0.002047260267045213,0.06307970364901011,0.08007870096286396
2024-08-22 00:00:00-04:00,92.79055795270112,92.80957896355982,92.45762857683187,92.5907974243164,4819500,0.0,0.0,0.0,-0.004601562118094815,-0.004612181895959878,0.05179325400488651,0.08337205738772667
2024-08-23 00:00:00-04:00,92.78102683912054,93.08541375725999,92.67639315565168,93.01882934570312,5475400,0.0,0.0,0.0,0.004622834377645324,0.004612181895959988,0.058120568254659916,0.08330535374250748
2024-08-26 00:00:00-04:00,93.1805454178589,93.19005955136245,92.90469360351562,92.90469360351562,3062400,0.0,0.0,0.0,-0.0012270176155766421,-0.0012277710180462358,0.061293252067009106,0.08390831294710754
2024-08-27 00:00:00-04:00,92.65739328486616,92.93323786912862,92.60982986983707,92.86665344238281,4433700,0.0,0.0,0.0,-0.00040945359870792064,-0.00040953744772163615,0.055208358616849154,0.08412735930378973
2024-08-28 00:00:00-04:00,92.88567621968421,92.96177477636839,92.78104251853291,92.819091796875,8147000,0.0,0.0,0.0,-0.000512149880983026,-0.0005122810745290731,0.052395117820557384,0.08126327579209615
2024-08-29 00:00:00-04:00,92.60980811713894,92.69541353549398,92.51468856658117,92.6573715209961,6199800,0.0,0.0,0.0,-0.0017423169387695836,-0.0017438365382662904,0.04065443606939834,0.0807996776169752
2024-08-30 00:00:00-04:00,92.67641300901444,92.79056084920347,92.31495573415303,92.33397674560547,4802600,0.0,0.0,0.0,-0.0034902217716951123,-0.0034963268051226497,0.019853504993705695,0.0599371285525559
2024-09-03 00:00:00-04:00,92.8376895330028,93.0857421299289,92.78044942553994,92.94263458251953,8232700,0.288,0.0,0.0,0.0065919161977721075,0.006570284528920737,0.0609993823693675,0.0646496857657367
2024-09-04 00:00:00-04:00,93.04758473421647,93.53414751058769,93.0189646789157,93.48644256591797,9914900,0.0,0.0,0.0,0.005851006761763422,0.005833956098403478,0.07283008318215006,0.05874012392342395
2024-09-05 00:00:00-04:00,93.73450689970056,93.7822118503367,93.41013652738626,93.70588684082031,33635000,0.0,0.0,0.0,0.002347337954887063,0.0023445872608478854,0.07105723919268851,0.05669887779836376
2024-09-06 00:00:00-04:00,93.74405202563273,94.3069326097128,93.51507699053741,93.8394546508789,17777600,0.0,0.0,0.0,0.001425394012710024,0.0014243791029806528,0.06400385275318768,0.054687541848356405
2024-09-09 00:00:00-04:00,93.78220959110209,94.03979739357261,93.66772207958556,93.97301483154297,8532500,0.0,0.0,0.0,0.0014232838539072201,0.0014222719454843088,0.03970903314678107,0.05367487889378121
2024-09-10 00:00:00-04:00,93.98256530179077,94.42142321527888,93.96348040886512,94.37371826171875,7921400,0.0,0.0,0.0,0.004264026549473554,0.004254961348634893,0.030841147666207738,0.0545381894592684
2024-09-11 00:00:00-04:00,94.18290785976679,94.59314569020908,94.12566774162484,94.30693054199219,7286200,0.0,0.0,0.0,-0.0007076940588622849,-0.0007079445925105158,0.028540486269203837,0.053500213803586175
2024-09-12 00:00:00-04:00,94.23059170689082,94.33553676058973,93.98254637883207,94.1542739868164,5929800,0.0,0.0,0.0,-0.001618720430178855,-0.0016200319736336037,0.0361809775062292,0.05421434083726218
2024-09-13 00:00:00-04:00,94.41186577355644,94.45002827459247,94.2210605471291,94.33554077148438,5305500,0.0,0.0,0.0,0.0019252103700926337,0.0019233595277346233,0.03675779668250777,0.04752298117821372
2024-09-16 00:00:00-04:00,94.44050294952895,94.62177304262198,94.32602270442105,94.58361053466797,6666900,0.0,0.0,0.0,0.00262965326911635,0.002626201780446667,0.03847241288215354,0.047728386069307585
2024-09-17 00:00:00-04:00,94.5263603754755,94.5836004919518,94.3450903016294,94.41187286376953,7807000,0.0,0.0,0.0,-0.0018157233576475695,-0.0018173737814145608,0.03273131512672397,0.04891303849469007
2024-09-18 00:00:00-04:00,94.19242991539693,94.49772261065502,93.95391976976555,94.00161743164062,8584500,0.0,0.0,0.0,-0.004345379661315207,-0.004354848263251695,0.04583093703404282,0.05114748182184127
2024-09-19 00:00:00-04:00,93.7440302065975,93.94437785660945,93.70586770963065,93.92529296875,16770800,0.0,0.0,0.0,-0.0008119484002083732,-0.0008122782088478231,0.045103176260331154,0.0511049877761446
2024-09-20 00:00:00-04:00,93.79174530217496,94.02072032653655,93.66772262304416,93.89669036865234,6580600,0.0,0.0,0.0,-0.0003045250027292612,-0.0003045713798834791,0.04010128945991858,0.04758174052038754
2024-09-23 00:00:00-04:00,93.70588951978351,93.92531482997435,93.48645693083893,93.8394546508789,7491700,0.0,0.0,0.0,-0.0006095605451983399,-0.000609746402758933,0.026158459842653286,0.04544417207547875
2024-09-24 00:00:00-04:00,93.58184921712457,93.97300939979824,93.50553149261148,93.94438934326172,6580800,0.0,0.0,0.0,0.0011182363833337483,0.0011176116227392184,0.03209394430229037,0.04506187328692757
2024-09-25 00:00:00-04:00,93.75357224888697,93.75357224888697,93.5627670288086,93.5627670288086,10455100,0.0,0.0,0.0,-0.004062215073416753,-0.004070488281703352,0.030238541676952467,0.04788178266593185
2024-09-26 00:00:00-04:00,93.63909449668397,93.6867921635846,93.34333693538792,93.49598693847656,8026500,0.0,0.0,0.0,-0.0007137464234193702,-0.0007140012616649816,0.030271532371893877,0.04793679373697402
2024-09-27 00:00:00-04:00,93.7154145347252,93.91576219410334,93.63908953722333,93.86805725097656,6207700,0.0,0.0,0.0,0.00397953243431548,0.003971635040141563,0.04658915191501454,0.048889641614033204
2024-09-30 00:00:00-04:00,93.80128650121907,93.82990655919555,93.45783124799476,93.61048126220703,8902400,0.0,0.0,0.0,-0.002744021729147339,-0.002747793458156675,0.05048392199648494,0.04811638541620487
2024-10-01 00:00:00-04:00,93.9319701577731,94.21902198858254,93.84585898854904,93.95111083984375,11665600,0.286,0.0,0.0,0.003638797419303952,0.003632193012524669,0.05811905954673911,0.04430381130930046
2024-10-02 00:00:00-04:00,93.530100769407,93.72146378447263,93.42484892111158,93.68319702148438,7742100,0.0,0.0,0.0,-0.0028516301293773916,-0.002855703772767402,0.05318892875323145,0.04113217284876375
2024-10-03 00:00:00-04:00,93.4344253009352,93.50140309054035,93.17607718386427,93.20478820800781,11556100,0.0,0.0,0.0,-0.005106666175865526,-0.005119749756908933,0.06589107301604855,0.04415000864809981
2024-10-04 00:00:00-04:00,92.4010327558434,92.6019660927428,92.25750685804942,92.30535125732422,8878300,0.0,0.0,0.0,-0.009650115278158178,-0.009696979380302726,0.07622902299482168,0.054757483511717955
2024-10-07 00:00:00-04:00,91.96090390206673,92.11399285946725,91.92262983770877,91.97047424316406,10152600,0.0,0.0,0.0,-0.0036279263292828823,-0.0036345232141829368,0.07604973252859229,0.05495030875979961
2024-10-08 00:00:00-04:00,91.82694559063982,92.04701232910156,91.78867152742232,92.04701232910156,5975200,0.0,0.0,0.0,0.0008322027973362012,0.0008318567085856283,0.060408303176859905,0.051790832962623726
2024-10-09 00:00:00-04:00,91.8843604146804,91.93220482255245,91.65472331696436,91.70256042480469,6769200,0.0,0.0,0.0,-0.003742130196093041,-0.003749149482155265,0.059592031496670736,0.05249072304483557
2024-10-10 00:00:00-04:00,91.63557841725161,91.74083026970165,91.40594133010217,91.6929931640625,5959000,0.0,0.0,0.0,-0.00010432926515757668,-0.00010433470783391775,0.06540690346484093,0.052679660835964155
2024-10-11 00:00:00-04:00,91.5973020951739,91.80779847807867,91.54945769449564,91.72168731689453,5394100,0.0,0.0,0.0,0.0003129372468044789,0.00031288829215714883,0.0354564278993044,0.05166412138655764
2024-10-14 00:00:00-04:00,91.33896221204722,91.55903625488281,91.29112510710472,91.55903625488281,3850900,0.0,0.0,0.0,-0.0017733108359614391,-0.0017748850129005293,0.029640178617741323,0.049426009582135756
2024-10-15 00:00:00-04:00,91.91305561938691,92.06615187036061,91.8652185159809,92.02787780761719,7736900,0.0,0.0,0.0,0.005120647528761735,0.005107581598239742,0.052332381707421355,0.05489057188038687
2024-10-16 00:00:00-04:00,92.2001056990469,92.29578720408331,92.1139872344925,92.17140197753906,5041100,0.0,0.0,0.0,0.0015595727440538276,0.0015583578734372065,0.040992700969639036,0.05450645849735971
2024-10-17 00:00:00-04:00,91.76954129312278,91.80780805762154,91.61644503500223,91.6929931640625,5460200,0.0,0.0,0.0,-0.005190425698343493,-0.005203942750933696,0.06088251737527842,0.05650963073580063
2024-10-18 00:00:00-04:00,91.84608539836114,91.90350014722006,91.7791076080521,91.79824829101562,5174700,0.0,0.0,0.0,0.0011479080715011136,0.0011472497287939119,0.06143388746429973,0.057046146009608875
2024-10-21 00:00:00-04:00,91.4442090406399,91.47291276203518,91.08061640291487,91.09017944335938,6633600,0.0,0.0,0.0,-0.007713315459043968,-0.007743216935652201,0.08371992423582812,0.06158970087825416
2024-10-22 00:00:00-04:00,91.2050151055623,91.26242255683547,90.92753359102201,91.00408172607422,5433900,0.0,0.0,0.0,-0.000945192092180358,-0.0009456390679000577,0.06460588773898598,0.06086711737560091
2024-10-23 00:00:00-04:00,90.73614877588406,90.89880804880626,90.6500303196116,90.7935562133789,6914300,0.0,0.0,0.0,-0.002313363408566693,-0.002316043367640687,0.05551092773490134,0.0602351140175896
2024-10-24 00:00:00-04:00,90.87969193913003,91.14760309838958,90.77444008370212,90.9945068359375,5486300,0.0,0.0,0.0,0.0022132696519379103,0.0022108239786200507,0.06167200281450448,0.06161832067960036
2024-10-25 00:00:00-04:00,91.19542287590322,91.20499321549576,90.72657843629152,90.7935562133789,6455300,0.0,0.0,0.0,-0.002208381907282675,-0.0022108239786200927,0.05693885398849258,0.05835083711074968
2024-10-28 00:00:00-04:00,90.81270559029606,90.82226863077432,90.41083158925142,90.58306121826172,5447300,0.0,0.0,0.0,-0.002318391347316484,-0.002321082977508976,0.03093077839349674,0.058265195408603074
2024-10-29 00:00:00-04:00,90.20033809041578,90.64048620320065,90.15250098252645,90.62134552001953,8475400,0.0,0.0,0.0,0.00042264305536732216,0.00042255376694839796,0.032866010436276155,0.05545409177642913
2024-10-30 00:00:00-04:00,90.83185556116838,91.06149267511363,90.44912217123812,90.48739624023438,6341100,0.0,0.0,0.0,-0.0014781206239711242,-0.0014792141219413968,0.0309897804173651,0.05532173813989541
2024-10-31 00:00:00-04:00,90.34386316282561,90.61177432458281,90.15250013300809,90.43954467773438,8662900,0.0,0.0,0.0,-0.0005288201947258875,-0.0005289600694396184,0.018488810093306263,0.05398408120314591
2024-11-01 00:00:00-04:00,90.57584487506463,90.6622228988313,89.87519139523532,89.90398406982422,15659500,0.292,0.0,0.0,-0.005921752589738594,-0.005939355695165055,0.0387068550099739,0.04778398874855679
2024-11-04 00:00:00-05:00,90.52785130941257,90.64302932928585,90.21111724675129,90.38388061523438,8179300,0.0,0.0,0.0,0.005337878519793282,0.005323682541444859,0.06412152999398993,0.05239815078444903
2024-11-05 00:00:00-05:00,90.26869852853133,90.54703256012957,89.97115717873048,90.4318618774414,8118500,0.0,0.0,0.0,0.0005308608335958809,0.0005307199768315794,0.0642171049412956,0.05227951418795725
2024-11-06 00:00:00-05:00,89.29930609900782,89.75041081162043,89.2705134275905,89.50086212158203,15261400,0.0,0.0,0.0,-0.010295041333121313,-0.010348401819355629,0.09605328770153974,0.06141481466572077
2024-11-07 00:00:00-05:00,89.86557644462965,90.38386646895967,89.8175911025164,90.220703125,15674000,0.0,0.0,0.0,0.008042838765509375,0.008010667521436428,0.12127496533217237,0.06961663222722435
2024-11-08 00:00:00-05:00,90.41266632080078,90.68141501312411,90.30708830805132,90.41266632080078,12335300,0.0,0.0,0.0,0.0021277067142206896,0.0021254463519805758,0.11151142964045688,0.07029610337591513
2024-11-11 00:00:00-05:00,90.14392408816396,90.18231675812831,90.0095534046152,90.16312408447266,3980000,0.0,0.0,0.0,-0.0027600362480485474,-0.002763852171101772,0.10707762323536468,0.07058090162114655
2024-11-12 00:00:00-05:00,89.80800357221793,89.9903669364607,89.49126951516057,89.59684753417969,8037600,0.0,0.0,0.0,-0.0062805781858493726,-0.006300383988500634,0.113773241440876,0.06958069979603011
2024-11-13 00:00:00-05:00,89.9999582834889,90.00955828216347,89.4240828481233,89.53926086425781,6661800,0.0,0.0,0.0,-0.0006427309833630934,-0.0006429376234689905,0.08572362273536221,0.06880308911957687
2024-11-14 00:00:00-05:00,89.68321849296288,89.89437449713154,89.42406982506411,89.52964782714844,7510000,0.0,0.0,0.0,-0.00010736113986853368,-0.00010736690348824017,0.05036931222840641,0.06747998116499855
2024-11-15 00:00:00-05:00,89.3568981627392,89.86558825644711,89.1649421237506,89.56805419921875,16761500,0.0,0.0,0.0,0.00042897937166541666,0.00042888738632036294,0.043578146700412455,0.06719806572017298
2024-11-18 00:00:00-05:00,89.52967405908431,89.82720815796094,89.42409602606593,89.76962280273438,4788200,0.0,0.0,0.0,0.002250451964349809,0.0022479234900905616,0.05102869943090262,0.06364265210591927
2024-11-19 00:00:00-05:00,90.04796403118996,90.10554938629318,89.92319332091485,89.96158599853516,4951500,0.0,0.0,0.0,0.0021383981552713927,0.0021361150361685973,0.020904738064261706,0.0644356995135102
2024-11-20 00:00:00-05:00,89.71201590167968,89.990357256184,89.68322323098143,89.82718658447266,5752900,0.0,0.0,0.0,-0.0014939644801803542,-0.0014950815578358909,0.025094254215636755,0.06420657520693063
2024-11-21 00:00:00-05:00,89.89438333294743,90.05754668942348,89.66402731158382,89.77920532226562,5098200,0.0,0.0,0.0,-0.0005341507847617111,-0.0005342934941132793,0.026062792265039735,0.06338672830173428
2024-11-22 00:00:00-05:00,89.90397733541353,89.961570002931,89.74081397652934,89.8367919921875,5373900,0.0,0.0,0.0,0.0006414254806017539,0.0006412198552023866,0.02604019470245944,0.06327318382805858
2024-11-25 00:00:00-05:00,90.66221218274694,90.83497553251378,90.52784150211195,90.80618286132812,7716000,0.0,0.0,0.0,0.010790577531140322,0.010732774694963934,0.07829090616912322,0.07445854958407397
2024-11-26 00:00:00-05:00,90.6142349243164,90.64302759807138,90.43187156033012,90.6142349243164,5093100,0.0,0.0,0.0,-0.002113820127257693,-0.002116057398371363,0.08445046293004335,0.07487110551993165
2024-11-27 00:00:00-05:00,90.97895050048828,91.10372118905967,90.79658714417735,90.97895050048828,5587600,0.0,0.0,0.0,0.004024925846104699,0.00401684750130893,0.08132788249935266,0.07596391568538774
2024-11-29 00:00:00-05:00,91.30528421993465,91.37246956857086,91.18051352179702,91.36287689208984,5136200,0.0,0.0,0.0,0.004219947465754714,0.004211068457980858,0.07680375881755369,0.07715274583157228
2024-12-02 00:00:00-05:00,91.08559529043985,91.47069598663178,90.97969241535746,91.35516357421875,5950600,0.292,0.0,0.0,-8.44250765024146e-05,-8.442864049978106e-05,0.0786635976057039,0.07337945319498249
2024-12-03 00:00:00-05:00,91.45142688890925,91.48993768882615,91.03744497128262,91.09521484375,5364800,0.0,0.0,0.0,-0.0028454738659360324,-0.0028495299227933465,0.05296628430110732,0.07242709109096727
2024-12-04 00:00:00-05:00,90.86415591700558,91.47069187341849,90.83527465149724,91.44181060791016,5908800,0.0,0.0,0.0,0.0038047636723250733,0.003797543866332992,0.050170813911035825,0.07342978356149667
2024-12-05 00:00:00-05:00,91.17222862083574,91.48993720959795,91.17222862083574,91.43217468261719,5210300,0.0,0.0,0.0,-0.00010537767383334007,-0.00010538322645049601,0.047238495543379264,0.061356393366168174
2024-12-06 00:00:00-05:00,91.80765181271842,91.86541434348324,91.52845400538101,91.72100067138672,6880200,0.0,0.0,0.0,0.003158909757665862,0.0031539308846887655,0.04309821499299003,0.056235784565027445
2024-12-09 00:00:00-05:00,91.60547362279222,91.61510315943897,91.4032974243164,91.4032974243164,4303100,0.0,0.0,0.0,-0.0034638004900160446,-0.0034698133358141313,0.05294832121347759,0.0580005003059316
2024-12-10 00:00:00-05:00,91.21074275889005,91.30701608910962,91.12409896524771,91.2396240234375,3543400,0.0,0.0,0.0,-0.0017906728257197635,-0.00179227799681454,0.04966718217158895,0.0573650630828473
2024-12-11 00:00:00-05:00,91.37442202394703,91.4610658237756,90.94118098924986,90.97006225585938,6452800,0.0,0.0,0.0,-0.0029544375096162145,-0.0029588104753418944,0.04245307125646524,0.053132751528072404
2024-12-12 00:00:00-05:00,90.86415349142291,90.94117509417873,90.59458522696187,90.62346649169922,4518000,0.0,0.0,0.0,-0.003809998097894396,-0.0038172746289070266,0.045407754946448046,0.05538819492782714
2024-12-13 00:00:00-05:00,90.47904975872702,90.50793102014168,90.15171165726599,90.1998519897461,5230100,0.0,0.0,0.0,-0.004674446016605716,-0.004685405405438129,0.0169605489336621,0.058457675994642744
2024-12-16 00:00:00-05:00,90.36352099958246,90.37315053550219,90.13246355379547,90.2287368774414,4607600,0.0,0.0,0.0,0.0003202320963742178,0.00032018083302026587,0.030816759298303527,0.058457726974160205
2024-12-17 00:00:00-05:00,90.20947780560196,90.37315053550219,90.18059654302655,90.2287368774414,4881100,0.0,0.0,0.0,0.0,0.0,0.03591369033471577,0.05804394137577372
2024-12-18 00:00:00-05:00,90.217160886326,90.33306686722557,89.46374253286413,89.53135681152344,11553900,0.308,0.0,0.0,-0.007729023923555789,-0.007759047631654516,0.053650142090243734,0.06406732055265622
2024-12-19 00:00:00-05:00,89.23190054242265,89.28986089234462,88.98076604723622,89.12564849853516,9273800,0.0,0.0,0.0,-0.00453146615260569,-0.004541764367804089,0.05442393498311029,0.065746181570763
2024-12-20 00:00:00-05:00,89.58930722774942,89.73419706911434,89.43475609845258,89.4540786743164,6070900,0.0,0.0,0.0,0.0036850242473875916,0.0036782511797150822,0.07113664895011894,0.06730552067276677
2024-12-23 00:00:00-05:00,89.38646188943247,89.42509967067251,88.99043015877449,89.05804443359375,5954500,0.0,0.0,0.0,-0.004427235142229091,-0.0044370643693263075,0.07083204898706406,0.06887859715425182
2024-12-24 00:00:00-05:00,88.87452680549741,89.11600741831684,88.83588902311789,89.1063461303711,3076100,0.0,0.0,0.0,0.0005423619739748364,0.0005422149488775754,0.07217838561581254,0.05493916195567529
2024-12-26 00:00:00-05:00,88.8262251627651,89.2125956059676,88.79724866917049,89.17395782470703,3703300,0.0,0.0,0.0,0.000758775297968306,0.0007584875735281685,0.05692050578896621,0.05507032667936311
2024-12-27 00:00:00-05:00,89.11600500316915,89.24157226544699,88.92281609650716,88.942138671875,3752500,0.0,0.0,0.0,-0.002599628394735265,-0.0026030132962272636,0.05018384021895476,0.05233253613856887
2024-12-30 00:00:00-05:00,89.37680825959782,89.51203682082276,89.36714697110922,89.4637451171875,4797700,0.0,0.0,0.0,0.005864559286535842,0.00584742969775455,0.06230495394145314,0.054827062467159286
2024-12-31 00:00:00-05:00,89.58931737424042,89.65693165861462,89.2319233743172,89.2995376586914,5856000,0.0,0.0,0.0,-0.0018354637208737312,-0.001837150248431782,0.052589148405465275,0.054772858471278225
2025-01-02 00:00:00-05:00,89.49272921749365,89.6182965008995,89.16431170561023,89.34783935546875,5034800,0.0,0.0,0.0,0.0005408952615404417,0.0005407490304265648,0.05258915604099301,0.05468642037507388
2025-01-03 00:00:00-05:00,89.44442252086696,89.51203680146482,89.17396539847559,89.20294189453125,2863700,0.0,0.0,0.0,-0.0016217231662539744,-0.0016230395827024995,0.054656678849450795,0.051724655349376626
2025-01-06 00:00:00-05:00,89.0966747407524,89.18361158360041,88.92280842445902,89.11599731445312,3894600,0.0,0.0,0.0,-0.0009746828773979921,-0.0009751581896313012,0.05073360574221123,0.05156495794498634
2025-01-07 00:00:00-05:00,89.00009921894855,89.06771349967266,88.62339003071362,88.71031951904297,5524400,0.0,0.0,0.0,-0.0045522443515801925,-0.004562637368929132,0.029385882902102214,0.050007873918779734
2025-01-08 00:00:00-05:00,88.58474215517597,88.88417574007295,88.565426949771,88.86486053466797,6402900,0.0,0.0,0.0,0.001742086111997665,0.0017405704400189498,0.03797908085742353,0.05092677915041975
2025-01-10 00:00:00-05:00,88.34325676599197,88.50746179594186,88.12109875356624,88.21768951416016,8210900,0.0,0.0,0.0,-0.007282642617273183,-0.007309290515924502,0.0550890451519162,0.05504675793412249
2025-01-13 00:00:00-05:00,88.16940055819154,88.19837705275172,87.97621901485456,88.06314849853516,5094300,0.0,0.0,0.0,-0.001751814363718851,-0.001753350584879672,0.05496034304726278,0.05484173343865733
2025-01-14 00:00:00-05:00,88.10177859671553,88.1693928679264,87.97621134143901,88.09211730957031,4365500,0.0,0.0,0.0,0.0003289549775253864,0.00032890088369939743,0.05802868480541045,0.05461386328798452
2025-01-15 00:00:00-05:00,88.99042531828157,89.087023450829,88.84554285826613,89.0194091796875,7846600,0.0,0.0,0.0,0.010526388721689317,0.010471372039797852,0.10272987474203166,0.06765907268724651
2025-01-16 00:00:00-05:00,88.94214600518106,89.4251072575514,88.81657136314628,89.23191833496094,7550900,0.0,0.0,0.0,0.0023872227105494748,0.002384377821104835,0.10323801723926058,0.06844538902398874
2025-01-17 00:00:00-05:00,89.36715194306561,89.42511230781798,89.21260816566928,89.2995376586914,3912800,0.0,0.0,0.0,0.0007577930071684946,0.0007575060270195196,0.07540376021623142,0.06857836343997563
2025-01-21 00:00:00-05:00,89.5893072179285,89.66658278256847,89.45407866451033,89.59896850585938,4431300,0.0,0.0,0.0,0.003353106354395896,0.0033474972284504804,0.06554889784714088,0.06424848024767714
2025-01-22 00:00:00-05:00,89.56031534326712,89.56997662953883,89.26088179346362,89.36712646484375,3656400,0.0,0.0,0.0,-0.0025875525676444244,-0.002590906067944247,0.07668042135255097,0.06276518749299721
2025-01-23 00:00:00-05:00,88.9904251123233,89.20292921239125,88.9904251123233,89.13531494140625,4860900,0.0,0.0,0.0,-0.0025939238801495623,-0.002597293929727096,0.04390210095025773,0.06201796092386388
2025-01-24 00:00:00-05:00,89.10635115527529,89.42510735082915,89.05805208222633,89.31885528564453,4468700,0.0,0.0,0.0,0.0020591203874573694,0.002057003304792925,0.042953654421584046,0.06036606513581438
2025-01-27 00:00:00-05:00,89.90805301044777,89.97566727934728,89.70521020374926,89.89839172363281,4297100,0.0,0.0,0.0,0.00648839974644666,0.006467440692441085,0.062486459048222046,0.06442778584297783
2025-01-28 00:00:00-05:00,89.67623909578795,89.9273810028725,89.61828610546216,89.90806579589844,3906600,0.0,0.0,0.0,0.00010761118280466775,0.00010760539313668706,0.060114678936786924,0.06442790768726443
2025-01-29 00:00:00-05:00,90.00465404812307,90.07226832474353,89.54100803029465,89.80181121826172,4918400,0.0,0.0,0.0,-0.001181813630358075,-0.0011825125227811833,0.055964291351671934,0.06374009135715891
2025-01-30 00:00:00-05:00,89.99500274658203,90.13989260381896,89.90807325388243,89.99500274658203,4365600,0.0,0.0,0.0,0.0021513099312748807,0.002148999177569486,0.046178868845725626,0.06088527216804668
2025-01-31 00:00:00-05:00,90.02397162573429,90.15920018253703,89.64726245044041,89.85010528564453,6277400,0.0,0.0,0.0,-0.001610061186902989,-0.0016113587283502178,0.05243068954282294,0.06078544343373769
2025-02-03 00:00:00-05:00,90.10786073177745,90.38887334290482,89.78809438863752,89.9140625,8294000,0.296,0.0,0.0,0.0007118212510952571,0.000711568026508471,0.023981787008392996,0.060796920522365704
2025-02-04 00:00:00-05:00,89.7299516386109,90.13693237304688,89.7299516386109,90.13693237304688,6742300,0.0,0.0,0.0,0.0024786987357721113,0.002475631828973974,0.029663778414009564,0.060799701948731764
2025-02-05 00:00:00-05:00,90.50515728915755,90.82493102724513,90.47608829350027,90.66019439697266,6576300,0.0,0.0,0.0,0.0058051900608306894,0.0057884048744786115,0.04302297937692436,0.06328944456942852
2025-02-06 00:00:00-05:00,90.56328862539846,90.6795719924112,90.4179362648646,90.55359649658203,5268500,0.0,0.0,0.0,-0.001175796071248958,-0.0011764878617724264,0.04802740969551932,0.06052963090607792
2025-02-07 00:00:00-05:00,90.2629041044441,90.34042635335854,90.09817487019735,90.25321197509766,4565300,0.0,0.0,0.0,-0.003317201448710172,-0.0033227155590893425,0.05538036928862493,0.06238230019613091
2025-02-10 00:00:00-05:00,90.35011693034241,90.47609244120403,90.18538768544694,90.23384094238281,3229100,0.0,0.0,0.0,-0.00021462984298203924,-0.0002146528792630297,0.055966723830127574,0.054852910773771434
2025-02-11 00:00:00-05:00,90.01097386906811,90.07880399871678,89.94314373941943,90.00128173828125,3379500,0.0,0.0,0.0,-0.0025772947452171735,-0.002580621686887974,0.05742160060244945,0.05550373963548244
2025-02-12 00:00:00-05:00,89.40049540501103,89.4586333991274,89.22607402973286,89.38111114501953,7280200,0.0,0.0,0.0,-0.006890686235615395,-0.0069145366409337165,0.040756711861146024,0.06232253117881146
2025-02-13 00:00:00-05:00,89.84622279522806,90.11754324794481,89.82683853836093,90.04971313476562,6121900,0.0,0.0,0.0,0.007480349943975284,0.007452510870807824,0.08513112383917727,0.05665482339100065
2025-02-14 00:00:00-05:00,90.47608081418572,90.61174104465768,90.38886644149484,90.42762756347656,5157900,0.0,0.0,0.0,0.004196731067264592,0.0041879493525289815,0.08942811954497852,0.057772791249464814
2025-02-18 00:00:00-05:00,90.14661320548579,90.24351231207525,89.93343073523219,89.94312286376953,4484100,0.0,0.0,0.0,-0.005357927801068585,-0.005372332973853185,0.09863185700632023,0.061603998602368724
2025-02-19 00:00:00-05:00,89.89468008908315,90.1272468435115,89.89468008908315,90.08848571777344,4607000,0.0,0.0,0.0,0.0016161641866057064,0.001614859598696365,0.09790559127259109,0.06079020514208974
2025-02-20 00:00:00-05:00,90.2338371412715,90.36949738346236,90.2241450117068,90.27259826660156,7545400,0.0,0.0,0.0,0.0020436856870356124,0.0020416002023420136,0.07494218585422802,0.06011232085350067
2025-02-21 00:00:00-05:00,90.38887675390077,90.92183300079387,90.37918462406756,90.80554962158203,6156500,0.0,0.0,0.0,0.00590379988184786,0.005886440745063411,0.06820645819983895,0.06183417591156692
2025-02-24 00:00:00-05:00,90.7183388913198,91.05748949220911,90.68926250301904,90.99935150146484,4109500,0.0,0.0,0.0,0.00213425149333335,0.0021319772139628454,0.06490463815717565,0.06185284965190824
2025-02-25 00:00:00-05:00,91.57105541568109,91.76485363399274,91.49353317118516,91.7164077758789,7697100,0.0,0.0,0.0,0.007879795433515024,0.007848911976274218,0.04464128875242537,0.06367861265291634
2025-02-26 00:00:00-05:00,91.67764854509102,92.02649125959174,91.56136517594803,91.96835327148438,7379800,0.0,0.0,0.0,0.0027470057072136456,0.0027432395825034194,0.04158927108613723,0.06387189593567415
2025-02-27 00:00:00-05:00,91.65826525410903,91.89083199484864,91.6195115235808,91.86176300048828,5907900,0.0,0.0,0.0,-0.0011589885781845277,-0.0011596607248370945,0.05561704627759021,0.06386093618804455
2025-02-28 00:00:00-05:00,92.14277174211284,92.404407487248,91.95866563979295,92.36564636230469,11831500,0.0,0.0,0.0,0.005485235046204462,0.005470245932009468,0.0545469814404462,0.06563155858826156
2025-03-03 00:00:00-05:00,92.04980185586051,92.7592186760633,92.04008168434146,92.70091247558594,9637400,0.275,0.0,0.0,0.0036297706613361846,0.0036231989415653858,0.05335067760140388,0.06517448664001106
2025-03-04 00:00:00-05:00,92.84668918677698,93.0799214125397,92.25388474329439,92.40937042236328,12745500,0.0,0.0,0.0,-0.0031449750108926144,-0.0031499308381652386,0.05647086137389315,0.06725352545497648
2025-03-05 00:00:00-05:00,92.42881589724662,92.55514848189819,91.86516452390424,91.89431762695312,15590000,0.0,0.0,0.0,-0.005573599225447312,-0.0055891896865851625,0.07336954303884793,0.07144887355837516
2025-03-06 00:00:00-05:00,91.8457260131836,92.02065203516838,91.5055941410795,91.8457260131836,9318900,0.0,0.0,0.0,-0.000528777132518532,-0.0005289169844489775,0.07296016765470831,0.06927467762390507
2025-03-07 00:00:00-05:00,92.30248225701472,92.34134811775596,91.64165140962697,91.72911071777344,9210200,0.0,0.0,0.0,-0.001269686685185789,-0.0012704934202645514,0.05414576261587141,0.06930845072553254
2025-03-10 00:00:00-04:00,92.26359901593733,92.51626415505888,92.17613230291964,92.37049865722656,7698500,0.0,0.0,0.0,0.006992196200686029,0.0069678641539504624,0.07498646515416578,0.07111110026370554
2025-03-11 00:00:00-04:00,92.3705116097569,92.62317678430809,91.91375988098613,92.04009246826172,10408600,0.0,0.0,0.0,-0.003576966604791565,-0.0035833792462740075,0.07592883047257828,0.07295681848704631
2025-03-12 00:00:00-04:00,91.74854955285929,91.99150195724967,91.72910920848942,91.76798248291016,7610300,0.0,0.0,0.0,-0.0029564288567549557,-0.0029608077252191987,0.0673305323586713,0.07321543972164846
2025-03-13 00:00:00-04:00,91.63193791184513,92.1761489736927,91.54447118300841,92.13727569580078,6902300,0.0,0.0,0.0,0.004024205424363547,0.0040161299673303705,0.07367859097805604,0.06769082529952486
2025-03-14 00:00:00-04:00,91.90403340164126,91.98177994893076,91.787413580707,91.81657409667969,4390900,0.0,0.0,0.0,-0.003480693310055294,-0.0034867650162737113,0.07878878980292996,0.0660701977490955
2025-03-17 00:00:00-04:00,91.98178435041896,92.17614331362432,91.79713814535044,91.89431762695312,6734000,0.0,0.0,0.0,0.000846726541894105,0.0008463682711996716,0.05340489183330012,0.06496804570105777
2025-03-18 00:00:00-04:00,91.75826828292176,92.15671381092842,91.74855552442365,92.001220703125,8993300,0.0,0.0,0.0,0.0011633262962553736,0.0011626501565495232,0.049623861933537,0.060739214012800025
2025-03-19 00:00:00-04:00,91.92348586960212,92.31221127435424,91.77772033035042,92.2830581665039,5854500,0.0,0.0,0.0,0.0030634100420074972,0.003058727362339326,0.04590871487321941,0.06110621119531662
2025-03-20 00:00:00-04:00,92.77867014653617,92.7981030775865,92.31219824381544,92.41909790039062,4409100,0.0,0.0,0.0,0.0014741571919003604,0.0014730716888576064,0.03877241906728586,0.06103669970812992
2025-03-21 00:00:00-04:00,92.56487386326874,92.65233317733701,92.32192143843078,92.34135437011719,4919600,0.0,0.0,0.0,-0.00084120633115492,-0.0008415603437463866,0.022200047977083755,0.05877086869137591
2025-03-24 00:00:00-04:00,92.08867992222486,92.10811285195626,91.77770114629034,91.80685424804688,4823500,0.0,0.0,0.0,-0.00578830715356371,-0.0058051243301378555,0.05438647249663516,0.06303987714824573
2025-03-25 00:00:00-04:00,91.80684800895801,92.06923332125432,91.78740766622889,91.96233367919922,6825800,0.0,0.0,0.0,0.0016935492717380374,0.0016921168342111177,0.055337014240015775,0.05689370282479686
2025-03-26 00:00:00-04:00,91.8068566200586,91.90403609986417,91.67080386546698,91.74855041503906,8281700,0.0,0.0,0.0,-0.0023246828957811383,-0.002327389166024385,0.04890329774326013,0.05665917199863092
2025-03-27 00:00:00-04:00,91.64165378129566,91.74855343689839,91.55418705656648,91.67080688476562,5085100,0.0,0.0,0.0,-0.0008473543170083309,-0.0008477135246093498,0.04351357193961394,0.05659367110092375
2025-03-28 00:00:00-04:00,92.10811182182316,92.46768403954304,92.07895872039266,92.40937042236328,6224500,0.0,0.0,0.0,0.008056692885075822,0.008024411009145412,0.08221105595323192,0.060555758359645315
2025-03-31 00:00:00-04:00,92.79810044874657,92.86612682697465,92.4093751098779,92.68148803710938,13255800,0.0,0.0,0.0,0.002944697204432467,0.0029403700762597952,0.06371330084225908,0.060062525346442575
2025-04-01 00:00:00-04:00,92.88035896915484,93.26058352258812,92.88035896915484,93.0071029663086,18128800,0.304,0.0,0.0,0.0035132682490903733,0.0035071111390339925,0.0646366143925806,0.06009394657758878
2025-04-02 00:00:00-04:00,93.39707209011499,93.39707209011499,92.62688659837862,92.91935729980469,7635900,0.0,0.0,0.0,-0.0009434297349922849,-0.0009438750449258377,0.05894621247682745,0.05618197394922709
2025-04-03 00:00:00-04:00,93.99176385117714,94.2257418791759,93.76752963907559,93.87477111816406,18188000,0.0,0.0,0.0,0.010282182810162244,0.01022968075230423,0.07043206770688143,0.06570097296066794
2025-04-04 00:00:00-04:00,94.76196224814889,95.07393549868817,94.1282719290743,94.13801574707031,27006500,0.0,0.0,0.0,0.0028042106070744754,0.00280028614347978,0.06462519883395514,0.06534152990356301
2025-04-07 00:00:00-04:00,94.06975825233864,94.23549982872363,92.80237035910314,93.01685333251953,68670600,0.0,0.0,0.0,-0.01190977317349795,-0.011981262705044335,0.12941752787182992,0.07693978431150734
2025-04-08 00:00:00-04:00,92.52940171687258,93.19233832033005,92.50014795081256,92.54889678955078,19508000,0.0,0.0,0.0,-0.00503087909559663,-0.005043576572048394,0.13210838945887546,0.07809095446172795
2025-04-09 00:00:00-04:00,91.86644777563758,92.30515752489119,91.26199645535182,92.25640869140625,24170800,0.0,0.0,0.0,-0.003160362881576284,-0.0031653673751399717,0.1330256840273424,0.07820657195263452
2025-04-10 00:00:00-04:00,92.1491771328342,92.40265770580642,91.63247216956549,91.68122100830078,12093800,0.0,0.0,0.0,-0.006234663708073129,-0.006254180386085927,0.08442230001630063,0.08014122967696556
2025-04-11 00:00:00-04:00,91.12552267848473,91.37900326318677,90.4625786063609,91.16452026367188,55446600,0.0,0.0,0.0,-0.005635840567417061,-0.005651781840063191,0.05225248933640494,0.0816494635301628
2025-04-14 00:00:00-04:00,91.56423042916117,91.99319641851142,91.44724511426831,91.89570617675781,12630900,0.0,0.0,0.0,0.008020509634352857,0.007988516301659377,0.09433708203373702,0.08684241177304414
2025-04-15 00:00:00-04:00,91.88595138686074,92.38316127011663,91.87620013165186,92.1686782836914,7708100,0.0,0.0,0.0,0.0029704555119098863,0.0029660524262275435,0.09737611367581016,0.08739451019959991
2025-04-16 00:00:00-04:00,92.2856856477894,92.69514917507055,92.0906977028725,92.56840515136719,8708400,0.0,0.0,0.0,0.004336905715903061,0.004327528442765725,0.1004631827860131,0.08808043066858015
2025-04-17 00:00:00-04:00,92.51965114303799,92.6073901277789,92.21742172908601,92.30516815185547,6987000,0.0,0.0,0.0,-0.002843702439091156,-0.002847753442593941,0.08782432691011224,0.08856403122058483
2025-04-21 00:00:00-04:00,92.03220241039237,92.37342200671632,91.78847306472822,91.80796813964844,4901300,0.0,0.0,0.0,-0.005386480759008716,-0.005401040152623937,0.08658023986343451,0.09055201943769595
2025-04-22 00:00:00-04:00,92.0516832141345,92.07118572406051,91.8664539980066,91.8761978149414,5233000,0.0,0.0,0.0,0.0007431781431996853,0.0007429021230697062,0.06412939425394297,0.08821465810539228
2025-04-23 00:00:00-04:00,92.65613272954113,92.83161812523835,91.85670091314893,91.97368621826172,8041300,0.0,0.0,0.0,0.0010610844336056413,0.001060521881426427,0.059774946092929944,0.08808707599302573
2025-04-24 00:00:00-04:00,92.34416492196132,92.50014781724711,92.24667468265415,92.47090148925781,7308900,0.0,0.0,0.0,0.005406060053047668,0.005391499762695726,0.06535425894479202,0.08961796850398619
2025-04-25 00:00:00-04:00,92.72437866075313,92.89011280529907,92.59764209810534,92.82186889648438,5341300,0.0,0.0,0.0,0.0037954362028937982,0.00378825170803183,0.0654561000651983,0.09026880185683697
2025-04-28 00:00:00-04:00,92.71462966280075,93.22159080178972,92.68538333517223,93.19233703613281,4950500,0.0,0.0,0.0,0.003991173029079809,0.00398322942718395,0.03200289002953639,0.08692996239280705
2025-04-29 00:00:00-04:00,93.14360269542952,93.52381985947365,93.13385143947151,93.51406860351562,5350200,0.0,0.0,0.0,0.003452339297576268,0.0034463936545851143,0.024978633007136847,0.08714266737155531
2025-04-30 00:00:00-04:00,93.49458229061341,93.74806290307174,93.39709203598471,93.66031646728516,13923200,0.0,0.0,0.0,0.0015639129593387757,0.0015626913209914205,0.021898463635719075,0.08650967624770908
2025-05-01 00:00:00-04:00,93.78061084365741,93.80017710298793,93.06659908726436,93.25243377685547,13703300,0.313,0.0,0.0,-0.004354914715370972,-0.004364424977423762,0.05578200742993651,0.0880277852309021
2025-05-02 00:00:00-04:00,92.77316668340059,92.9101006519865,92.46995681900917,92.62644958496094,9331600,0.0,0.0,0.0,-0.006712792004897716,-0.006735424133189598,0.07673803408095559,0.08270451673270329
2025-05-05 00:00:00-04:00,92.59710853042331,92.60689166036926,92.26455673567814,92.46017456054688,10089400,0.0,0.0,0.0,-0.0017951138703804492,-0.0017967270180958938,0.06607497456538487,0.08175813704423646
2025-05-06 00:00:00-04:00,92.42104022981616,92.7144744000185,92.33301445616002,92.69490814208984,6081200,0.0,0.0,0.0,0.0025387533893228564,0.0025355361988886127,0.06188631872765989,0.07134279929392821
2025-05-07 00:00:00-04:00,92.79273585490374,93.05682067050869,92.77316959458228,92.93944549560547,9471100,0.0,0.0,0.0,0.002638088309454778,0.0026346146623412686,0.0658549213313259,0.06957529436867133
2025-05-08 00:00:00-04:00,92.88076354590777,92.90032980663086,92.19609366743921,92.21565246582031,6409000,0.0,0.0,0.0,-0.007787791566062019,-0.007818274782564246,0.07841938434134908,0.07433320160215225
2025-05-09 00:00:00-04:00,92.38191229312261,92.53841250230384,92.25476146991838,92.28410339355469,3698700,0.0,0.0,0.0,0.0007422918550594737,0.0007420164927181529,0.06880425513698275,0.07061911131555423
2025-05-12 00:00:00-04:00,91.677691569563,91.91243444104492,91.677691569563,91.69725036621094,9483700,0.0,0.0,0.0,-0.006359199534518467,-0.006379505375583572,0.07996773061905038,0.07147210905297609
2025-05-13 00:00:00-04:00,91.81462632999187,91.86352705320678,91.48206708535992,91.6287841796875,13166800,0.0,0.0,0.0,-0.0007466547388280675,-0.000746933624306992,0.07215747873413078,0.06543307278610538
2025-05-14 00:00:00-04:00,91.58966311618079,91.65813010153933,91.22776192937603,91.28645324707031,6994700,0.0,0.0,0.0,-0.0037360632434657592,-0.003743059759465832,0.057326448371382496,0.06553873828205858
2025-05-15 00:00:00-04:00,91.66791070744117,91.9319955115977,91.5505355376263,91.88309478759766,9024900,0.0,0.0,0.0,0.006535926408626214,0.006514659855737697,0.07764095918565733,0.06809411111760298
2025-05-16 00:00:00-04:00,92.24497391521857,92.26454017159776,91.90263905198618,91.91242218017578,6819200,0.0,0.0,0.0,0.0003191815931529174,0.00031913066554469546,0.07719825627737667,0.06748853975915924
2025-05-19 00:00:00-04:00,91.38425652268089,91.88309164942997,91.3451314674122,91.863525390625,11704900,0.0,0.0,0.0,-0.0005319932647942505,-0.00053213482341886,0.05989418240628958,0.06468657596773805
2025-05-20 00:00:00-04:00,91.6190041127902,91.81462939921354,91.48207014346467,91.74616241455078,8929600,0.0,0.0,0.0,-0.0012775797094131125,-0.0012783965101295291,0.060630782326376205,0.0647920725643817
2025-05-21 00:00:00-04:00,91.38424233269737,91.51139314582088,90.99299930310336,91.1103744506836,11383500,0.0,0.0,0.0,-0.006929858940523448,-0.006953981923501706,0.07615142531824473,0.0690241850152724
2025-05-22 00:00:00-04:00,91.13973527535906,91.49185332879274,91.02236010343394,91.45272827148438,10981200,0.0,0.0,0.0,0.0037575723167078134,0.0037505302769863845,0.06138494081050158,0.06739405909688438
2025-05-23 00:00:00-04:00,91.85373828255403,91.86351394839762,91.58964605797024,91.716796875,9860700,0.0,0.0,0.0,0.002887487432104985,0.0028833266478202804,0.06712393794511023,0.06669191969496438
2025-05-27 00:00:00-04:00,91.9222152162694,92.19608313637436,91.814623181608,92.09827423095703,10834400,0.0,0.0,0.0,0.004159296540599211,0.004150670577097611,0.07448470649247772,0.06684758866758544
2025-05-28 00:00:00-04:00,91.91243060196688,91.98089758088686,91.73637159012388,91.84396362304688,8591500,0.0,0.0,0.0,-0.0027612961267049485,-0.0027651155374910463,0.07742649387189676,0.06549916995913019
2025-05-29 00:00:00-04:00,92.08849937725132,92.31345913369307,92.03959118897696,92.22543334960938,9679100,0.0,0.0,0.0,0.0041534545278136825,0.004144852745405374,0.0468779537839978,0.06740452083182354
2025-05-30 00:00:00-04:00,92.29388953181585,92.54819864885775,92.23520568262963,92.4992904663086,10268600,0.0,0.0,0.0,0.002969431606366868,0.002965031552621516,0.045803248835945456,0.06724177053200364
2025-06-02 00:00:00-04:00,92.24415669934567,92.38154101462804,92.02826492193518,92.1852798461914,13341900,0.31,0.0,0.0,-0.0033947354464470836,-0.0034005106346844316,0.0600624945213732,0.06406459229167077
2025-06-03 00:00:00-04:00,92.31284611670492,92.44041512371352,92.01844688590548,92.09695434570312,8508900,0.0,0.0,0.0,-0.0009581301986135715,-0.0009585894987553131,0.05391241590527919,0.0638621239797146
2025-06-04 00:00:00-04:00,92.45023307397466,92.85257820179075,92.37172561193002,92.7740707397461,10115900,0.0,0.0,0.0,0.007352212663855218,0.007325316896806362,0.06738446294898959,0.06869210633348968
2025-06-05 00:00:00-04:00,92.77406671405285,92.89182790200988,92.4698596704347,92.49929809570312,8762800,0.0,0.0,0.0,-0.002961739652599382,-0.0029661342827962955,0.07199673099398081,0.06877143517798343
2025-06-06 00:00:00-04:00,92.02826662443643,92.10677408801692,91.7338748663353,91.76331329345703,7624200,0.0,0.0,0.0,-0.007956652833026046,-0.007988475911037867,0.08910791388901917,0.0690197802651365
2025-06-09 00:00:00-04:00,91.77311508802698,92.0478911925247,91.76330727088597,91.93013000488281,6061200,0.0,0.0,0.0,0.0018179020072248697,0.0018162516232258091,0.09011251797192556,0.0693270827065554
2025-06-10 00:00:00-04:00,92.22453474824647,92.26378099292518,91.98901235887165,92.08714294433594,5579900,0.0,0.0,0.0,0.001707959506255241,0.0017065026020707437,0.09131527802157205,0.06560943941347254
2025-06-11 00:00:00-04:00,92.26377231915718,92.50910250319619,92.18527235029583,92.46985626220703,6594900,0.0,0.0,0.0,0.004155990789098896,0.00414737851282745,0.07674111314557334,0.06694551142286721
2025-06-12 00:00:00-04:00,92.82312335203768,92.88200768634405,92.65630062641601,92.8721923828125,7795400,0.0,0.0,0.0,0.004350997577682092,0.004341559354940938,0.08032351197628551,0.06636600742268166
2025-06-13 00:00:00-04:00,92.666131884157,92.73482404693861,92.28341733624735,92.52874755859375,9195200,0.0,0.0,0.0,-0.00369803722090567,-0.0037048918649198424,0.05156588476755893,0.06469859386223922
2025-06-16 00:00:00-04:00,92.42079360884827,92.61705477487075,92.24415556467463,92.26377868652344,7508400,0.0,0.0,0.0,-0.002863638372523347,-0.00286774642942163,0.06061858568960591,0.06570261733559968
2025-06-17 00:00:00-04:00,92.49929531143944,92.75443331400825,92.35209570264476,92.7151870727539,5285000,0.0,0.0,0.0,0.004892585071376576,0.004880655272915185,0.06766031220871242,0.06769362094204529
2025-06-18 00:00:00-04:00,92.87220132386008,93.06846249208805,92.6170558156568,92.7740707397461,6732400,0.0,0.0,0.0,0.0006351027145745647,0.0006349011221955968,0.0629736531470094,0.06737839023215365
2025-06-20 00:00:00-04:00,92.58761657577207,92.9703310912732,92.52873972319763,92.83294677734375,6261700,0.0,0.0,0.0,0.0006346173788451814,0.0006344160943909884,0.05417574868447926,0.06129253827810739
2025-06-23 00:00:00-04:00,93.09790720528459,93.46099111051375,93.02921504860203,93.15678405761719,9310300,0.0,0.0,0.0,0.0034883873830930945,0.0034823170727922123,0.04755728993371964,0.061135898761125546
2025-06-24 00:00:00-04:00,93.06845331683678,93.52967525227447,93.02920707656725,93.4806137084961,7694500,0.0,0.0,0.0,0.0034761789402113497,0.0034701509956359417,0.030258743047811763,0.06142087404327835
2025-06-25 00:00:00-04:00,93.30398280038078,93.55912081601858,93.20585221845212,93.5198745727539,6393300,0.0,0.0,0.0,0.0004199893721306136,0.00041990120128061173,0.025418867569983572,0.06026079417351273
2025-06-26 00:00:00-04:00,93.69651581532257,93.8633385589877,93.5689393162626,93.85352325439453,7131900,0.0,0.0,0.0,0.003567676744273829,0.003561327682051357,0.02597446971170928,0.059520667085701015
2025-06-27 00:00:00-04:00,93.60818481445312,93.89276872755451,93.54930796584011,93.60818481445312,8402400,0.0,0.0,0.0,-0.0026140567922676716,-0.0026174794046274616,0.0435361332236504,0.059747330251781985
2025-06-30 00:00:00-04:00,93.81425638126613,94.02033282755272,93.67687208374176,93.9810791015625,10542300,0.0,0.0,0.0,0.003983564982576127,0.003975651596288277,0.04495947154010267,0.06035211616953224
2025-07-01 00:00:00-04:00,93.93482051197863,94.0234236001628,93.63949440953817,93.80684661865234,10659800,0.303,0.0,0.0,-0.0018539102186927447,-0.0018556308371525277,0.048011662758422884,0.05916729855591535
2025-07-02 00:00:00-04:00,93.51151280005391,93.65917960627249,93.45244908182478,93.60995483398438,6026200,0.0,0.0,0.0,-0.002098906335359363,-0.002101112126301185,0.05209584129062301,0.059772523651394294
2025-07-03 00:00:00-04:00,93.32447352984511,93.38353724702432,93.16696026983969,93.28509521484375,7398900,0.0,0.0,0.0,-0.003470353337065024,-0.0034763889811312045,0.047130490244037655,0.056336494379287505
2025-07-07 00:00:00-04:00,93.13743579723753,93.14728225443012,92.91101234568534,92.9897689819336,8518600,0.0,0.0,0.0,-0.0031658458645509313,-0.0031708677563946326,0.04831350933662384,0.056496730744994866
2025-07-08 00:00:00-04:00,92.7436554779746,92.86179042642561,92.69443821577106,92.85194396972656,5282800,0.0,0.0,0.0,-0.0014821524315627999,-0.0014832519060047615,0.013661484649976399,0.0480322430778823
2025-07-09 00:00:00-04:00,92.98976157114534,93.34415889537273,92.98976157114534,93.33431243896484,6900800,0.0,0.0,0.0,0.005195028220362774,0.005181580614943687,0.05646723100920844,0.050600607297736216
2025-07-10 00:00:00-04:00,93.26540230202026,93.30478061702162,93.09805009624874,93.28509521484375,4451900,0.0,0.0,0.0,-0.0005273218694709092,-0.0005274609525444337,0.05564445489965031,0.050669028158437684
2025-07-11 00:00:00-04:00,92.97007891817758,92.99961077762887,92.80271919687718,92.85194396972656,6004300,0.0,0.0,0.0,-0.004643306029967653,-0.004654119662399414,0.05980419387831277,0.0522005473708236
2025-07-14 00:00:00-04:00,92.85194698197861,92.98976733765296,92.70428016928577,92.81256866455078,5101600,0.0,0.0,0.0,-0.00042406549063334076,-0.0004241554318317182,0.05640201549189851,0.04987827498779455
2025-07-15 00:00:00-04:00,92.92085086667952,92.93069732303114,92.39910133972732,92.44832611083984,5628100,0.0,0.0,0.0,-0.0039244959917811295,-0.003932217033594675,0.061823262138293665,0.050105272142380905
2025-07-16 00:00:00-04:00,92.59598854696621,92.77318721408423,92.46801465263214,92.70427703857422,12786300,0.0,0.0,0.0,0.002768583688876225,0.0027647582201819326,0.04760419231004489,0.04988175733375171
2025-07-17 00:00:00-04:00,92.7535002832422,92.86178877306615,92.5959870214453,92.67474365234375,4747200,0.0,0.0,0.0,-0.00031857630709075657,-0.0003186270633025803,0.04785390797607247,0.04677193095468967
2025-07-18 00:00:00-04:00,92.94054103613912,93.00945120727535,92.8322525514043,92.93069458007812,4035000,0.0,0.0,0.0,0.0027618196462948497,0.0027580128299648085,0.044069024202598533,0.04776430861134696
2025-07-21 00:00:00-04:00,93.3244796361076,93.42292167472927,93.20634468337393,93.25556945800781,5232300,0.0,0.0,0.0,0.0034958834580725018,0.0034897870615592896,0.04921176556139882,0.04925466727836311
2025-07-22 00:00:00-04:00,93.35401770622886,93.58043365905453,93.33432479080695,93.52136993408203,6098000,0.0,0.0,0.0,0.0028502370166094693,0.0028461827929226646,0.02384086893255007,0.04874448730350352
2025-07-23 00:00:00-04:00,93.30478057150783,93.36384428865824,93.13742836581795,93.18665313720703,5074000,0.0,0.0,0.0,-0.003579040780849585,-0.0035854608703908054,0.047261152360289084,0.04888796330855076
2025-07-24 00:00:00-04:00,92.861790511422,93.14727767078888,92.85194405471394,93.048828125,5867400,0.0,0.0,0.0,-0.0014790209495355588,-0.0014801157806720905,0.05000434250463932,0.049057210013484044
2025-07-25 00:00:00-04:00,93.01930251723196,93.26541137695312,92.97992419839902,93.26541137695312,3614000,0.0,0.0,0.0,0.002327630087529675,0.002324925352885551,0.049021979274719615,0.04796327307940269
2025-07-28 00:00:00-04:00,93.09805599083447,93.16696616878853,93.01929935584522,93.05867767333984,5073200,0.0,0.0,0.0,-0.00221661707766152,-0.002219077409711085,0.04529997150199586,0.04773022282292595
2025-07-29 00:00:00-04:00,93.19648935115627,93.66902160644531,93.17680394956504,93.66902160644531,7864000,0.0,0.0,0.0,0.0065586998264464125,0.006537285138746634,0.06536816470849899,0.05151362945128992
2025-07-30 00:00:00-04:00,93.34416198730469,93.60011728786843,93.2752518114582,93.34416198730469,7425600,0.0,0.0,0.0,-0.003468164966060394,-0.003474192991670039,0.06495469973975622,0.0525258590441371
2025-07-31 00:00:00-04:00,93.49182276906065,93.64932851342266,93.3835342839044,93.42291259765625,10411800,0.0,0.0,0.0,0.0008436586571132221,0.0008433029771826048,0.0629074247319475,0.05218355782916608
2025-08-01 00:00:00-04:00,94.18241841119911,94.54785206544449,94.16266116762876,94.49846649169922,11870100,0.309,0.0,0.0,0.011512742047286029,0.01144697472603856,0.09983438330925846,0.0648857791931895
2025-08-04 00:00:00-04:00,94.58735461899538,94.66636852553587,94.35032043455476,94.62686157226562,8449500,0.0,0.0,0.0,0.0013587001496757622,0.0013577779518597602,0.09176368013671282,0.06332152293280818
2025-08-05 00:00:00-04:00,94.45896038582887,94.67624485596532,94.43921067726224,94.55772399902344,8218700,0.0,0.0,0.0,-0.0007306336920979151,-0.0007309007349755346,0.09034221610881912,0.06300501367401122
2025-08-06 00:00:00-04:00,94.41945876851516,94.53797963215385,94.08366095764386,94.48859405517578,10107500,0.0,0.0,0.0,-0.0007310872229577825,-0.0007313545975456076,0.08177309614577816,0.06115392493966917
2025-08-07 00:00:00-04:00,94.48859176691995,94.58735538330319,94.35032119694723,94.4194564819336,5725900,0.0,0.0,0.0,-0.0007317028466082842,-0.0007319706717897526,0.08444469160489324,0.061209138944630814
2025-08-08 00:00:00-04:00,94.29106385441435,94.29106385441435,94.1527932854384,94.2021713256836,5623800,0.0,0.0,0.0,-0.0023012752280731075,-0.00230392723135163,0.020665443855706744,0.059069535386007885
2025-08-11 00:00:00-04:00,94.27130331078433,94.36019583640395,94.18241832034533,94.23180389404297,4920200,0.0,0.0,0.0,0.00031456353863568154,0.00031451407389869197,0.014857332174190052,0.058936395226357075
2025-08-12 00:00:00-04:00,94.11328777441676,94.21205139160156,94.00464553495917,94.21205139160156,6724600,0.0,0.0,0.0,-0.00020961609165004447,-0.0002096380641735671,0.015535145921700395,0.05643767845693577
2025-08-13 00:00:00-04:00,94.47871628073277,94.64661517428455,94.4589590372675,94.5478515625,5925200,0.0,0.0,0.0,0.0035643016571484942,0.0035579645876842136,0.03422919385127062,0.05684669631947532
2025-08-14 00:00:00-04:00,94.38982551860079,94.41945384917152,94.17254104750779,94.2416763305664,5527500,0.0,0.0,0.0,-0.0032383097751428336,-0.003243564447480551,0.04194748368879723,0.05865488881613764
2025-08-15 00:00:00-04:00,94.202173030668,94.26143722928809,93.99476717345023,94.05403137207031,7428500,0.0,0.0,0.0,-0.001991103785525916,-0.0019930886678437166,0.04109892710384966,0.05902019187934571
2025-08-18 00:00:00-04:00,94.12316911659377,94.13304020397081,93.87625629890616,93.96514129638672,9669600,0.0,0.0,0.0,-0.00094509586018654,-0.0009455427448671053,0.040861253498847415,0.05823764556311174
2025-08-19 00:00:00-04:00,94.10340771001233,94.24167827898827,94.09352908789096,94.2021713256836,6499300,0.0,0.0,0.0,0.002522531505052772,0.0025193552627819213,0.04656011338800557,0.058065053842281125
2025-08-20 00:00:00-04:00,94.20216827827052,94.42933136862852,94.18241856984751,94.34043884277344,6270700,0.0,0.0,0.0,0.0014677742046074194,0.0014666980769291644,0.037989299176896876,0.05624883418282798
2025-08-21 00:00:00-04:00,94.21205300449775,94.26143858152612,93.93551185757354,94.06390380859375,5351300,0.0,0.0,0.0,-0.00293124600194572,-0.0029355505172945747,0.03659986392239152,0.057196301957295116
2025-08-22 00:00:00-04:00,94.22192282875285,94.69599116916109,94.1922944993749,94.58734893798828,10867700,0.0,0.0,0.0,0.005564782113016031,0.005549355915524868,0.05175680225982381,0.05963390815212712
2025-08-25 00:00:00-04:00,94.4194613191028,94.52810356324444,94.35032603057459,94.39971160888672,9936400,0.0,0.0,0.0,-0.001983746570850431,-0.0019857168021366815,0.05482205790971354,0.059487847574621465
2025-08-26 00:00:00-04:00,94.47871518310583,94.67624240438012,94.41945098857917,94.64661407470703,5871200,0.0,0.0,0.0,0.002615500213001276,0.002612085744718335,0.05499610767925691,0.05589489225615973
2025-08-27 00:00:00-04:00,94.51821722884618,94.82439422607422,94.45896056785139,94.82439422607422,5222800,0.0,0.0,0.0,0.0018783572249807534,0.0018765953180305242,0.05531753515366234,0.05401917011879331
2025-08-28 00:00:00-04:00,94.79477418906407,95.04168701171875,94.75526723321757,95.04168701171875,6544700,0.0,0.0,0.0,0.0022915283289495214,0.0022889067820438206,0.04276528895834218,0.05428122168141083
2025-08-29 00:00:00-04:00,94.93303341361786,95.04167564540758,94.84414088979878,94.96266174316406,6818900,0.0,0.0,0.0,-0.0008314800698450142,-0.0008318259411349689,0.03281682204585558,0.03714591079497235
2025-09-02 00:00:00-04:00,94.59008411085719,94.7585331078554,94.56035870666561,94.67926788330078,8623200,0.314,0.0,0.0,-0.0029842661806357418,-0.0029887279819671457,0.038439278620144145,0.03859370542875927
2025-09-03 00:00:00-04:00,94.68918012556956,95.14498733862982,94.68918012556956,95.00626373291016,7586100,0.0,0.0,0.0,0.003453721780067198,0.00344777137974898,0.041551175325762635,0.0403187818619285
2025-09-04 00:00:00-04:00,95.24407910454016,95.43234252929688,95.12516992058649,95.43234252929688,6395300,0.0,0.0,0.0,0.004484744264699803,0.004474717765486411,0.0493521799193403,0.042826043177293105
2025-09-05 00:00:00-04:00,96.02687619656207,96.13586682669019,95.89805603027344,95.89805603027344,9566300,0.0,0.0,0.0,0.0048800384506288985,0.004868169660760857,0.055698473081759875,0.045248653669140056
2025-09-08 00:00:00-04:00,96.13587701287774,96.20523881750981,96.0367898005276,96.1953353881836,7599600,0.0,0.0,0.0,0.0030999518678074267,0.0030951569238573708,0.05076914291074551,0.04442296179142917
2025-09-09 00:00:00-04:00,96.14578248128808,96.25478067657536,95.87824626731795,95.96742248535156,8223100,0.0,0.0,0.0,-0.002369271876981549,-0.002372083042750203,0.04652813333436585,0.046006477817122075
2025-09-10 00:00:00-04:00,96.16560106995526,96.34396105960691,96.07641729519493,96.22505187988281,8864500,0.0,0.0,0.0,0.0026845505262014235,0.0026809535564974096,0.04607158591650254,0.04621306637685583
2025-09-11 00:00:00-04:00,96.35386576732225,96.57186215310965,96.34396233878218,96.37368774414062,8554300,0.0,0.0,0.0,0.001544669099720064,0.0015434773255129303,0.042938903487164046,0.04530967840756901
2025-09-12 00:00:00-04:00,96.1457846365178,96.1556956253668,95.95751364773412,96.09624481201172,36502700,0.0,0.0,0.0,-0.0028788244864664803,-0.0028829762717670652,0.04506614584047325,0.04488378800121078
2025-09-15 00:00:00-04:00,96.26469461930206,96.33405642207984,96.21514723451673,96.2547836303711,4990100,0.0,0.0,0.0,0.0016497920253752962,0.0016484326134710342,0.04057800011005236,0.043528881469881556
2025-09-16 00:00:00-04:00,96.26469204896551,96.40341565081702,96.22505565416947,96.3142318725586,5847700,0.0,0.0,0.0,0.0006176133792559213,0.0006174227346052226,0.034015563078358166,0.042874725346040546
2025-09-17 00:00:00-04:00,96.41332793995873,96.63131677447339,95.98724613999063,96.10614776611328,10701700,0.0,0.0,0.0,-0.0021604710165850083,-0.0021628082009779496,0.03380870848680237,0.04421653849457517
2025-09-18 00:00:00-04:00,95.76924808261343,95.92778610131381,95.63052448129962,95.7890625,7589200,0.0,0.0,0.0,-0.0032993234406288874,-0.003304778209547733,0.03511473241385003,0.04672131086597346
2025-09-19 00:00:00-04:00,95.73952436647672,95.81878959729136,95.62061518045063,95.74942779541016,5528800,0.0,0.0,0.0,-0.0004137706702145305,-0.0004138562969189893,0.03197320444630852,0.044897816332193516
2025-09-22 00:00:00-04:00,95.74942699722789,95.77915996338861,95.58097798833055,95.59088897705078,5282700,0.0,0.0,0.0,-0.0016557677890057798,-0.001657140087505635,0.024196281147416145,0.04216362924783589
2025-09-23 00:00:00-04:00,95.72961633613771,95.86833994418728,95.61070714643681,95.85842895507812,7077500,0.0,0.0,0.0,0.0027988020708915595,0.0027948927170152803,0.03707951013480902,0.041796133511899765
2025-09-24 00:00:00-04:00,95.73952316256484,95.74942659137375,95.56116316570326,95.60079956054688,5419700,0.0,0.0,0.0,-0.002687602930066646,-0.002691221018932975,0.03833472395165686,0.042915013670785075
2025-09-25 00:00:00-04:00,95.38280439577072,95.4422552088662,95.22425881435689,95.39270782470703,6517500,0.0,0.0,0.0,-0.0021766735926518344,-0.002179045989864399,0.03485847941359332,0.04360246023006563
2025-09-26 00:00:00-04:00,95.37288794146536,95.55124793040001,95.25397876221928,95.3431625366211,7295300,0.0,0.0,0.0,-0.0005193823429038291,-0.0005195172686336063,0.03478759597235417,0.04303968125150464
2025-09-29 00:00:00-04:00,95.4620751369735,95.67016811455827,95.45217170746554,95.62062072753906,6357500,0.0,0.0,0.0,0.002910100562391049,0.0029058744167700197,0.04238203529128617,0.04393425002352639
2025-09-30 00:00:00-04:00,95.69988757909366,95.87824757746742,95.54134199837503,95.58097839355469,9257800,0.0,0.0,0.0,-0.00041457934159760956,-0.00041466530337232096,0.034782174233954764,0.042263632324511795
2025-10-01 00:00:00-04:00,95.97258136375352,96.04215522018282,95.75391850555239,95.90300750732422,8347000,0.294,0.0,0.0,0.0033691757416791646,0.0033635127851889316,0.03805871070594792,0.04218565794499116
2025-10-02 00:00:00-04:00,95.8632479199486,96.0620357791271,95.80361535368579,96.00239562988281,9420600,0.0,0.0,0.0,0.001036339997481317,0.00103580336790792,0.028827164344185068,0.039528618108748866
2025-10-03 00:00:00-04:00,96.0123331247878,96.05209069505254,95.79367027982236,95.81355285644531,5154300,0.0,0.0,0.0,-0.0019670631362735946,-0.001969000345790456,0.035555376110151186,0.03635257238936753
2025-10-06 00:00:00-04:00,95.5849543400385,95.75391833635658,95.52532177262778,95.53526306152344,6319600,0.0,0.0,0.0,-0.002904493014039722,-0.0029087192392188137,0.03948537778805324,0.035712893352764674
2025-10-07 00:00:00-04:00,95.65452336975827,95.90300249874048,95.59489080535653,95.77379608154297,5119900,0.0,0.0,0.0,0.002496806020892084,0.002493694179439111,0.04357545276850147,0.0362223608974653
2025-10-08 00:00:00-04:00,95.95270093597748,95.97257592969696,95.73403809015724,95.79367065429688,5141900,0.0,0.0,0.0,0.00020751576701605323,0.0002074942385975458,0.034960640563973175,0.03473476821274374
2025-10-09 00:00:00-04:00,95.70422321155547,95.77379706506571,95.64459064654136,95.7240982055664,7130600,0.0,0.0,0.0,-0.0007262739621027858,-0.000726537826803243,0.033142684016340844,0.03413267370454195
2025-10-10 00:00:00-04:00,96.0620370296906,96.42978130374064,95.98252188498405,96.3204574584961,10417700,0.0,0.0,0.0,0.006229980371807775,0.00621065427004681,0.055235426528424794,0.03995043628723605
2025-10-13 00:00:00-04:00,96.31051513867736,96.39996398827851,96.19124242289432,96.37014770507812,5607600,0.0,0.0,0.0,0.0005158846614017332,0.0005157516386574278,0.04395120488703661,0.039575372840740676
2025-10-14 00:00:00-04:00,96.46954045255067,96.64844573957322,96.39003288952642,96.6186294555664,7650600,0.0,0.0,0.0,0.0025784099786658743,0.002575091582556645,0.04404289289219872,0.04054021300891108
2025-10-15 00:00:00-04:00,96.6186240264083,96.7378967387151,96.42977746100121,96.50929260253906,7769300,0.0,0.0,0.0,-0.0011316332434381238,-0.0011322740238014735,0.047877979205285366,0.03991858478876707
2025-10-16 00:00:00-04:00,96.42977610946991,96.99630821476961,96.40990111585465,96.95655822753906,11627200,0.0,0.0,0.0,0.00463443066401914,0.004623724754682666,0.04734408923629021,0.04059009924129082
2025-10-17 00:00:00-04:00,96.8671049823414,96.88698755959128,96.6782584133747,96.79753112792969,12491000,0.0,0.0,0.0,-0.0016401891993336193,-0.0016415357822737195,0.04158463594876796,0.04122840441369399
2025-10-20 00:00:00-04:00,96.85716869570622,96.93668384284926,96.77766113154496,96.92674255371094,10437800,0.0,0.0,0.0,0.0013348628242437766,0.0013339726869167662,0.04140071837465664,0.04046817202494395
2025-10-21 00:00:00-04:00,97.09571052028772,97.17521808148729,97.03607037066115,97.10564422607422,7642000,0.0,0.0,0.0,0.0018457410994097145,0.0018440398124085727,0.040120901558918905,0.039949810494063466
2025-10-22 00:00:00-04:00,97.05595257307849,97.17521770590764,96.96649614047513,97.12552642822266,6523500,0.0,0.0,0.0,0.00020474816172533217,0.00020472720368116574,0.03659656500382701,0.0380178374398988
2025-10-23 00:00:00-04:00,96.92673736034642,96.98637750899907,96.78758965179256,96.8074722290039,6138300,0.0,0.0,0.0,-0.0032746715607642196,-0.003280045031788329,0.03383948018354246,0.039332877901128036
2025-10-24 00:00:00-04:00,96.92673553276171,96.94661810959818,96.73789655070289,96.89691925048828,7555200,0.0,0.0,0.0,0.0009239681547803524,0.0009235415589585749,0.03233262790581509,0.039052964555927584
2025-10-27 00:00:00-04:00,96.74783025613986,96.89691925048828,96.61862383862791,96.89691925048828,7272300,0.0,0.0,0.0,0.0,0.0,0.030748892327084647,0.038338439718491754
2025-10-28 00:00:00-04:00,96.83729252741986,97.03607280988786,96.83729252741986,96.98638153076172,5539600,0.0,0.0,0.0,0.0009232727001584617,0.0009228467460800521,0.027692434873742084,0.03813190242966284
2025-10-29 00:00:00-04:00,96.93667234856837,96.93667234856837,96.31050770077347,96.36019897460938,11223300,0.0,0.0,0.0,-0.006456396725696312,-0.006477329403461845,0.05124524674758532,0.04453476311756573
2025-10-30 00:00:00-04:00,96.08191399194781,96.37015071017541,96.06203899685497,96.22106170654297,8958800,0.0,0.0,0.0,-0.0014439288165342123,-0.0014449722863328534,0.04902381899745552,0.04481703491089937
2025-10-31 00:00:00-04:00,96.28069342838464,96.36020098477687,96.20117828901134,96.26081085205078,9739900,0.0,0.0,0.0,0.0004131023375011367,0.00041301703422235954,0.04773978540527583,0.04413991178081009
2025-11-03 00:00:00-05:00,96.13519266936228,96.27477852865532,96.0853449235341,96.21495819091797,8012500,0.304,0.0,0.0,-0.00047633778197953003,-0.00047645126686032244,0.04702904402183527,0.04266503920406734
2025-11-04 00:00:00-05:00,96.28474700540082,96.38445009965476,96.26480942929342,96.33460235595703,6119000,0.0,0.0,0.0,0.001243508985387276,0.0012427364684437603,0.04807253076628956,0.042059369051795865
2025-11-05 00:00:00-05:00,96.16509799277868,96.18504317559204,95.8460435294909,95.87596130371094,11749200,0.0,0.0,0.0,-0.004760917064373316,-0.0047722863297931725,0.03692816421651061,0.045733959319988644
2025-11-06 00:00:00-05:00,96.23489633690494,96.43431014197326,96.22493135179566,96.36451721191406,7665000,0.0,0.0,0.0,0.005095708054029258,0.005082768871326548,0.05619068673307501,0.04898240206846421
2025-11-07 00:00:00-05:00,96.27477518738478,96.57389207940817,96.26481020268027,96.4043960571289,11460300,0.0,0.0,0.0,0.0004138332901844066,0.0004137476848051304,0.05619077719433772,0.04377761049502502
2025-11-10 00:00:00-05:00,96.28474523534258,96.36451075202275,96.22492490126163,96.27477264404297,9097300,0.0,0.0,0.0,-0.0013445798987125057,-0.0013454846573689896,0.05727715943220571,0.044010910529480744
2025-11-11 00:00:00-05:00,96.52403533579772,96.60380085343424,96.44427742501965,96.57389068603516,4937700,0.0,0.0,0.0,0.0031069202635056747,0.0031021037604922917,0.06096911068046012,0.04446650869588208
2025-11-12 00:00:00-05:00,96.52404099303196,96.66362685364771,96.49413082387986,96.59383392333984,7188200,0.0,0.0,0.0,0.00020650754736095678,0.00020648622761247374,0.04082537295911451,0.044275878726879866
2025-11-13 00:00:00-05:00,96.3645144702157,96.51407291804708,96.31465911865234,96.31465911865234,46965300,0.0,0.0,0.0,-0.002890192814057446,-0.002894377486259983,0.03547557655034232,0.04193097806750912
2025-11-14 00:00:00-05:00,96.59383125527674,96.6436866070591,96.13519092494202,96.15513610839844,11288500,0.0,0.0,0.0,-0.0016562692710918592,-0.0016576424014328856,0.03660710857384342,0.04193768671153522
2025-11-17 00:00:00-05:00,96.25483606338246,96.33460158088724,96.20498071322736,96.26480865478516,6648500,0.0,0.0,0.0,0.0011405791809506738,0.0011399292146950376,0.03730615112771309,0.041840977167045414
2025-11-18 00:00:00-05:00,96.55394492527877,96.64368303379734,96.28474581343986,96.42433166503906,8769000,0.0,0.0,0.0,0.001657126965534994,0.0016557554456244072,0.030442625723340073,0.04171550655563811
2025-11-19 00:00:00-05:00,96.5240339813225,96.57388933086034,96.31465520560859,96.35453796386719,13075900,0.0,0.0,0.0,-0.0007238183554574285,-0.0007240804384378895,0.030166390966480494,0.04168231526041396
2025-11-20 00:00:00-05:00,96.45424143811906,96.66362021466227,96.41435867970249,96.5838623046875,9076400,0.0,0.0,0.0,0.0023800056091423105,0.0023771778815754522,0.026814785856922957,0.041332556669879075
2025-11-21 00:00:00-05:00,96.90292358398438,96.94280634520739,96.71348236988973,96.90292358398438,12551100,0.0,0.0,0.0,0.003303463660319972,0.003298019211307081,0.023960629008653526,0.042955045278212554
2025-11-24 00:00:00-05:00,97.00261960344517,97.07241252877658,96.89294391980175,97.0524673461914,6903900,0.0,0.0,0.0,0.001543232718643761,0.0015420431587197514,0.023694656348826556,0.04329981900652641
2025-11-25 00:00:00-05:00,97.15218407993011,97.41141061477225,97.14221148801808,97.3017349243164,9193400,0.0,0.0,0.0,0.0025683796088959987,0.0025650869586338024,0.02462057557013471,0.044109077081809674
2025-11-26 00:00:00-05:00,97.1920666393575,97.38150024414062,97.04250818842223,97.38150024414062,7747100,0.0,0.0,0.0,0.0008197728425527462,0.0008194370123198564,0.01525200801597633,0.036530810082286515
2025-11-28 00:00:00-05:00,97.34161888425214,97.36156406832191,97.10232992342745,97.21200561523438,7798000,0.0,0.0,0.0,-0.0017405218494407348,-0.0017420383174808905,0.030901514963250623,0.03675781365727101
2025-12-01 00:00:00-05:00,96.7699966430664,96.83999633789062,96.68000030517578,96.69000244140625,9898100,0.288,0.0,0.0,-0.0053697397818764925,-0.005384208653834813,0.05055238815868407,0.04228621312724362
2025-12-02 00:00:00-05:00,96.66000366210938,96.81999969482422,96.5999984741211,96.7699966430664,7317200,0.0,0.0,0.0,0.0008273265036748967,0.0008269844577458293,0.04901897838305332,0.04225228955274471
2025-12-03 00:00:00-05:00,96.93000030517578,97.02999877929688,96.80999755859375,96.97000122070312,6855100,0.0,0.0,0.0,0.002066803602096101,0.002064670701882899,0.04708112819851615,0.042598097269621465
2025-12-04 00:00:00-05:00,96.81999969482422,96.83000183105469,96.62000274658203,96.66999816894531,8928900,0.0,0.0,0.0,-0.003093771764269726,-0.0030985673696944517,0.04742743644913471,0.04030365721329648
2025-12-05 00:00:00-05:00,96.69000244140625,96.69999694824219,96.41999816894531,96.47000122070312,9118700,0.0,0.0,0.0,-0.0020688626464300253,-0.0020710056990527587,0.047605868820913166,0.037171112658558284
2025-12-08 00:00:00-05:00,96.41000366210938,96.41999816894531,96.08999633789062,96.2699966430664,14728300,0.0,0.0,0.0,-0.002073230798236958,-0.002075382916281092,0.03490218759340624,0.03789601511839893
2025-12-09 00:00:00-05:00,96.41000366210938,96.41000366210938,96.11000061035156,96.12999725341797,8509200,0.0,0.0,0.0,-0.0014542369848365988,-0.0014552954137026844,0.03151276522622223,0.03794701001297346
2025-12-10 00:00:00-05:00,96.08999633789062,96.47000122070312,96.08000183105469,96.44000244140625,13356900,0.0,0.0,0.0,0.0032248538109393987,0.003219665122071142,0.03943992779212278,0.03808014195901931
2025-12-11 00:00:00-05:00,96.68000030517578,96.7300033569336,96.41999816894531,96.44999694824219,8672800,0.0,0.0,0.0,0.00010363445233219082,0.00010362908265332167,0.03556304706006629,0.03807210536700443
2025-12-15 00:00:00-05:00,96.41000366210938,96.51000213623047,96.25,96.2699966430664,6117000,0.0,0.0,0.0,-0.0018662551671450034,-0.0018679987910218828,0.035008043630749025,0.03723095131093196
2025-12-16 00:00:00-05:00,96.23999786376953,96.55999755859375,96.2300033569336,96.54000091552734,7456400,0.0,0.0,0.0,0.0028046565064503426,0.0028007307958575977,0.03747529784370146,0.03799114721507375
2025-12-17 00:00:00-05:00,96.41999816894531,96.56999969482422,96.4000015258789,96.5199966430664,5673200,0.0,0.0,0.0,-0.00020721226715592067,-0.00020723373858389736,0.03414511214696662,0.03785071287631095
2025-12-18 00:00:00-05:00,96.7699966430664,96.83000183105469,96.63999938964844,96.7699966430664,7357600,0.0,0.0,0.0,0.0025901368493050914,0.002586788225871644,0.03151541790396378,0.03848784834579401
2025-12-19 00:00:00-05:00,96.30000305175781,96.38970184326172,96.20030212402344,96.23999786376953,5782573,0.0,0.0,0.0,-0.005476891574686782,-0.005491944733518813,0.05451212213884367,0.04336061544909595
