date,open,high,low,close,volume,dividends,stock_splits,capital_gains,returns,log_returns,realized_vol_5d,realized_vol_20d
2010-01-04 00:00:00-05:00,66.76149207087734,66.8097339905596,66.73737111103621,66.79365539550781,1220600,0.0,0.0,0.0,,,,
2010-01-05 00:00:00-05:00,66.85802875455488,66.90627070794096,66.85802875455488,66.87410736083984,598200,0.0,0.0,0.0,0.0012044851394290568,0.0012037603291605874,,
2010-01-06 00:00:00-05:00,66.89016059171722,66.92232392366716,66.83387629443689,66.88211822509766,1534900,0.0,0.0,0.0,0.00011979022336094935,0.00011978304908507594,,
2010-01-07 00:00:00-05:00,66.88204537807324,66.89812395927149,66.85792443901506,66.865966796875,772000,0.0,0.0,0.0,-0.00024149097922254725,-0.00024152014286433563,,
2010-01-08 00:00:00-05:00,66.94645125088094,66.9625298511197,66.89820318110688,66.93036651611328,713200,0.0,0.0,0.0,0.0009631165497676619,0.0009626530506020486,,
2010-01-11 00:00:00-05:00,66.95454307515746,66.98670643686866,66.95454307515746,66.96258544921875,756600,0.0,0.0,0.0,0.00048137989947671933,0.0004812640733423338,0.009409387585979808,
2010-01-12 00:00:00-05:00,67.01086326128615,67.034990396373,67.00282701746114,67.01890563964844,582900,0.0,0.0,0.0,0.0008410695323644024,0.0008407160315838711,0.007948846169267991,
2010-01-13 00:00:00-05:00,66.98670643686866,67.02691217264115,66.96258544921875,66.96258544921875,590500,0.0,0.0,0.0,-0.0008403627288769977,-0.0008407160315838594,0.012145453116568465,
2010-01-14 00:00:00-05:00,67.00278026139978,67.05906460158474,67.00278026139978,67.02690124511719,549900,0.0,0.0,0.0,0.000960473605775114,0.0009600126461375165,0.012136424348319507,
2010-01-15 00:00:00-05:00,67.06716569868466,67.10736532856836,67.06716569868466,67.08324432373047,648300,0.0,0.0,0.0,0.000840603960001518,0.0008402508503624513,0.011857871747224722,
2010-01-19 00:00:00-05:00,67.06707070073129,67.09922790527344,67.05098596393054,67.09922790527344,1154000,0.0,0.0,0.0,0.00023826488572664672,0.00023823650515673422,0.011951148319699036,
2010-01-20 00:00:00-05:00,67.1072702736738,67.13943361274563,67.09119167140274,67.09922790527344,1085600,0.0,0.0,0.0,0.0,0.0,0.011514747369832724,
2010-01-21 00:00:00-05:00,67.07508943050945,67.16353705624302,67.0590108324343,67.1554946899414,1281000,0.0,0.0,0.0,0.0008385608363095098,0.0008382094406021445,0.006793721542551106,
2010-01-22 00:00:00-05:00,67.15552293225097,67.21180725097656,67.13944432741394,67.21180725097656,725600,0.0,0.0,0.0,0.0008385398885848439,0.0008381885104284832,0.006402392614077114,
2010-01-25 00:00:00-05:00,67.17962178884626,67.1876580206198,67.14745845816786,67.1554946899414,624600,0.0,0.0,0.0,-0.0008378373285645724,-0.0008381885104283586,0.011034957006965421,
2010-01-26 00:00:00-05:00,67.19576046636911,67.21183907882009,67.14751849448261,67.1635971069336,758500,0.0,0.0,0.0,0.0001206515867331337,0.00012064430891582401,0.011051252345887712,
2010-01-27 00:00:00-05:00,67.21981718071282,67.2359019123181,67.10724859758668,67.13941192626953,875700,0.0,0.0,0.0,-0.00036009358798272384,-0.00036015843724711375,0.011720752005778646,
2010-01-28 00:00:00-05:00,67.13133363367207,67.17153930664062,67.10721268370071,67.17153930664062,982100,0.0,0.0,0.0,0.0004785174527053293,0.0004784029997394297,0.01055035421454351,
2010-01-29 00:00:00-05:00,67.13136091112867,67.23589324951172,67.10723995135625,67.23589324951172,900600,0.0,0.0,0.0,0.0009580537164306513,0.0009575950758803484,0.011132612912839204,
2010-02-01 00:00:00-05:00,67.22301920350155,67.22301920350155,67.15058354984461,67.20692443847656,1001000,0.084,0.0,0.0,-0.0004308533676745663,-0.00043094621165583693,0.009253861117991584,
2010-02-02 00:00:00-05:00,67.190843485647,67.22303302231408,67.190843485647,67.2149887084961,724800,0.0,0.0,0.0,0.00011999165393916655,0.00011998445551648703,0.00925400878419273,0.009908057801205985
2010-02-03 00:00:00-05:00,67.1747603565487,67.19086126984143,67.15061512730881,67.16670989990234,1283800,0.0,0.0,0.0,-0.0007182744432663313,-0.0007185325259444507,0.010736132869059077,0.009968279743920496
2010-02-04 00:00:00-05:00,67.2391680583531,67.27940806995943,67.22306714115003,67.26331329345703,624300,0.0,0.0,0.0,0.0014382629981228856,0.0014372296885589492,0.01448104426989295,0.010854381310032314
2010-02-05 00:00:00-05:00,67.31161712885137,67.3921094494477,67.29552234915325,67.36795806884766,1362400,0.0,0.0,0.0,0.001555748152548997,0.0015545392300820916,0.016711184259353005,0.011551783055640186
2010-02-08 00:00:00-05:00,67.30358447776544,67.33578018344535,67.287483554574,67.3196792602539,857100,0.0,0.0,0.0,-0.000716643490135338,-0.0007169004018313774,0.017693101556186728,0.011948178136903355
2010-02-09 00:00:00-05:00,67.29545699767948,67.31155176174778,67.22301520763232,67.25521087646484,1415000,0.0,0.0,0.0,-0.0009576454388594557,-0.0009581042742105166,0.020022005425505255,0.012710513606714808
2010-02-10 00:00:00-05:00,67.27136743791274,67.27136743791274,67.16672989246162,67.18283081054688,670100,0.0,0.0,0.0,-0.0010762001185442571,-0.0010767796377148784,0.02109871031152712,0.0132741675215709
2010-02-11 00:00:00-05:00,67.17472876773026,67.20692443847656,67.15058354984461,67.20692443847656,1266000,0.0,0.0,0.0,0.000358627757107044,0.0003585634655436603,0.017744722222918435,0.012794285295625213
2010-02-12 00:00:00-05:00,67.24721851695465,67.27136375205858,67.2391680583531,67.26331329345703,505700,0.0,0.0,0.0,0.0008390334098993257,0.0008386816181308078,0.013607716245790064,0.01270327604006093
2010-02-16 00:00:00-05:00,67.25524613269386,67.30354273160843,67.23110090358615,67.27134704589844,733000,0.0,0.0,0.0,0.0001194373581681063,0.00011943022609472823,0.013327503641839267,0.012458709163931828
2010-02-17 00:00:00-05:00,67.23108347682964,67.2632791541943,67.190843485647,67.2149887084961,672300,0.0,0.0,0.0,-0.0008377762580537018,-0.0008381273887092966,0.012885953515596186,0.012923330770259223
2010-02-18 00:00:00-05:00,67.23111509663362,67.23111509663362,67.16672371162007,67.17477416992188,888900,0.0,0.0,0.0,-0.0005982971855968966,-0.0005984762367788172,0.010951839510252564,0.013148979305842832
2010-02-19 00:00:00-05:00,67.14258430662427,67.15868522462574,67.0862433750211,67.150634765625,1352700,0.0,0.0,0.0,-0.00035935222105565323,-0.00035941680353741097,0.010551193934940013,0.012889085726244167
2010-02-22 00:00:00-05:00,67.17477416992188,67.18282462822368,67.1425784774151,67.17477416992188,681700,0.0,0.0,0.0,0.0003594814014957759,0.0003594168035374779,0.007880764586017865,0.0125826194262555
2010-02-23 00:00:00-05:00,67.22309730389954,67.2552930120511,67.19895205796172,67.23114776611328,832000,0.0,0.0,0.0,0.0008392078259735758,0.0008388558879716413,0.011087296505298452,0.012557877579196962
2010-02-24 00:00:00-05:00,67.22306714115003,67.27940806995943,67.21502282324917,67.26331329345703,1194200,0.0,0.0,0.0,0.0004784319234836243,0.00047831751142172086,0.009544393172690489,0.012645992269359856
2010-02-25 00:00:00-05:00,67.3196792602539,67.33578018344535,67.29553401616971,67.3196792602539,733600,0.0,0.0,0.0,0.0008379897456278762,0.0008376388282507458,0.0077942681733177005,0.012813900518579528
2010-02-26 00:00:00-05:00,67.31968104921948,67.35992721756463,67.30358626630331,67.34382629394531,936700,0.0,0.0,0.0,0.0003586920489928591,0.0003586277343788213,0.0039008343616350784,0.012778228800610542
2010-03-01 00:00:00-05:00,67.30756680034935,67.35590060687721,67.30756680034935,67.33173370361328,863200,0.075,0.0,0.0,-0.00017956494303206227,-0.00017958106674664348,0.006669558683337186,0.012431946886019604
2010-03-02 00:00:00-05:00,67.32367602045483,67.35590060687721,67.31561833729639,67.33173370361328,1148800,0.0,0.0,0.0,0.0,0.0,0.006373047741310544,0.0122943384230931
2010-03-03 00:00:00-05:00,67.31560412274224,67.35588638381697,67.29143722458146,67.32366180419922,1204600,0.0,0.0,0.0,-0.00011988254230310691,-0.00011988972878944335,0.006718576308649377,0.012316833002392547
2010-03-04 00:00:00-05:00,67.29141894426712,67.33170119439882,67.2672520526715,67.29947662353516,820800,0.0,0.0,0.0,-0.00035923745108223937,-0.000359301992312917,0.004247193196046797,0.012071278727305278
2010-03-05 00:00:00-05:00,67.23501483201359,67.25113018751766,67.18668105791599,67.24307250976562,1145300,0.0,0.0,0.0,-0.0008381062765918657,-0.0008384576840155278,0.005204879807880479,0.011407825040596752
2010-03-08 00:00:00-05:00,67.21894177632412,67.22699331219937,67.20282641215243,67.21088409423828,943100,0.0,0.0,0.0,-0.00047868745918278055,-0.0004788020666001183,0.005204357355948633,0.009875853720401253
2010-03-09 00:00:00-05:00,67.25117240138955,67.26728162079816,67.22699935295992,67.25922393798828,641400,0.0,0.0,0.0,0.0007192264229438639,0.000718967903568684,0.009257787609649942,0.010032579792769242
2010-03-10 00:00:00-05:00,67.21890562271682,67.2591817190624,67.21890562271682,67.24307250976562,1220100,0.0,0.0,0.0,-0.0002401369994626812,-0.00024016583696866384,0.009218955135507882,0.009474386629078745
2010-03-11 00:00:00-05:00,67.17865346699978,67.2108780462328,67.16254425048828,67.16254425048828,1763300,0.0,0.0,0.0,-0.0011975695974577594,-0.0011982872569501468,0.011535594298882184,0.00966363836666587
2010-03-12 00:00:00-05:00,67.15446879068294,67.19475104061243,67.13835343222777,67.17057800292969,1100500,0.0,0.0,0.0,0.0001196165590666709,0.00011960940557651432,0.011281940001938067,0.009577961531801757
2010-03-15 00:00:00-04:00,67.17862493953203,67.19474029541016,67.16251572986131,67.19474029541016,423400,0.0,0.0,0.0,0.0003597154170598138,0.0003596507349801412,0.011614972609389594,0.009144534956643791
2010-03-16 00:00:00-04:00,67.20282641215243,67.2511663584569,67.16255029414441,67.21088409423828,773100,0.0,0.0,0.0,0.0002402539061412412,0.0002402250497933408,0.010008888190331596,0.009184342496958665
2010-03-17 00:00:00-04:00,67.2269287109375,67.23498638528037,67.20276183411356,67.2269287109375,961200,0.0,0.0,0.0,0.00023872051253959192,0.00023869202333192034,0.010291335494121905,0.008735545974391204
2010-03-18 00:00:00-04:00,67.21087343918447,67.21087343918447,67.16253964675303,67.18670654296875,605400,0.0,0.0,0.0,-0.0005983044107473745,-0.0005984834662546963,0.006099099790485418,0.008735552636707642
2010-03-19 00:00:00-04:00,67.13834381103516,67.18668373326493,67.13029227916981,67.13834381103516,597100,0.0,0.0,0.0,-0.0007198259063742052,-0.0007200851054348789,0.00822664674981918,0.009026049762732557
2010-03-22 00:00:00-04:00,67.16254425048828,67.18671114836054,67.14642888776675,67.16254425048828,461900,0.0,0.0,0.0,0.0003604563067751698,0.000360391358007616,0.008229233011549568,0.009026578279481579
2010-03-23 00:00:00-04:00,67.17056837711915,67.18668373326493,67.13029227916981,67.13834381103516,465300,0.0,0.0,0.0,-0.0003603264248428495,-0.00036039135800762805,0.007776483124071721,0.008521813301847569
2010-03-24 00:00:00-04:00,67.08999129185648,67.1222158489378,67.02554217769384,67.03359985351562,651700,0.0,0.0,0.0,-0.0015601212596834113,-0.0015613395161059034,0.010978524418188293,0.009766499455547284
2010-03-25 00:00:00-04:00,67.05778503417969,67.06584271220034,66.993342048637,67.05778503417969,759700,0.0,0.0,0.0,0.0003607919120696135,0.00036072684231832887,0.012812042517574172,0.009245728771343602
2010-03-26 00:00:00-04:00,67.05780886727578,67.10614880637272,67.04169965171658,67.09809112548828,595000,0.0,0.0,0.0,0.0006010650558776476,0.0006008844886284351,0.01400568721859477,0.009475319502575347
2010-03-29 00:00:00-04:00,67.10615079082999,67.13031768798828,67.08197774746185,67.13031768798828,1219600,0.0,0.0,0.0,0.00048029030274099327,0.0004801750002711679,0.01428747157543573,0.009763241475580966
2010-03-30 00:00:00-04:00,67.12230023966339,67.13035792561585,67.09813332801957,67.11424255371094,703300,0.0,0.0,0.0,-0.00023946161482590878,-0.000239490290336277,0.014171715059003,0.009751569493724238
2010-03-31 00:00:00-04:00,67.13837120640598,67.20282036487204,67.12226198989448,67.16254425048828,2179100,0.0,0.0,0.0,0.0007196936885442984,0.0007194348332318771,0.0059307870004624095,0.010242228897751466
2010-04-01 00:00:00-04:00,67.17055353934524,67.1786128014332,67.13023262047155,67.13829803466797,609000,0.08,0.0,0.0,-0.0003610080006779537,-0.00036107317975348093,0.007974106095079092,0.01024278025084146
2010-04-05 00:00:00-04:00,67.02541151161257,67.04153618901981,66.94476966824975,66.95283508300781,3762900,0.0,0.0,0.0,-0.0027624017451914895,-0.002766224217985632,0.021926875485355792,0.013720154477348964
2010-04-06 00:00:00-04:00,67.00125885009766,67.00932427010208,66.96900947430572,67.00125885009766,1014200,0.0,0.0,0.0,0.000723251928462787,0.0007229905078278325,0.02262098074782221,0.014073624117817828
2010-04-07 00:00:00-04:00,67.04158330117099,67.10609436035156,67.04158330117099,67.10609436035156,1811100,0.0,0.0,0.0,0.001564679709801453,0.001563456873902485,0.02661973679793387,0.015056472261221483
2010-04-08 00:00:00-04:00,67.1464267326299,67.15449215516676,67.08998107910156,67.08998107910156,709900,0.0,0.0,0.0,-0.00024011651107980203,-0.00024014534366479412,0.025791533927433052,0.015056469976400314
2010-04-09 00:00:00-04:00,67.07383883076128,67.11415978077744,67.05771414202273,67.10609436035156,481800,0.0,0.0,0.0,0.0002401741808661928,0.00024014534366482382,0.025930056806735113,0.01453959034387163
2010-04-12 00:00:00-04:00,67.11410794418714,67.15442271095237,67.1060425299907,67.13829803466797,1050800,0.0,0.0,0.0,0.0004798919475699215,0.00047977683625510657,0.010603643897364387,0.01464842199173311
2010-04-13 00:00:00-04:00,67.17058636892597,67.17058636892597,67.1060753280417,67.12220001220703,736700,0.0,0.0,0.0,-0.00023977406237829513,-0.00023980281277461454,0.011772447556853674,0.014594811151987276
2010-04-14 00:00:00-04:00,67.13833084848383,67.16252095078757,67.12220001220703,67.12220001220703,970900,0.0,0.0,0.0,0.0,0.0,0.0049669112870162424,0.014555515814051543
2010-04-15 00:00:00-04:00,67.13024944455628,67.1866950538607,67.12218402833851,67.17057037353516,1206300,0.0,0.0,0.0,0.0007206313458041347,0.000720371815712052,0.006025717535037424,0.014787821799416855
2010-04-16 00:00:00-04:00,67.21095582558696,67.29159161622667,67.19483112830561,67.27546691894531,801800,0.0,0.0,0.0,0.0015616444050843281,0.0015604263064534067,0.011149897504117046,0.015670426091157638
2010-04-19 00:00:00-04:00,67.2754485757689,67.2754485757689,67.2109375,67.2109375,661300,0.0,0.0,0.0,-0.0009591820302496945,-0.0009596423397038491,0.015269362794262945,0.015851704837487324
2010-04-20 00:00:00-04:00,67.2109134622207,67.21897888183594,67.17865793587234,67.21897888183594,895200,0.0,0.0,0.0,0.00011964394687891122,0.00011963679011273565,0.014798433075946263,0.01581306034402477
2010-04-21 00:00:00-04:00,67.20285452007208,67.22705078125,67.1706051427279,67.22705078125,648500,0.0,0.0,0.0,0.00012008363632309837,0.0001200764268603953,0.014674962148138694,0.01574254937966293
2010-04-22 00:00:00-04:00,67.24322967781468,67.27548523327475,67.17871856689453,67.17871856689453,169300,0.0,0.0,0.0,-0.0007189399771936333,-0.000719198538473158,0.01567750264323584,0.014847497314117797
2010-04-23 00:00:00-04:00,67.15445709228516,67.1705879289366,67.12220157109391,67.15445709228516,658300,0.0,0.0,0.0,-0.0003611482196584914,-0.0003612134493823112,0.007729748047481515,0.014905860895959735
2010-04-26 00:00:00-04:00,67.16252251061087,67.18671261347642,67.13833240774534,67.15445709228516,545600,0.0,0.0,0.0,0.0,0.0,0.005804495344253874,0.01477526855753546
2010-04-27 00:00:00-04:00,67.21898198631605,67.31574856983025,67.19479187846571,67.28349304199219,1530800,0.0,0.0,0.0,0.0019214800520195308,0.0019196363705780031,0.016206234803752623,0.01616228664940661
2010-04-28 00:00:00-04:00,67.24315913997388,67.27541466159802,67.21090361834975,67.26734924316406,1269900,0.0,0.0,0.0,-0.00023993699045987693,-0.00023996577994477274,0.016506069630031626,0.016162424802229014
2010-04-29 00:00:00-04:00,67.27542762200444,67.28349304199219,67.24317209416638,67.28349304199219,421600,0.0,0.0,0.0,0.00023999457403567348,0.00023996577994474846,0.014744328354495939,0.01601317117956657
2010-04-30 00:00:00-04:00,67.2996323019376,67.36414337158203,67.2915668802035,67.36414337158203,517300,0.0,0.0,0.0,0.0011986644263475288,0.0011979466017073453,0.014412000872869243,0.016382744470969317
2010-05-03 00:00:00-04:00,67.28986868686631,67.3221543563459,67.2737227731956,67.29793548583984,494900,0.078,0.0,0.0,-0.0009828357109357144,-0.0009833190106484874,0.01826663452324115,0.013036322928485578
2010-05-04 00:00:00-04:00,67.35448815748985,67.37870704751698,67.3302754253295,67.33834838867188,1219600,0.0,0.0,0.0,0.0006005073192851818,0.0006003270869152195,0.013151047583263418,0.012985329701270816
2010-05-05 00:00:00-04:00,67.4431951092369,67.54812503902212,67.4109094506768,67.42705535888672,1777200,0.0,0.0,0.0,0.0013173321344746025,0.0013164652137631632,0.014698881100098303,0.01267959448321937
2010-05-06 00:00:00-04:00,67.47548493728,67.66112594600682,67.4351324799812,67.57234191894531,1864500,0.0,0.0,0.0,0.0021547220071422846,0.002152403922965684,0.018552648625488735,0.01423396651487175
2010-05-07 00:00:00-04:00,67.57235418984042,67.64499232088515,67.47549719058624,67.54814147949219,3637100,0.0,0.0,0.0,-0.00035814119750587903,-0.00035820534538100955,0.0199866299085298,0.014456717179422564
2010-05-10 00:00:00-04:00,67.3947716375667,67.50776836684521,67.3866986832297,67.45934295654297,1349100,0.0,0.0,0.0,-0.0013145960940491586,-0.0013154609335205545,0.021654883822626234,0.015568417966183275
2010-05-11 00:00:00-04:00,67.50780593002042,67.52395184767848,67.45938049277296,67.4997329711914,709400,0.0,0.0,0.0,0.000598731219105586,0.0005985520510813128,0.02165426462207999,0.015510812635760582
2010-05-12 00:00:00-04:00,67.49160108825133,67.49966788143823,67.45124249088724,67.48352813720703,734200,0.0,0.0,0.0,-0.00024007256430613744,-0.00024010138633721528,0.02065826839646923,0.015591682233402685
2010-05-13 00:00:00-04:00,67.47553232444707,67.52396392822266,67.45939256176484,67.52396392822266,992800,0.0,0.0,0.0,0.0005991949758969994,0.0005990155302657983,0.012623390304760597,0.01555092647858527
2010-05-14 00:00:00-04:00,67.55618017456884,67.63689738596653,67.548113379716,67.61267852783203,1110500,0.0,0.0,0.0,0.0013138239292893594,0.0013129616178317565,0.015966006269517927,0.015299255635169302
2010-05-17 00:00:00-04:00,67.60465452159917,67.64500699497941,67.56429589035638,67.58850860595703,1433400,0.0,0.0,0.0,-0.0003574761775640978,-0.00035754008740414474,0.010929911875274336,0.014809517475767938
2010-05-18 00:00:00-04:00,67.57241735087844,67.66926828279955,67.55627142364693,67.66120147705078,764200,0.0,0.0,0.0,0.0010755211587454294,0.0010749432002312618,0.011995419988650483,0.01505836929935836
2010-05-19 00:00:00-04:00,67.63693343064651,67.68535885700479,67.62078751661912,67.62886047363281,3042700,0.0,0.0,0.0,-0.00047798446838009934,-0.0004780987393707289,0.012972061439181911,0.01531552483307761
2010-05-20 00:00:00-04:00,67.69343208214953,67.757997264929,67.66114641182881,67.7095718383789,4210900,0.0,0.0,0.0,0.00119344558197243,0.001192733991900279,0.014095913497719355,0.015133933649613896
2010-05-21 00:00:00-04:00,67.74998560322311,67.76612537258764,67.65312851343502,67.66120147705078,2753800,0.0,0.0,0.0,-0.0007143799615744184,-0.0007146352525295705,0.014515036500785151,0.015417014907867642
2010-05-24 00:00:00-04:00,67.67729651824754,67.69344243480815,67.63694404257184,67.65308380126953,1095600,0.0,0.0,0.0,-0.0001199753419099947,-0.00011998253952702472,0.014089985178156862,0.01546168191442923
2010-05-25 00:00:00-04:00,67.69340532014787,67.71761802385063,67.62076105118004,67.64497375488281,1777400,0.0,0.0,0.0,-0.00011987696540993742,-0.00011988415122763712,0.011720511760969604,0.014407606103410707
2010-05-26 00:00:00-04:00,67.61272132155769,67.61272132155769,67.50779750133398,67.58850860595703,1238600,0.0,0.0,0.0,-0.0008347279301250676,-0.0008350765094765128,0.01277197349759317,0.014834284035439984
2010-05-27 00:00:00-04:00,67.51586449601052,67.54815016658071,67.50779153890247,67.54007720947266,1114900,0.0,0.0,0.0,-0.0007165625856124791,-0.0007168194392905158,0.005577620052128801,0.015216749107334148
2010-05-28 00:00:00-04:00,67.60470051416465,67.67733871038355,67.5643418554652,67.66926574707031,751200,0.0,0.0,0.0,0.001912768580305091,0.0019109415678811826,0.01756039592590408,0.01603330694888214
2010-06-01 00:00:00-04:00,67.66192453534867,67.71847078592052,67.64576494199724,67.66999816894531,1439300,0.071,0.0,0.0,1.0823552862859742e-05,1.0823494288634108e-05,0.01751718009505743,0.015415336642522757
2010-06-02 00:00:00-04:00,67.6619748816052,67.67812832389708,67.61350222856223,67.62158203125,2091500,0.0,0.0,0.0,-0.0007154741983949053,-0.0007157302722092798,0.018371585326206506,0.015752168105836045
2010-06-03 00:00:00-04:00,67.58114397070739,67.64576385383639,67.57306417416164,67.60537719726562,1095300,0.0,0.0,0.0,-0.0002396399714056363,-0.00023966868965170205,0.017260381499220323,0.01526290490378307
2010-06-04 00:00:00-04:00,67.71850919389686,67.76697567528178,67.71042939263853,67.75889587402344,1429300,0.0,0.0,0.0,0.002270805712833557,0.0022682313300862655,0.02142484985392594,0.01547103781762415
2010-06-07 00:00:00-04:00,67.6943239845771,67.75894395124614,67.68624417758585,67.73471069335938,1553900,0.0,0.0,0.0,-0.0003569299698895634,-0.00035699368455283234,0.01889230896728111,0.015470522904724613
2010-06-08 00:00:00-04:00,67.71852700667318,67.75891369742313,67.70236739990585,67.72660064697266,1050800,0.0,0.0,0.0,-0.0001197325020465545,-0.00011973967055478566,0.01899448076105857,0.01453526122128016
2010-06-09 00:00:00-04:00,67.70239762848138,67.75087030734184,67.6943239845771,67.73471069335938,569400,0.0,0.0,0.0,0.00011974683963522637,0.00011973967055473583,0.01740673880997528,0.014459407649729814
2010-06-10 00:00:00-04:00,67.71848833346631,67.71848833346631,67.64578247070312,67.64578247070312,656900,0.0,0.0,0.0,-0.0013128899754046852,-0.001313752570526096,0.020946039616367634,0.01534159716100748
2010-06-11 00:00:00-04:00,67.70240727824552,67.7508799640149,67.67009420876187,67.71856689453125,705200,0.0,0.0,0.0,0.0010759639576887192,0.0010753855233487494,0.013671728380961765,0.015629536401895735
2010-06-14 00:00:00-04:00,67.67008456360338,67.74279050035061,67.67008456360338,67.73471069335938,694000,0.0,0.0,0.0,0.00023839545885939728,0.00023836704717738251,0.013671642053810542,0.015016440455574605
2010-06-15 00:00:00-04:00,67.74275491119543,67.75083471394188,67.68620861813768,67.70236206054688,1212700,0.0,0.0,0.0,-0.0004775783712865911,-0.00047769244815882856,0.014098923716220905,0.015069927552988329
2010-06-16 00:00:00-04:00,67.7508799640149,67.7508799640149,67.70240727824552,67.71856689453125,1467000,0.0,0.0,0.0,0.00023935404158992313,0.00023932540098138287,0.014226012216816047,0.014626447095772295
2010-06-17 00:00:00-04:00,67.74274243458933,67.8154421566667,67.74274243458933,67.75889587402344,1394200,0.0,0.0,0.0,0.0005955379941071648,0.0005953607317301142,0.00903477646522383,0.014615892050847125
2010-06-18 00:00:00-04:00,67.7669677734375,67.78312737406993,67.75081433588693,67.7669677734375,592000,0.0,0.0,0.0,0.00011912678490322293,0.00011911968987124888,0.006193410665287098,0.014032282789816344
2010-06-21 00:00:00-04:00,67.71850864945198,67.77505493164062,67.70234904706521,67.77505493164062,1900900,0.0,0.0,0.0,0.00011933776098937976,0.00011933064080524637,0.006135242211062879,0.013744781846565565
2010-06-22 00:00:00-04:00,67.75078102226229,67.80732727050781,67.74270122591898,67.80732727050781,2290200,0.0,0.0,0.0,0.00047616839115427467,0.0004760550589612856,0.0034316059935075322,0.013790019793232673
2010-06-23 00:00:00-04:00,67.8154039934868,67.86387661067627,67.8154039934868,67.85579681396484,2075700,0.0,0.0,0.0,0.0007148127703613394,0.0007145574133940384,0.00435233751755219,0.013919759905162754
2010-06-24 00:00:00-04:00,67.87203979492188,67.89627921703776,67.83973289160852,67.87203979492188,819200,0.0,0.0,0.0,0.00023937499402681972,0.0002393463484042097,0.004096993411297936,0.013418996749216002
2010-06-25 00:00:00-04:00,67.8639424380541,67.91240893917652,67.83970918749289,67.89625549316406,959000,0.0,0.0,0.0,0.00035678459517884953,0.00035672096269011565,0.003633829731291274,0.012969732098365393
2010-06-28 00:00:00-04:00,67.92043866794779,67.93659210205078,67.89620543525305,67.93659210205078,662000,0.0,0.0,0.0,0.0005940918036455578,0.0005939154009727753,0.002982344812021435,0.011507723864815413
2010-06-29 00:00:00-04:00,67.92847163522255,67.96886444091797,67.92847163522255,67.96886444091797,1043400,0.0,0.0,0.0,0.0004750361751839627,0.0004749233812194913,0.0029823575122215193,0.011525857942856307
2010-06-30 00:00:00-04:00,67.9366220729336,67.96085531631908,67.88815558616267,67.9527816772461,1304200,0.0,0.0,0.0,-0.0002366195728612519,-0.00023664757168918334,0.005088333542122376,0.011128529561322351
2010-07-01 00:00:00-04:00,67.93095397949219,67.97946873581954,67.91478650634102,67.93095397949219,1760800,0.073,0.0,0.0,-0.0003212186052600208,-0.0003212702070067933,0.006708549320049528,0.01117925837102275
2010-07-02 00:00:00-04:00,67.91478650634102,67.93904080028624,67.88244539160176,67.93095397949219,565500,0.0,0.0,0.0,0.0,0.0,0.006571601455640746,0.008224927875131955
2010-07-06 00:00:00-04:00,67.91478650634102,67.95521444187432,67.88244539160176,67.93095397949219,1365300,0.0,0.0,0.0,0.0,0.0,0.004915066217799927,0.008041976429250832
2010-07-07 00:00:00-04:00,67.94707532019785,67.96324278090445,67.8985667696459,67.92282104492188,1024600,0.0,0.0,0.0,-0.00011972354418532394,-0.00011973071162091966,0.0022685272186035933,0.008041972521423246
2010-07-08 00:00:00-04:00,67.91478650634102,67.94712762108028,67.8905322123958,67.93095397949219,1074300,0.0,0.0,0.0,0.00011973787962871185,0.00011973071162098518,0.002647021738751725,0.008041972891481591
2010-07-09 00:00:00-04:00,67.91477932482174,67.93094679626331,67.89052503344124,67.90669250488281,614300,0.0,0.0,0.0,-0.00035714903424877154,-0.0003572128271546059,0.0028697018480161687,0.006263169960591249
2010-07-12 00:00:00-04:00,67.9228283315502,67.9309089785543,67.89857405367228,67.91474151611328,1013900,0.0,0.0,0.0,0.00011853045603560375,0.00011852343185614706,0.003163863408894675,0.005323699500146835
2010-07-13 00:00:00-04:00,67.88241655075484,67.89859018547132,67.85007544975618,67.86624908447266,1374000,0.0,0.0,0.0,-0.0007140192329101458,-0.0007142742660488988,0.005604628465914634,0.00611588346039931
2010-07-14 00:00:00-04:00,67.90663139093112,67.96322674269689,67.89855074670082,67.93897247314453,1081800,0.0,0.0,0.0,0.0010715692947955713,0.0010709955742364422,0.010656731254075597,0.006635340060780843
2010-07-15 00:00:00-04:00,67.94715914713353,68.0037545820771,67.94715914713353,67.95524597167969,540700,0.0,0.0,0.0,0.00023953112540220367,0.0002395024424024082,0.0107413224085104,0.0066353630337251
2010-07-16 00:00:00-04:00,67.97135837227052,68.02795376135245,67.95519090471915,68.01986694335938,812400,0.0,0.0,0.0,0.0009509342620379613,0.0009504824104839967,0.01144261837791045,0.007041899579151747
2010-07-19 00:00:00-04:00,68.00368465558616,68.0198521196141,67.98751102312478,67.99559783935547,529600,0.0,0.0,0.0,-0.00035679434692392764,-0.0003568580131712145,0.012457281757074593,0.007305219032242839
2010-07-20 00:00:00-04:00,68.02795376135245,68.02795376135245,67.99561265781495,68.01986694335938,1246900,0.0,0.0,0.0,0.00035692169456691403,0.0003568580131712849,0.009191915029928907,0.007332632089177189
2010-07-21 00:00:00-04:00,68.01174044456414,68.06833579549306,68.00365363202269,68.05216217041016,676700,0.0,0.0,0.0,0.0004747910941618194,0.00047467841653441695,0.0074756644144769,0.007331896849795426
2010-07-22 00:00:00-04:00,68.03601802869159,68.04410484400427,68.0036769358736,68.0279312133789,591800,0.0,0.0,0.0,-0.0003560644696427584,-0.0003561278756475597,0.00898800837335313,0.007281713886814038
2010-07-23 00:00:00-04:00,68.02793893584479,68.0602800323341,67.99559783935547,67.99559783935547,1075600,0.0,0.0,0.0,-0.0004752955653174462,-0.0004754085540581014,0.007132052389498379,0.0075712903767947495
2010-07-26 00:00:00-04:00,67.99554484973594,67.99554484973594,67.95512313695042,67.9712905883789,2052000,0.0,0.0,0.0,-0.000357482715778068,-0.0003575466279562279,0.007133789903292988,0.007662759182034366
2010-07-27 00:00:00-04:00,67.95521444187432,67.95521444187432,67.91478650634102,67.93095397949219,1320300,0.0,0.0,0.0,-0.000593435971828038,-0.0005936121246480952,0.006717044955437937,0.007714633028518806
2010-07-28 00:00:00-04:00,67.97943037532752,68.02793893584479,67.9470892788382,67.99559783935547,1274700,0.0,0.0,0.0,0.0009516112475440597,0.0009511587526042632,0.010040579798195833,0.008272464429732921
2010-07-29 00:00:00-04:00,68.03599471375787,68.0602489829516,68.01174044456414,68.05216217041016,2207900,0.0,0.0,0.0,0.000831882251970617,0.0008315364297056919,0.011979544549290575,0.008692035539482924
2010-07-30 00:00:00-04:00,68.10877270721878,68.10877270721878,68.06835097236014,68.08451843261719,1064400,0.0,0.0,0.0,0.00047546266239129054,0.0004753496658353032,0.011116192932665598,0.008672549500486196
2010-08-02 00:00:00-04:00,68.07730133985868,68.09348863248755,68.06112022087305,68.0692138671875,1174200,0.071,0.0,0.0,-0.00022478774590783956,-0.0002248130144599729,0.010682053477066362,0.008747793009147256
2010-08-03 00:00:00-04:00,68.11768341064453,68.14195814744,68.10958977383405,68.11768341064453,1444300,0.0,0.0,0.0,0.0007120626301282407,0.0007118092338158561,0.0074155470940746905,0.008999414126972968
2010-08-04 00:00:00-04:00,68.10962280035535,68.10962280035535,68.06107330322266,68.06107330322266,1962200,0.0,0.0,0.0,-0.0008310633096637599,-0.0008314088342245483,0.011170492983722063,0.009602973285272348
2010-08-05 00:00:00-04:00,68.09340304507073,68.14195251464844,68.08530940892928,68.14195251464844,1559300,0.0,0.0,0.0,0.001188332882519294,0.0011876273738635652,0.012644782837866667,0.010349497871883068
2010-08-06 00:00:00-04:00,68.158203125,68.1824778823469,68.14201583767456,68.158203125,941200,0.0,0.0,0.0,0.00023848172457441308,0.00023845329232822599,0.012506272331841642,0.01017280744165307
2010-08-09 00:00:00-04:00,68.1500517842505,68.15814542106098,68.11768341064453,68.11768341064453,1120200,0.0,0.0,0.0,-0.0005944950497177581,-0.0005946718319674146,0.013559393715843727,0.010542780677924381
2010-08-10 00:00:00-04:00,68.09345755694326,68.15819435062859,68.08536391432249,68.15010070800781,1465900,0.0,0.0,0.0,0.00047590134808106477,0.0004757881429494046,0.013027849360466096,0.01008649259378687
2010-08-11 00:00:00-04:00,68.18247757045451,68.19865868406468,68.15820281321865,68.16629028320312,748700,0.0,0.0,0.0,0.00023755761219890204,0.00023752939985729443,0.01012571634222773,0.009561202799344979
2010-08-12 00:00:00-04:00,68.17437546222969,68.17437546222969,68.12582595378592,68.15010070800781,1556800,0.0,0.0,0.0,-0.00023750119198284736,-0.00023752939985730162,0.006858922274815899,0.009662743596087094
2010-08-13 00:00:00-04:00,68.14195251464844,68.15813978693134,68.13385887850698,68.14195251464844,427900,0.0,0.0,0.0,-0.00011956245515010178,-0.00011956960331021593,0.0066203729432916655,0.009212781611314176
2010-08-16 00:00:00-04:00,68.18242081960955,68.20669555664062,68.1743271827205,68.20669555664062,652100,0.0,0.0,0.0,0.0009501201477646326,0.0009496690693135773,0.007592220813753857,0.00953484110109886
2010-08-17 00:00:00-04:00,68.18247954638271,68.19056701660156,68.15011114458312,68.19056701660156,794000,0.0,0.0,0.0,-0.0002364656417883637,-0.00023649360419642296,0.00799726066081811,0.00960073658528687
2010-08-18 00:00:00-04:00,68.21478919352967,68.21478919352967,68.1743271827205,68.20669555664062,838100,0.0,0.0,0.0,0.00023652157101339277,0.00023649360419636555,0.007996294972789707,0.009522700593215515
2010-08-19 00:00:00-04:00,68.19053963121912,68.23100166062936,68.1824521642482,68.22290802001953,756200,0.0,0.0,0.0,0.00023769606849577407,0.00023766782326105042,0.007348389386059177,0.00936625875423878
2010-08-20 00:00:00-04:00,68.22289076988476,68.22289076988476,68.18243492434267,68.19861602783203,703700,0.0,0.0,0.0,-0.00035606796738085755,-0.00035613137463152885,0.008169940545031939,0.009270899337310987
2010-08-23 00:00:00-04:00,68.18242081960955,68.21478919352967,68.18242081960955,68.20669555664062,527800,0.0,0.0,0.0,0.00011847056845404325,0.00011846355137045478,0.004413409699594843,0.009077795555518395
2010-08-24 00:00:00-04:00,68.23913657062158,68.27150497899763,68.21486180775021,68.25531768798828,1533700,0.0,0.0,0.0,0.0007128644915406213,0.0007126105243379381,0.006050734171085004,0.008794770791363244
2010-08-25 00:00:00-04:00,68.23912270612163,68.26339746406099,68.17438590252246,68.19056701660156,1168600,0.0,0.0,0.0,-0.0009486538716692028,-0.0009491041285344544,0.010022111976377583,0.009321660803770183
2010-08-26 00:00:00-04:00,68.19056701660156,68.2148479481823,68.18247954638271,68.19056701660156,724400,0.0,0.0,0.0,0.0,0.0,0.009734454212127496,0.00896766200309165
2010-08-27 00:00:00-04:00,68.16622724943728,68.20668925650904,68.11767777985958,68.14195251464844,904100,0.0,0.0,0.0,-0.0007129212159401321,-0.0007131754651171377,0.01062688984387497,0.009296907101712503
2010-08-30 00:00:00-04:00,68.20672691243878,68.23100166062936,68.1824521642482,68.22290802001953,726800,0.0,0.0,0.0,0.0011880420560841376,0.0011873368925746364,0.014454444701754256,0.010078322234033094
2010-08-31 00:00:00-04:00,68.23098839019526,68.25526313366458,68.21480728576162,68.2471694946289,938600,0.0,0.0,0.0,0.00035562064581373676,0.000355557427779187,0.013617261045377207,0.009874659806592807
2010-09-01 00:00:00-04:00,68.21477302967727,68.23906793457277,68.1742774023413,68.20667266845703,2009100,0.07,0.0,0.0,-0.0005933846996403203,-0.0005935608220168658,0.012263004370175402,0.009611513961504491
2010-09-02 00:00:00-04:00,68.19862160731029,68.22291652976833,68.18242705192816,68.19052124023438,1251400,0.0,0.0,0.0,-0.00023680129217218404,-0.00023682933402515663,0.012434783867998582,0.008780359636659688
2010-09-03 00:00:00-04:00,68.14192609816226,68.1824217516241,68.14192609816226,68.15812683105469,892600,0.0,0.0,0.0,-0.0004750573626730592,-0.0004751702381716141,0.011666415936897889,0.008925975418340518
2010-09-07 00:00:00-04:00,68.18242059669592,68.23101043701172,68.18242059669592,68.23101043701172,1104000,0.0,0.0,0.0,0.0010693311178824327,0.001068759790618338,0.010943423381304341,0.009397421764575796
2010-09-08 00:00:00-04:00,68.19861337666985,68.19861337666985,68.1581239037162,68.18241882324219,1677100,0.0,0.0,0.0,-0.0007121631858931776,-0.0007124168945566464,0.01151513590774748,0.009681070370299874
2010-09-09 00:00:00-04:00,68.17428761224711,68.17428761224711,68.09330252421192,68.1094970703125,1291500,0.0,0.0,0.0,-0.001069509621222653,-0.0010700819547514648,0.01297099155105373,0.010384642155006223
2010-09-10 00:00:00-04:00,68.093338612336,68.11763353374577,68.0852382456096,68.10143280029297,1096200,0.0,0.0,0.0,-0.00011840154995135244,-0.00011840855996820457,0.013025736612190482,0.01036340712703453
2010-09-13 00:00:00-04:00,68.12573154403906,68.17432138517789,68.10953081114663,68.15812683105469,522000,0.0,0.0,0.0,0.0008324939495469863,0.0008321476186578879,0.014852552914126077,0.010802705140799139
2010-09-14 00:00:00-04:00,68.18237776356155,68.21477302967727,68.16617704112106,68.20667266845703,968100,0.0,0.0,0.0,0.0007122531040602009,0.000711999572196841,0.013376440307017597,0.010559006199292106
2010-09-15 00:00:00-04:00,68.23099312548426,68.24718767522427,68.20669821149045,68.22289276123047,664400,0.0,0.0,0.0,0.0002378080052707343,0.00023777973342914026,0.012152173715739052,0.010552225146336884
2010-09-16 00:00:00-04:00,68.23909759521484,68.24719178118805,68.20670231501826,68.23909759521484,730900,0.0,0.0,0.0,0.000237527805235338,0.00023749959997247576,0.006168953696947677,0.01055249464994022
2010-09-17 00:00:00-04:00,68.23913838638242,68.25533294677734,68.23103801679916,68.25533294677734,548800,0.0,0.0,0.0,0.00023791861461597286,0.0002378903164707305,0.004697177401632981,0.010552554464722934
2010-09-20 00:00:00-04:00,68.23100193436693,68.26339721679688,68.22290156906736,68.26339721679688,1132900,0.0,0.0,0.0,0.00011814857054193162,0.000118141591549271,0.003674066546590178,0.010459892410879738
2010-09-21 00:00:00-04:00,68.26336087520093,68.32815140556806,68.2228652490302,68.31195068359375,1430900,0.0,0.0,0.0,0.0007112664879931341,0.0007110136578639584,0.003667240213122305,0.010721485356461941
2010-09-22 00:00:00-04:00,68.32006425049646,68.33625879683603,68.29576934160396,68.30386352539062,1158200,0.0,0.0,0.0,-0.00011838570150901617,-0.00011839270964929159,0.004797635354937509,0.010471044737593868
2010-09-23 00:00:00-04:00,68.33624558779016,68.34434594877732,68.30385032260659,68.31195068359375,779000,0.0,0.0,0.0,0.0001183997183427099,0.00011839270964927085,0.0048712487666914515,0.00980435829618452
2010-09-24 00:00:00-04:00,68.29576934160396,68.31196388794355,68.28766897905105,68.30386352539062,1214500,0.0,0.0,0.0,-0.00011838570150901617,-0.00011839270964929159,0.0053879364032651846,0.009827607333275649
2010-09-27 00:00:00-04:00,68.32009887695312,68.32819924361152,68.29580395574732,68.32009887695312,2443500,0.0,0.0,0.0,0.00023769301946541255,0.00023766477495525454,0.00542104335525966,0.009375132093260394
2010-09-28 00:00:00-04:00,68.32007864360806,68.35247392187824,68.31197827934864,68.33627319335938,764700,0.0,0.0,0.0,0.0002367431644878515,0.00023671514524704088,0.0028534152331363277,0.00852143124629812
2010-09-29 00:00:00-04:00,68.33629343150054,68.34439379815893,68.32009887695312,68.32009887695312,798400,0.0,0.0,0.0,-0.00023668713042757084,-0.0002367151452470112,0.0034166490830048846,0.008529614951814748
2010-09-30 00:00:00-04:00,68.33627259118228,68.34437295537033,68.28768276358896,68.32817840576172,1451800,0.0,0.0,0.0,0.00011825991093994404,0.00011825291878793169,0.003416466583748071,0.008180662924737106
2010-10-01 00:00:00-04:00,68.32416313369673,68.35657722274858,68.32416313369673,68.34037017822266,2388000,0.065,0.0,0.0,0.00017842964272429818,0.00017841372604890648,0.0031476362542435833,0.008093564895768129
2010-10-04 00:00:00-04:00,68.36464148272735,68.3808547007434,68.34843444824219,68.34843444824219,1035100,0.0,0.0,0.0,0.0001180015560129366,0.0001179945943769764,0.0029422705106243187,0.0077932884564275665
2010-10-05 00:00:00-04:00,68.37278327939808,68.38088989257812,68.35657005303798,68.38088989257812,945100,0.0,0.0,0.0,0.00047485278335845926,0.00047474007645357445,0.004016034674513418,0.0071081658628834405
2010-10-06 00:00:00-04:00,68.41329688560194,68.42139731367594,68.38897705078125,68.38897705078125,1772600,0.0,0.0,0.0,0.00011826634920697465,0.00011825935629364274,0.0024603273560131708,0.006411587879893898
2010-10-07 00:00:00-04:00,68.42949456165789,68.4457015991211,68.42138795116027,68.4457015991211,1430200,0.0,0.0,0.0,0.0008294399300303734,0.0008290961348234563,0.004907115007878318,0.005004762192648772
2010-10-08 00:00:00-04:00,68.46191482011633,68.47812185757952,68.4457015991211,68.4457015991211,1604700,0.0,0.0,0.0,0.0,0.0,0.005422379950809355,0.004907025607353246
2010-10-11 00:00:00-04:00,68.46189536551822,68.4862090065699,68.42136850807854,68.45378875732422,1051900,0.0,0.0,0.0,0.00011815436198592266,0.00011814738230907527,0.005422042530628832,0.004417308086128395
2010-10-12 00:00:00-04:00,68.46998421947121,68.46998421947121,68.40514373779297,68.40514373779297,950600,0.0,0.0,0.0,-0.0007106256704607627,-0.0007108782845656565,0.00867911931859036,0.005129350776091032
2010-10-13 00:00:00-04:00,68.43759031646742,68.43759031646742,68.38895684472807,68.41327667236328,645700,0.0,0.0,0.0,0.0001188936112974659,0.00011888654401222672,0.008679335456095113,0.005118274901675167
2010-10-14 00:00:00-04:00,68.42141059141021,68.42141059141021,68.38088989257812,68.38088989257812,1130100,0.0,0.0,0.0,-0.00047339904416887624,-0.0004735111328729057,0.00603355907660585,0.005542056270991453
2010-10-15 00:00:00-04:00,68.43756397863208,68.44566440119537,68.39703713170103,68.40514373779297,883700,0.0,0.0,0.0,0.0003546874755935292,0.00035462458886050934,0.007156012338166382,0.005594770881618591
2010-10-18 00:00:00-04:00,68.4213638305664,68.44567746995594,68.4213638305664,68.4213638305664,765500,0.0,0.0,0.0,0.0002371180277846996,0.00023708991974834298,0.007447715860025577,0.005613065057461642
2010-10-19 00:00:00-04:00,68.42947511627253,68.46189536551822,68.42947511627253,68.45378875732422,740900,0.0,0.0,0.0,0.00047390062025232105,0.00047378836481726326,0.005852566487384857,0.005335359745387391
2010-10-20 00:00:00-04:00,68.46186065673828,68.47806768137934,68.43754702801311,68.46186065673828,1247500,0.0,0.0,0.0,0.0001179174967609331,0.00011791054503939296,0.005852815895769646,0.0052704006349078205
2010-10-21 00:00:00-04:00,68.46189461259829,68.47810164527776,68.44568139638862,68.47000122070312,1035700,0.0,0.0,0.0,0.0001189065544926482,0.00011889948566864499,0.0024507522586444935,0.00527040453460995
2010-10-22 00:00:00-04:00,68.46189536551822,68.4700019737122,68.45378875732422,68.45378875732422,522000,0.0,0.0,0.0,-0.0002367819934258053,-0.0002368100307079137,0.0040766458571553504,0.005356180779286551
2010-10-25 00:00:00-04:00,68.46189461259829,68.49431486148742,68.46189461259829,68.47000122070312,1594800,0.0,0.0,0.0,0.00023683807241670074,0.00023681003070790318,0.004076235720465443,0.005355910640425393
2010-10-26 00:00:00-04:00,68.4213507664482,68.42945737254014,68.39703713170103,68.40514373779297,1325400,0.0,0.0,0.0,-0.0009472394005236584,-0.0009476883152734917,0.007681284262473561,0.006508220611855821
2010-10-27 00:00:00-04:00,68.4052153797739,68.41332199435605,68.37279510498047,68.37279510498047,751900,0.0,0.0,0.0,-0.0004728976659489348,-0.00047300951731438787,0.00756574971774791,0.006697692088769181
2010-10-28 00:00:00-04:00,68.43754702801311,68.46186065673828,68.4213338198449,68.46186065673828,782300,0.0,0.0,0.0,0.0013026460541953888,0.0013017983469192998,0.013579853342529412,0.008064462802207684
2010-10-29 00:00:00-04:00,68.47004135534517,68.49435501038124,68.4538281296319,68.47814178466797,875500,0.0,0.0,0.0,0.00023781310898507435,0.00023778483593005169,0.013528108297448984,0.008075079897200948
2010-11-01 00:00:00-04:00,68.49192066284182,68.50814056396484,68.48380761806033,68.50814056396484,709700,0.067,0.0,0.0,0.0004380781737800543,0.00043798224555190255,0.013756630015494927,0.008163553963462043
2010-11-02 00:00:00-04:00,68.483787340168,68.50000723648836,68.46756744384766,68.46756744384766,610100,0.0,0.0,0.0,-0.0005922379411145151,-0.0005924133832763857,0.012175012101908703,0.008417647084241276
2010-11-03 00:00:00-04:00,68.4919204711914,68.50002732751025,68.40269554416454,68.4919204711914,643400,0.0,0.0,0.0,0.0003556870537824164,0.00035562381213801386,0.010695313473321378,0.008480100460579329
2010-11-04 00:00:00-04:00,68.50814056396484,68.52436665352782,68.50814056396484,68.50814056396484,874600,0.0,0.0,0.0,0.00023681760800187135,0.00023678957113846942,0.006594951860961433,0.008030118332128897
2010-11-05 00:00:00-04:00,68.48383913305847,68.50005904164559,68.44328007892645,68.4513931274414,1782600,0.0,0.0,0.0,-0.0008283312910887242,-0.0008286745470187978,0.009327435092941837,0.008610024585365906
2010-11-08 00:00:00-05:00,68.4351103594696,68.44321721209542,68.40266438365501,68.41888427734375,1086100,0.0,0.0,0.0,-0.00047491875055238886,-0.00047503156018055434,0.00834533114866197,0.00876203106522795
2010-11-09 00:00:00-05:00,68.43507891077041,68.43507891077041,68.32962799072266,68.32962799072266,1709900,0.0,0.0,0.0,-0.0013045563014340011,-0.0013054079757911534,0.01117957462411565,0.009592401066270989
2010-11-10 00:00:00-05:00,68.33779327210327,68.3702392578125,68.27290130068482,68.3702392578125,1019100,0.0,0.0,0.0,0.0005943434536970216,0.0005941669015781457,0.012274753984401534,0.00985171164830861
2010-11-11 00:00:00-05:00,68.35401975914172,68.36213280346077,68.24046189243349,68.26480102539062,553500,0.0,0.0,0.0,-0.0015421656201067835,-0.0015433559814870415,0.01332080223473867,0.011134764501729056
2010-11-12 00:00:00-05:00,68.30535387010666,68.33779985894324,68.26480102539062,68.26480102539062,1465400,0.0,0.0,0.0,0.0,0.0,0.014134784910769001,0.011019706187381679
2010-11-15 00:00:00-05:00,68.2242431640625,68.28102209839186,68.2080170751457,68.2242431640625,1869600,0.0,0.0,0.0,-0.0005941255334948048,-0.0005943020960065745,0.014122634894581473,0.011074863795226918
2010-11-16 00:00:00-05:00,68.25665283203125,68.28098576401845,68.22420685990285,68.25665283203125,1070400,0.0,0.0,0.0,0.0004750462074136763,0.0004749334086857454,0.013935515258749104,0.011075712255919289
2010-11-17 00:00:00-05:00,68.29723358154297,68.31345966845997,68.2729006396064,68.29723358154297,1860000,0.0,0.0,0.0,0.0005945317830275965,0.0005943551190251896,0.013936203004824493,0.011350968166461993
2010-11-18 00:00:00-05:00,68.26473741523968,68.30529022216797,68.2403983049621,68.30529022216797,799100,0.0,0.0,0.0,0.00011796437721556252,0.00011795741996554966,0.00742720442043535,0.011350705504452227
2010-11-19 00:00:00-05:00,68.27290788127007,68.28913396990816,68.26480102539062,68.26480102539062,1324400,0.0,0.0,0.0,-0.0005927680952039216,-0.0005929438516699165,0.009040847953476996,0.011468931491539484
2010-11-22 00:00:00-05:00,68.2647422573482,68.33774102805731,68.2647422573482,68.32962799072266,741000,0.0,0.0,0.0,0.0009496397024275627,0.0009491890799088072,0.00928760195813744,0.012042641624937069
2010-11-23 00:00:00-05:00,68.38645915644761,68.39457219998468,68.36212621427545,68.3702392578125,722600,0.0,0.0,0.0,0.0005943434536970216,0.0005941669015781457,0.009459096787969183,0.011849831920297503
2010-11-24 00:00:00-05:00,68.32156304835621,68.32966990222911,68.24044500212263,68.2485580444336,1604700,0.0,0.0,0.0,-0.0017797394699771152,-0.0017813250878714003,0.01718345411627114,0.0133212276624821
2010-11-26 00:00:00-05:00,68.25668074112835,68.29723358154297,68.25668074112835,68.29723358154297,221300,0.0,0.0,0.0,0.0007132097512987379,0.0007129555380884432,0.01823827410283969,0.012651033216113475
2010-11-29 00:00:00-05:00,68.3053434328763,68.3053434328763,68.26479059435684,68.28912353515625,664000,0.0,0.0,0.0,-0.00011874633804953572,-0.00011875338895412072,0.017604906112475123,0.012580366441701931
2010-11-30 00:00:00-05:00,68.33778381347656,68.35400370986667,68.32156391708645,68.33778381347656,884500,0.0,0.0,0.0,0.0007125626425013021,0.0007123088902773062,0.016927526563199315,0.012783138575895216
2010-12-01 00:00:00-05:00,68.27608637542573,68.28420558494011,68.22738350462397,68.2354965209961,1000000,0.064,0.0,0.0,-0.0014967897226467741,-0.0014979110314323378,0.018887625774535885,0.013599599149458491
2010-12-02 00:00:00-05:00,68.2354965209961,68.26796716591134,68.21114508559522,68.2354965209961,896500,0.0,0.0,0.0,0.0,0.0,0.014339197414533144,0.013475493871539488
2010-12-03 00:00:00-05:00,68.31672370894648,68.34107516127126,68.28425304146461,68.32483673095703,1364900,0.0,0.0,0.0,0.001309292296765907,0.0013084359210226635,0.016731334043960846,0.014427190326263802
2010-12-06 00:00:00-05:00,68.36539459228516,68.38974603320409,68.34915616957676,68.36539459228516,1686500,0.0,0.0,0.0,0.000593603486940264,0.0005934273740811019,0.01695760909139348,0.014401871143016411
2010-12-07 00:00:00-05:00,68.34910858075624,68.34910858075624,68.21923225523524,68.24358367919922,1018800,0.0,0.0,0.0,-0.001781762744329729,-0.0017833519715994576,0.021154208463965887,0.015595857157374453
2010-12-08 00:00:00-05:00,68.17060085168337,68.17871387274776,68.10565952429317,68.13813018798828,1235900,0.0,0.0,0.0,-0.0015452513705414006,-0.0015464465027856446,0.021332570229874368,0.015857931514033557
2010-12-09 00:00:00-05:00,68.15431053739144,68.17054895344961,68.1056076754992,68.12995910644531,1132700,0.0,0.0,0.0,-0.0001199193685007538,-0.000119926559403116,0.02124852224211839,0.015620235004697159
2010-12-10 00:00:00-05:00,68.14621263383593,68.15433184440332,68.09750975671777,68.10562896728516,912300,0.0,0.0,0.0,-0.00035711366158530655,-0.0003571774418539408,0.01586531088753219,0.014789421828162548
2010-12-13 00:00:00-05:00,68.11371475916341,68.17864983241412,68.08935713941186,68.14617919921875,944200,0.0,0.0,0.0,0.0005954020621858902,0.000595224880704054,0.015874138898236766,0.015001019400268841
2010-12-14 00:00:00-05:00,68.15433030870273,68.16244951908716,68.06503757390271,68.1137466430664,873100,0.0,0.0,0.0,-0.00047592625930692467,-0.0004760395481552581,0.012261929435859173,0.014953765784024598
2010-12-15 00:00:00-05:00,68.09747467513463,68.14617752716269,68.04877182310659,68.08935546875,720700,0.0,0.0,0.0,-0.0003580947388523992,-0.00035815887008389075,0.006867997803078123,0.014835118333241295
2010-12-16 00:00:00-05:00,68.07315831815869,68.12998040584424,68.04068766903222,68.10562896728516,1131600,0.0,0.0,0.0,0.00023900209398552974,0.0002389735375350087,0.007396746060469439,0.01465991936630267
2010-12-17 00:00:00-05:00,68.10566110083673,68.17871545098241,68.10566110083673,68.16248321533203,1075900,0.0,0.0,0.0,0.0008347951396820985,0.0008344468920163093,0.009132125859321822,0.015043068148445455
2010-12-20 00:00:00-05:00,68.17867279052734,68.21926264397457,68.16244056503372,68.17867279052734,621100,0.0,0.0,0.0,0.00023751445709763175,0.00023748625500448142,0.008398478895046307,0.014973972395368464
2010-12-21 00:00:00-05:00,68.17871545098241,68.17871545098241,68.13001255088528,68.16248321533203,879700,0.0,0.0,0.0,-0.00023745805737596104,-0.0002374862550043918,0.007498810938764522,0.014494754835793735
2010-12-22 00:00:00-05:00,68.16241761238646,68.1705368189703,68.10559555257956,68.14617919921875,526900,0.0,0.0,0.0,-0.00023919340000821965,-0.0002392220113120377,0.007031019683303606,0.01424823408083807
2010-12-23 00:00:00-05:00,68.08943172833585,68.10567015929203,68.05696105957031,68.05696105957031,581000,0.0,0.0,0.0,-0.0013092170492438049,-0.0013100748226409294,0.01249736164064892,0.013624681050320098
2010-12-27 00:00:00-05:00,68.04071207162288,68.0975341796875,68.0001221973716,68.0975341796875,730000,0.0,0.0,0.0,0.0005961641467016054,0.0005959865114530372,0.011386960483412084,0.013533472525224407
2010-12-28 00:00:00-05:00,68.07150948003382,68.1040064685859,68.00651550292969,68.00651550292969,823400,0.068,0.0,0.0,-0.001336592842225981,-0.0013374868791699746,0.013025577108667733,0.014176046888118861
2010-12-29 00:00:00-05:00,68.03900315250095,68.19336227739436,68.03087735693659,68.16899108886719,1204800,0.0,0.0,0.0,0.002389117935773344,0.002386268530991464,0.02461704243250873,0.016651431046574152
2010-12-30 00:00:00-05:00,68.15267992664536,68.16080571510712,68.10393759219583,68.1445541381836,1119100,0.0,0.0,0.0,-0.00035847605037508945,-0.0003585403182738963,0.02471057064824441,0.015878237409589064
2010-12-31 00:00:00-05:00,68.160866626249,68.23398019326034,68.15274083052572,68.22586059570312,664600,0.0,0.0,0.0,0.0011931468119177335,0.0011924355779418245,0.02268509059608658,0.016497004907661043
2011-01-03 00:00:00-05:00,68.19338747456975,68.21775867210198,68.16089047847068,68.20963287353516,676200,0.0,0.0,0.0,-0.0002378529493989312,-0.00023788124089793334,0.023221015222540494,0.01575782609260411
2011-01-04 00:00:00-05:00,68.20965055454366,68.25027335973962,68.17715355002088,68.19340515136719,2022500,0.0,0.0,0.0,-0.00023790953688396232,-0.00023793784184726865,0.019218703358676575,0.015558826936418453
2011-01-05 00:00:00-05:00,68.09587387498664,68.1202450644264,68.05525109380957,68.07150268554688,1276200,0.0,0.0,0.0,-0.0017875990434812472,-0.0017891987053049285,0.01674846767381476,0.01556707881691306
2011-01-06 00:00:00-05:00,68.10393759219583,68.16080571510712,68.08768601527231,68.1445541381836,1686600,0.0,0.0,0.0,0.0010731576321176828,0.0010725822101082154,0.019253281864955115,0.015169971348592147
2011-01-07 00:00:00-05:00,68.19333832854005,68.25832607573413,68.18521253582938,68.24208068847656,792200,0.0,0.0,0.0,0.0014311715958286175,0.0014301484458460558,0.02023142296131996,0.01597799492773163
2011-01-10 00:00:00-05:00,68.24211543753134,68.28273822360616,68.24211543753134,68.27461242675781,1202900,0.0,0.0,0.0,0.00047671082055300573,0.00047659723004823767,0.02023093124408358,0.015947685410403006
2011-01-11 00:00:00-05:00,68.28274211597547,68.28274211597547,68.22587393112917,68.23399353027344,1060400,0.0,0.0,0.0,-0.0005949341203210778,-0.0005951111638478112,0.020856994324523655,0.01604086643791432
2011-01-12 00:00:00-05:00,68.20149653919451,68.24211932758499,68.1852511427387,68.23399353027344,703200,0.0,0.0,0.0,0.0,0.0,0.01290241814924539,0.015916531310039936
2011-01-13 00:00:00-05:00,68.23401350368856,68.26651050427998,68.20964230278726,68.25838470458984,685900,0.0,0.0,0.0,0.00035746367835831627,0.0003573998034391659,0.01177064785585165,0.015852675494844905
2011-01-14 00:00:00-05:00,68.27463630397011,68.2990075048714,68.25026510306881,68.25838470458984,841900,0.0,0.0,0.0,0.0,0.0,0.006629070291049462,0.015852470425906488
2011-01-18 00:00:00-05:00,68.24208068847656,68.27457766115549,68.22583530121898,68.24208068847656,692200,0.0,0.0,0.0,-0.00023885733868211911,-0.00023888586963954976,0.005575332405318189,0.01566059473077873
2011-01-19 00:00:00-05:00,68.2583608330611,68.28273822360616,68.25024123437969,68.27461242675781,1450300,0.0,0.0,0.0,0.00047671082055300573,0.00047659723004823767,0.004636374245177662,0.015719699896211813
2011-01-20 00:00:00-05:00,68.25833758362148,68.25833758362148,68.19334982547092,68.20146942138672,781700,0.0,0.0,0.0,-0.0010713060502475225,-0.0010718803087485448,0.009767886298062125,0.016207640653126527
2011-01-21 00:00:00-05:00,68.19340223469274,68.22589923782562,68.19340223469274,68.2177734375,463600,0.0,0.0,0.0,0.0002390566691832241,0.00023902809969074472,0.009453297698136265,0.016191543687910023
2011-01-24 00:00:00-05:00,68.19338747456975,68.2258844706688,68.19338747456975,68.20963287353516,631800,0.0,0.0,0.0,-0.00011933200916180997,-0.00011933912979250035,0.009396546829974161,0.015395114518520457
2011-01-25 00:00:00-05:00,68.20964230278726,68.27463630397011,68.1933969015761,68.25838470458984,1627100,0.0,0.0,0.0,0.0007147352800604967,0.0007144799784416883,0.01107148083082599,0.015450176964673101
2011-01-26 00:00:00-05:00,68.22583530121898,68.25020648118723,68.20145792308696,68.24208068847656,1130100,0.0,0.0,0.0,-0.00023885733868211911,-0.00023888586963954976,0.010475146989074941,0.014543826945095989
2011-01-27 00:00:00-05:00,68.27461001275947,68.29898120427589,68.25023882124304,68.29085540771484,917600,0.0,0.0,0.0,0.000714730833910826,0.0007144755354675582,0.007129107828247699,0.01218326608924926
2011-01-28 00:00:00-05:00,68.28274003942997,68.35585361850862,68.27461424236553,68.32335662841797,678500,0.0,0.0,0.0,0.0004759234674844848,0.0004758102518309335,0.007277717761666055,0.01213619096985073
2011-01-31 00:00:00-05:00,68.33961634672801,68.3477359465906,68.29899355474369,68.31523895263672,1139000,0.0,0.0,0.0,-0.00011881260204171795,-0.00011881966081803984,0.007275790561923278,0.011490047538303353
2011-02-01 00:00:00-05:00,68.28111893899728,68.28111893899728,68.24046325683594,68.24046325683594,1358700,0.068,0.0,0.0,-0.0010945683122417504,-0.0010951677896227203,0.011205050169919947,0.012172416522206467
2011-02-02 00:00:00-05:00,68.24037792136001,68.26476881888121,68.17533139251785,68.19972229003906,1139300,0.0,0.0,0.0,-0.0005970206656356059,-0.0005971989534377369,0.011850604205987632,0.012340049791897978
2011-02-03 00:00:00-05:00,68.14287653809042,68.16726746009816,68.10222706913908,68.13475036621094,1843800,0.0,0.0,0.0,-0.0009526713840829482,-0.0009531254638814338,0.010215665943855574,0.011016372253376424
2011-02-04 00:00:00-05:00,68.09409362969728,68.11848455132377,68.05343795819678,68.07783508300781,612300,0.0,0.0,0.0,-0.0008353341414948368,-0.0008356832274746403,0.006067141866326467,0.01073720182681534
2011-02-07 00:00:00-05:00,68.02903859687035,68.0696942633271,68.01278005219791,68.04530334472656,532500,0.0,0.0,0.0,-0.0004778609402250611,-0.00047797515215055214,0.004015495280516423,0.009287835500994934
2011-02-08 00:00:00-05:00,68.03718435715234,68.04531673268049,67.93961446036947,67.95587921142578,1348600,0.0,0.0,0.0,-0.0013141852399091158,-0.0013150495386469296,0.005190543969992618,0.009857917424162373
2011-02-09 00:00:00-05:00,67.98832673636234,68.04524089525776,67.98019436989783,68.00458526611328,1278000,0.0,0.0,0.0,0.0007167305500670462,0.0007164738213892135,0.012385119946518367,0.010309688916964183
2011-02-10 00:00:00-05:00,67.99649784593181,68.02089496145206,67.96397456175367,67.97210693359375,607200,0.0,0.0,0.0,-0.0004775903329523601,-0.00047770441554003155,0.01191718373792211,0.010345681197248656
2011-02-11 00:00:00-05:00,68.01276258961198,68.04528587379012,67.97210693359375,67.97210693359375,786700,0.0,0.0,0.0,0.0,0.0,0.011812718650030835,0.01017017866542069
2011-02-14 00:00:00-05:00,67.96397456175367,67.98837167727392,67.96397456175367,67.97210693359375,1257700,0.0,0.0,0.0,0.0,0.0,0.01187338294688443,0.01017017866542069
2011-02-15 00:00:00-05:00,67.93953874075335,68.00458526611328,67.93953874075335,68.00458526611328,981700,0.0,0.0,0.0,0.0004778185344653796,0.0004777044155400849,0.007391879782179318,0.010457255022576913
2011-02-16 00:00:00-05:00,67.98026245006038,68.03717666595365,67.9639977008427,67.99652099609375,963300,0.0,0.0,0.0,-0.00011858420999077968,-0.0001185912416541109,0.005427965625064545,0.010175584067895269
2011-02-17 00:00:00-05:00,68.04531178644432,68.08596125476028,68.04531178644432,68.07783508300781,1095900,0.0,0.0,0.0,0.0011958565779965902,0.001195142111062283,0.008654097484417594,0.010776775001006222
2011-02-18 00:00:00-05:00,68.04530441590455,68.11034479880195,68.03717204184844,68.10221862792969,709200,0.0,0.0,0.0,0.00035817156776718484,0.0003581074396433299,0.008205055154180822,0.010833233159237125
2011-02-22 00:00:00-05:00,68.13475793620033,68.1916721616033,68.11036080829736,68.17540740966797,1885000,0.0,0.0,0.0,0.0010746901233591455,0.001074113057336287,0.008585890567083181,0.011585367167248492
2011-02-23 00:00:00-05:00,68.18358588749848,68.2079768287079,68.15106256482275,68.15919494628906,831600,0.0,0.0,0.0,-0.00023780515577243033,-0.00023783343590201558,0.010503708743917935,0.011267917297778462
2011-02-24 00:00:00-05:00,68.17537038873279,68.20789367175713,68.1672380171812,68.19163513183594,666700,0.0,0.0,0.0,0.0004759473108864043,0.00047583408389033257,0.009231193819934867,0.011412666365931884
2011-02-25 00:00:00-05:00,68.16729109111397,68.21607915522706,68.16729109111397,68.20794677734375,786000,0.0,0.0,0.0,0.0002392030265336853,0.00023917442205116215,0.007503803201425234,0.0111184191812107
2011-02-28 00:00:00-05:00,68.22417363450508,68.25669072160147,68.20790888777354,68.2322998046875,667600,0.0,0.0,0.0,0.0003570409093716087,0.0003569771854337102,0.007504034080397918,0.011050144210038889
2011-03-01 00:00:00-05:00,68.19244847384638,68.28195105315676,68.19244847384638,68.27381896972656,785200,0.061,0.0,0.0,0.0006084972243045605,0.0006083121649368363,0.005154082921608912,0.01130312263362402
2011-03-02 00:00:00-05:00,68.27379603034979,68.29006639944076,68.23311079607957,68.24124908447266,834800,0.0,0.0,0.0,-0.00047704794817982066,-0.00047716177175322614,0.006731781812926655,0.010729795720885567
2011-03-03 00:00:00-05:00,68.14362866687217,68.15989904083877,68.10294342041016,68.10294342041016,740400,0.0,0.0,0.0,-0.002026716478933377,-0.0020287730479677498,0.01693562873538065,0.012788866625128242
2011-03-04 00:00:00-05:00,68.17612021693147,68.25748443603516,68.17612021693147,68.25748443603516,627700,0.0,0.0,0.0,0.0022692266716137777,0.0022666558651972942,0.02494296273688909,0.014797721701141724
2011-03-07 00:00:00-05:00,68.1924255106284,68.25751940233381,68.1924255106284,68.20870208740234,668500,0.0,0.0,0.0,-0.0007146813134979446,-0.0007149368199322453,0.02552584842801934,0.014703509403723891
2011-03-08 00:00:00-05:00,68.1761497371605,68.20055839269133,68.15987316167681,68.18428802490234,863500,0.0,0.0,0.0,-0.0003579317851366559,-0.0003579958580076623,0.024824324751018315,0.014647437232351809
2011-03-09 00:00:00-05:00,68.22492446147879,68.273747949759,68.2005158211841,68.23306274414062,924200,0.0,0.0,0.0,0.0007153366362124824,0.0007150809049096414,0.025602936317037136,0.013790636915131277
2011-03-10 00:00:00-05:00,68.25754863096128,68.32264255054064,68.23313996304348,68.30636596679688,692000,0.0,0.0,0.0,0.0010743064975864414,0.001073729843326389,0.01890094890942313,0.014023441767431432
2011-03-11 00:00:00-05:00,68.30633009619095,68.33074495898529,68.2900597286893,68.31446838378906,678200,0.0,0.0,0.0,0.00011861876821450679,0.00011861173356470925,0.011716887377806124,0.013786767909145086
2011-03-14 00:00:00-04:00,68.37150262498596,68.420319991337,68.35523223876953,68.35523223876953,1522200,0.0,0.0,0.0,0.0005967089541187853,0.0005965309941208529,0.008846149629569405,0.013805033107345299
2011-03-15 00:00:00-04:00,68.45277522732509,68.4609135133768,68.32259368896484,68.32259368896484,1152200,0.0,0.0,0.0,-0.0004774842939700985,-0.0004775983258960064,0.009530734598291199,0.014036246943818125
2011-03-16 00:00:00-04:00,68.37957773074501,68.47721858091656,68.36330115186843,68.44467163085938,2603900,0.0,0.0,0.0,0.0017867872881156543,0.0017851928826688988,0.01380302866340062,0.015041707030032206
2011-03-17 00:00:00-04:00,68.39590907555846,68.42031775793721,68.35523000749437,68.41218566894531,1012000,0.0,0.0,0.0,-0.0004746309849986696,-0.000474743657938086,0.01492437361496466,0.015232232279210072
2011-03-18 00:00:00-04:00,68.37959289550781,68.41213985278304,68.37145460426467,68.37959289550781,814000,0.0,0.0,0.0,-0.00047641766037442856,-0.00047653118332564463,0.01596654934755121,0.015091326726226746
2011-03-21 00:00:00-04:00,68.3551895103303,68.3551895103303,68.29823388262284,68.30636596679688,611900,0.0,0.0,0.0,-0.0010708886322683409,-0.0010714624431946795,0.01760224774745867,0.015757619431701862
2011-03-22 00:00:00-04:00,68.26568380145999,68.30636284356369,68.26568380145999,68.29009246826172,1402600,0.0,0.0,0.0,-0.0002382427802273268,-0.00023827116454682102,0.017396170388701233,0.015421502166001341
2011-03-23 00:00:00-04:00,68.34700455836769,68.34700455836769,68.29004896954345,68.29818725585938,868700,0.0,0.0,0.0,0.00011853531464200984,0.00011852828988671676,0.006885459700783997,0.015374530349111203
2011-03-24 00:00:00-04:00,68.27378162028008,68.29819027261237,68.2412346812724,68.2493667602539,1038400,0.0,0.0,0.0,-0.0007148139294324007,-0.0007150695307214224,0.007191541118368431,0.015570482590816248
2011-03-25 00:00:00-04:00,68.28188758902434,68.28188758902434,68.18425301702955,68.20052337646484,811100,0.0,0.0,0.0,-0.0007156606150008349,-0.0007159168223043771,0.0073894918176767065,0.015778235443533035
2011-03-28 00:00:00-04:00,68.16805267333984,68.20873792895836,68.15178229571151,68.16805267333984,1493000,0.0,0.0,0.0,-0.0004761063627879425,-0.0004762197374092999,0.0056093852648615465,0.015801841123464562
2011-03-29 00:00:00-04:00,68.17611687387299,68.200525517638,68.13543166247015,68.14356994628906,863400,0.0,0.0,0.0,-0.0003591525075258284,-0.0003592170182342436,0.00544587912378347,0.015642257206171104
2011-03-30 00:00:00-04:00,68.16801144941866,68.19242010494949,68.15987316167681,68.18428802490234,631200,0.0,0.0,0.0,0.0005975336872632298,0.0005973552350934392,0.008619380145954805,0.015758805756212416
2011-03-31 00:00:00-04:00,68.20866380145691,68.22493416140301,68.14356994628906,68.14356994628906,935200,0.0,0.0,0.0,-0.000597176853975645,-0.0005973552350933589,0.008327142924657922,0.014099669026020176
2011-04-01 00:00:00-04:00,68.08414063646472,68.1981430053711,68.07599583506764,68.1981430053711,855800,0.067,0.0,0.0,0.0008008541249753254,0.0008005336124216987,0.01038073254848798,0.011779484387348691
2011-04-04 00:00:00-04:00,68.2145004272461,68.24707345552204,68.20636182967954,68.2145004272461,1159400,0.0,0.0,0.0,0.00023985142636084866,0.00023982266660610522,0.009552949382554212,0.011542750986885278
2011-04-05 00:00:00-04:00,68.19002308789652,68.21445128833892,68.14116668701172,68.14116668701172,1581000,0.0,0.0,0.0,-0.0010750462112170123,-0.0010756244878817138,0.01271957291841925,0.012108221923640177
2011-04-06 00:00:00-04:00,68.14116668701172,68.16559488745412,68.12488329093858,68.14116668701172,663000,0.0,0.0,0.0,0.0,0.0,0.011588058333470909,0.011785070820031213
2011-04-07 00:00:00-04:00,68.1574370722071,68.20629967642974,68.14929848205686,68.19001007080078,501800,0.0,0.0,0.0,0.0007167969989920753,0.000716540222720174,0.011972549726533303,0.011387436564605622
2011-04-08 00:00:00-04:00,68.1574054329,68.18183983000077,68.14926684652778,68.1655502319336,692200,0.0,0.0,0.0,-0.0003587012062586936,-0.00035876555492480217,0.010679051951688008,0.011400278013358979
2011-04-11 00:00:00-04:00,68.16563840087709,68.1819280200141,68.14121018484097,68.1574935913086,679500,0.0,0.0,0.0,-0.00011819226277187678,-0.0001181992480277739,0.010265375436271791,0.011091697248021112
2011-04-12 00:00:00-04:00,68.20636741396838,68.2715072631836,68.20636741396838,68.2715072631836,826100,0.0,0.0,0.0,0.0016727973091066328,0.0016713997420351766,0.013097671167632104,0.012739605408324566
2011-04-13 00:00:00-04:00,68.23889156951081,68.31217617713997,68.22260195937146,68.30403137207031,859000,0.0,0.0,0.0,0.00047639359654594315,0.00047628015714296833,0.012650103273020399,0.010978863929250116
2011-04-14 00:00:00-04:00,68.29586990444254,68.32029809880355,68.2388687133789,68.2388687133789,919400,0.0,0.0,0.0,-0.0009540089711023159,-0.0009544643272930843,0.015824390550000723,0.011320847985773192
2011-04-15 00:00:00-04:00,68.29590940529249,68.36919403076172,68.29590940529249,68.36919403076172,1139000,0.0,0.0,0.0,0.0019098399466470628,0.0019080185210550136,0.01913612929923311,0.013332844435396386
2011-04-18 00:00:00-04:00,68.39359849146138,68.42617149569345,68.377315095678,68.38545989990234,616000,0.0,0.0,0.0,0.00023791225523739357,0.00023788395860478565,0.018451996876363296,0.012744475538322633
2011-04-19 00:00:00-04:00,68.40174102783203,68.41802442307554,68.38545763258853,68.40174102783203,628400,0.0,0.0,0.0,0.0002380787956024477,0.00023805045934340903,0.016207551810041222,0.01270964879893992
2011-04-20 00:00:00-04:00,68.37733995034851,68.40176815923571,68.35291174146131,68.39362335205078,746700,0.0,0.0,0.0,-0.00011867644974050684,-0.00011868349234756826,0.016535643860580335,0.01272847951012445
2011-04-21 00:00:00-04:00,68.39360273273066,68.40989234218951,68.36917453120807,68.3773193359375,1119500,0.0,0.0,0.0,-0.0002383850323203207,-0.00023841345054854778,0.013767195547589041,0.012448060030744569
2011-04-25 00:00:00-04:00,68.377315095678,68.40988809991006,68.36102548722931,68.38545989990234,1049600,0.0,0.0,0.0,0.00011905356986652293,0.00011904648355270234,0.0034327300522682797,0.01207505540753205
2011-04-26 00:00:00-04:00,68.41804191771811,68.46690454127312,68.40175851831091,68.45061492919922,569000,0.0,0.0,0.0,0.0009527614406958929,0.000952307851599725,0.007394621399152534,0.012179634710846645
2011-04-27 00:00:00-04:00,68.40991968340475,68.47505950927734,68.38549147211901,68.47505950927734,1169700,0.0,0.0,0.0,0.0003571126439609884,0.0003570488944174771,0.007490470521611711,0.012002021420864994
2011-04-28 00:00:00-04:00,68.49134912524663,68.49949393323126,68.46692091396088,68.47505950927734,704400,0.0,0.0,0.0,0.0,0.0,0.007199779013488215,0.011955202342750753
2011-04-29 00:00:00-04:00,68.48321643771116,68.5239342721726,68.46693303152816,68.50764465332031,803000,0.0,0.0,0.0,0.00047586879480632227,0.00047575560515891084,0.005887809615800747,0.011591902805935944
2011-05-02 00:00:00-04:00,68.51251200507664,68.53695939099524,68.4962158203125,68.4962158203125,716200,0.066,0.0,0.0,-0.0001668256596127904,-0.00016683957656096724,0.006944018189922621,0.011509131622072026
2011-05-03 00:00:00-04:00,68.52062225341797,68.52876723215965,68.49617488211088,68.52062225341797,451000,0.0,0.0,0.0,0.00035631797776236596,0.0003562545115873728,0.004345117966589697,0.01151944039361435
2011-05-04 00:00:00-04:00,68.52064696508727,68.56954172533513,68.48804838574094,68.5532455444336,1527400,0.0,0.0,0.0,0.0004761090886620245,0.00047599578469181136,0.00467782066897851,0.010466931559561257
2011-05-05 00:00:00-04:00,68.54513268432699,68.569580078125,68.5369814805454,68.569580078125,899600,0.0,0.0,0.0,0.00023827513287932867,0.00023824674986840861,0.00422959481299732,0.01040985247156367
2011-05-06 00:00:00-04:00,68.52882726848827,68.61032686763296,68.51253107918721,68.57772827148438,1627000,0.0,0.0,0.0,0.00011883102317522543,0.00011882396332847132,0.00391414365156285,0.010318686975610962
2011-05-09 00:00:00-04:00,68.61030578613281,68.61845076950745,68.59400338429444,68.61030578613281,530900,0.0,0.0,0.0,0.00047504511259788273,0.0004749323143897923,0.002459804410841783,0.010051162573305138
2011-05-10 00:00:00-04:00,68.59402265281324,68.59402265281324,68.54512786865234,68.54512786865234,725400,0.0,0.0,0.0,-0.0009499727006557768,-0.0009504242106925601,0.009391544863979967,0.010933027017851711
2011-05-11 00:00:00-04:00,68.56140479816223,68.61845076950745,68.55325981478761,68.61030578613281,1403100,0.0,0.0,0.0,0.0009508760069039113,0.0009504242106924273,0.01112456764852401,0.009974926314711164
2011-05-12 00:00:00-04:00,68.61032686763296,68.61032686763296,68.56142586463685,68.57772827148438,745000,0.0,0.0,0.0,-0.00047481955189043745,-0.0004749323143898385,0.011955985257134785,0.010253294274669892
2011-05-13 00:00:00-04:00,68.59400338429444,68.62660197042663,68.5858584009198,68.61030578613281,683200,0.0,0.0,0.0,0.00047504511259788273,0.0004749323143897923,0.012393442671541341,0.009333254243734043
2011-05-16 00:00:00-04:00,68.61029997619858,68.64289855957031,68.59399757574067,68.64289855957031,1458600,0.0,0.0,0.0,0.0004750419498069647,0.00047492915310062427,0.012393436565152047,0.0071202640904306875
2011-05-17 00:00:00-04:00,68.6347505692537,68.67549413721585,68.62659936864354,68.65104675292969,949700,0.0,0.0,0.0,0.00011870409802550164,0.00011869705325154779,0.008391488183722222,0.007124391770162937
2011-05-18 00:00:00-04:00,68.63474875088608,68.64289995128028,68.6021501668534,68.61844635009766,1321800,0.0,0.0,0.0,-0.00047487116910771565,-0.00047498395612895694,0.00758638158213983,0.007505092891063888
2011-05-19 00:00:00-04:00,68.54510881605296,68.64290457473803,68.54510881605296,68.62660217285156,756000,0.0,0.0,0.0,0.00011885758404228675,0.0001188505210393,0.00616578409524071,0.007435879256060807
2011-05-20 00:00:00-04:00,68.64290176986385,68.66734915415002,68.6347505692537,68.65104675292969,1059900,0.0,0.0,0.0,0.00035619685813026436,0.00035613343508967166,0.00580945754839085,0.00730090997299334
2011-05-23 00:00:00-04:00,68.6754529732245,68.68360416894883,68.65100560359207,68.6591567993164,708400,0.0,0.0,0.0,0.00011813434419871705,0.0001181273668865788,0.0049141569317221485,0.007301045674038214
2011-05-24 00:00:00-04:00,68.64286062540832,68.66730799504074,68.63470942968398,68.6591567993164,903000,0.0,0.0,0.0,0.0,0.0,0.004877775881299561,0.006761217275524716
2011-05-25 00:00:00-04:00,68.69183349609375,68.69183349609375,68.66738609865438,68.69183349609375,712100,0.0,0.0,0.0,0.000475926275541827,0.00047581305855248714,0.0031032883231965577,0.006821859091563253
2011-05-26 00:00:00-04:00,68.69992869880991,68.7325210571289,68.69992869880991,68.7325210571289,653800,0.0,0.0,0.0,0.0005923202069932909,0.0005921448546192375,0.003906804672088353,0.006962307508939693
2011-05-27 00:00:00-04:00,68.72435181406487,68.75695037841797,68.7162006185915,68.75695037841797,635700,0.0,0.0,0.0,0.00035542594558335416,0.0003553627967446713,0.0039062157102061294,0.006909124761132896
2011-05-31 00:00:00-04:00,68.7162006185915,68.77324655182431,68.7162006185915,68.75695037841797,775300,0.0,0.0,0.0,0.0,0.0,0.004335136083141521,0.006822332167448169
2011-06-01 00:00:00-04:00,68.77002635269308,68.81080803200457,68.77002635269308,68.80265045166016,2248000,0.066,0.0,0.0,0.0006646611432103988,0.0006644403538207538,0.004148866213639099,0.007007276697336038
2011-06-02 00:00:00-04:00,68.77003654883906,68.79450307108922,68.75372760814281,68.76187896728516,696300,0.0,0.0,0.0,-0.000592585955735081,-0.0005927616041871799,0.008179979514222564,0.007471333581935834
2011-06-03 00:00:00-04:00,68.81894000774756,68.81894000774756,68.76184940623686,68.78631591796875,975500,0.0,0.0,0.0,0.00035538515018207484,0.00035532201583715275,0.007625452380296158,0.007500764985215613
2011-06-06 00:00:00-04:00,68.7781475522821,68.81892298761449,68.7699899762527,68.7944564819336,1836500,0.0,0.0,0.0,0.00011834568919999455,0.00011833868690137423,0.007418916959654902,0.007500798720123363
2011-06-07 00:00:00-04:00,68.80266313738798,68.84344482421875,68.77819661425424,68.84344482421875,1384700,0.0,0.0,0.0,0.0007120972355965094,0.0007118438146597998,0.00841444460589268,0.007678825287228001
2011-06-08 00:00:00-04:00,68.8271493756197,68.86793107413212,68.8271493756197,68.85161590576172,914300,0.0,0.0,0.0,0.00011869077097803604,0.0001186837277857808,0.0075769090322545815,0.0064508016694335354
2011-06-09 00:00:00-04:00,68.82711601996809,68.83527360019988,68.77002540316664,68.77818298339844,1145900,0.0,0.0,0.0,-0.0010665388371391415,-0.001067107994406246,0.010612356280462589,0.007345173431341655
2011-06-10 00:00:00-04:00,68.80268014720612,68.8353042602539,68.80268014720612,68.8353042602539,717200,0.0,0.0,0.0,0.0008305144797042807,0.0008301697933852317,0.011934236258806314,0.007398983770298359
2011-06-13 00:00:00-04:00,68.80259529484758,68.85152829286487,68.78628014723806,68.81075286865234,898400,0.0,0.0,0.0,-0.0003566686000070485,-0.0003567322213804445,0.012459982032396455,0.007557682536424235
2011-06-14 00:00:00-04:00,68.76189739404158,68.79452150658823,68.75374603271484,68.75374603271484,1300600,0.0,0.0,0.0,-0.0008284582505050375,-0.0008288016116948243,0.012078252126388083,0.008194477189262226
2011-06-15 00:00:00-04:00,68.79452526129248,68.86793107413212,68.79452526129248,68.85161590576172,695100,0.0,0.0,0.0,0.0014234842273219694,0.0014224720340961215,0.017147263232291945,0.009482194019375428
2011-06-16 00:00:00-04:00,68.8597412109375,68.86789879129871,68.8271171119033,68.8597412109375,1112300,0.0,0.0,0.0,0.00011801182977166924,0.0001180048669234798,0.014335052903419921,0.009196513986919291
2011-06-17 00:00:00-04:00,68.85975917266849,68.87606811523438,68.84345023010262,68.87606811523438,1689000,0.0,0.0,0.0,0.00023710377079200207,0.00023707566613533244,0.01337507567856974,0.009196400498927832
2011-06-20 00:00:00-04:00,68.86791675515758,68.87606811523438,68.83529264761354,68.87606811523438,917300,0.0,0.0,0.0,0.0,0.0,0.012803953339155167,0.009193625506675782
2011-06-21 00:00:00-04:00,68.84340272213888,68.8841781616211,68.84340272213888,68.8841781616211,7491500,0.0,0.0,0.0,0.00011774839372580281,0.00011774146192782369,0.00936155176059677,0.009193651030719811
2011-06-22 00:00:00-04:00,68.89237118384497,68.90052876490172,68.85158950097245,68.86790466308594,1174000,0.0,0.0,0.0,-0.00023624435929214815,-0.0002362722693866183,0.0028466239619195075,0.009287236348705548
2011-06-23 00:00:00-04:00,68.90868377685547,68.92499893983393,68.89237483628852,68.90868377685547,1875000,0.0,0.0,0.0,0.0005921352474571595,0.0005919600045564387,0.004863712521625369,0.00934995027664324
2011-06-24 00:00:00-04:00,68.90868883199316,68.9576281021072,68.89237989022979,68.94947052001953,1068600,0.0,0.0,0.0,0.0005918955482613342,0.0005917204471822676,0.005851902572164261,0.009349688626672945
2011-06-27 00:00:00-04:00,68.91680224665167,68.93311117796296,68.85971165345016,68.8841781616211,1431800,0.0,0.0,0.0,-0.0009469595329159031,-0.0009474081823519959,0.010240475443336897,0.010097509389045006
2011-06-28 00:00:00-04:00,68.83528475644718,68.85975127869735,68.75372760814281,68.76187896728516,1126700,0.0,0.0,0.0,-0.0017754322922890475,-0.0017770102401709746,0.016219644336884033,0.01208467726258872
2011-06-29 00:00:00-04:00,68.77003654883906,68.78634548953531,68.73741244503499,68.76187896728516,1312800,0.0,0.0,0.0,0.0,0.0,0.0164140909498107,0.01183026531014042
2011-06-30 00:00:00-04:00,68.79452150658823,68.8026790903282,68.70480675268826,68.75374603271484,1898000,0.0,0.0,0.0,-0.0001182767936603879,-0.00011828378891193658,0.014639502347444175,0.011649190383243302
2011-07-01 00:00:00-04:00,68.7871887310001,68.79535221987722,68.7137360118586,68.73005676269531,3176800,0.061,0.0,0.0,-0.0003445524263980815,-0.0003446117982235459,0.01164498579104073,0.011626397818012103
2011-07-05 00:00:00-04:00,68.77902829535039,68.81983951463013,68.77902829535039,68.81167602539062,1128700,0.0,0.0,0.0,0.0011875337594602353,0.001186829198983043,0.01678930209391499,0.012413158517234088
2011-07-06 00:00:00-04:00,68.81983037365346,68.85247809935727,68.81983037365346,68.83615112304688,669900,0.0,0.0,0.0,0.00035568233575977715,0.00035561909579290643,0.009511483217756645,0.012209657011954105
2011-07-07 00:00:00-04:00,68.79538879374608,68.79538879374608,68.74642028828517,68.77090454101562,959800,0.0,0.0,0.0,-0.0009478534311806452,-0.0009483029283048536,0.012710429168578369,0.012645495990693364
2011-07-08 00:00:00-04:00,68.8606324127002,68.89328013405411,68.8606324127002,68.86878967285156,830500,0.0,0.0,0.0,0.0014233509430947588,0.001422338939318358,0.015912667241472146,0.013093282409555216
2011-07-11 00:00:00-04:00,68.88511503575737,68.92592001630823,68.88511503575737,68.91776275634766,1723500,0.0,0.0,0.0,0.0007111070737373382,0.0007108543569009016,0.014799072150313284,0.013007406409534914
2011-07-12 00:00:00-04:00,68.90965270996094,68.92597346945507,68.87700496405182,68.90965270996094,1065600,0.0,0.0,0.0,-0.00011767715698185466,-0.00011768408148173463,0.014119575077616226,0.01293327701935652
2011-07-13 00:00:00-04:00,68.9096207153687,68.93410495670236,68.89329996345225,68.92594146728516,612400,0.0,0.0,0.0,0.0002363784561907334,0.00023635052320520846,0.014107305696338583,0.012494731601480043
2011-07-14 00:00:00-04:00,68.88514561554658,68.91779335062999,68.88514561554658,68.9014663696289,920300,0.0,0.0,0.0,-0.00035509268550026896,-0.0003551557458365348,0.011244271764454888,0.01160743647921431
2011-07-15 00:00:00-04:00,68.88511503575737,68.91776275634766,68.8769515488808,68.91776275634766,607500,0.0,0.0,0.0,0.00023651726991302802,0.000236489304113054,0.006429943537416232,0.011626088898540941
2011-07-18 00:00:00-04:00,68.90959926947109,68.9340835031848,68.90143578259452,68.91776275634766,1518000,0.0,0.0,0.0,0.0,0.0,0.003982523934888677,0.011603857336393313
2011-07-19 00:00:00-04:00,68.92592001630823,68.94224699006136,68.90143578259452,68.91776275634766,850000,0.0,0.0,0.0,0.0,0.0,0.003848794791224016,0.011603857336393313
2011-07-20 00:00:00-04:00,68.90146781062738,68.91779479196992,68.88514705620372,68.893310546875,615600,0.0,0.0,0.0,-0.0003548027169585355,-0.0003548656743345885,0.00407126839569961,0.011677741370290616
2011-07-21 00:00:00-04:00,68.88511045278788,68.9014311985392,68.85246273436968,68.86062622070312,718900,0.0,0.0,0.0,-0.00047441944526149804,-0.0004745320177723192,0.00460524493193869,0.011773719893256644
2011-07-22 00:00:00-04:00,68.89328013405411,68.90960088127301,68.86878967285156,68.86878967285156,712600,0.0,0.0,0.0,0.00011855036174468481,0.0001185433352058769,0.004078251014163516,0.011573446324938032
2011-07-25 00:00:00-04:00,68.85247809935727,68.8851258250611,68.83615112304688,68.83615112304688,3881100,0.0,0.0,0.0,-0.0004739236736950314,-0.00047403601101355427,0.00441188050817765,0.011432942790988639
2011-07-26 00:00:00-04:00,68.85251465082071,68.89332588634502,68.85251465082071,68.87699890136719,1157200,0.0,0.0,0.0,0.000593405901606836,0.0005932299059459392,0.0074112284994437925,0.011192221490107897
2011-07-27 00:00:00-04:00,68.86064158751248,68.8687988487507,68.81983037365346,68.83615112304688,1120100,0.0,0.0,0.0,-0.000593053979875191,-0.0005932299059459234,0.008055357923875094,0.009346228676863532
2011-07-28 00:00:00-04:00,68.90148315191367,68.90964664440259,68.86883540887827,68.87699890136719,3369200,0.0,0.0,0.0,0.000593405901606836,0.0005932299059459392,0.008991428853694784,0.009536066625267525
2011-07-29 00:00:00-04:00,68.90962822850736,68.97492369712813,68.90962822850736,68.950439453125,1178200,0.0,0.0,0.0,0.0010662565577659322,0.0010656885099963574,0.011600666905138186,0.010112661036123126
2011-08-01 00:00:00-04:00,68.93493483285154,68.97576932479757,68.91859605093752,68.92676544189453,2428900,0.061,0.0,0.0,-0.0003433482283541345,-0.00034340718585277946,0.011123611145112134,0.010111891828308623
2011-08-02 00:00:00-04:00,68.98389210519395,69.02473280096451,68.96755956573489,69.01656341552734,1104600,0.0,0.0,0.0,0.001302802663915914,0.0013019547528859623,0.013364184364895445,0.010276735452870282
2011-08-03 00:00:00-04:00,68.99209030528213,69.02476162926075,68.98392091643301,69.0084228515625,2656600,0.0,0.0,0.0,-0.00011795087384791625,-0.00011795783059927897,0.011411338149523659,0.010287828772120812
2011-08-04 00:00:00-04:00,69.00025518574242,69.08193037464348,69.00025518574242,69.07376098632812,2556300,0.0,0.0,0.0,0.0009468139114867657,0.0009463659659203714,0.011860117347489594,0.009856024569331004
2011-08-05 00:00:00-04:00,69.02470937702334,69.08188259285089,69.00837061169365,69.05738067626953,3777400,0.0,0.0,0.0,-0.00023714229288651634,-0.00023717041556619312,0.012038905246583359,0.008881159685988137
2011-08-08 00:00:00-04:00,69.06557803565977,69.13092066651633,69.06557803565977,69.08191680908203,3003000,0.0,0.0,0.0,0.00035530065826727686,0.0003552375539352923,0.010583062848810781,0.008663172212850087
2011-08-09 00:00:00-04:00,69.05746401715328,69.21264508658402,69.02479267847819,69.15547180175781,5224400,0.0,0.0,0.0,0.001064750314891505,0.001064183870320675,0.00944864043730431,0.009232572621312413
2011-08-10 00:00:00-04:00,69.18809085376445,69.22076216774924,69.16358892612986,69.20442962646484,2682500,0.0,0.0,0.0,0.0007079385539783267,0.0007076880836849692,0.008337282167103466,0.00942176763129687
2011-08-11 00:00:00-04:00,69.1881103515625,69.20444912886728,69.16360841702306,69.1881103515625,1352200,0.0,0.0,0.0,-0.00023581257717786297,-0.00023584038533540206,0.009136895949608552,0.009337394213273129
2011-08-12 00:00:00-04:00,69.17177187127358,69.19627380371094,69.15543309537053,69.19627380371094,4026200,0.0,0.0,0.0,0.00011798923408878892,0.00011798227390658748,0.008025989323976494,0.009342031073401067
2011-08-15 00:00:00-04:00,69.17993897487116,69.17993897487116,69.14727388403577,69.1717758178711,924400,0.0,0.0,0.0,-0.0003540362001187569,-0.00035409888573000785,0.00969290971636915,0.009526193658998084
2011-08-16 00:00:00-04:00,69.16360642945347,69.1717758178711,69.14727388403577,69.1717758178711,2724700,0.0,0.0,0.0,0.0,0.0,0.006568771794637209,0.009526193658998084
2011-08-17 00:00:00-04:00,69.1799409629101,69.1881103515625,69.147275871136,69.1881103515625,1471600,0.0,0.0,0.0,0.00023614448954467626,0.0002361166118233989,0.003884574824423156,0.009311299636291275
2011-08-18 00:00:00-04:00,69.20441690698749,69.21258006042135,69.17174559900755,69.1799087524414,1197000,0.0,0.0,0.0,-0.0001185405856500843,-0.00011854761214059578,0.0036048891833000136,0.009044351212547333
2011-08-19 00:00:00-04:00,69.15540682931017,69.1799087524414,69.15540682931017,69.1799087524414,1894500,0.0,0.0,0.0,0.0,0.0,0.0034044960772988864,0.009073725481335223
2011-08-22 00:00:00-04:00,69.16360642945347,69.1717758178711,69.15543704103584,69.1717758178711,1112400,0.0,0.0,0.0,-0.00011756208871882556,-0.00011756899968282774,0.002295457882165876,0.008793208555463833
2011-08-23 00:00:00-04:00,69.15538587806103,69.16355526043472,69.13905334472656,69.13905334472656,1531000,0.0,0.0,0.0,-0.0004730610535529367,-0.0004731729822339228,0.0040679820669328685,0.009041502913524988
2011-08-24 00:00:00-04:00,69.14722272710027,69.15538587806103,69.12271457997915,69.13905334472656,780700,0.0,0.0,0.0,0.0,0.0,0.003085099792088638,0.008594242999353881
2011-08-25 00:00:00-04:00,69.16357621415887,69.1880781372901,69.16357621415887,69.1799087524414,1397200,0.0,0.0,0.0,0.0005909165043256337,0.0005907419819168215,0.006080112160707018,0.008592811713767391
2011-08-26 00:00:00-04:00,69.19627974021489,69.21261228610194,69.1799409629101,69.1881103515625,1011300,0.0,0.0,0.0,0.00011855463918641895,0.00011854761214056975,0.006138018381342617,0.007991755139733289
2011-08-29 00:00:00-04:00,69.17993897487116,69.18810836328879,69.16360642945347,69.1717758178711,533300,0.0,0.0,0.0,-0.00023608873849001455,-0.0002361166118233752,0.006363490821337736,0.007908622215945939
2011-08-30 00:00:00-04:00,69.1799409629101,69.20444912886728,69.1799409629101,69.1881103515625,2234000,0.0,0.0,0.0,0.00023614448954467626,0.0002361166118233989,0.004854420528597016,0.0067114548339281726
2011-08-31 00:00:00-04:00,69.20444912886728,69.20444912886728,69.15543902837065,69.1881103515625,1416500,0.0,0.0,0.0,0.0,0.0,0.004854420528597016,0.006667925022204585
2011-09-01 00:00:00-04:00,69.20771789550781,69.21589249423356,69.17502573599668,69.20771789550781,1562800,0.054,0.0,0.0,0.000283394702437878,0.00028335455374429866,0.0033065903827166477,0.005969462732721901
2011-09-02 00:00:00-04:00,69.19135224384799,69.19135224384799,69.15866009505746,69.17500305175781,1988100,0.0,0.0,0.0,-0.00047270513672181824,-0.0004728168970161244,0.005070540896963243,0.006198486672175968
2011-09-06 00:00:00-04:00,69.17501479465706,69.18318939208984,69.1504972377496,69.18318939208984,1125600,0.0,0.0,0.0,0.00011834246434228035,0.00011833546242525768,0.0048154686141630345,0.0061180677578467875
2011-09-07 00:00:00-04:00,69.15864835215747,69.18316590073992,69.15864835215747,69.16681671142578,1087400,0.0,0.0,0.0,-0.00023665692212126999,-0.00023668492978955682,0.00472814912701006,0.004954303686714266
2011-09-08 00:00:00-04:00,69.19952120496443,69.19952120496443,69.17500365200624,69.19135284423828,755600,0.0,0.0,0.0,0.00035473850003642227,0.00035467559521078755,0.0056078235704395485,0.00442283972894084
2011-09-09 00:00:00-04:00,69.20772200723391,69.2240649702645,69.1995474080225,69.21589660644531,921700,0.0,0.0,0.0,0.000354722970401955,0.0003546600710832054,0.005845202449986875,0.004517635619878259
2011-09-12 00:00:00-04:00,69.1995088546653,69.1995088546653,69.16681671142578,69.16681671142578,2117700,0.0,0.0,0.0,-0.0007090841472240372,-0.0007093356662937779,0.007194925741732599,0.005184667782621463
2011-09-13 00:00:00-04:00,69.16682845571272,69.18317764780289,69.15866009505746,69.17500305175781,992400,0.0,0.0,0.0,0.00011835647093882962,0.00011834946736432986,0.0071949431492701514,0.005051960113169071
2011-09-14 00:00:00-04:00,69.19135224384799,69.20769520054834,69.16682845571272,69.17500305175781,808700,0.0,0.0,0.0,0.0,0.0,0.00694524155019548,0.005051960113169071
2011-09-15 00:00:00-04:00,69.16684019722429,69.18318939208984,69.1504972377496,69.18318939208984,1466400,0.0,0.0,0.0,0.00011834246434228035,0.00011833546242525768,0.006418255264508924,0.004996666682211203
2011-09-16 00:00:00-04:00,69.15871678860132,69.20775193428926,69.15871678860132,69.19957733154297,997900,0.0,0.0,0.0,0.00023687747843270657,0.00023684942739249793,0.006023071971914484,0.0050471603668541965
2011-09-19 00:00:00-04:00,69.23225402832031,69.24042862923895,69.21591106187657,69.23225402832031,644600,0.0,0.0,0.0,0.0004722094850491132,0.0004720980292358425,0.00284197738465183,0.0053013920398285
2011-09-20 00:00:00-04:00,69.20775193428926,69.23226950713324,69.19957733154297,69.19957733154297,1905900,0.0,0.0,0.0,-0.0004719866084957891,-0.00047209802923586623,0.005559484713005338,0.005581115925858071
2011-09-21 00:00:00-04:00,69.22402386505034,69.23219845940767,69.1259536743164,69.1259536743164,984800,0.0,0.0,0.0,-0.00106393218088352,-0.001064498558486823,0.009873603444730776,0.006578624462502707
2011-09-22 00:00:00-04:00,69.16687796320619,69.1750525651024,69.13418579101562,69.13418579101562,2479700,0.0,0.0,0.0,0.00011908865283793979,0.00011908156234724815,0.009874842883506643,0.006594442029670858
2011-09-23 00:00:00-04:00,69.15869081312148,69.15869081312148,69.12599864981014,69.14234161376953,2848600,0.0,0.0,0.0,0.00011797090919052344,0.00011796395117003978,0.009620574301502751,0.0062328583025449925
2011-09-26 00:00:00-04:00,69.13417896531973,69.13417896531973,69.10966139744603,69.11783599853516,977500,0.0,0.0,0.0,-0.0003544226976179843,-0.00035448552018654567,0.007784052875733186,0.006311892423450805
2011-09-27 00:00:00-04:00,69.08509475286249,69.10961230331941,69.08509475286249,69.09326934814453,1303100,0.0,0.0,0.0,-0.00035543141702443215,-0.00035549459774192094,0.007694192593855311,0.0063723013050878885
2011-09-28 00:00:00-04:00,69.07690920332404,69.09325839129548,69.06056625074083,69.06874084472656,2755700,0.0,0.0,0.0,-0.00035500568505997254,-0.00035506871449583174,0.004116861439225214,0.006357458014925801
2011-09-29 00:00:00-04:00,69.07696944185437,69.09331864408313,69.06880107613368,69.08514404296875,1206500,0.0,0.0,0.0,0.00023749091183034032,0.00023746271532792637,0.004679924645391693,0.006455334839846399
2011-09-30 00:00:00-04:00,69.10966139744603,69.11783599853516,69.08514382957232,69.11783599853516,2114100,0.0,0.0,0.0,0.00047321252664778157,0.00047310059690973736,0.006316092747103642,0.0066277306998883635
2011-10-03 00:00:00-04:00,69.11694974583976,69.14148774304692,69.10059732003758,69.13330841064453,2885800,0.049,0.0,0.0,0.00022385556326876,0.00022383051135076122,0.006006974109305593,0.006519592249972399
2011-10-04 00:00:00-04:00,69.12517937612745,69.13335871448142,69.09246826171875,69.09246826171875,4037200,0.0,0.0,0.0,-0.0005907448936653958,-0.0005909194521798444,0.007123334332411196,0.0067859374814489845
2011-10-05 00:00:00-04:00,69.1006476000727,69.1006476000727,69.07611582401796,69.09246826171875,1734600,0.0,0.0,0.0,0.0,0.0,0.006427613733616834,0.006758719820159248
2011-10-06 00:00:00-04:00,69.07608032226562,69.09243275156204,69.07608032226562,69.07608032226562,1221500,0.0,0.0,0.0,-0.00023718850788556622,-0.00023721664152844183,0.006525244314065758,0.006609243415945348
2011-10-07 00:00:00-04:00,69.06793477372125,69.07611411187247,69.01887122282787,69.05158233642578,2255300,0.0,0.0,0.0,-0.00035465222875341595,-0.0003547151327282254,0.0050029561515592185,0.006463789102245385
2011-10-10 00:00:00-04:00,69.0760601841459,69.0760601841459,68.97792691996487,68.9942855834961,1532300,0.0,0.0,0.0,-0.0008297674143155076,-0.0008301118618505124,0.00507994872431873,0.006622227794331685
2011-10-11 00:00:00-04:00,69.0188592374879,69.03521167194371,69.01067990075704,69.02703857421875,948000,0.0,0.0,0.0,0.0004747203401798128,0.0004746076961273279,0.0075990269723801435,0.006910316543495885
2011-10-12 00:00:00-04:00,68.99432746630123,69.02703857421875,68.99432746630123,69.02703857421875,3140200,0.0,0.0,0.0,0.0,0.0,0.0075990269723801435,0.006910316543495885
2011-10-13 00:00:00-04:00,69.0679277690525,69.0761071063742,69.04339599609375,69.04339599609375,2722800,0.0,0.0,0.0,0.00023697122479648947,0.0002369431515507454,0.008137572815744554,0.006974151967784836
2011-10-14 00:00:00-04:00,69.04336922466884,69.0842596564158,69.04336922466884,69.07608032226562,1096600,0.0,0.0,0.0,0.00047338815972675086,0.00047327614690083564,0.008581326793040212,0.007173813302448276
2011-10-17 00:00:00-04:00,69.07612547007416,69.09247791005846,69.06794613057801,69.08430480957031,834800,0.0,0.0,0.0,0.00011906418642060324,0.0001190570988429381,0.0033640206397439394,0.006912002213457695
2011-10-18 00:00:00-04:00,69.08430480957031,69.10065724955462,69.07612547007416,69.08430480957031,1390000,0.0,0.0,0.0,0.0,0.0,0.003143386052776517,0.006783169645394746
2011-10-19 00:00:00-04:00,69.07608406664568,69.10879516601562,69.07608406664568,69.10879516601562,1987400,0.0,0.0,0.0,0.00035449957139777055,0.0003544367512707435,0.0029673350992173394,0.005870582777084785
2011-10-20 00:00:00-04:00,69.09249549699003,69.11702728271484,69.08432239442148,69.11702728271484,2206000,0.0,0.0,0.0,0.00011911822047316889,0.00011911112646128966,0.003082584791458036,0.005870591558072414
2011-10-21 00:00:00-04:00,69.10882693842667,69.10882693842667,69.08429516237193,69.09246826171875,1426600,0.0,0.0,0.0,-0.0003553251920924705,-0.00035538833504650274,0.004116854914295345,0.005970783651333661
2011-10-24 00:00:00-04:00,69.09246826171875,69.09246826171875,69.07611582401796,69.09246826171875,1742300,0.0,0.0,0.0,0.0,0.0,0.0040729518822345545,0.0058514488967153205
2011-10-25 00:00:00-04:00,69.09241798763519,69.13330841064453,69.076065561833,69.13330841064453,3601800,0.0,0.0,0.0,0.0005910940794744413,0.0005909194521797645,0.0056952847745620665,0.006087941289283447
2011-10-26 00:00:00-04:00,69.1006476000727,69.10882693842667,69.08429516237193,69.09246826171875,1070400,0.0,0.0,0.0,-0.0005907448936653958,-0.0005909194521798444,0.007221117609874296,0.006337568704071356
2011-10-27 00:00:00-04:00,69.0842864436959,69.0842864436959,69.03521665877206,69.04339599609375,1521600,0.0,0.0,0.0,-0.0007102404481935665,-0.0007104927884292606,0.008332725633197105,0.006778289092420694
2011-10-28 00:00:00-04:00,69.06790098811544,69.0842596564158,69.03518989051865,69.07608032226562,2016000,0.0,0.0,0.0,0.00047338815972675086,0.00047327614690083564,0.00944407427773268,0.006778462101641898
2011-10-31 00:00:00-04:00,69.10879890862421,69.14151000976562,69.10879890862421,69.14151000976562,1376000,0.0,0.0,0.0,0.0009472119320428352,0.0009467636099024514,0.01183449251482526,0.0075771936536319934
2011-11-01 00:00:00-04:00,69.1726169958069,69.1726169958069,69.13988730596435,69.1480712890625,5677600,0.048,0.0,0.0,9.489638418291868e-05,9.489188180589047e-05,0.011153268515061097,0.0072445243614390085
2011-11-02 00:00:00-04:00,69.15625235684014,69.18080430731582,69.15625235684014,69.16443634033203,1863600,0.0,0.0,0.0,0.00023666677847189455,0.00023663877730775484,0.00963532985408304,0.007275695053832673
2011-11-03 00:00:00-04:00,69.16443106840144,69.17261505126953,69.15624708553337,69.17261505126953,1559800,0.0,0.0,0.0,0.00011825023625222641,0.0001182432452441597,0.0056159483364836985,0.007197187728301949
2011-11-04 00:00:00-04:00,69.15624708553337,69.18079903413762,69.15624708553337,69.17261505126953,618700,0.0,0.0,0.0,0.0,0.0,0.0060753656682149305,0.007027804650609757
2011-11-07 00:00:00-05:00,69.17264086002676,69.18900258931774,69.1562728881836,69.1562728881836,1082500,0.0,0.0,0.0,-0.0002362519195467927,-0.000236279831427781,0.0028140097895337918,0.0062757273896034
2011-11-08 00:00:00-05:00,69.1480712890625,69.1726169958069,69.1480712890625,69.1480712890625,711300,0.0,0.0,0.0,-0.0001185951581623712,-0.00011860219112419663,0.002968512411087594,0.006180255090919585
2011-11-09 00:00:00-05:00,69.15625235684014,69.18080430731582,69.15625235684014,69.16443634033203,1154900,0.0,0.0,0.0,0.00023666677847189455,0.00023663877730775484,0.002968512411087594,0.006192811404221263
2011-11-10 00:00:00-05:00,69.17261505126953,69.18079903413762,69.15624708553337,69.17261505126953,3677900,0.0,0.0,0.0,0.00011825023625222641,0.0001182432452441597,0.002968512411087594,0.006172162226745992
2011-11-11 00:00:00-05:00,69.1562314094189,69.17259937144483,69.1398696899414,69.1398696899414,1011800,0.0,0.0,0.0,-0.0004733861992040067,-0.0004734982818244447,0.004484112254833333,0.006312764696475891
2011-11-14 00:00:00-05:00,69.14806934521513,69.19716075732393,69.14806934521513,69.17261505126953,2637100,0.0,0.0,0.0,0.00047361039983107034,0.00047349828182442874,0.005730618136726571,0.006489981891781955
2011-11-15 00:00:00-05:00,69.17262032382392,69.18080430731582,69.15625235684014,69.16443634033203,788200,0.0,0.0,0.0,-0.00011823625478724065,-0.0001182432452442361,0.005729964068183395,0.006518941530515743
2011-11-16 00:00:00-05:00,69.16443301270876,69.1726169958069,69.1480712890625,69.1480712890625,978300,0.0,0.0,0.0,-0.00023661078056080864,-0.00023663877730785597,0.005730095391452358,0.006500058447525326
2011-11-17 00:00:00-05:00,69.13991115889262,69.1562728881836,69.13172717297104,69.1562728881836,1751200,0.0,0.0,0.0,0.00011860922464212997,0.00011860219112419945,0.005730749235047257,0.006499964570482729
2011-11-18 00:00:00-05:00,69.1398902212362,69.14807420467942,69.12352849690005,69.13170623779297,1504000,0.0,0.0,0.0,-0.0003552338691003021,-0.0003552969795976134,0.005215399649942218,0.006499893061497454
2011-11-21 00:00:00-05:00,69.1398696899414,69.1398696899414,69.12350797046392,69.1398696899414,1352100,0.0,0.0,0.0,0.00011808550074476898,0.00011807852920084602,0.003361396715301176,0.006506545669081894
2011-11-22 00:00:00-05:00,69.1562490296106,69.1562490296106,69.1317033228662,69.1480712890625,2871900,0.0,0.0,0.0,0.00011862329445899711,0.00011861625927235546,0.00366380248567255,0.006178224987478233
2011-11-23 00:00:00-05:00,69.13172717297104,69.16445687410518,69.13172717297104,69.1562728881836,1470200,0.0,0.0,0.0,0.00011860922464212997,0.00011860219112419945,0.0033630496731709386,0.005761297751381804
2011-11-25 00:00:00-05:00,69.1562728881836,69.1562728881836,69.13991115889262,69.1562728881836,554700,0.0,0.0,0.0,0.0,0.0,0.0032559668240040238,0.0050295958101299835
2011-11-28 00:00:00-05:00,69.12352890797324,69.16443634033203,69.12352890797324,69.16443634033203,1210200,0.0,0.0,0.0,0.00011804355277567069,0.00011803658618373018,0.0008401448991129672,0.004816227612168666
2011-11-29 00:00:00-05:00,69.15624708553337,69.17261505126953,69.14806934521513,69.17261505126953,1693200,0.0,0.0,0.0,0.00011825023625222641,0.0001182432452441597,0.0008404348869021855,0.003525961380358129
2011-11-30 00:00:00-05:00,69.14806934521513,69.17261505126953,69.13988536234706,69.17261505126953,1486200,0.0,0.0,0.0,0.0,0.0,0.0010286116738715302,0.003516199937896313
2011-12-01 00:00:00-05:00,69.17669677734375,69.17669677734375,69.14394966250053,69.17669677734375,6682400,0.045,0.0,0.0,5.900783237988705e-05,5.9006091486229864e-05,0.0009377627363327239,0.0034248736375567333
2011-12-02 00:00:00-05:00,69.16852908161103,69.16852908161103,69.14397029961704,69.16034698486328,1780300,0.0,0.0,0.0,-0.00023634826816165688,-0.00023637620281521308,0.0023352896650817552,0.003505049312058901
2011-12-05 00:00:00-05:00,69.16035122794558,69.1767216683208,69.1521628848201,69.16853332519531,1356600,0.0,0.0,0.0,0.00011836754280336592,0.00011836053791853315,0.002336219305727622,0.0035340742340433345
2011-12-06 00:00:00-05:00,69.16035122794558,69.1767216683208,69.1521628848201,69.16853332519531,817300,0.0,0.0,0.0,0.0,0.0,0.0021394947542667238,0.003425014827160168
2011-12-07 00:00:00-05:00,69.16853356260641,69.1930923461914,69.16853356260641,69.1930923461914,1330000,0.0,0.0,0.0,0.0003550606007594048,0.0003549975816609237,0.0033851038516711186,0.003599419547921512
2011-12-08 00:00:00-05:00,69.20127868652344,69.20946702944003,69.18490824656583,69.20127868652344,2097100,0.0,0.0,0.0,0.00011831152582497673,0.00011830452756838271,0.0034109550360589334,0.003534338534703656
2011-12-09 00:00:00-05:00,69.20127868652344,69.20946702944003,69.19309034360683,69.20127868652344,1726600,0.0,0.0,0.0,0.0,0.0,0.00230105571044005,0.0035185809531450294
2011-12-12 00:00:00-05:00,69.19309034360683,69.20946702944003,69.19309034360683,69.20127868652344,1750800,0.0,0.0,0.0,0.0,0.0,0.0024496352868302084,0.0029998646566646416
2011-12-13 00:00:00-05:00,69.19309034360683,69.20946702944003,69.18490824656583,69.20127868652344,836100,0.0,0.0,0.0,0.0,0.0,0.0024496352868302084,0.00253639861302293
2011-12-14 00:00:00-05:00,69.16846829984787,69.19302706026086,69.16846829984787,69.18484497070312,2196200,0.0,0.0,0.0,-0.00023747705435839261,-0.0002375052564990619,0.002062966718746062,0.0026555625945197084
2011-12-15 00:00:00-05:00,69.19306721182859,69.19306721182859,69.16850843716456,69.17669677734375,2872000,0.0,0.0,0.0,-0.00011777425190195867,-0.00011778118783375234,0.0016842214644119783,0.002537230961211346
2011-12-16 00:00:00-05:00,69.20123854171639,69.20942687988281,69.18486811125555,69.20942687988281,2330700,0.0,0.0,0.0,0.0004731376903468476,0.0004730257960027307,0.004284249697678652,0.002990309003725919
2011-12-19 00:00:00-05:00,69.20127868652344,69.20946702944003,69.18490824656583,69.20127868652344,1544000,0.0,0.0,0.0,-0.00011773242066459577,-0.00011773935167004158,0.00440489932108635,0.002678163145777747
2011-12-20 00:00:00-05:00,69.19302706026086,69.19302706026086,69.16846829984787,69.18484497070312,1549200,0.0,0.0,0.0,-0.00023747705435839261,-0.0002375052564990619,0.004716607373826701,0.002850657883375565
2011-12-21 00:00:00-05:00,69.16852908161103,69.17671742423414,69.14397029961704,69.16034698486328,1205300,0.0,0.0,0.0,-0.0003540946843231252,-0.0003541573906489461,0.005071865274693893,0.0031404319376287285
2011-12-22 00:00:00-05:00,69.15216064453125,69.16034898739147,69.12760186182616,69.15216064453125,2395300,0.0,0.0,0.0,-0.00011836754280347694,-0.00011837454879393165,0.005072213277786574,0.0031432819922660835
2011-12-23 00:00:00-05:00,69.13578619856912,69.16853332519531,69.12760410131939,69.16853332519531,1029000,0.0,0.0,0.0,0.0002367631106745538,0.00023673508671253867,0.003512827847155954,0.0032565462243751525
2011-12-27 00:00:00-05:00,69.12677995519168,69.14315795898438,69.12677995519168,69.14315795898438,669100,0.039,0.0,0.0,-0.000366862863661388,-0.0003669301743047752,0.003931155187443496,0.0034876472505745923
2011-12-28 00:00:00-05:00,69.12675313722275,69.16770125519925,69.12675313722275,69.15951538085938,2493200,0.0,0.0,0.0,0.00023657325406944985,0.00023654527502982065,0.004757166555866073,0.003572037529379438
2011-12-29 00:00:00-05:00,69.15131609605429,69.17588621404737,69.15131609605429,69.16769409179688,1510900,0.0,0.0,0.0,0.00011825865020109738,0.00011825165819816148,0.0041421921737441044,0.003600735355015344
2011-12-30 00:00:00-05:00,69.19226305825516,69.2086410522461,69.17587881550652,69.2086410522461,2343700,0.0,0.0,0.0,0.0005919954537572103,0.000591820293574521,0.0054855955751344715,0.0041747886909319605
2012-01-03 00:00:00-05:00,69.20045633204045,69.20045633204045,69.16769409179688,69.16769409179688,5743100,0.0,0.0,0.0,-0.0005916452024872232,-0.0005918202935746436,0.007550893468321228,0.004633013844614447
2012-01-04 00:00:00-05:00,69.17587280273438,69.18406492339665,69.16768068207212,69.17587280273438,1767300,0.0,0.0,0.0,0.00011824466674648093,0.0001182376763969162,0.0068260840021561195,0.004632974110190302
2012-01-05 00:00:00-05:00,69.1677054134617,69.19228178423594,69.1677054134617,69.18408966064453,1583400,0.0,0.0,0.0,0.0001187821356962715,0.00011877508165698158,0.006722265637310928,0.004650309826197378
2012-01-06 00:00:00-05:00,69.18406492339665,69.49529677223362,69.16768068207212,69.17587280273438,2068000,0.0,0.0,0.0,-0.00011876802817611942,-0.0001187750816568687,0.00682735751990017,0.0044870211980512185
2012-01-09 00:00:00-05:00,69.20047713571864,69.20047713571864,69.18409913505235,69.19229125976562,1236100,0.0,0.0,0.0,0.00023734369175310022,0.0002373155301949834,0.005249578065713274,0.004552430658391329
2012-01-10 00:00:00-05:00,69.19226883861361,69.21683895603145,69.18407671655491,69.20045471191406,813400,0.0,0.0,0.0,0.00011798210465086001,0.00011797514530973085,0.0020635666155357757,0.004573862254760538
2012-01-11 00:00:00-05:00,69.20866625053426,69.23323637484529,69.20866625053426,69.22504425048828,2467000,0.0,0.0,0.0,0.00035533781788843477,0.0003552747003576117,0.0027918295887065766,0.004745144302208066
2012-01-12 00:00:00-05:00,69.21681213378906,69.24138224168573,69.21681213378906,69.21681213378906,2119900,0.0,0.0,0.0,-0.00011891818616149852,-0.00011892525748961038,0.0033677032807921123,0.0047695774593897134
2012-01-13 00:00:00-05:00,69.24143797508749,69.24143797508749,69.23324584960938,69.23324584960938,1151800,0.0,0.0,0.0,0.00023742376040880586,0.00023739557984820407,0.0028565738932566803,0.004738888136195458
2012-01-17 00:00:00-05:00,69.24138641357422,69.25776440357352,69.23319429419648,69.24138641357422,2337200,0.0,0.0,0.0,0.00011758171764086889,0.00011757480545253321,0.0027935307013833245,0.004711809981983673
2012-01-18 00:00:00-05:00,69.24143797508749,69.24963010056561,69.23324584960938,69.23324584960938,1189700,0.0,0.0,0.0,-0.00011756789380590327,-0.0001175748054524607,0.0033629619405442968,0.004462843841975794
2012-01-19 00:00:00-05:00,69.22505372413126,69.24143797508749,69.20867572193586,69.23324584960938,2062000,0.0,0.0,0.0,0.0,0.0,0.002450926820346457,0.004435098051435419
2012-01-20 00:00:00-05:00,69.20862001490491,69.2249980039174,69.20862001490491,69.21681213378906,2601600,0.0,0.0,0.0,-0.00023736740374713516,-0.0002373955798481295,0.0029736749499091678,0.004435012612257945
2012-01-23 00:00:00-05:00,69.21685837489127,69.22504425048828,69.20047412617727,69.22504425048828,2628500,0.0,0.0,0.0,0.00011893232937842946,0.00011892525748965569,0.002450685922771633,0.004213703404207839
2012-01-24 00:00:00-05:00,69.22504425048828,69.22504425048828,69.20047412617727,69.22504425048828,3799300,0.0,0.0,0.0,0.0,0.0,0.0021470369129900258,0.004172921639795293
2012-01-25 00:00:00-05:00,69.21682809562853,69.28234631554328,69.21682809562853,69.2659683227539,2108000,0.0,0.0,0.0,0.000591174374949377,0.0005909997002173385,0.004862362249671344,0.004552615116484253
2012-01-26 00:00:00-05:00,69.26598542847312,69.29055554810357,69.26598542847312,69.27417755126953,1436100,0.0,0.0,0.0,0.0001185174872222472,0.00011851046457972361,0.00478942611578986,0.004250241669898761
2012-01-27 00:00:00-05:00,69.28238862373577,69.29058074951172,69.2742027467209,69.29058074951172,1297900,0.0,0.0,0.0,0.0002367866183621281,0.00023675858883540104,0.003608844254043779,0.00425033620195999
2012-01-30 00:00:00-05:00,69.2659683227539,69.28234631554328,69.2659683227539,69.2659683227539,1885700,0.0,0.0,0.0,-0.00035520595283777823,-0.00035526905341515345,0.005475279011610687,0.004538068249135778
2012-01-31 00:00:00-05:00,69.24959032996453,69.2659683227539,69.24959032996453,69.2659683227539,2644300,0.0,0.0,0.0,0.0,0.0,0.005475279011610687,0.004102304944914074
2012-02-01 00:00:00-05:00,69.25862491169606,69.27501516868188,69.24224090576172,69.24224090576172,5980200,0.031,0.0,0.0,-0.00034255519076298313,-0.0003426138761947246,0.004275626084047545,0.003664377915946971
2012-02-02 00:00:00-05:00,69.25045776367188,69.26684802728013,69.24226888292176,69.25045776367188,2990400,0.0,0.0,0.0,0.00011866828402240515,0.00011866124349857449,0.004276041721016985,0.003664476902423568
2012-02-03 00:00:00-05:00,69.24226888292176,69.258652895476,69.23407375111762,69.25045776367188,2434800,0.0,0.0,0.0,0.0,0.0,0.003464570712315937,0.0036608408956231723
2012-02-06 00:00:00-05:00,69.2504233110437,69.2504233110437,69.23403930664062,69.23403930664062,2384500,0.0,0.0,0.0,-0.00023708806499567192,-0.00023711617481404304,0.0030238477670164695,0.0037551922841378062
2012-02-07 00:00:00-05:00,69.23398195225614,69.23398195225614,69.20940284048774,69.21759796142578,1930100,0.0,0.0,0.0,-0.00023747488055725352,-0.00023750308218157463,0.003037644743273731,0.0038055802215072173
2012-02-08 00:00:00-05:00,69.2012077195497,69.2257868313181,69.2012077195497,69.21759796142578,1207300,0.0,0.0,0.0,0.0,0.0,0.002526928339200613,0.0037875978350734333
2012-02-09 00:00:00-05:00,69.2176192134723,69.2176192134723,69.18484497070312,69.18484497070312,766500,0.0,0.0,0.0,-0.00047318877983759666,-0.0004733007689776752,0.0031436538496324986,0.003931731378022296
2012-02-10 00:00:00-05:00,69.18485654095001,69.20943566437552,69.18485654095001,69.20124053955078,1025300,0.0,0.0,0.0,0.00023698208552169753,0.0002369540097028249,0.0042863706932376915,0.004025634235046522
2012-02-13 00:00:00-05:00,69.18488797248273,69.20127197852696,69.16030883789062,69.16030883789062,1083500,0.0,0.0,0.0,-0.0005914879753746716,-0.0005916629733967309,0.005379814505954754,0.004404085768537685
2012-02-14 00:00:00-05:00,69.16032039795547,69.17670440673828,69.16032039795547,69.17670440673828,1069400,0.0,0.0,0.0,0.0002370661601018842,0.00023703806436003018,0.006231417260196338,0.004485024928055301
2012-02-15 00:00:00-05:00,69.16845472379471,69.2012289665639,69.16026585138815,69.18484497070312,1229700,0.0,0.0,0.0,0.0001176778228257902,0.00011767089933395333,0.006424951478495393,0.004513363475257327
2012-02-16 00:00:00-05:00,69.18488797248273,69.1930768499791,69.16030883789062,69.16030883789062,1467200,0.0,0.0,0.0,-0.00035464606190693804,-0.0003547089636939047,0.006027714917563312,0.004650442465307242
2012-02-17 00:00:00-05:00,69.16031878728569,69.16850766596009,69.14392852783203,69.14392852783203,827900,0.0,0.0,0.0,-0.00023684553082303772,-0.00023687358315524026,0.00541004798445655,0.0046501679097534845
2012-02-21 00:00:00-05:00,69.15208156457297,69.15208156457297,69.12750244140625,69.12750244140625,1954600,0.0,0.0,0.0,-0.00023756368455651877,-0.0002375919072785132,0.00407329116804852,0.00464789880072739
2012-02-22 00:00:00-05:00,69.14391858079486,69.16030883789062,69.13572345224699,69.16030883789062,1604800,0.0,0.0,0.0,0.0004745780669883626,0.00047446549043369694,0.005419254276833729,0.005032671938100751
2012-02-23 00:00:00-05:00,69.14390448249809,69.16848361207857,69.14390448249809,69.152099609375,3341900,0.0,0.0,0.0,-0.00011869855201007695,-0.0001187055972407129,0.005221969770575887,0.004434549493876064
2012-02-24 00:00:00-05:00,69.15210192422435,69.1602970513756,69.13571166992188,69.13571166992188,3698600,0.0,0.0,0.0,-0.00023698397511717761,-0.00023701206025664843,0.004910392312686275,0.004400524195487458
2012-02-27 00:00:00-05:00,69.16848361207857,69.17667873895547,69.152099609375,69.152099609375,1060900,0.0,0.0,0.0,0.00023704014983416677,0.0002370120602566675,0.005053090767383705,0.0044007816321999715
2012-02-28 00:00:00-05:00,69.16851806640625,69.18490832832441,69.16032918650053,69.16851806640625,982800,0.0,0.0,0.0,0.00023742528605774638,0.0002373971051350041,0.004611936886340635,0.004447472546711051
2012-02-29 00:00:00-05:00,69.16851806640625,69.16851806640625,69.14393892458237,69.16851806640625,656500,0.0,0.0,0.0,0.0,0.0,0.0033673763462179988,0.004447472546711051
2012-03-01 00:00:00-05:00,69.13978428615734,69.15618133544922,69.13978428615734,69.15618133544922,1044000,0.035,0.0,0.0,-0.00017835760114426336,-0.0001783735087527297,0.003548161243658935,0.004351337052344737
2012-03-02 00:00:00-05:00,69.1644088930463,69.18080595070371,69.1644088930463,69.172607421875,914500,0.0,0.0,0.0,0.00023752159400047823,0.00023749339021258736,0.0030102465065948926,0.004436460305043598
2012-03-05 00:00:00-05:00,69.1644088930463,69.172607421875,69.15621661786278,69.172607421875,1166200,0.0,0.0,0.0,0.0,0.0,0.002828667014158807,0.004436460305043598
2012-03-06 00:00:00-05:00,69.18900447953241,69.18900447953241,69.172607421875,69.172607421875,2282700,0.0,0.0,0.0,0.0,0.0,0.0023482452067909976,0.004387804814311099
2012-03-07 00:00:00-05:00,69.17257213109912,69.18077065574506,69.15618133544922,69.15618133544922,587900,0.0,0.0,0.0,-0.00023746519088985174,-0.00023749339021262065,0.002951328833152107,0.004387799157891364
2012-03-08 00:00:00-05:00,69.156195005069,69.156195005069,69.13159942626953,69.13159942626953,960100,0.0,0.0,0.0,-0.0003554549818250985,-0.0003555181709215137,0.003670864862024622,0.004519582114396975
2012-03-09 00:00:00-05:00,69.14799647880251,69.156195005069,69.13159942626953,69.13159942626953,660400,0.0,0.0,0.0,0.0,0.0,0.002661373135997474,0.00425301568582172
2012-03-12 00:00:00-04:00,69.14797666112385,69.15617518504065,69.13157961329023,69.13977813720703,761700,0.0,0.0,0.0,0.0001183064040957138,0.00011829940644499459,0.0030912798940026113,0.004171150712841721
2012-03-13 00:00:00-04:00,69.11519145399674,69.1233899782261,69.09060213495032,69.09880065917969,1284700,0.0,0.0,0.0,-0.0005926758680947497,-0.0005928515698632893,0.004491234783373989,0.004173218805164554
2012-03-14 00:00:00-04:00,69.06604110647883,69.07423338042221,69.0004653930664,69.0004653930664,1351500,0.0,0.0,0.0,-0.001423111040643188,-0.0014241246249029507,0.00972665279140876,0.006304446370125569
2012-03-15 00:00:00-04:00,69.03325197305229,69.06603982915212,69.02505344561631,69.04145050048828,3730100,0.0,0.0,0.0,0.0005939830577721406,0.0005938067196601258,0.012305305982119541,0.006760312251624862
2012-03-16 00:00:00-04:00,69.07420656592707,69.09060361473699,69.049617246354,69.08240509033203,2790700,0.0,0.0,0.0,0.0005931884331349391,0.0005930125664209667,0.01373463011169032,0.007121150914719917
2012-03-19 00:00:00-04:00,69.04963970186573,69.05783822893692,69.01685184722481,69.03324890136719,2260800,0.0,0.0,0.0,-0.0007115587377215515,-0.0007118120157954435,0.014004444279786064,0.007471565555464747
2012-03-20 00:00:00-04:00,69.03328091184329,69.04967171994218,69.00049304199877,69.01688385009766,793800,0.0,0.0,0.0,-0.0002370604242154517,-0.00023708852747935183,0.01377476298821816,0.007471424998366145
2012-03-21 00:00:00-04:00,69.04141712905798,69.05780792236328,69.02502008211158,69.05780792236328,572200,0.0,0.0,0.0,0.0005929574037928376,0.0005927816740148983,0.009657778008555643,0.007598692361004989
2012-03-22 00:00:00-04:00,69.07421705228029,69.07421705228029,69.05782625462383,69.06602478027344,840000,0.0,0.0,0.0,0.0001189852119167778,0.00011897813373791053,0.008890864665374094,0.007626953745702647
2012-03-23 00:00:00-04:00,69.08240964555104,69.0906081704966,69.07421112060547,69.07421112060547,698400,0.0,0.0,0.0,0.00011852919518795524,0.00011852217115792888,0.00769351622704999,0.007623273013436155
2012-03-26 00:00:00-04:00,69.08241579317252,69.09061431884766,69.07421726749737,69.09061431884766,1035600,0.0,0.0,0.0,0.0002374721039311023,0.00023744391189415613,0.004724648676002008,0.0076234846643209175
2012-03-27 00:00:00-04:00,69.10701296021072,69.12341001342209,69.09062216064285,69.1152114868164,1091100,0.0,0.0,0.0,0.0003560131605608863,0.0003559498029126317,0.0031491274152136988,0.0076929281294490035
2012-03-28 00:00:00-04:00,69.11519145399674,69.13158224881379,69.09880065917969,69.09880065917969,736600,0.0,0.0,0.0,-0.00023744161789696072,-0.00023746981162091276,0.0035252606391008388,0.007723303892287517
2012-03-29 00:00:00-04:00,69.1234130859375,69.1234130859375,69.10701603199729,69.1234130859375,739200,0.0,0.0,0.0,0.0003561918082950477,0.0003561283870525372,0.003907876051015676,0.007837990591180203
2012-03-30 00:00:00-04:00,69.1152114868164,69.12341001342209,69.10701296021072,69.1152114868164,949300,0.0,0.0,0.0,-0.00011865153578127785,-0.00011865857543159853,0.004419271040442123,0.007782392742937
2012-04-02 00:00:00-04:00,69.14803283794221,69.14803283794221,69.11523330562423,69.13162994384766,695600,0.03,0.0,0.0,0.00023755200451613945,0.00023752379350634747,0.004419406342113486,0.007844582755489422
2012-04-03 00:00:00-04:00,69.13161651010263,69.13161651010263,69.07421890366753,69.0824203491211,1631600,0.0,0.0,0.0,-0.0007118245984729654,-0.0007120780658924948,0.006713839404434481,0.008207592681530838
2012-04-04 00:00:00-04:00,69.12342025394979,69.12342025394979,69.09062072851155,69.09881591796875,1395900,0.0,0.0,0.0,0.0002373334455394449,0.00023730528641257271,0.006921372343869196,0.008248284861306047
2012-04-05 00:00:00-04:00,69.11521164146096,69.1234130859375,69.10701019698443,69.1234130859375,758900,0.0,0.0,0.0,0.00035597090401595644,0.0003559075614053419,0.006920656522840796,0.008275507094374903
2012-04-09 00:00:00-04:00,69.14800934496148,69.172607421875,69.14800934496148,69.172607421875,898600,0.0,0.0,0.0,0.0007116884676445778,0.0007114353374998385,0.008379909423713748,0.008658826041731855
2012-04-10 00:00:00-04:00,69.1726142939265,69.20541381835938,69.16441284885087,69.20541381835938,1024900,0.0,0.0,0.0,0.0004742686116239181,0.0004741561818124814,0.00867045951216143,0.008798158029747191
2012-04-11 00:00:00-04:00,69.18084609533997,69.20544418549079,69.18084609533997,69.1972427368164,2299100,0.0,0.0,0.0,-0.0001180699759185666,-0.00011807694672687415,0.0048702847221889795,0.008496180404461194
2012-04-12 00:00:00-04:00,69.213615263435,69.213615263435,69.19721237328375,69.20541381835938,845700,0.0,0.0,0.0,0.00011808391808387775,0.00011807694672682077,0.00508550597713808,0.006404524662508055
2012-04-13 00:00:00-04:00,69.22179534610895,69.22179534610895,69.20539871540562,69.2136001586914,2859200,0.0,0.0,0.0,0.00011829046140121591,0.00011828346563626939,0.005223464250539439,0.00618436166886021
2012-04-16 00:00:00-04:00,69.22179534610895,69.22999678939475,69.2136001586914,69.2136001586914,569900,0.0,0.0,0.0,0.0,0.0,0.0035191596784883055,0.005941933275850855
2012-04-17 00:00:00-04:00,69.22179534610895,69.22999678939475,69.20539871540562,69.2136001586914,773000,0.0,0.0,0.0,0.0,0.0,0.0015690442955771861,0.0051442713326854345
2012-04-18 00:00:00-04:00,69.23824295248922,69.23824295248922,69.22184005532328,69.23004150390625,469200,0.0,0.0,0.0,0.00023754500816530744,0.00023751679881709345,0.0015763825666701393,0.00496730164155924
2012-04-19 00:00:00-04:00,69.22178681271612,69.23818969726562,69.22178681271612,69.23818969726562,558800,0.0,0.0,0.0,0.00011769736349087623,0.00011769043769961613,0.0015760249612695363,0.0046892715691117986
2012-04-20 00:00:00-04:00,69.22998825499087,69.23818969726562,69.21359162630885,69.23818969726562,503200,0.0,0.0,0.0,0.0,0.0,0.001684510290986051,0.004712105449015762
2012-04-23 00:00:00-04:00,69.25460052490234,69.25460052490234,69.2382038928586,69.25460052490234,741000,0.0,0.0,0.0,0.000237019883224443,0.0002369917984496002,0.0018833852514540134,0.004728844826270184
2012-04-24 00:00:00-04:00,69.25463959378287,69.26284104236584,69.23004150390625,69.23004150390625,1149600,0.0,0.0,0.0,-0.0003546193438407341,-0.0003546822361492394,0.0038958802271031206,0.005009830731860204
2012-04-25 00:00:00-04:00,69.22182372988951,69.25462326061357,69.22182372988951,69.24642181396484,914100,0.0,0.0,0.0,0.0002366069657442349,0.00023657897873064342,0.0038930024935879973,0.004946701415925133
2012-04-26 00:00:00-04:00,69.25460052490234,69.2628019688586,69.2382038928586,69.25460052490234,711600,0.0,0.0,0.0,0.00011811023188279535,0.00011810325741852263,0.003893473647708367,0.004788361512913605
2012-04-27 00:00:00-04:00,69.2627877682224,69.2627877682224,69.23818969726562,69.23818969726562,741700,0.0,0.0,0.0,-0.00023696371811166017,-0.00023699179844961261,0.00440512577877985,0.004850743974666425
2012-04-30 00:00:00-04:00,69.2628019688586,69.2628019688586,69.24639908094609,69.25460052490234,644700,0.0,0.0,0.0,0.000237019883224443,0.0002369917984496002,0.00440512577877985,0.004818829130706959
2012-05-01 00:00:00-04:00,69.25299072265625,69.26939279930859,69.23658864600392,69.25299072265625,8197400,0.028,0.0,0.0,-2.3244697592517127e-05,-2.3244967754686778e-05,0.0031830385058515135,0.004809569072216696
2012-05-02 00:00:00-04:00,69.25291186987425,69.26111602783203,69.24470771191648,69.26111602783203,2107000,0.0,0.0,0.0,0.00011732785964890802,0.00011732097727390741,0.002879116993088301,0.0037693952950863027
2012-05-03 00:00:00-04:00,69.25299072265625,69.26939279930859,69.24478655535705,69.25299072265625,876700,0.0,0.0,0.0,-0.00011731409543724869,-0.00011732097727397238,0.002972939273759441,0.0038439394456894673
2012-05-04 00:00:00-04:00,69.2775650024414,69.2775650024414,69.26936083892754,69.2775650024414,798700,0.0,0.0,0.0,0.0003548479210604416,0.0003547849774267393,0.0030275669956137696,0.0038429940200996092
2012-05-07 00:00:00-04:00,69.2775650024414,69.28576916595526,69.26936083892754,69.2775650024414,1315200,0.0,0.0,0.0,0.0,0.0,0.0028836582229940654,0.0031334098979910606
2012-05-08 00:00:00-04:00,69.27759295231681,69.28579711914062,69.2611908766149,69.28579711914062,1016600,0.0,0.0,0.0,0.00011882803183005386,0.00011882097233871766,0.0027801831741352517,0.0027664832171039456
2012-05-09 00:00:00-04:00,69.2775650024414,69.28576916595526,69.26936083892754,69.2775650024414,1260700,0.0,0.0,0.0,-0.0001188139134066235,-0.00011882097233877145,0.0031412948323638074,0.00276711258625966
2012-05-10 00:00:00-04:00,69.26120363990418,69.27760571862862,69.25299947156851,69.26940155029297,1071300,0.0,0.0,0.0,-0.00011783688049871177,-0.00011784382380937201,0.003143024671509214,0.0028253019207485634
2012-05-11 00:00:00-04:00,69.2775650024414,69.2775650024414,69.26116293335687,69.2775650024414,432100,0.0,0.0,0.0,0.00011785076766557268,0.00011784382380940682,0.0018784846003930646,0.0028251535971790132
2012-05-14 00:00:00-04:00,69.26940155029297,69.27760571862862,69.26940155029297,69.26940155029297,799600,0.0,0.0,0.0,-0.00011783688049871177,-0.00011784382380937201,0.0020563604471645364,0.002881123229533777
2012-05-15 00:00:00-04:00,69.26931392785087,69.28572224376643,69.25291186987425,69.26111602783203,3270000,0.0,0.0,0.0,-0.00011961302213536751,-0.00011962017634339633,0.0016781442807698842,0.0029341175687147805
2012-05-16 00:00:00-04:00,69.24478655535705,69.25299072265625,69.23658864600392,69.25299072265625,1186300,0.0,0.0,0.0,-0.00011731409543724869,-0.00011732097727397238,0.0016754978687412343,0.0028779892129487438
2012-05-17 00:00:00-04:00,69.24478293944395,69.24478293944395,69.22017669677734,69.22017669677734,1894100,0.0,0.0,0.0,-0.00047382828577502423,-0.0004739405778700727,0.003361188068706412,0.003332428826532094
2012-05-18 00:00:00-04:00,69.22015887235119,69.22836303710938,69.20375680077895,69.22836303710938,2716100,0.0,0.0,0.0,0.00011826523309665937,0.00011825824031530951,0.003363208546910091,0.003364827061495617
2012-05-21 00:00:00-04:00,69.22837572875727,69.23657989501953,69.21196739623277,69.23657989501953,954600,0.0,0.0,0.0,0.00011869207286840933,0.0001186850295216492,0.003853948850352376,0.0032760209361861877
2012-05-22 00:00:00-04:00,69.2283758008033,69.2283758008033,69.21196746826172,69.21196746826172,1193100,0.0,0.0,0.0,-0.00035548299461252153,-0.0003555461936701548,0.004289002377133538,0.003277216666570011
2012-05-23 00:00:00-04:00,69.2365835853867,69.24478149414062,69.2201752519876,69.24478149414062,928000,0.0,0.0,0.0,0.0004741091328455127,0.00047399677862129544,0.006152979413187445,0.003608827983418742
2012-05-24 00:00:00-04:00,69.22017669677734,69.22017669677734,69.21197252990655,69.22017669677734,644900,0.0,0.0,0.0,-0.00035533070987248117,-0.0003553938547878318,0.005643169873054637,0.003788141013897831
2012-05-25 00:00:00-04:00,69.24478655535705,69.25299072265625,69.22018031140551,69.25299072265625,795600,0.0,0.0,0.0,0.00047405290545055045,0.0004739405778700426,0.0065973266470457,0.004088878925848056
2012-05-29 00:00:00-04:00,69.22837572875727,69.25298196959876,69.22837572875727,69.23657989501953,1296100,0.0,0.0,0.0,-0.00023696922638971607,-0.00023699730803325512,0.006911739967461861,0.004087100983744896
2012-05-30 00:00:00-04:00,69.24479530323286,69.27760571862862,69.24479530323286,69.26940155029297,1239600,0.0,0.0,0.0,0.000474050788227931,0.0004739384616506209,0.006729803895591551,0.004436779350049097
2012-05-31 00:00:00-04:00,69.29401397705078,69.30221188743032,69.26120356169207,69.29401397705078,3737600,0.0,0.0,0.0,0.00035531455746640184,0.0003552514481976801,0.006433462420994652,0.0045895862335332315
2012-06-01 00:00:00-04:00,69.32515150128164,69.32515150128164,69.29233022540002,69.300537109375,2218600,0.028,0.0,0.0,9.413702497274024e-05,9.41325943610591e-05,0.004836666744855097,0.004564673938987205
2012-06-04 00:00:00-04:00,69.30054239485482,69.30874927945571,69.2923355102539,69.2923355102539,5799600,0.0,0.0,0.0,-0.0001183482764087751,-0.00011835528011862967,0.0047981227467075085,0.0044311071912474876
2012-06-05 00:00:00-04:00,69.30049368269124,69.30870056152344,69.28408618504123,69.30870056152344,1666200,0.0,0.0,0.0,0.00023617404650932983,0.0002361461618095494,0.003661010511594448,0.004502277808719387
2012-06-06 00:00:00-04:00,69.30879409720058,69.30879409720058,69.2759727975922,69.2841796875,1382500,0.0,0.0,0.0,-0.000353792147663623,-0.0003538547468706712,0.0044966375871980085,0.004677325733348634
2012-06-07 00:00:00-04:00,69.28411630622824,69.28411630622824,69.25129503664485,69.27590942382812,2898800,0.0,0.0,0.0,-0.00011936727416239634,-0.00011937439900245429,0.0035886480768945873,0.004677510809239393
2012-06-08 00:00:00-04:00,69.28411630622824,69.28411630622824,69.267702541428,69.27590942382812,1090400,0.0,0.0,0.0,0.0,0.0,0.0034042355974216025,0.004657181463575692
2012-06-11 00:00:00-04:00,69.25129503664485,69.27590942382812,69.25129503664485,69.27590942382812,1065300,0.0,0.0,0.0,0.0,0.0,0.0034043621106171176,0.004637966318359217
2012-06-12 00:00:00-04:00,69.26774031613392,69.26774031613392,69.22671840179646,69.24312591552734,1588500,0.0,0.0,0.0,-0.00047323100589291567,-0.0004733430150242414,0.0034068673189617815,0.004919570626405093
2012-06-13 00:00:00-04:00,69.25127704178514,69.25127704178514,69.22666266099789,69.23486328125,537400,0.0,0.0,0.0,-0.00011932786349688751,-0.00011933498363281691,0.003085004490859667,0.004919493321525007
2012-06-14 00:00:00-04:00,69.25953968927874,69.25953968927874,69.23491902865166,69.24312591552734,996000,0.0,0.0,0.0,0.00011934210433528492,0.00011933498363287877,0.0036168320045857467,0.00492842243195916
2012-06-15 00:00:00-04:00,69.25134608419653,69.26775360107422,69.24313919574682,69.26775360107422,478800,0.0,0.0,0.0,0.00035566975380230126,0.00035560651830894027,0.0048681112213577364,0.004763277994801238
2012-06-18 00:00:00-04:00,69.25954203119616,69.25954203119616,69.24312825688978,69.25133514404297,3803700,0.0,0.0,0.0,-0.0002370288652033814,-0.000237056960984613,0.0050821246353861685,0.004846539455582531
2012-06-19 00:00:00-04:00,69.25133280240304,69.25953968927874,69.24312591552734,69.24312591552734,1761700,0.0,0.0,0.0,-0.00011854253060317177,-0.00011854955732426835,0.0037667907752346286,0.004853434200186194
2012-06-20 00:00:00-04:00,69.25132714417558,69.26773465656588,69.21029897316986,69.218505859375,3044100,0.0,0.0,0.0,-0.00035555957110278147,-0.00035562279739466917,0.004533629158439341,0.004853509595282097
2012-06-21 00:00:00-04:00,69.21845480197739,69.23486230226507,69.21845480197739,69.2266616821289,701000,0.0,0.0,0.0,0.00011782720029351879,0.00011782025921418089,0.004530134132143498,0.004551953934528598
2012-06-22 00:00:00-04:00,69.22666266099789,69.23486328125,69.21845578073031,69.23486328125,1243300,0.0,0.0,0.0,0.00011847457210567569,0.00011846755454782052,0.0033626665388723134,0.00438713376870134
2012-06-25 00:00:00-04:00,69.22666266099789,69.25127704178514,69.22666266099789,69.23486328125,2960900,0.0,0.0,0.0,0.0,0.0,0.0031458433996227352,0.0040312752164875214
2012-06-26 00:00:00-04:00,69.22671274558014,69.23491337176529,69.21029897316986,69.218505859375,3320900,0.0,0.0,0.0,-0.0002362598999950949,-0.0002362878137619568,0.0034128554168346894,0.004030753422622218
2012-06-27 00:00:00-04:00,69.23491337176529,69.23491337176529,69.20209208696471,69.218505859375,3125900,0.0,0.0,0.0,0.0,0.0,0.002296847283051095,0.003599114771854833
2012-06-28 00:00:00-04:00,69.23486230226507,69.24306918241659,69.21845480197739,69.2266616821289,907000,0.0,0.0,0.0,0.00011782720029351879,0.00011782025921418089,0.002296847283051095,0.0033458252743053013
2012-06-29 00:00:00-04:00,69.21024792182585,69.24306918241659,69.21024792182585,69.2266616821289,1163200,0.0,0.0,0.0,0.0,0.0,0.0020529232576957422,0.003309044373429321
2012-07-02 00:00:00-04:00,69.23161278905982,69.25623476783868,69.23161278905982,69.24803161621094,14979800,0.026,0.0,0.0,0.0003086951409003724,0.0003086475043585585,0.0031525461727932554,0.0035370621135613145
2012-07-03 00:00:00-04:00,69.23984546369678,69.25625803441386,69.23163604736328,69.23163604736328,1127700,0.0,0.0,0.0,-0.0002367658468406253,-0.000236793880298738,0.003155320506148939,0.0034590901123858616
2012-07-05 00:00:00-04:00,69.24805294936075,69.26446551962025,69.24805294936075,69.25625610351562,1205400,0.0,0.0,0.0,0.00035561858072363783,0.0003555553634232136,0.003824832350199816,0.0035630136989657055
2012-07-06 00:00:00-04:00,69.2808837890625,69.28908694315075,69.27267437302457,69.2808837890625,1603300,0.0,0.0,0.0,0.00035560232291609317,0.00035553911139506,0.004212009057506009,0.003779852631622748
2012-07-09 00:00:00-04:00,69.28908694315075,69.29729635918868,69.2808837890625,69.2808837890625,561100,0.0,0.0,0.0,0.0,0.0,0.004212009057506009,0.003779852631622748
2012-07-10 00:00:00-04:00,69.29729635918868,69.29729635918868,69.2808837890625,69.2808837890625,490200,0.0,0.0,0.0,0.0,0.0,0.004077880623938207,0.003779852631622748
2012-07-11 00:00:00-04:00,69.28907775878906,69.29728717373882,69.28087460578816,69.28907775878906,559500,0.0,0.0,0.0,0.00011827172631795335,0.00011826473276875089,0.002854038116245385,0.003348699094133666
2012-07-12 00:00:00-04:00,69.2972791724239,69.30548858642578,69.28906975842203,69.30548858642578,356800,0.0,0.0,0.0,0.00023684580842386893,0.00023681776488329427,0.0024530173756029967,0.003372122750556831
2012-07-13 00:00:00-04:00,69.31366711479343,69.33008593696438,69.29725455456838,69.3218765258789,634100,0.0,0.0,0.0,0.00023645947510630982,0.00023643152297090408,0.0018783734031152955,0.0034287540913617216
2012-07-16 00:00:00-04:00,69.3465576171875,69.36297645335601,69.3465576171875,69.3465576171875,830800,0.0,0.0,0.0,0.000356036110756186,0.0003559727449400045,0.0021469473524001617,0.003429177773878698
2012-07-17 00:00:00-04:00,69.33834838867188,69.34655154408648,69.33013897130657,69.33834838867188,2200000,0.0,0.0,0.0,-0.00011837975521356014,-0.00011838676264981354,0.0028535184660319333,0.0033183772035629074
2012-07-18 00:00:00-04:00,69.33833901635262,69.36296100316972,69.33833901635262,69.35475158691406,2998500,0.0,0.0,0.0,0.00023656747850764326,0.0002365395008340177,0.002852848096398715,0.003300341270151901
2012-07-19 00:00:00-04:00,69.36295926045109,69.37937183060018,69.36295926045109,69.37116241455078,1443300,0.0,0.0,0.0,0.00023662153293346755,0.0002365935424738869,0.002852614069451154,0.002908611404039734
2012-07-20 00:00:00-04:00,69.37113934156389,69.38755816820174,69.36293619019257,69.37934875488281,2246300,0.0,0.0,0.0,0.0001180078298690379,0.00011800086749282059,0.002853613604458183,0.002908617779947595
2012-07-23 00:00:00-04:00,69.38758087158203,69.39579028758705,69.371162039572,69.38758087158203,403900,0.0,0.0,0.0,0.00011865370383201679,0.00011864666503808073,0.0023004990768719794,0.0029086246238047364
2012-07-24 00:00:00-04:00,69.37937183060018,69.38758124664957,69.37116241455078,69.37116241455078,2868800,0.0,0.0,0.0,-0.00023661953371223454,-0.00023664753253090036,0.003085925902700461,0.003139614630141626
2012-07-25 00:00:00-04:00,69.39576758152066,69.39576758152066,69.37113934156389,69.37934875488281,1007100,0.0,0.0,0.0,0.0001180078298690379,0.00011800086749282059,0.0028480322207264986,0.002879929937852219
2012-07-26 00:00:00-04:00,69.37113934156389,69.37934875488281,69.37113934156389,69.37934875488281,2028400,0.0,0.0,0.0,0.0,0.0,0.0024481256211428826,0.002879929937852219
2012-07-27 00:00:00-04:00,69.34654410178021,69.36296293474875,69.31371269779319,69.33013153076172,907800,0.0,0.0,0.0,-0.0007093929966822676,-0.0007096447349554246,0.005536745307453008,0.004108234103099256
2012-07-30 00:00:00-04:00,69.35472088523002,69.37113344852602,69.34651147260848,69.36293029785156,2318600,0.0,0.0,0.0,0.0004730809875255204,0.0004729691199953519,0.006972887869977696,0.004331278896350981
2012-07-31 00:00:00-04:00,69.38755816820174,69.39576758152066,69.37113934156389,69.37934875488281,917000,0.0,0.0,0.0,0.00023670362484318197,0.00023667561496011508,0.007073490877848829,0.004292274430113798
2012-08-01 00:00:00-04:00,69.40072328099,69.40072328099,69.36788177490234,69.36788177490234,2012600,0.026,0.0,0.0,-0.00016527944101896175,-0.00016529310117095579,0.007121235689427564,0.004226030706159735
2012-08-02 00:00:00-04:00,69.37610626220703,69.39252388628114,69.36789431823101,69.37610626220703,591400,0.0,0.0,0.0,0.00011856333355231286,0.00011855630547579064,0.007205077032137897,0.0041169863751097345
2012-08-03 00:00:00-04:00,69.35965999966737,69.36786567637735,69.3432361184967,69.35144805908203,909300,0.0,0.0,0.0,-0.00035542789086207005,-0.0003554910703258106,0.005196381519531917,0.004271288436238398
2012-08-06 00:00:00-04:00,69.3678248125011,69.3678248125011,69.35140720487723,69.359619140625,2344700,0.0,0.0,0.0,0.0001178213544439366,0.00011781441405330056,0.003865373451594144,0.004273127993519001
2012-08-07 00:00:00-04:00,69.34319983526744,69.34319983526744,69.318570290274,69.3267822265625,644100,0.0,0.0,0.0,-0.000473429849664031,-0.00047354195295873434,0.004280847877919005,0.004668767320326882
2012-08-08 00:00:00-04:00,69.32682224719976,69.32682224719976,69.29398074695924,69.30219268798828,1274600,0.0,0.0,0.0,-0.0003546903200246643,-0.00035475323751414667,0.00452343729816825,0.0048526342363061
2012-08-09 00:00:00-04:00,69.29398074695924,69.31039836514165,69.29398074695924,69.30219268798828,557300,0.0,0.0,0.0,0.0,0.0,0.004070482144194035,0.0047777171679397575
2012-08-10 00:00:00-04:00,69.32686123763976,69.32686123763976,69.31864929199219,69.31864929199219,622900,0.0,0.0,0.0,0.00023746151983949915,0.00023743333031532677,0.004863768060919965,0.004778382704794062
2012-08-13 00:00:00-04:00,69.318570290274,69.3267822265625,69.318570290274,69.3267822265625,619000,0.0,0.0,0.0,0.00011732678944809116,0.00011731990719863962,0.004862408562516341,0.004613241860426708
2012-08-14 00:00:00-04:00,69.31862148825219,69.31862148825219,69.30220386742138,69.31040954589844,1756500,0.0,0.0,0.0,-0.0002361667473698148,-0.00023619463912758667,0.0038932033356341373,0.004667146012615355
2012-08-15 00:00:00-04:00,69.2940319544218,69.30224390151939,69.28582000732422,69.28582000732422,694000,0.0,0.0,0.0,-0.00035477410587125835,-0.00035483705309282646,0.0038936202436373707,0.004707655083940895
2012-08-16 00:00:00-04:00,69.29395073041242,69.30216266788425,69.2693211818699,69.27752685546875,797700,0.0,0.0,0.0,-0.00011969479259377191,-0.00011970195658712644,0.0038948738769742945,0.004588649891794298
2012-08-17 00:00:00-04:00,69.2940319544218,69.2940319544218,69.28582000732422,69.28582000732422,577100,0.0,0.0,0.0,0.00011970912115222276,0.0001197019565871494,0.003360025776467855,0.0045895659640515065
2012-08-20 00:00:00-04:00,69.28582000732422,69.30224390151939,69.28582000732422,69.28582000732422,536500,0.0,0.0,0.0,0.0,0.0,0.002974698995075517,0.004544875164725212
2012-08-21 00:00:00-04:00,69.28582000732422,69.2940319544218,69.26940237700937,69.28582000732422,1660500,0.0,0.0,0.0,0.0,0.0,0.0028546638419080735,0.004509601086317257
2012-08-22 00:00:00-04:00,69.31035835398549,69.33498789897894,69.29394074528055,69.3267822265625,632300,0.0,0.0,0.0,0.000591206385865739,0.0005910316922203362,0.004406954098961253,0.005040951227714421
2012-08-23 00:00:00-04:00,69.33502197265625,69.35144585330454,69.32681629620726,69.33502197265625,488900,0.0,0.0,0.0,0.00011885372188236154,0.00011884665933835978,0.003890696447538933,0.00507035585086677
2012-08-24 00:00:00-04:00,69.33502197265625,69.3432339129804,69.31860435588311,69.33502197265625,646600,0.0,0.0,0.0,0.0,0.0,0.004069064999966525,0.004393250936990669
2012-08-27 00:00:00-04:00,69.33498789897894,69.33498789897894,69.3267822265625,69.3267822265625,731000,0.0,0.0,0.0,-0.00011883959735381477,-0.00011884665933826551,0.00440403674971931,0.004042671730918756
2012-08-28 00:00:00-04:00,69.33502197265625,69.33502197265625,69.31860435588311,69.33502197265625,759300,0.0,0.0,0.0,0.00011885372188236154,0.00011884665933835978,0.004282140566534845,0.003961924325889401
2012-08-29 00:00:00-04:00,69.32681629620726,69.33502197265625,69.31860435588311,69.33502197265625,512600,0.0,0.0,0.0,0.0,0.0,0.001578483174964779,0.00393146078780562
2012-08-30 00:00:00-04:00,69.34322357177734,69.35964744997632,69.32680595745258,69.34322357177734,664900,0.0,0.0,0.0,0.00011828941403280169,0.00011828241839173366,0.0015763453679822292,0.00393132947690884
2012-08-31 00:00:00-04:00,69.35967829695014,69.40072548295444,69.35967829695014,69.38430786132812,944900,0.0,0.0,0.0,0.0005924773530070482,0.0005923019075950035,0.004290737064662777,0.004293602365338673
2012-09-04 00:00:00-04:00,69.40399293632787,69.40399293632787,69.36292783914091,69.37935638427734,1795800,0.024,0.0,0.0,-7.136306757826727e-05,-7.13656140431241e-05,0.004118584626098895,0.00429112463694139
2012-09-05 00:00:00-04:00,69.37935638427734,69.38756439119143,69.37114211170913,69.37935638427734,575500,0.0,0.0,0.0,0.0,0.0,0.00426214327747717,0.0038875789464400652
2012-09-06 00:00:00-04:00,69.34651184082031,69.36293412179009,69.33829756750808,69.34651184082031,1133200,0.0,0.0,0.0,-0.0004734051332951905,-0.00047351722488319037,0.006090081734705094,0.0040653708066538535
2012-09-07 00:00:00-04:00,69.3629150390625,69.38755158656664,69.35470076801013,69.3629150390625,1666500,0.0,0.0,0.0,0.00023653962984959698,0.00023651165876211247,0.006249931261121232,0.0041269187146095706
2012-09-10 00:00:00-04:00,69.35471984847784,69.36293412179009,69.34651184082031,69.34651184082031,2298900,0.0,0.0,0.0,-0.0002364836920846214,-0.00023651165876212806,0.004213017458176097,0.004174602113118741
2012-09-11 00:00:00-04:00,69.35470076801013,69.3629150390625,69.34649276261072,69.3629150390625,526500,0.0,0.0,0.0,0.00023653962984959698,0.00023651165876211247,0.004897505623512775,0.004232463193097243
2012-09-12 00:00:00-04:00,69.3547134399414,69.36292771249462,69.3547134399414,69.3547134399414,1211800,0.0,0.0,0.0,-0.00011824184604225518,-0.0001182488371604335,0.004897406490028231,0.004155551004259454
2012-09-13 00:00:00-04:00,69.37114211170913,69.39577866375964,69.34650555965861,69.37935638427734,783900,0.0,0.0,0.0,0.00035531751360018404,0.00035525440328147364,0.0040719374528030835,0.004041892627919421
2012-09-14 00:00:00-04:00,69.37936266841456,69.37936266841456,69.33829756750808,69.34651184082031,890100,0.0,0.0,0.0,-0.0004734051332951905,-0.00047351722488319037,0.005412803245891382,0.004435037903783739
2012-09-17 00:00:00-04:00,69.34651184082031,69.35471984847784,69.34651184082031,69.34651184082031,1002700,0.0,0.0,0.0,0.0,0.0,0.005145735115926297,0.004430365439203771
2012-09-18 00:00:00-04:00,69.34650543304231,69.3547134399414,69.34650543304231,69.3547134399414,626100,0.0,0.0,0.0,0.00011826981492468747,0.00011826282160152023,0.004864081211615503,0.004434739936812895
2012-09-19 00:00:00-04:00,69.34650543304231,69.3547134399414,69.34650543304231,69.3547134399414,533300,0.0,0.0,0.0,0.0,0.0,0.004791043099955085,0.004434739936812895
2012-09-20 00:00:00-04:00,69.34651688621457,69.36293916837917,69.33830261230469,69.33830261230469,702200,0.0,0.0,0.0,-0.0002366216630818041,-0.00023664966240444186,0.003757052979886906,0.004051085686567697
2012-09-21 00:00:00-04:00,69.33829756750808,69.34651184082031,69.33008329419583,69.34651184082031,625100,0.0,0.0,0.0,0.00011839384880141246,0.00011838684080282595,0.002300361669285264,0.00405091961964303
2012-09-24 00:00:00-04:00,69.3547134399414,69.3547134399414,69.34650543304231,69.3547134399414,578200,0.0,0.0,0.0,0.00011826981492468747,0.00011826282160152023,0.0024487795300086592,0.004069410989899415
2012-09-25 00:00:00-04:00,69.33830261230469,69.34651688621457,69.33008833839482,69.33830261230469,1278800,0.0,0.0,0.0,-0.0002366216630818041,-0.00023664966240444186,0.0028484734069818374,0.004141334550508281
2012-09-26 00:00:00-04:00,69.34650543304231,69.3547134399414,69.33829116048909,69.3547134399414,628800,0.0,0.0,0.0,0.0002366776661446579,0.0002366496624043182,0.0035139792036201797,0.0042036856764946
2012-09-27 00:00:00-04:00,69.35470076801013,69.37112931011488,69.34649276261072,69.3629150390625,446100,0.0,0.0,0.0,0.00011825582882973862,0.00011824883716041086,0.002848511161768266,0.004219304938398799
2012-09-28 00:00:00-04:00,69.3793449351418,69.39576721191406,69.37113066392912,69.39576721191406,876400,0.0,0.0,0.0,0.0004736273386587442,0.00047351521263335204,0.004073766600896275,0.004507612382319247
2012-10-01 00:00:00-04:00,69.39742279052734,69.39742279052734,69.38920637895995,69.39742279052734,2690600,0.022,0.0,0.0,2.385705468488375e-05,2.38567701098807e-05,0.004162645790382686,0.0040034701236057
2012-10-02 00:00:00-04:00,69.38919022557262,69.38919022557262,69.38097381591797,69.38097381591797,677300,0.0,0.0,0.0,-0.00023702572729578097,-0.00023705382233306648,0.004164846384107466,0.004090089070335668
2012-10-03 00:00:00-04:00,69.38097381591797,69.38919022557262,69.38097381591797,69.38097381591797,2717100,0.0,0.0,0.0,0.0,0.0,0.004096520623125716,0.004090089070335668
2012-10-04 00:00:00-04:00,69.38097381591797,69.38919022557262,69.37275740626332,69.38097381591797,552900,0.0,0.0,0.0,0.0,0.0,0.004105221604674135,0.0036868326035015895
2012-10-05 00:00:00-04:00,69.36457735768867,69.37278750362104,69.34814453125,69.34814453125,1617700,0.0,0.0,0.0,-0.00047317416955072744,-0.0004732861517742161,0.00342711883903034,0.003994285219955512
2012-10-08 00:00:00-04:00,69.34813734739743,69.36457017213381,69.34813734739743,69.35635375976562,350600,0.0,0.0,0.0,0.00011837704629469314,0.00011837004028504344,0.003756906606471447,0.00392617869853973
2012-10-09 00:00:00-04:00,69.34813734739743,69.35635375976562,69.34813734739743,69.35635375976562,1039400,0.0,0.0,0.0,0.0,0.0,0.003660879042713078,0.003831500027352786
2012-10-10 00:00:00-04:00,69.34814453125,69.35636094446933,69.34814453125,69.34814453125,494500,0.0,0.0,0.0,-0.0001183630348282616,-0.00011837004028506536,0.003612458873121565,0.0038315476820216542
2012-10-11 00:00:00-04:00,69.356300812488,69.356300812488,69.33987426757812,69.33987426757812,624400,0.0,0.0,0.0,-0.00011925717303296057,-0.00011926428473504042,0.003513500044915367,0.003603648264428062
2012-10-12 00:00:00-04:00,69.33992002101519,69.36456298828125,69.33992002101519,69.36456298828125,479000,0.0,0.0,0.0,0.00035605372758329423,0.0003559903554969634,0.003153034683341415,0.003444517431163845
2012-10-15 00:00:00-04:00,69.36457735768867,69.36457735768867,69.34814453125,69.34814453125,342800,0.0,0.0,0.0,-0.00023669805335646554,-0.00023672607076189435,0.003621989153015881,0.003557031995983559
2012-10-16 00:00:00-04:00,69.34814453125,69.35636094446933,69.33993438531763,69.34814453125,571500,0.0,0.0,0.0,0.0,0.0,0.003621989153015881,0.003530077444504873
2012-10-17 00:00:00-04:00,69.33170320882287,69.33991962029263,69.30706024169922,69.30706024169922,563400,0.0,0.0,0.0,-0.000592435310684758,-0.0005926108698251446,0.005486643743071255,0.00409996741696979
2012-10-18 00:00:00-04:00,69.30704406915746,69.31525421142578,69.29882765960497,69.31525421142578,1273100,0.0,0.0,0.0,0.00011822705649300325,0.00011822006822535587,0.005737780363692804,0.004061058684229601
2012-10-19 00:00:00-04:00,69.29882765960497,69.32347062097827,69.29882765960497,69.31525421142578,426500,0.0,0.0,0.0,0.0,0.0,0.004489326872219476,0.004030494218610809
2012-10-22 00:00:00-04:00,69.29061126708984,69.30704408619887,69.29061126708984,69.29061126708984,264300,0.0,0.0,0.0,-0.00035551978588688193,-0.0003555829980285158,0.004720243127464355,0.004159803413456039
2012-10-23 00:00:00-04:00,69.31528517369141,69.32350158691406,69.29885861453306,69.32350158691406,491700,0.0,0.0,0.0,0.0004746720980342012,0.0004745594768712149,0.006600112813028998,0.00448173349482909
2012-10-24 00:00:00-04:00,69.30704406915746,69.33168703053076,69.30704406915746,69.31525421142578,1059300,0.0,0.0,0.0,-0.00011896940142208656,-0.00011897647884266049,0.00487372656973391,0.004398463684119043
2012-10-25 00:00:00-04:00,69.29061126708984,69.30704408619887,69.29061126708984,69.29061126708984,588200,0.0,0.0,0.0,-0.00035551978588688193,-0.0003555829980285158,0.005424130813105416,0.004509033866800976
2012-10-26 00:00:00-04:00,69.31527038588335,69.31527038588335,69.29884383022946,69.30706024169922,478400,0.0,0.0,0.0,0.00023739110261233876,0.0002373629298031003,0.005864058300294208,0.0042118947011390885
2012-10-31 00:00:00-04:00,69.31528514565962,69.34814453125,69.31528514565962,69.34814453125,1086600,0.0,0.0,0.0,0.0005927864983381603,0.0005926108698252342,0.006328496997423769,0.004810729520543658
2012-11-01 00:00:00-04:00,69.29064264573444,69.33993485809958,69.29064264573444,69.33171844482422,732800,0.0,0.0,0.0,-0.00023686410843160033,-0.00023689216516504144,0.006156255969263702,0.004810639745447032
2012-11-02 00:00:00-04:00,69.30707502775572,69.32350158691406,69.30707502775572,69.32350158691406,353200,0.0,0.0,0.0,-0.00011851513411853531,-0.00011852215759197362,0.0061555932436689114,0.0048174411841196765
2012-11-05 00:00:00-05:00,69.34814455929508,69.34814455929508,69.32350158691406,69.32350158691406,2192500,0.0,0.0,0.0,0.0,0.0,0.0052218090003651714,0.0048174411841196765
2012-11-06 00:00:00-05:00,69.33172566120724,69.33994207533782,69.29886627197266,69.29886627197266,583400,0.0,0.0,0.0,-0.0003553674349602298,-0.00035543059293044536,0.005859872884152285,0.004693963436936037
2012-11-07 00:00:00-05:00,69.34813734739743,69.36457017213381,69.34813734739743,69.35635375976562,697600,0.0,0.0,0.0,0.0008295588497415629,0.0008292149559725752,0.007453335344169949,0.005595445678551153
2012-11-08 00:00:00-05:00,69.35635375976562,69.36457017213381,69.34813734739743,69.35635375976562,779500,0.0,0.0,0.0,0.0,0.0,0.007113474017693075,0.005595445678551153
2012-11-09 00:00:00-05:00,69.35635375976562,69.37278031721569,69.34813734739743,69.35635375976562,2365500,0.0,0.0,0.0,0.0,0.0,0.006962570729622132,0.005577967557219133
2012-11-12 00:00:00-05:00,69.34813734739743,69.36457017213381,69.34813734739743,69.35635375976562,524300,0.0,0.0,0.0,0.0,0.0,0.006962570729622132,0.005558484482417257
2012-11-13 00:00:00-05:00,69.37277313251282,69.37277313251282,69.36456298828125,69.36456298828125,917300,0.0,0.0,0.0,0.0001183630348282616,0.00011835603047695346,0.005737193594518892,0.005425767522239161
2012-11-14 00:00:00-05:00,69.36454726389292,69.38097381591797,69.36454726389292,69.38097381591797,2273000,0.0,0.0,0.0,0.00023658806355464357,0.00023656008101220532,0.0016797311668966754,0.005411933021265349
2012-11-15 00:00:00-05:00,69.38097381591797,69.38919022557262,69.37275740626332,69.38097381591797,1048700,0.0,0.0,0.0,0.0,0.0,0.0016797311668966754,0.005411933021265349
2012-11-16 00:00:00-05:00,69.37275740626332,69.38919022557262,69.37275740626332,69.38097381591797,810500,0.0,0.0,0.0,0.0,0.0,0.0016797311668966754,0.004901877892399465
2012-11-19 00:00:00-05:00,69.37276458740234,69.38098099790751,69.37276458740234,69.37276458740234,951700,0.0,0.0,0.0,-0.00011832103333409005,-0.00011832803381976326,0.0021413650415144643,0.004932169865797132
2012-11-20 00:00:00-05:00,69.37278031721569,69.37278031721569,69.35635375976562,69.35635375976562,1248500,0.0,0.0,0.0,-0.00023656009291717073,-0.00023658807766942195,0.0027852389150540406,0.005029106104833634
2012-11-21 00:00:00-05:00,69.33993438531763,69.34814453125,69.33993438531763,69.34814453125,422200,0.0,0.0,0.0,-0.0001183630348282616,-0.00011837004028506536,0.001571061982928575,0.004855644560518984
2012-11-23 00:00:00-05:00,69.33171797209829,69.34814453125,69.33171797209829,69.34814453125,157800,0.0,0.0,0.0,0.0,0.0,0.001571061982928575,0.004578491951972325
2012-11-26 00:00:00-05:00,69.34808440639229,69.356300812488,69.33987426757812,69.33987426757812,746400,0.0,0.0,0.0,-0.00011925717303296057,-0.00011926428473504042,0.0013277073311704103,0.004578606087988585
2012-11-27 00:00:00-05:00,69.33171797209829,69.35636094446933,69.33171797209829,69.34814453125,527000,0.0,0.0,0.0,0.00011927139700262934,0.00011926428473507897,0.0021478502321214256,0.004370617670702864
2012-11-28 00:00:00-05:00,69.35635375976562,69.36457017213381,69.34813734739743,69.35635375976562,352700,0.0,0.0,0.0,0.00011837704629469314,0.00011837004028504344,0.0018861773409762285,0.004320006101644359
2012-11-29 00:00:00-05:00,69.34813734739743,69.36457017213381,69.34813734739743,69.35635375976562,496300,0.0,0.0,0.0,0.0,0.0,0.0015806452026207963,0.0037852813891390506
2012-11-30 00:00:00-05:00,69.36456298828125,69.37277313251282,69.36456298828125,69.36456298828125,1053400,0.0,0.0,0.0,0.0001183630348282616,0.00011835603047695346,0.001688609546138702,0.003691929028446717
2012-12-03 00:00:00-05:00,69.37278747558594,69.38100583480079,69.35635702592757,69.37278747558594,1090600,0.02,0.0,0.0,0.00011856900628171019,0.00011856197753267391,0.0008423173507815567,0.003666625448341712
2012-12-04 00:00:00-05:00,69.37278747558594,69.38100583480079,69.37278747558594,69.37278747558594,1624900,0.0,0.0,0.0,0.0,0.0,0.0010297843796781558,0.003666625448341712
2012-12-05 00:00:00-05:00,69.38099384359298,69.38920593261719,69.38099384359298,69.38920593261719,591000,0.0,0.0,0.0,0.00023666999163074465,0.00023664198970633175,0.00157192349767372,0.0034236211799632955
2012-12-06 00:00:00-05:00,69.39742429041165,69.39742429041165,69.38099384359298,69.38920593261719,685300,0.0,0.0,0.0,0.0,0.0,0.00157192349767372,0.0018898303194216498
2012-12-07 00:00:00-05:00,69.36455712800404,69.38920593261719,69.36455712800404,69.38920593261719,929500,0.0,0.0,0.0,0.0,0.0,0.0016806063604778586,0.0018898303194216498
2012-12-10 00:00:00-05:00,69.38099384359298,69.38920593261719,69.38099384359298,69.38920593261719,770500,0.0,0.0,0.0,0.0,0.0,0.0016801902633037105,0.0018898303194216498
2012-12-11 00:00:00-05:00,69.38920593261719,69.38920593261719,69.37277548579851,69.38920593261719,1157700,0.0,0.0,0.0,0.0,0.0,0.0016801902633037105,0.0018898303194216498
2012-12-12 00:00:00-05:00,69.3809814453125,69.38919353286923,69.37276308898664,69.3809814453125,1108500,0.0,0.0,0.0,-0.00011852689757929635,-0.00011853392244711725,0.000841457499027082,0.00191926846409475
2012-12-13 00:00:00-05:00,69.3809814453125,69.38919353286923,69.37276308898664,69.3809814453125,790400,0.0,0.0,0.0,0.0,0.0,0.000841457499027082,0.0017258012303105227
2012-12-14 00:00:00-05:00,69.38098471647557,69.39741516113281,69.38098471647557,69.39741516113281,566300,0.0,0.0,0.0,0.0002368619681931694,0.00023683392082599687,0.0020598906566216086,0.0019196940710812101
2012-12-17 00:00:00-05:00,69.38919353286923,69.39741188919508,69.36454473266079,69.3809814453125,503900,0.0,0.0,0.0,-0.0002368058778868809,-0.00023683392082602439,0.0027884757506460296,0.0021133525706127226
2012-12-18 00:00:00-05:00,69.36453069219179,69.37274904685412,69.33988189697266,69.33988189697266,1295600,0.0,0.0,0.0,-0.0005923748480300972,-0.0005925503713308686,0.004867529582699709,0.002964096799090524
2012-12-19 00:00:00-05:00,69.34811251546633,69.35633087158203,69.34811251546633,69.35633087158203,1485100,0.0,0.0,0.0,0.00023722242033552554,0.00023719428754623493,0.005579524656454535,0.002989797041406558
2012-12-20 00:00:00-05:00,69.36457498229784,69.36457498229784,69.34814453125,69.34814453125,1167500,0.0,0.0,0.0,-0.00011803306531865676,-0.00011804003176909742,0.005547706552057541,0.0029896240065791727
2012-12-21 00:00:00-05:00,69.36454295892877,69.37276131504447,69.35633087158203,69.35633087158203,899300,0.0,0.0,0.0,0.00011804699876782898,0.0001180400317691534,0.005150334366753037,0.003018837710175247
2012-12-24 00:00:00-05:00,69.35633087158203,69.36454295892877,69.35633087158203,69.35633087158203,388400,0.0,0.0,0.0,0.0,0.0,0.0050812354736676285,0.0029827155642283697
2012-12-26 00:00:00-05:00,69.35717010498047,69.37361091239764,69.35717010498047,69.35717010498047,677200,0.021,0.0,0.0,1.2100314245255817e-05,1.2100241037043961e-05,0.002127628818660724,0.0029556757273412177
2012-12-27 00:00:00-05:00,69.35718099283469,69.3818359375,69.35718099283469,69.3818359375,1351200,0.0,0.0,0.0,0.00035563493265655666,0.00035557170954301484,0.0028335177172414327,0.003185788503676282
2012-12-28 00:00:00-05:00,69.37362180283277,69.39005634249904,69.37362180283277,69.3818359375,1334500,0.0,0.0,0.0,0.0,0.0,0.0024252284108596473,0.003185788503676282
2012-12-31 00:00:00-05:00,69.40649088216531,69.40649088216531,69.35718099283469,69.3818359375,818700,0.0,0.0,0.0,0.0,0.0,0.002504663086278113,0.00316415420044325
2013-01-02 00:00:00-05:00,69.36540222167969,69.37362262677635,69.36540222167969,69.36540222167969,2469100,0.0,0.0,0.0,-0.0002368590510507529,-0.00023688710658601098,0.0033609290959233256,0.0032562677510861353
2013-01-03 00:00:00-05:00,69.37362262677635,69.39005716663782,69.35718181658301,69.36540222167969,1816100,0.0,0.0,0.0,0.0,0.0,0.00336521663833749,0.0032562677510861353
2013-01-04 00:00:00-05:00,69.35716301506424,69.37360382080078,69.35716301506424,69.37360382080078,1028700,0.0,0.0,0.0,0.00011823760633400404,0.00011823061681917181,0.002058614176521752,0.0031654120440791863
2013-01-07 00:00:00-05:00,69.35716301506424,69.37360382080078,69.35716301506424,69.37360382080078,672300,0.0,0.0,0.0,0.0,0.0,0.002058614176521752,0.0031654120440791863
2013-01-08 00:00:00-05:00,69.36540139783372,69.39005634249904,69.36540139783372,69.3818359375,712300,0.0,0.0,0.0,0.0001186635297263372,0.00011865648976661245,0.002302670752972792,0.0031988414656987495
2013-01-09 00:00:00-05:00,69.39830289104695,69.4065170288086,69.39008248295114,69.4065170288086,1159100,0.0,0.0,0.0,0.00035572842625297696,0.00035566516989729937,0.0023053851875182822,0.0034462961717839596
2013-01-10 00:00:00-05:00,69.39003399217998,69.40646852655274,69.39003399217998,69.39825439453125,1687300,0.0,0.0,0.0,-0.0001190469516560988,-0.00011905403830688313,0.0027940932855537903,0.003477784329729752
2013-01-11 00:00:00-05:00,69.39005279541016,69.39827319998898,69.38183239083133,69.39005279541016,824000,0.0,0.0,0.0,-0.00011818163428822803,-0.00011818861828782862,0.0031501352880539254,0.003477619859958409
2013-01-14 00:00:00-05:00,69.40648733423633,69.40648733423633,69.39005279541016,69.39005279541016,472400,0.0,0.0,0.0,0.0,0.0,0.0031501352880539254,0.003477619859958409
2013-01-15 00:00:00-05:00,69.40646852655274,69.41468892890401,69.39825439453125,69.39825439453125,521400,0.0,0.0,0.0,0.00011819560283776731,0.00011818861828785886,0.003149470381426839,0.003397988860400203
2013-01-16 00:00:00-05:00,69.39825439453125,69.40646852655274,69.39825439453125,69.39825439453125,499800,0.0,0.0,0.0,0.0,0.0,0.0015730088553464298,0.0032804644549891686
2013-01-17 00:00:00-05:00,69.38183239083133,69.39827319998898,69.38183239083133,69.39005279541016,5547800,0.0,0.0,0.0,-0.00011818163428822803,-0.00011818861828782862,0.0015697167076944953,0.002446755726072169
2013-01-18 00:00:00-05:00,69.39827319998898,69.39827319998898,69.38183239083133,69.39005279541016,390500,0.0,0.0,0.0,0.0,0.0,0.0013266639544265442,0.0023303566760597793
2013-01-22 00:00:00-05:00,69.39830289104695,69.4147374369044,69.39008248295114,69.4065170288086,956100,0.0,0.0,0.0,0.00023727080085933494,0.00023724265659465154,0.002144141867294039,0.0023831864702775806
2013-01-23 00:00:00-05:00,69.4065170288086,69.4147374369044,69.4065170288086,69.4065170288086,747300,0.0,0.0,0.0,0.0,0.0,0.002061057204297537,0.00237008057335945
2013-01-24 00:00:00-05:00,69.4065170288086,69.4147374369044,69.39830289104695,69.4065170288086,595500,0.0,0.0,0.0,0.0,0.0,0.002061057204297537,0.00237008057335945
2013-01-25 00:00:00-05:00,69.39825875907539,69.39825875907539,69.36538341793252,69.37360382080078,694000,0.0,0.0,0.0,-0.00047420918692908653,-0.00047432165966404544,0.00412388906827426,0.0029845848351310873
2013-01-28 00:00:00-05:00,69.340769627236,69.36542458014112,69.340769627236,69.34898376464844,642300,0.0,0.0,0.0,-0.00035489083450157555,-0.000354953823156954,0.00460816842992996,0.002964713060455729
2013-01-29 00:00:00-05:00,69.38182504577539,69.38182504577539,69.35717010498047,69.35717010498047,672300,0.0,0.0,0.0,0.00011804557021077855,0.00011803860338071891,0.004075429601033665,0.0030065262074351557
2013-01-30 00:00:00-05:00,69.36540139783372,69.3818359375,69.35718099283469,69.3818359375,526500,0.0,0.0,0.0,0.00035563493265655666,0.00035557170954301484,0.005418117513365367,0.0032863894097686676
2013-01-31 00:00:00-05:00,69.39827319998898,69.39827319998898,69.38183239083133,69.39005279541016,641600,0.0,0.0,0.0,0.00011842952552543196,0.00011842251330280453,0.005578853627053628,0.003187221944805972
2013-02-01 00:00:00-05:00,69.39906038477375,69.42372145017353,69.38262176513672,69.38262176513672,1081200,0.021,0.0,0.0,-0.0001070907136409005,-0.00010709644826079458,0.004263020361343724,0.0032176711249710826
2013-02-04 00:00:00-05:00,69.39909362792969,69.41553852733252,69.39087745011973,69.39909362792969,749700,0.0,0.0,0.0,0.00023740617425382915,0.00023737799786745274,0.0027252294038043433,0.003296484472918025
2013-02-05 00:00:00-05:00,69.39087745011973,69.39909362792969,69.39087745011973,69.39909362792969,2165500,0.0,0.0,0.0,0.0,0.0,0.002919322138144692,0.003296484472918025
2013-02-06 00:00:00-05:00,69.40728200990088,69.4155044555664,69.40728200990088,69.4155044555664,1691600,0.0,0.0,0.0,0.00023647034534346467,0.00023644239063823694,0.0023902484511221247,0.0033697233233136014
2013-02-07 00:00:00-05:00,69.42372062934355,69.42372062934355,69.40728200990088,69.4155044555664,672800,0.0,0.0,0.0,0.0,0.0,0.0024700291879433418,0.003133985055673553
2013-02-08 00:00:00-05:00,69.39906024812534,69.42372131347656,69.39906024812534,69.42372131347656,590500,0.0,0.0,0.0,0.0001183720837960589,0.0001183650783737733,0.0018806465951514812,0.003121132332159902
2013-02-11 00:00:00-05:00,69.40731607763111,69.41553852733252,69.39909362792969,69.39909362792969,755100,0.0,0.0,0.0,-0.0003547445322855669,-0.00035480746901190663,0.0035119443204991684,0.003362057218968375
2013-02-12 00:00:00-05:00,69.39906038477375,69.39906038477375,69.38262176513672,69.38262176513672,529600,0.0,0.0,0.0,-0.00023734982593981435,-0.00023737799786757412,0.0038953330309628533,0.0034719441259861935
2013-02-13 00:00:00-05:00,69.3991346635722,69.3991346635722,69.37447357177734,69.37447357177734,505800,0.0,0.0,0.0,-0.00011743853362811141,-0.00011744543007264594,0.002970783435861469,0.003461485366915561
2013-02-14 00:00:00-05:00,69.38262176513672,69.39084421089946,69.38262176513672,69.38262176513672,580400,0.0,0.0,0.0,0.00011745232705728803,0.00011744543007276174,0.003357162738950786,0.0034941405106607756
2013-02-15 00:00:00-05:00,69.38262380643674,69.3908462524414,69.38262380643674,69.3908462524414,1113600,0.0,0.0,0.0,0.00011853814536633145,0.00011853112027553334,0.003357827003700524,0.00349908032146341
2013-02-19 00:00:00-05:00,69.39084421089946,69.39906038477375,69.38262176513672,69.38262176513672,793000,0.0,0.0,0.0,-0.0001185240957397582,-0.0001185311202754503,0.002519458775022203,0.0035245478444059153
2013-02-20 00:00:00-05:00,69.38262176513672,69.39084421089946,69.38262176513672,69.38262176513672,480300,0.0,0.0,0.0,0.0,0.0,0.0018730256309202299,0.003406591600050655
2013-02-21 00:00:00-05:00,69.40736389160156,69.41558634696733,69.3991414362358,69.40736389160156,610700,0.0,0.0,0.0,0.0003566040866629372,0.00035654051853761137,0.0027962599331389716,0.003656476105813752
2013-02-22 00:00:00-05:00,69.40736389160156,69.41558634696733,69.40736389160156,69.40736389160156,693200,0.0,0.0,0.0,0.0,0.0,0.0028599505263052715,0.003656476105813752
2013-02-25 00:00:00-05:00,69.39906024812534,69.43194375922312,69.39906024812534,69.42372131347656,433500,0.0,0.0,0.0,0.00023567271479363328,0.00023564494834182856,0.0030931646524263202,0.0032829531841964705
2013-02-26 00:00:00-05:00,69.42376353356451,69.4402084350586,69.42376353356451,69.4402084350586,1370600,0.0,0.0,0.0,0.0002374854195381637,0.00023745722433979444,0.0025275681223462403,0.0030091400174324548
2013-02-27 00:00:00-05:00,69.43198598431155,69.4402084350586,69.43198598431155,69.4402084350586,1158800,0.0,0.0,0.0,0.0,0.0,0.0025275681223462403,0.0030111031247808074
2013-02-28 00:00:00-05:00,69.43194580078125,69.4483906927579,69.43194580078125,69.43194580078125,663800,0.0,0.0,0.0,-0.00011898919176012157,-0.00011899627153561617,0.00252265176442431,0.0028602669442447373
2013-03-01 00:00:00-05:00,69.43854551285206,69.44676971435547,69.43854551285206,69.44676971435547,1563100,0.018,0.0,0.0,0.00021350278179954607,0.00021347999332417222,0.0025991638307252107,0.002915923654770255
2013-03-04 00:00:00-05:00,69.43860626220703,69.44683047090551,69.43860626220703,69.43860626220703,485800,0.0,0.0,0.0,-0.00011754977491418295,-0.00011755668443045416,0.002758255068613006,0.00292318985321868
2013-03-05 00:00:00-05:00,69.43035888671875,69.43857681869947,69.43035888671875,69.43035888671875,583200,0.0,0.0,0.0,-0.00011877219218858759,-0.00011877924616395583,0.002295564792372333,0.0028777879129162813
2013-03-06 00:00:00-05:00,69.422119140625,69.422119140625,69.41389493725484,69.422119140625,452800,0.0,0.0,0.0,-0.00011867641512830485,-0.00011868345773125812,0.002356980551548267,0.002920628146789973
2013-03-07 00:00:00-05:00,69.41391861653818,69.42214282271388,69.40570068359375,69.40570068359375,519800,0.0,0.0,0.0,-0.00023650181288747962,-0.00023652978385143854,0.002691056986306046,0.0029309071144209965
2013-03-08 00:00:00-05:00,69.39746777505106,69.41390991210938,69.38924356990667,69.41390991210938,727400,0.0,0.0,0.0,0.0001182788796132428,0.00011827188521808222,0.0020567168382290197,0.002964556599126348
2013-03-11 00:00:00-04:00,69.41391861653818,69.41391861653818,69.40570068359375,69.40570068359375,1269800,0.0,0.0,0.0,-0.00011826489137434226,-0.00011827188521803103,0.002057224786080326,0.0029570287188363676
2013-03-12 00:00:00-04:00,69.41389493725484,69.422119140625,69.4056770071138,69.422119140625,1154800,0.0,0.0,0.0,0.0002365577592264856,0.00023652978385153484,0.003085742099893839,0.0027908078111842627
2013-03-13 00:00:00-04:00,69.40570068359375,69.41391861653818,69.39747647741805,69.40570068359375,858800,0.0,0.0,0.0,-0.00023650181288747962,-0.00023652978385143854,0.0034104548615649616,0.0027897857903261365
2013-03-14 00:00:00-04:00,69.39747647741805,69.41391861653818,69.39747647741805,69.40570068359375,480900,0.0,0.0,0.0,0.0,0.0,0.0029684603661708007,0.002745721601441123
2013-03-15 00:00:00-04:00,69.41391047629628,69.43035888671875,69.40569254431557,69.43035888671875,599400,0.0,0.0,0.0,0.0003552763372769441,0.00035521324158285865,0.0038954078286981253,0.00297498970618939
2013-03-18 00:00:00-04:00,69.42210338307291,69.44676971435547,69.42210338307291,69.44676971435547,416900,0.0,0.0,0.0,0.00023636386013059507,0.00023633593059434248,0.003756266876634047,0.0030476940964228277
2013-03-19 00:00:00-04:00,69.44683047090551,69.44683047090551,69.43038832674172,69.43860626220703,528700,0.0,0.0,0.0,-0.00011754977491418295,-0.00011755668443045416,0.003892901730278918,0.0030470225606036906
2013-03-20 00:00:00-04:00,69.42213468150752,69.43035888671875,69.42213468150752,69.43035888671875,592000,0.0,0.0,0.0,-0.00011877219218858759,-0.00011877924616395583,0.003411761222803168,0.0030966447577395048
2013-03-21 00:00:00-04:00,69.42216411804324,69.43860626220703,69.42216411804324,69.43860626220703,691200,0.0,0.0,0.0,0.00011878630069794838,0.00011877924616398076,0.003359710275581977,0.0028756356793316483
2013-03-22 00:00:00-04:00,69.44678547750637,69.44678547750637,69.422119140625,69.422119140625,593700,0.0,0.0,0.0,-0.00023743451185898046,-0.00023746270389528787,0.0030890554229668628,0.003020170076336578
2013-03-25 00:00:00-04:00,69.422119140625,69.43034334399516,69.422119140625,69.422119140625,610500,0.0,0.0,0.0,0.0,0.0,0.0021476007715969443,0.002900773715070896
2013-03-26 00:00:00-04:00,69.43035888671875,69.43035888671875,69.41391047629628,69.43035888671875,504300,0.0,0.0,0.0,0.0001186905008914163,0.000118683457731214,0.002457477432419106,0.0028000632111313045
2013-03-27 00:00:00-04:00,69.44676971435547,69.45499391585888,69.43032758457633,69.44676971435547,1263800,0.0,0.0,0.0,0.00023636386013059507,0.00023633593059434248,0.0028536946779838105,0.0029306426057600734
2013-03-28 00:00:00-04:00,69.43035075033116,69.45501708984375,69.43035075033116,69.45501708984375,691200,0.0,0.0,0.0,0.00011875823054419143,0.00011875117934378364,0.0028536503732790102,0.002918999490864611
2013-04-01 00:00:00-04:00,69.40402447793365,69.46159362792969,69.40402447793365,69.46159362792969,1015600,0.018,0.0,0.0,9.468773260001839e-05,9.468324999962854e-05,0.0013372817169240738,0.0028421710694292615
2013-04-02 00:00:00-04:00,69.43692203144091,69.4698195849482,69.43692203144091,69.46159362792969,5059900,0.0,0.0,0.0,0.0,0.0,0.0013372817169240738,0.00280217405659287
2013-04-03 00:00:00-04:00,69.42865941019227,69.46155694632685,69.42865941019227,69.45333099365234,723400,0.0,0.0,0.0,-0.00011895255846849917,-0.00011895963388518044,0.002117827780755149,0.002802289664781368
2013-04-04 00:00:00-04:00,69.46156780643426,69.47801971435547,69.46156780643426,69.47801971435547,457100,0.0,0.0,0.0,0.00035547208967390276,0.0003554089244391762,0.002784671181320986,0.002997440871809789
2013-04-05 00:00:00-04:00,69.46979376039486,69.47801971435547,69.46979376039486,69.47801971435547,614100,0.0,0.0,0.0,0.0,0.0,0.002834569234926696,0.002820127565067889
2013-04-08 00:00:00-04:00,69.46159362792969,69.4780455419667,69.46159362792969,69.46159362792969,596500,0.0,0.0,0.0,-0.0002364213386235603,-0.00023644929055394726,0.00351760222357317,0.0029858953385689503
2013-04-09 00:00:00-04:00,69.46159362792969,69.4780455419667,69.46159362792969,69.46159362792969,1046800,0.0,0.0,0.0,0.0,0.0,0.00351760222357317,0.002934794635648321
2013-04-10 00:00:00-04:00,69.45336767091118,69.4698195849482,69.45336767091118,69.46159362792969,1647200,0.0,0.0,0.0,0.0,0.0,0.0033620697340476847,0.002843656036322898
2013-04-11 00:00:00-04:00,69.46159362792969,69.4698195849482,69.45336767091118,69.46159362792969,4089300,0.0,0.0,0.0,0.0,0.0,0.0016784250020691412,0.002670024159770548
2013-04-12 00:00:00-04:00,69.46159215838989,69.47804407207884,69.46159215838989,69.46981811523438,486700,0.0,0.0,0.0,0.00011840337768154185,0.00011839636855488271,0.0020564804805941095,0.0026794054116633208
2013-04-15 00:00:00-04:00,69.46979376039486,69.48623939375166,69.46979376039486,69.47801971435547,604000,0.0,0.0,0.0,0.00011805989051949517,0.00011805292199908354,0.0010280052994589039,0.0024378836444599182
2013-04-16 00:00:00-04:00,69.46979376039486,69.47801971435547,69.46979376039486,69.47801971435547,533500,0.0,0.0,0.0,0.0,0.0,0.0010280052994589039,0.0023195779936755058
2013-04-17 00:00:00-04:00,69.46979376039486,69.48623939375166,69.46979376039486,69.47801971435547,386900,0.0,0.0,0.0,0.0,0.0,0.0010280052994589039,0.0022622634687271053
2013-04-18 00:00:00-04:00,69.46979376039486,69.48623939375166,69.46979376039486,69.47801971435547,1195100,0.0,0.0,0.0,0.0,0.0,0.0010280052994589039,0.0021981718669024843
2013-04-19 00:00:00-04:00,69.46979376039486,69.47801971435547,69.46156780643426,69.47801971435547,591800,0.0,0.0,0.0,0.0,0.0,0.0008381420777970254,0.0021779806810669823
2013-04-22 00:00:00-04:00,69.47803215018727,69.48625183105469,69.46158023932134,69.48625183105469,797400,0.0,0.0,0.0,0.00011848519478618869,0.00011847817596990866,0.0008411614385656464,0.001957069777421711
2013-04-23 00:00:00-04:00,69.48623939375166,69.48623939375166,69.47801971435547,69.47801971435547,524900,0.0,0.0,0.0,-0.00011847115770802219,-0.00011847817596993975,0.0013299142313797066,0.0020376666647283974
2013-04-24 00:00:00-04:00,69.47803215018727,69.48625183105469,69.4698061947543,69.48625183105469,578300,0.0,0.0,0.0,0.00011848519478618869,0.00011847817596990866,0.0015735890557162725,0.0020375619745611876
2013-04-25 00:00:00-04:00,69.46979376039486,69.49446534771226,69.46979376039486,69.47801971435547,688100,0.0,0.0,0.0,-0.00011847115770802219,-0.00011847817596993975,0.0018807827414900396,0.0019728462397251676
2013-04-26 00:00:00-04:00,69.4780535651736,69.50272516451139,69.4780535651736,69.49449920654297,685900,0.0,0.0,0.0,0.00023719000995203743,0.000237161884848868,0.0025244077716466895,0.0020907525648105572
2013-04-29 00:00:00-04:00,69.49444914586795,69.51089477539062,69.49444914586795,69.51089477539062,496700,0.0,0.0,0.0,0.00023592613854117594,0.00023589831234628424,0.0028493880476995136,0.0022070016888916196
2013-04-30 00:00:00-04:00,69.51914644126967,69.51914644126967,69.50270080566406,69.50270080566406,506700,0.0,0.0,0.0,-0.00011788036613602504,-0.00011788731457244674,0.0028469160034578097,0.0022708816252672475
2013-05-01 00:00:00-04:00,69.50848838957126,69.52493734143412,69.50026077572456,69.51671600341797,1051500,0.017,0.0,0.0,0.00020164968542868422,0.00020162935686365407,0.0029917511039159865,0.002277878148877937
2013-05-02 00:00:00-04:00,69.5002486449136,69.51670386973485,69.5002486449136,69.50847625732422,544900,0.0,0.0,0.0,-0.00011852898939224144,-0.00011853601450803001,0.0029920021787844388,0.00203070202462254
2013-05-03 00:00:00-04:00,69.50844119739313,69.50844119739313,69.4837646484375,69.4837646484375,1145200,0.0,0.0,0.0,-0.0003555193584626748,-0.00035558257045229696,0.003935931222182297,0.002433731074476607
2013-05-06 00:00:00-04:00,69.5002135891325,69.5002135891325,69.4837646484375,69.4837646484375,576100,0.0,0.0,0.0,0.0,0.0,0.0032196105319391216,0.0022624406514257928
2013-05-07 00:00:00-04:00,69.4837646484375,69.5002135891325,69.4837646484375,69.4837646484375,539800,0.0,0.0,0.0,0.0,0.0,0.003236468456732361,0.0022624406514257928
2013-05-08 00:00:00-04:00,69.49201202392578,69.49201202392578,69.48378441332477,69.49201202392578,540000,0.0,0.0,0.0,0.0001186950006237808,0.00011868795692955628,0.002853842256187003,0.0022903890285934283
2013-05-09 00:00:00-04:00,69.4837646484375,69.49199225669814,69.4837646484375,69.4837646484375,353500,0.0,0.0,0.0,-0.00011868091379252377,-0.00011868795692943588,0.0028540016216110366,0.002343566399470396
2013-05-10 00:00:00-04:00,69.48374487886893,69.49197248478863,69.4672896670295,69.47551727294922,470800,0.0,0.0,0.0,-0.00011869500062366978,-0.00011870204543271755,0.0015764020516536713,0.00235719398394176
2013-05-13 00:00:00-04:00,69.47559354635848,69.47559354635848,69.45914459228516,69.45914459228516,829600,0.0,0.0,0.0,-0.00023566115527773324,-0.00023568892773113132,0.002139920834575022,0.0024624573127000346
2013-05-14 00:00:00-04:00,69.45914459228516,69.47559354635848,69.4509169773328,69.45914459228516,517900,0.0,0.0,0.0,0.0,0.0,0.002139920834575022,0.0024624573127000346
2013-05-15 00:00:00-04:00,69.46734619140625,69.47557380402063,69.46734619140625,69.46734619140625,538400,0.0,0.0,0.0,0.00011807803233443437,0.00011807106167229036,0.002136479366023725,0.0025063691242396017
2013-05-16 00:00:00-04:00,69.47553704017686,69.49199225669814,69.47553704017686,69.4837646484375,499400,0.0,0.0,0.0,0.00023634783724157948,0.00023631991149153554,0.0029637689627209935,0.0026521335167888015
2013-05-17 00:00:00-04:00,69.49202902924938,69.49202902924938,69.46734619140625,69.46734619140625,460300,0.0,0.0,0.0,-0.00023629199014074675,-0.00023631991149153007,0.0033525881483822038,0.0027862726752957276
2013-05-20 00:00:00-04:00,69.49197248478863,69.49197248478863,69.4590683369343,69.47551727294922,364700,0.0,0.0,0.0,0.00011762478331123205,0.0001176178660588291,0.002843662174734794,0.0027857576177905017
2013-05-21 00:00:00-04:00,69.4672896670295,69.48374487886893,69.4672896670295,69.47551727294922,440800,0.0,0.0,0.0,0.0,0.0,0.002843662174734794,0.002754852788762562
2013-05-22 00:00:00-04:00,69.47554325038014,69.48377085937622,69.45086669921875,69.45086669921875,1022500,0.0,0.0,0.0,-0.0003548095026572051,-0.00035487246244172,0.0038898501388659945,0.0029835765163468008
2013-05-23 00:00:00-04:00,69.46734619140625,69.47557380402063,69.4508972420071,69.46734619140625,835700,0.0,0.0,0.0,0.00023728274348067124,0.00023725459638295339,0.00389415025026859,0.0031013839318458675
2013-05-24 00:00:00-04:00,69.46731564138406,69.46731564138406,69.45086669921875,69.45086669921875,1251800,0.0,0.0,0.0,-0.0002372264537369162,-0.00023725459638296724,0.0038970129280875678,0.003061553627825131
2013-05-28 00:00:00-04:00,69.4755494354653,69.4755494354653,69.40151977539062,69.40151977539062,995800,0.0,0.0,0.0,-0.0007105299929781594,-0.0007107825390484111,0.005703547881128414,0.0037348132371580745
2013-05-29 00:00:00-04:00,69.40151977539062,69.41796871902031,69.39329216566207,69.40151977539062,796000,0.0,0.0,0.0,0.0,0.0,0.005703547881128414,0.0037418478310154
2013-05-30 00:00:00-04:00,69.4262116203298,69.4262116203298,69.40975639724833,69.41798400878906,1437300,0.0,0.0,0.0,0.00023723159740196564,0.00023720346243614335,0.0062945955533372944,0.003778416531887225
2013-05-31 00:00:00-04:00,69.42622237650977,69.42622237650977,69.38509058826237,69.4097671508789,1320700,0.0,0.0,0.0,-0.00011836785564267593,-0.00011837486167016507,0.005578745767465354,0.003778389711133186
2013-06-03 00:00:00-04:00,69.4155240555572,69.44843485825533,69.39906551566125,69.43197631835938,2606400,0.017,0.0,0.0,0.00031997179060105907,0.0003199206105448273,0.006461729209088598,0.0038636547924217977
2013-06-04 00:00:00-04:00,69.4237470484114,69.43197631835938,69.39906551566125,69.43197631835938,764900,0.0,0.0,0.0,0.0,0.0,0.0029072071344218896,0.0038636547924217977
2013-06-05 00:00:00-04:00,69.4155574080277,69.44023895263672,69.40732813412575,69.44023895263672,663900,0.0,0.0,0.0,0.00011900329956704425,0.00011899621923610659,0.002801712122744177,0.0039017764597727394
2013-06-06 00:00:00-04:00,69.43197631835938,69.44843485825533,69.4155240555572,69.43197631835938,1572400,0.0,0.0,0.0,-0.00011898913946684075,-0.0001189962192361123,0.0029333831832989137,0.0038716883754894337
2013-06-07 00:00:00-04:00,69.39903216319358,69.42371368408203,69.39903216319358,69.42371368408203,501800,0.0,0.0,0.0,-0.00011900329956704425,-0.00011901038102151471,0.0029355515720620893,0.003871771919971215
2013-06-10 00:00:00-04:00,69.39081095521928,69.39904022216797,69.37435869841337,69.39904022216797,789800,0.0,0.0,0.0,-0.00035540394779720597,-0.0003554671187481745,0.002792562279096378,0.004021272628347297
2013-06-11 00:00:00-04:00,69.37432533899597,69.39077758789062,69.35787309010131,69.39077758789062,683100,0.0,0.0,0.0,-0.00011905977735271467,-0.00011906686553062314,0.0026626135831691,0.0039728164756297445
2013-06-12 00:00:00-04:00,69.3743390947517,69.40724987615515,69.36610983012842,69.382568359375,2149200,0.0,0.0,0.0,-0.00011830431652426476,-0.00011831131503189345,0.0016794507857092501,0.003975575257640974
2013-06-13 00:00:00-04:00,69.36609700707017,69.43191855770924,69.36609700707017,69.41546630859375,1568700,0.0,0.0,0.0,0.00047415294643382566,0.00047404057144607086,0.0049068243096212225,0.004363333953711984
2013-06-14 00:00:00-04:00,69.43197109674958,69.46488189697266,69.43197109674958,69.46488189697266,791700,0.0,0.0,0.0,0.0007118815302518122,0.0007116282627857484,0.007168559463666038,0.005033887266366266
2013-06-17 00:00:00-04:00,69.47311116630175,69.47311116630175,69.45665262764355,69.46488189697266,890800,0.0,0.0,0.0,0.0,0.0,0.006043646206730357,0.004964608778720475
2013-06-18 00:00:00-04:00,69.44842963540778,69.47311116630175,69.43197109674958,69.46488189697266,1762700,0.0,0.0,0.0,0.0,0.0,0.005710316123399905,0.00494462052736034
2013-06-19 00:00:00-04:00,69.45661290971545,69.46484217433874,69.3743390947517,69.382568359375,884400,0.0,0.0,0.0,-0.0011849662066616418,-0.0011856688342319031,0.011599641536796464,0.006473201763987763
2013-06-20 00:00:00-04:00,69.35796789463257,69.39087243739868,69.3497386203925,69.37442016601562,3282200,0.0,0.0,0.0,-0.00011743862402402439,-0.00011744552047917613,0.0108103198634211,0.006387422929021195
2013-06-21 00:00:00-04:00,69.34143109052256,69.35788962042832,69.30029731993812,69.3167495727539,3785200,0.0,0.0,0.0,-0.0008312947787341152,-0.0008316404958471897,0.00868921950397619,0.006848506042275404
2013-06-24 00:00:00-04:00,69.22623644321934,69.3002872628688,69.22623644321934,69.28382873535156,1885200,0.0,0.0,0.0,-0.00047493336899462335,-0.0004750461855687668,0.00783160544796609,0.006958893462720916
2013-06-25 00:00:00-04:00,69.30853029429952,69.30853029429952,69.25916725164959,69.27561950683594,2382600,0.0,0.0,0.0,-0.00011848693505356334,-0.00011849395518498724,0.007365634819924566,0.006601009691325029
2013-06-26 00:00:00-04:00,69.30856323242188,69.31679250247136,69.27565242931782,69.30856323242188,1452800,0.0,0.0,0.0,0.00047554573774233333,0.00047543270170244243,0.007707956078614429,0.0068968744847191805
2013-06-27 00:00:00-04:00,69.333227133032,69.35791493690198,69.31677487421094,69.34968566894531,2783900,0.0,0.0,0.0,0.0005933240368225512,0.0005931480897085435,0.009667509643822986,0.0072137071624462056
2013-06-28 00:00:00-04:00,69.3332395416057,69.36615034223013,69.31678727984018,69.34146881103516,3109100,0.0,0.0,0.0,-0.00011848442903372725,-0.0001184914488681885,0.007127334819418571,0.007213722016692475
2013-07-01 00:00:00-04:00,69.3389469050382,69.38008896353398,69.33071598199716,69.37186431884766,4884800,0.017,0.0,0.0,0.0004383453124612302,0.00043824926722104736,0.005474390640751953,0.0073057037165339496
2013-07-02 00:00:00-04:00,69.37192518940553,69.3801498413086,69.36369425914224,69.3801498413086,1026500,0.0,0.0,0.0,0.00011943635279654252,0.00011942922084322852,0.0046533827800347895,0.007327341303651444
2013-07-03 00:00:00-04:00,69.38831988657502,69.38831988657502,69.3389469050382,69.37186431884766,692600,0.0,0.0,0.0,-0.00011942208945769917,-0.00011942922084319334,0.005143675627035912,0.007308766639666501
2013-07-05 00:00:00-04:00,69.28138072702284,69.32252280792216,69.28138072702284,69.29783630371094,484500,0.0,0.0,0.0,-0.001067118721164384,-0.0010676884977291398,0.008915835143350844,0.008154826195525766
2013-07-08 00:00:00-04:00,69.29786360542653,69.3554675640667,69.29786360542653,69.34723663330078,753800,0.0,0.0,0.0,0.0007128697261677974,0.000712615755236179,0.01084295121333688,0.008644381918918044
2013-07-09 00:00:00-04:00,69.37189905871172,69.37189905871172,69.33075070125507,69.33898162841797,947900,0.0,0.0,0.0,-0.00011903869978935333,-0.00011904578545769518,0.010179586045293336,0.008575871871987448
2013-07-10 00:00:00-04:00,69.33075070125507,69.34720627722301,69.32251977409217,69.33898162841797,1401900,0.0,0.0,0.0,0.0,0.0,0.010055897688755316,0.008572306894086848
2013-07-11 00:00:00-04:00,69.37184366794756,69.39653015136719,69.34715090617507,69.39653015136719,835200,0.0,0.0,0.0,0.0008299591600235967,0.0008296149343689328,0.012101345496137887,0.009098034591463494
2013-07-12 00:00:00-04:00,69.38013236802878,69.41304980243152,69.3554458618164,69.3554458618164,2106800,0.0,0.0,0.0,-0.0005920222446449408,-0.000592197559010769,0.009469341613815825,0.009163848298798826
2013-07-15 00:00:00-04:00,69.38017391307235,69.39663577931046,69.37194925831571,69.3884048461914,1025700,0.0,0.0,0.0,0.0004752184052088104,0.00047510552470299923,0.008726397529061026,0.008941043550106751
2013-07-16 00:00:00-04:00,69.41298571419598,69.42121663478682,69.38829923077635,69.39653015136719,836000,0.0,0.0,0.0,0.00011709888984756667,0.00011709203430774375,0.008478394747326267,0.00896022556362532
2013-07-17 00:00:00-04:00,69.43778890347441,69.45425077232395,69.41310237856351,69.42133331298828,728400,0.0,0.0,0.0,0.0003574121294969146,0.0003573482729966976,0.008416859548532994,0.00907526515165004
2013-07-18 00:00:00-04:00,69.4295172776348,69.44597285698856,69.40482449106541,69.41305541992188,909900,0.0,0.0,0.0,-0.00011924134371033013,-0.00011924845352454987,0.006737900026283749,0.008003401824628885
2013-07-19 00:00:00-04:00,69.42955881509826,69.45424533807764,69.41309694753674,69.44601440429688,519100,0.0,0.0,0.0,0.00047482399637366335,0.00047471130313145646,0.004095165494816236,0.008141387553486123
2013-07-22 00:00:00-04:00,69.43778347051611,69.45424533807764,69.42132788131751,69.44601440429688,1377400,0.0,0.0,0.0,0.0,0.0,0.003915253595521959,0.007451064358778355
2013-07-23 00:00:00-04:00,69.44599033034152,69.44599033034152,69.4213038159199,69.43775939941406,1087100,0.0,0.0,0.0,-0.00011886938298222294,-0.00011887644850725017,0.004426061381320222,0.00719368775163126
2013-07-24 00:00:00-04:00,69.40476989746094,69.43768730863488,69.38008340866904,69.40476989746094,575400,0.0,0.0,0.0,-0.00047509456293604035,-0.000475207456115946,0.005430821870927579,0.007451371680129516
2013-07-25 00:00:00-04:00,69.38841042455736,69.44601440429688,69.38841042455736,69.44601440429688,582700,0.0,0.0,0.0,0.0005942604074169466,0.0005940839046233213,0.006979821561772787,0.007543502354028732
2013-07-26 00:00:00-04:00,69.43774651522304,69.45420837402344,69.4295218641824,69.45420837402344,644800,0.0,0.0,0.0,0.00011799049660154992,0.00011798353627040235,0.006169210398116099,0.007315778810541019
2013-07-29 00:00:00-04:00,69.42955881509826,69.45424533807764,69.42955881509826,69.44601440429688,440300,0.0,0.0,0.0,-0.00011797657648671134,-0.00011798353627041078,0.006253984028785499,0.007315600512986169
2013-07-30 00:00:00-04:00,69.43774651522304,69.46243930342364,69.43774651522304,69.45420837402344,542100,0.0,0.0,0.0,0.00011799049660154992,0.00011798353627040235,0.006196003221336156,0.007192157760013139
2013-07-31 00:00:00-04:00,69.4295218641824,69.46243930342364,69.40482907598181,69.45420837402344,1283900,0.0,0.0,0.0,0.0,0.0,0.004299641907505123,0.007191433029083601
2013-08-01 00:00:00-04:00,69.43606623836172,69.44429891959452,69.39490911189354,69.4278335571289,6766100,0.018,0.0,0.0,-0.0003797439710564454,-0.00037981609205714364,0.003294351979937904,0.00733241240092129
2013-08-02 00:00:00-04:00,69.41136974194846,69.47721862792969,69.41136974194846,69.47721862792969,1187100,0.0,0.0,0.0,0.000711315163826054,0.0007110622990988142,0.006428809377616136,0.006431729463886187
2013-08-05 00:00:00-04:00,69.46905517578125,69.47728786465694,69.44436338885585,69.46905517578125,870600,0.0,0.0,0.0,-0.00011749825784124202,-0.00011750516130230827,0.00642794636805008,0.0060993419339673526
2013-08-06 00:00:00-04:00,69.44436396089674,69.46905574802554,69.44436396089674,69.46082305908203,881800,0.0,0.0,0.0,-0.0001185004845450921,-0.00011850750628223579,0.006526894847869263,0.0060991001181886035
2013-08-07 00:00:00-04:00,69.46898594725818,69.47721862792969,69.45252058591517,69.47721862792969,704600,0.0,0.0,0.0,0.00023604052076531268,0.0002360126675844911,0.006696261099307852,0.006111541592864094
2013-08-08 00:00:00-04:00,69.46075326658668,69.47721862792969,69.46075326658668,69.47721862792969,709400,0.0,0.0,0.0,0.0,0.0,0.005546583803134518,0.005472850757365752
2013-08-09 00:00:00-04:00,69.46905574802554,69.47728843696903,69.46082305908203,69.46082305908203,566000,0.0,0.0,0.0,-0.00023598481878583932,-0.00023601266758453666,0.00284103074012867,0.005040708986610917
2013-08-12 00:00:00-04:00,69.49374753515434,69.49374753515434,69.46082305908203,69.46082305908203,511600,0.0,0.0,0.0,0.0,0.0,0.002779631468647942,0.004818847777785735
2013-08-13 00:00:00-04:00,69.45252532113149,69.45252532113149,69.41960087589611,69.4278335571289,531400,0.0,0.0,0.0,-0.0004749368133035725,-0.00047504963151431644,0.004288075449658083,0.005159310465341379
2013-08-14 00:00:00-04:00,69.4278335571289,69.44429891959452,69.41960087589611,69.4278335571289,972600,0.0,0.0,0.0,0.0,0.0,0.0033690992223189263,0.005005372079570463
2013-08-15 00:00:00-04:00,69.39495792576912,69.41964970714042,69.38673151844553,69.40319061279297,704200,0.0,0.0,0.0,-0.00035494329973095873,-0.00035500630701375366,0.0033677249957274505,0.005150616136283405
2013-08-16 00:00:00-04:00,69.39486582456301,69.4195575731633,69.37840675206013,69.41133117675781,2293500,0.0,0.0,0.0,0.00011729380008285162,0.0001172869217029383,0.004076316667437146,0.004854826870957082
2013-08-19 00:00:00-04:00,69.40317592258596,69.40317592258596,69.37025146115977,69.39494323730469,1951100,0.0,0.0,0.0,-0.0002360989074160491,-0.00023612678315079733,0.003896937250821232,0.00491075874981795
2013-08-20 00:00:00-04:00,69.40309850066042,69.4195575731633,69.40309850066042,69.41133117675781,1649400,0.0,0.0,0.0,0.00023615466327409074,0.00023612678315085872,0.0038881539350233848,0.0049930160400544245
2013-08-21 00:00:00-04:00,69.40315608043116,69.41961516658918,69.37023162841797,69.37023162841797,651200,0.0,0.0,0.0,-0.0005921158353120459,-0.0005922912051228378,0.005407663779621447,0.005149619182251737
2013-08-22 00:00:00-04:00,69.35378322130461,69.37024230999701,69.32085876422174,69.34555053710938,735000,0.0,0.0,0.0,-0.0003557879327951152,-0.0003558512403381617,0.005409526573380814,0.004721140707870545
2013-08-23 00:00:00-04:00,69.2961669913341,69.37024230999701,69.2961669913341,69.34555053710938,638200,0.0,0.0,0.0,0.0,0.0,0.005076212181982819,0.004676417105200918
2013-08-26 00:00:00-04:00,69.36199894549038,69.38669699427312,69.36199894549038,69.37023162841797,733100,0.0,0.0,0.0,0.00035591456290173795,0.000355851240338198,0.006321497184974505,0.0049192456180711325
2013-08-27 00:00:00-04:00,69.37026614439783,69.40319061279297,69.37026614439783,69.40319061279297,802800,0.0,0.0,0.0,0.0004751171158190459,0.0004750042834198285,0.007217516778256993,0.005238363025858932
2013-08-28 00:00:00-04:00,69.36203002929688,69.38672808914777,69.34557093576288,69.36203002929688,709200,0.0,0.0,0.0,-0.0005930647155075741,-0.0005932406479489518,0.007222229013548509,0.0055941944229985574
2013-08-29 00:00:00-04:00,69.36199837939641,69.37846374511719,69.33730661051231,69.37846374511719,653200,0.0,0.0,0.0,0.00023692668472041767,0.00023689862202589797,0.00671233937654321,0.005564165972623907
2013-08-30 00:00:00-04:00,69.37023049622998,69.3866958618164,69.36199781343677,69.3866958618164,847700,0.0,0.0,0.0,0.00011865521740950236,0.0001186481784359949,0.006659211636012736,0.00486258810920476
2013-09-03 00:00:00-04:00,69.32744295537978,69.3603744506836,69.3192085112937,69.3603744506836,2991200,0.018,0.0,0.0,-0.00037934377485315807,-0.0003794157439041678,0.007043885715278387,0.004987215434257791
2013-09-04 00:00:00-04:00,69.32740321715026,69.34387209588252,69.28624358239342,69.29447174072266,947200,0.0,0.0,0.0,-0.0009501492816736956,-0.0009506009596327523,0.007847619411989788,0.005871565960547613
2013-09-05 00:00:00-04:00,69.22859191894531,69.25329523102424,69.19566673157748,69.22859191894531,1315100,0.0,0.0,0.0,-0.0009507226207574604,-0.0009511748441570008,0.008979729159955981,0.00640458294645297
2013-09-06 00:00:00-04:00,69.26154026429505,69.31916877778414,69.26154026429505,69.29447174072266,765500,0.0,0.0,0.0,0.0009516273544099008,0.0009511748441570721,0.0127428030577069,0.007546628183329225
2013-09-09 00:00:00-04:00,69.30272442077123,69.32742146433306,69.30272442077123,69.31095886230469,795600,0.0,0.0,0.0,0.00023792838256597726,0.00023790008209726286,0.012981367462186654,0.007646495805780742
2013-09-10 00:00:00-04:00,69.2862548828125,69.29448304248372,69.26978600139421,69.2862548828125,922200,0.0,0.0,0.0,-0.0003564224171428432,-0.00035648595070953754,0.012964443160185682,0.00768437570376663
2013-09-11 00:00:00-04:00,69.30274363120124,69.32744068160898,69.28628102460951,69.31920623779297,864100,0.0,0.0,0.0,0.00047558285602544714,0.00047546980234181675,0.0117558800474233,0.00785034723922889
2013-09-12 00:00:00-04:00,69.32744068160898,69.34390956924099,69.31097807501725,69.31920623779297,1586100,0.0,0.0,0.0,0.0,0.0,0.007828856505247502,0.00785034723922889
2013-09-13 00:00:00-04:00,69.31097807501725,69.33567512542498,69.31097807501725,69.31920623779297,564700,0.0,0.0,0.0,0.0,0.0,0.004920607239684221,0.007785208286295091
2013-09-16 00:00:00-04:00,69.41796249402576,69.41796249402576,69.36856842041016,69.36856842041016,737400,0.0,0.0,0.0,0.0007120996516876144,0.0007118462290316343,0.006744813121000005,0.008238405484256903
2013-09-17 00:00:00-04:00,69.38503033130775,69.40972736787116,69.3767958921077,69.39326477050781,668400,0.0,0.0,0.0,0.0003560164302076618,0.0003559530713957789,0.00491476521778632,0.008310386837163036
2013-09-18 00:00:00-04:00,69.39328093319976,69.50030354358053,69.36858389088407,69.48384094238281,744300,0.0,0.0,0.0,0.0013052588341901927,0.0013044077244099485,0.008734415258721144,0.009496943333319201
2013-09-19 00:00:00-04:00,69.49211424110565,69.5085768515087,69.45918273925781,69.45918273925781,5185900,0.0,0.0,0.0,-0.00035487679999512967,-0.0003549397836681207,0.010191275956037088,0.009319080058559788
2013-09-20 00:00:00-04:00,69.4673843383789,69.4756187809523,69.45092173427145,69.4673843383789,606600,0.0,0.0,0.0,0.00011807796748608546,0.00011807099683159771,0.00992766996786752,0.009186668522716499
2013-09-23 00:00:00-04:00,69.45090945894914,69.48384094238281,69.45090945894914,69.48384094238281,849600,0.0,0.0,0.0,0.00023689684246264164,0.00023686878683642931,0.009637853379555014,0.00919507649923959
2013-09-24 00:00:00-04:00,69.49210357666016,69.5003317400781,69.467400243284,69.49210357666016,674500,0.0,0.0,0.0,0.00011891447227552199,0.0001189074025101231,0.009747424774029706,0.009145867161298163
2013-09-25 00:00:00-04:00,69.49209524798786,69.51679229736328,69.47562636104425,69.51679229736328,1570500,0.0,0.0,0.0,0.00035527375676425166,0.0003552106619866324,0.0042844313768949415,0.009088287598449412
2013-09-26 00:00:00-04:00,69.52500058589624,69.52500058589624,69.47560650126483,69.48384094238281,497100,0.0,0.0,0.0,-0.0004740056882877042,-0.00047411806449667996,0.005081557778987549,0.008980189204742585
2013-09-27 00:00:00-04:00,69.51674285172149,69.54143988353047,69.50027397649178,69.52497100830078,2082200,0.0,0.0,0.0,0.0005919371376155169,0.0005917620119335946,0.006320454280361683,0.009145235490337621
2013-09-30 00:00:00-04:00,69.50854952916323,69.5414810180664,69.50854952916323,69.5414810180664,1717500,0.0,0.0,0.0,0.0002374687759834071,0.0002374405847365625,0.006320860863392619,0.009157195538658488
2013-10-01 00:00:00-04:00,69.5315592517377,69.5397891620191,69.49862076348927,69.52332305908203,7696500,0.018,0.0,0.0,-0.00026110975375481793,-0.0002611438488417399,0.0070343889301419694,0.009082438245249834
2013-10-02 00:00:00-04:00,69.53157806396484,69.54804417135693,69.52334186908081,69.53157806396484,1773800,0.0,0.0,0.0,0.00011873720241761809,0.00011873015371395583,0.006662865187921897,0.008161800177228689
2013-10-03 00:00:00-04:00,69.51510567419679,69.54804417135693,69.51510567419679,69.53157806396484,693200,0.0,0.0,0.0,0.0,0.0,0.004986306823764122,0.007050995530189883
2013-10-04 00:00:00-04:00,69.51513451797368,69.53160691457659,69.50690460205078,69.50690460205078,498600,0.0,0.0,0.0,-0.00035485260943401986,-0.00035491558451958716,0.003977300406716035,0.006768676729554191
2013-10-07 00:00:00-04:00,69.53160691457659,69.53160691457659,69.49043220544787,69.50690460205078,602100,0.0,0.0,0.0,0.0,0.0,0.003162481562176792,0.006781827096341324
2013-10-08 00:00:00-04:00,69.49040107007481,69.49040107007481,69.44099646715908,69.44922637939453,572200,0.0,0.0,0.0,-0.0008298200443032089,-0.0008301645355465163,0.0061552190178436345,0.00742067533864154
2013-10-09 00:00:00-04:00,69.46570179331142,69.48216790087506,69.44099949077795,69.47393798828125,696200,0.0,0.0,0.0,0.00035582266606870583,0.0003557593761967306,0.0071158399607106565,0.007355938798312391
2013-10-10 00:00:00-04:00,69.4574655983416,69.47393798828125,69.4574655983416,69.47393798828125,469700,0.0,0.0,0.0,0.0,0.0,0.0071158399607106565,0.007355938798312391
2013-10-11 00:00:00-04:00,69.50687648578455,69.51510639837835,69.47393798828125,69.47393798828125,889600,0.0,0.0,0.0,0.0,0.0,0.0069661618901775725,0.007355938798312391
2013-10-14 00:00:00-04:00,69.45746257400575,69.47393496322816,69.43276027254787,69.44922637939453,581200,0.0,0.0,0.0,-0.0003556961013335691,-0.0003557593761966806,0.007117254379397594,0.0071740510443179155
2013-10-15 00:00:00-04:00,69.47393798828125,69.4904040958449,69.4574655983416,69.47393798828125,1396400,0.0,0.0,0.0,0.00035582266606870583,0.0003557593761967306,0.004725161896549203,0.007173944391979243
2013-10-16 00:00:00-04:00,69.48220771536747,69.5069163144354,69.44926919898984,69.4986801147461,785600,0.0,0.0,0.0,0.0003561353678989132,0.0003560719667512597,0.004726348964317402,0.005605258863944573
2013-10-17 00:00:00-04:00,69.5315592517377,69.5397891620191,69.51508686642636,69.52332305908203,1823500,0.0,0.0,0.0,0.00035458147255829076,0.00035451862340427477,0.005048931073155292,0.005557005522727971
2013-10-18 00:00:00-04:00,69.5315592517377,69.5397891620191,69.52332305908203,69.52332305908203,647100,0.0,0.0,0.0,0.0,0.0,0.005048931073155292,0.00555255610283527
2013-10-21 00:00:00-04:00,69.5315592517377,69.5397891620191,69.51508686642636,69.52332305908203,453700,0.0,0.0,0.0,0.0,0.0,0.003091138927816283,0.0055047807786072185
2013-10-22 00:00:00-04:00,69.55628371948221,69.58098602294922,69.55628371948221,69.58098602294922,1274200,0.0,0.0,0.0,0.0008294045987731202,0.0008290608328464489,0.005418753435407996,0.006194174843760558
2013-10-23 00:00:00-04:00,69.58101487474498,69.58101487474498,69.55631256103516,69.55631256103516,1109600,0.0,0.0,0.0,-0.0003546006362417087,-0.00035466352191395917,0.007107302692591581,0.006263556848648802
2013-10-24 00:00:00-04:00,69.55628612232341,69.56452231788903,69.54804992675781,69.54804992675781,1312200,0.0,0.0,0.0,-0.00011879057375407953,-0.00011879762991309493,0.00711000623704079,0.006007260831377008
2013-10-25 00:00:00-04:00,69.56454467773438,69.58101079178175,69.5480722813085,69.56454467773438,1739300,0.0,0.0,0.0,0.0002371705747887809,0.00023714245429415611,0.007159566889095242,0.005704187791433509
2013-10-28 00:00:00-04:00,69.55628371948221,69.58098602294922,69.55628371948221,69.58098602294922,716400,0.0,0.0,0.0,0.00023634662299620857,0.00023631869753308032,0.007109273040864686,0.0057036439533591264
2013-10-29 00:00:00-04:00,69.57274982766813,69.58098602294922,69.56451991476331,69.58098602294922,548500,0.0,0.0,0.0,0.0,0.0,0.003984172714773185,0.005602229614360807
2013-10-30 00:00:00-04:00,69.58098602294922,69.59745213113513,69.57274982766813,69.58098602294922,524500,0.0,0.0,0.0,0.0,0.0,0.0025231806502621257,0.005596372772851834
2013-10-31 00:00:00-04:00,69.58098957334163,69.58922576904297,69.56452346431553,69.58922576904297,1532500,0.0,0.0,0.0,0.00011841950746482865,0.00011841249642844474,0.0018792188318936197,0.005602171644508172
2013-11-01 00:00:00-04:00,69.57192060300484,69.58015864985734,69.56368255615234,69.56368255615234,1213600,0.019,0.0,0.0,-0.0003670570064308043,-0.00036712438834296236,0.003590092330844361,0.005613779229175884
2013-11-04 00:00:00-05:00,69.57193925806745,69.58840907240007,69.57193925806745,69.5801773071289,933500,0.0,0.0,0.0,0.00023711727686714923,0.00023708916900880622,0.0035933245599343755,0.005653828305181546
2013-11-05 00:00:00-05:00,69.5801773071289,69.5801773071289,69.55546315994455,69.5801773071289,1523800,0.0,0.0,0.0,0.0,0.0,0.0035933245599343755,0.004605987050079621
2013-11-06 00:00:00-05:00,69.59664154052734,69.61311135353925,69.5884034921265,69.59664154052734,1145400,0.0,0.0,0.0,0.00023662246972677714,0.00023659447904558303,0.003975246017931594,0.004535087363287122
2013-11-07 00:00:00-05:00,69.61311340332031,69.62135145196373,69.60488163846686,69.61311340332031,627300,0.0,0.0,0.0,0.00023667611580613368,0.00023664811243263644,0.0041953636795434065,0.004551770855718757
2013-11-08 00:00:00-05:00,69.58015864985734,69.58839041292123,69.56368255615234,69.56368255615234,1591100,0.0,0.0,0.0,-0.0007100795346068889,-0.000710331760486981,0.00650875779828744,0.005381199447973328
2013-11-11 00:00:00-05:00,69.55546315994455,69.5801773071289,69.55546315994455,69.5801773071289,257500,0.0,0.0,0.0,0.00023711727686714923,0.00023708916900880622,0.00650875779828744,0.005174554859489276
2013-11-12 00:00:00-05:00,69.54721274623594,69.57192060300484,69.54721274623594,69.56368255615234,1296400,0.0,0.0,0.0,-0.00023706106559273632,-0.0002370891690087179,0.006722969128217435,0.00520492168744751
2013-11-13 00:00:00-05:00,69.57192060300484,69.58839041292123,69.56368255615234,69.56368255615234,3394800,0.0,0.0,0.0,0.0,0.0,0.006289188549692028,0.005092659074173008
2013-11-14 00:00:00-05:00,69.58844332736047,69.61315120291701,69.5802115580372,69.60491943359375,470300,0.0,0.0,0.0,0.000592793192167651,0.0005926175596890416,0.0077982891180851934,0.005347432765812068
2013-11-15 00:00:00-05:00,69.62138925603365,69.62138925603365,69.60491943359375,69.60491943359375,544700,0.0,0.0,0.0,0.0,0.0,0.004979209873040271,0.005347432765812068
2013-11-18 00:00:00-05:00,69.62134128793102,69.6378173828125,69.60487147683857,69.6378173828125,1592900,0.0,0.0,0.0,0.00047263827738697195,0.00047252661909761526,0.005577292951937839,0.005538386106215893
2013-11-19 00:00:00-05:00,69.61311340332031,69.62958950060715,69.61311340332031,69.61311340332031,729700,0.0,0.0,0.0,-0.0003547494798176176,-0.00035481241829970236,0.006146244372873392,0.00498751886215331
2013-11-20 00:00:00-05:00,69.62956830736645,69.65427616198639,69.61309221509447,69.62133026123047,862500,0.0,0.0,0.0,0.00011803606401783462,0.00011802909830976132,0.006030305852491408,0.004791064395090837
2013-11-21 00:00:00-05:00,69.62964239985028,69.65435028076172,69.62140434494823,69.65435028076172,490600,0.0,0.0,0.0,0.0004742802156660897,0.0004741677803537616,0.005540351752538618,0.004978121608823542
2013-11-22 00:00:00-05:00,69.6378173828125,69.6378173828125,69.62134128793102,69.6378173828125,661800,0.0,0.0,0.0,-0.00023735628690213506,-0.00023738446036378807,0.0061467827699652105,0.005059188461068047
2013-11-25 00:00:00-05:00,69.6378173828125,69.6378173828125,69.62134128793102,69.6378173828125,462700,0.0,0.0,0.0,0.0,0.0,0.005150412012013236,0.005014756722905348
2013-11-26 00:00:00-05:00,69.62132638747748,69.64603424072266,69.62132638747748,69.64603424072266,505800,0.0,0.0,0.0,0.00011799419078561968,0.0001179872300186381,0.004081305867433935,0.005019490958041835
2013-11-27 00:00:00-05:00,69.63780247883274,69.64603424072266,69.62956443315511,69.64603424072266,449600,0.0,0.0,0.0,0.0,0.0,0.0041243867462603615,0.005019490958041835
2013-11-29 00:00:00-05:00,69.60493451893885,69.65435028076172,69.60493451893885,69.65435028076172,627900,0.0,0.0,0.0,0.00011940435847823672,0.00011939723034523937,0.002307517344858494,0.005019678626746322
2013-12-02 00:00:00-05:00,69.56285497143358,69.64523511297227,69.56285497143358,69.6122817993164,2508400,0.019,0.0,0.0,-0.0006039605749783572,-0.0006041430326349408,0.004802365700685546,0.0053390258216255305
2013-12-03 00:00:00-05:00,69.6287612915039,69.63700119192579,69.6287612915039,69.6287612915039,577400,0.0,0.0,0.0,0.00023673253859146648,0.00023670452186561237,0.005298493407252245,0.005338832791335105
2013-12-04 00:00:00-05:00,69.60404189960197,69.62875531354338,69.60404189960197,69.6122817993164,827700,0.0,0.0,0.0,-0.00023667650956060715,-0.0002367045218656863,0.005289664696787278,0.0054247933944267576
2013-12-05 00:00:00-05:00,69.61231978817169,69.62879331138859,69.59584626495477,69.62055969238281,454600,0.0,0.0,0.0,0.00011891426128318727,0.00011890719154287542,0.0054904563804266115,0.005379249786696473
2013-12-06 00:00:00-05:00,69.59580993652344,69.61228345114131,69.58757003661347,69.59580993652344,984900,0.0,0.0,0.0,-0.00035549492806052907,-0.00035555813136188,0.005476478640794712,0.005468795351613143
2013-12-09 00:00:00-05:00,69.59580993652344,69.61228345114131,69.58757003661347,69.59580993652344,397300,0.0,0.0,0.0,0.0,0.0,0.0038996604163324088,0.004808217623116274
2013-12-10 00:00:00-05:00,69.61231978817169,69.62055969238281,69.59584626495477,69.62055969238281,390100,0.0,0.0,0.0,0.0003556213496465066,0.00035555813136174815,0.004491615645776728,0.004895769947436953
2013-12-11 00:00:00-05:00,69.60404355123133,69.62052335105128,69.59580993652344,69.59580993652344,418400,0.0,0.0,0.0,-0.00035549492806052907,-0.00035555813136188,0.004906855778483923,0.004998133121602348
2013-12-12 00:00:00-05:00,69.58757049817143,69.58757049817143,69.55461718351506,69.57109069824219,1247900,0.0,0.0,0.0,-0.0003551828522980749,-0.00035524594466735223,0.005047482220779921,0.005175794448541593
2013-12-13 00:00:00-05:00,69.57929214804585,69.58753204345703,69.56281864242213,69.58753204345703,445300,0.0,0.0,0.0,0.00023632438488219165,0.0002362964646734775,0.005217063495945603,0.004778641899239247
2013-12-16 00:00:00-05:00,69.57105225263467,69.59577193886821,69.57105225263467,69.58753204345703,724700,0.0,0.0,0.0,0.0,0.0,0.005217063495945603,0.004778641899239247
2013-12-17 00:00:00-05:00,69.58757616654817,69.60404968261719,69.57933626591236,69.60404968261719,826700,0.0,0.0,0.0,0.00023736492263926046,0.00023733675604309715,0.004719097089976293,0.0045282974703363815
2013-12-18 00:00:00-05:00,69.58757616654817,69.62876309932201,69.57933626591236,69.60404968261719,1675600,0.0,0.0,0.0,0.0,0.0,0.003852123792159404,0.004356688128199341
2013-12-19 00:00:00-05:00,69.5628890991211,69.58760252518697,69.55464919536414,69.5628890991211,767900,0.0,0.0,0.0,-0.0005913532859622705,-0.0005915282042790933,0.005378162072133187,0.004793588534744408
2013-12-20 00:00:00-05:00,69.53810119628906,69.57104820561995,69.53810119628906,69.53810119628906,851000,0.0,0.0,0.0,-0.00035633802955925553,-0.00035640153304116243,0.005217528922182733,0.004505271424178457
2013-12-23 00:00:00-05:00,69.54644942292813,69.54644942292813,69.52997589111328,69.52997589111328,624400,0.0,0.0,0.0,-0.0001168468082388685,-0.00011685363535898962,0.005081254174361468,0.004470855252133647
2013-12-24 00:00:00-05:00,69.51343686336013,69.52991666634631,69.50520324707031,69.50520324707031,711000,0.0,0.0,0.0,-0.0003562872520157523,-0.0003563507373985296,0.003667666966607309,0.004566839510024815
2013-12-26 00:00:00-05:00,69.50599890800768,69.52248280800742,69.49775695800781,69.49775695800781,729000,0.021,0.0,0.0,-0.00010713282912111488,-0.00010713856825255588,0.0031928630796918484,0.00449678613514801
2013-12-27 00:00:00-05:00,69.53073120117188,69.53897315268071,69.52249553643003,69.53073120117188,423700,0.0,0.0,0.0,0.00047446485480073797,0.000474352331942205,0.005391786748243036,0.004939453639709323
2013-12-30 00:00:00-05:00,69.53902214180593,69.5472640991211,69.53078018449078,69.5472640991211,442900,0.0,0.0,0.0,0.0002377782839846354,0.00023775001920887923,0.005206276470741084,0.005020923787358926
2013-12-31 00:00:00-05:00,69.53897315268071,69.55545705569838,69.53073120117188,69.53073120117188,609800,0.0,0.0,0.0,-0.00023772175891279002,-0.00023775001920893393,0.005479352894432527,0.004666812476190141
2014-01-02 00:00:00-05:00,69.54722019748398,69.5636978149414,69.53897824537154,69.5636978149414,2412500,0.0,0.0,0.0,0.0004741301177193513,0.0004740177535505085,0.005221803018048139,0.004934452937900554
2014-01-03 00:00:00-05:00,69.53895568847656,69.56367525002794,69.53071373903762,69.53895568847656,1062700,0.0,0.0,0.0,-0.00035567583728313146,-0.00035573910493604,0.006245502731745438,0.005012678498672329
2014-01-06 00:00:00-05:00,69.53078018449078,69.5472640991211,69.53078018449078,69.5472640991211,699500,0.0,0.0,0.0,0.00011947850758287082,0.00011947137059445586,0.005425867241045409,0.005012935024230145
2014-01-07 00:00:00-05:00,69.5472640991211,69.5472640991211,69.53902214180593,69.5472640991211,664900,0.0,0.0,0.0,0.0,0.0,0.005156719769861348,0.0048852579846139004
2014-01-08 00:00:00-05:00,69.52251146361509,69.52251146361509,69.47306603000142,69.48130798339844,608600,0.0,0.0,0.0,-0.0009483639159213464,-0.0009488138974998805,0.008563526122593493,0.005858461058528252
2014-01-09 00:00:00-05:00,69.49775695800781,69.49775695800781,69.47303739477404,69.49775695800781,1121100,0.0,0.0,0.0,0.0002367395647373538,0.00023671154634855135,0.007598845888975579,0.005754891635234613
2014-01-10 00:00:00-05:00,69.53897824537154,69.57193976705383,69.53073629325911,69.5636978149414,491900,0.0,0.0,0.0,0.0009488199305978107,0.0009483700854929743,0.010779862820317199,0.006731011872153848
2014-01-13 00:00:00-05:00,69.57194298402989,69.59666255474278,69.57194298402989,69.58018493652344,1269200,0.0,0.0,0.0,0.0002370075499134039,0.0002369794680610323,0.010845024894011204,0.006671350333397329
2014-01-14 00:00:00-05:00,69.57193976705383,69.58841738451127,69.54722019748398,69.5636978149414,487000,0.0,0.0,0.0,-0.00023695139064483506,-0.00023697946806100877,0.011102966779401983,0.006666739255113949
2014-01-15 00:00:00-05:00,69.53895568847656,69.53895568847656,69.5224780763641,69.53895568847656,800100,0.0,0.0,0.0,-0.00035567583728313146,-0.00035573910493604,0.008161753998211875,0.006773372084792703
2014-01-16 00:00:00-05:00,69.54720848872829,69.55545043945312,69.53896653800344,69.55545043945312,738600,0.0,0.0,0.0,0.00023720159173024058,0.00023717346388057347,0.008162006978618009,0.0067732850552988735
2014-01-17 00:00:00-05:00,69.5636861034116,69.5636861034116,69.54720848872829,69.55545043945312,418300,0.0,0.0,0.0,0.0,0.0,0.004291140137704675,0.0067732850552988735
2014-01-21 00:00:00-05:00,69.56374172698001,69.57198368429518,69.5472640991211,69.5472640991211,498600,0.0,0.0,0.0,-0.00011769516666648716,-0.00011770209328610725,0.003619939106199745,0.006458476712142738
2014-01-22 00:00:00-05:00,69.522508920869,69.53898654029196,69.51426696777344,69.51426696777344,622700,0.0,0.0,0.0,-0.000474456210105223,-0.00047456880006695613,0.004495128285160202,0.006555094333078734
2014-01-23 00:00:00-05:00,69.51426189011059,69.58842060224924,69.51426189011059,69.58018493652344,886600,0.0,0.0,0.0,0.0009482653220029835,0.0009478160024695134,0.008415091062725496,0.007378628642545103
2014-01-24 00:00:00-05:00,69.57192740019245,69.62960848119143,69.57192740019245,69.60488891601562,781200,0.0,0.0,0.0,0.00035504331462643535,0.0003549803016632512,0.00856000654366522,0.007308480409942667
2014-01-27 00:00:00-05:00,69.58838433354036,69.61311017813414,69.58014867210689,69.59662628173828,1166400,0.0,0.0,0.0,-0.00011870767134347648,-0.00011871471765673419,0.008724179257400006,0.007312352682662444
2014-01-28 00:00:00-05:00,69.6048682299362,69.61311017813414,69.58838433354036,69.59662628173828,645100,0.0,0.0,0.0,0.0,0.0,0.008561946273335954,0.0071576086395663905
2014-01-29 00:00:00-05:00,69.62137570744478,69.6460952758789,69.61314004247818,69.6460952758789,538500,0.0,0.0,0.0,0.0007107958644485546,0.0007105433687096296,0.007214083251065876,0.007512559374406519
2014-01-30 00:00:00-05:00,69.62958306456818,69.63782501220703,69.61310545605451,69.63782501220703,579400,0.0,0.0,0.0,-0.00011874698271474582,-0.00011875403369589176,0.0057359206245204105,0.007459372260084388
2014-01-31 00:00:00-05:00,69.66258019170115,69.67082214355469,69.64609628799408,69.67082214355469,939500,0.0,0.0,0.0,0.0004738392007772596,0.0004737269744332576,0.006037097256080796,0.00745916693821527
2014-02-03 00:00:00-05:00,69.6567954471542,69.71449222032281,69.64030706140508,69.68976593017578,54448200,0.023,0.0,0.0,0.00027190416358324754,0.0002718672043455892,0.005382426532532295,0.007307398986784593
2014-02-04 00:00:00-05:00,69.67332514559655,69.69805145263672,69.67332514559655,69.69805145263672,2357300,0.0,0.0,0.0,0.00011889152374600087,0.00011888445670892653,0.005067032147149373,0.007307387507369504
2014-02-05 00:00:00-05:00,69.67330614694258,69.68979453946056,69.6650619506836,69.6650619506836,3985300,0.0,0.0,0.0,-0.0004733202903892675,-0.0004734323417967794,0.0058102920476645874,0.007588258740869897
2014-02-06 00:00:00-05:00,69.66503461556961,69.67327880859375,69.64855251799807,69.67327880859375,1420700,0.0,0.0,0.0,0.00011794804569298378,0.00011794109036914824,0.005604987321733403,0.006533509860427212
2014-02-07 00:00:00-05:00,69.66503335155211,69.6980038345737,69.66503335155211,69.68976593017578,1426700,0.0,0.0,0.0,0.00023663478831426055,0.00023660679471882557,0.004809764966701066,0.006533488878842929
2014-02-10 00:00:00-05:00,69.68152300161789,69.68976719464203,69.66503461556961,69.67327880859375,1571900,0.0,0.0,0.0,-0.00023657880553873412,-0.00023660679471886742,0.004714924297847416,0.0059073887231092725
2014-02-11 00:00:00-05:00,69.64857038005687,69.65681457519531,69.64032618491842,69.65681457519531,1295500,0.0,0.0,0.0,-0.00023630628097282003,-0.00023633420570131277,0.004599134277648516,0.005977729734716334
2014-02-12 00:00:00-05:00,69.64032243294177,69.64032243294177,69.61559613733696,69.62384033203125,2196700,0.0,0.0,0.0,-0.0004733814396359337,-0.00047349352000220207,0.004599431645932114,0.006186214012576511
2014-02-13 00:00:00-05:00,69.64857984664484,69.68155034320158,69.6073651538291,69.6650619506836,1334300,0.0,0.0,0.0,0.0005920618347934337,0.0005918866353345221,0.006826356233963634,0.0062894223580187356
2014-02-14 00:00:00-05:00,69.6650619506836,69.68155034320158,69.65682404290382,69.6650619506836,1279000,0.0,0.0,0.0,0.0,0.0,0.006454823594594773,0.0062724617256508935
2014-02-18 00:00:00-05:00,69.67327754442667,69.70624802744825,69.67327754442667,69.68976593017578,1081300,0.0,0.0,0.0,0.00035461074461795583,0.00035454788508786073,0.006850840057051106,0.006339312840627958
2014-02-19 00:00:00-05:00,69.70627664349934,69.71452083975832,69.6650619506836,69.6650619506836,1357800,0.0,0.0,0.0,-0.0003544850404137989,-0.00035454788508784083,0.007201555175082097,0.00649915447567995
2014-02-20 00:00:00-05:00,69.64855251799807,69.67327880859375,69.64855251799807,69.67327880859375,1012600,0.0,0.0,0.0,0.00011794804569298378,0.00011794109036914824,0.005696045026074372,0.006154196045015271
2014-02-21 00:00:00-05:00,69.65683039910611,69.68155670166016,69.64858620209485,69.68155670166016,750300,0.0,0.0,0.0,0.00011881015516945759,0.00011880309780195765,0.004110648727748268,0.005309812142575155
2014-02-24 00:00:00-05:00,69.6650683076376,69.68155670166016,69.65683039910611,69.68155670166016,1647600,0.0,0.0,0.0,0.0,0.0,0.004110648727748268,0.005208137392595805
2014-02-25 00:00:00-05:00,69.67327880859375,69.68976719464203,69.66503461556961,69.67327880859375,666400,0.0,0.0,0.0,-0.00011879604099329644,-0.00011880309780186042,0.0031410986540090346,0.005208176515362771
2014-02-26 00:00:00-05:00,69.67331306950332,69.71452776641405,69.67331306950332,69.70628356933594,2079600,0.0,0.0,0.0,0.00047370758641718247,0.00047359542239903415,0.003518669389245369,0.0054092757919983045
2014-02-27 00:00:00-05:00,69.70629565114375,69.71453984965079,69.69805145263672,69.69805145263672,362600,0.0,0.0,0.0,-0.00011809719694821919,-0.00011810417097126315,0.0038988032100091743,0.004901098092506853
2014-02-28 00:00:00-05:00,69.68981354261062,69.70629565114375,69.67332514559655,69.69805145263672,2360500,0.0,0.0,0.0,0.0,0.0,0.003898493735756953,0.004868962542023649
2014-03-03 00:00:00-05:00,69.70462338217305,69.73759460449219,69.70462338217305,69.73759460449219,2587200,0.018,0.0,0.0,0.000567349460010913,0.0005671885781539727,0.005294855469563931,0.004988486074529038
2014-03-04 00:00:00-05:00,69.70463134794467,69.70463134794467,69.6716538320396,69.67989349365234,49419100,0.0,0.0,0.0,-0.0008274032272992393,-0.0008277457142790985,0.008849241249409895,0.005794913638338916
2014-03-05 00:00:00-05:00,69.66340452537227,69.70462799072266,69.65515857433866,69.70462799072266,2176200,0.0,0.0,0.0,0.00035497323302546846,0.0003549102449330032,0.008498152847348546,0.005922143798995739
2014-03-06 00:00:00-05:00,69.66338348388672,69.67986909115685,69.65513753534374,69.66338348388672,1044400,0.0,0.0,0.0,-0.0005917039947681557,-0.0005918791206620694,0.009502328949572465,0.0060621575982669545
2014-03-07 00:00:00-05:00,69.61395263671875,69.64693015635915,69.61395263671875,69.61395263671875,807400,0.0,0.0,0.0,-0.0007095671311945217,-0.0007098189931003584,0.01033377354276532,0.006539419514534508
2014-03-10 00:00:00-04:00,69.60572202305787,69.63869954996537,69.60572202305787,69.62220764160156,450100,0.0,0.0,0.0,0.00011858261986485985,0.00011857558950177326,0.008438833792390282,0.006485789284108323
2014-03-11 00:00:00-04:00,69.63045359578346,69.63869954996537,69.61396797723978,69.62220764160156,337500,0.0,0.0,0.0,0.0,0.0,0.0073463324435651955,0.006449018298398165
2014-03-12 00:00:00-04:00,69.6551360208527,69.6551360208527,69.63865041394101,69.64689636230469,342400,0.0,0.0,0.0,0.0003546098513598217,0.00035454699214637283,0.00734471065604244,0.0065466731492021275
2014-03-13 00:00:00-04:00,69.6221858359827,69.68814086914062,69.6057002226023,69.68814086914062,2012000,0.0,0.0,0.0,0.0005921944693900727,0.0005920191914409587,0.007811920323416653,0.006632049604314694
2014-03-14 00:00:00-04:00,69.69636241569462,69.69636241569462,69.671630859375,69.671630859375,1035600,0.0,0.0,0.0,-0.0002369127596132392,-0.0002369408278743133,0.005078341881396392,0.006374978906133905
2014-03-17 00:00:00-04:00,69.66338196921637,69.67162791758005,69.63865041394101,69.64689636230469,659700,0.0,0.0,0.0,-0.00035501533070525504,-0.00035507836356663577,0.006317069621120418,0.006501809487255739
2014-03-18 00:00:00-04:00,69.65513753534374,69.6716294324297,69.64689787661659,69.66338348388672,317000,0.0,0.0,0.0,0.00023672442625821688,0.0002366964114523286,0.006372810079046321,0.0064264457740131
2014-03-19 00:00:00-04:00,69.65515345850194,69.67164535935794,69.52324970074031,69.54798126220703,567200,0.0,0.0,0.0,-0.0016565692894657813,-0.0016579429175875605,0.013586569886260719,0.00861707990858063
2014-03-20 00:00:00-04:00,69.54794454464808,69.5644301469833,69.5396985985735,69.55619049072266,826800,0.0,0.0,0.0,0.0001180369058402242,0.00011802994003279687,0.011982649297930012,0.008617107529225008
2014-03-21 00:00:00-04:00,69.55618295205427,69.57266855260274,69.53969106169254,69.56442260742188,452200,0.0,0.0,0.0,0.00011835203511201264,0.00011834503206244973,0.012501760287030629,0.008616964707991821
2014-03-24 00:00:00-04:00,69.50673207073497,69.5479555177981,69.50673207073497,69.53146362304688,1761600,0.0,0.0,0.0,-0.0004737908134593294,-0.0004739030877912205,0.01255839271908097,0.008719236615234867
2014-03-25 00:00:00-04:00,69.5314650509902,69.56444255135497,69.5314650509902,69.53971099853516,962000,0.0,0.0,0.0,0.00011861357518649918,0.00011860654115260569,0.012245847170914866,0.008755865126946342
2014-03-26 00:00:00-04:00,69.54797941962882,69.60568849146135,69.54797941962882,69.58920288085938,598400,0.0,0.0,0.0,0.0007117067588224835,0.0007114536156692146,0.006653591622637482,0.008998571868406116
2014-03-27 00:00:00-04:00,69.56445597770362,69.59743348443322,69.56445597770362,69.58094787597656,447800,0.0,0.0,0.0,-0.00011862479438007334,-0.00011863183085746682,0.006863630805383418,0.008998598659449639
2014-03-28 00:00:00-04:00,69.55621631838342,69.58919382511303,69.55621631838342,69.58094787597656,335900,0.0,0.0,0.0,0.0,0.0,0.006863891662496487,0.008998598659449639
2014-03-31 00:00:00-04:00,69.57274449615038,69.62220764160156,69.56449854196846,69.62220764160156,1502200,0.0,0.0,0.0,0.0005929750439523929,0.0005927993037206336,0.00586419591666224,0.009023622072794243
2014-04-01 00:00:00-04:00,69.59825259158924,69.60650059148544,69.58175659179688,69.58175659179688,4107900,0.021,0.0,0.0,-0.0005810078590572365,-0.0005811767095288479,0.008461913054798806,0.008793348179332645
2014-04-02 00:00:00-04:00,69.56526246470432,69.5735104640766,69.55701446533203,69.55701446533203,504800,0.0,0.0,0.0,-0.00035558352759035294,-0.00035564676240351596,0.007041232977063992,0.008698761775189311
2014-04-03 00:00:00-04:00,69.5569827075175,69.58172040295968,69.5569827075175,69.57347869873047,2637400,0.0,0.0,0.0,0.00023670126622010734,0.0002366732568952002,0.007400698729121996,0.008581307178998365
2014-04-04 00:00:00-04:00,69.61479060985381,69.63128662109375,69.59830088999878,69.63128662109375,726400,0.0,0.0,0.0,0.0008308902105298444,0.0008305452123493814,0.009581443231154502,0.008785025564434378
2014-04-07 00:00:00-04:00,69.63124651072734,69.65598422195244,69.63124651072734,69.63948822021484,423300,0.0,0.0,0.0,0.00011778612056567717,0.00011777918432523476,0.008737869258808602,0.008784898566084177
2014-04-08 00:00:00-04:00,69.6477279663086,69.65597596619982,69.63123825790669,69.6477279663086,455900,0.0,0.0,0.0,0.0001183200265300055,0.00011831302726776296,0.006739354039474593,0.008792692149555753
2014-04-09 00:00:00-04:00,69.63952950722009,69.69725296476142,69.6147917813288,69.6807632446289,939600,0.0,0.0,0.0,0.00047431954042043145,0.0004742070864652195,0.004808359669597664,0.008863373795842747
2014-04-10 00:00:00-04:00,69.69726373036653,69.73024946711163,69.68902201471974,69.72200775146484,731900,0.0,0.0,0.0,0.0005919066456137045,0.0005917315379699885,0.00491505476001307,0.008863129326496015
2014-04-11 00:00:00-04:00,69.7219397104094,69.73018141801317,69.70544371244216,69.71369171142578,2225800,0.0,0.0,0.0,-0.00011927424793478636,-0.00011928136167355941,0.004611174038070911,0.008826883404526238
2014-04-14 00:00:00-04:00,69.73844530679695,69.73844530679695,69.6807218835191,69.70545959472656,520300,0.0,0.0,0.0,-0.00011808464732143698,-0.0001180916198623089,0.005253417085339189,0.008729225157758758
2014-04-15 00:00:00-04:00,69.68896988438202,69.71370759558948,69.67247388265618,69.70545959472656,303500,0.0,0.0,0.0,0.0,0.0,0.005418875723154551,0.008699641674008206
2014-04-16 00:00:00-04:00,69.6807632446289,69.69725296476142,69.67251523887013,69.6807632446289,381100,0.0,0.0,0.0,-0.00035429577885637276,-0.00035435855643415557,0.00563516685556297,0.006227283602772556
2014-04-17 00:00:00-04:00,69.67245679535097,69.68070479419104,69.6394710913704,69.66421508789062,2592700,0.0,0.0,0.0,-0.00023748529676959063,-0.00023751350086814236,0.002138651455994306,0.006337082584416604
2014-04-21 00:00:00-04:00,69.64771909021047,69.66421508789062,69.6394710913704,69.66421508789062,592800,0.0,0.0,0.0,0.0,0.0,0.0024475443707411464,0.006340929846135673
2014-04-22 00:00:00-04:00,69.64777634094878,69.65602434656876,69.63128662109375,69.63128662109375,543100,0.0,0.0,0.0,-0.00047267405159634457,-0.00047278579719008655,0.003355615081660946,0.006339656619255237
2014-04-23 00:00:00-04:00,69.66421508789062,69.68070479419104,69.65596708905055,69.66421508789062,553100,0.0,0.0,0.0,0.0004728975780106115,0.0004727857971901651,0.005934335963511327,0.006497124003973584
2014-04-24 00:00:00-04:00,69.63947996641737,69.67246567460172,69.63947996641737,69.6477279663086,979000,0.0,0.0,0.0,-0.0002366655758804237,-0.00023669358559720477,0.00569351409464517,0.006155731994956414
2014-04-25 00:00:00-04:00,69.66423860221003,69.68072831407635,69.65599060058594,69.65599060058594,270300,0.0,0.0,0.0,0.0001186346564145957,0.00011862761988025679,0.005692521596283922,0.006131129086401163
2014-04-28 00:00:00-04:00,69.65599060058594,69.68072831407635,69.65599060058594,69.65599060058594,280400,0.0,0.0,0.0,0.0,0.0,0.005692521596283922,0.006131129086401163
2014-04-29 00:00:00-04:00,69.66422396609104,69.66422396609104,69.6477279663086,69.6477279663086,401300,0.0,0.0,0.0,-0.00011862058390244012,-0.00011862761988031617,0.004322891823938813,0.005813491420026298
2014-04-30 00:00:00-04:00,69.68072250874577,69.69721221923828,69.68072250874577,69.69721221923828,484000,0.0,0.0,0.0,0.0007104934270594221,0.0007102411460933811,0.005854505241503965,0.005854793043628171
2014-05-01 00:00:00-04:00,69.68157289648558,69.71456052636597,69.68157289648558,69.69806671142578,1141100,0.021,0.0,0.0,1.2260062637992064e-05,1.2259987484038381e-05,0.005196432641082509,0.00563066228822279
2014-05-02 00:00:00-04:00,69.65681016027673,69.69805412960291,69.64856640076846,69.68980407714844,543100,0.0,0.0,0.0,-0.00011854897369756312,-0.00011855600118255173,0.005532884140861726,0.005658540784184949
2014-05-05 00:00:00-04:00,69.68981665748201,69.69806671142578,69.67332284254181,69.69806671142578,1540800,0.0,0.0,0.0,0.00011856302922308437,0.00011855600118264012,0.00546538812704202,0.004928687213346402
2014-05-06 00:00:00-04:00,69.67327117919922,69.6815212270255,69.66502113137294,69.67327117919922,432900,0.0,0.0,0.0,-0.000355756384595618,-0.00035581968091069887,0.006313412906088972,0.005122549381954389
2014-05-07 00:00:00-04:00,69.66507278859805,69.71456052636597,69.66507278859805,69.69806671142578,645400,0.0,0.0,0.0,0.0003558829922423179,0.0003558196809107396,0.00421083039063062,0.005248246788798678
2014-05-08 00:00:00-04:00,69.71456909179688,69.73931925666908,69.69807527483017,69.71456909179688,729300,0.0,0.0,0.0,0.00023676955688634038,0.0002367415313984406,0.004533005212809683,0.005049181841093457
2014-05-09 00:00:00-04:00,69.6733386164558,69.73932647705078,69.6733386164558,69.73932647705078,361700,0.0,0.0,0.0,0.00035512498429568495,0.0003550619423431894,0.00468540142889213,0.004757684081951534
2014-05-12 00:00:00-04:00,69.70630739577291,69.73930131416574,69.70630739577291,69.7228012084961,1001200,0.0,0.0,0.0,-0.00023695767351761265,-0.0002369857524228944,0.0054201845109215765,0.004818848324692128
2014-05-13 00:00:00-04:00,69.74755096435547,69.75580101788702,69.73105715023935,69.74755096435547,486500,0.0,0.0,0.0,0.00035497363029590723,0.00035491064206247155,0.004076677054973667,0.004947389726422755
2014-05-14 00:00:00-04:00,69.74756447716786,69.79705851499912,69.74756447716786,69.77230834960938,644600,0.0,0.0,0.0,0.0003549570545717806,0.00035489407222006475,0.004074639572116556,0.005077357709628043
2014-05-15 00:00:00-04:00,69.77225227083692,69.79700241633398,69.76400851528108,69.78050231933594,337200,0.0,0.0,0.0,0.00011743870771052656,0.00011743181232534366,0.004118566043712402,0.004852801586269424
2014-05-16 00:00:00-04:00,69.77228010882104,69.797030264193,69.77228010882104,69.78878021240234,446600,0.0,0.0,0.0,0.00011862759354364094,0.00011862055784707897,0.0038515456991767105,0.004714676505148605
2014-05-19 00:00:00-04:00,69.7970083189423,69.82175217358873,69.7887582697456,69.80525207519531,362200,0.0,0.0,0.0,0.00023602451200366303,0.00023599666260053809,0.0018806058312448768,0.004729752297951235
2014-05-20 00:00:00-04:00,69.78876322367526,69.82175712986047,69.78876322367526,69.81350708007812,349900,0.0,0.0,0.0,0.00011825764734618716,0.00011825065546183299,0.0016805774875031012,0.004216078424311005
2014-05-21 00:00:00-04:00,69.78876322367526,69.81350708007812,69.78876322367526,69.81350708007812,372800,0.0,0.0,0.0,0.0,0.0,0.0013247021539110144,0.004037412553777005
2014-05-22 00:00:00-04:00,69.78883093586543,69.805324758489,69.78058087807854,69.79708099365234,468300,0.0,0.0,0.0,-0.00023528522076599057,-0.00023531290467604108,0.002837843005921897,0.004035856526042844
2014-05-23 00:00:00-04:00,69.80524617188983,69.82174626888786,69.74750841828303,69.78050231933594,381500,0.0,0.0,0.0,-0.00023752675728538897,-0.0002375549712334024,0.0033549400028405995,0.004216382435309431
2014-05-27 00:00:00-04:00,69.805324758489,69.805324758489,69.78058087807854,69.79708099365234,850200,0.0,0.0,0.0,0.00023758318964994807,0.00023755497123333842,0.0033625517416334986,0.004233922175519556
2014-05-28 00:00:00-04:00,69.81350708007812,69.83825093648099,69.81350708007812,69.81350708007812,562000,0.0,0.0,0.0,0.00023534059292940057,0.00023531290467608852,0.0037533146367556597,0.004176200608147724
2014-05-29 00:00:00-04:00,69.82175217358873,69.84649602823517,69.80525207519531,69.80525207519531,1651000,0.0,0.0,0.0,-0.0001182436641284923,-0.00011825065546167157,0.00384608563892111,0.003617933124249928
2014-05-30 00:00:00-04:00,69.805284867,69.8300350262168,69.7970411068744,69.82178497314453,895600,0.0,0.0,0.0,0.0002368431809602889,0.00023681513804186714,0.003665460245686966,0.0036519103260732413
2014-06-02 00:00:00-04:00,69.79946981662444,69.8077221076234,69.76646694728228,69.77471923828125,978100,0.023,0.0,0.0,-0.0006740838103950209,-0.0006743111070371368,0.00632461670119433,0.004503240995161801
2014-06-03 00:00:00-04:00,69.76650863554993,69.78301322741001,69.75826263427734,69.75826263427734,411200,0.0,0.0,0.0,-0.00023585338907217146,-0.00023588120685677172,0.006011654870953185,0.004617360463467497
2014-06-04 00:00:00-04:00,69.76644677775403,69.78295135498047,69.75820078379269,69.78295135498047,1034300,0.0,0.0,0.0,0.0003539182280465347,0.00035385561376358464,0.006482764078111201,0.004489473491487957
2014-06-05 00:00:00-04:00,69.76648629223533,69.79948917072858,69.76648629223533,69.7912368774414,1187800,0.0,0.0,0.0,0.00011873276065377247,0.00011872571247744034,0.006628584127966766,0.004372671083370465
2014-06-06 00:00:00-04:00,69.78297152928022,69.79946981662444,69.75822095093702,69.77471923828125,733600,0.0,0.0,0.0,-0.00023667210812094996,-0.00023670011938407482,0.0062222254744728365,0.0044508782178034716
2014-06-09 00:00:00-04:00,69.73345046250867,69.7499550412841,69.72520446777344,69.72520446777344,586500,0.0,0.0,0.0,-0.0007096376889560441,-0.000709889600965392,0.006418388759200876,0.005028316957688147
2014-06-10 00:00:00-04:00,69.84901934602864,69.84901934602864,69.70875549316406,69.70875549316406,662600,0.0,0.0,0.0,-0.00023591145748413922,-0.0002359392889692889,0.00641844232174521,0.005027692194238751
2014-06-11 00:00:00-04:00,69.72525161931733,69.7334976196289,69.71699932434902,69.7334976196289,288000,0.0,0.0,0.0,0.0003549357077141657,0.0003548727329367512,0.006423396369699699,0.00502765568115242
2014-06-12 00:00:00-04:00,69.71700744928461,69.76650863554993,69.71700744928461,69.75826263427734,1129200,0.0,0.0,0.0,0.00035513799671327284,0.0003550749501412986,0.007199624181038832,0.00502782993831897
2014-06-13 00:00:00-04:00,69.67571718685092,69.72522464284974,69.67571718685092,69.71697235107422,582100,0.0,0.0,0.0,-0.0005919052689083992,-0.000592080513987816,0.008035003719130013,0.005405619963759062
2014-06-16 00:00:00-04:00,69.6839806432968,69.70873122793458,69.6839806432968,69.70048522949219,337700,0.0,0.0,0.0,-0.00023648648278939977,-0.0002365144501270226,0.0065881051577112056,0.0054095966057384655
2014-06-17 00:00:00-04:00,69.65098434150607,69.67573492848062,69.64273834228516,69.64273834228516,726900,0.0,0.0,0.0,-0.000828500504937657,-0.0008288439011633965,0.008568926676889565,0.005923813896897606
2014-06-18 00:00:00-04:00,69.6839806432968,69.70048522949219,69.66748235175673,69.70048522949219,540100,0.0,0.0,0.0,0.00082918748718952,0.0008288439011634349,0.010829922148008283,0.006773951149073962
2014-06-19 00:00:00-04:00,69.71700370459621,69.71700370459621,69.68400081730618,69.69225311279297,318700,0.0,0.0,0.0,-0.00011810702138037588,-0.00011811399656384304,0.010087746895793583,0.006768208983964576
2014-06-20 00:00:00-04:00,69.70050540827975,69.70050540827975,69.66750252098973,69.69225311279297,508700,0.0,0.0,0.0,0.0,0.0,0.009454299473212364,0.006751267382668373
2014-06-23 00:00:00-04:00,69.71700370459621,69.71700370459621,69.68400081730618,69.69225311279297,668600,0.0,0.0,0.0,0.0,0.0,0.009341567069364572,0.00672806433739553
2014-06-24 00:00:00-04:00,69.69222177040196,69.71697235107422,69.68396947862644,69.71697235107422,576000,0.0,0.0,0.0,0.00035469133479226755,0.00035462844669091614,0.006148852838893388,0.006809843920363355
2014-06-25 00:00:00-04:00,69.71695217838572,69.74170275189638,69.71695217838572,69.72520446777344,453700,0.0,0.0,0.0,0.00011807909066630096,0.0001180721198792054,0.002845709295884177,0.0067555065571878615
2014-06-26 00:00:00-04:00,69.80772785104853,69.80772785104853,69.7417221069336,69.7417221069336,368700,0.0,0.0,0.0,0.00023689624557210465,0.00023686819008726014,0.002448267674718221,0.006834283821637872
2014-06-27 00:00:00-04:00,69.76650863554993,69.77476093147996,69.75001033834731,69.75826263427734,524900,0.0,0.0,0.0,0.00023716832398235077,0.00023714020402142196,0.002141852320494438,0.0068344620350191745
2014-06-30 00:00:00-04:00,69.75822586586672,69.77472415437336,69.74997357428633,69.76647186279297,1091800,0.0,0.0,0.0,0.00011768109189680409,0.00011767416802030998,0.0015740436942384523,0.006434682518006582
2014-07-01 00:00:00-04:00,69.77061487218302,69.77061487218302,69.73760223388672,69.73760223388672,542700,0.025,0.0,0.0,-0.0004138037675608386,-0.0004138894079662255,0.00430275328810884,0.006549039564014311
2014-07-02 00:00:00-04:00,69.70456722939461,69.73757985709811,69.70456722939461,69.71282196044922,594300,0.0,0.0,0.0,-0.0003553358969009546,-0.00035539904366008434,0.005128110537732651,0.006503271043596528
2014-07-03 00:00:00-04:00,69.68806379003695,69.7045669555664,69.6715543279926,69.7045669555664,492600,0.0,0.0,0.0,-0.00011841444157134617,-0.00011842145311484997,0.004523969696400897,0.0064759937285884615
2014-07-07 00:00:00-04:00,69.66335243846908,69.6881103515625,69.66335243846908,69.6881103515625,506100,0.0,0.0,0.0,-0.0002360907573587534,-0.0002361186311688608,0.0033554425419888307,0.006475786142636315
2014-07-08 00:00:00-04:00,69.69631222454423,69.71282168658858,69.67980905901477,69.7045669555664,627700,0.0,0.0,0.0,0.00023614650936698567,0.000236118631168849,0.004089746565315627,0.0060793980801006455
2014-07-09 00:00:00-04:00,69.68806406380033,69.7293251260435,69.65505143609683,69.71282196044922,380900,0.0,0.0,0.0,0.00011842846521203931,0.00011842145311496887,0.0038930761773594727,0.006038389959401463
2014-07-10 00:00:00-04:00,69.7375719910679,69.77058461504774,69.7375719910679,69.7458267211914,466100,0.0,0.0,0.0,0.0004734388856171279,0.00047332684878825354,0.0044819388773746065,0.006143731299137465
2014-07-11 00:00:00-04:00,69.77063724367434,69.77889198002448,69.75412777097408,69.76238250732422,2614500,0.0,0.0,0.0,0.00023737314347127558,0.00023734497492420442,0.004112640893048443,0.006069481810891817
2014-07-14 00:00:00-04:00,69.73763195391311,69.76238986905716,69.73763195391311,69.75413513183594,672900,0.0,0.0,0.0,-0.00011822095507441066,-0.00011822794372232853,0.00341239478987134,0.005673661341017696
2014-07-15 00:00:00-04:00,69.737595393392,69.77886276134373,69.71283749122749,69.7210922241211,435700,0.0,0.0,0.0,-0.0004737053602971164,-0.00047381759412654746,0.005732571674752687,0.0058784031505034525
2014-07-16 00:00:00-04:00,69.7293251260435,69.73757985709811,69.70456722939461,69.71282196044922,426700,0.0,0.0,0.0,-0.000118619250043972,-0.0001186262858636071,0.005794379461110375,0.005002449551981839
2014-07-17 00:00:00-04:00,69.73757910849073,69.77059173583984,69.7210759430736,69.77059173583984,2408500,0.0,0.0,0.0,0.0008286822103313884,0.0008283390427999945,0.00781820020930376,0.0050014063757617315
2014-07-18 00:00:00-04:00,69.73757985709811,69.7540830226924,69.71282196044922,69.71282196044922,2316600,0.0,0.0,0.0,-0.0008279960647223916,-0.0008283390428000575,0.0097984269770787,0.005876669181447851
2014-07-21 00:00:00-04:00,69.7540985626629,69.7540985626629,69.71283749122749,69.7210922241211,2455200,0.0,0.0,0.0,0.00011863332223982503,0.00011862628586374581,0.009977245250315675,0.005887778394694267
2014-07-22 00:00:00-04:00,69.7210922241211,69.737595393392,69.71283749122749,69.7210922241211,2456000,0.0,0.0,0.0,0.0,0.0,0.009392947721365863,0.005887778394694267
2014-07-23 00:00:00-04:00,69.7540751548007,69.7540751548007,69.7375719910679,69.7458267211914,478400,0.0,0.0,0.0,0.00035476347660767793,0.000354700562924722,0.009614474520082378,0.005887832668865686
2014-07-24 00:00:00-04:00,69.71283749122749,69.72934066049838,69.70458275833387,69.7210922241211,221200,0.0,0.0,0.0,-0.0003546376641170301,-0.0003547005629247324,0.007320682705701947,0.006021776934795654
2014-07-25 00:00:00-04:00,69.7293701171875,69.73762485356826,69.71286694094495,69.7293701171875,2324500,0.0,0.0,0.0,0.00011872867739648463,0.00011872162970490301,0.004112962672278685,0.005973788232343815
2014-07-28 00:00:00-04:00,69.70457431197148,69.72108377575819,69.69631958007812,69.69631958007812,2286900,0.0,0.0,0.0,-0.0004739830153898117,-0.0004740953808468656,0.005413405848342066,0.006117076749731851
2014-07-29 00:00:00-04:00,69.70456722939461,69.71282196044922,69.69631249834,69.71282196044922,255200,0.0,0.0,0.0,0.00023677549217127059,0.00023674746527839108,0.005852305532738316,0.006173265515656596
2014-07-30 00:00:00-04:00,69.6798324584961,69.6798324584961,69.63856508604194,69.6798324584961,1110200,0.0,0.0,0.0,-0.00047322000494887106,-0.00047333200887180474,0.005414891651494402,0.006224578154101195
2014-07-31 00:00:00-04:00,69.67980933274572,69.71282196044922,69.66330616715143,69.71282196044922,1446200,0.0,0.0,0.0,0.0004734440481437563,0.0004733320088718844,0.006828385152240097,0.006363762678156866
2014-08-01 00:00:00-04:00,69.7351239714022,69.80942142243902,69.7351239714022,69.8011703491211,19826500,0.027,0.0,0.0,0.001267319069682804,0.0012665166987057613,0.011563868885957698,0.007767701478618259
2014-08-04 00:00:00-04:00,69.79291297727393,69.80942142243902,69.78465560542675,69.8011703491211,1419200,0.0,0.0,0.0,0.0,0.0,0.01021920073690992,0.007689379393102658
2014-08-05 00:00:00-04:00,69.77639823357957,69.8176787942862,69.77639823357957,69.8011703491211,1278200,0.0,0.0,0.0,0.0,0.0,0.010448426206946847,0.007671922407173995
2014-08-06 00:00:00-04:00,69.8094001013779,69.83416591082624,69.80114903058,69.81765747070312,949900,0.0,0.0,0.0,0.0002362012198300345,0.00023617332871376726,0.008341144972931947,0.007693273276937509
2014-08-07 00:00:00-04:00,69.82588117514814,69.85064697265625,69.79285801229591,69.85064697265625,1129200,0.0,0.0,0.0,0.00047250943598275974,0.0004723978385517223,0.008340596626648317,0.00769263591192323
2014-08-08 00:00:00-04:00,69.84247144373397,69.85898619377303,69.8094482421875,69.8094482421875,500400,0.0,0.0,0.0,-0.0005898117233599232,-0.0005899857307188471,0.006270464069828086,0.008014962758989913
2014-08-11 00:00:00-04:00,69.82596299222658,69.83421406871443,69.8094482421875,69.8094482421875,1264700,0.0,0.0,0.0,0.0,0.0,0.006270464069828086,0.007996177847343636
2014-08-12 00:00:00-04:00,69.81770561720704,69.83421406871443,69.80119716569963,69.8094482421875,1587100,0.0,0.0,0.0,0.0,0.0,0.006270464069828086,0.007766228319423379
2014-08-13 00:00:00-04:00,69.85899064220396,69.85899064220396,69.82596743855467,69.84247589111328,708500,0.0,0.0,0.0,0.00047311144490347345,0.0004729995629708484,0.006963362619996338,0.00786565059232967
2014-08-14 00:00:00-04:00,69.81773582403088,69.87552487710686,69.81773582403088,69.85901641845703,975800,0.0,0.0,0.0,0.00023682618825726642,0.00023679814936235325,0.0062745129699152274,0.007398143832508172
2014-08-15 00:00:00-04:00,69.8342442826807,69.9085480929409,69.82599320262298,69.85901641845703,911200,0.0,0.0,0.0,0.0,0.0,0.00335923860886595,0.0066175325398118955
2014-08-18 00:00:00-04:00,69.81773582403088,69.86726749851475,69.81773582403088,69.85901641845703,721600,0.0,0.0,0.0,0.0,0.0,0.00335923860886595,0.006627642062494498
2014-08-19 00:00:00-04:00,69.86726749851475,69.86726749851475,69.84250166127282,69.85901641845703,1047000,0.0,0.0,0.0,0.0,0.0,0.00335923860886595,0.006627642062494498
2014-08-20 00:00:00-04:00,69.84243934513358,69.84243934513358,69.78465034361919,69.79290771484375,668300,0.0,0.0,0.0,-0.000946315980421053,-0.0009467640200688071,0.007321769034058086,0.0075116234323847324
2014-08-21 00:00:00-04:00,69.78465034361919,69.82593090121323,69.78465034361919,69.79290771484375,720300,0.0,0.0,0.0,0.0,0.0,0.006718177008231724,0.007372556785779441
2014-08-22 00:00:00-04:00,69.77643585205078,69.80945905871398,69.7599273979855,69.77643585205078,758700,0.0,0.0,0.0,-0.00023601055368360768,-0.000236038408557115,0.006504848169238487,0.007436955387888329
2014-08-25 00:00:00-04:00,69.75992821379788,69.7764366680562,69.75167083740234,69.75167083740234,1146100,0.0,0.0,0.0,-0.00035491945591703544,-0.0003549824547339078,0.006171477493217101,0.007340507552912855
2014-08-26 00:00:00-04:00,69.77643585205078,69.78469322834974,69.7599273979855,69.77643585205078,372100,0.0,0.0,0.0,0.0003550454684615456,0.0003549824547339258,0.007628524471229014,0.007394408438851437
2014-08-27 00:00:00-04:00,69.78465034361919,69.80116508606832,69.78465034361919,69.79290771484375,473300,0.0,0.0,0.0,0.00023606626781425,0.00023603840855718444,0.004785139688455233,0.007159095823427771
2014-08-28 00:00:00-04:00,69.78468241566057,69.81770561720704,69.78468241566057,69.8094482421875,459100,0.0,0.0,0.0,0.0002369943864688473,0.0002369663077354856,0.005072204650437163,0.007035390734387789
2014-08-29 00:00:00-04:00,69.80945268746399,69.84247589111328,69.80120161045072,69.84247589111328,515700,0.0,0.0,0.0,0.00047311144490347345,0.0004729995629708484,0.005073992511264713,0.005675058729044104
2014-09-02 00:00:00-04:00,69.81601599283233,69.82427609805431,69.7829818725586,69.7829818725586,13519800,0.028,0.0,0.0,-0.0008518314649589298,-0.0008521944795474166,0.008500693786986929,0.006482192298325217
2014-09-03 00:00:00-04:00,69.78297034582768,69.80774435678727,69.7747102419701,69.79948425292969,741300,0.0,0.0,0.0,0.00023648144473442656,0.00023645348740508097,0.008307160946922462,0.00654252972375002
2014-09-04 00:00:00-04:00,69.7912368774414,69.81601089068268,69.76646286420014,69.7912368774414,1702900,0.0,0.0,0.0,-0.00011815811501403317,-0.00011816509623403562,0.008231023807524348,0.0064927678214376635
2014-09-05 00:00:00-04:00,69.81603240966797,69.83254632338088,69.80777230250366,69.81603240966797,422000,0.0,0.0,0.0,0.00035528145560892455,0.0003552183580970496,0.008488633834052356,0.006387586342889034
2014-09-08 00:00:00-04:00,69.81606689964865,69.83258082151964,69.77477264404297,69.77477264404297,533300,0.0,0.0,0.0,-0.0005909783784746603,-0.0005911530750278871,0.008260505465555902,0.006388956470751035
2014-09-09 00:00:00-04:00,69.7747550466247,69.78301515578637,69.73346710205078,69.73346710205078,506900,0.0,0.0,0.0,-0.0005919838994374871,-0.000592159191089388,0.00707784340868075,0.006696677213253918
2014-09-10 00:00:00-04:00,69.72519293376821,69.74996695564066,69.72519293376821,69.74170684814453,367900,0.0,0.0,0.0,0.00011816056817726128,0.0001181535877671927,0.006720179328159814,0.006722484841437388
2014-09-11 00:00:00-04:00,69.76647443560952,69.77472824098308,69.74169411764447,69.74995422363281,774800,0.0,0.0,0.0,0.00011825600291426319,0.00011824901122435134,0.007027733618338924,0.006470618718442346
2014-09-12 00:00:00-04:00,69.72520699288911,69.74998101975692,69.72520699288911,69.73346710205078,340600,0.0,0.0,0.0,-0.00023637465809900338,-0.00023640259899159846,0.005632988334974591,0.006394265741451244
2014-09-15 00:00:00-04:00,69.74996690660137,69.77474092845642,69.74996690660137,69.76648712158203,431000,0.0,0.0,0.0,0.0004735175361771926,0.00047340546212661544,0.006427109243796273,0.006696303374387281
2014-09-16 00:00:00-04:00,69.78300338209719,69.80777740478516,69.75822935940924,69.80777740478516,1624100,0.0,0.0,0.0,0.0005918354916045754,0.0005916604260499474,0.005212632282517053,0.007091748088622715
2014-09-17 00:00:00-04:00,69.75824112891858,69.84908342784531,69.72520699288911,69.73346710205078,541600,0.0,0.0,0.0,-0.0010644989068120392,-0.0010650658881764166,0.010573999131656735,0.007971038119243268
2014-09-18 00:00:00-04:00,69.71693282627207,69.74170684814453,69.70867901939188,69.74170684814453,419000,0.0,0.0,0.0,0.00011816056817726128,0.0001181535877671927,0.010573918577201677,0.0073232477857439575
2014-09-19 00:00:00-04:00,69.72520699288911,69.74998101975692,69.71694688372745,69.73346710205078,425400,0.0,0.0,0.0,-0.00011814660790698817,-0.00011815358776723808,0.010456609603094285,0.007327424983366358
2014-09-22 00:00:00-04:00,69.75820785750685,69.7829818725586,69.74994775228487,69.7829818725586,332600,0.0,0.0,0.0,0.0007100574883986965,0.0007098055168494162,0.011236911522955192,0.00775322043389314
2014-09-23 00:00:00-04:00,69.76645643872568,69.79948425292969,69.76645643872568,69.79948425292969,745800,0.0,0.0,0.0,0.00023648144473442656,0.00023645348740508097,0.010404772138685089,0.007673077221863066
2014-09-24 00:00:00-04:00,69.78303275528786,69.79954667715886,69.76651883341687,69.77477264404297,1455900,0.0,0.0,0.0,-0.0003540371272253706,-0.0003540998131649675,0.006365425043762954,0.007692837358575968
2014-09-25 00:00:00-04:00,69.76650213909053,69.82431030273438,69.76650213909053,69.82431030273438,892400,0.0,0.0,0.0,0.0007099651752950908,0.0007097132692426567,0.007625274948804363,0.008061673301927386
2014-09-26 00:00:00-04:00,69.80775078606433,69.80775078606433,69.76646286420014,69.7912368774414,1486300,0.0,0.0,0.0,-0.00047366633697598637,-0.00047377855231186226,0.00896760646191773,0.00820443458107454
2014-09-29 00:00:00-04:00,69.80777740478516,69.8160375125532,69.79126348986523,69.80777740478516,533200,0.0,0.0,0.0,0.00023700006023386067,0.00023697198015615103,0.007697640740031568,0.008060464883855112
2014-09-30 00:00:00-04:00,69.7912368774414,69.80775078606433,69.77471666820473,69.7912368774414,1508000,0.0,0.0,0.0,-0.00023694390451423075,-0.00023697198015616304,0.007790220696522226,0.007499618806318857
2014-10-01 00:00:00-04:00,69.84903504408368,69.89033760922443,69.8325089757487,69.86555480957031,20930800,0.03,0.0,0.0,0.0010648605104881526,0.0010642939487052628,0.010152294934609158,0.008363890581504834
2014-10-02 00:00:00-04:00,69.87387929331781,69.88213603189824,69.8408334304345,69.85735321044922,1828300,0.0,0.0,0.0,-0.00011739116855868925,-0.00011739805944120814,0.009522956159698401,0.008363689623059715
2014-10-03 00:00:00-04:00,69.81604258422544,69.82429932185681,69.78299672514046,69.791259765625,2110100,0.0,0.0,0.0,-0.0009461200830943595,-0.0009465679372049721,0.011652264144536262,0.00898139368944445
2014-10-06 00:00:00-04:00,69.8408334304345,69.87387929331781,69.81605060898548,69.85735321044922,841300,0.0,0.0,0.0,0.0009470160740210343,0.0009465679372050023,0.013504088385732709,0.009331516135391384
2014-10-07 00:00:00-04:00,69.8655900137849,69.90689890258892,69.8655900137849,69.89863586425781,1333900,0.0,0.0,0.0,0.000590956454995295,0.0005907819089921175,0.013317137960803058,0.00917998227029906
2014-10-08 00:00:00-04:00,69.89037283919264,69.98124735229752,69.88210980085996,69.97298431396484,1367200,0.0,0.0,0.0,0.001063660954005119,0.0010630956675058557,0.013312844191772961,0.009773880427209482
2014-10-09 00:00:00-04:00,69.96472757848368,69.98951039063019,69.956464540151,69.97298431396484,623000,0.0,0.0,0.0,0.0,0.0,0.013101138844848393,0.009790498574961592
2014-10-10 00:00:00-04:00,69.98125203726859,70.00603485107422,69.96473226234882,70.00603485107422,629300,0.0,0.0,0.0,0.0004723328214941702,0.0004722213074601503,0.006691289264077389,0.009733152593474714
2014-10-13 00:00:00-04:00,70.0473717264637,70.52652732763408,70.02258890275738,70.03084564208984,1239000,0.0,0.0,0.0,0.00035440931725960745,0.00035434652911222545,0.006137295868009508,0.009697104318866468
2014-10-14 00:00:00-04:00,70.06386525680746,70.08864807122829,70.04734548147762,70.07212829589844,2228800,0.0,0.0,0.0,0.0005894924362270793,0.0005893187538138554,0.006135881557076719,0.009695817783714903
2014-10-15 00:00:00-04:00,70.22910135700839,70.2786669906723,70.08039815316393,70.16300964355469,2526700,0.0,0.0,0.0,0.0012969685646264661,0.0012961282274131412,0.007555160088512155,0.009259667199645837
2014-10-16 00:00:00-04:00,70.17954804926067,70.18781109134893,70.1051995790294,70.12171936035156,27217300,0.0,0.0,0.0,-0.000588490764761751,-0.0005886639934174993,0.010713158044586021,0.009776391508293016
2014-10-17 00:00:00-04:00,70.0969107054102,70.10517374445344,70.0638648520893,70.08039093017578,2035000,0.0,0.0,0.0,-0.0005893813008690518,-0.0005895550543026629,0.012854758025698774,0.010161284203672953
2014-10-20 00:00:00-04:00,70.08867349485287,70.12171936035156,70.08867349485287,70.12171936035156,1139800,0.0,0.0,0.0,0.0005897288760412511,0.000589555054302741,0.013124039502734944,0.010097546558353774
2014-10-21 00:00:00-04:00,70.08866038131782,70.12170624063366,70.08866038131782,70.10518646240234,1356700,0.0,0.0,0.0,-0.00023577428077958817,-0.00023580207990495845,0.013125140031600853,0.010239335186078644
2014-10-22 00:00:00-04:00,70.0721642982137,70.08868408203125,70.06390125487728,70.08868408203125,1814100,0.0,0.0,0.0,-0.0002353945721255135,-0.0002354222817763595,0.007646354969585548,0.01015966345500704
2014-10-23 00:00:00-04:00,70.04733236040606,70.07211517018463,70.0390693228629,70.05559539794922,1081500,0.0,0.0,0.0,-0.0004720973794186678,-0.0004722088524719663,0.007322982047768655,0.010276542103834526
2014-10-24 00:00:00-04:00,70.04734548147762,70.0803913349894,70.04734548147762,70.07212829589844,1171400,0.0,0.0,0.0,0.00023599682302744007,0.00023596898015766695,0.006802868165312435,0.009995984625709097
2014-10-27 00:00:00-04:00,70.05560852056858,70.08864807122829,70.05560852056858,70.07212829589844,919700,0.0,0.0,0.0,0.0,0.0,0.004270836752915651,0.010020048710346889
2014-10-28 00:00:00-04:00,70.07211517018463,70.08863494242004,70.04733236040606,70.05559539794922,738300,0.0,0.0,0.0,-0.00023594114166769486,-0.00023596898015777677,0.004271069071075385,0.010019483709018704
2014-10-29 00:00:00-04:00,70.04731787068863,70.05558090652254,69.96470642089844,69.96470642089844,1452200,0.0,0.0,0.0,-0.001297383549943243,-0.0012982258806105307,0.009362157033818711,0.010762565984920234
2014-10-30 00:00:00-04:00,69.98122365880087,70.01426949809175,69.9729606232658,69.98948669433594,1485800,0.0,0.0,0.0,0.00035418248292828913,0.0003541197751189173,0.010476295400445909,0.010783163322027486
2014-10-31 00:00:00-04:00,69.956464540151,69.98951039063019,69.956464540151,69.97298431396484,1770200,0.0,0.0,0.0,-0.00023578370338916965,-0.00023581150473671726,0.009784121332530291,0.010149993836202829
2014-11-03 00:00:00-05:00,70.01348030453987,70.01348030453987,69.92257466885327,69.96389770507812,14207300,0.029,0.0,0.0,-0.00012985881588167825,-0.00012986724826773036,0.009588987327625354,0.00971092259793096
2014-11-04 00:00:00-05:00,69.93086664999618,69.97218339663901,69.90606903599553,69.95565795898438,1177700,0.0,0.0,0.0,-0.00011777139873603293,-0.0001177783343317616,0.00968192277484514,0.009537135460427703
2014-11-05 00:00:00-05:00,69.94738330193594,69.94738330193594,69.93085786635697,69.93911743164062,1289700,0.0,0.0,0.0,-0.000236443024429156,-0.0002364709814879778,0.003896006103136072,0.008774051412403493
2014-11-06 00:00:00-05:00,69.92261505126953,69.94740636531813,69.91434917824874,69.92261505126953,815200,0.0,0.0,0.0,-0.00023595351181293633,-0.00023598135322240978,0.0009783130862906664,0.008805389125424525
2014-11-07 00:00:00-05:00,69.95565778992435,69.98871497016621,69.93912604729721,69.97218322753906,1389000,0.0,0.0,0.0,0.0007089004928260145,0.0007086493415588123,0.006373708454412692,0.009023805295726843
2014-11-10 00:00:00-05:00,69.97219767936673,69.9887294254083,69.92261505126953,69.92261505126953,1381700,0.0,0.0,0.0,-0.0007083983089157808,-0.000708649341558886,0.0081729684413711,0.009219133633108029
2014-11-11 00:00:00-05:00,69.89779646483406,70.0052275521323,69.88953059503841,69.91432189941406,580300,0.0,0.0,0.0,-0.00011860471536118133,-0.00011861174945662437,0.008172969543481724,0.008876261781435722
2014-11-12 00:00:00-05:00,69.93911743164062,69.96391504252658,69.92259199606166,69.93911743164062,894600,0.0,0.0,0.0,0.0003546559782448,0.0003545931026790385,0.00869442753284607,0.007398862524561862
2014-11-13 00:00:00-05:00,69.93912621631726,69.96392383031792,69.93912621631726,69.95565795898438,746300,0.0,0.0,0.0,0.00023649894295441065,0.00023647098148788602,0.00853168794830479,0.007344044626077584
2014-11-14 00:00:00-05:00,69.94737019858087,69.98869323730469,69.92257889735077,69.98869323730469,1064400,0.0,0.0,0.0,0.0004722316862444398,0.0004721202199522559,0.007569307525996249,0.007407663166374638
2014-11-17 00:00:00-05:00,69.97219524787192,69.98872699333901,69.96393568015189,69.98046112060547,850000,0.0,0.0,0.0,-0.00011762066583109743,-0.000117627583684073,0.004316712888755808,0.006991860395298619
2014-11-18 00:00:00-05:00,69.98871497016621,69.98871497016621,69.96392366123793,69.97218322753906,23372000,0.0,0.0,0.0,-0.00011828863276763801,-0.00011829562941971408,0.004315402997147356,0.0069741781819777195
2014-11-19 00:00:00-05:00,69.93910010033716,69.99694856804588,69.93910010033716,69.96389770507812,962000,0.0,0.0,0.0,-0.0001184116613025532,-0.0001184186725167979,0.0043158625101649105,0.006955248104558618
2014-11-20 00:00:00-05:00,69.99698656105903,70.00525243379258,69.96393568015189,69.98046112060547,723600,0.0,0.0,0.0,0.00023674232097770087,0.0002367143019365379,0.0043164511976924525,0.006892251727532139
2014-11-21 00:00:00-05:00,70.00521411039601,70.01347997860452,69.98868867898906,69.9969482421875,1048700,0.0,0.0,0.0,0.00023559606950307455,0.00023556832110728165,0.0030803801973897866,0.00689202856454211
2014-11-24 00:00:00-05:00,69.9639322718096,70.0052490234375,69.9639322718096,70.0052490234375,1582100,0.0,0.0,0.0,0.00011858775930173593,0.00011858072832926052,0.002845633634871545,0.006917066336604819
2014-11-25 00:00:00-05:00,69.99694177585236,70.0299989406225,69.98868221341695,70.01347351074219,472700,0.0,0.0,0.0,0.0001174838661301969,0.0001174769654412709,0.002297964004922003,0.006903220365433372
2014-11-26 00:00:00-05:00,70.0135236774136,70.04658086587015,70.0135236774136,70.02178955078125,840000,0.0,0.0,0.0,0.00011877770980439628,0.00011877065629075102,0.001025049178577826,0.005031230859798122
2014-11-28 00:00:00-05:00,70.06304947616829,70.06304947616829,70.03825818118875,70.04652404785156,319700,0.0,0.0,0.0,0.00035324000184799864,0.0003531776272869069,0.0016677535649035982,0.005030453366817415
2014-12-01 00:00:00-05:00,70.0953301737173,70.11186126562639,70.04573059082031,70.04573059082031,2475900,0.029,0.0,0.0,-1.132757181077082e-05,-1.1327635968196882e-05,0.0020967737379636872,0.004928854148117846
2014-12-02 00:00:00-05:00,70.02915616261252,70.02915616261252,69.98782530110935,70.00435638427734,825300,0.0,0.0,0.0,-0.0005906742094626827,-0.0005908487261986186,0.005621919401636935,0.005402984347887252
2014-12-03 00:00:00-05:00,69.99612852815612,69.99612852815612,69.96306003536002,69.97132873535156,782100,0.0,0.0,0.0,-0.00047179419441389925,-0.00047190552431275093,0.006340238124119222,0.005670042120013212
2014-12-04 00:00:00-05:00,69.98785737582668,70.01265716552734,69.97958867687001,70.01265716552734,901400,0.0,0.0,0.0,0.0005906480686124205,0.0005904737046970376,0.00810176518104192,0.005944262647334068
2014-12-05 00:00:00-05:00,69.88044738769531,69.91351590672211,69.86391628176946,69.88044738769531,494200,0.0,0.0,0.0,-0.001888369663208933,-0.0018901548809894851,0.014552690702645133,0.00907672602420273
2014-12-08 00:00:00-05:00,69.86385369689336,69.88865348715373,69.84731629860681,69.87211608886719,427400,0.0,0.0,0.0,-0.00011922217357740461,-0.00011922928110566313,0.014355260263052444,0.008648483974661463
2014-12-09 00:00:00-05:00,69.92168087919961,69.9464806548836,69.88861240923238,69.89688110351562,545000,0.0,0.0,0.0,0.00035443344261887333,0.00035437064592397767,0.015485608476395338,0.008430351669983167
2014-12-10 00:00:00-05:00,69.88865123133525,69.97131929859133,69.88865123133525,69.95478820800781,734300,0.0,0.0,0.0,0.0008284647838066039,0.0008281217962799189,0.017262460856417163,0.008935976062371767
2014-12-11 00:00:00-05:00,69.93824587213115,69.93824587213115,69.90517738612974,69.92171478271484,678900,0.0,0.0,0.0,-0.00047278286647978174,-0.00047289466353774446,0.016418733956744,0.009018444583372576
2014-12-12 00:00:00-05:00,69.97959293384113,70.03746121571936,69.95479314263184,69.98786163330078,942700,0.0,0.0,0.0,0.0009460129916936122,0.0009455658034117794,0.009630734983301366,0.00961029157553647
2014-12-15 00:00:00-05:00,69.96305510111411,69.98786119933926,69.9299866106502,69.9382553100586,1662100,0.0,0.0,0.0,-0.000708784667577067,-0.00070903597418476,0.01191467444845133,0.009791040882111779
2014-12-16 00:00:00-05:00,69.99614535459943,70.01268275855797,69.9548144590463,69.9796142578125,1239500,0.0,0.0,0.0,0.0005913637332035648,0.0005911889465760109,0.012235744637066217,0.010032966434075896
2014-12-17 00:00:00-05:00,69.9630669977716,70.03747269075988,69.86386781668152,69.91346740722656,966900,0.0,0.0,0.0,-0.0009452302829542347,-0.000945677294806434,0.01326858144013744,0.01057649951382749
2014-12-18 00:00:00-05:00,69.84731629860681,69.88038478801046,69.84731629860681,69.87211608886719,1009100,0.0,0.0,0.0,-0.0005914642756669197,-0.0005916392596628716,0.0134934152540811,0.010753779646297342
2014-12-19 00:00:00-05:00,69.9051625507111,69.9051625507111,69.82249450683594,69.82249450683594,785100,0.0,0.0,0.0,-0.00071017717522881,-0.0007104294704955497,0.009661802124807373,0.010924833004054463
2014-12-22 00:00:00-05:00,69.82250526794995,69.85557375203005,69.82250526794995,69.83904266357422,680300,0.0,0.0,0.0,0.0002370032301934888,0.0002369751493646715,0.010503276498981261,0.010925429243925153
2014-12-23 00:00:00-05:00,69.83082359964129,69.83082359964129,69.76468658447266,69.76468658447266,1083500,0.0,0.0,0.0,-0.0010646778115179778,-0.0010652449835451998,0.008120800977068897,0.011390662583300421
2014-12-24 00:00:00-05:00,69.7670894921647,69.8332523047103,69.75881756318823,69.8001708984375,958700,0.033,0.0,0.0,0.0005086285870701257,0.0005084992793948621,0.010581489177414912,0.011605041213583798
2014-12-26 00:00:00-05:00,69.75885438770835,69.80020774478737,69.75885438770835,69.77539825439453,414300,0.0,0.0,0.0,-0.00035490807148619297,-0.00035497106626113963,0.010335389425822739,0.01158007170267008
2014-12-29 00:00:00-05:00,69.82504568816448,69.84985518866694,69.82504568816448,69.84158325195312,749500,0.0,0.0,0.0,0.0009485434582154895,0.0009480938751463527,0.01244663406634295,0.012121071074082364
2014-12-30 00:00:00-05:00,69.87462914826123,69.89117301327403,69.84981966037783,69.86636352539062,665900,0.0,0.0,0.0,0.0003548068683967287,0.0003547439393244693,0.012582562356197884,0.01224416229406691
2014-12-31 00:00:00-05:00,69.85812712538075,69.89947418967185,69.84158325195312,69.84158325195312,724100,0.0,0.0,0.0,-0.0003546810251330301,-0.0003547439393245779,0.009025573400875031,0.012154189214058735
2015-01-02 00:00:00-05:00,69.87458600369241,69.91593933105469,69.85804845852662,69.91593933105469,1735400,0.0,0.0,0.0,0.0010646390823261243,0.0010640727560580605,0.010827237827195012,0.012766047054664057
2015-01-05 00:00:00-05:00,69.85804845852662,69.92421125845351,69.85804845852662,69.91593933105469,1214300,0.0,0.0,0.0,0.0,0.0,0.009637132111599066,0.012549820831039558
2015-01-06 00:00:00-05:00,69.93250704138651,70.03175128408553,69.93250704138651,69.94905090332031,959400,0.0,0.0,0.0,0.00047359118081558016,0.00047347907190677075,0.008460247531024104,0.010667209140960626
2015-01-07 00:00:00-05:00,69.95734667199113,69.99042810048022,69.94080911256525,69.98216247558594,768800,0.0,0.0,0.0,0.00047336699837985385,0.00047325499556650607,0.008543323450133825,0.010750130358235695
2015-01-08 00:00:00-05:00,69.97391510009766,69.99872460276264,69.95737122522797,69.97391510009766,862500,0.0,0.0,0.0,-0.00011784968049766142,-0.0001178566253168933,0.007439260276143771,0.010720260187978534
2015-01-09 00:00:00-05:00,70.02347398031233,70.07309925267145,70.02347398031233,70.03174591064453,422200,0.0,0.0,0.0,0.0008264624105160934,0.0008261210785105301,0.006133348710259725,0.010718346960166892
2015-01-12 00:00:00-05:00,70.07311248779297,70.08965004194681,70.04829669210923,70.07311248779297,641700,0.0,0.0,0.0,0.0005906832195960998,0.000590508834930495,0.00552804937564267,0.01068826187842621
2015-01-13 00:00:00-05:00,70.08139763778048,70.1227509991409,70.05658814481906,70.1144790649414,525600,0.0,0.0,0.0,0.0005903345189017806,0.000590160340025508,0.005621767534628927,0.010388930244349193
2015-01-14 00:00:00-05:00,70.17234504800219,70.1971545321471,70.15580749511719,70.15580749511719,690800,0.0,0.0,0.0,0.0005894421626879698,0.0005892685098918949,0.005682830008127475,0.010081561126788265
2015-01-15 00:00:00-05:00,70.17236384232089,70.26333618164062,70.16409190884549,70.26333618164062,577900,0.0,0.0,0.0,0.0015327125488637794,0.0015315391438271223,0.00647902938061272,0.01112147041239645
2015-01-16 00:00:00-05:00,70.23854269821956,70.23854269821956,70.18065176997152,70.19718933105469,756300,0.0,0.0,0.0,-0.0009414134622776071,-0.0009418568702397453,0.014120126085411319,0.011116252883371034
2015-01-20 00:00:00-05:00,70.18891645048936,70.2219978788743,70.16410064697266,70.16410064697266,696000,0.0,0.0,0.0,-0.0004713676487242413,-0.0004714787773773799,0.015504574200893856,0.01101011619082287
2015-01-21 00:00:00-05:00,70.1558350221044,70.20545400986317,70.14756308759884,70.16410064697266,606400,0.0,0.0,0.0,0.0,0.0,0.015276800307253065,0.010500774002174505
2015-01-22 00:00:00-05:00,70.18891515243536,70.18891515243536,70.11448036253645,70.13928985595703,588900,0.0,0.0,0.0,-0.0003536109033942525,-0.0003536734384722436,0.015000725334462976,0.010713320313096387
2015-01-23 00:00:00-05:00,70.15582572406797,70.18063521465925,70.13928185724946,70.17236328125,1089900,0.0,0.0,0.0,0.0004715392094913895,0.00047142806981478327,0.008401904435493917,0.009611163200580673
2015-01-26 00:00:00-05:00,70.15582145197115,70.17235900814615,70.1227400299851,70.13101196289062,1576400,0.0,0.0,0.0,-0.0005892821108737234,-0.0005894558058170551,0.006823666096272439,0.010061828187657242
2015-01-27 00:00:00-05:00,70.18063521465925,70.19717277184128,70.14755379065872,70.17236328125,414900,0.0,0.0,0.0,0.0005896295690308584,0.0005894558058171181,0.008092529613329362,0.009882304070005232
2015-01-28 00:00:00-05:00,70.15581439656843,70.23024285632492,70.14754246449478,70.22197723388672,743900,0.0,0.0,0.0,0.000707029809411841,0.0007067799815863536,0.009411493632699249,0.009702407704112114
2015-01-29 00:00:00-05:00,70.19718933105469,70.19718933105469,70.15584227352778,70.19718933105469,516100,0.0,0.0,0.0,-0.00035299351867390527,-0.00035305583555141887,0.009409350873809622,0.009944376782595762
2015-01-30 00:00:00-05:00,70.24678766048801,70.27986907958984,70.1888967544687,70.27986907958984,474400,0.0,0.0,0.0,0.001177821353291364,0.0011771282658899406,0.011871820134713324,0.01022025653570906
2015-02-02 00:00:00-05:00,70.27408813571735,70.28235697058989,70.22444356604362,70.25753784179688,1883800,0.033,0.0,0.0,-0.00031774728788525053,-0.00031779778025088786,0.010677567186371749,0.010048441340755158
2015-02-03 00:00:00-05:00,70.23270211705419,70.23270211705419,70.18306387119765,70.1996078491211,1015000,0.0,0.0,0.0,-0.0008245377571617363,-0.0008248778753912957,0.013191685486289479,0.010717853813172657
2015-02-04 00:00:00-05:00,70.17483722774837,70.22447550791256,70.15001808766627,70.20793151855469,798200,0.0,0.0,0.0,0.00011857145201554786,0.00011856442297655474,0.01203440959464064,0.010672830526091826
2015-02-05 00:00:00-05:00,70.19962656290015,70.19962656290015,70.1665322861448,70.1830825805664,428400,0.0,0.0,0.0,-0.0003539334865849675,-0.00035399613582430913,0.012035952596370853,0.010779771437824118
2015-02-06 00:00:00-05:00,70.07557549670038,70.07557549670038,70.00111805399074,70.01766204833984,774300,0.0,0.0,0.0,-0.002356985845366255,-0.0023597679088864913,0.01523878261498207,0.013960803713354323
2015-02-09 00:00:00-05:00,70.03414224284037,70.03414224284037,70.00104797518074,70.00932312011719,1616200,0.0,0.0,0.0,-0.00011909749595606645,-0.00011910458862598968,0.015650931950248,0.013646722051267357
2015-02-10 00:00:00-05:00,70.01761698315813,70.01761698315813,69.98452270366782,69.9927978515625,1194500,0.0,0.0,0.0,-0.00023604382699626836,-0.00023607168972503622,0.015928138115191528,0.013473964295203507
2015-02-11 00:00:00-05:00,70.01763499137397,70.01763499137397,69.99281585339496,70.00109100341797,840500,0.0,0.0,0.0,0.000118485788681566,0.00011847876979492633,0.015927898216144203,0.013275945621079773
2015-02-12 00:00:00-05:00,70.0259017944336,70.05899607849082,70.00935780844961,70.0259017944336,1036300,0.0,0.0,0.0,0.0003544343475219147,0.0003543715505064044,0.017320928865944534,0.013144189263017565
2015-02-13 00:00:00-05:00,70.04245209250685,70.06727122752746,70.0259017944336,70.0259017944336,1118600,0.0,0.0,0.0,0.0,0.0,0.0036093925547238375,0.011674743538624473
2015-02-17 00:00:00-05:00,70.00934814735186,70.04244242684217,69.96797871996687,69.9927978515625,562400,0.0,0.0,0.0,-0.0004727385442071519,-0.0004728503203013749,0.005068263311782533,0.011378232799513064
2015-02-18 00:00:00-05:00,70.0092877808774,70.1002953929811,69.98446235859943,70.07546997070312,998400,0.0,0.0,0.0,0.0011811517995887755,0.0011804547885984743,0.009653326533755616,0.012230692617413061
2015-02-19 00:00:00-05:00,70.03418731689453,70.09210074455048,70.0259121666322,70.03418731689453,744000,0.0,0.0,0.0,-0.0005891170451779448,-0.0005892906428073009,0.011354434635910035,0.012368492181174367
2015-02-20 00:00:00-05:00,70.07554006447481,70.09209036254806,70.00108265941299,70.0259017944336,415200,0.0,0.0,0.0,-0.00011830682668523274,-0.00011831382548986259,0.011167737459117321,0.012330719480803012
2015-02-23 00:00:00-05:00,70.0506771876736,70.06722747541234,70.0258580681508,70.05895233154297,715500,0.0,0.0,0.0,0.00047197588695668813,0.0004718645413713305,0.011659063376713545,0.012330978917363301
2015-02-24 00:00:00-05:00,70.05070902614038,70.12517273063828,70.00934591216439,70.11689758300781,482800,0.0,0.0,0.0,0.000827092748841407,0.0008267508961167676,0.011321254210851867,0.012578462931704953
2015-02-25 00:00:00-05:00,70.08380330457409,70.11689758300781,70.08380330457409,70.11689758300781,485300,0.0,0.0,0.0,0.0,0.0,0.008687179737416229,0.012378341012337413
2015-02-26 00:00:00-05:00,70.05896484261277,70.08378396656774,70.0341457186578,70.05068969726562,530600,0.0,0.0,0.0,-0.000944250074153774,-0.0009446961590876391,0.010652672455436642,0.012445536294444538
2015-02-27 00:00:00-05:00,70.08374511146245,70.09202025222177,70.05065086050811,70.07546997070312,3103100,0.0,0.0,0.0,0.0003537477438779746,0.0003536851898966103,0.010717280113993135,0.01252400997935666
2015-03-02 00:00:00-05:00,70.05153138441011,70.06808773991844,70.01842498779297,70.01842498779297,3233200,0.031,0.0,0.0,-0.0008140506647191792,-0.000814382183889355,0.012029102776155536,0.011833867041766685
2015-03-03 00:00:00-05:00,70.01839634781584,70.03495269655204,69.99356813910846,70.00184631347656,1288800,0.0,0.0,0.0,-0.00023677588176673758,-0.0002368039176013911,0.008682843840079394,0.011825404341330692
2015-03-04 00:00:00-05:00,70.02670316554713,70.04325320665595,70.00187494668414,70.01842498779297,572900,0.0,0.0,0.0,0.00023683195786250444,0.00023680391760150452,0.009381599214725042,0.011659525560993375
2015-03-05 00:00:00-05:00,70.05154447568792,70.0681008342903,70.02671625218503,70.04326629638672,386800,0.0,0.0,0.0,0.00035478245330544667,0.00035471953289245903,0.008030423014144479,0.011755785198340257
2015-03-06 00:00:00-05:00,69.94388365428314,69.98526188072535,69.93560548323694,69.96871185302734,503300,0.0,0.0,0.0,-0.001064405578173666,-0.0010649724600883055,0.009943381411632968,0.012207426306933814
2015-03-09 00:00:00-04:00,69.96873993040109,70.00184631347656,69.96046175603298,70.00184631347656,367200,0.0,0.0,0.0,0.000473561104266329,0.0004734490095943136,0.009989917403912108,0.009190381041591353
2015-03-10 00:00:00-04:00,70.04325320665595,70.04325320665595,69.99359676892998,70.01842498779297,1039600,0.0,0.0,0.0,0.00023683195786250444,0.00023680391760150452,0.009989524469483783,0.009221714987630688
2015-03-11 00:00:00-04:00,70.01842498779297,70.0349813433013,69.99359676892998,70.01842498779297,607500,0.0,0.0,0.0,0.0,0.0,0.009847247822388307,0.009177276070420085
2015-03-12 00:00:00-04:00,70.05149265891285,70.07632086405043,70.0183862805974,70.03494262695312,1158100,0.0,0.0,0.0,0.00023590418040742023,0.00023587635939156335,0.009610862844678303,0.00920367607819164
2015-03-13 00:00:00-04:00,70.02671625218503,70.07637269919081,70.02671625218503,70.04326629638672,436500,0.0,0.0,0.0,0.0001188502356306298,0.00011884317350092672,0.0027861663754308237,0.009129298576092017
2015-03-16 00:00:00-04:00,70.05154418945312,70.08465059212195,70.04326601018576,70.05154418945312,934000,0.0,0.0,0.0,0.00011818256777718084,0.00011817558476769221,0.0015690541030157989,0.009136778491430863
2015-03-17 00:00:00-04:00,70.07632086405043,70.07632086405043,70.03494262695312,70.03494262695312,1255600,0.0,0.0,0.0,-0.00023699067154181463,-0.00023701875826862936,0.0028482880375896463,0.009006067384020931
2015-03-18 00:00:00-04:00,70.03499005778765,70.20879392585454,70.00188365705105,70.20051574707031,873500,0.0,0.0,0.0,0.002364150150006239,0.0023613599438193017,0.016605777562816382,0.011612868379797319
2015-03-19 00:00:00-04:00,70.1424966196405,70.1673248116809,70.10111208997803,70.10939025878906,351000,0.0,0.0,0.0,-0.001298074341926081,-0.0012989175702189954,0.02119579501472883,0.012407737572144544
2015-03-20 00:00:00-04:00,70.16738156906182,70.17565974456895,70.14255335693822,70.15910339355469,721900,0.0,0.0,0.0,0.0007090795481479173,0.0007088282700222201,0.021442974720207855,0.012601461813527656
2015-03-23 00:00:00-04:00,70.16738834953429,70.1922165640571,70.14256013501148,70.18394470214844,683900,0.0,0.0,0.0,0.0003540710669349689,0.00035400839856701625,0.021360529804820675,0.012561607560197157
2015-03-24 00:00:00-04:00,70.18391203140976,70.208740234375,70.15907751404906,70.208740234375,535900,0.0,0.0,0.0,0.00035329351081347937,0.0003532311173561244,0.02068960352110786,0.012302496134595728
2015-03-25 00:00:00-04:00,70.20878658044566,70.21705844396416,70.1674020052546,70.19223022460938,932000,0.0,0.0,0.0,-0.0002351560462487967,-0.00023518369976718672,0.012526143510102136,0.012347397544879742
2015-03-26 00:00:00-04:00,70.16738156906182,70.16738156906182,70.12600332032177,70.15910339355469,963400,0.0,0.0,0.0,-0.00047194441533893183,-0.00047205581615589106,0.00765594386079028,0.011948330316896448
2015-03-27 00:00:00-04:00,70.17568752511795,70.20879392585454,70.17568752511795,70.20051574707031,595300,0.0,0.0,0.0,0.0005902634371384163,0.000590089300196882,0.007129752452651398,0.012049895960639956
2015-03-30 00:00:00-04:00,70.20878658044566,70.21705844396416,70.18395836109087,70.19223022460938,793600,0.0,0.0,0.0,-0.00011802651836334555,-0.00011803348404095921,0.006930373875529141,0.011602728737418367
2015-03-31 00:00:00-04:00,70.20876670941585,70.2501449584961,70.20048853384067,70.2501449584961,1035200,0.0,0.0,0.0,0.0008250875303632554,0.0008247473327625463,0.008879327762867137,0.011775490006418551
2015-04-01 00:00:00-04:00,70.24766377965713,70.2807846069336,70.24766377965713,70.2807846069336,2228700,0.037,0.0,0.0,0.00043615067919944295,0.00043605559313885517,0.008466403590478034,0.011810055745857218
2015-04-02 00:00:00-04:00,70.28082033400187,70.28082033400187,70.23942401672649,70.27254486083984,643500,0.0,0.0,0.0,-0.00011724038284199878,-0.00011724725603289886,0.00675665187036384,0.011840079004512187
2015-04-06 00:00:00-04:00,70.36358805055822,70.36358805055822,70.30562818358118,70.3304672241211,1162400,0.0,0.0,0.0,0.0008242531047644164,0.0008239135947227213,0.007502277634229344,0.011117825665406823
2015-04-07 00:00:00-04:00,70.2807846069336,70.29734817914776,70.2807846069336,70.2807846069336,544500,0.0,0.0,0.0,-0.0007064167088379758,-0.0007066663386899607,0.01048413235411181,0.011593359362657058
2015-04-08 00:00:00-04:00,70.28906639304068,70.29734817914776,70.24766377965713,70.2807846069336,1086800,0.0,0.0,0.0,0.0,0.0,0.00920256371347679,0.011613601905304702
2015-04-09 00:00:00-04:00,70.26422508417964,70.27250687001944,70.24766151250004,70.25594329833984,459000,0.0,0.0,0.0,-0.0003534580430865075,-0.000353520524103998,0.009022648124824577,0.011756094137050668
2015-04-10 00:00:00-04:00,70.26423418518658,70.27251597209909,70.23939514160156,70.23939514160156,614400,0.0,0.0,0.0,-0.0002355410227432575,-0.00023556876688662977,0.00909995365718659,0.011839638464972135
2015-04-13 00:00:00-04:00,70.23938831070191,70.2807846069336,70.23938831070191,70.2807846069336,754400,0.0,0.0,0.0,0.0005892628381636289,0.0005890892909906616,0.007641795121444145,0.011942619132966943
2015-04-14 00:00:00-04:00,70.29734655391425,70.33046738042498,70.28906476799864,70.31390380859375,449200,0.0,0.0,0.0,0.0004712412054785897,0.000471130206211969,0.006665628819223021,0.011988148241073806
2015-04-15 00:00:00-04:00,70.30562833982987,70.32218559450936,70.29734655391425,70.31390380859375,772200,0.0,0.0,0.0,0.0,0.0,0.006665628819223021,0.011906162279854752
2015-04-16 00:00:00-04:00,70.33047338355567,70.35531242627096,70.29735255421788,70.34703063964844,11419400,0.0,0.0,0.0,0.0004711277465814234,0.00047101680074969603,0.005672608498120344,0.008842449093526154
2015-04-17 00:00:00-04:00,70.30562833982987,70.33874284918886,70.30562833982987,70.31390380859375,727200,0.0,0.0,0.0,-0.000470905889750739,-0.0004710168007497018,0.007045781840542769,0.0074858023087354866
2015-04-20 00:00:00-04:00,70.29732887290568,70.32216790725334,70.28076530524048,70.30561065673828,460900,0.0,0.0,0.0,-0.00011794469381254391,-0.00011795164983489917,0.00642230230753301,0.007231675559532619
2015-04-21 00:00:00-04:00,70.26422572740351,70.31390380859375,70.26422572740351,70.31390380859375,565700,0.0,0.0,0.0,0.00011795860640417821,0.00011795164983481857,0.005450408208173444,0.007171880401711053
2015-04-22 00:00:00-04:00,70.27250687001944,70.28906412454738,70.25594329833984,70.25594329833984,582200,0.0,0.0,0.0,-0.000824310799350414,-0.0008246507303160586,0.007997378145433737,0.007795225189501516
2015-04-23 00:00:00-04:00,70.26424634030164,70.2890853881836,70.26424634030164,70.2890853881836,561700,0.0,0.0,0.0,0.00047173361124785984,0.00047162237992752953,0.008000413920678757,0.007875272956189639
2015-04-24 00:00:00-04:00,70.31390380859375,70.32218559450936,70.29734655391425,70.31390380859375,405800,0.0,0.0,0.0,0.0003530906722302163,0.0003530283503885507,0.008150748420675402,0.0076652770183345395
2015-04-27 00:00:00-04:00,70.31388612342074,70.31388612342074,70.28904708907308,70.30561065673828,439300,0.0,0.0,0.0,-0.00011794469381254391,-0.00011795164983489917,0.008150748420675402,0.007487306016907173
2015-04-28 00:00:00-04:00,70.27254486083984,70.3056657049532,70.27254486083984,70.27254486083984,506400,0.0,0.0,0.0,-0.0004703151795363292,-0.0004704258124099534,0.008668382809783087,0.00770885472003868
2015-04-29 00:00:00-04:00,70.25594556576421,70.2807846069336,70.23938831070191,70.2807846069336,461400,0.0,0.0,0.0,0.0001172541297609353,0.0001172472560327724,0.005997875418097219,0.007164013737748671
2015-04-30 00:00:00-04:00,70.2476994898885,70.28082033400187,70.21458496293023,70.27254486083984,746800,0.0,0.0,0.0,-0.00011724038284199878,-0.00011724725603289886,0.0048684204253266515,0.007007194309395628
2015-05-01 00:00:00-04:00,70.24352264404297,70.26008673130112,70.22695223702624,70.24352264404297,1996300,0.035,0.0,0.0,-0.00041299510149162,-0.00041308040745665367,0.0038285985218815166,0.007146847078742611
2015-05-04 00:00:00-04:00,70.2352374405346,70.26008673130112,70.21866703351787,70.24352264404297,535700,0.0,0.0,0.0,0.0,0.0,0.004072148601277787,0.006416112621015722
2015-05-05 00:00:00-04:00,70.22693634033203,70.26007082710652,70.19380185355755,70.22693634033203,8800900,0.0,0.0,0.0,-0.0002361257392370364,-0.0002361536213086044,0.003268242286371835,0.00599260103436889
2015-05-06 00:00:00-04:00,70.20210266113281,70.21866674832367,70.17725337046723,70.20210266113281,1583000,0.0,0.0,0.0,-0.0003536204267671206,-0.0003536829652139168,0.0026827595725490544,0.006093276388704085
2015-05-07 00:00:00-04:00,70.20209538183894,70.21038058445455,70.17724609375,70.17724609375,909500,0.0,0.0,0.0,-0.0003540715511441972,-0.0003541342492760487,0.002615035284695095,0.0060936740794838105
2015-05-08 00:00:00-04:00,70.27666473388672,70.29323514418452,70.26010064334876,70.27666473388672,855400,0.0,0.0,0.0,0.0014166791327763217,0.0014156765896366323,0.011954541639005912,0.007978628175869371
2015-05-11 00:00:00-04:00,70.26009439994571,70.26837960435839,70.21039581298828,70.21039581298828,2438600,0.0,0.0,0.0,-0.0009429719117913793,-0.0009434167894980353,0.01410542804614486,0.00838884228024244
2015-05-12 00:00:00-04:00,70.22694364976088,70.2435140547514,70.20209436203292,70.21865844726562,497600,0.0,0.0,0.0,0.00011768391534716649,0.00011767699113844077,0.014104511825815456,0.00818898716090236
2015-05-13 00:00:00-04:00,70.2683938374747,70.29324313598673,70.24354453896267,70.25182342529297,670900,0.0,0.0,0.0,0.00047231004921943764,0.0004721985459361734,0.014104555844441875,0.008409387018779163
2015-05-14 00:00:00-04:00,70.28491971263266,70.31805419921875,70.28491971263266,70.31805419921875,992800,0.0,0.0,0.0,0.0009427623468907242,0.0009423182255813467,0.014235645246667112,0.008942344650423813
2015-05-15 00:00:00-04:00,70.28491971263266,70.33462460239036,70.28491971263266,70.31805419921875,599200,0.0,0.0,0.0,0.0,0.0,0.011070560228241728,0.00878252624787307
2015-05-18 00:00:00-04:00,70.30152034933342,70.31808443987138,70.26010064334876,70.27666473388672,5576400,0.0,0.0,0.0,-0.0005886036780080595,-0.0005887769731577199,0.009028592611096826,0.00902413984944056
2015-05-19 00:00:00-04:00,70.2269519181113,70.2600864122357,70.21866671464055,70.23523712158203,544600,0.0,0.0,0.0,-0.0005894931477120613,-0.0005896669671112476,0.01063296590472578,0.009227356967574358
2015-05-20 00:00:00-04:00,70.25178559915145,70.26835600241107,70.23522151564899,70.26007080078125,541600,0.0,0.0,0.0,0.0003535786339872171,0.00035351613979265164,0.01036405642289083,0.008866440137400317
2015-05-21 00:00:00-04:00,70.26012384064008,70.29325835241562,70.2518386327557,70.28497314453125,677900,0.0,0.0,0.0,0.00035443095155152093,0.0003543681557392269,0.007531610061030903,0.008793684483971399
2015-05-22 00:00:00-04:00,70.24352232505277,70.2600864122357,70.2269519181113,70.23523712158203,530500,0.0,0.0,0.0,-0.0007076338045537423,-0.0007078842955319763,0.008577876073879222,0.009027316534024932
2015-05-26 00:00:00-04:00,70.2103881497681,70.26008673130112,70.2103881497681,70.24352264404297,634000,0.0,0.0,0.0,0.00011796817097087242,0.00011796121327337717,0.008204245682865176,0.009044606076657495
2015-05-27 00:00:00-04:00,70.22697412678093,70.26010863138383,70.21868892069007,70.25182342529297,597100,0.0,0.0,0.0,0.0001181714831139935,0.0001181645014143026,0.0069562132855884385,0.008917054412593666
2015-05-28 00:00:00-04:00,70.2518386327557,70.29325835241562,70.2518386327557,70.28497314453125,888200,0.0,0.0,0.0,0.00047186987642433564,0.00047175858084417535,0.007325236200362696,0.009074062222148523
2015-05-29 00:00:00-04:00,70.27665043209205,70.31807012964752,70.27665043209205,70.30150604248047,565900,0.0,0.0,0.0,0.00023522663820640943,0.00023519897675846973,0.007079379334134345,0.009098267620641715
2015-06-01 00:00:00-04:00,70.32382805556468,70.32382805556468,70.24095891286692,70.25753021240234,8556400,0.037,0.0,0.0,-0.0006255318350015804,-0.00062572756166631,0.0065306604811290895,0.009262454383920782
2015-06-02 00:00:00-04:00,70.22443033838698,70.2492904663086,70.22443033838698,70.2492904663086,715300,0.0,0.0,0.0,-0.00011727918799364634,-0.0001172860657353638,0.006620078550610528,0.00927350449167646
2015-06-03 00:00:00-04:00,70.20783970419356,70.22441101074219,70.19955088966275,70.22441101074219,1359800,0.0,0.0,0.0,-0.00035415952817829943,-0.0003542222574752218,0.007001296225959861,0.009323416757825992
2015-06-04 00:00:00-04:00,70.23273468017578,70.24930599494837,70.20787454675883,70.23273468017578,934300,0.0,0.0,0.0,0.00011852957274816056,0.00011852254867338754,0.005552565972024143,0.009237236951821978
2015-06-05 00:00:00-04:00,70.13327866457264,70.18300524742837,70.13327866457264,70.16642761230469,599300,0.0,0.0,0.0,-0.0009441048846102751,-0.0009445508323298883,0.006624732029669867,0.009777460537493362
2015-06-08 00:00:00-04:00,70.17471390746338,70.2078628540039,70.17471390746338,70.2078628540039,985400,0.0,0.0,0.0,0.0005905280218647668,0.000590353728805711,0.009027088558514631,0.008543267141323635
2015-06-09 00:00:00-04:00,70.19962668844978,70.19962668844978,70.15819521608566,70.17476654052734,1189700,0.0,0.0,0.0,-0.0004714046565608143,-0.00047151580266716184,0.009313272947378442,0.00803770189291546
2015-06-10 00:00:00-04:00,70.1664322148281,70.1664322148281,70.1415720830272,70.15814971923828,817100,0.0,0.0,0.0,-0.00023679197107784322,-0.0002368200107230893,0.009237468769877166,0.008052565523400277
2015-06-11 00:00:00-04:00,70.15819521608566,70.17476654052734,70.1333287456434,70.17476654052734,938600,0.0,0.0,0.0,0.0002368480547956242,0.00023682001072312925,0.00951923561113542,0.0078945491565132
2015-06-12 00:00:00-04:00,70.1415720830272,70.18300985103917,70.1415720830272,70.15814971923828,398900,0.0,0.0,0.0,-0.00023679197107784322,-0.0002368200107230893,0.0068113341488648185,0.0069744794329186935
2015-06-15 00:00:00-04:00,70.19955010594218,70.21612773481871,70.18297879957856,70.1912612915039,542700,0.0,0.0,0.0,0.0004719561789774396,0.0004718448426891908,0.00615864544995172,0.007271434722589281
2015-06-16 00:00:00-04:00,70.19125141906939,70.21611785888672,70.19125141906939,70.21611785888672,6452900,0.0,0.0,0.0,0.00035412623915642705,0.0003540635512589804,0.005306219216416387,0.007183772352263247
2015-06-17 00:00:00-04:00,70.17474159987259,70.26589965820312,70.10015486009416,70.26589965820312,2940900,0.0,0.0,0.0,0.0007089796592920639,0.0007087284519403416,0.005565424910099197,0.007350324081541604
2015-06-18 00:00:00-04:00,70.24925311146735,70.28240203857422,70.23268180916959,70.28240203857422,625900,0.0,0.0,0.0,0.0002348561742091526,0.0002348285998151305,0.005567024954952467,0.007291117691347125
2015-06-19 00:00:00-04:00,70.30732424525476,70.3156130649796,70.29075292832204,70.29904174804688,397700,0.0,0.0,0.0,0.00023675499115016763,0.00023672696911006835,0.0031416191827012513,0.007230382394818976
2015-06-22 00:00:00-04:00,70.27415691674493,70.27415691674493,70.2410079720112,70.2492904663086,438100,0.0,0.0,0.0,-0.0007077092446948763,-0.0007079597890977571,0.008337260275783982,0.00723048172330424
2015-06-23 00:00:00-04:00,70.20787454675883,70.24930599494837,70.20787454675883,70.23273468017578,495300,0.0,0.0,0.0,-0.0002356719338076907,-0.00023569970880182644,0.008545007597705255,0.007269372175256162
2015-06-24 00:00:00-04:00,70.24103951911617,70.26589965820312,70.21617938002922,70.26589965820312,681800,0.0,0.0,0.0,0.00047221538757336035,0.0004721039289741598,0.007490477483655945,0.007456818149365465
2015-06-25 00:00:00-04:00,70.23271915519909,70.2575792831207,70.2161478440896,70.2492904663086,461900,0.0,0.0,0.0,-0.00023637627889661061,-0.00023640422017241305,0.007304773356830555,0.007297227511070661
2015-06-26 00:00:00-04:00,70.2078628540039,70.23272298328052,70.2078628540039,70.2078628540039,476600,0.0,0.0,0.0,-0.0005897228574082147,-0.0005898968123259791,0.007302483017380168,0.00749156204159908
2015-06-29 00:00:00-04:00,70.299007673244,70.33215661355871,70.2658587329293,70.32386779785156,895700,0.0,0.0,0.0,0.0016523070085310287,0.001650943451109498,0.014168400242897825,0.00936607163405115
2015-06-30 00:00:00-04:00,70.30729016643727,70.34872792245912,70.299007673244,70.32386779785156,3121300,0.0,0.0,0.0,0.0,0.0,0.013792499321080521,0.009347963986231167
2015-07-01 00:00:00-04:00,70.27246794429715,70.28904667746683,70.25588288578098,70.26417541503906,11473000,0.038,0.0,0.0,-0.0008488210998872647,-0.0008491815525046977,0.015582429034961917,0.00978840921815889
2015-07-02 00:00:00-04:00,70.34707698143916,70.3719482421875,70.30562698864061,70.3719482421875,2175100,0.0,0.0,0.0,0.0015338232678578922,0.0015326481623986498,0.018682398994419137,0.01115490710591902
2015-07-06 00:00:00-04:00,70.38853454589844,70.40511327824218,70.35537075586475,70.38853454589844,1088300,0.0,0.0,0.0,0.00023569482052510082,0.00023566704886456165,0.016902273062834865,0.010455509276064569
2015-07-07 00:00:00-04:00,70.42999918555357,70.45487677726184,70.38025665283203,70.38025665283203,2665300,0.0,0.0,0.0,-0.00011760286131556885,-0.00011760977707427765,0.013778628230902602,0.010368982249629743
2015-07-08 00:00:00-04:00,70.40513852457383,70.46317359660682,70.39685231810371,70.45488739013672,1628600,0.0,0.0,0.0,0.0010603930825774377,0.0010598312629639937,0.015002061134415072,0.0106270804942813
2015-07-09 00:00:00-04:00,70.41339811875983,70.42169064669935,70.38852686028676,70.40510559082031,1995800,0.0,0.0,0.0,-0.0007065769481788831,-0.0007068266913194922,0.014289458146084394,0.011006888866158786
2015-07-10 00:00:00-04:00,70.35539121485654,70.3719699520213,70.31393488392258,70.33880615234375,1999200,0.0,0.0,0.0,-0.0009416850940027199,-0.0009421287579605454,0.012639188271043834,0.011693927915171359
2015-07-13 00:00:00-04:00,70.29731812996648,70.30561065673828,70.28073307642289,70.30561065673828,856700,0.0,0.0,0.0,-0.0004719371485147894,-0.0004720485459006187,0.012473747518706649,0.011817422785720254
2015-07-14 00:00:00-04:00,70.32222741517899,70.33880615234375,70.32222741517899,70.33880615234375,1062100,0.0,0.0,0.0,0.00047215997834859635,0.000472048545900601,0.013486441819877402,0.011817506684979462
2015-07-15 00:00:00-04:00,70.32223690077879,70.36369323730469,70.29736562900281,70.36369323730469,1068800,0.0,0.0,0.0,0.0003538172784314231,0.00035375469985864983,0.010108291861589397,0.011817420439741287
2015-07-16 00:00:00-04:00,70.28077176720903,70.33052062988281,70.28077176720903,70.33052062988281,5841900,0.0,0.0,0.0,-0.0004714449440565982,-0.00047155610916442813,0.009575971182470562,0.011760270446388976
2015-07-17 00:00:00-04:00,70.28904780455625,70.32221159677387,70.28904780455625,70.31391906738281,934900,0.0,0.0,0.0,-0.00023605061289633245,-0.00023607847722727134,0.0072043007284873055,0.011778869351123556
2015-07-20 00:00:00-04:00,70.26419892304564,70.280777661762,70.25590639101316,70.27249145507812,1104900,0.0,0.0,0.0,-0.0005891808173141833,-0.0005893544525369734,0.007649982998289885,0.011943487431585431
2015-07-21 00:00:00-04:00,70.2475889972488,70.30562404501374,70.2475889972488,70.28074645996094,653400,0.0,0.0,0.0,0.00011747135631434702,0.00011746445709487168,0.006289228113873614,0.011668033806825073
2015-07-22 00:00:00-04:00,70.27249145507812,70.280777661762,70.25590639101316,70.27249145507812,760400,0.0,0.0,0.0,-0.00011745755841563454,-0.00011746445709485566,0.004464966679265175,0.011640836700566827
2015-07-23 00:00:00-04:00,70.23100394054691,70.28903898831187,70.23100394054691,70.28074645996094,854200,0.0,0.0,0.0,0.00011747135631434702,0.00011746445709487168,0.004655781570596117,0.011529085079789591
2015-07-24 00:00:00-04:00,70.28070956870306,70.33045838734907,70.27242337004745,70.29729461669922,810500,0.0,0.0,0.0,0.00023545789667589467,0.00023543018081586788,0.005221772820465225,0.011516556294379107
2015-07-27 00:00:00-04:00,70.35539183552876,70.36368436685831,70.3305205668882,70.34709930419922,4482800,0.0,0.0,0.0,0.000708486546624032,0.0007082356885100647,0.004850580286366343,0.01150536874548874
2015-07-28 00:00:00-04:00,70.33052062988281,70.34709936720868,70.31393556720886,70.33052062988281,2113800,0.0,0.0,0.0,-0.00023566962220733512,-0.00023569739665656582,0.005833719776502451,0.009975481128410199
2015-07-29 00:00:00-04:00,70.32221159677387,70.34708285960045,70.2973403339473,70.31391906738281,1590900,0.0,0.0,0.0,-0.00023605061289633245,-0.00023607847722727134,0.006213937250621736,0.010012146883476462
2015-07-30 00:00:00-04:00,70.28074645996094,70.29733151666281,70.26416772860486,70.28074645996094,581400,0.0,0.0,0.0,-0.00047177867286962716,-0.0004718899954421684,0.007493157616221953,0.009675414799390419
2015-07-31 00:00:00-04:00,70.35537719726562,70.37195593112725,70.33879213805724,70.35537719726562,4190600,0.0,0.0,0.0,0.0010618944883746817,0.0010613310772426368,0.010727519375771426,0.008795935264333189
2015-08-03 00:00:00-04:00,70.32885150998928,70.38691257957156,70.32885150998928,70.37861633300781,5562900,0.038,0.0,0.0,0.00033031072631484193,0.0003302561857367774,0.009818780256448317,0.008837534252825548
2015-08-04 00:00:00-04:00,70.33717032571941,70.35375649598696,70.27081298828125,70.27081298828125,1228800,0.0,0.0,0.0,-0.0015317627760180752,-0.0015329371239872773,0.015304096738750597,0.010365948475625551
2015-08-05 00:00:00-04:00,70.26247550445007,70.27906799316406,70.23759309955938,70.27906799316406,1825600,0.0,0.0,0.0,0.00011747416219853868,0.0001174672626494871,0.015412621794136242,0.009496929110714017
2015-08-06 00:00:00-04:00,70.2873580525011,70.31224045744248,70.27906813630752,70.295654296875,1132300,0.0,0.0,0.0,0.000236006312897441,0.00023597846778857212,0.015150321343466165,0.009318733363669077
2015-08-07 00:00:00-04:00,70.25417781587214,70.29565270862422,70.24588789986586,70.2624740600586,934300,0.0,0.0,0.0,-0.00047200978706707364,-0.00047212121875256087,0.0122943544294992,0.008879929820889103
2015-08-10 00:00:00-04:00,70.2624740600586,70.27906654843149,70.25417781587214,70.2624740600586,1397700,0.0,0.0,0.0,0.0,0.0,0.01148544725645548,0.008742378401332296
2015-08-11 00:00:00-04:00,70.35374450683594,70.36204075464792,70.32886209158289,70.35374450683594,1889400,0.0,0.0,0.0,0.0012989927838198412,0.0012981498226150138,0.01035188284542875,0.009801474089217251
2015-08-12 00:00:00-04:00,70.37033067427699,70.40350933734202,70.33715833939488,70.35374450683594,1508300,0.0,0.0,0.0,0.0,0.0,0.010469611676413809,0.009717348289428914
2015-08-13 00:00:00-04:00,70.32053670181637,70.33712919056416,70.2873580525011,70.295654296875,537000,0.0,0.0,0.0,-0.0008256875361523086,-0.0008260286038624826,0.012778572259163238,0.010018647244996973
2015-08-14 00:00:00-04:00,70.2624740600586,70.29565270862422,70.2624740600586,70.2624740600586,837600,0.0,0.0,0.0,-0.00047200978706707364,-0.00047212121875256087,0.01277857225916324,0.010119204021295057
2015-08-17 00:00:00-04:00,70.2956817186984,70.32056413334621,70.2956817186984,70.3039779663086,646700,0.0,0.0,0.0,0.0005906980476453327,0.0005905236542261088,0.013448360648579316,0.010131048707798516
2015-08-18 00:00:00-04:00,70.2873580525011,70.3039505412489,70.27077189193362,70.295654296875,466300,0.0,0.0,0.0,-0.00011839542618174992,-0.00011840243547347115,0.00844204300041226,0.010136345257138794
2015-08-19 00:00:00-04:00,70.28737646673434,70.3703199476623,70.26249405527415,70.36203002929688,960600,0.0,0.0,0.0,0.0009442366400282953,0.0009437911290352554,0.011655210695367443,0.010645942500228515
2015-08-20 00:00:00-04:00,70.37027710699395,70.37027710699395,70.33710479736328,70.33710479736328,5879000,0.0,0.0,0.0,-0.00035424264938366257,-0.0003543054081326384,0.009827839355644545,0.01074566099133736
2015-08-21 00:00:00-04:00,70.3786102852078,70.42008518628052,70.36202412168757,70.41178894042969,2062900,0.0,0.0,0.0,0.0010618029172733134,0.0010612396032727847,0.010055839859867728,0.011329209342848739
2015-08-24 00:00:00-04:00,70.54449750497191,70.54449750497191,70.41178289547811,70.44496154785156,4491400,0.0,0.0,0.0,0.00047112291735595946,0.0004710119737983311,0.009967012978270677,0.01118543082374985
2015-08-25 00:00:00-04:00,70.41178894042969,70.4532638415024,70.3786102852078,70.41178894042969,2708000,0.0,0.0,0.0,-0.0004709010650725265,-0.00047101197379846116,0.011343242707694953,0.011301186325502694
2015-08-26 00:00:00-04:00,70.39520428984521,70.453265355686,70.37031555175781,70.37031555175781,2519400,0.0,0.0,0.0,-0.0005890120006318833,-0.0005891855363467524,0.01133869929969948,0.011490845444815987
2015-08-27 00:00:00-04:00,70.37032008644407,70.3952088261353,70.33714775655302,70.37861633300781,2985300,0.0,0.0,0.0,0.00011795856228458135,0.00011795160572042538,0.010831167491954114,0.01133183009910976
2015-08-28 00:00:00-04:00,70.39519197668986,70.4034818930874,70.3205384318488,70.34542083740234,1683200,0.0,0.0,0.0,-0.00047167019380434105,-0.0004717814651805061,0.0073150518836694765,0.010848320441570181
2015-08-31 00:00:00-04:00,70.34540852424503,70.37029092544319,70.31222987992105,70.32052612304688,7294500,0.0,0.0,0.0,-0.0003538924646283581,-0.00035395509934435705,0.004386985928884935,0.010838136528330884
2015-09-01 00:00:00-04:00,70.35371336648319,70.37031368343396,70.32881922222293,70.34541320800781,6317000,0.04,0.0,0.0,0.0003539092542821365,0.00035384664317400136,0.006429050891626403,0.009364995686608256
2015-09-02 00:00:00-04:00,70.36200714111328,70.3703072988356,70.32881284138931,70.36200714111328,5691300,0.0,0.0,0.0,0.0002358921832814609,0.00023586436509503674,0.005831306917539024,0.009385183517116692
2015-09-03 00:00:00-04:00,70.39520144083725,70.39520144083725,70.35370698339095,70.36200714111328,2627800,0.0,0.0,0.0,0.0,0.0,0.005709820503257876,0.009363558427166723
2015-09-04 00:00:00-04:00,70.37863990046243,70.4035340561795,70.35374574474535,70.37034606933594,1393900,0.0,0.0,0.0,0.00011851464393175526,0.00011850762162616734,0.004311465338097735,0.009161592153120315
2015-09-08 00:00:00-04:00,70.33711938069831,70.35371336648319,70.32881922222293,70.34541320800781,3251500,0.0,0.0,0.0,-0.0003543092043850615,-0.0003543719867212285,0.004314052251535426,0.009286492175017149
2015-09-09 00:00:00-04:00,70.30392513062344,70.34541326069966,70.30392513062344,70.32881927490234,1721000,0.0,0.0,0.0,-0.00023589218328134987,-0.0002359200102186072,0.0038864280817720296,0.00808968066067221
2015-09-10 00:00:00-04:00,70.34540620221453,70.35370635986328,70.32881221808226,70.35370635986328,1004100,0.0,0.0,0.0,0.00035386752141630673,0.00035380492507172353,0.004473625337663204,0.00819669953940163
2015-09-11 00:00:00-04:00,70.35375269241048,70.3869470137009,70.35375269241048,70.37864685058594,539600,0.0,0.0,0.0,0.0003545014472312591,0.0003544386264394838,0.005234470987045713,0.007673565008751662
2015-09-14 00:00:00-04:00,70.3786011253926,70.39520144083725,70.36200714111328,70.36200714111328,1649100,0.0,0.0,0.0,-0.00023643122192984478,-0.00023645917619745765,0.0055286611567716215,0.007500925789689155
2015-09-15 00:00:00-04:00,70.35374158761753,70.35374158761753,70.26245880126953,70.26245880126953,2200100,0.0,0.0,0.0,-0.0014148024464979425,-0.001415804224469353,0.011464348090846356,0.008904400735766111
2015-09-16 00:00:00-04:00,70.27078253560542,70.31227702738065,70.25418853759766,70.25418853759766,1454200,0.0,0.0,0.0,-0.00011770529829113752,-0.00011771222610339256,0.011494919510983491,0.008904309576238565
2015-09-17 00:00:00-04:00,70.2541543944615,70.42841977911846,70.2541543944615,70.41181945800781,1268200,0.0,0.0,0.0,0.002243722740115306,0.0022412093531083274,0.02114029204096528,0.011581195213637903
2015-09-18 00:00:00-04:00,70.41182826780079,70.44502258300781,70.41182826780079,70.44502258300781,1424900,0.0,0.0,0.0,0.00047155612872362695,0.00047144498107255654,0.02122227164431923,0.011583455383035991
2015-09-21 00:00:00-04:00,70.40351104736328,70.41181120694597,70.38691705936463,70.40351104736328,1668200,0.0,0.0,0.0,-0.0005892756382556152,-0.000589449329382521,0.021807922331905868,0.011197744612991513
2015-09-22 00:00:00-04:00,70.43672242141399,70.45332274460164,70.42012842939461,70.44502258300781,834300,0.0,0.0,0.0,0.0005896230887776355,0.0005894493293825715,0.01705230644911416,0.011272314235600302
2015-09-23 00:00:00-04:00,70.42845092106141,70.45334508256758,70.40355042838499,70.42015075683594,1659800,0.0,0.0,0.0,-0.0003530671899858451,-0.00035312953288075296,0.017676885354802895,0.01121459935003217
2015-09-24 00:00:00-04:00,70.4450009392369,70.4947892311662,70.4450009392369,70.46160125732422,1480700,0.0,0.0,0.0,0.0005886170370668076,0.0005884438700080335,0.009009027042209823,0.011164610116135862
2015-09-25 00:00:00-04:00,70.45333806771893,70.46993206334739,70.41184358189331,70.4284439086914,1115900,0.0,0.0,0.0,-0.0004705733057601691,-0.000470684060124944,0.009312169156203292,0.011321964617256056
2015-09-28 00:00:00-04:00,70.45333155128283,70.48652587063916,70.43673122602013,70.47822570800781,2572000,0.0,0.0,0.0,0.0007068422437523925,0.0007065925484301557,0.009100245152125928,0.011394205891446196
2015-09-29 00:00:00-04:00,70.49479799527857,70.52799230441369,70.47820400629458,70.51139831542969,1896600,0.0,0.0,0.0,0.0004706788102089021,0.0004705680756832796,0.008824534011672155,0.011339580070393582
2015-09-30 00:00:00-04:00,70.49479031362263,70.53628477831172,70.49479031362263,70.52798461914062,9534800,0.0,0.0,0.0,0.0002352286879454546,0.00023520102601547297,0.00742776245290941,0.011317104468209693
2015-10-01 00:00:00-04:00,70.52801513671875,70.55292735004909,70.50310925753877,70.52801513671875,5262900,0.04,0.0,0.0,4.327016898120206e-07,4.3270159619667144e-07,0.0071885148589423045,0.011318704985886417
2015-10-02 00:00:00-04:00,70.65259144035767,70.66919959211543,70.61108372927121,70.627685546875,1668700,0.0,0.0,0.0,0.0014132031074891582,0.001412205475771206,0.0086072526926742,0.012200440364852249
2015-10-05 00:00:00-04:00,70.6110374011857,70.6110374011857,70.55292157647143,70.57782745361328,5500700,0.0,0.0,0.0,-0.0007059284595787307,-0.0007061777443988225,0.012226174263313844,0.012607567588063388
2015-10-06 00:00:00-04:00,70.54457503384911,70.58608269271208,70.54457503384911,70.5694808959961,1519100,0.0,0.0,0.0,-0.00011826033640205402,-0.00011826732970699615,0.01236984353832818,0.012510421601600308
2015-10-07 00:00:00-04:00,70.55291748046875,70.56121521626775,70.52800527062335,70.55291748046875,3660700,0.0,0.0,0.0,-0.0002347107463034348,-0.00023473829518141275,0.012648370350320196,0.012509927286474548
2015-10-08 00:00:00-04:00,70.51966834508018,70.56948006879027,70.51966834508018,70.53627014160156,1793100,0.0,0.0,0.0,-0.00023595535750586816,-0.0002359831993509438,0.012841256111516548,0.012563388313191329
2015-10-09 00:00:00-04:00,70.51136427974652,70.53627014160156,70.50306021441286,70.53627014160156,1107700,0.0,0.0,0.0,0.0,0.0,0.004257763187943232,0.012542327335272442
2015-10-12 00:00:00-04:00,70.4864967808107,70.55291667133774,70.4864967808107,70.51970672607422,1486900,0.0,0.0,0.0,-0.00023482125570417622,-0.00023484883053209642,0.0016683069540420652,0.012541735149269507
2015-10-13 00:00:00-04:00,70.5363202573796,70.55292839984695,70.52801618614593,70.54462432861328,1071300,0.0,0.0,0.0,0.0003533424016615161,0.0003532799909362477,0.004093305232686861,0.011183248117003705
2015-10-14 00:00:00-04:00,70.63591308269609,70.6525148823104,70.59439908243964,70.64421081542969,3419100,0.0,0.0,0.0,0.0014116807306607804,0.0014106852461788309,0.01092200312555652,0.011900481710816244
2015-10-15 00:00:00-04:00,70.58615216773269,70.61106438854577,70.57785442828059,70.6027603149414,1586000,0.0,0.0,0.0,-0.0005867501386147556,-0.0005869223438415929,0.012139302306531548,0.00974220651842249
2015-10-16 00:00:00-04:00,70.5777849614271,70.59438675814309,70.5694808959961,70.5694808959961,942500,0.0,0.0,0.0,-0.0004713614424827206,-0.0004714725682090774,0.013029475210613643,0.009884837705590703
2015-10-19 00:00:00-04:00,70.57784246466005,70.59444427490234,70.56123432026656,70.59444427490234,1434900,0.0,0.0,0.0,0.0003537418525585423,0.0003536793006604646,0.012759704975904946,0.009589675740379064
2015-10-20 00:00:00-04:00,70.54461341052028,70.55291748046875,70.53630934057182,70.55291748046875,1029400,0.0,0.0,0.0,-0.0005882445121585533,-0.000588417595841942,0.013810888804989012,0.009759968825010004
2015-10-21 00:00:00-04:00,70.55292157647143,70.59442926032457,70.54461750604086,70.57782745361328,11122200,0.0,0.0,0.0,0.00035306793870604203,0.00035300562488828027,0.007880417167121003,0.00966900000614858
2015-10-22 00:00:00-04:00,70.57785442828059,70.61936212799787,70.57785442828059,70.6027603149414,2382400,0.0,0.0,0.0,0.00035326762281706614,0.00035320523850220734,0.0077069119287083085,0.009550499513809117
2015-10-23 00:00:00-04:00,70.55292839984695,70.57783427939752,70.52801618614593,70.54462432861328,5657200,0.0,0.0,0.0,-0.0008234237028239555,-0.0008237629023372038,0.009303610351735978,0.009905732276352384
2015-10-26 00:00:00-04:00,70.54462432861328,70.56122613693017,70.5363202573796,70.54462432861328,5901700,0.0,0.0,0.0,0.0,0.0,0.00860016884843145,0.00962882935616368
2015-10-27 00:00:00-04:00,70.5694808959961,70.59438675814309,70.5694808959961,70.5694808959961,1024600,0.0,0.0,0.0,0.0003523523956556751,0.0003522903341282369,0.00809663682249184,0.009568790706782607
2015-10-28 00:00:00-04:00,70.55294970337296,70.5695515167028,70.4450157471958,70.47822570800781,1658900,0.0,0.0,0.0,-0.001293125396837902,-0.0012939622049602242,0.011775541344862727,0.010636410871471493
2015-10-29 00:00:00-04:00,70.43668823975784,70.45329638171464,70.42839050292969,70.42839050292969,1526500,0.0,0.0,0.0,-0.000707100733276067,-0.0007073508469102063,0.010508640462895572,0.010898368246593078
2015-10-30 00:00:00-04:00,70.42839050292969,70.44499231073624,70.42008643195129,70.42839050292969,3242400,0.0,0.0,0.0,0.0,0.0,0.010509653704372662,0.009397902585896694
2015-11-02 00:00:00-05:00,70.36276976050394,70.42091369231193,70.36276976050394,70.38768768310547,14599400,0.041,0.0,0.0,-0.0005779319892668111,-0.0005780990563309549,0.010163033352593718,0.00930641128997145
2015-11-03 00:00:00-05:00,70.37108644363015,70.38769628165579,70.3627783560103,70.37939453125,3643500,0.0,0.0,0.0,-0.00011782105831925627,-0.00011782799976538571,0.008196501956119382,0.009306421719814944
2015-11-04 00:00:00-05:00,70.3544470408924,70.3793712955232,70.30461120605469,70.30461120605469,2120500,0.0,0.0,0.0,-0.0010625741482062079,-0.001063139080340069,0.006925341519471392,0.009871244760038112
2015-11-05 00:00:00-05:00,70.30461120605469,70.32122737580856,70.27969328863583,70.30461120605469,2775300,0.0,0.0,0.0,0.0,0.0,0.0073547474708199854,0.009887782035141335
2015-11-06 00:00:00-05:00,70.23817443847656,70.25479061183505,70.22156460233141,70.23817443847656,1832700,0.0,0.0,0.0,-0.0009449844958733244,-0.0009454312752105857,0.007564864615802133,0.010242160539011324
2015-11-09 00:00:00-05:00,70.22152709960938,70.23813692688383,70.21321901736717,70.22152709960938,1619900,0.0,0.0,0.0,-0.0002370126928877836,-0.0002370407848349316,0.007841174435918563,0.010242229576883756
2015-11-10 00:00:00-05:00,70.2547378540039,70.27965575811618,70.22981994989163,70.2547378540039,2139300,0.0,0.0,0.0,0.00047294263976094264,0.0004728308376399618,0.010270008008250871,0.010338082467846232
2015-11-11 00:00:00-05:00,70.28801662133867,70.30462645748382,70.23817443847656,70.23817443847656,6885500,0.0,0.0,0.0,-0.0002357622565152262,-0.00023579005280498794,0.00813285268690629,0.008390130718918535
2015-11-12 00:00:00-05:00,70.25474452062896,70.2879705083344,70.25474452062896,70.26304626464844,5866500,0.0,0.0,0.0,0.00035410695637683176,0.0003540442753053203,0.008994115002227802,0.00860771838964671
2015-11-13 00:00:00-05:00,70.27138585483229,70.32122802734375,70.27138585483229,70.32122802734375,771100,0.0,0.0,0.0,0.0008280563651648087,0.0008277137156352329,0.00739026693375319,0.009350253287548068
2015-11-16 00:00:00-05:00,70.32122802734375,70.33783786003956,70.30461185743593,70.32122802734375,1835200,0.0,0.0,0.0,0.0,0.0,0.006580842057149564,0.009166945589853136
2015-11-17 00:00:00-05:00,70.26306154169144,70.32121178572625,70.25475979586695,70.2962875366211,4707700,0.0,0.0,0.0,-0.0003546651761109354,-0.00035472808467926697,0.00762311172125262,0.009070600816146298
2015-11-18 00:00:00-05:00,70.2880013626224,70.30461119516174,70.25477536033175,70.2713851928711,1803400,0.0,0.0,0.0,-0.0003542483482791292,-0.00035431110904762846,0.008006621197616286,0.008862265690360364
2015-11-19 00:00:00-05:00,70.28796383855646,70.29626558178816,70.2547378540039,70.2547378540039,1707300,0.0,0.0,0.0,-0.00023690067901027678,-0.0002369287444086967,0.007898685075311317,0.00860201016953289
2015-11-20 00:00:00-05:00,70.26303959723562,70.28796383855646,70.24642977356362,70.2547378540039,798800,0.0,0.0,0.0,0.0,0.0,0.002845129787530047,0.008363322017956615
2015-11-23 00:00:00-05:00,70.22158780624646,70.25481382672923,70.22158780624646,70.24650573730469,936600,0.0,0.0,0.0,-0.00011717525323806655,-0.00011718211879437302,0.0024482528155196264,0.008335387652447466
2015-11-24 00:00:00-05:00,70.25481382672923,70.26311557893835,70.23819764788013,70.24650573730469,1024300,0.0,0.0,0.0,0.0,0.0,0.002446415749645593,0.008109995962889457
2015-11-25 00:00:00-05:00,70.2547378540039,70.26303959723562,70.22981994989163,70.2547378540039,3067800,0.0,0.0,0.0,0.00011718898488699558,0.00011718211879432121,0.002135138196015432,0.007143648320250199
2015-11-27 00:00:00-05:00,70.25477536033175,70.27969327774674,70.25477536033175,70.2713851928711,429600,0.0,0.0,0.0,0.0002369568142404077,0.00023692874440863794,0.0021354137277370937,0.006966203610162324
2015-11-30 00:00:00-05:00,70.25481382672923,70.26311557893835,70.23819764788013,70.24650573730469,1469300,0.0,0.0,0.0,-0.0003540481733513845,-0.0003541108632031662,0.0036044266958060118,0.007004307525221227
2015-12-01 00:00:00-05:00,70.23061577284471,70.30540571566321,70.23061577284471,70.28878784179688,4410600,0.041,0.0,0.0,0.0006019104302541489,0.0006017293548282727,0.005527916016640452,0.00724953591660559
2015-12-02 00:00:00-05:00,70.25558948131938,70.25558948131938,70.22234737261661,70.23065948486328,1008700,0.0,0.0,0.0,-0.0008269933045996769,-0.0008273354522114651,0.008807570951609564,0.007732298203826593
2015-12-03 00:00:00-05:00,70.23065948486328,70.23065948486328,70.16417526745775,70.23065948486328,4856400,0.0,0.0,0.0,0.0,0.0,0.008710376212792236,0.00685878203486271
2015-12-04 00:00:00-05:00,70.25558841827325,70.28051841435213,70.23065842219438,70.24727630615234,4440400,0.0,0.0,0.0,0.00023660352061249945,0.0002365755344138514,0.00870959617607022,0.006933826729598242
2015-12-07 00:00:00-05:00,70.239013671875,70.25563790782728,70.23070789418718,70.239013671875,2025600,0.0,0.0,0.0,-0.0001176221301639746,-0.00011762904818920733,0.008376637931705141,0.006070981794007795
2015-12-08 00:00:00-05:00,70.24727736907269,70.25558948131938,70.21403526036993,70.23065948486328,1043000,0.0,0.0,0.0,-0.00011893941237195449,-0.00011894648622477435,0.0063055525623540954,0.006023956856104647
2015-12-09 00:00:00-05:00,70.22237311348692,70.26392734966858,70.19744310789244,70.255615234375,3642800,0.0,0.0,0.0,0.00035533981447377627,0.0003552766962337409,0.003413664404489467,0.005916708486835993
2015-12-10 00:00:00-05:00,70.23894976634867,70.2472618767622,70.20571400525964,70.21401977539062,963000,0.0,0.0,0.0,-0.0005920588531693749,-0.0005922341892217733,0.005884068084430148,0.006232314561617958
2015-12-11 00:00:00-05:00,70.25560939515547,70.32209363140585,70.24729728055274,70.29715728759766,1073800,0.0,0.0,0.0,0.0011840585750961807,0.0011833581305985717,0.010665895235180682,0.007462823801931888
2015-12-14 00:00:00-05:00,70.23894976634867,70.26388609758924,70.20571400525964,70.21401977539062,1757400,0.0,0.0,0.0,-0.0011826582384676376,-0.0011833581305986942,0.014345413652976109,0.007985566390296949
2015-12-15 00:00:00-05:00,70.18084367460524,70.20578002929688,70.17253789666321,70.20578002929688,1052100,0.0,0.0,0.0,-0.00011735186391703678,-0.00011735875018576877,0.014345082810668585,0.007981585277436677
2015-12-16 00:00:00-05:00,70.17252064548137,70.18913853756861,70.06448215590999,70.14759063720703,1241600,0.0,0.0,0.0,-0.0008288404753221679,-0.000829184153504982,0.01459154589372637,0.008364684832583458
2015-12-17 00:00:00-05:00,70.13927852101995,70.18082642138151,70.13927852101995,70.14759063720703,1777400,0.0,0.0,0.0,0.0,0.0,0.014468673057551134,0.008319491039203448
2015-12-18 00:00:00-05:00,70.20577788054707,70.239013671875,70.18915364459481,70.239013671875,1494800,0.0,0.0,0.0,0.0013032954352030224,0.001302446882903519,0.015188385425121635,0.009644757119602195
2015-12-21 00:00:00-05:00,70.23896525682602,70.23896525682602,70.21403526036993,70.23065948486328,3037200,0.0,0.0,0.0,-0.00011893941237195449,-0.00011894648622477435,0.01230179411240153,0.009652192956746438
2015-12-22 00:00:00-05:00,70.21401977539062,70.23064399621768,70.18908978443258,70.21401977539062,1234700,0.0,0.0,0.0,-0.0002369294207786865,-0.00023695749298807754,0.012431435270894705,0.009678009197424219
2015-12-23 00:00:00-05:00,70.21407032873158,70.22238244512974,70.17252242731502,70.18914031982422,2785800,0.0,0.0,0.0,-0.00035433743354951197,-0.0003544002258914755,0.010719893048799787,0.00974833980967608
2015-12-24 00:00:00-05:00,70.20828087278733,70.21659088134766,70.18333816007036,70.21659088134766,564600,0.043,0.0,0.0,0.0003910941407510027,0.000391017683371577,0.010806469681010926,0.009855068462431605
2015-12-28 00:00:00-05:00,70.17501068115234,70.19163703915474,70.16669433039266,70.17501068115234,1096700,0.0,0.0,0.0,-0.0005921705920695075,-0.0005923459943233527,0.005796752938432154,0.0099989739920362
2015-12-29 00:00:00-05:00,70.14170647740559,70.17496551552136,70.13339013199842,70.15833282470703,1085100,0.0,0.0,0.0,-0.00023766090355281655,-0.00023768914938072995,0.00577629353787885,0.009963350954484168
2015-12-30 00:00:00-05:00,70.14175162163058,70.17501068115234,70.12511892011119,70.17501068115234,4797000,0.0,0.0,0.0,0.00023771739968481143,0.0002376891493807255,0.006547554045421744,0.009722132009108224
2015-12-31 00:00:00-05:00,70.19997119222319,70.20828754509186,70.14176940917969,70.14176940917969,2466200,0.0,0.0,0.0,-0.0004736910140803463,-0.0004738032411107798,0.006873630297484603,0.009439259407452596
2016-01-04 00:00:00-05:00,70.2415164225364,70.24982642831476,70.20825736887541,70.23320007324219,7548000,0.0,0.0,0.0,0.0013035123697711093,0.0013026635350863055,0.012234408659681138,0.010615675085669986
2016-01-05 00:00:00-05:00,70.20826783290336,70.22489419045397,70.18332512481904,70.19163513183594,2472200,0.0,0.0,0.0,-0.0005918132929000341,-0.0005919884835103587,0.012233231872442575,0.010778900781952037
2016-01-06 00:00:00-05:00,70.2415164225364,70.25814277760898,70.21656737465376,70.23320007324219,2409900,0.0,0.0,0.0,0.000592163743274865,0.000591988483510346,0.012431018470789989,0.011002716050057176
2016-01-07 00:00:00-05:00,70.28306037123652,70.29137671755947,70.233174980326,70.25811767578125,2702800,0.0,0.0,0.0,0.000354783813254711,0.0003547208923594074,0.012473050816576422,0.011065346998199973
2016-01-08 00:00:00-05:00,70.28312460352674,70.32470002962401,70.25818188527613,70.30806732177734,7139900,0.0,0.0,0.0,0.0007109448366748872,0.0007106922351112511,0.010964812106486092,0.01127832328778818
2016-01-11 00:00:00-05:00,70.29137010727085,70.34957183903097,70.27473741618911,70.33293914794922,3557700,0.0,0.0,0.0,0.00035375494049705303,0.00035369238397077533,0.00814940634005231,0.01107590636238657
2016-01-12 00:00:00-05:00,70.29143079385636,70.36625893778861,70.28311444113552,70.34131622314453,1275600,0.0,0.0,0.0,0.00011910600206377353,0.00011909890950708151,0.003665592437768478,0.010291439687327826
2016-01-13 00:00:00-05:00,70.33295127924038,70.38284301757812,70.31632492880385,70.38284301757812,1820800,0.0,0.0,0.0,0.0005903613503883687,0.0005901871556815289,0.0036604685261669005,0.009402899368007984
2016-01-14 00:00:00-05:00,70.38284111827386,70.39946746826172,70.35789842153513,70.39946746826172,1297400,0.0,0.0,0.0,0.0002362003290978798,0.0002361724381919545,0.0038947015148956743,0.00936809329007045
2016-01-15 00:00:00-05:00,70.44940025803385,70.49096932898388,70.43276755483974,70.45771026611328,2136000,0.0,0.0,0.0,0.0008273187276284233,0.000826976688127337,0.004514451877562491,0.008935848379728623
2016-01-19 00:00:00-05:00,70.44107787518922,70.46602058432714,70.42444517341923,70.44939422607422,5109900,0.0,0.0,0.0,-0.00011802881484013206,-0.00011803578078882551,0.005987833590439156,0.008984208846032122
2016-01-20 00:00:00-05:00,70.49096648565246,70.54085190618736,70.48265013439087,70.49928283691406,2140400,0.0,0.0,0.0,0.0007081481876161089,0.0007078975689980641,0.006133145702436313,0.008245927678414807
2016-01-21 00:00:00-05:00,70.51587134678189,70.52418769357973,70.47430229982064,70.49092864990234,2326500,0.0,0.0,0.0,-0.0001185003119966721,-0.00011850733371336632,0.00709203319599305,0.008245713105207268
2016-01-22 00:00:00-05:00,70.43272911446103,70.46598815917969,70.42441276740283,70.46598815917969,3184900,0.0,0.0,0.0,-0.0003538113513374963,-0.0003538739573412426,0.008550279224898524,0.008335010132143935
2016-01-25 00:00:00-05:00,70.44936180857744,70.48261450978194,70.44936180857744,70.46598815917969,1800100,0.0,0.0,0.0,0.0,0.0,0.006408337106498312,0.008126439149178452
2016-01-26 00:00:00-05:00,70.46602377538501,70.50759918817567,70.45770742412341,70.49928283691406,1176800,0.0,0.0,0.0,0.0004724928806669748,0.00047238129105464893,0.006935915952131331,0.008157306485287634
2016-01-27 00:00:00-05:00,70.45769027118132,70.5158920288086,70.44106391622317,70.5158920288086,1742300,0.0,0.0,0.0,0.00023559377097437384,0.0002355660231199751,0.00506282814155599,0.007599875524790479
2016-01-28 00:00:00-05:00,70.50758202308742,70.54083473300373,70.49094932461345,70.5158920288086,1272200,0.0,0.0,0.0,0.0,0.0,0.004885340927406884,0.007446017095267111
2016-01-29 00:00:00-05:00,70.59075133582358,70.59906768798828,70.55749227068287,70.59906768798828,1521400,0.0,0.0,0.0,0.0011795306956581264,0.0011788355958677926,0.007766459027894265,0.008136641090019632
2016-02-01 00:00:00-05:00,70.57823490155968,70.57823490155968,70.54496456133094,70.56159973144531,5665300,0.045,0.0,0.0,-0.0005307146081384717,-0.0005308554869826296,0.009987915625119116,0.008210866415709188
2016-02-02 00:00:00-05:00,70.59485120634774,70.65308380126953,70.59485120634774,70.65308380126953,2528200,0.0,0.0,0.0,0.0012965135452200904,0.0012956737972849694,0.012444331071795916,0.008199534778373338
2016-02-03 00:00:00-05:00,70.63650656087475,70.72800955917798,70.63650656087475,70.6697769165039,1962400,0.0,0.0,0.0,0.00023626874208826365,0.00023624083502464435,0.012443646541878503,0.007504824489869183
2016-02-04 00:00:00-05:00,70.66972933611713,70.69469160635549,70.66972933611713,70.68637084960938,1305700,0.0,0.0,0.0,0.00023480947343412772,0.00023478191000440572,0.012029722222951398,0.0074523399802017155
2016-02-05 00:00:00-05:00,70.63650656087475,70.68641844120052,70.62818579852645,70.6697769165039,1294800,0.0,0.0,0.0,-0.00023475435088859964,-0.00023478191000439615,0.01102056584788602,0.0077071263974733285
2016-02-08 00:00:00-05:00,70.719653004817,70.76956485540238,70.70301149003637,70.7529296875,1467700,0.0,0.0,0.0,0.001176638368256544,0.0011759466718628926,0.010539649449271497,0.0082039267365876
2016-02-09 00:00:00-05:00,70.7778692357179,70.7778692357179,70.71131588575147,70.72795104980469,1919200,0.0,0.0,0.0,-0.00035304033070626684,-0.00035310266411505597,0.00955935543451033,0.008537125066958185
2016-02-10 00:00:00-05:00,70.66971845530327,70.7362718052697,70.66971845530327,70.72795104980469,1061200,0.0,0.0,0.0,0.0,0.0,0.00966808198827671,0.008577309560828627
2016-02-11 00:00:00-05:00,70.83615312463257,70.86110906222208,70.77792048796329,70.7945556640625,1814400,0.0,0.0,0.0,0.0009417014528090295,0.0009412583301669218,0.011175791287484145,0.008835816364289109
2016-02-12 00:00:00-05:00,70.76127661961843,70.77791814204743,70.70304398487924,70.71136474609375,1194000,0.0,0.0,0.0,-0.0011751033280512635,-0.0011757943033316712,0.01528229250722548,0.010259152356891245
2016-02-16 00:00:00-05:00,70.7030536190151,70.7113743813634,70.6697769165039,70.6697769165039,2545900,0.0,0.0,0.0,-0.0005881350153426057,-0.0005883080345831835,0.012454872707693005,0.010379721437568467
2016-02-17 00:00:00-05:00,70.64477341275652,70.68637084960938,70.63645900288816,70.68637084960938,1999400,0.0,0.0,0.0,0.00023480947343412772,0.00023478191000440572,0.012798087732994956,0.010334125018581667
2016-02-18 00:00:00-05:00,70.66145559033795,70.74464416503906,70.66145559033795,70.74464416503906,859100,0.0,0.0,0.0,0.000824392520499817,0.0008240528956292069,0.014499418309746612,0.010422551914400044
2016-02-19 00:00:00-05:00,70.69468869298223,70.71964461531438,70.67804718017578,70.67804718017578,975400,0.0,0.0,0.0,-0.0009413714020233277,-0.000941814770352951,0.013296347747543446,0.011115055232589828
2016-02-22 00:00:00-05:00,70.65309416950264,70.68637084960938,70.65309416950264,70.68637084960938,1101600,0.0,0.0,0.0,0.00011776880892555575,0.00011776187472379432,0.011100398323782403,0.010966288899939084
2016-02-23 00:00:00-05:00,70.67810639805509,70.71138310467147,70.66147121818831,70.69474792480469,1227700,0.0,0.0,0.0,0.00011851047231070666,0.00011850345049944963,0.010114235913880875,0.01095193516201082
2016-02-24 00:00:00-05:00,70.72799992164158,70.77791814204743,70.6947295705459,70.71136474609375,1066800,0.0,0.0,0.0,0.00023505029407178135,0.0002350226740793832,0.010114482042244783,0.010895021259973553
2016-02-25 00:00:00-05:00,70.71963664121648,70.74459256073469,70.71131588575147,70.72795104980469,1526500,0.0,0.0,0.0,0.00023456347887629292,0.0002345359731646212,0.007989755866228214,0.010894915049564595
2016-02-26 00:00:00-05:00,70.67809624408629,70.68641700626569,70.61986360259434,70.63650512695312,1891100,0.0,0.0,0.0,-0.0012929248125280735,-0.0012937613609540536,0.010472713157878516,0.012038241428405122
2016-02-29 00:00:00-05:00,70.61149382270503,70.67804718017578,70.61149382270503,70.67804718017578,2634200,0.0,0.0,0.0,0.0005881102575502339,0.0005879373884867749,0.011608809330558422,0.011496374360595906
2016-03-01 00:00:00-05:00,70.68389386467473,70.68389386467473,70.57568952810593,70.58401489257812,4584800,0.047,0.0,0.0,-0.001330431319896852,-0.0013313171294049774,0.014651929187324983,0.012356151776843407
2016-03-02 00:00:00-05:00,70.55901761101659,70.5839936969331,70.54237323746277,70.57566833496094,2652000,0.0,0.0,0.0,-0.00011824996962683798,-0.00011825696170571052,0.014020252064718018,0.01139494269800489
2016-03-03 00:00:00-05:00,70.56738999994246,70.6006851196289,70.55906463242216,70.6006851196289,5601100,0.0,0.0,0.0,0.00035446755600299085,0.00035440474722087345,0.014374771158569383,0.01144258016690724
2016-03-04 00:00:00-05:00,70.5590544895625,70.59234960446277,70.53408474098576,70.55073547363281,1532600,0.0,0.0,0.0,-0.0007074952022272374,-0.0007077455950659449,0.012452983776727248,0.011620460790654376
2016-03-07 00:00:00-05:00,70.51742129699382,70.53406567474785,70.50077056884766,70.50077056884766,1990800,0.0,0.0,0.0,-0.0007082123871526846,-0.0007084632880130684,0.010201304591508063,0.011815456665185025
2016-03-08 00:00:00-05:00,70.55073547363281,70.58403058853308,70.5424101073093,70.55073547363281,2878900,0.0,0.0,0.0,0.0007087143074040458,0.0007084632880129736,0.010038961988858836,0.011237277871820613
2016-03-09 00:00:00-05:00,70.54243174087324,70.55075710974995,70.52578735351562,70.52578735351562,1284400,0.0,0.0,0.0,-0.0003536195611527626,-0.000353682099293352,0.010212121697989778,0.011237421761003502
2016-03-10 00:00:00-05:00,70.50075955277592,70.52573564109251,70.48411517762264,70.51741027832031,2227500,0.0,0.0,0.0,-0.00011878031440215597,-0.00011878736934236492,0.009274544955672035,0.011225295287751218
2016-03-11 00:00:00-05:00,70.48415418894996,70.48415418894996,70.44253370244412,70.45085906982422,4112200,0.0,0.0,0.0,-0.0009437557084616133,-0.0009442013262718695,0.010142481632911277,0.010782320176164395
2016-03-14 00:00:00-04:00,70.47582882156986,70.47582882156986,70.45085906982422,70.45085906982422,1875500,0.0,0.0,0.0,0.0,0.0,0.009498249265577768,0.010227671098633035
2016-03-15 00:00:00-04:00,70.48414018506193,70.50078456612056,70.44251970682532,70.47581481933594,1508600,0.0,0.0,0.0,0.00035422917252136976,0.00035416644818012766,0.007653468697407013,0.010281078706585811
2016-03-16 00:00:00-04:00,70.40921228689538,70.61730194091797,70.37592353059696,70.61730194091797,5972100,0.0,0.0,0.0,0.002007598236994257,0.0020055857047742713,0.017249756546178927,0.012759078596950463
2016-03-17 00:00:00-04:00,70.58402378410383,70.60899353027344,70.559047687541,70.60899353027344,1677000,0.0,0.0,0.0,-0.00011765403684615983,-0.00011766095862527509,0.017248200829776114,0.012335374012838338
2016-03-18 00:00:00-04:00,70.62560272216797,70.65057245589657,70.60895834981226,70.62560272216797,3010000,0.0,0.0,0.0,0.00023522771058059888,0.00023520004888046695,0.013737682051688092,0.011967029135257129
2016-03-21 00:00:00-04:00,70.6089829270395,70.61730194091797,70.58401318461956,70.61730194091797,1892100,0.0,0.0,0.0,-0.00011753218280707856,-0.0001175390902553132,0.014027246408227462,0.011955850539023408
2016-03-22 00:00:00-04:00,70.62560780601294,70.6339331679851,70.55901761101659,70.57566833496094,1899800,0.0,0.0,0.0,-0.0005895666474465822,-0.0005897405102016191,0.015990841823993553,0.012088039942254039
2016-03-23 00:00:00-04:00,70.57568782034882,70.63395266945945,70.56736245607807,70.61730194091797,1357600,0.0,0.0,0.0,0.000589914441325945,0.000589740510201529,0.007003592031318977,0.012276433884997174
2016-03-24 00:00:00-04:00,70.62562901415424,70.62562901415424,70.57568952810593,70.58401489257812,859800,0.0,0.0,0.0,-0.0004713724175938738,-0.0004714835484959748,0.007784813321594772,0.012302707578127245
2016-03-28 00:00:00-04:00,70.6006851196289,70.63398023931535,70.6006851196289,70.6006851196289,2820600,0.0,0.0,0.0,0.00023617567059841527,0.0002361477855151564,0.007787162549495651,0.011510609203104365
2016-03-29 00:00:00-04:00,70.62566834213696,70.73387908935547,70.62566834213696,70.73387908935547,1219700,0.0,0.0,0.0,0.0018865818299196313,0.0018848044694919758,0.015848900452629357,0.01322345236666301
2016-03-30 00:00:00-04:00,70.72549734907867,70.75046708610533,70.69220224957947,70.74214172363281,1307600,0.0,0.0,0.0,0.00011681296690801979,0.00011680614480466912,0.013944893008073523,0.012192082436266427
2016-03-31 00:00:00-04:00,70.76710341044719,70.80039850615886,70.74213367626099,70.77542877197266,1555000,0.0,0.0,0.0,0.0004705405791909367,0.0004704299096875713,0.013906797088935292,0.01222358801108463
2016-04-01 00:00:00-04:00,70.73465728759766,70.76797238286258,70.71800291706755,70.73465728759766,5307200,0.051,0.0,0.0,-0.0005760683486123463,-0.0005762343397346985,0.014355354304129776,0.012452806451607883
2016-04-04 00:00:00-04:00,70.75129947346083,70.78461456298828,70.7346451057989,70.78461456298828,2863500,0.0,0.0,0.0,0.0007062630583973828,0.0007060137720111592,0.014349993732809685,0.012253892967928242
2016-04-05 00:00:00-04:00,70.79292357925405,70.80957794189453,70.77626921661356,70.80957794189453,4655000,0.0,0.0,0.0,0.00035266673500133905,0.0003526045627053217,0.007781010130913591,0.011821323284630607
2016-04-06 00:00:00-04:00,70.80127528485382,70.80127528485382,70.75129947346083,70.78461456298828,1029200,0.0,0.0,0.0,-0.00035254240502236023,-0.00035260456270527166,0.008797557889838745,0.011838220780343793
2016-04-07 00:00:00-04:00,70.80124819112254,70.842887271445,70.79291783337757,70.82623291015625,1475200,0.0,0.0,0.0,0.0005879575303886497,0.0005877847510811588,0.009125536596607017,0.01176188766878121
2016-04-08 00:00:00-04:00,70.80124819112254,70.83456326790122,70.80124819112254,70.82623291015625,594300,0.0,0.0,0.0,0.0,0.0,0.0069108635090186785,0.011724969837765206
2016-04-11 00:00:00-04:00,70.80954073970554,70.84285580168502,70.80121673985944,70.81787109375,851100,0.0,0.0,0.0,-0.00011806100737921099,-0.0001180679771285185,0.0059614458185795185,0.010981929610621891
2016-04-12 00:00:00-04:00,70.80126953125,70.80959353730272,70.79293917099419,70.80126953125,524900,0.0,0.0,0.0,-0.00023442617299274104,-0.00023445365510313428,0.005811745264032982,0.011086585735656723
2016-04-13 00:00:00-04:00,70.78462159343715,70.78462159343715,70.75963686236094,70.7679672241211,1365800,0.0,0.0,0.0,-0.00047036313542669905,-0.0004704737908664701,0.006273919238532616,0.011365015098395537
2016-04-14 00:00:00-04:00,70.77629758588124,70.78462159343715,70.75130650060079,70.7679672241211,1103500,0.0,0.0,0.0,0.0,0.0,0.003122065968994519,0.009168619673219093
2016-04-15 00:00:00-04:00,70.77623203192442,70.81787109375,70.77623203192442,70.81787109375,825600,0.0,0.0,0.0,0.0007051759657141776,0.0007049274459694381,0.007030808616944624,0.009364662584222649
2016-04-18 00:00:00-04:00,70.80125393767514,70.81790830031562,70.79292357925405,70.80957794189453,870900,0.0,0.0,0.0,-0.00011710535388009813,-0.00011711221124741333,0.007030002398549933,0.00940449841280242
2016-04-19 00:00:00-04:00,70.80959929158297,70.80959929158297,70.76796019532637,70.78461456298828,1508400,0.0,0.0,0.0,-0.00035254240502236023,-0.00035260456270527166,0.007298325252457514,0.009522875875073502
2016-04-20 00:00:00-04:00,70.80128747812749,70.80128747812749,70.72632692523025,70.73465728759766,1080700,0.0,0.0,0.0,-0.0007057646029303699,-0.0007060137720111206,0.008283512963899849,0.009645608970405532
2016-04-21 00:00:00-04:00,70.70969484252637,70.75133395907872,70.70969484252637,70.71802520751953,1599900,0.0,0.0,0.0,-0.0002351333945183054,-0.0002351610427090078,0.00828352383422201,0.009548319392704847
2016-04-22 00:00:00-04:00,70.71802520751953,70.72634921830597,70.70969484252637,70.71802520751953,2593200,0.0,0.0,0.0,0.0,0.0,0.0042997895277411095,0.009337174163564783
2016-04-25 00:00:00-04:00,70.70966245346253,70.73464718279084,70.70133209228516,70.70133209228516,1512900,0.0,0.0,0.0,-0.0002360517730153333,-0.00023607963762018434,0.004090025531475895,0.00939277807936782
2016-04-26 00:00:00-04:00,70.70131622964873,70.70964658895709,70.67633150592602,70.68466186523438,969300,0.0,0.0,0.0,-0.00023578377602595513,-0.00023581157739063337,0.004090132506160894,0.006541247175322473
2016-04-27 00:00:00-04:00,70.70967255470013,70.73465728759766,70.6430423641703,70.73465728759766,748300,0.0,0.0,0.0,0.0007073022780896832,0.0007070522577197596,0.0064817708866108424,0.007039517755701639
2016-04-28 00:00:00-04:00,70.74299868127837,70.8012985185318,70.73466831761196,70.77631378173828,694300,0.0,0.0,0.0,0.0005889120798487912,0.0005887387391814985,0.007198386109098058,0.007157175095753121
2016-04-29 00:00:00-04:00,70.76795444442986,70.81792389755852,70.75962408417406,70.80126953125,1609600,0.0,0.0,0.0,0.0003526003005565048,0.0003525381516792412,0.00712445094896209,0.00691975270326682
2016-05-02 00:00:00-04:00,70.78376393596422,70.80042790608007,70.7670936079811,70.77542877197266,1017800,0.049,0.0,0.0,-0.0003649759312004397,-0.0003650425511258902,0.007697657166293404,0.0066040078952113055
2016-05-03 00:00:00-04:00,70.85876088415299,70.85876088415299,70.81709778019673,70.85042572021484,3788100,0.0,0.0,0.0,0.001059646681672799,0.0010590856524213543,0.008434036057934267,0.007526258791696451
2016-05-04 00:00:00-04:00,70.85879654675526,70.85879654675526,70.80879825369718,70.84213256835938,1621100,0.0,0.0,0.0,-0.0001170515458610577,-0.0001170583969278758,0.00897770382207091,0.007413521044626125
2016-05-05 00:00:00-04:00,70.85881418281964,70.89214850577844,70.81715104752516,70.86714935302734,556900,0.0,0.0,0.0,0.00035313426856298236,0.000353071931332342,0.008656305918567808,0.007228161773794939
2016-05-06 00:00:00-04:00,70.90875915204738,70.91709431598552,70.85042572021484,70.85042572021484,1117600,0.0,0.0,0.0,-0.00023598568540117437,-0.00023601353440442843,0.009234585405423292,0.00728899098652839
2016-05-09 00:00:00-04:00,70.9004288724517,70.90875767834952,70.87542973902406,70.88375854492188,610000,0.0,0.0,0.0,0.0004704675288567106,0.0004703568937076597,0.008210265745281673,0.007441931345869826
2016-05-10 00:00:00-04:00,70.89211649371238,70.90045166015625,70.8671173522499,70.90045166015625,2854800,0.0,0.0,0.0,0.0002354998602931424,0.00023547213455389642,0.004835791776052115,0.007393352841364656
2016-05-11 00:00:00-04:00,70.88377131228079,70.90044164281322,70.8671073396166,70.87544250488281,1607400,0.0,0.0,0.0,-0.00035273619120668176,-0.0003527984172503239,0.005818414962277672,0.007290380359601662
2016-05-12 00:00:00-04:00,70.85878515325157,70.86712032004452,70.83378601074219,70.83378601074219,562700,0.0,0.0,0.0,-0.0005877422795315113,-0.0005879150677316899,0.006910789235525719,0.007660730077621793
2016-05-13 00:00:00-04:00,70.82546223209306,70.85879654675526,70.81713342183033,70.84213256835938,1115000,0.0,0.0,0.0,0.00011783300155543408,0.00011782605979261344,0.006909631653615236,0.007264480845564837
2016-05-16 00:00:00-04:00,70.83378362653121,70.83378362653121,70.79211415183852,70.80878448486328,600800,0.0,0.0,0.0,-0.0004707379956965241,-0.00047084882761004696,0.005816330239121947,0.0074571103238997944
2016-05-17 00:00:00-04:00,70.79209650676252,70.80876683563217,70.75876856475845,70.78376770019531,819500,0.0,0.0,0.0,-0.00035330058057014835,-0.0003533630059239728,0.004258470369695291,0.007457585578355991
2016-05-18 00:00:00-04:00,70.71708586579771,70.7504201594309,70.65041727853135,70.65875244140625,3690500,0.0,0.0,0.0,-0.001766157169233562,-0.001767718663640662,0.011090033221884253,0.009466864150601188
2016-05-19 00:00:00-04:00,70.67545318603516,70.70878749701421,70.67545318603516,70.67545318603516,1619600,0.0,0.0,0.0,0.00023635776251151874,0.00023632983441616376,0.012638771996556223,0.009494789833387902
2016-05-20 00:00:00-04:00,70.67544031391124,70.70877461881912,70.66711150608569,70.700439453125,1942600,0.0,0.0,0.0,0.0003535352935633007,0.0003534728146866282,0.013391012440610205,0.009592008928047525
2016-05-23 00:00:00-04:00,70.65875859896971,70.69209289550781,70.65875859896971,70.69209289550781,654700,0.0,0.0,0.0,-0.00011805524381103272,-0.00011806221287982383,0.013507311266417014,0.009564601479075265
2016-05-24 00:00:00-04:00,70.66712586349082,70.67545467300852,70.63379155181042,70.64212036132812,778200,0.0,0.0,0.0,-0.0007069041548048993,-0.0007071541293592493,0.013777103823121474,0.00985623319564964
2016-05-25 00:00:00-04:00,70.66709762643299,70.68376159667969,70.64209213426196,70.68376159667969,5242400,0.0,0.0,0.0,0.0005894675179420883,0.0005892938502090408,0.00800386419776934,0.009747611957016619
2016-05-26 00:00:00-04:00,70.70874776576298,70.74208205801149,70.6920837985718,70.72541809082031,1253100,0.0,0.0,0.0,0.0005893361247286677,0.0005891625343934011,0.008814818438819896,0.009747972518303737
2016-05-27 00:00:00-04:00,70.72543105909742,70.75043019340113,70.65876246237598,70.68376159667969,696200,0.0,0.0,0.0,-0.0005889890122265928,-0.0005891625343932996,0.009863579799399622,0.00982309845058311
2016-05-31 00:00:00-04:00,70.65047155926605,70.74213934771903,70.65047155926605,70.7171401977539,1368300,0.0,0.0,0.0,0.00047222445891703657,0.0004721129960361887,0.010467496707612092,0.009952871391877055
2016-06-01 00:00:00-04:00,70.7179589606327,70.74297313943538,70.66793060302734,70.66793060302734,1484500,0.051,0.0,0.0,-0.0006958651691648665,-0.0006961073957095573,0.010415977876284822,0.009307853451463954
2016-06-02 00:00:00-04:00,70.69292586236087,70.72628021240234,70.69292586236087,70.72628021240234,4565800,0.0,0.0,0.0,0.0008256872513046076,0.0008253465591100271,0.011254771981204972,0.00990595031002779
2016-06-03 00:00:00-04:00,70.85136538638888,70.86803938243507,70.83468502865018,70.84302520751953,1874900,0.0,0.0,0.0,0.0016506593414298276,0.0016492985006163596,0.01568883576270381,0.01158901974786157
2016-06-06 00:00:00-04:00,70.83465827692008,70.85967880407877,70.80131029742203,70.82632446289062,672100,0.0,0.0,0.0,-0.00023574296241568593,-0.00023577075415574076,0.014539712184366988,0.011588958884643999
2016-06-07 00:00:00-04:00,70.84302520751953,70.86803938243507,70.83468502865018,70.84302520751953,624800,0.0,0.0,0.0,0.00023579855026434338,0.00023577075415562556,0.014566055448983614,0.011487598157157743
2016-06-08 00:00:00-04:00,70.83471303504238,70.86806740201482,70.83471303504238,70.85973358154297,906600,0.0,0.0,0.0,0.00023585065677944606,0.0002358228483856271,0.011507578023099777,0.011487705145090765
2016-06-09 00:00:00-04:00,70.89303202320794,70.89303202320794,70.85968404124519,70.87635803222656,794400,0.0,0.0,0.0,0.00023461068569297083,0.00023458316890978694,0.011355106363345274,0.011456963778131175
2016-06-10 00:00:00-04:00,70.8847059554358,70.93473429553802,70.8847059554358,70.91806030273438,425100,0.0,0.0,0.0,0.0005883805498139161,0.0005882075218457503,0.004653846271633353,0.011416075636322902
2016-06-13 00:00:00-04:00,70.94307833688141,70.96809250829499,70.93473815917969,70.93473815917969,610500,0.0,0.0,0.0,0.00023517079251922368,0.00023514314420302931,0.0025062267671709187,0.011431588021489185
2016-06-14 00:00:00-04:00,70.98478051954909,70.98478051954909,70.93475216684273,70.9430923461914,990200,0.0,0.0,0.0,0.00011777286035763446,0.00011776592567878868,0.002833137618595028,0.011254905234162019
2016-06-15 00:00:00-04:00,70.93474349308767,71.14320341946464,70.93474349308767,71.0264663696289,785700,0.0,0.0,0.0,0.001175223981365825,0.0011745339462402742,0.006855377291306204,0.01174456683411102
2016-06-16 00:00:00-04:00,71.02644335677506,71.05145752196488,70.97641502639544,70.98474884033203,1129500,0.0,0.0,0.0,-0.0005873518904878638,-0.0005875244491812517,0.010268895117484038,0.009739447673441703
2016-06-17 00:00:00-04:00,70.99311065673828,71.00979101307617,70.96809648392342,70.99311065673828,1574700,0.0,0.0,0.0,0.00011779736553063636,0.00011779042796578593,0.009992915304158913,0.009747568200509642
2016-06-20 00:00:00-04:00,70.94305168516759,70.95972567261539,70.91803752315127,70.95138549804688,1698800,0.0,0.0,0.0,-0.000587735321151861,-0.0005879081052599247,0.011469816853101729,0.010146675083205279
2016-06-21 00:00:00-04:00,70.9347367947628,70.95975096569522,70.90138244628906,70.90138244628906,919100,0.0,0.0,0.0,-0.0007047508855085871,-0.0007049993391527083,0.012583102939317817,0.010577792771828543
2016-06-22 00:00:00-04:00,70.93470888763902,70.94304906189913,70.90969472654766,70.9263687133789,1740300,0.0,0.0,0.0,0.0003524087433524059,0.00035234666197612855,0.0076451230007364675,0.01009976675302819
2016-06-23 00:00:00-04:00,70.90138244628906,70.91806280137168,70.87636827535663,70.90138244628906,2302800,0.0,0.0,0.0,-0.00035228459518088506,-0.0003523466619760978,0.0072240294439140686,0.010172302744055851
2016-06-24 00:00:00-04:00,71.10984917906754,71.12652953575136,71.04314047571646,71.06816101074219,2321800,0.0,0.0,0.0,0.0023522611083002243,0.0023494988729572223,0.02007804921426151,0.012767049857974996
2016-06-27 00:00:00-04:00,71.12652074768928,71.16820891086383,71.1098403930664,71.1098403930664,1166100,0.0,0.0,0.0,0.000586470533801009,0.000586298627166334,0.01882285126252624,0.012429583476546496
2016-06-28 00:00:00-04:00,71.10151045477126,71.1348648071289,71.09317663795102,71.1348648071289,1590900,0.0,0.0,0.0,0.00035191211123764,0.00035185020469397126,0.016039121950996674,0.012414907701694204
2016-06-29 00:00:00-04:00,71.08482622282341,71.11818057037785,71.08482622282341,71.1098403930664,838800,0.0,0.0,0.0,-0.0003517883126699095,-0.0003518502046940612,0.017589054733420845,0.012107006928399756
2016-06-30 00:00:00-04:00,71.11817430852197,71.15986246802593,71.09316014048144,71.1431884765625,2284000,0.0,0.0,0.0,0.00046896580433530843,0.000468855874240118,0.01591801772623199,0.011971731974052964
2016-07-01 00:00:00-04:00,71.193279883781,71.193279883781,71.12653205034292,71.16825103759766,3690200,0.05,0.0,0.0,0.00035228335378034714,0.0003522213165690287,0.005828196802830062,0.010855623605471551
2016-07-05 00:00:00-04:00,71.17659316189166,71.20996708021391,71.15990938544256,71.20162200927734,1974600,0.0,0.0,0.0,0.0004689025119088974,0.00046879261147977626,0.00549070432088975,0.010742860905033217
2016-07-06 00:00:00-04:00,71.17658974270961,71.20161858889296,71.15156089652626,71.16825103759766,5742300,0.0,0.0,0.0,-0.00046868274539224597,-0.0004687926114797276,0.007374390715720639,0.01105434851914044
2016-07-07 00:00:00-04:00,71.14319588050851,71.16823108509682,71.11816704134218,71.13485717773438,1094600,0.0,0.0,0.0,-0.0004692241185699775,-0.000469334238655382,0.007853155948994873,0.01132869818806587
2016-07-08 00:00:00-04:00,71.11816704134218,71.14319588050851,71.08479313397973,71.13485717773438,1157600,0.0,0.0,0.0,0.0,0.0,0.007014858441541838,0.011348141072939721
2016-07-11 00:00:00-04:00,71.09316548511153,71.10985562790879,71.0597915649414,71.0597915649414,1619200,0.0,0.0,0.0,-0.001055257798654341,-0.0010558149751762206,0.009079740988188752,0.012046337027800695
2016-07-12 00:00:00-04:00,71.05978836913023,71.05978836913023,71.00973067383852,71.03475952148438,5990100,0.0,0.0,0.0,-0.0003522673357992945,-0.0003523293965122993,0.006030672234548977,0.012139094341768013
2016-07-13 00:00:00-04:00,71.05976082150718,71.06810588929538,71.03473198356421,71.05142211914062,836600,0.0,0.0,0.0,0.0002345696356051974,0.00023454212844970163,0.007831398116558145,0.012152169897826482
2016-07-14 00:00:00-04:00,71.00139003587752,71.0431090281748,70.99304496433315,71.00973510742188,638500,0.0,0.0,0.0,-0.0005867160779533531,-0.0005868882631839403,0.00800691968384013,0.011637979278347806
2016-07-15 00:00:00-04:00,71.00140061807564,71.00140061807564,70.96802669234859,70.97637176513672,1532100,0.0,0.0,0.0,-0.00046984180738995907,-0.0004699522176368658,0.00737577753497111,0.011568130051753528
2016-07-18 00:00:00-04:00,71.00970607932796,71.026389850172,70.993015943062,71.01805114746094,867800,0.0,0.0,0.0,0.0005872289789923268,0.0005870566275253258,0.008016312498197654,0.01175310315353252
2016-07-19 00:00:00-04:00,71.00971393238902,71.02639770507812,71.00136886333314,71.02639770507812,739400,0.0,0.0,0.0,0.00011752726922709122,0.0001175203634386589,0.007841074357429676,0.011535762849377509
2016-07-20 00:00:00-04:00,70.99300384521484,71.00969397863665,70.97632007721387,70.99300384521484,627500,0.0,0.0,0.0,-0.00047016124908860757,-0.0004702718095441992,0.007975121992363526,0.011360077735215236
2016-07-21 00:00:00-04:00,70.98470331156445,71.04310607910156,70.9763582403665,71.04310607910156,465500,0.0,0.0,0.0,0.0007057348072769809,0.0007054858935723717,0.008889169076479842,0.011546419070500103
2016-07-22 00:00:00-04:00,71.00970607932796,71.03473491830498,71.00136101119499,71.01805114746094,382700,0.0,0.0,0.0,-0.0003526722439856078,-0.0003527344474668375,0.008448882197205142,0.011546612745737745
2016-07-25 00:00:00-04:00,71.00139149956593,71.00973657128232,70.968017578125,70.968017578125,803500,0.0,0.0,0.0,-0.000704519041673568,-0.000704767331837223,0.008890085806654405,0.008185997948097575
2016-07-26 00:00:00-04:00,70.9930555452875,70.9930555452875,70.9513429121978,70.97637176513672,1348500,0.0,0.0,0.0,0.00011771763248868972,0.00011771070431189739,0.008890434415074264,0.007849313533853621
2016-07-27 00:00:00-04:00,70.97634002158816,71.02639770507812,70.95965624889905,71.02639770507812,657400,0.0,0.0,0.0,0.0007048252636376873,0.000704576990963942,0.009992867221141519,0.008206929179202587
2016-07-28 00:00:00-04:00,71.01805114746094,71.04307998643795,71.00136101119499,71.01805114746094,913700,0.0,0.0,0.0,-0.00011751345819122072,-0.00011752036343862705,0.008401375029245811,0.008144471152926084
2016-07-29 00:00:00-04:00,71.0681061605987,71.10982513427734,71.05976109277864,71.10982513427734,1041500,0.0,0.0,0.0,0.0012922628167568728,0.0012914285638017916,0.012184352475028824,0.009301737144463001
2016-08-01 00:00:00-04:00,71.05223080148691,71.08562469482422,71.05223080148691,71.08562469482422,3053400,0.051,0.0,0.0,-0.000340324834260608,-0.00034038275789928984,0.01053325178859092,0.009255616932852229
2016-08-02 00:00:00-04:00,71.0522273273436,71.0939712842826,71.03552719687457,71.06057739257812,967700,0.0,0.0,0.0,-0.00035235397246102806,-0.00035241606370780925,0.011607840351215223,0.009093287383778674
2016-08-03 00:00:00-04:00,71.08562408133679,71.09397414690751,71.04388012271694,71.06892395019531,3365300,0.0,0.0,0.0,0.00011745693496245657,0.00011745003743677405,0.010841360317314338,0.009014909655409459
2016-08-04 00:00:00-04:00,71.10233367861576,71.1273775116717,71.09398998042063,71.11903381347656,610500,0.0,0.0,0.0,0.0007050882508981005,0.0007048397929603121,0.011270824525464854,0.009284294997200586
2016-08-05 00:00:00-04:00,71.06055803248013,71.06055803248013,71.00212033022675,71.01881408691406,1170900,0.0,0.0,0.0,-0.0014091829034874603,-0.0014101767354856322,0.01232036241084117,0.010526606722021534
2016-08-08 00:00:00-04:00,70.99378204345703,71.0188258672581,70.9770819147677,70.99378204345703,2576800,0.0,0.0,0.0,-0.00035247059217857757,-0.00035253272453806823,0.012325908563853297,0.009943745881741699
2016-08-09 00:00:00-04:00,71.01051676966101,71.03556060791016,70.98547293141186,71.03556060791016,2337300,0.0,0.0,0.0,0.0005884820226587095,0.0005883089350158617,0.013615805352458552,0.010118963331039545
2016-08-10 00:00:00-04:00,71.05223018828768,71.06892395019531,71.0355300571462,71.06892395019531,971900,0.0,0.0,0.0,0.0004696709929454812,0.0004695607320475534,0.014140976598480936,0.010224871531485937
2016-08-11 00:00:00-04:00,71.06892527797531,71.06892527797531,70.97709366268306,71.00214385986328,929600,0.0,0.0,0.0,-0.0009396524756563052,-0.0009400942257932283,0.013793226320152273,0.010570124858733536
2016-08-12 00:00:00-04:00,71.07727466266724,71.08562472831397,71.03553070366748,71.05223083496094,584100,0.0,0.0,0.0,0.0007054290529102669,0.0007051803547883028,0.011301210482854434,0.010707189901025342
2016-08-15 00:00:00-04:00,71.02721690798482,71.04391067707206,71.01051676966101,71.03556060791016,873200,0.0,0.0,0.0,-0.00023461933362101117,-0.0002346468610425933,0.011035545732590642,0.010560377876541321
2016-08-16 00:00:00-04:00,71.00215434914959,71.01884811383532,70.98545421522897,71.010498046875,774400,0.0,0.0,0.0,-0.0003528171076665476,-0.00035287936226570106,0.010517729058628637,0.010630102555280416
2016-08-17 00:00:00-04:00,70.98545421522897,71.04389194548135,70.96876045054326,71.010498046875,1221300,0.0,0.0,0.0,0.0,0.0,0.009475226597153876,0.010490833939107418
2016-08-18 00:00:00-04:00,71.01883343563912,71.06057739257812,70.99378960916916,71.06057739257812,696500,0.0,0.0,0.0,0.0007052386207750949,0.0007049900568766869,0.008090456100663095,0.010490399222155711
2016-08-19 00:00:00-04:00,71.01047580291345,71.02717593160277,70.98543197911236,70.99378204345703,590000,0.0,0.0,0.0,-0.0009399775736703697,-0.0009404196296267047,0.009475801505664926,0.010958267834561062
2016-08-22 00:00:00-04:00,71.0188376220828,71.02718768780954,71.00214385986328,71.00214385986328,480000,0.0,0.0,0.0,0.0001177823770697195,0.00011777544127015003,0.009640200867371999,0.010658513594766885
2016-08-23 00:00:00-04:00,71.00215434914959,71.02719818079562,70.99380428218929,71.010498046875,455200,0.0,0.0,0.0,0.00011766105299870766,0.00011765413147993475,0.009420407210642127,0.010658507016126997
2016-08-24 00:00:00-04:00,71.02717593160277,71.02717593160277,70.99378204345703,70.99378204345703,466400,0.0,0.0,0.0,-0.00023540186138304442,-0.00023542957275017265,0.009567712291555354,0.010381157384378925
2016-08-25 00:00:00-04:00,70.99374040335036,70.99374040335036,70.9603465347912,70.96869659423828,547300,0.0,0.0,0.0,-0.00035334713120926953,-0.0003534095730163586,0.006905988529769422,0.010443273184873016
2016-08-26 00:00:00-04:00,70.97707085178256,71.01881479776647,70.90193939208984,70.90193939208984,709800,0.0,0.0,0.0,-0.0009406570129097958,-0.0009410997083559207,0.006910211883816414,0.00965897664325932
2016-08-29 00:00:00-04:00,70.90195111547327,70.96038882797404,70.90195111547327,70.94369506835938,473600,0.0,0.0,0.0,0.0005889214967538248,0.0005887481505440226,0.009016276125624919,0.009969495066284534
2016-08-30 00:00:00-04:00,70.95206451416016,70.96876464906876,70.93537074848683,70.95206451416016,480400,0.0,0.0,0.0,0.00011797307417826808,0.00011796611590240662,0.009016891686824577,0.009951200534426951
2016-08-31 00:00:00-04:00,70.96038882797404,70.98543265201252,70.94369506835938,70.94369506835938,937400,0.0,0.0,0.0,-0.0001179591581738082,-0.00011796611590246399,0.008997240459510905,0.009925483762085494
2016-09-01 00:00:00-04:00,70.92697180464249,70.98544390647973,70.91026184812836,70.97708892822266,1191600,0.05,0.0,0.0,0.00047070933972492845,0.00047059859083600433,0.00965031630031628,0.009709616087025303
2016-09-02 00:00:00-04:00,70.98544390647973,70.99379251175567,70.9436753881755,70.97708892822266,726100,0.0,0.0,0.0,0.0,0.0,0.00483885115590708,0.008387434099157393
2016-09-06 00:00:00-04:00,70.96874956498483,71.06899020718191,70.96039458488946,71.0272216796875,1335800,0.0,0.0,0.0,0.000706323015241539,0.0007060736865381022,0.005448471919156201,0.008683105022979724
2016-09-07 00:00:00-04:00,71.05228024699113,71.06899020718191,71.0272216796875,71.0272216796875,1049300,0.0,0.0,0.0,0.0,0.0,0.0056685922704040595,0.008422781641971697
2016-09-08 00:00:00-04:00,71.01885107354575,71.0355610300599,70.97708892822266,70.97708892822266,614200,0.0,0.0,0.0,-0.0007058244751699805,-0.0007060736865380771,0.008600996393311178,0.008574955499275012
2016-09-09 00:00:00-04:00,70.96042075374635,70.985485703276,70.94371716037814,70.95207214355469,2727300,0.0,0.0,0.0,-0.0003524628164627286,-0.00035252494608057196,0.008311539175644677,0.008015176295237389
2016-09-12 00:00:00-04:00,70.96037897170852,71.0105024682698,70.95203036643257,70.97708892822266,2123600,0.0,0.0,0.0,0.00035258709030161484,0.0003525249460805621,0.00885858704634862,0.007673342419675814
2016-09-13 00:00:00-04:00,70.99383431346766,71.00218929664422,70.92701356700992,70.95207214355469,1108600,0.0,0.0,0.0,-0.0003524628164627286,-0.00035252494608057196,0.006384553226993161,0.007721628079999431
2016-09-14 00:00:00-04:00,70.96876924557151,71.01888639407693,70.96876924557151,70.99382781982422,1632600,0.0,0.0,0.0,0.0005885053812810792,0.0005883322798999141,0.008597144712858046,0.007965164255592405
2016-09-15 00:00:00-04:00,71.01051445895315,71.06898657066387,70.99380449961741,71.05227661132812,10599200,0.0,0.0,0.0,0.0008232939862355959,0.000822955265640047,0.008594392636801701,0.008499296708693446
2016-09-16 00:00:00-04:00,71.01885986328125,71.04392480115466,71.0021562776809,71.01885986328125,846200,0.0,0.0,0.0,-0.0004703121369308283,-0.0004704227683728003,0.00910734201243458,0.008281307895909777
2016-09-19 00:00:00-04:00,71.00218963623047,71.01889322967858,70.99383465301396,71.00218963623047,657700,0.0,0.0,0.0,-0.0002347295786341297,-0.00023475713193347314,0.009390036836609937,0.007603229419881018
2016-09-20 00:00:00-04:00,71.00210854263219,71.01046351630623,70.98540496826172,70.98540496826172,984300,0.0,0.0,0.0,-0.00023639648375273214,-0.0002364244298058167,0.009091806242492447,0.007638046529865142
2016-09-21 00:00:00-04:00,70.96877607634934,71.00218963623047,70.92701390623662,71.00218963623047,816300,0.0,0.0,0.0,0.00023645238026404058,0.00023642442980585575,0.008183836643126724,0.007676269991238689
2016-09-22 00:00:00-04:00,70.99375356895814,71.01881211700264,70.97704999458767,70.98540496826172,759500,0.0,0.0,0.0,-0.00023639648375273214,-0.0002364244298058167,0.004099249152497058,0.007676665472817322
2016-09-23 00:00:00-04:00,71.00216311238387,71.0272216796875,70.98545952517561,71.0272216796875,7016900,0.0,0.0,0.0,0.0005890888619213275,0.0005889154171906041,0.00597678016065122,0.007837959252520434
2016-09-26 00:00:00-04:00,71.04394930000245,71.07735648272332,71.03559431783017,71.06900787353516,786300,0.0,0.0,0.0,0.0005883123802321588,0.0005881393923477424,0.0065629832746373785,0.0071457510556010235
2016-09-27 00:00:00-04:00,71.09401860788557,71.09401860788557,71.05225009811436,71.07730865478516,645300,0.0,0.0,0.0,0.00011679889023885615,0.00011679206977955185,0.0055194023457115675,0.0069260296923233005
2016-09-28 00:00:00-04:00,71.06065289136288,71.07735648272332,71.05229790919061,71.06900787353516,1017300,0.0,0.0,0.0,-0.00011678524985114791,-0.00011679206977942249,0.006144060527293868,0.006965349585971025
2016-09-29 00:00:00-04:00,71.04396853272645,71.09408569335938,71.02725856385827,71.09408569335938,1164000,0.0,0.0,0.0,0.0003528657649034539,0.00035280352242116373,0.004870786888000985,0.006986158791016647
2016-09-30 00:00:00-04:00,71.08571590507866,71.0940708877728,71.03559875488281,71.03559875488281,1380000,0.0,0.0,0.0,-0.0008226695358152236,-0.000823008114102567,0.008592355605663219,0.007574342084770741
2016-10-03 00:00:00-04:00,71.03473586635084,71.03473586635084,71.00130305613413,71.02638244628906,1646500,0.049,0.0,0.0,-0.00012974211177629869,-0.00012975052901213727,0.006980838173069695,0.007597691995433281
2016-10-04 00:00:00-04:00,71.00132195026777,71.00132195026777,70.95953570886957,70.9678955078125,933100,0.0,0.0,0.0,-0.0008234537148332777,-0.0008237929390799426,0.008077534612786064,0.007743552140943894
2016-10-05 00:00:00-04:00,70.99296732166111,70.99296732166111,70.92610168457031,70.92610168457031,1644000,0.0,0.0,0.0,-0.0005889116894777224,-0.000589085166078333,0.008068982920991475,0.007980074772238924
2016-10-06 00:00:00-04:00,70.92610168457031,70.96789430191659,70.91774188576943,70.92610168457031,679500,0.0,0.0,0.0,0.0,0.0,0.006148565354958722,0.007620701674990643
2016-10-07 00:00:00-04:00,70.94278156255008,70.96786094716546,70.92606834946162,70.95114135742188,809000,0.0,0.0,0.0,0.0003530388990349298,0.0003529765954661048,0.007460958082783964,0.007643348371780528
2016-10-10 00:00:00-04:00,70.9260996667271,70.93445946529015,70.90102664769591,70.91773986816406,924000,0.0,0.0,0.0,-0.00047076746925822643,-0.00047087831505304364,0.0075421203513488955,0.007697392636514379
2016-10-11 00:00:00-04:00,70.89268771455416,70.91776074096494,70.89268771455416,70.9094009399414,1259100,0.0,0.0,0.0,-0.00011758592755717334,-0.00011759284132433288,0.005997918379964086,0.00761635486670408
2016-10-12 00:00:00-04:00,70.90104751557769,70.9094009399414,70.87597448916691,70.9094009399414,1311100,0.0,0.0,0.0,0.0,0.0,0.00468909922631054,0.007260701599457986
2016-10-13 00:00:00-04:00,70.92607318795635,70.95114619762705,70.90935359707217,70.93443298339844,5123300,0.0,0.0,0.0,0.0003530144540104807,0.000352952159068356,0.00551015506412997,0.0066703137910933226
2016-10-14 00:00:00-04:00,70.93445946529015,70.95953248432134,70.91773986816406,70.91773986816406,1481100,0.0,0.0,0.0,-0.00023533162291267118,-0.0002353593177441075,0.004835491324060731,0.006540187819835067
2016-10-17 00:00:00-04:00,70.95955935621048,70.98463238473666,70.95119955448163,70.97627258300781,3860400,0.0,0.0,0.0,0.0008253606918742218,0.0008250202690399158,0.006822211050941138,0.007234238161665168
2016-10-18 00:00:00-04:00,70.97625449251291,71.00132751464844,70.94282167077928,71.00132751464844,2067400,0.0,0.0,0.0,0.00035300433129004105,0.00035294203992007074,0.00639865012604221,0.007300632748710647
2016-10-19 00:00:00-04:00,70.98461429211099,71.00968731424653,70.97625449251291,71.00132751464844,643300,0.0,0.0,0.0,0.0,0.0,0.00639865012604221,0.007252005917054475
2016-10-20 00:00:00-04:00,71.00132195026777,71.00132195026777,70.95953570886957,70.9678955078125,2593200,0.0,0.0,0.0,-0.00047086453177991316,-0.0004709754232948444,0.00808797226493365,0.007399419171214781
2016-10-21 00:00:00-04:00,70.98458099365234,70.9929407893289,70.95950798327841,70.98458099365234,1041900,0.0,0.0,0.0,0.00023511315532820376,0.00023508552056174614,0.007551327672941058,0.007119267484014466
2016-10-24 00:00:00-04:00,70.97623164977571,70.98459144668332,70.94279883880199,70.95951843261719,582600,0.0,0.0,0.0,-0.0003530704933990547,-0.0003531328374607068,0.005696827931143181,0.0068126145681052215
2016-10-25 00:00:00-04:00,70.95115863570959,70.97623164977571,70.93444541855106,70.95951843261719,3762400,0.0,0.0,0.0,0.0,0.0,0.0045755232120424415,0.006781089297340632
2016-10-26 00:00:00-04:00,70.94278640218496,70.95114619762705,70.92607318795635,70.93443298339844,517000,0.0,0.0,0.0,-0.00035351774889191834,-0.00035358025102215146,0.00468919355304805,0.006848538049467209
2016-10-27 00:00:00-04:00,70.93442814433342,70.95114135742188,70.90934875971803,70.95114135742188,724800,0.0,0.0,0.0,0.00023554673408532345,0.00023551899730880693,0.004690786761390674,0.006758929537467594
2016-10-28 00:00:00-04:00,70.92606834946162,70.98457416025393,70.92606834946162,70.95114135742188,1229300,0.0,0.0,0.0,0.0,0.0,0.004052975250222833,0.0062009731297136455
2016-10-31 00:00:00-04:00,70.97625449251291,71.00132751464844,70.97625449251291,71.00132751464844,1346300,0.0,0.0,0.0,0.0007073340367245162,0.0007070839939070112,0.006205840081584904,0.006761591097191975
2016-11-01 00:00:00-04:00,70.97707103781936,71.03561201992584,70.96870621737885,71.00215911865234,8239600,0.051,0.0,0.0,1.1712513455996998e-05,1.171244486504685e-05,0.006192367196588491,0.006054242419922523
2016-11-02 00:00:00-04:00,71.02725256842153,71.06070547222372,71.01052930676494,71.04397583007812,1516600,0.0,0.0,0.0,0.0005889498565234685,0.0005887764936214169,0.005182350554391132,0.005914235354790671
2016-11-03 00:00:00-04:00,71.01885424088702,71.05230712890625,71.01885424088702,71.05230712890625,2616600,0.0,0.0,0.0,0.00011726960281688292,0.00011726272727453334,0.005352770572063343,0.005907026761102992
2016-11-04 00:00:00-04:00,71.0439473171434,71.08576502523518,71.03558887991419,71.07740020751953,2108300,0.0,0.0,0.0,0.000353163459812178,0.0003531011122763205,0.004717393007193611,0.005907100634327351
2016-11-07 00:00:00-05:00,71.02721905801333,71.05230712890625,71.01885424088702,71.05230712890625,2698400,0.0,0.0,0.0,-0.0003530387794153933,-0.00035310111227632195,0.005651586845773316,0.005772389140052731
2016-11-08 00:00:00-05:00,71.02719638944383,71.03556120390047,70.96865544921523,70.97702026367188,1944600,0.0,0.0,0.0,-0.0010595977565905912,-0.0010601595271624291,0.010372520191730836,0.007057619223962765
2016-11-09 00:00:00-05:00,70.99378029371323,71.01050993129408,70.88506317138672,70.88506317138672,1784100,0.0,0.0,0.0,-0.0012955896421622537,-0.001296429644032895,0.011400033564207289,0.008520614293709263
2016-11-10 00:00:00-05:00,70.91016914538982,70.95198048892084,70.85999298095703,70.85999298095703,1927100,0.0,0.0,0.0,-0.0003536738109278792,-0.00035373636826050895,0.010374131122516556,0.008482728010495022
2016-11-11 00:00:00-05:00,70.87671624227167,70.89343950358631,70.83489851825178,70.85999298095703,3405000,0.0,0.0,0.0,0.0,0.0,0.008607347746295117,0.008456493791884265
2016-11-14 00:00:00-05:00,70.78471174820358,70.82652946595796,70.75125885009766,70.75125885009766,18305000,0.0,0.0,0.0,-0.0015344925434666035,-0.0015356710829439043,0.010287373875925074,0.009352713301534872
2016-11-15 00:00:00-05:00,70.75127910186134,70.7763671875,70.74291427981855,70.7763671875,2080800,0.0,0.0,0.0,0.00035488184677445744,0.0003548188911059813,0.013002909070092647,0.009354077700095786
2016-11-16 00:00:00-05:00,70.7596481779426,70.78473626508953,70.73456009079567,70.76801300048828,1007900,0.0,0.0,0.0,-0.0001180363918592553,-0.00011804335870238962,0.011431448223200623,0.00933691947432099
2016-11-17 00:00:00-05:00,70.76799311609378,70.77635155580079,70.74289865550776,70.75962829589844,1145600,0.0,0.0,0.0,-0.00011848156016169842,-0.00011848857965620684,0.01152268103083447,0.009267036176401655
2016-11-18 00:00:00-05:00,70.7429225612318,70.75965220727582,70.6927463840807,70.71783447265625,2044500,0.0,0.0,0.0,-0.0005906450365654736,-0.0005908195360599732,0.011369994763147323,0.00927925498452869
2016-11-21 00:00:00-05:00,70.70941925048828,70.73450731891812,70.67596636575338,70.70941925048828,889300,0.0,0.0,0.0,-0.00011899716996033316,-0.00011900425068529217,0.005306761984333825,0.009261230511496537
2016-11-22 00:00:00-05:00,70.69273376464844,70.73455149180309,70.68436894311964,70.69273376464844,2122600,0.0,0.0,0.0,-0.00023597260473506854,-0.0002360004506508296,0.0032454328926794208,0.009239484337629946
2016-11-23 00:00:00-05:00,70.6425674893115,70.68437884183211,70.62583784391107,70.65093231201172,1433600,0.0,0.0,0.0,-0.0005913118705507259,-0.0005914867643627761,0.0038421333014270324,0.00933400233818419
2016-11-25 00:00:00-05:00,70.64252471923828,70.67597760929506,70.63415990160249,70.64252471923828,347400,0.0,0.0,0.0,-0.0001190018659104064,-0.00011900894719424771,0.0038403208462401825,0.009198410676436532
2016-11-28 00:00:00-05:00,70.65926860970528,70.7094511496892,70.65926860970528,70.68435668945312,1131300,0.0,0.0,0.0,0.0005921641444881498,0.0005919888844861874,0.006825782521212691,0.009615085614968216
2016-11-29 00:00:00-05:00,70.66764568055139,70.72618667027429,70.66764568055139,70.69273376464844,1232600,0.0,0.0,0.0,0.00011851384928229791,0.00011850682707087612,0.00697889970494235,0.0091011731217228
2016-11-30 00:00:00-05:00,70.66758728027344,70.70104015825355,70.66758728027344,70.66758728027344,1449700,0.0,0.0,0.0,-0.0003557152628828053,-0.0003557785445642141,0.0072302831381540825,0.009071786317089778
2016-12-01 00:00:00-05:00,70.62579313042085,70.66762922394526,70.60905358559847,70.63416290283203,6249100,0.05,0.0,0.0,-0.0004729803114522646,-0.0004730922019224926,0.006725029821908901,0.008559715465050455
2016-12-02 00:00:00-05:00,70.70104948428568,70.72615239863248,70.68431633614148,70.70941925048828,2449000,0.0,0.0,0.0,0.0010654383737764839,0.0010648711971377482,0.01025898998683999,0.009737383088411026
2016-12-05 00:00:00-05:00,70.68431633614148,70.72615239863248,70.65921342179466,70.70941925048828,1785700,0.0,0.0,0.0,0.0,0.0,0.00963716886778115,0.009529726933093572
2016-12-06 00:00:00-05:00,70.71785196012755,70.71785196012755,70.68437924978525,70.6927490234375,1325500,0.0,0.0,0.0,-0.0002357568090288753,-0.00023578460403403737,0.009853018572986993,0.009523521711308042
2016-12-07 00:00:00-05:00,70.72622838116091,70.73459815635533,70.70949521503995,70.71786499023438,1282700,0.0,0.0,0.0,0.0003552834929159143,0.000355220394680477,0.009522364532899516,0.009255578829969944
2016-12-08 00:00:00-05:00,70.69268610234408,70.72615239863248,70.69268610234408,70.70941925048828,1272500,0.0,0.0,0.0,-0.00011942865847636153,-0.00011943579064645691,0.008340374137833242,0.008268936094271161
2016-12-09 00:00:00-05:00,70.72620614387189,70.72620614387189,70.67600027702655,70.70110321044922,1321200,0.0,0.0,0.0,-0.0001176086598816406,-0.00011761557632237438,0.0036124611755926532,0.008224274932033182
2016-12-12 00:00:00-05:00,70.67599487304688,70.70109780455014,70.66762510112399,70.67599487304688,931300,0.0,0.0,0.0,-0.00035513360134720173,-0.00035519667621838414,0.0042842352491440396,0.008256616379950362
2016-12-13 00:00:00-05:00,70.6759799386113,70.6759799386113,70.63414385636798,70.66761016845703,1926700,0.0,0.0,0.0,-0.00011863581977022974,-0.00011864285755572383,0.004118481434038508,0.006377775835492572
2016-12-14 00:00:00-05:00,70.66762924930995,70.67599902172415,70.50027210662073,70.53374481201172,1157600,0.0,0.0,0.0,-0.0018942957901958435,-0.0018960922374930784,0.012294634777286236,0.00892857629669849
2016-12-15 00:00:00-05:00,70.50028228759766,70.53375499782246,70.48354912461859,70.50028228759766,1355800,0.0,0.0,0.0,-0.0004744186559674235,-0.0004745312281036108,0.01181298646312645,0.00898966498168981
2016-12-16 00:00:00-05:00,70.51700526718334,70.56721751740272,70.50864187903491,70.53374481201172,937900,0.0,0.0,0.0,0.00047464383585804626,0.00047453122810356256,0.013879026537004952,0.009293100610976598
2016-12-19 00:00:00-05:00,70.55046016642774,70.5839328633706,70.55046016642774,70.56719970703125,1258800,0.0,0.0,0.0,0.00047431048937918163,0.00047419803971497914,0.01548157026849503,0.009406255616517275
2016-12-20 00:00:00-05:00,70.53374069113137,70.58394655415175,70.52537091920618,70.57557678222656,1089800,0.0,0.0,0.0,0.0001187106081874667,0.00011870356264080049,0.01575346572811695,0.009439833718283643
2016-12-21 00:00:00-05:00,70.58397451215993,70.60907745361328,70.5756047369195,70.60907745361328,1657900,0.0,0.0,0.0,0.00047467796813172036,0.00047456534418366733,0.006577149882211504,0.009633690916126673
2016-12-22 00:00:00-05:00,70.60149634555083,70.62661743164062,70.59312690944259,70.62661743164062,1388100,0.061,0.0,0.0,0.00024840967563788396,0.0002483788270630259,0.0026326927469399663,0.009478194792421343
2016-12-23 00:00:00-05:00,70.62661743164062,70.62661743164062,70.6098721705416,70.62661743164062,1058500,0.0,0.0,0.0,0.0,0.0,0.003364316715271246,0.009470625811207577
2016-12-27 00:00:00-05:00,70.58474856495664,70.60149382545794,70.57637274026483,70.59312438964844,893600,0.0,0.0,0.0,-0.0004742269021251744,-0.0004743393832649847,0.0056068042894619734,0.00932506347933777
2016-12-28 00:00:00-05:00,70.59314215311454,70.63500850934385,70.5763904995157,70.6182632446289,1312300,0.0,0.0,0.0,0.0003561091139940853,0.00035604572219270276,0.0059689716473507685,0.009424488540921625
2016-12-29 00:00:00-05:00,70.64340709277874,70.69364929199219,70.63503126328118,70.69364929199219,1274800,0.0,0.0,0.0,0.0010675148877867802,0.0010669454989536333,0.00893091701804545,0.01014382601589535
2016-12-30 00:00:00-05:00,70.70196659677934,70.72708767559168,70.69359077421501,70.71871185302734,1214600,0.0,0.0,0.0,0.00035452351499976054,0.00035446068638745834,0.008969230472845481,0.010036635157140103
2017-01-03 00:00:00-05:00,70.65175629496456,70.68525321144449,70.63500464228282,70.66012573242188,4196100,0.0,0.0,0.0,-0.0008284387408982186,-0.0008287820859118999,0.011927223458181573,0.009768155137379142
2017-01-04 00:00:00-05:00,70.63498426388851,70.6768569946289,70.63498426388851,70.6768569946289,2182500,0.0,0.0,0.0,0.00023678506135671462,0.0002367570321985771,0.010804328852712437,0.009815354177985876
2017-01-05 00:00:00-05:00,70.68526834169107,70.7522558001061,70.67689251355735,70.72713470458984,1614200,0.0,0.0,0.0,0.0007113744455948812,0.0007111215387278391,0.011331947713184362,0.010114100166862273
2017-01-06 00:00:00-05:00,70.68528498540715,70.70203025673256,70.6601574950894,70.66853332519531,919000,0.0,0.0,0.0,-0.0008285558242857594,-0.0008288992663831428,0.011324199707149013,0.01046739221220232
2017-01-09 00:00:00-05:00,70.70201360907359,70.72713470458984,70.69363778093987,70.72713470458984,1014100,0.0,0.0,0.0,0.0008292428983189826,0.0008288992663832162,0.012846784341991564,0.010898322979626004
2017-01-10 00:00:00-05:00,70.71038693623592,70.72713220302617,70.70201110839844,70.70201110839844,1125800,0.0,0.0,0.0,-0.00035521863421072997,-0.0003552817392942854,0.01120241748964186,0.0109684300191802
2017-01-11 00:00:00-05:00,70.73552703857422,70.76064813995238,70.69365427701969,70.73552703857422,1166800,0.0,0.0,0.0,0.0004740449338052066,0.0004739326100018581,0.011483059023997442,0.011006322266522352
2017-01-12 00:00:00-05:00,70.7606201171875,70.76899594395867,70.72712319898666,70.7606201171875,820900,0.0,0.0,0.0,0.0003547450575944744,0.00035468215044342474,0.010666403206374997,0.011042709267850595
2017-01-13 00:00:00-05:00,70.72713470458984,70.72713470458984,70.66851668542363,70.72713470458984,1436300,0.0,0.0,0.0,-0.00047322101674918127,-0.0004733330211511463,0.00887653261017255,0.008572723478673095
2017-01-17 00:00:00-05:00,70.78571957421126,70.80247122263377,70.76059849045943,70.77734375,1326600,0.0,0.0,0.0,0.000709897914285218,0.0007096460559496208,0.008338823211131519,0.00848261591578097
2017-01-18 00:00:00-05:00,70.75224691183853,70.77736800419893,70.6936289000362,70.71038055419922,996100,0.0,0.0,0.0,-0.0009461106090291604,-0.000946558454167726,0.011142536151609267,0.009321861558825058
2017-01-19 00:00:00-05:00,70.66849767685173,70.7103704173724,70.66849767685173,70.68524932861328,963500,0.0,0.0,0.0,-0.0003554106962651016,-0.00035547386961537773,0.010572741230184667,0.009374876867898537
2017-01-20 00:00:00-05:00,70.69363778093987,70.76063162823982,70.69363778093987,70.72713470458984,1134400,0.0,0.0,0.0,0.0005925617632307478,0.0005923862678336119,0.011380634117995388,0.009547616795283995
2017-01-23 00:00:00-05:00,70.77733099619763,70.81920372082668,70.75220991697252,70.79408264160156,1546900,0.0,0.0,0.0,0.0009465665093226772,0.0009461187977479719,0.012781102477670959,0.009927723156970178
2017-01-24 00:00:00-05:00,70.78573232659537,70.78573232659537,70.74386597576054,70.75223541259766,5300100,0.0,0.0,0.0,-0.0005911119608084103,-0.0005912867363615228,0.012781147445068497,0.010238463738842482
2017-01-25 00:00:00-05:00,70.74390286866242,70.74390286866242,70.71040593719606,70.73552703857422,1454500,0.0,0.0,0.0,-0.0002361533020971418,-0.0002361811906789277,0.010509608937632395,0.010299838721121023
2017-01-26 00:00:00-05:00,70.72710668777066,70.76060359815163,70.71036142702135,70.74385833740234,1658000,0.0,0.0,0.0,0.00011778096773884528,0.00011777403210524961,0.00981305871510118,0.010091701013833247
2017-01-27 00:00:00-05:00,70.75222266624817,70.78571957421126,70.75222266624817,70.77734375,1184700,0.0,0.0,0.0,0.00047333313993069837,0.00047322115313666704,0.009518579527755904,0.010138572875198081
2017-01-30 00:00:00-05:00,70.77734375,70.79409539842251,70.76059849045943,70.77734375,1381300,0.0,0.0,0.0,0.0,0.0,0.006309716888496334,0.009492732089423974
2017-01-31 00:00:00-05:00,70.76896156237645,70.81920372082668,70.76896156237645,70.79408264160156,1207800,0.0,0.0,0.0,0.00023650070368130827,0.0002364727417984705,0.004197390984138854,0.009453217066588032
2017-02-01 00:00:00-05:00,70.72795241081779,70.80336120630791,70.7028097529115,70.76984405517578,2079600,0.051,0.0,0.0,-0.0003423815313561285,-0.000342440157294643,0.004788631842328216,0.008998325990873579
2017-02-02 00:00:00-05:00,70.78657790265592,70.81171415790334,70.77819701999331,70.79495239257812,1341800,0.0,0.0,0.0,0.0003547886495660624,0.00035472572695551067,0.00513627142256352,0.009035661957179062
2017-02-03 00:00:00-05:00,70.82011658550252,70.84525924340882,70.76984405517578,70.76984405517578,1433300,0.0,0.0,0.0,-0.0003546628192234724,-0.0003547257269556043,0.005159713084011659,0.008843697994316013
2017-02-06 00:00:00-05:00,70.82846070990674,70.86197784364272,70.82007982828783,70.84522247314453,1663400,0.0,0.0,0.0,0.0010651205887917126,0.0010645537503225556,0.009308012638627437,0.008958284387168551
2017-02-07 00:00:00-05:00,70.85358168126635,70.8703434408892,70.82844543457031,70.82844543457031,730000,0.0,0.0,0.0,-0.00023681256108099014,-0.00023684060560315046,0.009760558664541497,0.008640366138793668
2017-02-08 00:00:00-05:00,70.86198304690838,70.89550018310547,70.84522767517987,70.89550018310547,1197000,0.0,0.0,0.0,0.0009467206024886821,0.0009462727451806318,0.010374048541508807,0.009014940196247712
2017-02-09 00:00:00-05:00,70.8703396344729,70.8787141210963,70.82006075104304,70.83682250976562,1149800,0.0,0.0,0.0,-0.000827664283181484,-0.0008280069863728201,0.013346385260286484,0.009538060638543133
2017-02-10 00:00:00-05:00,70.81169006768569,70.84520719419315,70.81169006768569,70.82844543457031,968400,0.0,0.0,0.0,-0.00011825876568871685,-0.00011826575880788516,0.012916943866513465,0.009499608263732187
2017-02-13 00:00:00-05:00,70.80332566120741,70.82008103199038,70.79494477944606,70.81170654296875,666000,0.0,0.0,0.0,-0.0002363300718921657,-0.00023635800224421405,0.01023445206216038,0.009363434081016486
2017-02-14 00:00:00-05:00,70.79492306885123,70.81168482723362,70.74465057917959,70.76140594482422,781100,0.0,0.0,0.0,-0.0007103429729378163,-0.0007105953860477485,0.011159666557601674,0.00941286348980032
2017-02-15 00:00:00-05:00,70.71957274551619,70.75308989722684,70.71119185940276,70.736328125,963900,0.0,0.0,0.0,-0.0003543996828409002,-0.00035446249724987517,0.004862197949714804,0.00885085228457051
2017-02-16 00:00:00-05:00,70.76146316920702,70.80336120630791,70.7447077900124,70.76984405517578,1933700,0.0,0.0,0.0,0.0004738149556837712,0.00047370274082231023,0.006854238695567814,0.008875643994096644
2017-02-17 00:00:00-05:00,70.82844160933927,70.83682248869806,70.80330536400075,70.82006072998047,986600,0.0,0.0,0.0,0.0007095772991323468,0.0007093256681879927,0.009429207105350425,0.008977905926009581
2017-02-21 00:00:00-05:00,70.81169006768569,70.82844543457031,70.79492830806285,70.82844543457031,840400,0.0,0.0,0.0,0.00011839448460526647,0.0001183874765314134,0.009259636309599004,0.008360373650770919
2017-02-22 00:00:00-05:00,70.84522247314453,70.86197784364272,70.79494357617074,70.84522247314453,695300,0.0,0.0,0.0,0.00023686865455374573,0.0002368406056031814,0.0063658131726605964,0.008063202709966754
2017-02-23 00:00:00-05:00,70.86197540400444,70.88711165525613,70.86197540400444,70.87873077392578,1517100,0.0,0.0,0.0,0.0004729789760198333,0.0004728671567213504,0.0036588856408245624,0.008103797804398355
2017-02-24 00:00:00-05:00,70.9039332436008,70.94582490012021,70.9039332436008,70.91230773925781,587700,0.0,0.0,0.0,0.0004737241336774112,0.00047361196182427477,0.0036587739024564335,0.008211210220795809
2017-02-27 00:00:00-05:00,70.92067200132206,70.92067200132206,70.84526320161876,70.8536376953125,1030700,0.0,0.0,0.0,-0.0008273605219708546,-0.0008277029735878405,0.008540289727781543,0.00874739720160435
2017-02-28 00:00:00-05:00,70.86195873403656,70.88709497937508,70.82006072998047,70.82006072998047,1043500,0.0,0.0,0.0,-0.0004738919048365986,-0.00047400422709247366,0.009426837110102825,0.008945701229555767
2017-03-01 00:00:00-05:00,70.7396029239484,70.76475524902344,70.73121668331427,70.76475524902344,1541500,0.054,0.0,0.0,-0.0007809295895395696,-0.000781234673894753,0.010376912116669912,0.009354361325065732
2017-03-02 00:00:00-05:00,70.72284673994164,70.73123298250829,70.67254207819944,70.6893081665039,930300,0.0,0.0,0.0,-0.0010661675046289565,-0.0010667362655017649,0.009555588459514782,0.010014175400353185
2017-03-03 00:00:00-05:00,70.69768370499216,70.73122227335195,70.68091761922618,70.70606994628906,1569200,0.0,0.0,0.0,0.00023711902436041044,0.0002370909160878033,0.00800379074699265,0.009958596475755093
2017-03-06 00:00:00-05:00,70.71441497132852,70.73118744566366,70.70603513098565,70.7228012084961,684600,0.0,0.0,0.0,0.00023663120040096075,0.00023660320765434356,0.009394501191197892,0.009949793763926703
2017-03-07 00:00:00-05:00,70.70604096198025,70.71442080301419,70.68088864522798,70.6976547241211,652600,0.0,0.0,0.0,-0.0003555640323248399,-0.00035562726020353197,0.009349071455718602,0.009112848570032004
2017-03-08 00:00:00-05:00,70.63896942138672,70.67250797864207,70.63058318286646,70.63896942138672,862700,0.0,0.0,0.0,-0.0008300883949174942,-0.0008304331090645262,0.009498538850970904,0.00946401328745477
2017-03-09 00:00:00-05:00,70.6473724566142,70.65575230030109,70.62222013189904,70.63059997558594,862900,0.0,0.0,0.0,-0.00011848199187125541,-0.00011848901141691961,0.0071162369927012924,0.008563545563439972
2017-03-10 00:00:00-05:00,70.64737880095578,70.67253112792969,70.63899255968853,70.67253112792969,784400,0.0,0.0,0.0,0.0005936683584486513,0.0005934922071022788,0.008669585490298146,0.008639130540010642
2017-03-13 00:00:00-04:00,70.6641217401218,70.67250797864207,70.63896942138672,70.63896942138672,884100,0.0,0.0,0.0,-0.0004748903995276388,-0.0004750031956853757,0.008424188413972605,0.00873263675517126
2017-03-14 00:00:00-04:00,70.63059997558594,70.67252478132936,70.63059997558594,70.63059997558594,966000,0.0,0.0,0.0,-0.00011848199187125541,-0.00011848901141691961,0.008382134167713851,0.008724297525988405
2017-03-15 00:00:00-04:00,70.64737346745503,70.77314148965756,70.63060098618678,70.76475524902344,1102800,0.0,0.0,0.0,0.0018993930886028743,0.0018975915224445133,0.015016297203548641,0.011027568044893785
2017-03-16 00:00:00-04:00,70.72282563215354,70.75636419558143,70.71443939208984,70.71443939208984,925700,0.0,0.0,0.0,-0.0007110299012061949,-0.0007112828028539279,0.01669217240608847,0.011251088677526775
2017-03-17 00:00:00-04:00,70.74797821044922,70.77313693073097,70.73121212708831,70.74797821044922,657800,0.0,0.0,0.0,0.0004742852895065486,0.00047417285178892626,0.016552729208437363,0.011251359949954383
2017-03-20 00:00:00-04:00,70.76475703708239,70.78990936279297,70.74798455539033,70.78990936279297,778000,0.0,0.0,0.0,0.0005926834010581139,0.0005925078336183488,0.01545277603013128,0.01115875744209464
2017-03-21 00:00:00-04:00,70.78153099847887,70.83184205232612,70.77315115352783,70.82345581054688,739000,0.0,0.0,0.0,0.00047388742344600665,0.0004737751742618742,0.01468782238363023,0.011288277611057673
2017-03-22 00:00:00-04:00,70.85698244166987,70.87374852557512,70.8402099609375,70.8402099609375,1028600,0.0,0.0,0.0,0.0002365621699602638,0.0002365341935421568,0.008455607629667466,0.011288191183826953
2017-03-23 00:00:00-04:00,70.85698244166987,70.87374852557512,70.81505763666607,70.8402099609375,868200,0.0,0.0,0.0,0.0,0.0,0.003764199885439559,0.011147485939013227
2017-03-24 00:00:00-04:00,70.83183011739844,70.86536228520893,70.82344387703225,70.8402099609375,1119700,0.0,0.0,0.0,0.0,0.0,0.004290329471220904,0.010991021769327333
2017-03-27 00:00:00-04:00,70.88212129346242,70.90727361295319,70.85696897397166,70.86534881591797,943400,0.0,0.0,0.0,0.0003548670309465596,0.00035480408053397685,0.0033626395068532783,0.010679644648090778
2017-03-28 00:00:00-04:00,70.88211463181239,70.89050086979645,70.81503752159045,70.8318099975586,782600,0.0,0.0,0.0,-0.0004732752878490176,-0.00047338731794684087,0.005039310568867773,0.010679275474981492
2017-03-29 00:00:00-04:00,70.84856594818763,70.87371826171875,70.84856594818763,70.87371826171875,1043900,0.0,0.0,0.0,0.0005916588064260875,0.0005914838453625779,0.006424701017914958,0.010442320806945803
2017-03-30 00:00:00-04:00,70.84858550162298,70.87373782209586,70.84019926252329,70.85697174072266,576900,0.0,0.0,0.0,-0.00023628675631570673,-0.00023631467642950052,0.006848986990923176,0.009620360267210535
2017-03-31 00:00:00-04:00,70.8737350546902,70.89888737418096,70.86534881591797,70.86534881591797,949900,0.0,0.0,0.0,0.00011822513705439519,0.00011821814901364872,0.006848875300953789,0.009610190347784446
2017-04-03 00:00:00-04:00,70.88045458065082,70.93079376220703,70.88045458065082,70.93079376220703,2146600,0.058,0.0,0.0,0.0009235112418490843,0.0009230850677063984,0.009140042521472559,0.010027900217136133
2017-04-04 00:00:00-04:00,70.91402524638164,70.91402524638164,70.88885565010962,70.9056396484375,927100,0.0,0.0,0.0,-0.00035462896205362693,-0.0003546918577741928,0.00862626798824036,0.01002727916242566
2017-04-05 00:00:00-04:00,70.89724764927355,70.93080924470954,70.87207805300153,70.9056396484375,1177000,0.0,0.0,0.0,0.0,0.0,0.0079681312073444,0.00936546244365262
2017-04-06 00:00:00-04:00,70.89721658419015,70.9223861694336,70.88882458870333,70.9223861694336,500800,0.0,0.0,0.0,0.00023618038112527273,0.00023615249492975362,0.0074369189118309266,0.009295587512744119
2017-04-07 00:00:00-04:00,70.9056390908092,70.93080868688328,70.83012390136719,70.83012390136719,504000,0.0,0.0,0.0,-0.0013008906362229622,-0.001301737529002938,0.012987936143391015,0.010590900585459856
2017-04-10 00:00:00-04:00,70.855285980308,70.88884757191943,70.84690038331944,70.86367797851562,605700,0.0,0.0,0.0,0.00047372608291862406,0.0004736139101425204,0.010996574447689594,0.010428222914838293
2017-04-11 00:00:00-04:00,70.89723217409676,70.95596335298514,70.89723217409676,70.93079376220703,560800,0.0,0.0,0.0,0.0009471112085341904,0.0009466629817049683,0.01338591077533063,0.010733641880936375
2017-04-12 00:00:00-04:00,70.94760904835614,70.98117065429688,70.92243944420605,70.98117065429688,576200,0.0,0.0,0.0,0.0007102259740492389,0.0007099738829361743,0.014079473337211058,0.008933694006529354
2017-04-13 00:00:00-04:00,70.9727482534999,71.01470184326172,70.96436265652278,71.01470184326172,969900,0.0,0.0,0.0,0.00047239554737910083,0.00047228400372960875,0.014203014997846508,0.008386810086453273
2017-04-17 00:00:00-04:00,71.00631713867188,71.02310113678824,70.98953954177523,71.00631713867188,727700,0.0,0.0,0.0,-0.000118069982302349,-0.00011807695311141036,0.006287605423768463,0.008404678993764143
2017-04-18 00:00:00-04:00,71.0231238996615,71.06507110595703,71.0231238996615,71.06507110595703,905300,0.0,0.0,0.0,0.000827447044893459,0.0008271048993126322,0.0066932202906543285,0.008595819118157374
2017-04-19 00:00:00-04:00,71.03990262946773,71.05668663322976,71.02312502692757,71.0315170288086,968300,0.0,0.0,0.0,-0.00047215990396198837,-0.00047227140654885824,0.00885967583143828,0.008839947957377529
2017-04-20 00:00:00-04:00,71.01469455051719,71.0398641413019,71.0063025531828,71.02308654785156,668300,0.0,0.0,0.0,-0.0001186864832636303,-0.00011869352706162629,0.00828274176049772,0.008881961166185125
2017-04-21 00:00:00-04:00,71.0398947700675,71.06506437170407,71.0315091703361,71.05667877197266,589800,0.0,0.0,0.0,0.0004729761230308771,0.000472864305081156,0.00828430681710189,0.008949224173111654
2017-04-24 00:00:00-04:00,70.97277865250624,70.99795465787814,70.95600105014678,70.98117065429688,1001600,0.0,0.0,0.0,-0.0010626463125035235,-0.0010632113214014756,0.011905039647880934,0.00993083741170638
2017-04-25 00:00:00-04:00,70.94759358104582,70.95598558100691,70.91403198242188,70.91403198242188,905900,0.0,0.0,0.0,-0.0009458659424199656,-0.0009463135558876294,0.009977942446524604,0.010541885687115417
2017-04-26 00:00:00-04:00,70.93919372558594,70.95597132091589,70.91401773076231,70.93919372558594,594300,0.0,0.0,0.0,0.0003548203713801268,0.00035475743751852426,0.011364087524528638,0.01042193407836562
2017-04-27 00:00:00-04:00,70.94760961200805,70.99795522193001,70.94760961200805,70.96439361572266,785200,0.0,0.0,0.0,0.0003552322603805891,0.00035516918033944977,0.012202192280199904,0.010299842292935051
2017-04-28 00:00:00-04:00,70.95597121459677,70.9979248046875,70.9475792163348,70.9979248046875,1708200,0.0,0.0,0.0,0.0004725072287155019,0.000472395632326924,0.012200647923178033,0.010332884036280177
2017-05-01 00:00:00-04:00,70.96603917069568,70.99123363424445,70.94085111306187,70.94924926757812,2918600,0.062,0.0,0.0,-0.0006855909837263363,-0.0006858261086973353,0.010648192829137475,0.01070102097920608
2017-05-02 00:00:00-04:00,70.9492077090732,70.99119205114721,70.9492077090732,70.97439575195312,982500,0.0,0.0,0.0,0.00035442918190953243,0.0003543663867242305,0.00763805475000148,0.01027364530411731
2017-05-03 00:00:00-04:00,70.97438731023684,70.97438731023684,70.92401123046875,70.92401123046875,923400,0.0,0.0,0.0,-0.0007098971530586917,-0.0007101492493580097,0.00952457577491,0.010524806524873462
2017-05-04 00:00:00-04:00,70.90725888965274,70.93245335106562,70.89886714176286,70.91565704345703,817400,0.0,0.0,0.0,-0.00011779067295802914,-0.00011779761082416306,0.008847576731735357,0.010535060458790716
2017-05-05 00:00:00-04:00,70.91565362052201,70.94084167480469,70.90725546712306,70.94084167480469,615200,0.0,0.0,0.0,0.0003551349927171099,0.0003550719472115856,0.008363971758402837,0.010577716819032398
2017-05-08 00:00:00-04:00,70.92401523124926,70.92401523124926,70.89042904087248,70.90721893310547,633500,0.0,0.0,0.0,-0.00047395464876698323,-0.00047406700077276656,0.007630055350644177,0.009574888841680564
2017-05-09 00:00:00-04:00,70.88201845067255,70.89881474586828,70.86522856138652,70.87362670898438,802100,0.0,0.0,0.0,-0.00047374900082863824,-0.0004738612553415736,0.006591242590864582,0.009615347113795573
2017-05-10 00:00:00-04:00,70.90725468341303,70.90725468341303,70.87367488201666,70.89046478271484,665700,0.0,0.0,0.0,0.00023757883591324358,0.00023755061853075342,0.0061522988751516045,0.00900598361315893
2017-05-11 00:00:00-04:00,70.85690325903519,70.91567754082443,70.85690325903519,70.89888763427734,545700,0.0,0.0,0.0,0.00011881501395594185,0.00011880795601122551,0.006322943177305755,0.008598203683574486
2017-05-12 00:00:00-04:00,70.94922477356609,70.99120912573804,70.94922477356609,70.9828109741211,470500,0.0,0.0,0.0,0.0011837046058700285,0.0011830045799345419,0.010797589213700009,0.009503113691002804
2017-05-15 00:00:00-04:00,70.95760585867025,70.98279390155017,70.95760585867025,70.97439575195312,751400,0.0,0.0,0.0,-0.00011855295743412597,-0.00011855998539144639,0.00981959443161716,0.009503178409118004
2017-05-16 00:00:00-04:00,70.96599760235608,70.99119205114721,70.9492077090732,70.97439575195312,611900,0.0,0.0,0.0,0.0,0.0,0.008254796704194028,0.00896023161263335
2017-05-17 00:00:00-04:00,71.02474757641659,71.0667319041492,71.0163558355973,71.04994201660156,663200,0.0,0.0,0.0,0.0010644157494832385,0.001063849660706293,0.009885831767450802,0.009663635242677607
2017-05-18 00:00:00-04:00,71.05001230065419,71.05001230065419,71.01642608642578,71.01642608642578,829100,0.0,0.0,0.0,-0.000471723540153679,-0.00047183483670502495,0.011828974864370479,0.009807691458251604
2017-05-19 00:00:00-04:00,71.04160127851486,71.04160127851486,70.99961691685475,71.033203125,503800,0.0,0.0,0.0,0.0002362416626513486,0.00023621376198387602,0.00913453689936934,0.009690124012543594
2017-05-22 00:00:00-04:00,71.01640901727522,71.0248007643788,71.00801086425781,71.00801086425781,478000,0.0,0.0,0.0,-0.00035465471967888185,-0.00035471762453742004,0.009695497615120353,0.00897576211177468
2017-05-23 00:00:00-04:00,71.0163971746761,71.03318707199722,70.95762292518303,70.9828109741211,1060200,0.0,0.0,0.0,-0.00035488798841154523,-0.00035495097605651787,0.010227017598839988,0.008356935169095952
2017-05-24 00:00:00-04:00,70.9912157344583,71.02479553222656,70.96602127726207,71.02479553222656,1055200,0.0,0.0,0.0,0.0005914749997824043,0.0005913001473885363,0.0073388567935281325,0.00851271581465395
2017-05-25 00:00:00-04:00,71.00800563334242,71.0331936846253,71.00800563334242,71.02479553222656,644300,0.0,0.0,0.0,0.0,0.0,0.006421749753002278,0.008442657401762503
2017-05-26 00:00:00-04:00,71.02481783554636,71.0332159905823,71.00802793138983,71.01642608642578,482100,0.0,0.0,0.0,-0.00011783836529288827,-0.00011784530877853374,0.006170282937699403,0.00830292859486004
2017-05-30 00:00:00-04:00,71.03322019163535,71.04161834716797,71.02482203610272,71.04161834716797,486600,0.0,0.0,0.0,0.0003547385038995543,0.00035467559907254964,0.005996044703442354,0.00795566929519871
2017-05-31 00:00:00-04:00,71.04994201660156,71.05833375742087,71.03314572314491,71.04994201660156,1043200,0.0,0.0,0.0,0.00011716610104395286,0.00011715923763243682,0.0045213528096650435,0.007885523892010074
2017-06-01 00:00:00-04:00,71.00293317457262,71.03654479980469,71.00293317457262,71.03654479980469,1191800,0.064,0.0,0.0,-0.00018856055918725634,-0.00018857833896457514,0.0034003499715717,0.007419673279789862
2017-06-02 00:00:00-04:00,71.06172984228007,71.0869369506836,71.05332533589223,71.0869369506836,1068700,0.0,0.0,0.0,0.0007093834732661009,0.0007091319797399017,0.005828057930475557,0.007703663864730283
2017-06-05 00:00:00-04:00,71.04493859309846,71.04493859309846,71.02812957763672,71.02812957763672,661500,0.0,0.0,0.0,-0.0008272599097590705,-0.0008276022780696255,0.009246919058398636,0.00834327016246123
2017-06-06 00:00:00-04:00,71.06176449583789,71.07016900632424,71.04496188562837,71.05335998535156,688000,0.0,0.0,0.0,0.00035521712122887905,0.0003551540465636306,0.00924796846180731,0.008154333536783319
2017-06-07 00:00:00-04:00,71.02812957763672,71.04493859309846,71.01972506990586,71.02812957763672,765900,0.0,0.0,0.0,-0.0003550909868308416,-0.00035515404656370953,0.0095795864938809,0.008053258372311632
2017-06-08 00:00:00-04:00,71.01136016845703,71.0281627810124,71.00295565679733,71.01136016845703,2621000,0.0,0.0,0.0,-0.00023609532278834333,-0.00023612319767657143,0.009625216742634954,0.008128132068696134
2017-06-09 00:00:00-04:00,70.98614501953125,71.01135214089676,70.97774050882164,70.98614501953125,1255200,0.0,0.0,0.0,-0.00035508612799362016,-0.0003551491860005577,0.0067168648031638006,0.008274978268763906
2017-06-12 00:00:00-04:00,70.9693176594309,71.00292928282067,70.9693176594309,70.97772216796875,804700,0.0,0.0,0.0,-0.00011865486652617996,-0.00011866190657175108,0.004678519653744804,0.007147204493903017
2017-06-13 00:00:00-04:00,70.96091315089303,70.98612667650661,70.96091315089303,70.97772216796875,533300,0.0,0.0,0.0,0.0,0.0,0.0024487645750190536,0.007134267350436819
2017-06-14 00:00:00-04:00,71.05336990522748,71.08698154110226,70.99455114513762,71.01136016845703,788800,0.0,0.0,0.0,0.0004739233587782721,0.0004738110925722587,0.005078468828666809,0.007327831044007972
2017-06-15 00:00:00-04:00,70.99454311947754,70.99454311947754,70.97774050882164,70.98614501953125,627600,0.0,0.0,0.0,-0.00035508612799362016,-0.0003551491860005577,0.005416344558898759,0.006323793002385163
2017-06-16 00:00:00-04:00,71.00294226366094,71.03655389319563,71.00294226366094,71.01974487304688,685600,0.0,0.0,0.0,0.00047332973929470334,0.00047321775410953844,0.005854050518553538,0.00636728223595815
2017-06-19 00:00:00-04:00,70.98612667650661,70.99452477428281,70.96091315089303,70.97772216796875,617700,0.0,0.0,0.0,-0.000591704534467774,-0.0005918796606812194,0.0076331657989992955,0.006636572086743845
2017-06-20 00:00:00-04:00,70.96093148740242,70.99454311947754,70.96093148740242,70.98614501953125,751400,0.0,0.0,0.0,0.00011866894717416088,0.00011866190657164425,0.00767942615693156,0.0065500781297043575
2017-06-21 00:00:00-04:00,70.96929972745473,71.01131584876605,70.96929972745473,70.9945068359375,1073600,0.0,0.0,0.0,0.00011779504865283563,0.00011778811136087249,0.0067207778001474715,0.00643902337153273
2017-06-22 00:00:00-04:00,71.01974755630982,71.03655657709366,71.00294494628906,71.00294494628906,542000,0.0,0.0,0.0,0.00011885582036730291,0.00011884875757391584,0.006173792895296263,0.006079843414488064
2017-06-23 00:00:00-04:00,71.02815100144092,71.04496002197266,71.01134839167214,71.04496002197266,679000,0.0,0.0,0.0,0.0005917370852064341,0.0005915620778529206,0.0067213905048588585,0.006451109471984717
2017-06-26 00:00:00-04:00,71.01974649117504,71.04496002197266,71.01974649117504,71.04496002197266,1068500,0.0,0.0,0.0,0.0,0.0,0.003661940696453149,0.006432637316472073
2017-06-27 00:00:00-04:00,71.00294494628906,71.01134945668097,70.98614233626829,71.00294494628906,1192500,0.0,0.0,0.0,-0.0005913871395043513,-0.0005915620778529967,0.006719343854214787,0.006652883837070181
2017-06-28 00:00:00-04:00,71.01973578180765,71.03654479980469,71.01133768357114,71.03654479980469,4031800,0.0,0.0,0.0,0.00047321774527864235,0.0004731058130722311,0.007393841292983143,0.006871765183988573
2017-06-29 00:00:00-04:00,70.98610874028327,71.01131584876605,70.98610874028327,70.9945068359375,565400,0.0,0.0,0.0,-0.0005917794001053522,-0.0005919545706461676,0.008949177667963442,0.0071544854261195055
2017-06-30 00:00:00-04:00,71.01971394442029,71.01971394442029,70.977704233869,70.9945068359375,825000,0.0,0.0,0.0,0.0,0.0,0.007200936366891395,0.006604806303825713
2017-07-03 00:00:00-04:00,70.99199781555039,70.99199781555039,70.93313240107709,70.94154357910156,968100,0.067,0.0,0.0,-0.0007460190822696777,-0.0007462974929803132,0.008158217644452353,0.006485667065711213
2017-07-05 00:00:00-04:00,70.94152398737529,70.98357345003596,70.93311281167372,70.96675109863281,3032900,0.0,0.0,0.0,0.0003553280385439894,0.0003552649244868551,0.008713184329146275,0.006485761464696817
2017-07-06 00:00:00-04:00,70.9667668172341,70.98358917236328,70.94995087795357,70.98358917236328,652900,0.0,0.0,0.0,0.00023726707887572474,0.00023723893549394294,0.00785040318776071,0.006470215101263995
2017-07-07 00:00:00-04:00,70.98356223638453,71.00037816928396,70.95832871326608,70.97515106201172,783100,0.0,0.0,0.0,-0.00011887410104149954,-0.00011888116712743737,0.0068204983185978065,0.006434280787680037
2017-07-10 00:00:00-04:00,71.00044654457777,71.00885772705078,70.99203536210476,71.00885772705078,402500,0.0,0.0,0.0,0.00047490797180005373,0.00047479523869970065,0.007819531174565937,0.006543844877585112
2017-07-11 00:00:00-04:00,70.99200051192253,71.03404998779297,70.99200051192253,71.03404998779297,1615500,0.0,0.0,0.0,0.00035477631310487645,0.0003547133948695328,0.0036226888796766347,0.006629783361329897
2017-07-12 00:00:00-04:00,71.06771087646484,71.08452682264897,71.04248374926303,71.06771087646484,1069900,0.0,0.0,0.0,0.0004738697663677627,0.00047375752554697844,0.003904583754508802,0.00680321677845376
2017-07-13 00:00:00-04:00,71.0424611661369,71.05927710697554,71.02563880944903,71.03404998779297,532200,0.0,0.0,0.0,-0.00047364532017057925,-0.00047375752554700543,0.006703635989983729,0.0068760056427813404
2017-07-14 00:00:00-04:00,71.09293800366667,71.10134918468437,71.05929969544715,71.06771087646484,1362300,0.0,0.0,0.0,0.0004738697663677627,0.00047375752554697844,0.0065686765663000085,0.006912056053513083
2017-07-17 00:00:00-04:00,71.0592872672062,71.0845143899958,71.0508760876596,71.07610321044922,496700,0.0,0.0,0.0,0.00011808926840162215,0.00011808229641283897,0.006319518452330787,0.006741530321857693
2017-07-18 00:00:00-04:00,71.07611129377881,71.09293365478516,71.07611129377881,71.09293365478516,625500,0.0,0.0,0.0,0.00023679469717285961,0.0002367666657335985,0.006178941085203946,0.0063418878963394446
2017-07-19 00:00:00-04:00,71.08452247428198,71.09293365478516,71.07611129377881,71.09293365478516,919000,0.0,0.0,0.0,0.0,0.0,0.00557695236391879,0.006346569913065042
2017-07-20 00:00:00-04:00,71.10134483528833,71.10974959994063,71.08452247428198,71.09293365478516,1083200,0.0,0.0,0.0,0.0,0.0,0.0031470266943047567,0.006349867185719892
2017-07-21 00:00:00-04:00,71.10134452972322,71.12657165527344,71.10134452972322,71.12657165527344,589600,0.0,0.0,0.0,0.000473155330058761,0.000473043427372423,0.003142620909600795,0.006509050044309446
2017-07-24 00:00:00-04:00,71.09292243898786,71.1097383814904,71.09292243898786,71.10133361816406,441000,0.0,0.0,0.0,-0.0003548327512774563,-0.0003548957193140008,0.004896921092498004,0.006401988444789521
2017-07-25 00:00:00-04:00,71.06771446513385,71.07611923072467,71.04248733665814,71.0593032836914,571600,0.0,0.0,0.0,-0.0005911328569218055,-0.0005913076448343848,0.006421382608009901,0.00678317574520922
2017-07-26 00:00:00-04:00,71.05929458955372,71.11816002074535,71.05929458955372,71.10974884033203,493400,0.0,0.0,0.0,0.0007099078418941751,0.0007096559765159393,0.008665599973719428,0.006825150280562711
2017-07-27 00:00:00-04:00,71.09293365478516,71.10974959994063,71.08452247428198,71.09293365478516,475400,0.0,0.0,0.0,-0.00023646807675603565,-0.00023649603974002024,0.008906385948008381,0.006740678029799184
2017-07-28 00:00:00-04:00,71.10972161473823,71.13494873046875,71.10131685339363,71.13494873046875,709100,0.0,0.0,0.0,0.0005909880704544346,0.0005908135057784327,0.009329872713966498,0.00657640766479949
2017-07-31 00:00:00-04:00,71.1097492943394,71.13497641988961,71.1097492943394,71.12657165527344,876400,0.0,0.0,0.0,-0.00011776314378253439,-0.0001177700784059852,0.008864099858455158,0.006613079447260939
2017-08-01 00:00:00-04:00,71.11057174408157,71.15265655517578,71.11057174408157,71.15265655517578,1314500,0.071,0.0,0.0,0.0003667391706825285,0.0003666719383101994,0.006699874696208622,0.00587950373289438
2017-08-02 00:00:00-04:00,71.11055453389073,71.14422109036998,71.11055453389073,71.11897277832031,994200,0.0,0.0,0.0,-0.0004734015353221599,-0.0004735136252060606,0.006984214872347221,0.006219219749256629
2017-08-03 00:00:00-04:00,71.14422607421875,71.16106256425735,71.12739600541967,71.14422607421875,1149200,0.0,0.0,0.0,0.00035508521723381925,0.0003550221893977974,0.006844804029485177,0.006265784375300313
2017-08-04 00:00:00-04:00,71.1358028459404,71.14422109036998,71.11897277832031,71.11897277832031,617200,0.0,0.0,0.0,-0.0003549591764775428,-0.00035502218939780964,0.0062219883446236815,0.006435454937550661
2017-08-07 00:00:00-04:00,71.12739600541967,71.14422607421875,71.11897776040036,71.14422607421875,712300,0.0,0.0,0.0,0.00035508521723381925,0.0003550221893977974,0.006755616687904373,0.006356766865640052
2017-08-08 00:00:00-04:00,71.14422607421875,71.14422607421875,71.11055951538106,71.14422607421875,747200,0.0,0.0,0.0,0.0,0.0,0.006145517285987866,0.006289083074513144
2017-08-09 00:00:00-04:00,71.1778727559716,71.20312106273917,71.13578796386719,71.13578796386719,734300,0.0,0.0,0.0,-0.00011860569461752402,-0.00011861272882912574,0.004899529413189823,0.006143872625914567
2017-08-10 00:00:00-04:00,71.16107940673828,71.18632772653247,71.16107940673828,71.16107940673828,959700,0.0,0.0,0.0,0.00035553753736361493,0.0003554743488701882,0.00490132012600579,0.005910816816103716
2017-08-11 00:00:00-04:00,71.1863137302128,71.25364685058594,71.1863137302128,71.25364685058594,737100,0.0,0.0,0.0,0.001300815623081819,0.001299970295436719,0.00884609687336439,0.007210249459984833
2017-08-14 00:00:00-04:00,71.22838396356053,71.23680220795379,71.18630558407236,71.19471740722656,405500,0.0,0.0,0.0,-0.0008270375758162585,-0.0008273797600713309,0.012336149871957268,0.007972470791114461
2017-08-15 00:00:00-04:00,71.16949123250897,71.17790947952072,71.15266115972653,71.16107940673828,432300,0.0,0.0,0.0,-0.0004724788820479331,-0.0004725905353655319,0.013110825577370538,0.00818625209460119
2017-08-16 00:00:00-04:00,71.14421014053868,71.21154324313393,71.14421014053868,71.203125,655500,0.0,0.0,0.0,0.000590850976576629,0.0005906764928642331,0.013505554565350218,0.008405988278373772
2017-08-17 00:00:00-04:00,71.20313421467827,71.23680077033282,71.18630414747045,71.219970703125,581400,0.0,0.0,0.0,0.00023658657011194073,0.0002365585879227485,0.013439685711623009,0.008418970428340538
2017-08-18 00:00:00-04:00,71.25367081823441,71.26208264518071,71.21158599853516,71.21158599853516,674000,0.0,0.0,0.0,-0.00011772968322043553,-0.00011773661390356122,0.008897484538972617,0.008322461513952228
2017-08-21 00:00:00-04:00,71.21996647341356,71.25363302706867,71.21996647341356,71.22837829589844,928700,0.0,0.0,0.0,0.00023580850121263097,0.00023578070275799765,0.006414103749307678,0.00819522797176239
2017-08-22 00:00:00-04:00,71.22838252610946,71.22838252610946,71.19471597045491,71.219970703125,1012100,0.0,0.0,0.0,-0.0001180371219250409,-0.00011804408885436,0.004706011123312362,0.007838472929118857
2017-08-23 00:00:00-04:00,71.22000390598343,71.2873306274414,71.22000390598343,71.2873306274414,438300,0.0,0.0,0.0,0.0009458010674729955,0.0009453540794623349,0.006893466100718752,0.00811650058028045
2017-08-24 00:00:00-04:00,71.23680077033282,71.23680077033282,71.20313421467827,71.219970703125,494800,0.0,0.0,0.0,-0.0009449073730708468,-0.0009453540794622996,0.010856318501725113,0.008887697589878478
2017-08-25 00:00:00-04:00,71.21997568582583,71.24522399902344,71.19472095138886,71.24522399902344,513700,0.0,0.0,0.0,0.0003545816664780599,0.00035451881725530787,0.011049226744767215,0.008749286902676255
2017-08-28 00:00:00-04:00,71.23680077033282,71.24521901455618,71.219970703125,71.219970703125,866300,0.0,0.0,0.0,-0.0003544559828849714,-0.00035451881725532386,0.011364282159710533,0.008859035686823702
2017-08-29 00:00:00-04:00,71.28730698953272,71.28730698953272,71.24522860522934,71.25364685058594,1181800,0.0,0.0,0.0,0.0004728469715511441,0.00047273521464977864,0.011819397852631034,0.0089146797298503
2017-08-30 00:00:00-04:00,71.25363197017417,71.27046203613281,71.23679548297707,71.27046203613281,665700,0.0,0.0,0.0,0.00023599052525891118,0.00023596268387502092,0.009432847766560417,0.00869291035057246
2017-08-31 00:00:00-04:00,71.26204379253427,71.27046203613281,71.24521372657563,71.27046203613281,582500,0.0,0.0,0.0,0.0,0.0,0.005205514912878557,0.008649525115553008
2017-09-01 00:00:00-04:00,71.26372783731951,71.28057865356007,71.22161365012482,71.25530242919922,943600,0.072,0.0,0.0,-0.00021270532701067602,-0.00021272795199710567,0.005301610072277458,0.008567076865919081
2017-09-05 00:00:00-04:00,71.28899766530165,71.33111827921762,71.28057868388116,71.32269287109375,851600,0.0,0.0,0.0,0.0009457603798888048,0.0009453134303233162,0.007113352688627094,0.009047208329555209
2017-09-06 00:00:00-04:00,71.31429290771484,71.33113730175126,71.2890166766026,71.31429290771484,1118700,0.0,0.0,0.0,-0.0001177740637764435,-0.00011778099968607824,0.007379238439541228,0.009078469617237817
2017-09-07 00:00:00-04:00,71.33953988869631,71.36480968501898,71.32268907334583,71.35638427734375,483000,0.0,0.0,0.0,0.0005902234729211475,0.000590049359554316,0.007981943955855391,0.009179952591665274
2017-09-08 00:00:00-04:00,71.34796518533072,71.36481600217282,71.33112079519223,71.33954620361328,486800,0.0,0.0,0.0,-0.00023597150978138526,-0.00023599935543870687,0.008584074827702551,0.009248419118677098
2017-09-11 00:00:00-04:00,71.31430691271737,71.32272589803638,71.27218627929688,71.27218627929688,1052500,0.0,0.0,0.0,-0.0009442157667243212,-0.0009446618192333654,0.011753012741703652,0.008890501279645883
2017-09-12 00:00:00-04:00,71.26374941956827,71.28060024091211,71.23847961425781,71.23847961425781,1752600,0.0,0.0,0.0,-0.0004729287369826807,-0.000473040603048988,0.008889466829711501,0.008528121073962575
2017-09-13 00:00:00-04:00,71.25532269979094,71.25532269979094,71.22163391113281,71.22163391113281,568300,0.0,0.0,0.0,-0.00023646915566155613,-0.00023649711890072836,0.008829640459467073,0.008383288433914038
2017-09-14 00:00:00-04:00,71.20474882303748,71.23844402218508,71.19632341657504,71.23001861572266,849400,0.0,0.0,0.0,0.0001177269339300846,0.00011772000465843425,0.006213245314778001,0.008137573150149022
2017-09-15 00:00:00-04:00,71.23005289494475,71.23005289494475,71.19635767958142,71.22163391113281,581600,0.0,0.0,0.0,-0.00011771307593055891,-0.00011772000465842134,0.006408860498417325,0.008109061488622945
2017-09-18 00:00:00-04:00,71.17948913574219,71.20475893201494,71.17948913574219,71.17948913574219,621600,0.0,0.0,0.0,-0.0005917412038484171,-0.0005919163517728205,0.004482036830179028,0.008371647425084066
2017-09-19 00:00:00-04:00,71.19638438003568,71.20480979371256,71.17953997938953,71.1879653930664,433300,0.0,0.0,0.0,0.0001190828625934337,0.00011907577279219561,0.0046782932224156025,0.008334064729546193
2017-09-20 00:00:00-04:00,71.21317918735505,71.22160459440406,71.12894439697266,71.12894439697266,830900,0.0,0.0,0.0,-0.0008290867110454236,-0.0008294305935180365,0.006830367122140858,0.008804583996681678
2017-09-21 00:00:00-04:00,71.13736085800267,71.16263707825453,71.11209106445312,71.11209106445312,949800,0.0,0.0,0.0,-0.00023694056846212952,-0.00023696864331342282,0.006008186809969196,0.007966908434636122
2017-09-22 00:00:00-04:00,71.15421419141713,71.17948398586158,71.12894439697266,71.12894439697266,529800,0.0,0.0,0.0,0.00023699672260035776,0.00023696864331347446,0.007210035792255063,0.007436559246383279
2017-09-25 00:00:00-04:00,71.15421426737171,71.1963284492566,71.14578886031371,71.17105865478516,587700,0.0,0.0,0.0,0.0005920832675017085,0.0005919080553605875,0.008554791190179161,0.007658277461972166
2017-09-26 00:00:00-04:00,71.1710878635647,71.1795132740805,71.15424346923828,71.15424346923828,922400,0.0,0.0,0.0,-0.0002362643729726388,-0.00023629228779654572,0.008553438538215528,0.007607684195086634
2017-09-27 00:00:00-04:00,71.1289762227435,71.14582061767578,71.1289762227435,71.14582061767578,462400,0.0,0.0,0.0,-0.0001183745501579514,-0.00011838155697797218,0.005731461144375069,0.0073582061017390754
2017-09-28 00:00:00-04:00,71.15424346923828,71.1710878635647,71.13739264820667,71.15424346923828,290800,0.0,0.0,0.0,0.00011838856435097966,0.00011838155697795156,0.005145703348175535,0.00730379261494209
2017-09-29 00:00:00-04:00,71.16265873526844,71.17950312719363,71.11211270608429,71.13738250732422,880700,0.0,0.0,0.0,-0.0002369635469646747,-0.00023699162726206193,0.005543236160124204,0.0073171464569640535
2017-10-02 00:00:00-04:00,71.13991621864466,71.19050598144531,71.0977655872864,71.19050598144531,1087400,0.073,0.0,0.0,0.000746772965896314,0.0007464942697049072,0.006558227394102137,0.007880499154522736
2017-10-03 00:00:00-04:00,71.13148698187916,71.16521134491663,71.11462158422817,71.14834594726562,1170200,0.0,0.0,0.0,-0.0005922142791157103,-0.0005923897072560235,0.007902292998531667,0.007174323195857772
2017-10-04 00:00:00-04:00,71.13993396743706,71.28326416015625,71.11464229585908,71.28326416015625,1180600,0.0,0.0,0.0,0.001896294440781876,0.0018944987442333563,0.015528944777077027,0.010140148557451746
2017-10-05 00:00:00-04:00,71.12303702978264,71.13989599107938,71.1061716362229,71.1314697265625,2329400,0.0,0.0,0.0,-0.0021294540223734115,-0.002131724533462066,0.02391094314754488,0.01232412375735199
2017-10-06 00:00:00-04:00,71.07248323527597,71.13149927272278,71.06405053499337,71.106201171875,699200,0.0,0.0,0.0,-0.00035523734831621745,-0.0003553004600499093,0.023979763167036885,0.01234144866700538
2017-10-09 00:00:00-04:00,71.1483582410223,71.1736499096044,71.09777490385807,71.106201171875,504000,0.0,0.0,0.0,0.0,0.0,0.02290643877629855,0.011999619832595305
2017-10-10 00:00:00-04:00,71.09775521342239,71.13990583863045,71.09775521342239,71.123046875,700800,0.0,0.0,0.0,0.0002369090578229205,0.00023688099930353868,0.02285063280329372,0.011984347087167224
2017-10-11 00:00:00-04:00,71.10616081036338,71.12302620135537,71.0893018516334,71.11459350585938,1205200,0.0,0.0,0.0,-0.00011885555402990633,-0.00011886261791099475,0.015082506832379204,0.011971350673206883
2017-10-12 00:00:00-04:00,71.09777490385807,71.12306657244018,71.09777490385807,71.106201171875,1248900,0.0,0.0,0.0,-0.00011801141749734345,-0.00011801838139255814,0.003415234238776188,0.011950260185736994
2017-10-13 00:00:00-04:00,71.13148698187916,71.14834594726562,71.11462158422817,71.14834594726562,667800,0.0,0.0,0.0,0.0005927018276332685,0.0005925262492786775,0.004796660759386572,0.01218949064169284
2017-10-16 00:00:00-04:00,71.10619376555714,71.12305916436564,71.07247583247012,71.08090209960938,586700,0.0,0.0,0.0,-0.0009479327559664963,-0.0009483823283534624,0.009080507756094522,0.012461524450401011
2017-10-17 00:00:00-04:00,71.0640714221287,71.08936309814453,71.0640714221287,71.08936309814453,818800,0.0,0.0,0.0,0.00011903335896468192,0.00011902627505655073,0.008864659194420393,0.012461514541623597
2017-10-18 00:00:00-04:00,71.0387494724577,71.07247383686278,71.03031677329022,71.06404113769531,500100,0.0,0.0,0.0,-0.00035619900566918883,-0.00035626245960360825,0.009063459278292567,0.012189035443725517
2017-10-19 00:00:00-04:00,71.08090950329289,71.1146338721576,71.07248323527597,71.106201171875,524300,0.0,0.0,0.0,0.0005932681776146254,0.0005930922636220175,0.010478635115286999,0.012370857116006405
2017-10-20 00:00:00-04:00,71.07247383686278,71.08933280293293,71.04717573936036,71.06404113769531,437100,0.0,0.0,0.0,-0.0005929164191711411,-0.0005930922636220127,0.009598549996860516,0.012506567692549863
2017-10-23 00:00:00-04:00,71.06404113769531,71.08933280293293,71.06404113769531,71.06404113769531,582200,0.0,0.0,0.0,0.0,0.0,0.007245750045281432,0.012280877609392307
2017-10-24 00:00:00-04:00,71.07246301064104,71.07246301064104,71.04716491699219,71.04716491699219,2554600,0.0,0.0,0.0,-0.000237479046124367,-0.0002375072487381493,0.007171623300278215,0.012281089977588295
2017-10-25 00:00:00-04:00,71.03034210205078,71.07249918065617,71.03034210205078,71.03034210205078,1726900,0.0,0.0,0.0,-0.0002367837613374002,-0.00023681179903821894,0.0069697113165081695,0.012293820715215734
2017-10-26 00:00:00-04:00,71.04720107413267,71.06406647848166,71.02190939987628,71.03034210205078,553700,0.0,0.0,0.0,0.0,0.0,0.0038578518485568123,0.012275531460915595
2017-10-27 00:00:00-04:00,71.03031876771384,71.08933479901363,71.02188606830958,71.08090209960938,698100,0.0,0.0,0.0,0.0007118084478032749,0.0007115552323235796,0.006188251546847924,0.01257986114431618
2017-10-30 00:00:00-04:00,71.10616081036338,71.11459350585938,71.07244289290341,71.11459350585938,432400,0.0,0.0,0.0,0.00047398675670695667,0.0004738744604674089,0.0068396007905101724,0.012389577750558425
2017-10-31 00:00:00-04:00,71.11463751648307,71.11463751648307,71.05562147601195,71.0724868774414,626100,0.0,0.0,0.0,-0.0005920954665162848,-0.0005922708242594522,0.008371829639191567,0.012389509181766251
2017-11-01 00:00:00-04:00,71.02856131008546,71.06231689453125,71.02856131008546,71.06231689453125,840300,0.078,0.0,0.0,-0.00014309310616489324,-0.00014310334496015484,0.00817875429104896,0.010022483630315274
2017-11-02 00:00:00-04:00,71.07918548583984,71.08761955181299,71.03698940310089,71.07918548583984,1821000,0.0,0.0,0.0,0.00023737744624385826,0.00023734927667565757,0.008187580504337084,0.006860927792530102
2017-11-03 00:00:00-04:00,71.104551916305,71.104551916305,71.03704071044922,71.03704071044922,1300400,0.0,0.0,0.0,-0.0005929271009867954,-0.0005931029517749053,0.00764432244283447,0.007056396061523957
2017-11-06 00:00:00-05:00,71.04542990729234,71.07918548583984,71.04542990729234,71.07918548583984,947400,0.0,0.0,0.0,0.0005932788721085824,0.0005931029517749764,0.008254171426876167,0.007415651756800902
2017-11-07 00:00:00-05:00,71.0792344225884,71.0792344225884,71.04547882080078,71.04547882080078,747300,0.0,0.0,0.0,-0.0004742128769297249,-0.00047432535141535303,0.007843148404255852,0.007519193222436084
2017-11-08 00:00:00-05:00,71.03704071044922,71.0707963133771,71.0286002001615,71.03704071044922,726500,0.0,0.0,0.0,-0.0001187705465797162,-0.00011877760035961001,0.007831916564526559,0.007519183571565222
2017-11-09 00:00:00-05:00,71.03702785006826,71.0707834468851,71.02015327077072,71.0285873413086,769200,0.0,0.0,0.0,-0.00011899945515858601,-0.00011900653615551212,0.0073410106438431605,0.007519295166977099
2017-11-10 00:00:00-05:00,71.06232078853247,71.06232078853247,71.00325012207031,71.00325012207031,619300,0.0,0.0,0.0,-0.00035671861410579986,-0.00035678225332527074,0.006579633179247198,0.007183171322444801
2017-11-13 00:00:00-05:00,71.02014879519108,71.02858286519745,70.99482727050781,70.99482727050781,632800,0.0,0.0,0.0,-0.0001186262818676509,-0.00011863331852151933,0.0026624261711701573,0.006453967586991826
2017-11-14 00:00:00-05:00,70.99481484831463,71.0116958618164,70.98638077978399,71.0116958618164,2678000,0.0,0.0,0.0,0.00023760310373477367,0.00023757488058783784,0.003375159108076808,0.006511184280082364
2017-11-15 00:00:00-05:00,71.03703459987048,71.03703459987048,70.97796390938365,70.98640441894531,3981000,0.0,0.0,0.0,-0.00035615883502215784,-0.0003562222746435416,0.0038652086144581764,0.006511159600653085
2017-11-16 00:00:00-05:00,70.96951218404594,70.99482727050781,70.95263760581182,70.99482727050781,3046700,0.0,0.0,0.0,0.00011865443293612721,0.00011864739405569025,0.004300291086682745,0.00608911261690474
2017-11-17 00:00:00-05:00,71.00327452587945,71.00327452587945,70.95264434814453,70.95264434814453,1339800,0.0,0.0,0.0,-0.000594168955472707,-0.0005943455437988628,0.005400278559372128,0.006090518067312764
2017-11-20 00:00:00-05:00,70.97795256052508,70.97795256052508,70.92732238769531,70.92732238769531,557600,0.0,0.0,0.0,-0.00035688536603328824,-0.0003569490647714151,0.0055951944203560585,0.006160954046743871
2017-11-21 00:00:00-05:00,70.94423229600753,70.94423229600753,70.90203617215487,70.91047668457031,584500,0.0,0.0,0.0,-0.0002375065427243639,-0.00023753475186994184,0.004132016018887759,0.00616096240976595
2017-11-22 00:00:00-05:00,70.95265361620034,70.98640921850688,70.93577259593565,70.96952819824219,900900,0.0,0.0,0.0,0.0008327614822638552,0.0008324149288049195,0.008814056159353824,0.006955771742889807
2017-11-24 00:00:00-05:00,71.02016482081342,71.02016482081342,70.95265361620034,70.96952819824219,626000,0.0,0.0,0.0,0.0,0.0,0.00871287196768399,0.006955771742889807
2017-11-27 00:00:00-05:00,70.96108768810984,70.98640921850688,70.94421310606799,70.96952819824219,1079000,0.0,0.0,0.0,0.0,0.0,0.007385930169657063,0.006365516154102644
2017-11-28 00:00:00-05:00,70.99479510281483,70.99479510281483,70.95260545723494,70.97792053222656,564300,0.0,0.0,0.0,0.0001182526388077143,0.00011824564751557554,0.006458340764253622,0.006074742513297164
2017-11-29 00:00:00-05:00,70.95264838720814,70.9610824584961,70.92733329689959,70.9610824584961,670600,0.0,0.0,0.0,-0.00023722974136475283,-0.00023725788479090663,0.006457314363051599,0.005815528948081827
2017-11-30 00:00:00-05:00,70.97795496038286,70.97795496038286,70.9020032603488,70.91888427734375,1010700,0.0,0.0,0.0,-0.000594666536788302,-0.0005948434210615381,0.004504225361929479,0.006096315281384432
2017-12-01 00:00:00-05:00,70.93489074707031,70.98556852861135,70.8842065212539,70.93489074707031,1133000,0.079,0.0,0.0,0.00022570109343456046,0.00022567562677460162,0.005187912822742275,0.006087855810813883
2017-12-04 00:00:00-05:00,70.92651808477717,70.92651808477717,70.87584024908848,70.89273071289062,2441200,0.0,0.0,0.0,-0.0005943483345878242,-0.0005945250295749542,0.006116374663029395,0.006089379237934845
2017-12-05 00:00:00-05:00,70.918018915107,70.918018915107,70.85889266765908,70.88423156738281,1422200,0.0,0.0,0.0,-0.00011988740484880633,-0.00011989459191815883,0.00549773073667412,0.005508488603258029
2017-12-06 00:00:00-05:00,70.97720185619899,70.97720185619899,70.90118509630877,70.91807556152344,1175600,0.0,0.0,0.0,0.00047745448306724114,0.0004773405379431715,0.007641103201567932,0.005766176485994771
2017-12-07 00:00:00-05:00,70.93493160417832,70.93493160417832,70.90114424893164,70.92648315429688,1168200,0.0,0.0,0.0,0.00011855359450829717,0.00011854656758628417,0.00643980647561041,0.005811652438969413
2017-12-08 00:00:00-05:00,70.94337360978066,70.9518220596621,70.91803470441543,70.92648315429688,923000,0.0,0.0,0.0,0.0,0.0,0.006183141777008448,0.005815815858772936
2017-12-11 00:00:00-05:00,70.93496653881938,70.93496653881938,70.88428225884842,70.89273071289062,2432000,0.0,0.0,0.0,-0.00047587924714698193,-0.00047599251361144646,0.005515402231563162,0.005907878614208061
2017-12-12 00:00:00-05:00,70.89273071289062,70.90117916693282,70.86739179504627,70.89273071289062,992500,0.0,0.0,0.0,0.0,0.0,0.005415933378282151,0.005912015713209743
2017-12-13 00:00:00-05:00,70.95182139770114,71.01094765776139,70.89269513764089,70.96871185302734,1112400,0.0,0.0,0.0,0.0010717761803313852,0.0010712022382960177,0.009004961619553603,0.007111106712141397
2017-12-14 00:00:00-05:00,70.95185360500483,70.95185360500483,70.90961778109859,70.94340515136719,1471900,0.0,0.0,0.0,-0.00035658955896744615,-0.00035665315214245257,0.009691473992222699,0.007111368750083212
2017-12-15 00:00:00-05:00,70.91807064654603,70.91807064654603,70.87584126429465,70.90962219238281,983800,0.0,0.0,0.0,-0.0004761959045000985,-0.00047630932177715425,0.010403135169607324,0.007258183556129297
2017-12-18 00:00:00-05:00,70.91807064654603,70.92651910070924,70.89273172833873,70.90962219238281,664900,0.0,0.0,0.0,0.0,0.0,0.00969255228697919,0.006979218741174357
2017-12-19 00:00:00-05:00,70.9011323581469,70.9011323581469,70.86734500856669,70.87579345703125,760000,0.0,0.0,0.0,-0.00047706833439020713,-0.00047718216769366206,0.010406223755972126,0.007066318331618548
2017-12-20 00:00:00-05:00,70.87578956366,70.90112846338373,70.86734111565954,70.88423156738281,840100,0.0,0.0,0.0,0.00011905489787111811,0.00011904781139921178,0.004434123401793329,0.007044939437461883
2017-12-21 00:00:00-05:00,70.89606741191805,70.89606741191805,70.86224862812101,70.87915802001953,964500,0.094,0.0,0.0,-7.157511975652842e-05,-7.157768137764545e-05,0.004416172136089263,0.006286264160824841
2017-12-22 00:00:00-05:00,70.86223294424333,70.87914233239931,70.85377502441406,70.85377502441406,1050900,0.0,0.0,0.0,-0.00035811649453143524,-0.00035818063355654863,0.003976895610007621,0.0063662043852625635
2017-12-26 00:00:00-05:00,70.83687899186826,70.87070422914084,70.83687899186826,70.8453369140625,1185500,0.0,0.0,0.0,-0.0001190918952258535,-0.00011909898722868005,0.003763844016183445,0.006360006114160553
2017-12-27 00:00:00-05:00,70.86224862812101,70.87915802001953,70.85379070641976,70.87915802001953,1122300,0.0,0.0,0.0,0.00047739353682585417,0.0004772796207850984,0.004951584280439809,0.006635881637562569
2017-12-28 00:00:00-05:00,70.87070317441798,70.8960704891188,70.86225170385387,70.88761901855469,1108200,0.0,0.0,0.0,0.00011937216484381175,0.00011936504055389764,0.0049520268747130555,0.00663708741755694
2017-12-29 00:00:00-05:00,70.9130065695015,70.92146449398346,70.89609072053756,70.90454864501953,1210700,0.0,0.0,0.0,0.00023882346027748191,0.0002387949464946423,0.005118968198490288,0.00638746192374844
2018-01-02 00:00:00-05:00,70.90452533361929,70.90452533361929,70.85379070641976,70.87915802001953,1786000,0.0,0.0,0.0,-0.00035809585541712874,-0.0003581599870486001,0.005118859028204729,0.006437658149002868
2018-01-03 00:00:00-05:00,70.87070009831828,70.89606741191805,70.85379070641976,70.87915802001953,1040900,0.0,0.0,0.0,0.0,0.0,0.004904578262810263,0.006094450369376044
2018-01-04 00:00:00-05:00,70.83687899186826,70.86225275845095,70.81996959898416,70.8453369140625,955400,0.0,0.0,0.0,-0.00047716574098521924,-0.00047727962078520454,0.004903705606595858,0.006308472552393622
2018-01-05 00:00:00-05:00,70.83687899186826,70.85379483625672,70.82842752117838,70.8453369140625,850600,0.0,0.0,0.0,0.0,0.0,0.0046404688010773425,0.006022917232213954
2018-01-08 00:00:00-05:00,70.86225275845095,70.86225275845095,70.82842752117838,70.8453369140625,597700,0.0,0.0,0.0,0.0,0.0,0.003692208843846,0.005993217710451169
2018-01-09 00:00:00-05:00,70.86229050620946,70.86229050620946,70.82000732421875,70.82000732421875,1551100,0.0,0.0,0.0,-0.00035753362108326137,-0.0003575975514669923,0.0036903777940401564,0.006081705107675887
2018-01-10 00:00:00-05:00,70.8453369140625,70.8453369140625,70.81151167678992,70.8453369140625,789500,0.0,0.0,0.0,0.0003576614970934866,0.00035759755146703965,0.005252556314567748,0.006072786179448088
2018-01-11 00:00:00-05:00,70.83691672611037,70.85383257950976,70.82000732421875,70.82000732421875,1047900,0.0,0.0,0.0,-0.00035753362108326137,-0.0003575975514669923,0.0047493343613832836,0.006178424899175302
2018-01-12 00:00:00-05:00,70.8623179716188,70.8623179716188,70.79466743481622,70.81157684326172,905000,0.0,0.0,0.0,-0.00011904095008685722,-0.00011904803602310598,0.004711499272505747,0.004535013579134875
2018-01-16 00:00:00-05:00,70.74390799982837,70.82000998846524,70.74390799982837,70.8031005859375,2707400,0.0,0.0,0.0,-0.00011970157567564588,-0.0001197087404810202,0.00463499604694998,0.004441714871595778
2018-01-17 00:00:00-05:00,70.79463344216553,70.79463344216553,70.76080819000572,70.77771759033203,2950800,0.0,0.0,0.0,-0.00035850118703006917,-0.0003585654639433123,0.004638134103724696,0.004327305540022225
2018-01-18 00:00:00-05:00,70.76078796386719,70.77769735936015,70.74387856837423,70.76078796386719,1090700,0.0,0.0,0.0,-0.00023919429788388236,-0.00023922290940251814,0.0018942097611909664,0.004342353490638597
2018-01-19 00:00:00-05:00,70.77770540561745,70.78616333007812,70.74388661078689,70.78616333007812,1052000,0.0,0.0,0.0,0.00035860773941487345,0.000358543455027616,0.00432686922384138,0.004405434967398549
2018-01-22 00:00:00-05:00,70.76080014907672,70.76080014907672,70.73543282571629,70.7523422241211,973500,0.0,0.0,0.0,-0.00047779261321623245,-0.00047790679247764134,0.005125382431650911,0.004583701868594158
2018-01-23 00:00:00-05:00,70.76079908080789,70.79462432861328,70.76079908080789,70.79462432861328,885600,0.0,0.0,0.0,0.0005976071344500067,0.0005974286384165622,0.007517008476492455,0.0051994512993192325
2018-01-24 00:00:00-05:00,70.78617551624878,70.78617551624878,70.75235026408897,70.77771759033203,865700,0.0,0.0,0.0,-0.00023881387099067286,-0.00023884239156399102,0.007223622905773081,0.005125326914581145
2018-01-25 00:00:00-05:00,70.76924588736634,70.77769735936015,70.72696272137594,70.76078796386719,757200,0.0,0.0,0.0,-0.00023919429788388236,-0.00023922290940251814,0.007223622905773081,0.005163256286209426
2018-01-26 00:00:00-05:00,70.78616398206589,70.78616398206589,70.71006201573708,70.71851348876953,990600,0.0,0.0,0.0,-0.0005974279868002919,-0.0005976065180098999,0.007420138361678972,0.005089541483154628
2018-01-29 00:00:00-05:00,70.70161130674943,70.71006923215118,70.67624398205092,70.69315338134766,1440100,0.0,0.0,0.0,-0.0003586063418301588,-0.00035867065646057503,0.00717421573219257,0.0050824010178202456
2018-01-30 00:00:00-05:00,70.7354090992749,70.7354090992749,70.68466801806744,70.70158386230469,1708600,0.0,0.0,0.0,0.0001192545607855422,0.00011924745052568979,0.004110952554322424,0.004981766265256776
2018-01-31 00:00:00-05:00,70.72695117715628,70.72695117715628,70.65930070321583,70.70158386230469,2078700,0.0,0.0,0.0,0.0,0.0,0.0045277858417136566,0.0049389408914830525
2018-02-01 00:00:00-05:00,70.69819158982538,70.70665822023668,70.65587135406246,70.67279815673828,2243800,0.086,0.0,0.0,-0.0004071437157966429,-0.0004072266213030335,0.0047360686139522965,0.0050127640426888284
2018-02-02 00:00:00-05:00,70.66434760908122,70.69820121904378,70.63048754097102,70.6812744140625,1825500,0.0,0.0,0.0,0.00011993663114084896,0.0001199294393181405,0.004105318627667849,0.004936643249089336
2018-02-05 00:00:00-05:00,70.63894246987007,70.83363623251199,70.63894246987007,70.80824279785156,2019800,0.0,0.0,0.0,0.001796351082257841,0.0017947395732544845,0.013495463578360989,0.008399429208282842
2018-02-06 00:00:00-05:00,70.68975548534154,70.80826251886072,70.68975548534154,70.7574691772461,2386700,0.0,0.0,0.0,-0.0007170580514251901,-0.0007173152605129951,0.015463840874096198,0.008748338383450873
2018-02-07 00:00:00-05:00,70.69820603631567,70.74899937101578,70.67281259803966,70.70667266845703,2054000,0.0,0.0,0.0,-0.0007178960663759559,-0.0007181538771519607,0.016716305641256937,0.008999755719802233
2018-02-08 00:00:00-05:00,70.70665177856318,70.74051183897679,70.6643315466558,70.71511840820312,1178600,0.0,0.0,0.0,0.00011944756311321747,0.00011944042982108121,0.01629147064178182,0.008885129350032628
2018-02-09 00:00:00-05:00,70.71513004398477,70.85056384977791,70.69819678191861,70.77438354492188,3159900,0.0,0.0,0.0,0.0008380829736669426,0.0008377319782267455,0.01707000723278944,0.009409064720178217
2018-02-12 00:00:00-05:00,70.75745109610567,70.75745109610567,70.71513085674832,70.74052429199219,1592800,0.0,0.0,0.0,-0.0004784111317366335,-0.0004785256068543547,0.010626293514709794,0.009538709291952767
2018-02-13 00:00:00-05:00,70.72359748787872,70.74052429199219,70.70666422561793,70.74052429199219,1292800,0.0,0.0,0.0,0.0,0.0,0.00955607105658255,0.009536575185983349
2018-02-14 00:00:00-05:00,70.68128086613606,70.68128086613606,70.62202735607123,70.63895416259766,953400,0.0,0.0,0.0,-0.001435812505082401,-0.00143684427159104,0.013338444155865823,0.010703096739570052
2018-02-15 00:00:00-05:00,70.63048917172301,70.64741597709511,70.59662910283103,70.61355590820312,1452800,0.0,0.0,0.0,-0.00035955026083867025,-0.00035961491453167073,0.013066013536987315,0.01073265502904462
2018-02-16 00:00:00-05:00,70.57123203169516,70.6558789704924,70.57123203169516,70.63048553466797,728400,0.0,0.0,0.0,0.00023975037437362623,0.00023972163884543077,0.01019478721755805,0.010672844157835171
2018-02-20 00:00:00-05:00,70.60511298541408,70.63050642875046,70.60511298541408,70.62203979492188,1448400,0.0,0.0,0.0,-0.00011957640786641743,-0.00011958355769504945,0.010353055364195844,0.010584436835510887
2018-02-21 00:00:00-05:00,70.622018903344,70.63894570784447,70.57969220487165,70.63048553466797,1540700,0.0,0.0,0.0,0.00011959070809375305,0.00011958355769509701,0.010628032075269897,0.010303677332220486
2018-02-22 00:00:00-05:00,70.63895416259766,70.64742079493499,70.6051005495448,70.63895416259766,839300,0.0,0.0,0.0,0.00011990046317222891,0.00011989327568621065,0.0038043648528200322,0.010325554399258759
2018-02-23 00:00:00-05:00,70.65587615966797,70.6812695944822,70.63894289769368,70.65587615966797,753800,0.0,0.0,0.0,0.0002395561665786694,0.00023952747758185575,0.002328075739932134,0.010378385428618738
2018-02-26 00:00:00-05:00,70.6897382231295,70.71513165866132,70.66434478759766,70.66434478759766,1445800,0.0,0.0,0.0,0.0001198573762011268,0.00011985019387970896,0.0020815953255778727,0.010209503490864406
2018-02-27 00:00:00-05:00,70.70666948311911,70.70666948311911,70.60509573459098,70.61355590820312,852300,0.0,0.0,0.0,-0.0007187341727598051,-0.0007189925859930514,0.006220184389064893,0.010436938205489929
2018-02-28 00:00:00-05:00,70.63894570784447,70.6558789704924,70.622018903344,70.63048553466797,3721300,0.0,0.0,0.0,0.00023975037437362623,0.00023972163884543077,0.006449174388738394,0.010472496440761841
2018-03-01 00:00:00-05:00,70.6610078891335,70.74574218605747,70.63558824653755,70.72879791259766,2049900,0.086,0.0,0.0,0.0013919255571510636,0.001390957726767206,0.011930965708751557,0.011659111694874559
2018-03-02 00:00:00-05:00,70.7118829416985,70.7118829416985,70.6695190042143,70.69493865966797,1716600,0.0,0.0,0.0,-0.0004787194739479528,-0.0004788340966982095,0.01302690078649545,0.011696558323763033
2018-03-05 00:00:00-05:00,70.7118829416985,70.72883368854478,70.6695190042143,70.69493865966797,1112200,0.0,0.0,0.0,0.0,0.0,0.01304943047783533,0.011690158131089751
2018-03-06 00:00:00-05:00,70.6949075314056,70.71185180597526,70.66948788714465,70.67796325683594,737300,0.0,0.0,0.0,-0.0002401218977464703,-0.00024015073162521515,0.01154349218237403,0.009613101123003256
2018-03-07 00:00:00-05:00,70.68643216171432,70.71185180597526,70.66948788714465,70.67796325683594,1231000,0.0,0.0,0.0,0.0,0.0,0.011594040997012443,0.009327337619777725
2018-03-08 00:00:00-05:00,70.68646328624483,70.70341403309111,70.67799437763743,70.69493865966797,608900,0.0,0.0,0.0,0.0002401795701205689,0.00024015073162513646,0.004337937381833759,0.00904126814586099
2018-03-09 00:00:00-05:00,70.6609878540039,70.69488285612543,70.65251248727087,70.6609878540039,669000,0.0,0.0,0.0,-0.0004802437954929406,-0.0004803591494779975,0.00434642106451343,0.009178572036066474
2018-03-12 00:00:00-04:00,70.69493865966797,70.70341403309111,70.66104363079116,70.69493865966797,1281200,0.0,0.0,0.0,0.000480474540409892,0.0004803591494780247,0.006028314954821576,0.00880600621612935
2018-03-13 00:00:00-04:00,70.71185302734375,70.72880376701907,70.69490875248141,70.71185302734375,609900,0.0,0.0,0.0,0.00023925853811412878,0.00023922992035470305,0.0057806117424605286,0.008717456706280876
2018-03-14 00:00:00-04:00,70.68639552184517,70.74571014931294,70.66945125605847,70.7033462524414,1525800,0.0,0.0,0.0,-0.00012030196548595828,-0.0001203092023478198,0.005966494611897213,0.008724229541640266
2018-03-15 00:00:00-04:00,70.69490875248141,70.72880376701907,70.68643338264374,70.71185302734375,1106600,0.0,0.0,0.0,0.00012031643979004691,0.00012030920234772141,0.005812166225095848,0.006959497506298601
2018-03-16 00:00:00-04:00,70.71185180597526,70.71185180597526,70.67796325683594,70.67796325683594,878500,0.0,0.0,0.0,-0.00047926576743373417,-0.0004793806519799376,0.005806568726385487,0.00706548285831594
2018-03-19 00:00:00-04:00,70.66948788714465,70.71185180597526,70.66101251745339,70.67796325683594,834900,0.0,0.0,0.0,0.0,0.0,0.004378959529741295,0.007029300802729548
2018-03-20 00:00:00-04:00,70.66101748454487,70.66949285483192,70.63559783849706,70.65254211425781,1074700,0.0,0.0,0.0,-0.0003596756528728706,-0.000359740351674693,0.003946748542672628,0.007149376945203391
2018-03-21 00:00:00-04:00,70.6270808943774,70.71181515292999,70.61013662859068,70.7033462524414,2404500,0.0,0.0,0.0,0.000719070208421213,0.0007188118013067119,0.007490514933712495,0.007562974391540736
2018-03-22 00:00:00-04:00,70.7033791577642,70.76269381283699,70.7033791577642,70.73727416992188,1954900,0.0,0.0,0.0,0.0004798629665889731,0.00047974786917480704,0.008250445672481113,0.007712508118123416
2018-03-23 00:00:00-04:00,70.73725189865443,70.77114043532994,70.72030116550619,70.75419616699219,1202800,0.0,0.0,0.0,0.000239223199775207,0.00023919459046813405,0.006646949569702277,0.007712410925012263
2018-03-26 00:00:00-04:00,70.73726476210962,70.75420903352865,70.71183865776355,70.7203140258789,1729400,0.0,0.0,0.0,-0.00047887111929467707,-0.0004789858146867931,0.008291813158865643,0.007949878399399066
2018-03-27 00:00:00-04:00,70.72032465372078,70.78811467920777,70.72032465372078,70.77116394042969,1732600,0.0,0.0,0.0,0.00071902840437299,0.0007187700272960623,0.007887610773418647,0.007766658202143304
2018-03-28 00:00:00-04:00,70.78808504601687,70.8135046787302,70.74571468162135,70.77960968017578,1899300,0.0,0.0,0.0,0.00011933871475111602,0.00011933159445317596,0.007167254301918047,0.007752053071389976
2018-03-29 00:00:00-04:00,70.75419155624314,70.8050308227539,70.75419155624314,70.8050308227539,2998600,0.0,0.0,0.0,0.00035915912355255486,0.00035909464135365737,0.0069344438614372525,0.006188161062985427
2018-04-02 00:00:00-04:00,70.79149100613525,70.85935738253661,70.7660427330082,70.82542419433594,3047700,0.094,0.0,0.0,0.00028802150560580664,0.00028798003537464876,0.00696415773104522,0.005904845550189787
2018-04-03 00:00:00-04:00,70.80842795214913,70.8169128632823,70.76600986857419,70.79145812988281,3418600,0.0,0.0,0.0,-0.0004795744584589201,-0.00047968949106879445,0.006968486078766204,0.006240106408565118
2018-04-04 00:00:00-04:00,70.80848884565683,70.80848884565683,70.74910736083984,70.74910736083984,1717600,0.0,0.0,0.0,-0.0005982468812164576,-0.0005984259022846581,0.007075751810425574,0.006594299900876485
2018-04-05 00:00:00-04:00,70.74908125819428,70.77452953199871,70.74908125819428,70.76604461669922,1109600,0.0,0.0,0.0,0.000239398862984741,0.00023937021164958195,0.007317096849260121,0.006624721855672957
2018-04-06 00:00:00-04:00,70.80846083628253,70.82542419433594,70.7830125631555,70.82542419433594,1097400,0.0,0.0,0.0,0.0008390970268064013,0.0008387451817039,0.00944357759513305,0.007157629269246505
2018-04-09 00:00:00-04:00,70.78298424480865,70.8169174194336,70.7744993331296,70.8169174194336,1738000,0.0,0.0,0.0,-0.00012010905686921092,-0.0001201162705396058,0.00925927498678086,0.0068844947310615625
2018-04-10 00:00:00-04:00,70.77448170420394,70.79992996081103,70.75751835716244,70.78296661376953,1218500,0.0,0.0,0.0,-0.00047941659847994256,-0.0004795315553603509,0.009258785597929723,0.007041344449914577
2018-04-11 00:00:00-04:00,70.78296661376953,70.79992996081103,70.76599679463835,70.78296661376953,985600,0.0,0.0,0.0,0.0,0.0,0.0077759960621302335,0.0070127612420860935
2018-04-12 00:00:00-04:00,70.75753226143068,70.75753226143068,70.73207752773192,70.74056243896484,791100,0.0,0.0,0.0,-0.0005990731504101898,-0.000599252666429026,0.008984854407140759,0.007364396543928127
2018-04-13 00:00:00-04:00,70.7236099243164,70.7405732772903,70.7151250117835,70.7236099243164,1040900,0.0,0.0,0.0,-0.00023964348124971835,-0.0002396722003370908,0.003943752418720581,0.007414196897393699
2018-04-16 00:00:00-04:00,70.70663349646256,70.72360331994369,70.68967014507275,70.71511840820312,1155900,0.0,0.0,0.0,-0.00012006621441362775,-0.00012007342293855553,0.003943867091496298,0.0072075842636189795
2018-04-17 00:00:00-04:00,70.70663349646256,70.71511840820312,70.68967014507275,70.71511840820312,892300,0.0,0.0,0.0,0.0,0.0,0.003943789970486608,0.0072075842636189795
2018-04-18 00:00:00-04:00,70.66420848190893,70.6726869199504,70.64723866164577,70.65572357177734,971700,0.0,0.0,0.0,-0.0008399170893403918,-0.0008402700173328812,0.005551142892444102,0.007731310376380133
2018-04-19 00:00:00-04:00,70.66420848190893,70.6726869199504,70.63875375151419,70.65572357177734,1410800,0.0,0.0,0.0,0.0,0.0,0.005553155657290177,0.007253791106167146
2018-04-20 00:00:00-04:00,70.63879613111638,70.65576596156055,70.6218327727662,70.63031768798828,904800,0.0,0.0,0.0,-0.00035957290513422,-0.00035963756697216784,0.005617667208165032,0.007075520576483398
2018-04-23 00:00:00-04:00,70.63031108630402,70.63031108630402,70.59637790068135,70.621826171875,1861100,0.0,0.0,0.0,-0.00012022480418105719,-0.00012023203176212286,0.005617411483348877,0.006977788429547577
2018-04-24 00:00:00-04:00,70.59636706507476,70.63877868652344,70.58788215194807,70.63877868652344,1999400,0.0,0.0,0.0,0.00024004639312469322,0.00024001758659910997,0.006514802546044501,0.006917605751346723
2018-04-25 00:00:00-04:00,70.60486941441602,70.63879613111638,70.60486941441602,70.63031768798828,2176400,0.0,0.0,0.0,-0.00011977838083387926,-0.00011978555483700289,0.0034585256641481705,0.006280010188875328
2018-04-26 00:00:00-04:00,70.65571696500224,70.65571696500224,70.62178379973902,70.64723205566406,2538700,0.0,0.0,0.0,0.0002394774401341948,0.00023944876998917216,0.004125713623320981,0.006349636261648693
2018-04-27 00:00:00-04:00,70.63875272847001,70.6642074584961,70.63875272847001,70.6642074584961,1443700,0.0,0.0,0.0,0.00024028404706144535,0.0002402551834733565,0.003129598869392596,0.006250479190499537
2018-04-30 00:00:00-04:00,70.64726359965013,70.66423342590352,70.63877868652344,70.63877868652344,1944700,0.0,0.0,0.0,-0.0003598536357687365,-0.00035991839862555686,0.004383583373213732,0.0061398698019869994
2018-05-01 00:00:00-04:00,70.6413360493936,70.64983147180823,70.60736083984375,70.60736083984375,2027800,0.103,0.0,0.0,-0.0004447676936645273,-0.0004448666321527075,0.005126784317745953,0.00611491797722624
2018-05-02 00:00:00-04:00,70.62433996717847,70.64132432908116,70.60734912516823,70.6328353881836,1688600,0.0,0.0,0.0,0.00036079168002922657,0.00036072661036163007,0.006004632143680534,0.006088682609111543
2018-05-03 00:00:00-04:00,70.66680127293019,70.69228753492163,70.66680127293019,70.68379211425781,2961500,0.0,0.0,0.0,0.0007214311275225427,0.0007211710211783543,0.007865661617047234,0.006641644153720337
2018-05-04 00:00:00-04:00,70.68382024612656,70.7008046141066,70.6498450300566,70.65834045410156,1348100,0.0,0.0,0.0,-0.0003600777405251554,-0.00036014258408104745,0.008348247932870062,0.005804485629801691
2018-05-07 00:00:00-04:00,70.6753248220816,70.68382024612656,70.65834045410156,70.65834045410156,7560400,0.0,0.0,0.0,0.0,0.0,0.007787898899949517,0.005819551416077268
2018-05-08 00:00:00-04:00,70.65829725510254,70.66678619384766,70.6498018362515,70.66678619384766,9734900,0.0,0.0,0.0,0.00011952926847436096,0.00011952212542054695,0.006413446541934642,0.00570526857773386
2018-05-09 00:00:00-04:00,70.64132432908116,70.64981975008628,70.6328353881836,70.6328353881836,1009600,0.0,0.0,0.0,-0.00048043511658968363,-0.000480550562517976,0.007509934045408081,0.0058662143776147015
2018-05-10 00:00:00-04:00,70.65831517109139,70.66680411198895,70.6328353881836,70.6328353881836,937900,0.0,0.0,0.0,0.0,0.0,0.004130405857436318,0.00557677436467106
2018-05-11 00:00:00-04:00,70.64981975008628,70.64981975008628,70.6328353881836,70.6328353881836,710200,0.0,0.0,0.0,0.0,0.0,0.0037148938188229378,0.005548390928266761
2018-05-14 00:00:00-04:00,70.64132432908116,70.64132432908116,70.62433996717847,70.6328353881836,1024700,0.0,0.0,0.0,0.0,0.0,0.0037148938188229378,0.005548712923517334
2018-05-15 00:00:00-04:00,70.59887323019217,70.61585759523338,70.57338696246723,70.59037780761719,1087000,0.0,0.0,0.0,-0.0006011025939007819,-0.0006012833284952972,0.004750414755120294,0.005866314344465716
2018-05-16 00:00:00-04:00,70.59037780761719,70.59887323019217,70.5818823850422,70.59037780761719,704700,0.0,0.0,0.0,0.0,0.0,0.004267405084014191,0.005153101236579242
2018-05-17 00:00:00-04:00,70.61585626225838,70.61585626225838,70.59887189753776,70.60736083984375,1015700,0.0,0.0,0.0,0.0002405856542211371,0.00024055671813360725,0.004977179064196926,0.005251540815215251
2018-05-18 00:00:00-04:00,70.64983758623579,70.66682195242633,70.64134216308594,70.64134216308594,922800,0.0,0.0,0.0,0.00048127168099743045,0.00048115590692633057,0.006388931688034096,0.005406428964018528
2018-05-21 00:00:00-04:00,70.63285322004526,70.64134216308594,70.62435779689541,70.64134216308594,1286500,0.0,0.0,0.0,0.0,0.0,0.006388931688034096,0.005385454507163628
2018-05-22 00:00:00-04:00,70.63285322004526,70.64983758623579,70.62435779689541,70.64134216308594,793000,0.0,0.0,0.0,0.0,0.0,0.003416600940162049,0.00531873790062333
2018-05-23 00:00:00-04:00,70.66679994457506,70.72625492788957,70.65831100417812,70.70077514648438,1179600,0.0,0.0,0.0,0.000841334289221507,0.0008409805659141914,0.005660735003782804,0.006068502624630871
2018-05-24 00:00:00-04:00,70.75172814598874,70.7772079226966,70.74323272705078,70.74323272705078,1384800,0.0,0.0,0.0,0.000600524965651994,0.0006003447226914635,0.005941868437612265,0.006347015782434752
2018-05-25 00:00:00-04:00,70.79423132198247,70.81971111274191,70.79423132198247,70.80272674560547,611800,0.0,0.0,0.0,0.0008409852965616249,0.0008406318665661808,0.006797617564007217,0.006897597079603889
2018-05-29 00:00:00-04:00,70.86217911302289,71.04054412180918,70.86217911302289,71.0065689086914,2137500,0.0,0.0,0.0,0.002879015716701794,0.0028748792882797337,0.01727242222065017,0.011849757558684532
2018-05-30 00:00:00-04:00,70.95559843788328,70.95559843788328,70.89614344408044,70.92162322998047,1674700,0.0,0.0,0.0,-0.0011963073278498104,-0.0011970234746725814,0.022936453667609137,0.01271150753149963
2018-05-31 00:00:00-04:00,70.91312932257705,70.92162474476129,70.86216974968858,70.88764953613281,5749300,0.0,0.0,0.0,-0.00047903153228023854,-0.0004791463045391822,0.02461551867338348,0.012937763647187985
2018-06-01 00:00:00-04:00,70.84169918329555,70.85871571394912,70.81618087722006,70.83319091796875,3230600,0.126,0.0,0.0,-0.0007682384522610386,-0.0007685336986435721,0.02623013130987447,0.01318965317510571
2018-06-04 00:00:00-04:00,70.80764716464236,70.82466368918045,70.77362060546875,70.77362060546875,1146300,0.0,0.0,0.0,-0.000840994337936718,-0.0008413481720705169,0.026579635021864226,0.013521300817427757
2018-06-05 00:00:00-04:00,70.80770724564833,70.85024210318221,70.78218892709123,70.81621551513672,16965800,0.0,0.0,0.0,0.0006018472603714908,0.0006016662229433607,0.010885625672355728,0.013641214077203251
2018-06-06 00:00:00-04:00,70.79067993164062,70.8076899765608,70.78217166422729,70.79067993164062,4984700,0.0,0.0,0.0,-0.000360589496492314,-0.00036065452451755604,0.009177371625846087,0.01374374987587469
2018-06-07 00:00:00-04:00,70.78214983937558,70.89273132202644,70.78214983937558,70.85871124267578,4351000,0.0,0.0,0.0,0.0009610207318371256,0.0009605592470542448,0.012994196672886692,0.013904606015226417
2018-06-08 00:00:00-04:00,70.84169006347656,70.86720836626694,70.82468002491767,70.84169006347656,2376000,0.0,0.0,0.0,-0.00024021293784082243,-0.00024024179358968413,0.011713428787698951,0.013967273666674062
2018-06-11 00:00:00-04:00,70.79920546606802,70.8247237846251,70.78218892709123,70.81621551513672,3759000,0.0,0.0,0.0,-0.0003595982579892576,-0.0003596629289470059,0.009818564541171797,0.01407571838185277
2018-06-12 00:00:00-04:00,70.78216552734375,70.79918206069507,70.78216552734375,70.78216552734375,3024700,0.0,0.0,0.0,-0.00048082190703468974,-0.0004809375389548911,0.009477193321669443,0.014237178102051147
2018-06-13 00:00:00-04:00,70.78218790347138,70.79920444220208,70.7226429977299,70.74816131591797,2351600,0.0,0.0,0.0,-0.0004804064861881896,-0.0004805219183552304,0.009722891734156516,0.014163931844435925
2018-06-14 00:00:00-04:00,70.76511883310228,70.7821288677378,70.75661057083323,70.77362060546875,1737400,0.0,0.0,0.0,0.0003598579677159819,0.0003597932343669262,0.005555644364265595,0.01418377010040213
2018-06-15 00:00:00-04:00,70.80770874023438,70.83322705933011,70.7992069604746,70.80770874023438,2663700,0.0,0.0,0.0,0.000481650288257196,0.00048153433198919274,0.0075584437469411025,0.01423441660330373
2018-06-18 00:00:00-04:00,70.80770575142138,70.82472229003906,70.79920397202046,70.82472229003906,1027000,0.0,0.0,0.0,0.00024027821415750772,0.00024024935197061893,0.007438573277958363,0.014183862780525015
2018-06-19 00:00:00-04:00,70.85869747212081,70.85869747212081,70.83317268271152,70.85018920898438,2348500,0.0,0.0,0.0,0.000359576686245644,0.00035951205404202317,0.006120526688520615,0.014197568938712045
2018-06-20 00:00:00-04:00,70.84173383369382,70.85024210318221,70.80770724564833,70.81621551513672,1369300,0.0,0.0,0.0,-0.0004795145112096444,-0.0004796295150583537,0.006114351523293337,0.014364908222367807
2018-06-21 00:00:00-04:00,70.82468467342063,70.8672130175612,70.82468467342063,70.85871124267578,825200,0.0,0.0,0.0,0.0006000847013629684,0.0005999047225366575,0.006735239527822184,0.014230020791228244
2018-06-22 00:00:00-04:00,70.85873149905136,70.86723327636719,70.84171496460704,70.86723327636719,1154300,0.0,0.0,0.0,0.00012026797470565675,0.00012026074309260201,0.006400086222527093,0.014112956673901382
2018-06-25 00:00:00-04:00,70.87574355605325,70.90126186853797,70.8672352885895,70.89275360107422,721300,0.0,0.0,0.0,0.0003601145907234926,0.00036004976502691913,0.006540194898845571,0.013873843409480977
2018-06-26 00:00:00-04:00,70.89275360107422,70.90126186853797,70.87574355605325,70.89275360107422,3127700,0.0,0.0,0.0,0.0,0.0,0.00645779329369956,0.009051632832128616
2018-06-27 00:00:00-04:00,70.92675632280059,70.9437728520041,70.90123801889966,70.93526458740234,4012200,0.0,0.0,0.0,0.000599652068353107,0.0005994723488940747,0.004342127414184181,0.008330324971131167
2018-06-28 00:00:00-04:00,70.95228111660586,70.95228111660586,70.90974628350142,70.93526458740234,1050000,0.0,0.0,0.0,0.0,0.0,0.004127635685231783,0.008128638841440593
2018-06-29 00:00:00-04:00,70.90975040189628,70.92676044218337,70.90124213680036,70.91825866699219,4904600,0.0,0.0,0.0,-0.00023973859136317,-0.00023976733325304964,0.005283204774935237,0.0076388232892238275
2018-07-02 00:00:00-04:00,70.9353329515798,70.9353329515798,70.88421010892353,70.90977478027344,3517800,0.13,0.0,0.0,-0.00011962908957741103,-0.00011963624570767418,0.005142832177841301,0.006903999989763292
2018-07-03 00:00:00-04:00,70.90972169401905,70.9352798461914,70.89267859254502,70.9352798461914,1330300,0.0,0.0,0.0,0.0003596833581407388,0.00035961868758849333,0.00554897602440769,0.006719816665985416
2018-07-05 00:00:00-04:00,70.92677307128906,70.94380967627355,70.9012149137923,70.92677307128906,1892600,0.0,0.0,0.0,-0.00011992304704777634,-0.00011993023839132725,0.0036604269514487814,0.006561016747937707
2018-07-06 00:00:00-04:00,70.9438705444336,70.9438705444336,70.9268339248321,70.9438705444336,3113200,0.0,0.0,0.0,0.00024105809984265036,0.00024102905000727214,0.004129648174179808,0.005749800946431277
2018-07-09 00:00:00-04:00,70.91827409820168,70.9267956534271,70.90123748779297,70.90123748779297,1378700,0.0,0.0,0.0,-0.0006009406635619774,-0.000601121300774328,0.005970415502650411,0.006129729897228731
2018-07-10 00:00:00-04:00,70.90975856443737,70.90975856443737,70.88419389893366,70.89271545410156,2161800,0.0,0.0,0.0,-0.00012019583851230475,-0.00012020306261097946,0.0059708455074491,0.005978702136502869
2018-07-11 00:00:00-04:00,70.90975124214017,70.91826629638672,70.88418657927632,70.91826629638672,953300,0.0,0.0,0.0,0.000360415624108823,0.000360350689999482,0.005973997328633085,0.005720661159183835
2018-07-12 00:00:00-04:00,70.89273166604016,70.90977478027344,70.88421010892353,70.90977478027344,1299000,0.0,0.0,0.0,-0.00011973665681264123,-0.00011974382581840112,0.005973855937593785,0.005371153519298439
2018-07-13 00:00:00-04:00,70.92677307128906,70.93529462380134,70.90973646630458,70.92677307128906,1241400,0.0,0.0,0.0,0.0002397171767685169,0.00023968844919700116,0.005969776167561368,0.005314894641361185
2018-07-16 00:00:00-04:00,70.9012532231568,70.90977478027344,70.88421010892353,70.90977478027344,1530600,0.0,0.0,0.0,-0.00023965972621564635,-0.00023968844919708415,0.004129496481786921,0.005259003927552058
2018-07-17 00:00:00-04:00,70.91827409820168,70.91827409820168,70.89271593256755,70.90123748779297,2830600,0.0,0.0,0.0,-0.00012039655332318766,-0.00012040380156999551,0.004129938580667022,0.0052618391885057795
2018-07-18 00:00:00-04:00,70.90975856443737,70.90975856443737,70.88419389893366,70.89271545410156,972800,0.0,0.0,0.0,-0.00012019583851230475,-0.00012020306261097946,0.0028861630100462023,0.005167090185509774
2018-07-19 00:00:00-04:00,70.89269336128004,70.96085278129809,70.89269336128004,70.92677307128906,1185300,0.0,0.0,0.0,0.0004804106736404634,0.0004802953133781784,0.004783009378092391,0.00503328001524411
2018-07-20 00:00:00-04:00,70.95233122878582,70.96085278129809,70.9182515187768,70.92677307128906,1730800,0.0,0.0,0.0,0.0,0.0,0.004470115720341777,0.004643426733010491
2018-07-23 00:00:00-04:00,70.91825787468444,70.92677942796044,70.8841781616211,70.8841781616211,1083100,0.0,0.0,0.0,-0.0006005476891660644,-0.0006007280901594279,0.00611925303988504,0.005169827614971958
2018-07-24 00:00:00-04:00,70.89271545410156,70.89271545410156,70.86715728863992,70.89271545410156,1563400,0.0,0.0,0.0,0.00012044002909927798,0.00012043277678128035,0.006237337993978847,0.005023717382546854
2018-07-25 00:00:00-04:00,70.89270751562701,70.90122906984068,70.86714935302734,70.86714935302734,682800,0.0,0.0,0.0,-0.00036063086186577387,-0.0003606959048131717,0.006688261596060016,0.005184266798306748
2018-07-26 00:00:00-04:00,70.88418596141334,70.89270751562701,70.84159119042768,70.86714935302734,2208500,0.0,0.0,0.0,0.0,0.0,0.004787747977906192,0.004645693733586595
2018-07-27 00:00:00-04:00,70.87567901611328,70.89271562644844,70.86715746092466,70.87567901611328,1425300,0.0,0.0,0.0,0.00012036131217074697,0.00012035406932917935,0.005118858855462896,0.004681691502653608
2018-07-30 00:00:00-04:00,70.87567901611328,70.8841940712598,70.86715746092466,70.87567901611328,4199600,0.0,0.0,0.0,0.0,0.0,0.003136726451853868,0.004624366300444441
2018-07-31 00:00:00-04:00,70.89271562644844,70.89271562644844,70.87567901611328,70.87567901611328,2525700,0.0,0.0,0.0,0.0,0.0,0.002894602058972763,0.004613092839427902
2018-08-01 00:00:00-04:00,70.87393234887116,70.89099725767088,70.86539663905187,70.88246154785156,9125200,0.138,0.0,0.0,9.56961800215872e-05,9.569160143425171e-05,0.0009494374598451662,0.004412694953337713
2018-08-02 00:00:00-04:00,70.90809184225978,70.92516326904297,70.89956263970983,70.92516326904297,1911300,0.0,0.0,0.0,0.0006024299983231618,0.0006022486102171569,0.00398906951880776,0.004945858478962367
2018-08-03 00:00:00-04:00,70.91661387924344,70.95075021538491,70.91661387924344,70.93368530273438,1371200,0.0,0.0,0.0,0.00012015529184017382,0.00012014807377128222,0.003989210787879234,0.004885601894038744
2018-08-06 00:00:00-04:00,70.95930323091679,70.95930323091679,70.9422318032629,70.95076751708984,1148200,0.0,0.0,0.0,0.00024081949616139298,0.00024079050380105093,0.0037243572463069316,0.004420177991432332
2018-08-07 00:00:00-04:00,70.94222818498451,70.94222818498451,70.90809184225978,70.92516326904297,927500,0.0,0.0,0.0,-0.00036087344708013447,-0.000360938577572253,0.005483236880986041,0.004610678895190282
2018-08-08 00:00:00-04:00,70.94221450363945,70.94221450363945,70.92514959098891,70.93368530273438,1438200,0.0,0.0,0.0,0.00012015529184017382,0.00012014807377128222,0.0054736270662280205,0.004453623520793251
2018-08-09 00:00:00-04:00,70.9508168930491,70.9764175415039,70.9508168930491,70.9764175415039,660700,0.0,0.0,0.0,0.0006024251889233945,0.0006022438037129603,0.005473601719663844,0.0048890932912582065
2018-08-10 00:00:00-04:00,71.01898557069647,71.05312188890099,71.0104498634361,71.04458618164062,1496600,0.0,0.0,0.0,0.000960440699854459,0.0009599797717912625,0.007935071295682158,0.005842286224064231
2018-08-13 00:00:00-04:00,71.01901403297111,71.04461465417523,71.01047832228988,71.02754974365234,1577400,0.0,0.0,0.0,-0.00023979924303763056,-0.00023982799947338418,0.008885603913155923,0.005842388456836362
2018-08-14 00:00:00-04:00,71.02754974365234,71.02754974365234,71.01047832228988,71.02754974365234,1285500,0.0,0.0,0.0,0.0,0.0,0.007698422359170933,0.005802277048130476
2018-08-15 00:00:00-04:00,71.04461111571769,71.07874744590282,71.02754620604473,71.06167602539062,775000,0.0,0.0,0.0,0.00048046542308499696,0.00048035003653162684,0.007626241299626076,0.005905777760708179
2018-08-16 00:00:00-04:00,71.04458618164062,71.0616510853244,71.02752127795684,71.04458618164062,988000,0.0,0.0,0.0,-0.0002404931139521338,-0.0002405220370583612,0.008264195513566115,0.005875125064587382
2018-08-17 00:00:00-04:00,71.0617233782943,71.07879481018226,71.0531941731939,71.07025909423828,783400,0.0,0.0,0.0,0.0003613633913217562,0.0003612981152965662,0.005328194179954007,0.005946960393515944
2018-08-20 00:00:00-04:00,71.09582835591927,71.11289978027344,71.0787634424058,71.11289978027344,761700,0.0,0.0,0.0,0.0005999793243840479,0.0005997994087493807,0.005559541246131439,0.005584018811826272
2018-08-21 00:00:00-04:00,71.07879842037403,71.09586334228516,71.07879842037403,71.09586334228516,1449900,0.0,0.0,0.0,-0.00023956888329568216,-0.00023959758450463984,0.006407309940530551,0.005762208284165758
2018-08-22 00:00:00-04:00,71.10436406809634,71.12142898160981,71.09582835591927,71.11289978027344,609800,0.0,0.0,0.0,0.00023962629029861127,0.00023959758450479383,0.005935815023843793,0.005451741518125426
2018-08-23 00:00:00-04:00,71.11291346040115,71.1214426633783,71.09584203276292,71.10437774658203,702700,0.0,0.0,0.0,-0.00011983808447890709,-0.00011984526563587601,0.005488130607488226,0.005518413313909984
2018-08-24 00:00:00-04:00,71.0787634424058,71.11289978027344,71.0787634424058,71.11289978027344,2277200,0.0,0.0,0.0,0.00011985244736667511,0.00011984526563593149,0.005213892096514769,0.00551847085404028
2018-08-27 00:00:00-04:00,71.07878270591975,71.09584762405808,71.07878270591975,71.08731842041016,952800,0.0,0.0,0.0,-0.00035972882476065227,-0.0003597935426954039,0.003945333986152535,0.005803355532324705
2018-08-28 00:00:00-04:00,71.06167602539062,71.07874744590282,71.05314682597378,71.06167602539062,931800,0.0,0.0,0.0,-0.00036071687031269395,-0.0003607819442922834,0.00434330513163383,0.006061814660523889
2018-08-29 00:00:00-04:00,71.07021127186627,71.07021127186627,71.03607494190389,71.05314636230469,582200,0.0,0.0,0.0,-0.00012003183098141523,-0.00012003903537815,0.00318855641464313,0.006126556295509103
2018-08-30 00:00:00-04:00,71.07024140214753,71.10437774658203,71.07024140214753,71.10437774658203,1657100,0.0,0.0,0.0,0.0007210290733095093,0.0007207692567299343,0.007135483701328539,0.006263273541037642
2018-08-31 00:00:00-04:00,71.1214599609375,71.1299956768326,71.11293075588596,71.1214599609375,4047500,0.0,0.0,0.0,0.0002402413873354714,0.00024021253399446224,0.007311799833152821,0.0062762122247203775
2018-09-04 00:00:00-04:00,71.11375198167224,71.1308502860297,71.07956841514218,71.10520935058594,1358700,0.131,0.0,0.0,-0.00022849095561994215,-0.0002285170636553846,0.006926941876687828,0.0063886340687491034
2018-09-05 00:00:00-04:00,71.10520935058594,71.11375198167224,71.08811104622848,71.10520935058594,846300,0.0,0.0,0.0,0.0,0.0,0.00598788174615419,0.006161128525645031
2018-09-06 00:00:00-04:00,71.1223025932513,71.15649268157537,71.11375344089716,71.13085174560547,5085900,0.0,0.0,0.0,0.00036062610958786934,0.00036056109962146897,0.005727766780999992,0.006216545604206357
2018-09-07 00:00:00-04:00,71.08812991603394,71.08812991603394,71.05393981933594,71.05393981933594,835500,0.0,0.0,0.0,-0.001081273798668958,-0.0010818587969163393,0.009079820224183037,0.007325363843318039
2018-09-10 00:00:00-04:00,71.06243133544922,71.0709804829631,71.05388218793534,71.06243133544922,623800,0.0,0.0,0.0,0.00011950802636517821,0.00011950088584988896,0.008795813663626379,0.00650897051461583
2018-09-11 00:00:00-04:00,71.01972198486328,71.03682028708137,71.0026302037368,71.01972198486328,763700,0.0,0.0,0.0,-0.0006010116707705349,-0.0006011923506821867,0.00934329034805572,0.006813914548664485
2018-09-12 00:00:00-04:00,71.03682028708137,71.03682028708137,71.0026302037368,71.01972198486328,687600,0.0,0.0,0.0,0.0,0.0,0.00934329034805572,0.006813914548664485
2018-09-13 00:00:00-04:00,71.02827453613281,71.03682368765111,71.01118275418814,71.02827453613281,687200,0.0,0.0,0.0,0.00012042501759368385,0.000120417767083342,0.008486094934892907,0.006589556687980637
2018-09-14 00:00:00-04:00,70.98552510440449,71.01116603182929,70.98552510440449,71.00261688232422,718500,0.0,0.0,0.0,-0.00036123155146539077,-0.0003612968112986915,0.005120243807729664,0.006655910966320045
2018-09-17 00:00:00-04:00,70.99409255815969,71.01119086314878,70.98554992675781,70.98554992675781,2312900,0.0,0.0,0.0,-0.00024037079639882553,-0.00024039969008893185,0.004557925896758852,0.0065287927855598085
2018-09-18 00:00:00-04:00,71.00264594280212,71.00264594280212,70.95990669887456,70.97700500488281,860400,0.0,0.0,0.0,-0.0001203755114078664,-0.00012038275712121655,0.0030212241205076983,0.0060465622150148455
2018-09-19 00:00:00-04:00,70.95989990234375,70.96844905452903,70.9428081190656,70.95989990234375,659800,0.0,0.0,0.0,-0.0002409949889811136,-0.00024102403293986335,0.0028985653521245653,0.006047014780739214
2018-09-20 00:00:00-04:00,70.94281068537775,70.98554992675781,70.94281068537775,70.98554992675781,945300,0.0,0.0,0.0,0.000361472105363303,0.00036140679006112426,0.004483927892082129,0.00615118415264918
2018-09-21 00:00:00-04:00,70.96845245361328,70.9940933903048,70.95990330101853,70.96845245361328,1873300,0.0,0.0,0.0,-0.00024085850095090233,-0.00024088751201811078,0.004145079147036811,0.006174046587097801
2018-09-24 00:00:00-04:00,70.96845245361328,70.9940933903048,70.95990330101853,70.96845245361328,777100,0.0,0.0,0.0,0.0,0.0,0.003965855677555533,0.006133097130331717
2018-09-25 00:00:00-04:00,70.95990669887456,70.97700500488281,70.95136406696349,70.97700500488281,1217500,0.0,0.0,0.0,0.00012051201588647587,0.00012050475489684116,0.004057145245827873,0.006101834821565648
2018-09-26 00:00:00-04:00,70.96845162176872,71.00264171065423,70.96845162176872,70.98554992675781,1325900,0.0,0.0,0.0,0.00012039000341612649,0.00012038275712124703,0.003473880348529524,0.006044452424851833
2018-09-27 00:00:00-04:00,71.00264171065423,71.00264171065423,70.98554992675781,70.98554992675781,901900,0.0,0.0,0.0,0.0,0.0,0.0023415533536132902,0.006041951115009263
2018-09-28 00:00:00-04:00,71.01972198486328,71.03682028708137,71.01972198486328,71.01972198486328,2340300,0.0,0.0,0.0,0.00048139456749618503,0.0004812787343041996,0.00313913282117216,0.005687121267867586
2018-10-01 00:00:00-04:00,71.02572905980473,71.03429233157142,71.00004577636719,71.00004577636719,3392500,0.137,0.0,0.0,-0.0002770527389601707,-0.00027709112516041836,0.004331933541467427,0.00562156319999289
2018-10-02 00:00:00-04:00,71.01717830387258,71.05142486511232,71.01717830387258,71.02574157714844,3058600,0.0,0.0,0.0,0.00036191245372130254,0.00036184697920610854,0.004760217102891014,0.0058096927812269624
2018-10-03 00:00:00-04:00,71.00857398380668,71.02569398702362,70.96576417797543,70.99144744873047,1468200,0.0,0.0,0.0,-0.00048284083568095326,-0.000482957440853257,0.006502850683610257,0.0059978957804587936
2018-10-04 00:00:00-04:00,70.94865907004431,70.9743423461914,70.94865907004431,70.9743423461914,1245400,0.0,0.0,0.0,-0.00024094596115142863,-0.00024097499329307138,0.006761620350081539,0.005788216566845143
2018-10-05 00:00:00-04:00,70.95724940971436,70.96581268310547,70.9401293947959,70.96581268310547,1692100,0.0,0.0,0.0,-0.00012017952972820378,-0.00012018675186652788,0.005008172145686615,0.004514628840938384
2018-10-08 00:00:00-04:00,70.9658047053767,70.99148799079903,70.94868469238281,70.94868469238281,1601900,0.0,0.0,0.0,-0.0002413555214133556,-0.0002413846523445823,0.0049580984733076,0.004503897706065366
2018-10-09 00:00:00-04:00,70.9743423461914,70.98290561552733,70.95721580751956,70.9743423461914,2939000,0.0,0.0,0.0,0.0003616367790304498,0.0003615714042112938,0.004956324014983491,0.004319552179355631
2018-10-10 00:00:00-04:00,70.9486441747585,71.00001071626858,70.9486441747585,70.99144744873047,1956800,0.0,0.0,0.0,0.000241004030099079,0.00024097499329304818,0.004487284660064758,0.004426562907504793
2018-10-11 00:00:00-04:00,71.02572177918968,71.05996833088341,71.00003849838485,71.01715850830078,2116100,0.0,0.0,0.0,0.0003621712261732135,0.00036210565800547106,0.0044895614719006405,0.004607656507154985
2018-10-12 00:00:00-04:00,71.04284832096747,71.0685316017723,71.01715850830078,71.01715850830078,2273900,0.0,0.0,0.0,0.0,0.0,0.00415177353317463,0.004414508038915661
2018-10-15 00:00:00-04:00,71.05139578820341,71.05139578820341,71.0257125107501,71.04283905029297,1770500,0.0,0.0,0.0,0.0003616103844705787,0.0003615450191928676,0.002496324818875144,0.0044778871250634004
2018-10-16 00:00:00-04:00,71.03428505007858,71.03428505007858,71.00860176927374,71.01715850830078,2148800,0.0,0.0,0.0,-0.00036147966966815215,-0.00036154501919276804,0.004879216265987076,0.004670334376593257
2018-10-17 00:00:00-04:00,71.03428505007858,71.05140505999451,70.99147522749595,71.01715850830078,1607400,0.0,0.0,0.0,0.0,0.0,0.004804137800879272,0.004563130755325276
2018-10-18 00:00:00-04:00,71.0000372096049,71.06853031174909,70.99147393887144,71.05996704101562,1329400,0.0,0.0,0.0,0.0006027914044157701,0.000602609798653748,0.005897567058066498,0.004859156410582083
2018-10-19 00:00:00-04:00,71.05140505999451,71.05140505999451,71.00860176927374,71.01715850830078,4100700,0.0,0.0,0.0,-0.000602428265835453,-0.0006026097986538536,0.007888316204213793,0.005298268505706303
2018-10-22 00:00:00-04:00,71.00860904813388,71.03429233157142,71.00004577636719,71.00004577636719,2028000,0.0,0.0,0.0,-0.00024096615934854348,-0.00024099519635823724,0.007285468806094479,0.005387288037256868
2018-10-23 00:00:00-04:00,71.08564233542816,71.10276887497103,71.04283905029297,71.04283905029297,2864700,0.0,0.0,0.0,0.0006027217793713735,0.0006025402155510253,0.00840520911081263,0.005762711698356389
2018-10-24 00:00:00-04:00,71.07710315556105,71.15415954589844,71.07710315556105,71.15415954589844,2957300,0.0,0.0,0.0,0.0015669488592180425,0.00156572247580725,0.01342002549737446,0.007900199654837767
2018-10-25 00:00:00-04:00,71.13704337535926,71.1456066492819,71.11136008545549,71.12848663330078,2679900,0.0,0.0,0.0,-0.00036080691222406536,-0.0003608720186990681,0.014161587453928167,0.008074029817866656
2018-10-26 00:00:00-04:00,71.17985844056716,71.2226682814602,71.16273842332875,71.17129516601562,3797300,0.0,0.0,0.0,0.0006018479338039118,0.0006016668959707217,0.012366614582419246,0.008160216820833302
2018-10-29 00:00:00-04:00,71.15412774866037,71.20549429802189,71.14556447981334,71.19693756103516,4785400,0.0,0.0,0.0,0.0003602912516866841,0.0003602263623792284,0.010955489999727301,0.00807582692565566
2018-10-30 00:00:00-04:00,71.17123831544174,71.17123831544174,71.13699177645589,71.16268157958984,5203700,0.0,0.0,0.0,-0.00048114402976873194,-0.00048125981669903934,0.013137904056957958,0.008317469932994884
2018-10-31 00:00:00-04:00,71.11992335937813,71.1456066492819,71.102803343397,71.12848663330078,12635800,0.0,0.0,0.0,-0.00048051795590109414,-0.00048063344165086524,0.008166666501053877,0.008315328017153163
2018-11-01 00:00:00-04:00,71.15075102457129,71.17647951661985,71.13360087765896,71.16790771484375,3623600,0.146,0.0,0.0,0.0005542235384004002,0.0005540700132573546,0.008695017887920037,0.00836615839048972
2018-11-02 00:00:00-04:00,71.1250232442736,71.13360158949568,71.08213806152344,71.08213806152344,3723800,0.0,0.0,0.0,-0.001205173175302221,-0.001205899980502894,0.01133152939216093,0.009602484381518245
2018-11-05 00:00:00-05:00,71.11643618069384,71.11643618069384,71.09070769154195,71.10786437988281,2361000,0.0,0.0,0.0,0.00036192381181754385,0.00036185833319313606,0.011337077517520609,0.009571715523888353
2018-11-06 00:00:00-05:00,71.08215804152685,71.09931473679346,71.0735862372556,71.09073638916016,4431500,0.0,0.0,0.0,-0.00024087336713074503,-0.00024090238177957245,0.011155510050775386,0.009602380026093465
2018-11-07 00:00:00-05:00,71.07357315806641,71.08214496076026,71.05641646595703,71.06499481201172,1675000,0.0,0.0,0.0,-0.00036209467584535915,-0.0003621602479518484,0.010999891064006314,0.009708071216927494
2018-11-08 00:00:00-05:00,71.08213260410022,71.08213260410022,71.03925396800231,71.05640411376953,1332800,0.0,0.0,0.0,-0.00012088508927510233,-0.00012089239646639977,0.009035980297659955,0.009654621692168056
2018-11-09 00:00:00-05:00,71.0650078896223,71.11646488869803,71.0650078896223,71.09073638916016,1229500,0.0,0.0,0.0,0.0004831693331350806,0.00048305264441826613,0.005967460404477746,0.009787590364104502
2018-11-12 00:00:00-05:00,71.11645290128331,71.16791643504638,71.11645290128331,71.14218139648438,994300,0.0,0.0,0.0,0.000723652756142501,0.0007233910457374576,0.007589193016029663,0.010021090748039016
2018-11-13 00:00:00-05:00,71.14220137552468,71.16793642131393,71.14220137552468,71.1507797241211,2990100,0.0,0.0,0.0,0.00012086117501519666,0.00012085387189182042,0.006986381094447293,0.009891018712026372
2018-11-14 00:00:00-05:00,71.15933083281374,71.24509465585902,71.15075248750114,71.20220947265625,3329800,0.0,0.0,0.0,0.0007228276167114966,0.0007225665026491502,0.005961586670083493,0.010129647014098433
2018-11-15 00:00:00-05:00,71.26227024981169,71.2794269465633,71.21939159465786,71.23654174804688,1952400,0.0,0.0,0.0,0.0004821799161136564,0.0004820637047329333,0.003919155586047435,0.010063867190964491
2018-11-16 00:00:00-05:00,71.2879638671875,71.30511401061,71.2708071804062,71.2879638671875,1293200,0.0,0.0,0.0,0.0007218503015278266,0.0007215898929087434,0.004186670362947075,0.009891913943907297
2018-11-19 00:00:00-05:00,71.28797950135964,71.35658663345471,71.27940115608767,71.34801483154297,1547700,0.0,0.0,0.0,0.0008423717146326393,0.0008420171187002493,0.004557654861574055,0.010011918174784985
2018-11-20 00:00:00-05:00,71.33941940767146,71.35656955074943,71.32226926459347,71.33084106445312,2307600,0.0,0.0,0.0,-0.0002407042036193241,-0.00024073317752566474,0.006941742903632799,0.01005937471749909
2018-11-21 00:00:00-05:00,71.33941940767146,71.33941940767146,71.31369092137516,71.33084106445312,9309900,0.0,0.0,0.0,0.0,0.0,0.007399058098195106,0.008684136086961647
2018-11-23 00:00:00-05:00,71.35659171642425,71.35659171642425,71.31371307373047,71.31371307373047,1666200,0.0,0.0,0.0,-0.00024012040888710118,-0.00024014924240825354,0.00836808048252436,0.008604952982183878
2018-11-26 00:00:00-05:00,71.31369491069633,71.32227325439453,71.29653822329992,71.32227325439453,1764000,0.0,0.0,0.0,0.00012003554849560061,0.00012002834480560944,0.007069106546216879,0.008422708897664628
2018-11-27 00:00:00-05:00,71.31369092137516,71.33941940767146,71.30511257815682,71.33084106445312,1555200,0.0,0.0,0.0,0.00012012811240658117,0.00012012089760268071,0.002893040124889097,0.00836955018338282
2018-11-28 00:00:00-05:00,71.32232047778882,71.37377748733027,71.30516377903277,71.35662078857422,2986100,0.0,0.0,0.0,0.0003614106287881391,0.0003613453356981094,0.0034687249802085457,0.008132513924747906
2018-11-29 00:00:00-05:00,71.39089892779143,71.39947727371906,71.3565920874416,71.37374877929688,2217300,0.0,0.0,0.0,0.0002400336581718232,0.00024000485470240476,0.0035706480718097127,0.007803312980584224
2018-11-30 00:00:00-05:00,71.37376185730882,71.41664050808232,71.36518350980936,71.39949035644531,4712700,0.0,0.0,0.0,0.0003606588919413678,0.00036059387015651974,0.0019125129417746415,0.007707299740570522
2018-12-03 00:00:00-05:00,71.35825153746511,71.38402399715454,71.34107208251953,71.34107208251953,2828800,0.142,0.0,0.0,-0.0008181889483264149,-0.0008185238475903749,0.007890400472375192,0.006873807772836257
2018-12-04 00:00:00-05:00,71.36684381254672,71.42698173605459,71.36684381254672,71.39261627197266,4062000,0.0,0.0,0.0,0.0007225037127771561,0.0007222428326200263,0.009255047051425177,0.007114017645215016
2018-12-06 00:00:00-05:00,71.4956615210422,71.56439240004062,71.46129608154297,71.46129608154297,4012200,0.0,0.0,0.0,0.0009620015788280867,0.0009615391518558082,0.01086609710522192,0.007401004004943348
2018-12-07 00:00:00-05:00,71.46991853052062,71.54723588535083,71.46132552847057,71.53864288330078,2079300,0.0,0.0,0.0,0.001082359346933126,0.0010817740183743305,0.012172402348223518,0.007564697635915769
2018-12-10 00:00:00-05:00,71.53005643579081,71.59019434106101,71.51287043169071,71.53864288330078,9725100,0.0,0.0,0.0,0.0,0.0,0.012622295710303422,0.0074803444911849095
2018-12-11 00:00:00-05:00,71.50431328268259,71.53008574485278,71.46135480937042,71.4699478149414,5675500,0.0,0.0,0.0,-0.0009602512095656657,-0.0009607125461146995,0.0134892979725659,0.008755701621005254
2018-12-12 00:00:00-05:00,71.46129608154297,71.48706852253304,71.46129608154297,71.46129608154297,4565500,0.0,0.0,0.0,-0.00012105414461527353,-0.0001210614722596049,0.013395371399286373,0.008683445310184144
2018-12-13 00:00:00-05:00,71.50428736162571,71.53005981445312,71.49569435916979,71.53005981445312,7531900,0.0,0.0,0.0,0.0009622514099336676,0.0009617887428233065,0.01339627550840276,0.009056572502161629
2018-12-14 00:00:00-05:00,71.53866310108087,71.58162156893168,71.53007665114426,71.57302856445312,4449200,0.0,0.0,0.0,0.0006007089901987062,0.0006005286367762538,0.011711463880265428,0.008984966803402702
2018-12-17 00:00:00-05:00,71.58157811765676,71.64171600341797,71.56439867366981,71.64171600341797,5815300,0.0,0.0,0.0,0.0009596832821316958,0.0009592230805390095,0.013112132872908067,0.009296124160356863
2018-12-18 00:00:00-05:00,71.64946910883403,71.69248894750818,71.63226511170785,71.68388366699219,6567000,0.119,0.0,0.0,0.0005885909205776141,0.0005884177688820666,0.007012817019959759,0.009224595584310396
2018-12-19 00:00:00-05:00,71.70110321044922,71.73551777606919,71.64087936159108,71.70110321044922,12278900,0.0,0.0,0.0,0.00024021499082027553,0.00024018614381893046,0.004798401246190092,0.008979592515307762
2018-12-20 00:00:00-05:00,71.70966309641055,71.7182683733447,71.675248552577,71.69245910644531,7297300,0.0,0.0,0.0,-0.00012055747564354569,-0.00012056474328013027,0.006502610866025461,0.008902841469835502
2018-12-21 00:00:00-05:00,71.69247630245292,71.74409484863281,71.68387102345471,71.74409484863281,5548800,0.0,0.0,0.0,0.0007202395179504162,0.0007199802699417795,0.006724410490552699,0.008997929820411636
2018-12-24 00:00:00-05:00,71.75272561273233,71.8043441772461,71.75272561273233,71.8043441772461,4049100,0.0,0.0,0.0,0.0008397810125055916,0.0008394285937203771,0.006217686815565564,0.008972106157918287
2018-12-26 00:00:00-05:00,71.8215209144158,71.84733018451686,71.73548126220703,71.73548126220703,6207700,0.0,0.0,0.0,-0.0009590354988701089,-0.0009594956676498109,0.011535258986772611,0.010077347348142671
2018-12-27 00:00:00-05:00,71.80436010910246,71.87318925299718,71.80436010910246,71.8129653930664,4207700,0.0,0.0,0.0,0.0010801367676918083,0.0010795538396968936,0.013371113007180392,0.010433743826941247
2018-12-28 00:00:00-05:00,71.84736090994625,71.91618347167969,71.83875562826456,71.91618347167969,6740100,0.0,0.0,0.0,0.0014373181506754928,0.0014362861976538867,0.01470293876159801,0.011141949283208184
2018-12-31 00:00:00-05:00,71.89898912189244,71.9850222585359,71.88178512012679,71.94200897216797,4892300,0.0,0.0,0.0,0.00035910554817530915,0.00035904108521015457,0.014776876866312181,0.011128578367160528
2019-01-02 00:00:00-05:00,71.9505844116211,71.95918969167349,71.92477513536936,71.9505844116211,5380200,0.0,0.0,0.0,0.00011919933256865356,0.00011919222889270784,0.014776609143730572,0.011171906963950536
2019-01-03 00:00:00-05:00,71.95921215417589,72.13127842550263,71.9506068714373,72.09687042236328,5284600,0.0,0.0,0.0,0.0020331455531383824,0.002031081509911639,0.012427436351553743,0.011673306137387167
2019-01-04 00:00:00-05:00,71.9850222585359,71.99362754137252,71.94200897216797,71.94200897216797,5969500,0.0,0.0,0.0,-0.0021479635563664834,-0.0021502737388041696,0.025483279383086324,0.015007422630257646
2019-01-07 00:00:00-05:00,71.96782291149223,71.98502691437062,71.89038848876953,71.89038848876953,3632600,0.0,0.0,0.0,-0.0007175290784332544,-0.0007177866256282234,0.02430973999320164,0.015329870477145154
2019-01-08 00:00:00-05:00,71.86454744009885,71.89035671496333,71.83873816523436,71.84734344482422,2061600,0.0,0.0,0.0,-0.0005987593731259233,-0.0005989387011058219,0.024193366454179077,0.015353108841769224
2019-01-09 00:00:00-05:00,71.84737559128045,71.90759944754508,71.84737559128045,71.88179016113281,4161900,0.0,0.0,0.0,0.0004794431451045078,0.0004793282489624589,0.02468156997225374,0.015358067514483134
2019-01-10 00:00:00-05:00,71.93340834182749,71.95061234470586,71.88178976928435,71.89038848876953,4037300,0.0,0.0,0.0,0.00011961760575873726,0.0001196104521433934,0.016050960763320934,0.014703394801080403
2019-01-11 00:00:00-05:00,71.93341064453125,71.95061464796036,71.92480536086259,71.93341064453125,2057100,0.0,0.0,0.0,0.0005984409969970184,0.0005982620025917417,0.009632715065358512,0.01465592631043725
2019-01-14 00:00:00-05:00,71.95061464796036,71.96782521529768,71.77854835803646,71.93341064453125,1872800,0.0,0.0,0.0,0.0,0.0,0.007484287661310064,0.014502311610156833
2019-01-15 00:00:00-05:00,71.96785669124087,71.97646197867316,71.93344210542286,71.9592514038086,3311300,0.0,0.0,0.0,0.0003592316705938181,0.00035916716234571405,0.003942101981206608,0.014457096540286353
2019-01-16 00:00:00-05:00,71.92479840649473,71.950607691097,71.90759440472907,71.94200897216797,3262200,0.0,0.0,0.0,-0.00023961382732939907,-0.0002396425393091393,0.005135113842177448,0.014323900267441635
2019-01-17 00:00:00-05:00,71.94201592819991,71.95061464796036,71.90760135743349,71.93341064453125,2507700,0.0,0.0,0.0,-0.00011951748025340603,-0.00011952462303657973,0.005540339032437042,0.014295882892357536
2019-01-18 00:00:00-05:00,71.90759114058373,71.91618985912244,71.85596600981505,71.87317657470703,4135300,0.0,0.0,0.0,-0.0008373587361494295,-0.0008377095168091026,0.0069273446904704996,0.014734802234761289
2019-01-22 00:00:00-05:00,71.90760135743349,71.93341064453125,71.89899607376483,71.93341064453125,4049800,0.0,0.0,0.0,0.0008380604934250524,0.0008377095168091344,0.010053281847974679,0.014918757886910543
2019-01-23 00:00:00-05:00,71.9075847539047,71.94199931672476,71.89037419054131,71.91618347167969,7921700,0.0,0.0,0.0,-0.00023948778039584173,-0.00023951646217370282,0.009594126357737185,0.014836474946498498
2019-01-24 00:00:00-05:00,71.96787328724348,71.99368259158092,71.9506627084101,71.97647857666016,2013000,0.0,0.0,0.0,0.0008384080198613475,0.0008380567521808458,0.011589428538448774,0.014835592523634745
2019-01-25 00:00:00-05:00,71.95059871009165,71.95920399185415,71.91618414694844,71.92478942871094,1603500,0.0,0.0,0.0,-0.0007181394390414209,-0.0007183974246888808,0.012985872431359876,0.014626344672890569
2019-01-28 00:00:00-05:00,71.92480536086259,71.95921993162902,71.91620007719393,71.93341064453125,5781000,0.0,0.0,0.0,0.00011986431783528317,0.0001198571346819349,0.010801765932059585,0.014191619597060653
2019-01-29 00:00:00-05:00,71.95061627553508,71.97643212712504,71.95061627553508,71.96782684326172,4065700,0.0,0.0,0.0,0.00047844525126916615,0.0004783308328337851,0.009634461203777247,0.013362980273776888
2019-01-30 00:00:00-05:00,71.96781580737371,72.06245422363281,71.95060524228623,72.06245422363281,3635000,0.0,0.0,0.0,0.0013148567147536205,0.0013139930476462232,0.012203269888806502,0.014080645283679472
2019-01-31 00:00:00-05:00,72.08828134806689,72.13989992828941,72.08828134806689,72.12269592285156,7267100,0.0,0.0,0.0,0.0008359651342404462,0.0008356159100002536,0.01219783634351911,0.01433201959401599
2019-02-01 00:00:00-05:00,72.08990506770924,72.10714689115713,72.03819274902344,72.03819274902344,7391200,0.152,0.0,0.0,-0.0011716585569474525,-0.001172345485450681,0.014946637060026477,0.013121224861953513
2019-02-04 00:00:00-05:00,72.04680708491846,72.0554279966424,72.02095092557555,72.03819274902344,9052500,0.0,0.0,0.0,0.0,0.0,0.01506919586711261,0.010498336109900147
2019-02-05 00:00:00-05:00,72.0295718372995,72.06404890836633,72.0295718372995,72.03819274902344,3074100,0.0,0.0,0.0,0.0,0.0,0.015078103431890802,0.010088093550132682
2019-02-06 00:00:00-05:00,72.08132247035672,72.08994338666307,72.05546629727014,72.07270812988281,2689800,0.0,0.0,0.0,0.000479126134932617,0.00047901139065588747,0.012029768530287175,0.009815650312197235
2019-02-07 00:00:00-05:00,72.11578399278115,72.1416401602864,72.09854873972131,72.12440490722656,2483100,0.0,0.0,0.0,0.0007172864553748326,0.0007170293283937544,0.011547880534283463,0.009954670051528737
2019-02-08 00:00:00-05:00,72.16750275414809,72.18473800717223,72.15026092529297,72.15026092529297,2459500,0.0,0.0,0.0,0.0003584919431871558,0.00035842770030373625,0.004950661726127241,0.009975147378437566
2019-02-11 00:00:00-05:00,72.12440490722656,72.1416401602864,72.11578399278115,72.12440490722656,3230700,0.0,0.0,0.0,-0.0003583634727694074,-0.00035842770030370823,0.006709963421483378,0.010021678727032718
2019-02-12 00:00:00-05:00,72.12440460581564,72.13302552022503,72.10716935282782,72.11578369140625,2366000,0.0,0.0,0.0,-0.00011953257474228707,-0.00011953971932984563,0.00702481118070295,0.010051621094280698
2019-02-13 00:00:00-05:00,72.07271546064023,72.09857163635674,72.06409454345703,72.06409454345703,3539200,0.0,0.0,0.0,-0.0007167522184935438,-0.0007170092081708532,0.009038146840340697,0.010439764378715265
2019-02-14 00:00:00-05:00,72.15023834120059,72.16748016465877,72.11576127011317,72.15885925292969,5773800,0.0,0.0,0.0,0.0013150058995816671,0.0013141420365640774,0.012470190740560425,0.011249402500799487
2019-02-15 00:00:00-05:00,72.1416401602864,72.1416401602864,72.12440490722656,72.12440490722656,3556400,0.0,0.0,0.0,-0.00047747907962836234,-0.00047759310906332814,0.012769277402530444,0.011433710365194909
2019-02-19 00:00:00-05:00,72.1589122006616,72.1761474609375,72.14167036455196,72.1761474609375,8248500,0.0,0.0,0.0,0.0007174070105326891,0.0007171497971337537,0.013508800692398583,0.011007936159223497
2019-02-20 00:00:00-05:00,72.16749572753906,72.19335189247327,72.15025390036269,72.16749572753906,2679800,0.0,0.0,0.0,-0.00011986970353494719,-0.00011987688848203736,0.013509214810441931,0.010807042777528334
2019-02-21 00:00:00-05:00,72.15027588447668,72.15027588447668,72.13304062787911,72.14165496826172,2136700,0.0,0.0,0.0,-0.0003580664538354039,-0.00035813057493495166,0.012251415991900704,0.010873561406875707
2019-02-22 00:00:00-05:00,72.15885941565124,72.21057173448452,72.15885941565124,72.1933364868164,2640800,0.0,0.0,0.0,0.0007163894226909218,0.0007161329382762878,0.009231417079381347,0.010780334288433877
2019-02-25 00:00:00-05:00,72.16748765097347,72.18472290039062,72.1502458257267,72.18472290039062,2964300,0.0,0.0,0.0,-0.0001193127627139301,-0.00011931988104781434,0.008112868108082765,0.010340864221841013
2019-02-26 00:00:00-05:00,72.20200407443096,72.21924591064453,72.1847688140512,72.21924591064453,4570700,0.0,0.0,0.0,0.0004782592336267655,0.0004781449041307965,0.00721977904471913,0.010391082213042654
2019-02-27 00:00:00-05:00,72.19339676528624,72.20201110839844,72.16754058428076,72.20201110839844,2463500,0.0,0.0,0.0,-0.00023864555810260146,-0.00023867403848503715,0.007511210727356134,0.010446477124008393
2019-02-28 00:00:00-05:00,72.18472290039062,72.19334381301401,72.15886673835008,72.18472290039062,4136600,0.0,0.0,0.0,-0.00023944219478677642,-0.00023947086564586552,0.0070954097355117795,0.009594971318034825
2019-03-01 00:00:00-05:00,72.15362716666854,72.16226395974573,72.11908658230267,72.13636016845703,3697800,0.154,0.0,0.0,-0.0006699856976708496,-0.000670210238386705,0.006552866548581563,0.009520369355216156
2019-03-04 00:00:00-05:00,72.13640425588389,72.17094486135987,72.12776745752818,72.15367126464844,6418800,0.0,0.0,0.0,0.00023997740045356153,0.00023994861048306671,0.007154694635956172,0.008456431306275757
2019-03-05 00:00:00-05:00,72.13636579897458,72.16226959228516,72.11909221147194,72.16226959228516,6175900,0.0,0.0,0.0,0.00011916687655677549,0.00011915977674857705,0.005670961869252422,0.008452015434585528
2019-03-06 00:00:00-05:00,72.16225797347815,72.21406555175781,72.16225797347815,72.21406555175781,4167300,0.0,0.0,0.0,0.0007177706544612139,0.0007175131803025748,0.008277561267910384,0.008734249230390727
2019-03-07 00:00:00-05:00,72.23138058091236,72.28318818891783,72.23138058091236,72.27455139160156,3215500,0.0,0.0,0.0,0.0008375908402553645,0.0008372402567975286,0.009483798948599353,0.009016724074514579
2019-03-08 00:00:00-05:00,72.28320247617197,72.30910628529476,72.26593546607256,72.30047607421875,2626900,0.0,0.0,0.0,0.00035869724706727446,0.0003586329305893837,0.00491671942320279,0.00879944725521342
2019-03-11 00:00:00-04:00,72.29180940287638,72.29180940287638,72.26590560445752,72.28317260742188,2213500,0.0,0.0,0.0,-0.00023932714881591544,-0.00023935579212816828,0.0069797339392291815,0.008842178362181607
2019-03-12 00:00:00-04:00,72.2831629774931,72.31770356676482,72.2831629774931,72.30906677246094,3665600,0.0,0.0,0.0,0.0003582322704580587,0.0003581681205981693,0.006661792941285092,0.008722971005796625
2019-03-13 00:00:00-04:00,72.30047438434714,72.31774139404297,72.29183758552561,72.31774139404297,1174200,0.0,0.0,0.0,0.0001199658904371681,0.00011995869510519109,0.00624115246233761,0.008674119502578658
2019-03-14 00:00:00-04:00,72.31773207700142,72.33499908447266,72.30046506953019,72.33499908447266,1173300,0.0,0.0,0.0,0.00023863702180149104,0.00023860855251653075,0.00393485429095641,0.008064064043769638
2019-03-15 00:00:00-04:00,72.35223356828813,72.3695005664253,72.34359677524813,72.36087036132812,1570400,0.0,0.0,0.0,0.00035765918549679476,0.0003575952406968187,0.003931677878856718,0.006924638834405899
2019-03-18 00:00:00-04:00,72.34361267089844,72.36088626077387,72.33497587596072,72.34361267089844,1092000,0.0,0.0,0.0,-0.0002384947879083832,-0.0002385232323129643,0.003926258752147989,0.0066900355663666086
2019-03-19 00:00:00-04:00,72.32636887471023,72.34363588218146,72.30909527929262,72.33499908447266,1000100,0.0,0.0,0.0,-0.00011906491959379206,-0.00011907200838402075,0.003925389568170394,0.0064049437340093105
2019-03-20 00:00:00-04:00,72.34362888982457,72.44725068847559,72.34362888982457,72.43861389160156,2459400,0.0,0.0,0.0,0.0014324297842032152,0.001431404835321336,0.010497658769980272,0.007868869771661761
2019-03-21 00:00:00-04:00,72.4558874853496,72.4558874853496,72.42134688579927,72.43861389160156,1371100,0.0,0.0,0.0,0.0,0.0,0.010767795178850407,0.007638817314662452
2019-03-22 00:00:00-04:00,72.49041282771555,72.57676761023696,72.49041282771555,72.55949401855469,3113600,0.0,0.0,0.0,0.0016687250136233622,0.0016673342390364123,0.014640074295734136,0.009093098653777833
2019-03-25 00:00:00-04:00,72.58536997583944,72.68035492982271,72.5681029787254,72.6371841430664,3572700,0.0,0.0,0.0,0.001070709292595895,0.001070136492233256,0.013071326762484166,0.00942182172267391
2019-03-26 00:00:00-04:00,72.60270489208875,72.64587571531364,72.58543129244039,72.62860870361328,2374600,0.0,0.0,0.0,-0.00011805853371515962,-0.00011806550317239244,0.013066818804249399,0.00952005693320421
2019-03-27 00:00:00-04:00,72.68037382534355,72.71491441649395,72.66310682374042,72.68901062011719,1872500,0.0,0.0,0.0,0.0008316545997788527,0.000831308966710465,0.011911078668312102,0.00950053287445457
2019-03-28 00:00:00-04:00,72.68038940429688,72.6890262009218,72.64584880574274,72.68038940429688,1322700,0.0,0.0,0.0,-0.00011860411562580886,-0.0001186111496501122,0.012365406086758115,0.009412677371528563
2019-03-29 00:00:00-04:00,72.61991055800995,72.6458143476522,72.60264356089591,72.6371841430664,2277100,0.0,0.0,0.0,-0.000594455555131046,-0.0005946323138881804,0.011196695802040043,0.009308171473026162
2019-04-01 00:00:00-04:00,72.59745904057465,72.61475978437879,72.54554360752637,72.56285095214844,4381700,0.164,0.0,0.0,-0.0010233490160020953,-0.0010238729951125448,0.010972505342948734,0.010502853017638512
2019-04-02 00:00:00-04:00,72.58011240351706,72.6060668055814,72.57145873589084,72.59741973876953,2662200,0.0,0.0,0.0,0.0004763978560309301,0.0004762844145997211,0.012028525425290435,0.010505495038224084
2019-04-03 00:00:00-04:00,72.57149802364154,72.58015169595258,72.5541972798374,72.56285095214844,5005500,0.0,0.0,0.0,-0.00047617100918306843,-0.0004762844145997383,0.008929025525548024,0.010729521240241457
2019-04-04 00:00:00-04:00,72.58876994006012,72.58876994006012,72.56281553661243,72.58011627197266,1481200,0.0,0.0,0.0,0.0002379360733166802,0.00023790777101852364,0.009818629253012818,0.010496007867714827
2019-04-05 00:00:00-04:00,72.5628022141,72.58010294628382,72.55414854760136,72.57144927978516,6617100,0.0,0.0,0.0,-0.00011941276251226096,-0.0001194198927838223,0.009418782168684157,0.01054397773687442
2019-04-08 00:00:00-04:00,72.57144654452001,72.58875387686498,72.54549214681579,72.55414581298828,2756400,0.0,0.0,0.0,-0.0002384335295574358,-0.0002384619593506115,0.006037284550078726,0.010543498675764495
2019-04-09 00:00:00-04:00,72.58015169595258,72.59745904057465,72.56285095214844,72.56285095214844,3661900,0.0,0.0,0.0,0.00011998127829371263,0.00011997408111582078,0.004514641629295432,0.010526176992888324
2019-04-10 00:00:00-04:00,72.59739765661155,72.62335205078125,72.59739765661155,72.62335205078125,2364300,0.0,0.0,0.0,0.0008337751044638075,0.0008334277070888398,0.006632429788523939,0.010778252202475502
2019-04-11 00:00:00-04:00,72.58876994006012,72.60607067542033,72.58011627197266,72.58011627197266,3379200,0.0,0.0,0.0,-0.0005953426492674163,-0.00059551993607019,0.008456506914128385,0.01115011030838887
2019-04-12 00:00:00-04:00,72.53684997558594,72.55415731067362,72.52820290885639,72.53684997558594,1213300,0.0,0.0,0.0,-0.0005961177607458623,-0.0005962955095812027,0.009494478128148992,0.011446567900749535
2019-04-15 00:00:00-04:00,72.52819334759718,72.55414774599289,72.52819334759718,72.54549407958984,1021400,0.0,0.0,0.0,0.0001191684503367707,0.00011916135034105092,0.009494086063807288,0.011367425089659806
2019-04-16 00:00:00-04:00,72.53684997558594,72.54550364312978,72.5108955737687,72.53684997558594,1335700,0.0,0.0,0.0,-0.00011915425090935905,-0.00011916135034107118,0.009417555339152967,0.011367452053225136
2019-04-17 00:00:00-04:00,72.53688993521533,72.56285095214844,72.53688993521533,72.56285095214844,1600600,0.0,0.0,0.0,0.00035845196712092076,0.00035838773856266464,0.006771831551116806,0.010340246512050056
2019-04-18 00:00:00-04:00,72.58876994006012,72.59742360814758,72.5714626038852,72.58011627197266,1076800,0.0,0.0,0.0,0.0002379360733166802,0.00023790777101852364,0.005986481981122358,0.010348524525946269
2019-04-22 00:00:00-04:00,72.5887451171875,72.59739878231571,72.58009145205929,72.5887451171875,6156400,0.0,0.0,0.0,0.00011888717817032379,0.00011888011164983071,0.002809682661297643,0.008530727653417985
2019-04-23 00:00:00-04:00,72.60604472079321,72.63199911496292,72.60604472079321,72.62335205078125,1824600,0.0,0.0,0.0,0.00047675343523123637,0.00047663982442036265,0.0036417659459171783,0.0077890016247504044
2019-04-24 00:00:00-04:00,72.6666259765625,72.6839333110288,72.65797891014341,72.6666259765625,3424400,0.0,0.0,0.0,0.0005958679207067608,0.0005956904619084678,0.0029938616221083557,0.008064306773401453
2019-04-25 00:00:00-04:00,72.6839333110288,72.6925803774479,72.6666259765625,72.6666259765625,903000,0.0,0.0,0.0,0.0,0.0,0.0039242298457695755,0.007482035747626936
2019-04-26 00:00:00-04:00,72.73585316738914,72.7445068359375,72.72719949884078,72.7445068359375,2275800,0.0,0.0,0.0,0.0010717555456629668,0.0010711816257194552,0.006738133356679564,0.008400738604714571
2019-04-29 00:00:00-04:00,72.71855926513672,72.73586000304428,72.7099055957751,72.71855926513672,1009300,0.0,0.0,0.0,-0.00035669457295661733,-0.0003567582035973917,0.008763683648463234,0.00820101150858752
2019-04-30 00:00:00-04:00,72.72718504401547,72.77044677734375,72.7098843111724,72.77044677734375,1876000,0.0,0.0,0.0,0.0007135387820025318,0.0007132843342375255,0.009120568830799152,0.007452097590890501
2019-05-01 00:00:00-04:00,72.74964094713387,72.85365806490785,72.69763569478633,72.706298828125,1313600,0.156,0.0,0.0,-0.000881510998757884,-0.0008818997580588733,0.012555493849455148,0.008170460786037415
2019-05-02 00:00:00-04:00,72.70628796799825,72.71495771312081,72.67161560058594,72.67161560058594,2138700,0.0,0.0,0.0,-0.0004770319504373566,-0.0004771457663755575,0.013254662947597298,0.00817123170672042
2019-05-03 00:00:00-04:00,72.69766998291016,72.72367262134817,72.68033048189682,72.69766998291016,1332300,0.0,0.0,0.0,0.00035852212874165623,0.00035845787504038126,0.010308634007281263,0.008214217667451068
2019-05-06 00:00:00-04:00,72.74962128215996,72.758291026234,72.732288407089,72.74095153808594,1312200,0.0,0.0,0.0,0.0005953637191666861,0.0005951865605000437,0.011162141926372039,0.008373170614205769
2019-05-07 00:00:00-04:00,72.76697264874234,72.79298188757389,72.76697264874234,72.77564239501953,2815200,0.0,0.0,0.0,0.00047690958394230876,0.00047679589871029576,0.010391486874748916,0.008355666935618311
2019-05-08 00:00:00-04:00,72.7929922747695,72.8103251567184,72.75831989779198,72.76698303222656,1474500,0.0,0.0,0.0,-0.0001189871021126665,-0.00011899418163948823,0.0071558027371778675,0.008410896166874248
2019-05-09 00:00:00-04:00,72.82766613582915,72.86233851666164,72.80166350347488,72.81033325195312,1297000,0.0,0.0,0.0,0.0005957402371259413,0.0005955628543567481,0.004707500124818792,0.00819025570431131
2019-05-10 00:00:00-04:00,72.83633698493738,72.87100936629379,72.8103343521902,72.82766723632812,1558700,0.0,0.0,0.0,0.00023807038919887447,0.00023804205494071053,0.004820858083980652,0.007734676247238047
2019-05-13 00:00:00-04:00,72.90566741129872,72.94033978583708,72.89699766439432,72.91433715820312,2720800,0.0,0.0,0.0,0.0011900686258938808,0.0011893610555425923,0.007674352060573002,0.007981726549632364
2019-05-14 00:00:00-04:00,72.91433715820312,72.92300029202828,72.88832791748992,72.91433715820312,3785700,0.0,0.0,0.0,0.0,0.0,0.008386047353784776,0.00802066534584698
2019-05-15 00:00:00-04:00,72.99232647355856,72.99232647355856,72.93165148682054,72.96632385253906,1521800,0.0,0.0,0.0,0.0007129831575254375,0.0007127291057832169,0.007266420887905182,0.008051411423805147
2019-05-16 00:00:00-04:00,72.93165863715058,72.9403283826996,72.91432575913076,72.92298889160156,1046600,0.0,0.0,0.0,-0.0005939035797538628,-0.0005940800103435158,0.010811082440041983,0.00864052084093998
2019-05-17 00:00:00-04:00,72.966340761811,72.97501050851915,72.91433550772027,72.94033813476562,1067900,0.0,0.0,0.0,0.0002379118495794419,0.00023788355304332193,0.010811148437850563,0.008640521204922346
2019-05-20 00:00:00-04:00,72.93170332309465,72.94904282481676,72.90570068359375,72.90570068359375,1095900,0.0,0.0,0.0,-0.00047487374006793814,-0.0004749865283106377,0.008476133658393305,0.009007207887289159
2019-05-21 00:00:00-04:00,72.88833507969835,72.89700482745467,72.86233244950931,72.87100219726562,1161500,0.0,0.0,0.0,-0.00047593653174959893,-0.00047604982548923825,0.009046954944289242,0.009275092660322854
2019-05-22 00:00:00-04:00,72.91437043445481,72.92303357223359,72.89703093273269,72.90570068359375,2067700,0.0,0.0,0.0,0.00047616315519016794,0.0004760498254891791,0.007736617476878643,0.009211778321792232
2019-05-23 00:00:00-04:00,72.95769867201173,73.06171583270327,72.95769867201173,73.03571319580078,2773800,0.0,0.0,0.0,0.001783296929979139,0.0017817087438668554,0.01471527362549866,0.0108235709263949
2019-05-24 00:00:00-04:00,73.01836009574875,73.02702984412866,72.9923574636894,73.00969696044922,1019600,0.0,0.0,0.0,-0.0003562125186867826,-0.000356275977436332,0.015481430045447052,0.010575934885951247
2019-05-28 00:00:00-04:00,73.03568590242705,73.07035827636719,73.01834640891741,73.07035827636719,1130400,0.0,0.0,0.0,0.0008308665621612477,0.0008305215836133908,0.014701603335100507,0.010613437774529375
2019-05-29 00:00:00-04:00,73.11371291035411,73.13971554434166,73.07037739140182,73.07904052734375,2632000,0.0,0.0,0.0,0.00011882042433297713,0.00011881336574548849,0.012823952419537576,0.010471656524738046
2019-05-30 00:00:00-04:00,73.09635108267918,73.14835633006265,73.07034845898745,73.13968658447266,1929400,0.0,0.0,0.0,0.0008298693673491897,0.000829525216152953,0.012905464782088592,0.009845077276330428
2019-05-31 00:00:00-04:00,73.20904532817885,73.3217255900919,73.20904532817885,73.29572296142578,11965500,0.0,0.0,0.0,0.002133402318765798,0.00213112984752859,0.014936690636488621,0.011364951273793977
2019-06-03 00:00:00-04:00,73.36436950067004,73.46858834746061,73.32962767629803,73.43385314941406,4621900,0.169,0.0,0.0,0.0018845600044217203,0.0018827864491145982,0.013219443421874913,0.012477832837807092
2019-06-04 00:00:00-04:00,73.33828394533401,73.39908045583468,73.3209097272923,73.38170623779297,3320400,0.0,0.0,0.0,-0.0007101208691172589,-0.0007103731243698526,0.018927369056171053,0.013191421073470997
2019-06-05 00:00:00-04:00,73.47722410588283,73.50327879937048,73.40774050570187,73.41642761230469,14753000,0.0,0.0,0.0,0.0004731611772450517,0.0004730492717933777,0.018217303419642426,0.013191284651281799
2019-06-06 00:00:00-04:00,73.42515629147913,73.4512109997187,73.36435976347862,73.373046875,20687700,0.0,0.0,0.0,-0.0005908859735558325,-0.0005910606154717326,0.021216240252481224,0.013557189915618318
2019-06-07 00:00:00-04:00,73.49462368486587,73.51199127774491,73.42514006070347,73.4511947631836,13622500,0.0,0.0,0.0,0.0010650762304682537,0.0010645094391948083,0.017503137143801733,0.013741222488228096
2019-06-10 00:00:00-04:00,73.40776093853287,73.40776093853287,73.37302575509477,73.38170623779297,7611300,0.0,0.0,0.0,-0.0009460503074819604,-0.0009464980955163854,0.013761955167586304,0.014587233714828963
2019-06-11 00:00:00-04:00,73.34696474641018,73.37302607358588,73.33828426367431,73.35565185546875,2211800,0.0,0.0,0.0,-0.00035505282801395754,-0.00035511587419288895,0.013050594904657438,0.014479042147957867
2019-06-12 00:00:00-04:00,73.39906002541986,73.43380182551034,73.39037291881704,73.41642761230469,1147900,0.0,0.0,0.0,0.0008285081694274776,0.0008281651459861472,0.014178683039832003,0.014548233991784914
2019-06-13 00:00:00-04:00,73.45123048102724,73.51202702515268,73.43386287970267,73.49465942382812,2450300,0.0,0.0,0.0,0.001065590005775885,0.00106502266774307,0.014694703727680633,0.014719811792250568
2019-06-14 00:00:00-04:00,73.45119930057933,73.48594111480668,73.44251219044162,73.46856689453125,1992200,0.0,0.0,0.0,-0.00035502619511995626,-0.00035508923183979964,0.013650459931960849,0.014537528546423643
2019-06-17 00:00:00-04:00,73.47727546013498,73.47727546013498,73.43385314941406,73.43385314941406,2105300,0.0,0.0,0.0,-0.00047249792100911847,-0.000472609583326658,0.011762184841760443,0.014840730977039767
2019-06-18 00:00:00-04:00,73.52069088865703,73.52937799973525,73.44252014160156,73.44252014160156,5589200,0.0,0.0,0.0,0.00011802447802744531,0.00011801751368670822,0.010953642706175631,0.01455671431368551
2019-06-19 00:00:00-04:00,73.42514399216331,73.6075335456131,73.40776977203087,73.59884643554688,1893200,0.0,0.0,0.0,0.0021285529641943413,0.0021262908048488805,0.017380152117492394,0.015463271295900548
2019-06-20 00:00:00-04:00,73.65965303507798,73.69439485377447,73.6249112163815,73.63359832763672,1790100,0.0,0.0,0.0,0.0004721798475506578,0.00047206840572545065,0.01665228802082409,0.015463350666465018
2019-06-21 00:00:00-04:00,73.57279173167169,73.59884643554688,73.55542413786272,73.59884643554688,8008900,0.0,0.0,0.0,-0.0004719569989668493,-0.0004720684057254648,0.0169938612727845,0.015042214163527563
2019-06-24 00:00:00-04:00,73.61623349958684,73.6683429164288,73.61623349958684,73.64228820800781,1715700,0.0,0.0,0.0,0.0005902507249075928,0.0005900765954651163,0.015327305806820405,0.014797219888637256
2019-06-25 00:00:00-04:00,73.65091882560034,73.69434109755335,73.6161770322462,73.65959930419922,1742700,0.0,0.0,0.0,0.00023507004755884964,0.00023504242292428463,0.015132393789622863,0.014735142503356462
2019-06-26 00:00:00-04:00,73.62487855680617,73.62487855680617,73.5640820576374,73.57276916503906,1222000,0.0,0.0,0.0,-0.0011788027627134268,-0.001179498097185294,0.01181016606800801,0.01575089011903432
2019-06-27 00:00:00-04:00,73.61623073145067,73.63359832763672,73.5901760240094,73.63359832763672,1276300,0.0,0.0,0.0,0.0008267890863424832,0.0008264474845213069,0.013041159507503867,0.01574961597015213
2019-06-28 00:00:00-04:00,73.6249112163815,73.65097255014715,73.60754362019546,73.63359832763672,4134200,0.0,0.0,0.0,0.0,0.0,0.012378060528895996,0.014273736197915528
2019-07-01 00:00:00-04:00,73.63880672541673,73.63880672541673,73.56049852327797,73.58660125732422,4197900,0.156,0.0,0.0,-0.0006382557878454875,-0.0006384595597812049,0.012351854737276298,0.01316181339089582
2019-07-02 00:00:00-04:00,73.60400994792435,73.6475189357284,73.59531346119515,73.63011932373047,4841200,0.0,0.0,0.0,0.0005913857368418096,0.0005912109372095506,0.013277870635651447,0.012902015564367035
2019-07-03 00:00:00-04:00,73.63881884702866,73.65622509828384,73.63012235994084,73.64752197265625,2176400,0.0,0.0,0.0,0.00023635231187491001,0.00023632438506753604,0.009014947892663893,0.012855343560081488
2019-07-05 00:00:00-04:00,73.5343709710058,73.5343709710058,73.47346239927528,73.49956512451172,1759500,0.0,0.0,0.0,-0.0020089861027430267,-0.0020110068221752845,0.016241096177693905,0.014790171181240389
2019-07-08 00:00:00-04:00,73.51697291233906,73.5256760345655,73.46476745605469,73.46476745605469,1587200,0.0,0.0,0.0,-0.00047344046727459954,-0.000473552575598434,0.01591735540624669,0.014444351314826218
2019-07-09 00:00:00-04:00,73.4908727554742,73.4908727554742,73.43866729736328,73.43866729736328,1457300,0.0,0.0,0.0,-0.00035527450225736334,-0.0003553376271949037,0.015842727520891255,0.014073389553693371
2019-07-10 00:00:00-04:00,73.52569725264205,73.56920623779297,73.49959451696712,73.56920623779297,1704800,0.0,0.0,0.0,0.0017775232753218795,0.0017759453504135098,0.02168789058805384,0.015266388588874259
2019-07-11 00:00:00-04:00,73.56045025109668,73.56915336958046,73.51694129721214,73.53434753417969,1227300,0.0,0.0,0.0,-0.0004738219344192496,-0.00047393422350343957,0.0214450679691878,0.015193687801879794
2019-07-12 00:00:00-04:00,73.52569883839485,73.56050469955844,73.51699571346914,73.54309844970703,871600,0.0,0.0,0.0,0.00011900446282298027,0.00011899738235362711,0.015222277220960272,0.014744748148214885
2019-07-15 00:00:00-04:00,73.56050109863281,73.57790070909324,73.55179797413314,73.56050109863281,1385800,0.0,0.0,0.0,0.00023663197897061394,0.00023660398603980617,0.014287843594915157,0.01468750885983126
2019-07-16 00:00:00-04:00,73.52564441569591,73.55174713261292,73.50824481726268,73.53434753417969,1350100,0.0,0.0,0.0,-0.00035553814972055786,-0.0003556013683933886,0.014288559908294756,0.014636737612456064
2019-07-17 00:00:00-04:00,73.54309531144763,73.60400390625,73.53439882543226,73.60400390625,1457500,0.0,0.0,0.0,0.0009472630737348275,0.0009468147031969591,0.008957256190817801,0.014966009020045266
2019-07-18 00:00:00-04:00,73.5952722245938,73.69968311515723,73.57786598380939,73.69098663330078,1426800,0.0,0.0,0.0,0.001181766241433957,0.001181068505362449,0.009988982951627458,0.013586273827206292
2019-07-19 00:00:00-04:00,73.63010003259805,73.64749964003727,73.59529417918188,73.6126937866211,864000,0.0,0.0,0.0,-0.0010624480720998752,-0.0010630128701339904,0.01469026637815534,0.014057033519603716
2019-07-22 00:00:00-04:00,73.63882905848759,73.64753218532202,73.62142944335938,73.62142944335938,823300,0.0,0.0,0.0,0.00011867052119574062,0.00011866348040645744,0.014690310702944595,0.013957719867407207
2019-07-23 00:00:00-04:00,73.61270703080432,73.63011327991296,73.59530742023462,73.60400390625,1026900,0.0,0.0,0.0,-0.0002366910998757854,-0.0002367191156349734,0.014446732332583697,0.013814166870573089
2019-07-24 00:00:00-04:00,73.62142944335938,73.64753218532202,73.60402318969048,73.62142944335938,1364700,0.0,0.0,0.0,0.00023674713581578466,0.00023671911563500397,0.012896972473222364,0.013814587940747702
2019-07-25 00:00:00-04:00,73.60399121939432,73.60399121939432,73.55178575814475,73.57788848876953,1093800,0.0,0.0,0.0,-0.0005914168594531866,-0.00059159181538867,0.00845007978087643,0.013312444315788567
2019-07-26 00:00:00-04:00,73.57789813312925,73.58660125732422,73.54309227488802,73.58660125732422,1003000,0.0,0.0,0.0,0.00011841558291014742,0.0001184085723384446,0.005411604435928388,0.012964551749426423
2019-07-29 00:00:00-04:00,73.58660125732422,73.61270399137047,73.58660125732422,73.58660125732422,930600,0.0,0.0,0.0,0.0,0.0,0.005211655540924683,0.012964551749426423
2019-07-30 00:00:00-04:00,73.60400288237878,73.61270600681203,73.58660327205112,73.59530639648438,933500,0.0,0.0,0.0,0.0001182978831937298,0.00011829088655093232,0.005211198685053206,0.012771722651610208
2019-07-31 00:00:00-04:00,73.63011023976041,73.65621297380667,73.46478407274927,73.58660125732422,2313300,0.0,0.0,0.0,-0.00011828389045975829,-0.00011829088655081812,0.004675832355771311,0.012587572835367591
2019-08-01 00:00:00-04:00,73.62143031446043,73.8480669396273,73.61271173071108,73.79576873779297,3099000,0.15,0.0,0.0,0.0028424669286915005,0.002838434758637329,0.02002996238718073,0.0161983373586944
2019-08-02 00:00:00-04:00,73.78707568251636,73.83065531567881,73.77835709575061,73.81322479248047,2626500,0.0,0.0,0.0,0.0002365454684742918,0.00023651749600605074,0.019870858970257567,0.014150446281988343
2019-08-05 00:00:00-04:00,73.94398762615052,74.01372302963853,73.92655045011146,73.96141815185547,3154500,0.0,0.0,0.0,0.002007680328174777,0.0020056676314755277,0.021029110903150787,0.015251263467306838
2019-08-06 00:00:00-04:00,73.97015825171778,73.99630737304688,73.93529053983362,73.99630737304688,3277800,0.0,0.0,0.0,0.0004717219066807665,0.00047161068087920205,0.020210967508286506,0.015034083191003344
2019-08-07 00:00:00-04:00,74.09212498224076,74.12699266262494,73.97881000873967,74.00495910644531,2352400,0.0,0.0,0.0,0.00011692115060313313,0.00011691431585814958,0.019378374577732768,0.014112154452903824
2019-08-08 00:00:00-04:00,73.97885131835938,73.98756325557262,73.92654644341115,73.97885131835938,1499000,0.0,0.0,0.0,-0.00035278430528395965,-0.00035284654830632507,0.014236741236086729,0.014030923524834432
2019-08-09 00:00:00-04:00,73.97884324064988,74.01371093669692,73.93525695800781,73.93525695800781,1833600,0.0,0.0,0.0,-0.0005892813902173,-0.0005894550847357116,0.016249805727826635,0.014374327005079079
2019-08-12 00:00:00-04:00,73.99627284899812,74.03985913110151,73.98755426251086,74.01371002197266,2403500,0.0,0.0,0.0,0.001061104907086552,0.0010605423332060633,0.010450932011328526,0.014647068057068611
2019-08-13 00:00:00-04:00,74.00498289933425,74.01370148481587,73.89166123906978,73.92652893066406,1839500,0.0,0.0,0.0,-0.0011779046244636548,-0.0011785988993624464,0.013332061112132225,0.015411775515472017
2019-08-14 00:00:00-04:00,73.99628130780381,74.04857953203994,73.98756272031989,74.02243041992188,3312800,0.0,0.0,0.0,0.0012972540527063092,0.0012964133456628783,0.017127951234070824,0.01566483293992962
2019-08-15 00:00:00-04:00,74.05731053335015,74.18806276619146,74.05731053335015,74.1793441772461,4823000,0.0,0.0,0.0,0.0021198136353273167,0.0021175700005686133,0.021834293143261928,0.016697746136945413
2019-08-16 00:00:00-04:00,74.1357398476094,74.17931947715556,74.1008721537729,74.17060089111328,1886600,0.0,0.0,0.0,-0.0001178668567346497,-0.00011787380357848174,0.02051167957612204,0.015973297907058263
2019-08-19 00:00:00-04:00,74.10085115193061,74.12700025231358,74.07470205154763,74.09213256835938,1485500,0.0,0.0,0.0,-0.0010579437379657497,-0.0010585037554549392,0.023101269625276626,0.016753690583660472
2019-08-20 00:00:00-04:00,74.13570487748181,74.1705659045416,74.12698629555213,74.14441680908203,2015700,0.0,0.0,0.0,0.0007056652158636822,0.0007054163512351014,0.019556447659926948,0.01667269190817263
2019-08-21 00:00:00-04:00,74.10089429382977,74.13576199808412,74.06602658957542,74.07474517822266,2082500,0.0,0.0,0.0,-0.000939674676230573,-0.0009401164472481881,0.020859854031246926,0.017304950114204527
2019-08-22 00:00:00-04:00,74.0572864789256,74.10087275916045,74.03113737091775,74.03985595703125,956200,0.0,0.0,0.0,-0.00047100021886625765,-0.00047111117431073725,0.011304482345502919,0.017227087820845255
2019-08-23 00:00:00-04:00,74.06599600863775,74.1793110129271,74.04855883854287,74.16188049316406,2448900,0.0,0.0,0.0,0.0016480925652209155,0.0016467359510151376,0.01850522463691338,0.017842007543945847
2019-08-26 00:00:00-04:00,74.1531937937889,74.17934290984341,74.10089556167985,74.12704467773438,1768700,0.0,0.0,0.0,-0.00046972670053724297,-0.0004698370566833471,0.016827787322172733,0.01805484137509095
2019-08-27 00:00:00-04:00,74.10084663884504,74.17057535217593,74.10084663884504,74.15314483642578,2179600,0.0,0.0,0.0,0.0003521003542616974,0.0003520383814786276,0.016194306369158494,0.01803126143086319
2019-08-28 00:00:00-04:00,74.17060089111328,74.1967566492401,74.15317036936133,74.17060089111328,1944400,0.0,0.0,0.0,0.0002354054534843275,0.000235377749968183,0.013754016270907155,0.017945588005058622
2019-08-29 00:00:00-04:00,74.16187603194841,74.17058796613993,74.12700834418797,74.13572692871094,3270600,0.0,0.0,0.0,-0.0004701857876753257,-0.00047029635967373815,0.013751294057122361,0.015662983485474957
2019-08-30 00:00:00-04:00,74.13573138835359,74.17059242787965,74.11829421825871,74.16188049316406,2543000,0.0,0.0,0.0,0.00035277949696599364,0.00035271728491024894,0.0068534939695863205,0.01566903150253207
2019-09-03 00:00:00-04:00,74.17585173772429,74.28063462481505,74.1583912540912,74.21951293945312,4574300,0.146,0.0,0.0,0.0007771168409675955,0.0007768150420205793,0.007177486701150746,0.014379511552930357
2019-09-04 00:00:00-04:00,74.2194950895918,74.2806167602539,74.2194950895918,74.2806167602539,1455900,0.0,0.0,0.0,0.0008232851224803106,0.0008229464091761958,0.00829460986639641,0.014529236623749385
2019-09-05 00:00:00-04:00,74.18458609375907,74.18458609375907,74.07980320556187,74.11473083496094,2145200,0.0,0.0,0.0,-0.002233233009203195,-0.0022357303928924716,0.02023921232859324,0.016893244640934547
2019-09-06 00:00:00-04:00,74.13222295561594,74.15841702104898,74.10602889018293,74.12348937988281,2485500,0.0,0.0,0.0,0.00011817549390258364,0.00011816851172897987,0.02008331775662785,0.016817745400394317
2019-09-09 00:00:00-04:00,74.07107778516274,74.08853826933158,74.04488372802734,74.04488372802734,2423900,0.0,0.0,0.0,-0.001060468854246932,-0.0010610315491911635,0.02086666910011164,0.017153037815856653
2019-09-10 00:00:00-04:00,74.0361248139255,74.04485838390272,73.91388148129231,73.92261505126953,2262300,0.0,0.0,0.0,-0.0016512778547524976,-0.0016526427167471575,0.019961480725535496,0.017774966735510683
2019-09-11 00:00:00-04:00,73.92261505126953,73.96626957763168,73.92261505126953,73.92261505126953,3005000,0.0,0.0,0.0,0.0,0.0,0.01625296907822424,0.01727809554205687
2019-09-12 00:00:00-04:00,73.96629594347498,73.97502951656536,73.87898019786434,73.9051742553711,3319700,0.0,0.0,0.0,-0.00023593315640069168,-0.00023596099300630786,0.012088944943611318,0.01659238051385684
2019-09-13 00:00:00-04:00,73.84405778861706,73.86151827426804,73.76547561054043,73.7829360961914,1951400,0.0,0.0,0.0,-0.0016539864821548678,-0.0016553558279243374,0.012315748307036061,0.015318753669970759
2019-09-16 00:00:00-04:00,73.8266252011103,73.84408569335938,73.80915804709387,73.84408569335938,3034100,0.0,0.0,0.0,0.0008287769558024127,0.0008284337098176608,0.017268736822364253,0.0158022555739523
2019-09-17 00:00:00-04:00,73.83533658864269,73.89645829131146,73.82660967523712,73.87899780273438,1397300,0.0,0.0,0.0,0.0004727813886133969,0.00047266966270592003,0.015127696830216175,0.015659324005949327
2019-09-18 00:00:00-04:00,73.92264956545625,73.96630411220053,73.82660023614771,73.8353271484375,3277800,0.0,0.0,0.0,-0.0005911105401494865,-0.0005912853148623348,0.015417306451419045,0.015400990825309626
2019-09-19 00:00:00-04:00,73.90520740888215,73.90520740888215,73.84408569335938,73.84408569335938,2399300,0.0,0.0,0.0,0.00011862268727091951,0.00011861565215629579,0.015621375790375163,0.015191236778817549
2019-09-20 00:00:00-04:00,73.8789538631454,73.94880909943922,73.86148672319094,73.92261505126953,2383300,0.0,0.0,0.0,0.0010634481715467992,0.0010628831111128576,0.010313767852662421,0.01573526145531932
2019-09-23 00:00:00-04:00,73.97502690774331,74.03614859369166,73.96629333496094,73.96629333496094,1537100,0.0,0.0,0.0,0.0005908649695511858,0.0005906904775758116,0.009784107205904448,0.014603191333349171
2019-09-24 00:00:00-04:00,73.97502846782342,74.07980469636502,73.97502846782342,74.04488372802734,3693100,0.0,0.0,0.0,0.0010625163101050106,0.001061952239171411,0.011126471626572463,0.015135823462906659
2019-09-25 00:00:00-04:00,74.03614538963147,74.05360587267646,73.9488296508789,73.9488296508789,2860800,0.0,0.0,0.0,-0.0012972412449353543,-0.001298083390748778,0.015538929640053132,0.01567027587425112
2019-09-26 00:00:00-04:00,74.00127092039236,74.03619857333635,73.98381042480469,73.98381042480469,871500,0.0,0.0,0.0,0.00047304026434136226,0.00047292841606661975,0.015470882309389535,0.015767675915914475
2019-09-27 00:00:00-04:00,73.99251528959446,74.05363699858808,73.99251528959446,74.0274429321289,1691700,0.0,0.0,0.0,0.0005897575033468883,0.0005895836647355702,0.014483697055380992,0.015908707727430166
2019-09-30 00:00:00-04:00,74.01865570756702,74.06231689453125,74.00992879958363,74.06231689453125,2325600,0.0,0.0,0.0,0.00047109505638753824,0.00047098412594928185,0.014348043489197047,0.015956140521464237
2019-10-01 00:00:00-04:00,74.00551255820659,74.17167496650188,74.00551255820659,74.14543914794922,4668900,0.135,0.0,0.0,0.0011223285592907306,0.0011216992194332802,0.014563514374526092,0.016242748131172265
2019-10-02 00:00:00-04:00,74.19790912097882,74.25913492607549,74.18916829658076,74.22415161132812,2613000,0.0,0.0,0.0,0.0010615954842729813,0.0010610323902703316,0.005117439272568487,0.016433480943041378
2019-10-03 00:00:00-04:00,74.27660373323279,74.39904196648895,74.26785623874784,74.38155364990234,2441100,0.0,0.0,0.0,0.0021206310231534076,0.002118385659017448,0.010336447118842722,0.015978687598214313
2019-10-04 00:00:00-04:00,74.34663556483886,74.38161890108447,74.32914056052148,74.37287139892578,1760800,0.0,0.0,0.0,-0.0001167258621328493,-0.00011673267512646815,0.013229577918834156,0.01601249722818155
2019-10-07 00:00:00-04:00,74.32907357571501,74.33782106999051,74.27660195482821,74.2940902709961,1611700,0.0,0.0,0.0,-0.0010592723724101027,-0.001059833797892931,0.019542079520796816,0.016011279843707833
2019-10-08 00:00:00-04:00,74.34657708512181,74.37281289857209,74.28535796294318,74.33782958984375,2153300,0.0,0.0,0.0,0.0005887321412525459,0.0005885589064747271,0.019048723877427797,0.014541454680242797
2019-10-09 00:00:00-04:00,74.33782106999051,74.35530938615841,74.27660195482821,74.2940902709961,1472500,0.0,0.0,0.0,-0.0005883857396561387,-0.0005885589064747101,0.019678892119794723,0.014838931766847726
2019-10-10 00:00:00-04:00,74.30285985815361,74.30285985815361,74.20665740966797,74.20665740966797,3566900,0.0,0.0,0.0,-0.001176848131650865,-0.0011775411611937223,0.011520252164546111,0.015604621900089122
2019-10-11 00:00:00-04:00,74.15421375035348,74.16296125053022,74.08424709371481,74.13671875,3068400,0.0,0.0,0.0,-0.0009424849751938913,-0.0009429293934183998,0.01141377273515499,0.01465658417072513
2019-10-14 00:00:00-04:00,74.14543914794922,74.16293414190778,74.12795082637584,74.14543914794922,1336700,0.0,0.0,0.0,0.00011762589572694715,0.00011761897834371131,0.011715987998178598,0.014493911944666746
2019-10-15 00:00:00-04:00,74.17169961852558,74.18044711841223,74.10173963659466,74.12797546386719,2470000,0.0,0.0,0.0,-0.0002355328160803527,-0.00023556055829029748,0.008294056640032941,0.014537737251406373
2019-10-16 00:00:00-04:00,74.1629409790039,74.18042930218954,74.13669848564675,74.1629409790039,1840700,0.0,0.0,0.0,0.00047169121937984393,0.0004715800080468558,0.01105993351278586,0.014288430833927317
2019-10-17 00:00:00-04:00,74.1629409790039,74.2066651231609,74.14544598343247,74.1629409790039,1641200,0.0,0.0,0.0,0.0,0.0,0.008365309855477605,0.014305982295687603
2019-10-18 00:00:00-04:00,74.18044622580456,74.22417705232415,74.18044622580456,74.18919372558594,1901600,0.0,0.0,0.0,0.0003539873990361375,0.00035392476027858394,0.004468350319929515,0.013966091719764288
2019-10-21 00:00:00-04:00,74.18040298695726,74.19789130393899,74.13667218592782,74.15416717529297,985500,0.0,0.0,0.0,-0.00047212469274870994,-0.0004722361787030237,0.006266869494519707,0.014061088370986166
2019-10-22 00:00:00-04:00,74.17164191121599,74.18913689737775,74.12791779057599,74.18038940429688,1192300,0.0,0.0,0.0,0.0003536177399432461,0.0003535552319257732,0.0061262467721024455,0.013654977542448873
2019-10-23 00:00:00-04:00,74.19789719069892,74.20664468607552,74.16292055396049,74.17166137695312,1578600,0.0,0.0,0.0,-0.0001176594975281775,-0.00011766641994985456,0.005523791078421364,0.012669963617032674
2019-10-24 00:00:00-04:00,74.1891563677063,74.2241396768287,74.17166137695312,74.17166137695312,1228600,0.0,0.0,0.0,0.0,0.0,0.005523791078421364,0.012621544397943529
2019-10-25 00:00:00-04:00,74.18919461829887,74.18919461829887,74.1104804640939,74.12797546386719,982900,0.0,0.0,0.0,-0.0005889838824549853,-0.0005891574015985456,0.006005718813255506,0.012741430063934868
2019-10-28 00:00:00-04:00,74.10173797607422,74.11047880337759,74.07549547700235,74.10173797607422,2045000,0.0,0.0,0.0,-0.0003539485279179244,-0.00035401118248289554,0.005674489015971637,0.012731949358798886
2019-10-29 00:00:00-04:00,74.12795678723349,74.13669761253045,74.10172096657111,74.11920928955078,1768700,0.0,0.0,0.0,0.00023577467889079884,0.00023574688840930457,0.005054668270676599,0.012093177325325836
2019-10-30 00:00:00-04:00,74.11921016246112,74.17168180440382,74.08422684370403,74.1629409790039,1622500,0.0,0.0,0.0,0.0005900182944786891,0.0005898443021205317,0.007416761927999061,0.011642569249802033
2019-10-31 00:00:00-04:00,74.20663534539038,74.3028377652716,74.20663534539038,74.2940902709961,2719200,0.0,0.0,0.0,0.0017683938940518118,0.0017668321265119293,0.014759411874128953,0.010812744833195399
2019-11-01 00:00:00-04:00,74.2678452568676,74.29412438792204,74.21528699475876,74.25032806396484,3436200,0.14,0.0,0.0,-0.0005890402166797148,-0.0005892137690243682,0.014759632917582841,0.01097517362231134
2019-11-04 00:00:00-05:00,74.2152777803776,74.2152777803776,74.18899865258594,74.19775390625,2509400,0.0,0.0,0.0,-0.0007080663356739958,-0.0007083171330362876,0.015959153455270755,0.01062573256552172
2019-11-05 00:00:00-05:00,74.17146650278927,74.17146650278927,74.1189082530701,74.14518737792969,2078400,0.0,0.0,0.0,-0.0007084652237145939,-0.0007087163037958749,0.017390899335813243,0.010565286689432749
2019-11-06 00:00:00-05:00,74.18898010253906,74.20649728888698,74.16270098131815,74.18898010253906,1237100,0.0,0.0,0.0,0.0005906347553774616,0.0005904603993207849,0.017392059874420114,0.01071398145371966
2019-11-07 00:00:00-05:00,74.13643571912372,74.13643571912372,74.057598333616,74.10139465332031,2284900,0.0,0.0,0.0,-0.001180572223768217,-0.0011812696481165621,0.01048653885522999,0.010719088513908966
2019-11-08 00:00:00-05:00,74.10139888983494,74.15396383324526,74.10139888983494,74.11016082763672,2300500,0.0,0.0,0.0,0.00011829972104338005,0.00011829272418319288,0.011355653797205772,0.010224865713803422
2019-11-11 00:00:00-05:00,74.12769317626953,74.13644843167175,74.10140735985968,74.12769317626953,1329600,0.0,0.0,0.0,0.0002365714557492904,0.0002365434771349934,0.011601522438281676,0.010254422363452384
2019-11-12 00:00:00-05:00,74.1189268986168,74.14520603008724,74.10140302203607,74.13644409179688,2647800,0.0,0.0,0.0,0.00011805190681624111,0.00011804493923824149,0.010718992833098446,0.010228867023737225
2019-11-13 00:00:00-05:00,74.18024020896083,74.18900214643726,74.15396107993156,74.17147827148438,1679800,0.0,0.0,0.0,0.00047256352953906067,0.00047245190655891727,0.010318158858501948,0.010229394312107946
2019-11-14 00:00:00-05:00,74.23279232350261,74.26783338710831,74.22403707015081,74.2415542602539,2754500,0.0,0.0,0.0,0.000944783499029711,0.0009443374720102298,0.0055288261692230615,0.010758172940931844
2019-11-15 00:00:00-05:00,74.2065090598309,74.23278818522031,74.2065090598309,74.21527099609375,2456100,0.0,0.0,0.0,-0.0003540236249367501,-0.00035408630609443375,0.007567715132138152,0.01078912364765132
2019-11-18 00:00:00-05:00,74.25032806396484,74.25908331871594,74.23280418766151,74.25032806396484,1029100,0.0,0.0,0.0,0.0004723700041859846,0.00047225847259695986,0.007660004551323202,0.010741086398445714
2019-11-19 00:00:00-05:00,74.22403707015081,74.2503161970052,74.22403707015081,74.2415542602539,1630600,0.0,0.0,0.0,-0.00011816518444707214,-0.00011817216650250917,0.008235198570029075,0.010703442461449206
2019-11-20 00:00:00-05:00,74.25905694046835,74.29409799722718,74.25030168882729,74.27658081054688,1754200,0.0,0.0,0.0,0.00047179171613498383,0.00047168045741586293,0.008234084036325081,0.01079139081600438
2019-11-21 00:00:00-05:00,74.2503161970052,74.26783338710831,74.23279232350261,74.2415542602539,1288000,0.0,0.0,0.0,-0.00047156923367686066,-0.0004716804574157726,0.007132028307176189,0.01096097409542015
2019-11-22 00:00:00-05:00,74.25034248322206,74.2590977396734,74.21530140721106,74.23281860351562,3148100,0.0,0.0,0.0,-0.00011766532672063956,-0.00011767224982827418,0.0065677852144870544,0.010723181876499066
2019-11-25 00:00:00-05:00,74.23279232350261,74.2503161970052,74.2152751333995,74.2415542602539,3597000,0.0,0.0,0.0,0.00011767917347893508,0.00011767224982817408,0.005521043667111395,0.01060539291243158
2019-11-26 00:00:00-05:00,74.27658081054688,74.28534274558614,74.25905694046835,74.27658081054688,1792200,0.0,0.0,0.0,0.00047179171613498383,0.00047168045741586293,0.006402583859895002,0.010679929846606163
2019-11-27 00:00:00-05:00,74.2590977396734,74.2590977396734,74.22406334706427,74.23281860351562,1090100,0.0,0.0,0.0,-0.0005891790730495616,-0.0005893527072440602,0.006875786816687093,0.010791187306331539
2019-11-29 00:00:00-05:00,74.22404459573386,74.25907897949219,74.21528265809418,74.25907897949219,1220200,0.0,0.0,0.0,0.0003537569564322496,0.00035369439919307496,0.006694552495451484,0.008779574590744485
2019-12-02 00:00:00-05:00,74.2187307258001,74.29769964058178,74.20118579695014,74.23628234863281,4211500,0.134,0.0,0.0,-0.00030698779425575307,-0.000307034924654549,0.007110425519002374,0.00859368724742088
2019-12-03 00:00:00-05:00,74.33278455372724,74.3854260260176,74.32400874368493,74.34156036376953,2036600,0.0,0.0,0.0,0.0014181477278496502,0.001417143106049901,0.01239096785134088,0.009560524854118265
2019-12-04 00:00:00-05:00,74.3239795505592,74.33275535715453,74.28011390554079,74.30643463134766,2017700,0.0,0.0,0.0,-0.00047249119133363493,-0.0004726028504699363,0.01320637606491417,0.009330781407631383
2019-12-05 00:00:00-05:00,74.27134704589844,74.30644358252847,74.26257123824595,74.27134704589844,1965900,0.0,0.0,0.0,-0.00047220117104662673,-0.0004723126931282158,0.012853998932891736,0.00936546701392769
2019-12-06 00:00:00-05:00,74.22750452998565,74.2713768918983,74.2187287188066,74.24505615234375,2024400,0.0,0.0,0.0,-0.0003539843371689333,-0.00035404700441366547,0.012969285324334024,0.008319562804402918
2019-12-09 00:00:00-05:00,74.26260108071925,74.26260108071925,74.2362803411647,74.24505615234375,1482200,0.0,0.0,0.0,0.0,0.0,0.012748660753768602,0.008326136452457823
2019-12-10 00:00:00-05:00,74.25379607060258,74.2625718783307,74.20993041992188,74.20993041992188,1214100,0.0,0.0,0.0,-0.0004731053384861017,-0.00047321728812746146,0.003248588453447894,0.008539976336522561
2019-12-11 00:00:00-05:00,74.21869889396345,74.28012285355092,74.21869889396345,74.27134704589844,1223100,0.0,0.0,0.0,0.0008276065700241197,0.0008272642925411235,0.008740149044458308,0.008969434901872695
2019-12-12 00:00:00-05:00,74.28892516758506,74.28892516758506,74.15731476989961,74.20118713378906,1627400,0.0,0.0,0.0,-0.0009446430541514284,-0.0009450895105847634,0.010494424116455691,0.009561141314914996
2019-12-13 00:00:00-05:00,74.26258917677391,74.30646153165404,74.22749263166612,74.28890991210938,1630500,0.0,0.0,0.0,0.001182228771652083,0.0011815304895164567,0.01403943681979349,0.009896937708330174
2019-12-16 00:00:00-05:00,74.26260108071925,74.26260108071925,74.2187287188066,74.24505615234375,1568800,0.0,0.0,0.0,-0.0005903136796260311,-0.0005904879833454967,0.014949130923720754,0.010053499704434561
2019-12-17 00:00:00-05:00,74.2713566803729,74.28013248916379,74.25380506279114,74.26258087158203,1764000,0.0,0.0,0.0,0.0002360388710909156,0.00023601101829939076,0.01437070865192412,0.009946973407478459
2019-12-18 00:00:00-05:00,74.25379543059347,74.27134704589844,74.23625050926842,74.27134704589844,1677400,0.0,0.0,0.0,0.00011804295263528886,0.00011803598611418252,0.013061869121635254,0.009942436011933311
2019-12-19 00:00:00-05:00,74.26870441002637,74.3038578367964,74.26870441002637,74.2862777709961,1464500,0.137,0.0,0.0,0.00020102941028432575,0.00020100920658007326,0.01001813056979472,0.009825101927320485
2019-12-20 00:00:00-05:00,74.27748773809594,74.29506780389625,74.25991437712622,74.2862777709961,1413600,0.0,0.0,0.0,0.0,0.0,0.005373255407121466,0.009661873728351096
2019-12-23 00:00:00-05:00,74.26871490478516,74.27749823409587,74.25113483650065,74.26871490478516,2008600,0.0,0.0,0.0,-0.00023642140564750225,-0.00023644935759373884,0.0030291180734523114,0.009695131627265036
2019-12-24 00:00:00-05:00,74.23355957796407,74.29507640572635,74.23355957796407,74.27749633789062,895500,0.0,0.0,0.0,0.00011823865697313529,0.00011823166733409215,0.0027050913208211944,0.00969520326343449
2019-12-26 00:00:00-05:00,74.31265448442902,74.31265448442902,74.28629108583385,74.30387115478516,1156900,0.0,0.0,0.0,0.00035508489374169727,0.00035502186602050185,0.0035320044878657665,0.00963241814245524
2019-12-27 00:00:00-05:00,74.33023450181375,74.36538793486018,74.3214444673442,74.35659790039062,1388200,0.0,0.0,0.0,0.0007096096715557554,0.0007093580176564293,0.0057254494507995735,0.009648862544023104
2019-12-30 00:00:00-05:00,74.34779640147579,74.40052989532981,74.34779640147579,74.38294982910156,1630700,0.0,0.0,0.0,0.0003543993331465156,0.0003543365485362929,0.005536947515404269,0.00964910146338304
2019-12-31 00:00:00-05:00,74.38293553923796,74.40929892868486,74.35657214979105,74.3741455078125,3025600,0.0,0.0,0.0,-0.00011836477726800965,-0.00011837178293107979,0.0048962419162238155,0.009570767198207007
2020-01-02 00:00:00-05:00,74.4093246459961,74.44447807901817,74.38296124743748,74.4093246459961,2665200,0.0,0.0,0.0,0.0004730022502228426,0.00047289041992108457,0.004787071019749747,0.008344501655014812
2020-01-03 00:00:00-05:00,74.45328234543628,74.48843578517803,74.42691894183822,74.47085571289062,2039900,0.0,0.0,0.0,0.0008269268292282472,0.0008265851136073659,0.0058443968987225365,0.008546616398164049
2020-01-06 00:00:00-05:00,74.46206859678446,74.47085192764867,74.41812512313258,74.44448852539062,1132100,0.0,0.0,0.0,-0.0003540604877920739,-0.0003541231820053809,0.0075011376667181995,0.00844949258245557
2020-01-07 00:00:00-05:00,74.45327856108754,74.46206859678446,74.4356984896937,74.44448852539062,1103400,0.0,0.0,0.0,0.0,0.0,0.007571473154763111,0.008279755328957718
2020-01-08 00:00:00-05:00,74.45326811348163,74.47084147757678,74.40054131636441,74.4093246459961,1864300,0.0,0.0,0.0,-0.0004723503390386963,-0.00047246193160199826,0.00873519542318752,0.008546806250153876
2020-01-09 00:00:00-05:00,74.39175793697355,74.43569470355789,74.38296790172373,74.41812133789062,1424400,0.0,0.0,0.0,0.00011822028941099738,0.00011821330194328472,0.008107810787899286,0.008264207347287712
2020-01-10 00:00:00-05:00,74.42689324642878,74.45325664092503,74.42689324642878,74.43567657470703,1065900,0.0,0.0,0.0,0.00023590002677842392,0.00023587220674218574,0.00485073938247743,0.007868889117322577
2020-01-13 00:00:00-05:00,74.43567847010347,74.43567847010347,74.40931507493592,74.42689514160156,1275600,0.0,0.0,0.0,-0.00011797344377806329,-0.0001179804031921378,0.004314677075990423,0.006884004492830625
2020-01-14 00:00:00-05:00,74.42689324642878,74.46204667403403,74.42689324642878,74.43567657470703,2323400,0.0,0.0,0.0,0.00011798736315360436,0.00011798040319212535,0.00447441135571333,0.005707499548619673
2020-01-15 00:00:00-05:00,74.46207238157999,74.47085571289062,74.44449230929257,74.47085571289062,2467900,0.0,0.0,0.0,0.00047261125044362196,0.00047249960492183374,0.0034058439864693177,0.005232845483906514
2020-01-16 00:00:00-05:00,74.46207238157999,74.47085571289062,74.44449230929257,74.47085571289062,1995100,0.0,0.0,0.0,0.0,0.0,0.003606408845332841,0.005249555621682313
2020-01-17 00:00:00-05:00,74.46208378949183,74.49723052978516,74.45329375200146,74.49723052978516,1592600,0.0,0.0,0.0,0.0003541629358498888,0.0003541002349611076,0.0038877623920327165,0.0053030370934895425
2020-01-21 00:00:00-05:00,74.50600336053573,74.52358343145646,74.50600336053573,74.5147933959961,2814600,0.0,0.0,0.0,0.000235751934481776,0.00023572414936131488,0.0029652879006513266,0.005308732871823969
2020-01-22 00:00:00-05:00,74.5147676434032,74.54113103584046,74.5147676434032,74.53234100341797,1878400,0.0,0.0,0.0,0.00023549159330849,0.0002354638695156252,0.0027820957867703885,0.0052840960119724745
2020-01-23 00:00:00-05:00,74.55870056152344,74.59385398457536,74.54112720241241,74.55870056152344,6874100,0.0,0.0,0.0,0.00035366604282915937,0.0003536035177358013,0.0022936318962622887,0.005100903141668864
2020-01-24 00:00:00-05:00,74.5675105685568,74.6114540353507,74.55872053423168,74.58509063720703,3717500,0.0,0.0,0.0,0.000353950316795304,0.0003538876911590643,0.001028643352701169,0.005122484148429123
2020-01-27 00:00:00-05:00,74.67297460507777,74.68176463984302,74.646611205614,74.6641845703125,1915500,0.0,0.0,0.0,0.0010604523294097667,0.0010598904470361886,0.005516540312539539,0.00594014088341016
2020-01-28 00:00:00-05:00,74.66417412022689,74.6729641537619,74.62023736221404,74.62902069091797,1233400,0.0,0.0,0.0,-0.000470960469157955,-0.00047107140587228174,0.008630854948103013,0.006180757126163526
2020-01-29 00:00:00-05:00,74.65538972475538,74.69933319091797,74.6378163611893,74.69933319091797,1269100,0.0,0.0,0.0,0.0009421602929937656,0.0009417167385626376,0.009661058831811668,0.006725163707455982
2020-01-30 00:00:00-05:00,74.72571851032299,74.7608719525994,74.69935510482406,74.70814514160156,1348300,0.0,0.0,0.0,0.00011796558693588644,0.00011795862954318577,0.009946518197144085,0.006622571544366122
2020-01-31 00:00:00-05:00,74.74324698863501,74.82233715053587,74.74324698863501,74.80476379394531,4298900,0.0,0.0,0.0,0.0012932813706005852,0.0012924458025875892,0.01174174602626959,0.007599430148218102
2020-02-03 00:00:00-05:00,74.78276824951172,74.80037624018459,74.73876170379116,74.78276824951172,4133700,0.135,0.0,0.0,-0.00029403935415373006,-0.00029408259220062494,0.012239373927697266,0.007541872495662156
2020-02-04 00:00:00-05:00,74.71236478651277,74.72116878362488,74.67715551354648,74.70356750488281,1575300,0.0,0.0,0.0,-0.0010590774650739432,-0.0010596386838969205,0.01502249106217112,0.008583403056847084
2020-02-05 00:00:00-05:00,74.65956846412209,74.67716974621878,74.65076446533203,74.65076446533203,2229300,0.0,0.0,0.0,-0.0007068342425190499,-0.000707084167619601,0.014440672659756567,0.009123035520933123
2020-02-06 00:00:00-05:00,74.65078799296413,74.66839599609375,74.64199070688488,74.66839599609375,1505800,0.0,0.0,0.0,0.0002361868748164131,0.0002361589870875526,0.014592026470279072,0.008835954276262789
2020-02-07 00:00:00-05:00,74.7035821722092,74.72998745324779,74.6947781733685,74.7123794555664,1408200,0.0,0.0,0.0,0.0005890505465653284,0.0005888771243917327,0.010665436985578754,0.008953842775318965
2020-02-10 00:00:00-05:00,74.75641600109253,74.77401728876856,74.73001071183567,74.74761199951172,982700,0.0,0.0,0.0,0.0004715757174655888,0.00047146456058148916,0.011779263170188608,0.009006180536190794
2020-02-11 00:00:00-05:00,74.7211834544071,74.72998745324779,74.6947781733685,74.7123794555664,1911200,0.0,0.0,0.0,-0.00047135343862947376,-0.0004714645605813757,0.009202159176803913,0.009260252962987221
2020-02-12 00:00:00-05:00,74.6859432774251,74.69474727262363,74.67713928222656,74.67713928222656,1400400,0.0,0.0,0.0,-0.00047167783433799126,-0.0004717891093196981,0.008112984679892988,0.009554308665924927
2020-02-13 00:00:00-05:00,74.703590071549,74.7211913556081,74.6859820720057,74.69478607177734,1700700,0.0,0.0,0.0,0.00023630778736838387,0.00023627987108100254,0.008113140050785426,0.00948905360611274
2020-02-14 00:00:00-05:00,74.72996520996094,74.73876920618113,74.72116121374074,74.72996520996094,1560000,0.0,0.0,0.0,0.00047097180450839105,0.0004708609320985568,0.007669091715842326,0.009537255502388911
2020-02-18 00:00:00-05:00,74.75640106201172,74.77400234617038,74.73879977785306,74.75640106201172,1669400,0.0,0.0,0.0,0.00035375169754869873,0.0003536891421692191,0.007294786836357675,0.00953715249421879
2020-02-19 00:00:00-05:00,74.73877721910712,74.76518249511719,74.72116922477893,74.76518249511719,1422800,0.0,0.0,0.0,0.00011746730688910745,0.00011746040814525951,0.005828104045519689,0.00953620894827389
2020-02-20 00:00:00-05:00,74.75636297898322,74.80037624018459,74.75636297898322,74.78276824951172,2051800,0.0,0.0,0.0,0.00023521315414010147,0.00023518549586313658,0.0021327991793123756,0.009536182830519178
2020-02-21 00:00:00-05:00,74.81802372927466,74.88844230450096,74.80921972850014,74.84442901611328,1798800,0.0,0.0,0.0,0.0008245317476860414,0.0008241920081224482,0.004306512796329143,0.009800644326317129
2020-02-24 00:00:00-05:00,74.96765899658203,74.99406428371356,74.95886171119488,74.96765899658203,2725200,0.0,0.0,0.0,0.0016464816698944507,0.0016451277049317275,0.009931996166837855,0.011075842685711044
2020-02-25 00:00:00-05:00,74.98524518400032,75.08206901897174,74.98524518400032,75.04685974121094,3027000,0.0,0.0,0.0,0.0010564654904392512,0.001055907823509025,0.009929089954377579,0.011072010810486336
2020-02-26 00:00:00-05:00,75.02925947677217,75.12608332172182,75.0116581938194,75.09967803955078,3688200,0.0,0.0,0.0,0.0007038042434017733,0.0007035566893415136,0.008201229286860005,0.010831832909037569
2020-02-27 00:00:00-05:00,75.20530636280651,75.25811692748502,75.1348877995793,75.18769836425781,6008700,0.0,0.0,0.0,0.0011720466319533607,0.0011713603215058458,0.0058148876795754215,0.011037268720165378
2020-02-28 00:00:00-05:00,75.3901527233426,75.4957738564384,75.36374744006864,75.4605712890625,9540700,0.0,0.0,0.0,0.0036292230077681342,0.0036226532685159412,0.018432540237948818,0.01605551172648094
2020-03-02 00:00:00-05:00,75.56195923322643,75.63248064025692,75.42973327636719,75.42973327636719,15009300,0.125,0.0,0.0,-0.00040866391770588706,-0.0004087474435614818,0.023481187103468873,0.016079130369280166
2020-03-03 00:00:00-05:00,75.48259867125522,75.82638202235992,75.46497168735041,75.72942352294922,7232300,0.0,0.0,0.0,0.003973104948999273,0.003965233011332153,0.030267531568651213,0.020187386949377304
2020-03-04 00:00:00-05:00,75.78231302238912,75.85283441028332,75.73823547363281,75.73823547363281,5711900,0.0,0.0,0.0,0.00011636098987244381,0.00011635422045758721,0.03186978355462023,0.01929445904292458
2020-03-05 00:00:00-05:00,75.90571321608331,75.93215705213024,75.87045252625776,75.89689636230469,3797200,0.0,0.0,0.0,0.0020948585305649026,0.00209266737400842,0.03158531841963241,0.019169388145264345
2020-03-06 00:00:00-05:00,76.08202688279924,76.1349212919612,75.95861780357204,75.98506164550781,4378300,0.0,0.0,0.0,0.0011616454351737193,0.0011609712471762847,0.02758549015163165,0.01907116422951999
2020-03-09 00:00:00-04:00,76.28471511626458,76.39930725097656,76.1348623111908,76.39930725097656,44359800,0.0,0.0,0.0,0.00545167163779281,0.005436865065306779,0.034141037492358424,0.024994918724578236
2020-03-10 00:00:00-04:00,76.07321657495979,76.1349211144295,75.94099064029885,76.06439971923828,11970200,0.0,0.0,0.0,-0.004383646184619061,-0.004393282533429134,0.05654098159731532,0.03170246263223681
2020-03-11 00:00:00-04:00,76.07319201239777,76.09081899285896,75.96740995376592,75.97622680664062,7873200,0.0,0.0,0.0,-0.0011591876478761476,-0.001159860025535785,0.05833464147777168,0.0321804347655309
2020-03-12 00:00:00-04:00,76.07319419066688,76.28475158870005,75.9585952758789,75.9585952758789,12312300,0.0,0.0,0.0,-0.0002320664173885989,-0.00023209334896632912,0.056984552592004314,0.032061817951160185
2020-03-13 00:00:00-04:00,75.85283193280375,76.09083320256106,75.76467683817044,76.05557250976562,9422400,0.0,0.0,0.0,0.0012767117866583355,0.0012758974831787837,0.05711669951677718,0.03200904441665584
2020-03-16 00:00:00-04:00,76.32005130489506,76.45227726826741,76.16138149390662,76.17900848388672,12123900,0.0,0.0,0.0,0.0016229708099988471,0.001621655216128408,0.038251121908048136,0.03206300215344228
2020-03-17 00:00:00-04:00,76.24069447215297,76.27595516881907,75.92335492744823,76.00269317626953,10487800,0.0,0.0,0.0,-0.0023144867743255526,-0.002317169338812493,0.02619113533310248,0.03407106971365314
2020-03-18 00:00:00-04:00,76.00268880070418,76.49632507502999,75.90572357177734,75.90572357177734,11907500,0.0,0.0,0.0,-0.001275870636153531,-0.0012766852520636974,0.026482712503491032,0.03480813089749991
2020-03-19 00:00:00-04:00,76.00268028831704,76.27594223452891,76.00268028831704,76.0379409790039,12898400,0.0,0.0,0.0,0.0017418634722787818,0.0017403481874584245,0.029763973052383718,0.034917789084653275
2020-03-20 00:00:00-04:00,76.1437192874392,76.36409356883692,76.1437192874392,76.24068450927734,10683700,0.0,0.0,0.0,0.002666346927113983,0.0026627985302513217,0.03420459114053075,0.03551744145684315
2020-03-23 00:00:00-04:00,76.43458605229114,76.45221975429752,76.30236018839052,76.32880401611328,9472000,0.0,0.0,0.0,0.0011558068687751444,0.0011551394382472127,0.033378971831291626,0.03542820037642493
2020-03-24 00:00:00-04:00,76.2494815505767,76.31118606432288,76.22303771972656,76.22303771972656,8366100,0.0,0.0,0.0,-0.0013856668887984869,-0.0013866278129449363,0.028992632773398086,0.03633629783027321
2020-03-25 00:00:00-04:00,76.24066637679616,76.3640754070051,76.24066637679616,76.31118774414062,6098000,0.0,0.0,0.0,0.0011564748277048675,0.0011558066258141363,0.023870977559111464,0.03635917189791452
2020-03-26 00:00:00-04:00,76.32878591025293,76.43456792133837,76.31997578662639,76.39930725097656,8381000,0.0,0.0,0.0,0.0011547390289794457,0.0011540728306743899,0.023179080896678625,0.03635689359754999
2020-03-27 00:00:00-04:00,76.42577704675938,76.42577704675938,76.2671073388478,76.38170623779297,37087900,0.0,0.0,0.0,-0.00023038184267532014,-0.00023040838464864145,0.01826374863000477,0.03492960425675835
2020-03-30 00:00:00-04:00,76.45223761567478,76.47868144957555,76.39053309481015,76.41697692871094,5650800,0.0,0.0,0.0,0.0004617688273178544,0.0004616622449026088,0.017004139709191023,0.034729288453385486
2020-03-31 00:00:00-04:00,76.44338477025012,76.49627241315024,76.39930725097656,76.39930725097656,5677600,0.0,0.0,0.0,-0.00023122712314127547,-0.00023125386025415679,0.011004305677813759,0.03253507519898589
2020-04-01 00:00:00-04:00,76.44879913330078,76.49292392989098,76.41349525591296,76.44879913330078,6923900,0.106,0.0,0.0,0.0006478053807692508,0.0006475956454371371,0.00946797531838518,0.03251911799602947
2020-04-02 00:00:00-04:00,76.46643829345703,76.49291451485757,76.44878972369843,76.46643829345703,5879700,0.0,0.0,0.0,0.00023073168390119747,0.00023070506944000712,0.0063410636203924745,0.031951241502985596
2020-04-03 00:00:00-04:00,76.4399714805723,76.51940015455031,76.41349525591296,76.44879913330078,5018100,0.0,0.0,0.0,-0.00023067845907187579,-0.00023070506943998682,0.006342260678278319,0.03187920896000968
2020-04-06 00:00:00-04:00,76.413498812138,76.43997503802953,76.38702258624649,76.39584350585938,4869100,0.0,0.0,0.0,-0.0006926940389092584,-0.0006929340622732649,0.008110577903381877,0.025560224563525125
2020-04-07 00:00:00-04:00,76.35166710255012,76.40461951854363,76.33401180820438,76.37814331054688,7881000,0.0,0.0,0.0,-0.00023169055409599792,-0.00023171739849890303,0.008111212156590263,0.01969389320740067
2020-04-08 00:00:00-04:00,76.37817745754592,76.44878519945232,76.37817745754592,76.42230224609375,4890600,0.0,0.0,0.0,0.0005781619404825467,0.0005779948692608816,0.007737335858387342,0.0190509779873237
2020-04-09 00:00:00-04:00,76.42231617511533,76.47527535796011,76.41349525591296,76.44879913330078,5400400,0.0,0.0,0.0,0.00034671668385111154,0.0003466565915112911,0.00805779765384779,0.018949740962972434
2020-04-13 00:00:00-04:00,76.45760345458984,76.45760345458984,76.42229958486602,76.45760345458984,3356200,0.0,0.0,0.0,0.00011516624706842116,0.00011515961594530541,0.007931604714062426,0.018619552362313406
2020-04-14 00:00:00-04:00,76.44878253730238,76.47525875621409,76.42229958486602,76.45760345458984,4712200,0.0,0.0,0.0,0.0,0.0,0.004961514676386948,0.017927172751143597
2020-04-15 00:00:00-04:00,76.50172601964688,76.5193745856805,76.47524980383454,76.48407745361328,4270000,0.0,0.0,0.0,0.00034625724358683385,0.00034619731038193746,0.0035785866208280183,0.015306986063892967
2020-04-16 00:00:00-04:00,76.50172424316406,76.51937280878785,76.48407567754029,76.50172424316406,2383600,0.0,0.0,0.0,0.0002307250102020486,0.00023069839728031465,0.0023911517002497434,0.014116594050887755
2020-04-17 00:00:00-04:00,76.48407026369497,76.51054647701841,76.4752426147461,76.4752426147461,3282700,0.0,0.0,0.0,-0.0003461572752765374,-0.0003462172015358236,0.004217022358111493,0.013394755081836476
2020-04-20 00:00:00-04:00,76.49289117912065,76.51054647701841,76.4752426147461,76.4752426147461,5969400,0.0,0.0,0.0,0.0,0.0,0.0042171918206028195,0.010035859058713403
2020-04-21 00:00:00-04:00,76.50173231359094,76.51055996409595,76.47525609560036,76.49290466308594,3610300,0.0,0.0,0.0,0.00023095119068550218,0.00023092452556474458,0.004373736435279737,0.009322743969763831
2020-04-22 00:00:00-04:00,76.48409359674092,76.48409359674092,76.46643829345703,76.46643829345703,4836900,0.0,0.0,0.0,-0.0003459977071792464,-0.00034605757819648774,0.004597360404043036,0.007704039391229862
2020-04-23 00:00:00-04:00,76.46643110540197,76.4840864070262,76.44878253730238,76.45760345458984,3010000,0.0,0.0,0.0,-0.0001155387783760009,-0.00011554545349481689,0.003886017725702593,0.006789744463924614
2020-04-24 00:00:00-04:00,76.46643110540197,76.4840864070262,76.45760345458984,76.45760345458984,3117600,0.0,0.0,0.0,0.0,0.0,0.0033276709647577984,0.005519917395730283
2020-04-27 00:00:00-04:00,76.45760345458984,76.46643110540197,76.43112723567813,76.45760345458984,4928800,0.0,0.0,0.0,0.0,0.0,0.0033276709647577984,0.005431106294903303
2020-04-28 00:00:00-04:00,76.49289836986816,76.50172601964688,76.47524980383454,76.48407745361328,3706900,0.0,0.0,0.0,0.00034625724358683385,0.00034619731038193746,0.003971006165145949,0.005329396185633513
2020-04-29 00:00:00-04:00,76.50171882806953,76.51054647701841,76.4752426147461,76.4752426147461,4285700,0.0,0.0,0.0,-0.00011551213221527856,-0.00011551880425542902,0.0030112631862375906,0.0052656011559754435
2020-04-30 00:00:00-04:00,76.48405248738945,76.60761260986328,76.48405248738945,76.60761260986328,9557300,0.0,0.0,0.0,0.0017308868934751143,0.001729390635076668,0.012192424382841623,0.007725938306245263
2020-05-01 00:00:00-04:00,76.51223019610819,76.51223019610819,76.46806204919882,76.49456024169922,5135000,0.072,0.0,0.0,-0.001475732819658515,-0.0014768227858005395,0.01820345522727016,0.009520475792632183
2020-05-04 00:00:00-04:00,76.48572526449473,76.52989341140412,76.4768970264033,76.49456024169922,5813400,0.0,0.0,0.0,0.0,0.0,0.01820345522727016,0.009475487281736722
2020-05-05 00:00:00-04:00,76.50342588190135,76.51226086264694,76.48575592041016,76.48575592041016,4334000,0.0,0.0,0.0,-0.00011509735151415956,-0.00011510397572261312,0.018100118391747504,0.009105729043873714
2020-05-06 00:00:00-04:00,76.4945675927211,76.51223754882812,76.48573261466758,76.51223754882812,2007300,0.0,0.0,0.0,0.0003462295443026342,0.00034616962068511237,0.018203126273166743,0.009092125522969337
2020-05-07 00:00:00-04:00,76.51225018318634,76.58290980194128,76.50341520367391,76.56524658203125,2455600,0.0,0.0,0.0,0.0006928177099683186,0.0006925778225711259,0.013114527392588709,0.009182786600569174
2020-05-08 00:00:00-04:00,76.57405220537714,76.60938537076636,76.53871903998792,76.54755401611328,2690000,0.0,0.0,0.0,-0.00023107828561630406,-0.0002311049883170345,0.005995131610932295,0.009200573837834111
2020-05-11 00:00:00-04:00,76.55642082967788,76.55642082967788,76.49458944386815,76.52108764648438,4067600,0.0,0.0,0.0,-0.0003457506901309859,-0.00034581047568184303,0.006928458024518501,0.009311844326884557
2020-05-12 00:00:00-04:00,76.51226674845384,76.53876495361328,76.49459678560336,76.53876495361328,2670000,0.0,0.0,0.0,0.00023101223038768381,0.00023098555117112725,0.006781894336951158,0.009334214363823643
2020-05-13 00:00:00-04:00,76.54759993503852,76.56526315877272,76.52992997218804,76.53876495361328,3829400,0.0,0.0,0.0,0.0,0.0,0.006555911379406109,0.009270740970239123
2020-05-14 00:00:00-04:00,76.54759258821622,76.57409079083243,76.52108764648438,76.52108764648438,2284600,0.0,0.0,0.0,-0.00023095887606261467,-0.00023098555117114517,0.0036641870353762334,0.009286893179985652
2020-05-15 00:00:00-04:00,76.57408156154366,76.58290980194128,76.55641160251882,76.56524658203125,1942800,0.0,0.0,0.0,0.0005770819117323356,0.0005769154639988169,0.005878756803577612,0.009391215971028257
2020-05-18 00:00:00-04:00,76.5564296388697,76.5564296388697,76.50343322753906,76.50343322753906,2761400,0.0,0.0,0.0,-0.0008073291375867431,-0.0008076552032616333,0.00825212849813838,0.009882834709796357
2020-05-19 00:00:00-04:00,76.51222085072406,76.54755401611328,76.51222085072406,76.54755401611328,2976500,0.0,0.0,0.0,0.0005767164519661083,0.0005765502149444702,0.009283802571978516,0.010056060177211182
2020-05-20 00:00:00-04:00,76.52104908773721,76.55638225312642,76.52104908773721,76.54755401611328,3497900,0.0,0.0,0.0,0.0,0.0,0.009283802571978516,0.00995628800902002
2020-05-21 00:00:00-04:00,76.53874220536187,76.54757718416126,76.5299072265625,76.5299072265625,3246300,0.0,0.0,0.0,-0.000230533682984424,-0.0002305602599585895,0.009283069975112164,0.009990445987357335
2020-05-22 00:00:00-04:00,76.54757718416126,76.55640542384636,76.5299072265625,76.5299072265625,2592500,0.0,0.0,0.0,0.0,0.0,0.007917373147836644,0.009990445987357335
2020-05-26 00:00:00-04:00,76.52107224776313,76.53874220536187,76.51224400807803,76.5299072265625,4356200,0.0,0.0,0.0,0.0,0.0,0.004774105781421083,0.009990445987357335
2020-05-27 00:00:00-04:00,76.52106578776794,76.55639896086831,76.51223754882812,76.51223754882812,3507600,0.0,0.0,0.0,-0.0002308859160389254,-0.0002309125742954609,0.0020059825483796007,0.009971530531945052
2020-05-28 00:00:00-04:00,76.52104908773721,76.54755401611328,76.51222085072406,76.54755401611328,3433400,0.0,0.0,0.0,0.000461579329223305,0.000461472834254046,0.004486546791082814,0.010078430230017043
2020-05-29 00:00:00-04:00,76.52988406386257,76.56521722925179,76.52988406386257,76.54755401611328,6903400,0.0,0.0,0.0,0.0,0.0,0.00401377045587859,0.007875942051275023
2020-06-01 00:00:00-04:00,76.54760796380728,76.55645008917223,76.52108833227791,76.53877258300781,6995500,0.07,0.0,0.0,-0.00011471866369006101,-0.00011472524437925048,0.0041761884513545145,0.005788242824992186
2020-06-02 00:00:00-04:00,76.53877258300781,76.54760796380728,76.52108833227791,76.53877258300781,3869300,0.0,0.0,0.0,0.0,0.0,0.0041761884513545145,0.005788242824992186
2020-06-03 00:00:00-04:00,76.52105716607949,76.52105716607949,76.47686004638672,76.47686004638672,4476300,0.0,0.0,0.0,-0.0008089042263377255,-0.0008092315658975591,0.0072652761746517785,0.006497702442410758
2020-06-04 00:00:00-04:00,76.48569523177414,76.5033794752571,76.46801773285392,76.49453735351562,4350000,0.0,0.0,0.0,0.00023114582787764348,0.00023111911779664078,0.006274999979796626,0.006427484159178974
2020-06-05 00:00:00-04:00,76.45916782788908,76.46800994873047,76.44149033076835,76.46800994873047,4391300,0.0,0.0,0.0,-0.00034678822440037393,-0.0003468483693421056,0.00627576547967886,0.005958837515235885
2020-06-08 00:00:00-04:00,76.45035552978516,76.4768751557528,76.432671282764,76.45035552978516,4200200,0.0,0.0,0.0,-0.0002308732626512544,-0.00023089991798570632,0.006221105781898454,0.005958761073205459
2020-06-09 00:00:00-04:00,76.45917580285942,76.48569542358763,76.45917580285942,76.47686004638672,7839900,0.0,0.0,0.0,0.00034668925236380765,0.0003466291695312691,0.007406369701006976,0.0060301839887032145
2020-06-10 00:00:00-04:00,76.5033872575823,76.53874900358267,76.49454513494136,76.52106475830078,3146500,0.0,0.0,0.0,0.0005780142109292896,0.000577847225058977,0.006221645585446413,0.006346032789045171
2020-06-11 00:00:00-04:00,76.52992165060981,76.53876377495722,76.4857177734375,76.4857177734375,3244500,0.0,0.0,0.0,-0.0004619248957777877,-0.0004620316159481918,0.007268520057334988,0.0065436904574935435
2020-06-12 00:00:00-04:00,76.50337253970464,76.52105003702229,76.49453041876477,76.51221466064453,3356000,0.0,0.0,0.0,0.000346429215523969,0.000346369222778378,0.006983385175598428,0.0066342120287274445
2020-06-15 00:00:00-04:00,76.51222159699859,76.52989909591881,76.49453735351562,76.49453735351562,3246000,0.0,0.0,0.0,-0.0002310390204663948,-0.00023106571409247582,0.006983903461166515,0.006304617921567999
2020-06-16 00:00:00-04:00,76.49455989778491,76.5210795262624,76.4857177734375,76.4857177734375,5306400,0.0,0.0,0.0,-0.00011529686149180929,-0.00011530350868588288,0.006788375358097329,0.005639938861548816
2020-06-17 00:00:00-04:00,76.49453041876477,76.51221466064453,76.49453041876477,76.51221466064453,3369600,0.0,0.0,0.0,0.000346429215523969,0.000346369222778378,0.005709362628263156,0.005374362810445063
2020-06-18 00:00:00-04:00,76.52105732077764,76.52105732077764,76.50337982177734,76.50337982177734,2027100,0.0,0.0,0.0,-0.000115469652870126,-0.00011547632000373232,0.0044146757394589,0.0053834210330416825
2020-06-19 00:00:00-04:00,76.51222938022325,76.53874900358267,76.5033872575823,76.52106475830078,3477600,0.0,0.0,0.0,0.0002311654277842301,0.00023113871317364572,0.003974772538894313,0.005403381970348957
2020-06-22 00:00:00-04:00,76.52105732077764,76.52989944255917,76.50337982177734,76.50337982177734,2597900,0.0,0.0,0.0,-0.0002311120026792235,-0.00023113871317360452,0.003975066607901243,0.005462092633000714
2020-06-23 00:00:00-04:00,76.51222938022325,76.52106475830078,76.5033872575823,76.52106475830078,2792100,0.0,0.0,0.0,0.0002311654277842301,0.00023113871317364572,0.00397586178543481,0.005532966299236946
2020-06-24 00:00:00-04:00,76.51222209813196,76.52989959716797,76.50337997633257,76.52989959716797,2110900,0.0,0.0,0.0,0.00011545629814602165,0.00011544963358060329,0.003332322273744626,0.0054823790579170495
2020-06-25 00:00:00-04:00,76.52105747536858,76.53874171896736,76.52105747536858,76.52989959716797,1716500,0.0,0.0,0.0,0.0,0.0,0.0030697897041190567,0.005218371437819881
2020-06-26 00:00:00-04:00,76.52988449816634,76.56524623382441,76.52988449816634,76.55640411376953,4109900,0.0,0.0,0.0,0.00034632890858432575,0.0003462689505709279,0.0035270811135207436,0.005371049313032498
2020-06-29 00:00:00-04:00,76.5563971823898,76.57408142089844,76.54755506313548,76.57408142089844,2766100,0.0,0.0,0.0,0.00023090566143402214,0.0002308790068248355,0.002089875464883626,0.005408148207901245
2020-06-30 00:00:00-04:00,76.58295460228403,76.58295460228403,76.55643497598996,76.56527709960938,4443400,0.0,0.0,0.0,-0.00011497782442426718,-0.00011498443488103066,0.0028953109492960575,0.005430022131334613
2020-07-01 00:00:00-04:00,76.57499848614219,76.57499848614219,76.53961181640625,76.53961181640625,4789400,0.061,0.0,0.0,-0.00033520786674268166,-0.000335264061457936,0.004315538816727048,0.004682946257499222
2020-07-02 00:00:00-04:00,76.55727647785994,76.57496643066406,76.53957977574153,76.57496643066406,2662800,0.0,0.0,0.0,0.00046191264129502585,0.00046180599249128835,0.005281904091009628,0.004874896579176894
2020-07-06 00:00:00-04:00,76.55729500847438,76.56614336167533,76.54844665527344,76.54844665527344,3406700,0.0,0.0,0.0,-0.0003463243488932566,-0.0003463843330202837,0.005668639203727815,0.004874392788078406
2020-07-07 00:00:00-04:00,76.55729086846895,76.5661392211914,76.5484425157465,76.5661392211914,2939000,0.0,0.0,0.0,0.00023112899988220192,0.00023110229368987975,0.005669264005193504,0.004793217439451341
2020-07-08 00:00:00-04:00,76.5661392211914,76.57498082459828,76.55729086846895,76.5661392211914,3454900,0.0,0.0,0.0,0.0,0.0,0.005607220658365648,0.004690135787054817
2020-07-09 00:00:00-04:00,76.56612657511275,76.58381652832031,76.55727822385174,76.58381652832031,2508600,0.0,0.0,0.0,0.00023087630261509062,0.00023084965478302574,0.004849561165490432,0.004327907495740508
2020-07-10 00:00:00-04:00,76.59266815138182,76.59266815138182,76.55728149414062,76.55728149414062,2447400,0.0,0.0,0.0,-0.00034648357032296406,-0.0003465436096240374,0.004601293477851158,0.004166360310499187
2020-07-13 00:00:00-04:00,76.55728149414062,76.56612984577961,76.54843314250164,76.55728149414062,2332100,0.0,0.0,0.0,0.0,0.0,0.0037574853826663306,0.004014627345156347
2020-07-14 00:00:00-04:00,76.57498082459828,76.58382917732074,76.55729086846895,76.5661392211914,2112500,0.0,0.0,0.0,0.00011570064764465648,0.00011569395484095995,0.003429971762750565,0.003903331065038889
2020-07-15 00:00:00-04:00,76.55727647785994,76.57496643066406,76.54842812680073,76.57496643066406,4553200,0.0,0.0,0.0,0.00011528868456012198,0.00011528203933046979,0.0035262339160327294,0.003861915579510817
2020-07-16 00:00:00-04:00,76.58381478172328,76.59266313278249,76.57496643066406,76.57496643066406,1750100,0.0,0.0,0.0,0.0,0.0,0.003012616086558195,0.003712028725542833
2020-07-17 00:00:00-04:00,76.58382590302695,76.5926742553711,76.56613594765393,76.5926742553711,2016200,0.0,0.0,0.0,0.00023124822030529124,0.0002312214865569358,0.0015354258010750244,0.0037221777822367672
2020-07-20 00:00:00-04:00,76.59266313278249,76.59266313278249,76.56612482891916,76.57496643066406,3534600,0.0,0.0,0.0,-0.00023119475692923164,-0.00023122148655696,0.0027828958699635626,0.003798514091903513
2020-07-21 00:00:00-04:00,76.56613594765393,76.5926742553711,76.56613594765393,76.5926742553711,4017900,0.0,0.0,0.0,0.00023124822030529124,0.0002312214865569358,0.0030706916008921004,0.00372231414246074
2020-07-22 00:00:00-04:00,76.59266487958132,76.59266487958132,76.5749681770593,76.58381652832031,3776600,0.0,0.0,0.0,-0.00011564718345313807,-0.0001156538711042687,0.0032831995195096385,0.003712321032242605
2020-07-23 00:00:00-04:00,76.58381652832031,76.59266487958132,76.5749681770593,76.58381652832031,2263100,0.0,0.0,0.0,0.0,0.0,0.0032831995195096385,0.003704226637105357
2020-07-24 00:00:00-04:00,76.58382590302695,76.5926742553711,76.57497755068279,76.5926742553711,3056000,0.0,0.0,0.0,0.00011566055927114682,0.00011565387110436114,0.002902023187204233,0.0037123754293114757
2020-07-27 00:00:00-04:00,76.59267753004319,76.59267753004319,76.55729086846895,76.5661392211914,2250900,0.0,0.0,0.0,-0.00034644350047385863,-0.00034650352588737885,0.0035282598137236667,0.003770727098954628
2020-07-28 00:00:00-04:00,76.5749681770593,76.59266487958132,76.5749681770593,76.58381652832031,3804400,0.0,0.0,0.0,0.00023087630261509062,0.00023084965478302574,0.003526571719669546,0.003770703914762238
2020-07-29 00:00:00-04:00,76.59269037753192,76.61038033662854,76.58384202332527,76.60153198242188,2551300,0.0,0.0,0.0,0.00023132111854229365,0.00023129436793759218,0.0038024604267109323,0.0038228800380962517
2020-07-30 00:00:00-04:00,76.61036268287167,76.62805938720703,76.61036268287167,76.62805938720703,2016900,0.0,0.0,0.0,0.0003463038414328601,0.0003462438920976219,0.004299240902477481,0.003738754658820358
2020-07-31 00:00:00-04:00,76.63690185546875,76.63690185546875,76.61921190024879,76.63690185546875,3229400,0.0,0.0,0.0,0.00011539465219967404,0.00011538799474894711,0.004299240861438524,0.0034316824214037705
2020-08-03 00:00:00-04:00,76.61918730438057,76.63689422607422,76.60148713589885,76.63689422607422,2979500,0.05,0.0,0.0,-9.955249169468772e-08,-9.955249665003735e-08,0.0020906140666011788,0.0031200457574796715
2020-08-04 00:00:00-04:00,76.63691287273214,76.64575958251953,76.62805940973116,76.64575958251953,2871000,0.0,0.0,0.0,0.00011568000680139967,0.00011567331638537283,0.002090480372194598,0.003061321526540903
2020-08-05 00:00:00-04:00,76.62803649902344,76.63688995937734,76.61918303866952,76.62803649902344,3037500,0.0,0.0,0.0,-0.00023123371198396914,-0.00023126045062074366,0.0033312241413020072,0.0032193590873360995
2020-08-06 00:00:00-04:00,76.62803649902344,76.64573666651971,76.61918303866952,76.62803649902344,1793300,0.0,0.0,0.0,0.0,0.0,0.0022473338418787553,0.0031415792275721467
2020-08-07 00:00:00-04:00,76.61918640136719,76.62803986210966,76.61033969383656,76.61918640136719,3944500,0.0,0.0,0.0,-0.0001154942506762513,-0.00011550092065078835,0.0020925466420749937,0.0028708599382079084
2020-08-10 00:00:00-04:00,76.61919400547899,76.61919400547899,76.59264037382808,76.60149383544922,2089800,0.0,0.0,0.0,-0.00023091560676835599,-0.00023094227188208687,0.0023921277716073513,0.003026771309630493
2020-08-11 00:00:00-04:00,76.58380889892578,76.5926623630887,76.5572552596515,76.58380889892578,3345700,0.0,0.0,0.0,-0.00023086934259308745,-0.00023089599702230142,0.0016399987135412744,0.0031427092500821716
2020-08-12 00:00:00-04:00,76.56607055664062,76.57492401639021,76.55721709689104,76.56607055664062,4246900,0.0,0.0,0.0,-0.0002316200061107665,-0.00023164683416707156,0.0016410324780771943,0.003230852565483948
2020-08-13 00:00:00-04:00,76.5572280883789,76.5660815493996,76.54838138057028,76.5572280883789,2073800,0.0,0.0,0.0,-0.0001154880771264688,-0.00011549474638793306,0.0010055139978857645,0.003254032196868268
2020-08-14 00:00:00-04:00,76.56607055664062,76.5837707229287,76.55721709689104,76.56607055664062,2548600,0.0,0.0,0.0,0.00011550141616289977,0.00011549474638790598,0.002391606492632371,0.0031641772547345935
2020-08-17 00:00:00-04:00,76.58379788155077,76.58379788155077,76.56609770898575,76.574951171875,2655100,0.0,0.0,0.0,0.00011598630006481869,0.00011597957417398643,0.0027844759214973418,0.0030921472549819136
2020-08-18 00:00:00-04:00,76.57496218797733,76.5926623630887,76.57496218797733,76.58380889892578,2106500,0.0,0.0,0.0,0.00011567394970835032,0.00011566725999290866,0.0025982741587919577,0.0030034565578141758
2020-08-19 00:00:00-04:00,76.5926623630887,76.5926623630887,76.57496218797733,76.58380889892578,2064900,0.0,0.0,0.0,0.0,0.0,0.0016416272758487144,0.002975264622252737
2020-08-20 00:00:00-04:00,76.5926623630887,76.60151582725162,76.58380889892578,76.58380889892578,2121000,0.0,0.0,0.0,0.0,0.0,0.0010061738808893926,0.002975264622252737
2020-08-21 00:00:00-04:00,76.59265134444001,76.60150480732928,76.574951171875,76.574951171875,3337600,0.0,0.0,0.0,-0.00011566057079337444,-0.00011566725999298197,0.0015374415174083942,0.002969307361332167
2020-08-24 00:00:00-04:00,76.5837707229287,76.59262418267828,76.56607055664062,76.56607055664062,2834100,0.0,0.0,0.0,-0.00011597284880326963,-0.00011597957417407804,0.0015374158087356664,0.002727397953287045
2020-08-25 00:00:00-04:00,76.55724424609649,76.574951171875,76.54839753642072,76.574951171875,1986600,0.0,0.0,0.0,0.00011598630006481869,0.00011597957417398643,0.0015391937858439246,0.002627032826503992
2020-08-26 00:00:00-04:00,76.574951171875,76.574951171875,76.55724424609649,76.574951171875,2983300,0.0,0.0,0.0,0.0,0.0,0.0015391937858439246,0.002473999579006008
2020-08-27 00:00:00-04:00,76.59262418267828,76.60147764242787,76.55721709689104,76.56607055664062,2609000,0.0,0.0,0.0,-0.00011597284880326963,-0.00011597957417407804,0.0016459045966094495,0.002086646130488423
2020-08-28 00:00:00-04:00,76.58380553280826,76.61036592412958,76.58380553280826,76.59265899658203,3445500,0.0,0.0,0.0,0.0003472613880810549,0.00034720110680039925,0.0030765698757419455,0.0024474601338116773
2020-08-31 00:00:00-04:00,76.59263277235159,76.61918640136719,76.59263277235159,76.61918640136719,2357200,0.0,0.0,0.0,0.00034634395949528773,0.0003462839962710158,0.003284390464559569,0.00278687535405306
2020-09-01 00:00:00-04:00,76.60062408447266,76.60948256402354,76.59177236196186,76.60062408447266,3093600,0.049,0.0,0.0,-0.00024226721486309,-0.0002422965663054793,0.004275769595783063,0.0028588652929992606
2020-09-02 00:00:00-04:00,76.59175635437411,76.60946655273438,76.59175635437411,76.60946655273438,3682600,0.0,0.0,0.0,0.00011543598198326954,0.00011542931976300302,0.004240074993849059,0.002798514152361737
2020-09-03 00:00:00-04:00,76.60948256402354,76.62719276608522,76.60062408447266,76.60062408447266,2547200,0.0,0.0,0.0,-0.0001154226580553086,-0.00011542931976291781,0.00423839134953588,0.002821787661269971
2020-09-04 00:00:00-04:00,76.60060431928832,76.60946279655344,76.56517716726611,76.57403564453125,2904300,0.0,0.0,0.0,-0.00034710474306431927,-0.0003471649978592016,0.004447454334006123,0.0030394316945236274
2020-09-08 00:00:00-04:00,76.5917976304226,76.60064935585369,76.58293914794922,76.58293914794922,2014700,0.0,0.0,0.0,0.00011627313805551154,0.00011626637885813188,0.0033164087385831086,0.0029835502586854842
2020-09-09 00:00:00-04:00,76.58292313558972,76.59178161621094,76.57406465496851,76.59178161621094,3009100,0.0,0.0,0.0,0.0001154626390693636,0.00011545597377191012,0.003285287195506951,0.0028987991505594764
2020-09-10 00:00:00-04:00,76.57408066547583,76.60064935585369,76.57408066547583,76.58293914794922,2910000,0.0,0.0,0.0,-0.00011544930898754746,-0.00011545597377198842,0.0030741584179227507,0.0028005780502035347
2020-09-11 00:00:00-04:00,76.59177236196186,76.61834104357442,76.59177236196186,76.60062408447266,2109800,0.0,0.0,0.0,0.00023092527813894925,0.00023089861900100773,0.0036716795661148167,0.0028622871772699034
2020-09-14 00:00:00-04:00,76.60949182041246,76.60949182041246,76.59178161621094,76.59178161621094,1993000,0.0,0.0,0.0,-0.00011543598198326954,-0.00011544264522902824,0.0024603894011187475,0.0028863107430223776
2020-09-15 00:00:00-04:00,76.59177236196186,76.60062408447266,76.59177236196186,76.60062408447266,2013100,0.0,0.0,0.0,0.00011544930898765848,0.0001154426452290649,0.0024589210138375567,0.002886066619897706
2020-09-16 00:00:00-04:00,76.6006080750349,76.60946655273438,76.58289787667464,76.60946655273438,2551200,0.0,0.0,0.0,0.00011543598198326954,0.00011542931976300302,0.0024588737090305217,0.002885958586971903
2020-09-17 00:00:00-04:00,76.60949182041246,76.61835030103367,76.59178161621094,76.59178161621094,2494700,0.0,0.0,0.0,-0.00023084531611072823,-0.00023087196499197186,0.00301120330299164,0.0030170949201487095
2020-09-18 00:00:00-04:00,76.60948256402354,76.61834104357442,76.59177236196186,76.60062408447266,2334200,0.0,0.0,0.0,0.00011544930898765848,0.0001154426452290649,0.002591456609993996,0.0030421717458085726
2020-09-21 00:00:00-04:00,76.60949182041246,76.60949182041246,76.59178161621094,76.59178161621094,3969100,0.0,0.0,0.0,-0.00011543598198326954,-0.00011544264522902824,0.002591456609993996,0.003042047832741635
2020-09-22 00:00:00-04:00,76.6006080750349,76.60946655273438,76.59175635437411,76.60946655273438,2108400,0.0,0.0,0.0,0.00023089861797509492,0.00023087196499188258,0.003011087389097768,0.0030986651574217996
2020-09-23 00:00:00-04:00,76.6006080750349,76.60946655273438,76.59175635437411,76.60946655273438,3298200,0.0,0.0,0.0,0.0,0.0,0.002897453641403612,0.003082466509688986
2020-09-24 00:00:00-04:00,76.60062408447266,76.60948256402354,76.59177236196186,76.60062408447266,2955200,0.0,0.0,0.0,-0.0001154226580553086,-0.00011542931976291781,0.0023894036874199972,0.0031206576748339866
2020-09-25 00:00:00-04:00,76.60946655273438,76.61832503043384,76.60946655273438,76.60946655273438,1786000,0.0,0.0,0.0,0.00011543598198326954,0.00011542931976300302,0.0023893712381324234,0.0030981201006208296
2020-09-28 00:00:00-04:00,76.61835479736328,76.61835479736328,76.60063783508114,76.61835479736328,2777700,0.0,0.0,0.0,0.00011602018691503346,0.00011601345709367262,0.002090232249820014,0.0028837306819080115
2020-09-29 00:00:00-04:00,76.61832503043384,76.62717675109464,76.60946655273438,76.60946655273438,2568900,0.0,0.0,0.0,-0.00011600672779277232,-0.0001160134570936534,0.0018370259465728253,0.0026396111791681044
2020-09-30 00:00:00-04:00,76.61835479736328,76.61835479736328,76.60063783508114,76.61835479736328,3111800,0.0,0.0,0.0,0.00011602018691503346,0.00011601345709367262,0.0020132075115703437,0.002518462143968505
2020-10-01 00:00:00-04:00,76.60060119628906,76.61832634783441,76.60060119628906,76.60060119628906,3890800,0.04,0.0,0.0,-0.00023171472581440256,-0.00023174157581925663,0.0026011447634889835,0.0026276967464321237
2020-10-02 00:00:00-04:00,76.60946655273438,76.61832912882873,76.5917481607105,76.60946655273438,3081300,0.0,0.0,0.0,0.00011573481548254883,0.00011572811872548508,0.002601981349010311,0.0026278723552820033
2020-10-05 00:00:00-04:00,76.6006193965672,76.6006193965672,76.57403842309814,76.58290100097656,3139800,0.0,0.0,0.0,-0.0003467659148823632,-0.00034682605208498184,0.003286318917094862,0.002627269084410055
2020-10-06 00:00:00-04:00,76.58290100097656,76.59176357885498,76.57403842309814,76.58290100097656,2618100,0.0,0.0,0.0,0.0,0.0,0.003336950423022624,0.002594640666567019
2020-10-07 00:00:00-04:00,76.5563019943252,76.57402038574219,76.5563019943252,76.57402038574219,3613200,0.0,0.0,0.0,-0.00011596081002807068,-0.00011596753400261858,0.0029033374427253887,0.002588068327109784
2020-10-08 00:00:00-04:00,76.57402038574219,76.58288296153299,76.56516457011598,76.57402038574219,1996700,0.0,0.0,0.0,0.0,0.0,0.002783786076292209,0.0025588969604339934
2020-10-09 00:00:00-04:00,76.58288296153299,76.58288296153299,76.56516457011598,76.57402038574219,1977700,0.0,0.0,0.0,0.0,0.0,0.0023926615310631313,0.0024020234862459355
2020-10-12 00:00:00-04:00,76.57401831813529,76.59174346923828,76.56516250274821,76.59174346923828,2400900,0.0,0.0,0.0,0.00023145034578053725,0.00023142356528141377,0.0020134453415450028,0.002526537740468502
2020-10-13 00:00:00-04:00,76.58290100097656,76.6006193965672,76.57403842309814,76.58290100097656,5330600,0.0,0.0,0.0,-0.00011544936648777426,-0.00011545603127885436,0.0022498261842222632,0.002519515542982415
2020-10-14 00:00:00-04:00,76.58290100097656,76.6006193965672,76.58290100097656,76.58290100097656,8129500,0.0,0.0,0.0,0.0,0.0,0.002011222046600855,0.0024752763227957842
2020-10-15 00:00:00-04:00,76.59174538068098,76.60946377206173,76.58288280490831,76.60060119628906,6851500,0.0,0.0,0.0,0.00023112463854402243,0.00023109793335948956,0.00246204838297883,0.002489887322164643
2020-10-16 00:00:00-04:00,76.59174346923828,76.60059928462536,76.58288089368678,76.59174346923828,1562100,0.0,0.0,0.0,-0.00011563521581359204,-0.00011564190208061042,0.0027833671390363043,0.002489991624184062
2020-10-19 00:00:00-04:00,76.57401831813529,76.59174346923828,76.56516250274821,76.59174346923828,2499200,0.0,0.0,0.0,0.0,0.0,0.0022466587252033664,0.0024560535121889025
2020-10-20 00:00:00-04:00,76.58290100097656,76.59176357885498,76.57403842309814,76.58290100097656,1991800,0.0,0.0,0.0,-0.00011544936648777426,-0.00011545603127885436,0.0022466587252033664,0.002328559342995664
2020-10-21 00:00:00-04:00,76.57403842309814,76.58290100097656,76.56518260538591,76.58290100097656,1788700,0.0,0.0,0.0,0.0,0.0,0.0022466587252033664,0.002328559342995664
2020-10-22 00:00:00-04:00,76.57403858605804,76.58290116395531,76.55632019042969,76.55632019042969,3063300,0.0,0.0,0.0,-0.0003470854485720931,-0.0003471456966676265,0.002249371426886785,0.002588665751437169
2020-10-23 00:00:00-04:00,76.57404899520442,76.58291157430645,76.56519317626953,76.56519317626953,2014300,0.0,0.0,0.0,0.00011590141503359241,0.00011589469898351714,0.002785954196021078,0.0025890104828437182
2020-10-26 00:00:00-04:00,76.57402038574219,76.58288296153299,76.56516457011598,76.57402038574219,2319200,0.0,0.0,0.0,0.00011529010907529447,0.00011528346368142972,0.0030722183697633266,0.002588469742954019
2020-10-27 00:00:00-04:00,76.58288296153299,76.59174553732377,76.57402038574219,76.57402038574219,1982000,0.0,0.0,0.0,0.0,0.0,0.0030172735139375644,0.002569392411544119
2020-10-28 00:00:00-04:00,76.58288296153299,76.59174553732377,76.57402038574219,76.57402038574219,4930200,0.0,0.0,0.0,0.0,0.0,0.0030172735139375644,0.0025185599760924535
2020-10-29 00:00:00-04:00,76.58288089368678,76.59174346923828,76.57401831813529,76.59174346923828,3688800,0.0,0.0,0.0,0.00023145034578053725,0.00023142356528141377,0.0015367702240263103,0.0025602088419508767
2020-10-30 00:00:00-04:00,76.59176357885498,76.59176357885498,76.56518260538591,76.58290100097656,3562300,0.0,0.0,0.0,-0.00011544936648777426,-0.00011545603127885436,0.0020923437611837467,0.0025461673592303475
2020-11-02 00:00:00-05:00,76.5731112696277,76.58197784423828,76.56425145823192,76.58197784423828,3642500,0.039,0.0,0.0,-1.2054345372325415e-05,-1.205441802653046e-05,0.0020217752510157234,0.0022292619397397194
2020-11-03 00:00:00-05:00,76.56427764892578,76.57313746335228,76.54654449363855,76.56427764892578,1739600,0.0,0.0,0.0,-0.00023112742463382574,-0.0002311541386933485,0.002717602871939567,0.0023746708277877925
2020-11-04 00:00:00-05:00,76.58197784423828,76.59971099345945,76.5731112696277,76.58197784423828,4432600,0.0,0.0,0.0,0.00023118085686979484,0.00023115413869324462,0.0032893611980683163,0.0024902853405235543
2020-11-05 00:00:00-05:00,76.5820040409959,76.59087061863951,76.56427764892578,76.56427764892578,4646000,0.0,0.0,0.0,-0.00023112742463382574,-0.0002311541386933485,0.0030539623026125604,0.002628029252129367
2020-11-06 00:00:00-05:00,76.5819790625446,76.5819790625446,76.56425267625625,76.57311248779297,2479200,0.0,0.0,0.0,0.00011539113459280159,0.00011538447754793467,0.003277244225150675,0.002663407946283589
2020-11-09 00:00:00-05:00,76.53767272959783,76.54653930664062,76.5199463387289,76.54653930664062,5418600,0.0,0.0,0.0,-0.00034703018186155177,-0.0003470904107696822,0.003978209561766572,0.002783830995202244
2020-11-10 00:00:00-05:00,76.51992467616108,76.53765106201172,76.51992467616108,76.53765106201172,3162200,0.0,0.0,0.0,-0.00011611556458879235,-0.00011612230652286294,0.003805854400220661,0.002784104778711714
2020-11-11 00:00:00-05:00,76.5199203491211,76.5287869231524,76.51105377508978,76.5199203491211,2643200,0.0,0.0,0.0,-0.00023166000843510837,-0.00023168684575969903,0.0027827796087347635,0.002871572636405273
2020-11-12 00:00:00-05:00,76.54654261477954,76.55540919220553,76.52881622314453,76.52881622314453,3915800,0.0,0.0,0.0,0.00011625566235373697,0.0001162489051879231,0.0032870810656827373,0.002753659805005731
2020-11-13 00:00:00-05:00,76.54654261477954,76.55540919220553,76.52881622314453,76.52881622314453,3156800,0.0,0.0,0.0,0.0,0.0,0.0029071428395321198,0.0027459376794507725
2020-11-16 00:00:00-05:00,76.53767272959783,76.55540588368342,76.5288129157717,76.54653930664062,3752900,0.0,0.0,0.0,0.000231587059238203,0.00023156024709468346,0.002908731521276654,0.0029100367398824114
2020-11-17 00:00:00-05:00,76.53765106201172,76.55538421107711,76.53765106201172,76.53765106201172,3457900,0.0,0.0,0.0,-0.00011611556458879235,-0.00011612230652286294,0.002908731521276654,0.002910298654846375
2020-11-18 00:00:00-05:00,76.54651763654441,76.55538421107711,76.53765106201172,76.53765106201172,2325200,0.0,0.0,0.0,0.0,0.0,0.00209836848098193,0.002910298654846375
2020-11-19 00:00:00-05:00,76.54651520065181,76.56424834915288,76.54651520065181,76.55538177490234,1900700,0.0,0.0,0.0,0.00023166000843510837,0.00023163317939875084,0.00246798434098959,0.002795556967633292
2020-11-20 00:00:00-05:00,76.57313746335228,76.57313746335228,76.56427764892578,76.56427764892578,1784700,0.0,0.0,0.0,0.00011620181125326923,0.00011619506034577335,0.002398956169202492,0.002795723200195337
2020-11-23 00:00:00-05:00,76.56427764892578,76.57313746335228,76.56427764892578,76.56427764892578,1640500,0.0,0.0,0.0,0.0,0.0,0.0020986612648217365,0.0027620968291078812
2020-11-24 00:00:00-05:00,76.56425267625625,76.57311248779297,76.56425267625625,76.57311248779297,2649500,0.0,0.0,0.0,0.00011539113459280159,0.00011538447754793467,0.0015383469995202243,0.002795778757677981
2020-11-25 00:00:00-05:00,76.5731112696277,76.58197784423828,76.5731112696277,76.58197784423828,2449800,0.0,0.0,0.0,0.00011577636271109526,0.00011576966114526424,0.0013001965872782508,0.0028261363643432118
2020-11-27 00:00:00-05:00,76.58197784423828,76.59084441884887,76.58197784423828,76.58197784423828,1378900,0.0,0.0,0.0,0.0,0.0,0.00100678219367963,0.002696852917301396
2020-11-30 00:00:00-05:00,76.59968566894531,76.59968566894531,76.58195252558687,76.59968566894531,3375300,0.0,0.0,0.0,0.00023122704852363007,0.00023120031966985554,0.0015354737206911937,0.0027900118722437584
2020-12-01 00:00:00-05:00,76.56690763158065,76.57577759536753,76.54917446980687,76.55804443359375,6173900,0.033,0.0,0.0,-0.0005436214912359905,-0.0005437693069718253,0.004856600601240638,0.0034160140203317877
2020-12-02 00:00:00-05:00,76.55803435764996,76.57576751708984,76.54916439503046,76.57576751708984,2297100,0.0,0.0,0.0,0.00023149864429283795,0.000231471852616428,0.005117791719048166,0.0034235969083684717
2020-12-03 00:00:00-05:00,76.58464352544982,76.59351348876953,76.57577356213012,76.59351348876953,2751900,0.0,0.0,0.0,0.00023174396098246675,0.0002317171124986434,0.0053347329762181905,0.003424085359848717
2020-12-04 00:00:00-05:00,76.57577053996005,76.58464050292969,76.56690057699042,76.58464050292969,2825200,0.0,0.0,0.0,-0.00011584513408102737,-0.0001158518446468351,0.005438393086718867,0.003340946879448265
2020-12-07 00:00:00-05:00,76.58463805624693,76.60237121582031,76.58463805624693,76.60237121582031,3213900,0.0,0.0,0.0,0.00023151787060937679,0.000231491074482946,0.005439148838614498,0.0034126635078447222
2020-12-08 00:00:00-05:00,76.59351046589933,76.6023736630696,76.58464050292969,76.58464050292969,2559800,0.0,0.0,0.0,-0.00023146428249154472,-0.00023149107448291851,0.0035827604736238545,0.003269876622072738
2020-12-09 00:00:00-05:00,76.58463747970933,76.58463747970933,76.57576751708984,76.57576751708984,2829000,0.0,0.0,0.0,-0.00011585855573092996,-0.00011586526785184075,0.0034389914818758168,0.0032697297395529036
2020-12-10 00:00:00-05:00,76.6023766862896,76.6112466496093,76.58464352544982,76.59351348876953,2977700,0.0,0.0,0.0,0.00023174396098246675,0.0002317171124986434,0.0034389914818758168,0.0032004652946192626
2020-12-11 00:00:00-05:00,76.62898470308721,76.63784790039062,76.62011473998433,76.63784790039062,1802200,0.0,0.0,0.0,0.0005788272348623558,0.0005786597789940088,0.005099681960226303,0.0037115371252298404
2020-12-14 00:00:00-05:00,76.62009732406953,76.63783048044503,76.62009732406953,76.62896728515625,2805200,0.0,0.0,0.0,-0.00011587766981557834,-0.0001158843841514587,0.00529504380136239,0.003763454880478375
2020-12-15 00:00:00-05:00,76.62896728515625,76.63783048044503,76.62009732406953,76.62896728515625,1969300,0.0,0.0,0.0,0.0,0.0,0.004686255052598845,0.0037173338860876522
2020-12-16 00:00:00-05:00,76.62009732406953,76.62896728515625,76.62009732406953,76.62896728515625,1444700,0.0,0.0,0.0,0.0,0.0,0.004388189254860857,0.00366946464331354
2020-12-17 00:00:00-05:00,76.63962581250358,76.63962581250358,76.6130128337284,76.63075256347656,2541200,0.032,0.0,0.0,2.329769516107305e-05,2.3297423773988263e-05,0.004359887455611063,0.0036653715299993436
2020-12-18 00:00:00-05:00,76.62188720703125,76.63075368788249,76.62188720703125,76.62188720703125,2924100,0.0,0.0,0.0,-0.00011568927811289598,-0.00011569597063360468,0.0010847996180153453,0.0036580010802279173
2020-12-21 00:00:00-05:00,76.62188720703125,76.63075368788249,76.61301395787403,76.62188720703125,2249100,0.0,0.0,0.0,0.0,0.0,0.000877400534107108,0.0036505940878137897
2020-12-22 00:00:00-05:00,76.62188720703125,76.63962693703971,76.62188720703125,76.62188720703125,1928400,0.0,0.0,0.0,0.0,0.0,0.000877400534107108,0.0036505940878137897
2020-12-23 00:00:00-05:00,76.62187819200062,76.63961791992188,76.62187819200062,76.63961791992188,2821600,0.0,0.0,0.0,0.00023140532734089447,0.0002313785572578805,0.0020018606187393604,0.0037061729961906046
2020-12-24 00:00:00-05:00,76.62188720703125,76.63962693703971,76.62188720703125,76.62188720703125,1039500,0.0,0.0,0.0,-0.00023135179130395755,-0.0002313785572579412,0.0027240137555886394,0.003819406049857133
2020-12-28 00:00:00-05:00,76.6130128337284,76.63075256347656,76.6130128337284,76.63075256347656,1836400,0.0,0.0,0.0,0.00011570266367044724,0.00011569597063352017,0.0027239851086813638,0.0038309924837138065
2020-12-29 00:00:00-05:00,76.63075256347656,76.63075256347656,76.62188608275542,76.63075256347656,2010600,0.0,0.0,0.0,0.0,0.0,0.0027239851086813638,0.0037586371894394463
2020-12-30 00:00:00-05:00,76.62187819200062,76.63961791992188,76.62187819200062,76.63961791992188,1327500,0.0,0.0,0.0,0.00011568927811289598,0.00011568258662444484,0.002785170874415582,0.0031212112162237703
2020-12-31 00:00:00-05:00,76.63075256347656,76.63962581250358,76.6130128337284,76.63075256347656,1949900,0.0,0.0,0.0,-0.00011567589565197878,-0.00011568258662439067,0.0023943862124368854,0.0031014928076704036
2021-01-04 00:00:00-05:00,76.62187819200062,76.64849116803511,76.62187819200062,76.63961791992188,2989300,0.0,0.0,0.0,0.00011568927811289598,0.00011568258662444484,0.0016425773071317646,0.0030308550485729233
2021-01-05 00:00:00-05:00,76.63961791992188,76.64849116803511,76.62187819200062,76.63961791992188,2529400,0.0,0.0,0.0,0.0,0.0,0.0015364586294750499,0.0029844056697379572
2021-01-06 00:00:00-05:00,76.61299948568478,76.62187273316586,76.57751326406523,76.59525299072266,2082000,0.0,0.0,0.0,-0.0005788772230777006,-0.0005790448371858474,0.004575753820313978,0.003602276899361699
2021-01-07 00:00:00-05:00,76.60413334349279,76.61300659179688,76.58639361518995,76.61300659179688,4207700,0.0,0.0,0.0,0.00023178461302775233,0.00023175775512441978,0.004966305409052434,0.0035906614490900275
2021-01-08 00:00:00-05:00,76.58640150522116,76.60414123535156,76.58640150522116,76.60414123535156,2760300,0.0,0.0,0.0,-0.00011571607537275153,-0.00011572277099433371,0.004966328995903593,0.00359059075075852
2021-01-11 00:00:00-05:00,76.59525299072266,76.60412623820372,76.58638651154631,76.59525299072266,2545700,0.0,0.0,0.0,-0.00011602825233170133,-0.00011603498413009515,0.0046867805697526806,0.0035283841037937894
2021-01-12 00:00:00-05:00,76.57751326406523,76.59525299072266,76.57751326406523,76.59525299072266,4048300,0.0,0.0,0.0,0.0,0.0,0.0046867805697526806,0.0027930992561920826
2021-01-13 00:00:00-05:00,76.58638763427734,76.59525411358368,76.58638763427734,76.58638763427734,2021800,0.0,0.0,0.0,-0.0001157428965785634,-0.00011574959530450921,0.0023982576814434733,0.002793042917643215
2021-01-14 00:00:00-05:00,76.59525299072266,76.60412623820372,76.58638651154631,76.59525299072266,3344000,0.0,0.0,0.0,0.00011575629454729786,0.00011574959530441556,0.0016441587777533517,0.002838170220157861
2021-01-15 00:00:00-05:00,76.59526798613335,76.61301448456979,76.59526798613335,76.60414123535156,3148300,0.0,0.0,0.0,0.00011604171644918893,0.00011603498413002557,0.001839734464041479,0.0028796804954075057
2021-01-19 00:00:00-05:00,76.59526633567435,76.63075256347656,76.59526633567435,76.63075256347656,3019500,0.0,0.0,0.0,0.0003473875915303015,0.00034732726643131644,0.0027263505784713765,0.0031552221648643774
2021-01-20 00:00:00-05:00,76.62188720703125,76.63075368788249,76.61301395787403,76.62188720703125,2392300,0.0,0.0,0.0,-0.00011568927811289598,-0.00011569597063360468,0.0030754915715603837,0.0031552221648643774
2021-01-21 00:00:00-05:00,76.63075256347656,76.63962581250358,76.6130128337284,76.63075256347656,1574700,0.0,0.0,0.0,0.00011570266367044724,0.00011569597063352017,0.0025990132936214655,0.0031818307386515454
2021-01-22 00:00:00-05:00,76.63075256347656,76.63962581250358,76.63075256347656,76.63075256347656,4095800,0.0,0.0,0.0,0.0,0.0,0.002726063794452281,0.0031818307386515454
2021-01-25 00:00:00-05:00,76.63074467180864,76.63961791992188,76.63074467180864,76.63961791992188,2037500,0.0,0.0,0.0,0.00011568927811289598,0.00011568258662444484,0.002725874725992338,0.0030984310908471154
2021-01-26 00:00:00-05:00,76.6484990615306,76.6484990615306,76.63075256347656,76.63075256347656,2015500,0.0,0.0,0.0,-0.00011567589565197878,-0.00011568258662439067,0.0018365103714360626,0.003009805069101071
2021-01-27 00:00:00-05:00,76.6484990615306,76.65737231055763,76.63075256347656,76.63075256347656,3786800,0.0,0.0,0.0,0.0,0.0,0.0015365094272427897,0.0029816606869849916
2021-01-28 00:00:00-05:00,76.63962693703971,76.63962693703971,76.62188720703125,76.62188720703125,2429600,0.0,0.0,0.0,-0.00011568927811289598,-0.00011569597063360468,0.0015364840219583684,0.003009815675313902
2021-01-29 00:00:00-05:00,76.63961765767885,76.64849090576172,76.63074440959599,76.64849090576172,3237800,0.0,0.0,0.0,0.00034720756301109823,0.000347147300413875,0.0030738868443617846,0.003237323969663999
2021-02-01 00:00:00-05:00,76.65735626220703,76.65735626220703,76.63961037380312,76.65735626220703,3266300,0.03,0.0,0.0,0.00011566250477401674,0.00011565581638223723,0.0030738487778058485,0.0032263125190521535
2021-02-02 00:00:00-05:00,76.64850522682636,76.64850522682636,76.63075256347656,76.63075256347656,2245400,0.0,0.0,0.0,-0.0003470469114467134,-0.0003471071461626703,0.0041071471456887625,0.00344967960674048
2021-02-03 00:00:00-05:00,76.63073396100721,76.63961029052734,76.63073396100721,76.63961029052734,2219000,0.0,0.0,0.0,0.00011558971763259152,0.00011558303765593311,0.004188276643434753,0.0034765362154220987
2021-02-04 00:00:00-05:00,76.63073396100721,76.63961029052734,76.63073396100721,76.63961029052734,1848200,0.0,0.0,0.0,0.0,0.0,0.004023984726454403,0.0027238462456702687
2021-02-05 00:00:00-05:00,76.64848670333289,76.65735626220703,76.63961037380312,76.65735626220703,1495900,0.0,0.0,0.0,0.0002315509122816639,0.00023152410850672055,0.0035328919736493367,0.0027236155591782263
2021-02-08 00:00:00-05:00,76.6396298327673,76.64850616455078,76.6396298327673,76.64850616455078,2193100,0.0,0.0,0.0,-0.00011545007664992557,-0.00011545674152300314,0.003532619019760291,0.002723428326009326
2021-02-09 00:00:00-05:00,76.64850522682636,76.64850522682636,76.63075256347656,76.63075256347656,1930700,0.0,0.0,0.0,-0.00023162357575634562,-0.00023165040463964993,0.002905024182471007,0.0028337284134190704
2021-02-10 00:00:00-05:00,76.64848662004746,76.64848662004746,76.63073396100721,76.63961029052734,3016100,0.0,0.0,0.0,0.00011558971763259152,0.00011558303765593311,0.002905024182471007,0.002850838563802603
2021-02-11 00:00:00-05:00,76.64848662004746,76.64848662004746,76.63961029052734,76.63961029052734,2348600,0.0,0.0,0.0,0.0,0.0,0.002905024182471007,0.002802105389355266
2021-02-12 00:00:00-05:00,76.6396298327673,76.65737572567693,76.6396298327673,76.64850616455078,3364600,0.0,0.0,0.0,0.00011607410306124777,0.00011606736698379809,0.002396321182832067,0.0028022274695169336
2021-02-16 00:00:00-05:00,76.6307406491425,76.63961697943732,76.61299475920904,76.62186431884766,3364200,0.0,0.0,0.0,-0.00034758466976425595,-0.00034764509131705943,0.0033406442958818835,0.0030921333870436427
2021-02-17 00:00:00-05:00,76.62185763148709,76.63961029052734,76.62185763148709,76.63961029052734,2307600,0.0,0.0,0.0,0.00023160454052439938,0.0002315777243332248,0.0035373216386043876,0.0029493813374966
2021-02-18 00:00:00-05:00,76.63961029052734,76.64848662004746,76.62185763148709,76.63961029052734,2362300,0.0,0.0,0.0,0.0,0.0,0.0034408610220930513,0.0029145625478086304
2021-02-19 00:00:00-05:00,76.6307535009838,76.64850616455078,76.6307535009838,76.64850616455078,2113900,0.0,0.0,0.0,0.00011607410306124777,0.00011606736698379809,0.0035381208066758204,0.0029147388382684634
2021-02-22 00:00:00-05:00,76.63962889515146,76.63962889515146,76.63075256347656,76.63075256347656,3801600,0.0,0.0,0.0,-0.00023162357575634562,-0.00023165040463964993,0.003813660567634385,0.0030402218924914463
2021-02-23 00:00:00-05:00,76.62185763148709,76.63961029052734,76.62185763148709,76.63961029052734,9025900,0.0,0.0,0.0,0.00011558971763259152,0.00011558303765593311,0.0027881400906189222,0.00304017167184067
2021-02-24 00:00:00-05:00,76.61299475920904,76.62186431884766,76.6041184289142,76.62186431884766,2530000,0.0,0.0,0.0,-0.00023155091228177493,-0.0002315777243332474,0.002787999827559197,0.003125287155615075
2021-02-25 00:00:00-05:00,76.56864392258287,76.56864392258287,76.4710245706538,76.50652313232422,4956100,0.0,0.0,0.0,-0.0015053299413789745,-0.001506464088815469,0.010639457856565174,0.006171579783791457
2021-02-26 00:00:00-05:00,76.55973584142237,76.60411071777344,76.52424406512816,76.60411071777344,5187500,0.0,0.0,0.0,0.0012755459463298369,0.001274733128716625,0.015768970663031897,0.007822897337412276
2021-03-01 00:00:00-05:00,76.59705352783203,76.60593212507516,76.57929633334578,76.59705352783203,3366700,0.022,0.0,0.0,-9.212547310166741e-05,-9.212971691370864e-05,0.01573530006153228,0.007710351378194192
2021-03-02 00:00:00-05:00,76.59702619556117,76.61477661132812,76.59702619556117,76.61477661132812,5519200,0.0,0.0,0.0,0.00023138074742856674,0.00023135398303185758,0.0158505363524668,0.007750868478533429
2021-03-03 00:00:00-05:00,76.59703306496444,76.59703306496444,76.56152545786315,76.57040405273438,2406100,0.0,0.0,0.0,-0.0005791644974553201,-0.000579332277997693,0.016268066704796625,0.007919679748901492
2021-03-04 00:00:00-05:00,76.57927587522201,76.58815447009322,76.56152545786315,76.57040405273438,2566100,0.0,0.0,0.0,0.0,0.0,0.010896943108664178,0.007900306413685379
2021-03-05 00:00:00-05:00,76.55264686299195,76.57040405273438,76.54377504050431,76.57040405273438,4413600,0.0,0.0,0.0,0.0,0.0,0.004754088085630431,0.007900306413685379
2021-03-08 00:00:00-05:00,76.56151262141402,76.56151262141402,76.53488361364865,76.54376220703125,2729700,0.0,0.0,0.0,-0.0003479392074877685,-0.0003479997523781902,0.005102266433557703,0.00789899756724843
2021-03-09 00:00:00-05:00,76.54376220703125,76.54376220703125,76.52600502026603,76.54376220703125,3255500,0.0,0.0,0.0,0.0,0.0,0.004234277261870134,0.00790159772754519
2021-03-10 00:00:00-05:00,76.54377504050431,76.57040405273438,76.5348964456331,76.57040405273438,2860000,0.0,0.0,0.0,0.0003480603113166225,0.00034799975237816675,0.003906287646568236,0.008009816220071976
2021-03-11 00:00:00-05:00,76.57927587522201,76.57927587522201,76.56152545786315,76.57040405273438,3578500,0.0,0.0,0.0,0.0,0.0,0.003906287646568236,0.007990661942687183
2021-03-12 00:00:00-05:00,76.55265247137287,76.56153106689453,76.54378064823526,76.56153106689453,1824700,0.0,0.0,0.0,-0.00011588009688090484,-0.0001158868114980634,0.003992019281506471,0.007992583896791706
2021-03-15 00:00:00-04:00,76.55264686299195,76.57040405273438,76.55264686299195,76.57040405273438,2273700,0.0,0.0,0.0,0.00011589352663410324,0.00011588681149816757,0.002792452060967983,0.007992533904744768
2021-03-16 00:00:00-04:00,76.56152545786315,76.57040405273438,76.55264686299195,76.57040405273438,1853600,0.0,0.0,0.0,0.0,0.0,0.002792452060967983,0.007916246327221483
2021-03-17 00:00:00-04:00,76.56155152069717,76.61480956328721,76.55267292280352,76.58818054199219,3413300,0.0,0.0,0.0,0.000232158749555067,0.00023213180488278312,0.0020996460780984758,0.00791649270350034
2021-03-18 00:00:00-04:00,76.5615037380674,76.57925415039062,76.54375332574419,76.57925415039062,4692000,0.0,0.0,0.0,-0.000116550511298108,-0.00011655730383673762,0.0024031344029353074,0.007920771006349338
2021-03-19 00:00:00-04:00,76.57038233041985,76.5970113350955,76.55262514571497,76.57925415039062,3276300,0.0,0.0,0.0,0.0,0.0,0.0021029140196862414,0.00790126944709944
2021-03-22 00:00:00-04:00,76.57927587522201,76.57927587522201,76.57040405273438,76.57040405273438,2118500,0.0,0.0,0.0,-0.00011556782257071685,-0.00011557450104607324,0.0022567167659787155,0.007875625513934592
2021-03-23 00:00:00-04:00,76.58813274274306,76.58813274274306,76.57925415039062,76.57925415039062,3241300,0.0,0.0,0.0,0.00011558118003596185,0.00011557450104601134,0.0024012386195190758,0.007875623287367383
2021-03-24 00:00:00-04:00,76.59705352783203,76.60593212507516,76.5881749305889,76.59705352783203,2322600,0.0,0.0,0.0,0.00023243080177359765,0.00023240379391968147,0.002402730954860256,0.007897561106349689
2021-03-25 00:00:00-04:00,76.60589599609375,76.61476781676734,76.58813880998217,76.60589599609375,2771400,0.0,0.0,0.0,0.00011544136300889463,0.00011543470016752134,0.0020979117023815557,0.0056073831948252285
2021-03-26 00:00:00-04:00,76.59701740303795,76.61476781676734,76.59701740303795,76.60589599609375,3068700,0.0,0.0,0.0,0.0,0.0,0.0020979117023815557,0.0033139785235852116
2021-03-29 00:00:00-04:00,76.59705913988583,76.60593773777946,76.57930194409855,76.58818054199219,2182000,0.0,0.0,0.0,-0.00023125444681781904,-0.00023128119025051015,0.0027882834078552013,0.0034015766100104275
2021-03-30 00:00:00-04:00,76.57930194409855,76.58818054199219,76.5704301185908,76.58818054199219,2213800,0.0,0.0,0.0,0.0,0.0,0.0027278006523574027,0.0032847727652918005
2021-03-31 00:00:00-04:00,76.5792814855538,76.5792814855538,76.56153106689453,76.56153106689453,4481000,0.0,0.0,0.0,-0.00034795806492682324,-0.00034801861638094895,0.003020992324426624,0.002831533086521847
2021-04-01 00:00:00-04:00,76.56063079833984,76.57838512453041,76.56063079833984,76.56063079833984,3614300,0.019,0.0,0.0,-1.1758758506341671e-05,-1.1758827641084435e-05,0.002570032008827676,0.002831522412141114
2021-04-05 00:00:00-04:00,76.52513049696051,76.55176537844811,76.51624994517255,76.54288482666016,3118200,0.0,0.0,0.0,-0.00023178977882809537,-0.00023181664623068637,0.0024209412394458154,0.0029419932855060033
2021-04-06 00:00:00-04:00,76.55175024830709,76.56950457449766,76.55175024830709,76.56063079833984,2497100,0.0,0.0,0.0,0.00023184351778571255,0.00023181664623059327,0.00357458083861839,0.0027956792699320933
2021-04-07 00:00:00-04:00,76.57839959467955,76.58728014639037,76.56951904296875,76.56951904296875,3509100,0.0,0.0,0.0,0.000116094192749161,0.0001160874543398877,0.003809085617493401,0.0028198702970392824
2021-04-08 00:00:00-04:00,76.58726422449847,76.59613800048828,76.57838367463386,76.59613800048828,2109800,0.0,0.0,0.0,0.0003476443087566672,0.00034758389447534356,0.0035592522918141798,0.002819222520599273
2021-04-09 00:00:00-04:00,76.56064526513416,76.58728014639037,76.56064526513416,76.56951904296875,2496200,0.0,0.0,0.0,-0.00034752349419187034,-0.00034758389447546174,0.00476156677190685,0.003102381742385463
2021-04-12 00:00:00-04:00,76.56065362396944,76.56952740277288,76.54289251860868,76.55177307128906,1687100,0.0,0.0,0.0,-0.0002317628725044818,-0.00023178973366937822,0.004761475980414901,0.0031856653483553314
2021-04-13 00:00:00-04:00,76.56066058389438,76.57841491699219,76.55178003040669,76.57841491699219,1237100,0.0,0.0,0.0,0.00034802388807264606,0.0003479633418066021,0.005138614250494256,0.003402962645833246
2021-04-14 00:00:00-04:00,76.5695343635045,76.57841491699219,76.5695343635045,76.57841491699219,1414000,0.0,0.0,0.0,0.0,0.0,0.005105541676224525,0.003402962645833246
2021-04-15 00:00:00-04:00,76.57838367463386,76.59613800048828,76.57838367463386,76.59613800048828,1843200,0.0,0.0,0.0,0.00023143706376393958,0.00023141028633814393,0.0046901739432621044,0.0034023253101786817
2021-04-16 00:00:00-04:00,76.5695115423612,76.58727264404297,76.5695115423612,76.58727264404297,1674900,0.0,0.0,0.0,-0.0001157415592579758,-0.00011574825782911924,0.0038151128606296277,0.0034019425071041788
2021-04-19 00:00:00-04:00,76.5695343635045,76.58729547047987,76.5695343635045,76.57841491699219,2063900,0.0,0.0,0.0,-0.00011565533991464427,-0.00011566202850918907,0.0033414452404130694,0.0034289765728847264
2021-04-20 00:00:00-04:00,76.58726422449847,76.6050185503529,76.57838367463386,76.59613800048828,2012700,0.0,0.0,0.0,0.00023143706376393958,0.00023141028633814393,0.0027857630343614596,0.003495159801559715
2021-04-21 00:00:00-04:00,76.61392211914062,76.61392211914062,76.59616101407501,76.61392211914062,2061000,0.0,0.0,0.0,0.00023218035682459615,0.00023215340713692657,0.0030204410515039235,0.003562708654438909
2021-04-22 00:00:00-04:00,76.59617620840088,76.60505676269531,76.58730242798462,76.60505676269531,4373500,0.0,0.0,0.0,-0.00011571469257931621,-0.00011572138804086941,0.0030215643025900438,0.0035046812918481003
2021-04-23 00:00:00-04:00,76.61390752269008,76.61390752269008,76.58727264404297,76.58727264404297,1535200,0.0,0.0,0.0,-0.00023215332517056986,-0.0002321802769251374,0.0034427196851286434,0.003576186999328278
2021-04-26 00:00:00-04:00,76.58728014639037,76.58728014639037,76.56951904296875,76.56951904296875,1265800,0.0,0.0,0.0,-0.00023180876484185653,-0.00023183563664641205,0.0037716343879372815,0.0036594500330210376
2021-04-27 00:00:00-04:00,76.57838512453041,76.57838512453041,76.56063079833984,76.56063079833984,1473000,0.0,0.0,0.0,-0.00011608071645219376,-0.00011608745433999072,0.0030268117906132336,0.003595090676129537
2021-04-28 00:00:00-04:00,76.5695343635045,76.58729547047987,76.56066058389438,76.57841491699219,2032700,0.0,0.0,0.0,0.00023228803716612845,0.00023226106247720737,0.003027539974338117,0.0037034087198889454
2021-04-29 00:00:00-04:00,76.57838367463386,76.59613800048828,76.56950312476924,76.59613800048828,1552900,0.0,0.0,0.0,0.00023143706376393958,0.00023141028633814393,0.0037726602703503902,0.0035629749184807875
2021-04-30 00:00:00-04:00,76.58730242798462,76.60505676269531,76.58730242798462,76.60505676269531,2367400,0.0,0.0,0.0,0.00011643879756673137,0.00011643201909612151,0.0033440112911835625,0.003575606009541489
2021-05-03 00:00:00-04:00,76.597900390625,76.60677539897317,76.58901860746128,76.597900390625,2910400,0.012,0.0,0.0,-9.341905577431309e-05,-9.342341960608278e-05,0.0027010268024251715,0.0034740286185524633
2021-05-04 00:00:00-04:00,76.597900390625,76.61565718213687,76.597900390625,76.597900390625,1972900,0.0,0.0,0.0,0.0,0.0,0.002278722595642822,0.003397262953145678
2021-05-05 00:00:00-04:00,76.59792008380569,76.61567687988281,76.59792008380569,76.61567687988281,1301900,0.0,0.0,0.0,0.00023207541156033962,0.0002320484862277387,0.002277929721766442,0.003463108960677249
2021-05-06 00:00:00-04:00,76.62455866533001,76.62455866533001,76.60679509443561,76.61567687988281,1981300,0.0,0.0,0.0,0.0,0.0,0.0019942799136012956,0.003253939001841738
2021-05-07 00:00:00-04:00,76.642333984375,76.65121577196875,76.63345897160016,76.642333984375,1950300,0.0,0.0,0.0,0.0003479327675193211,0.00034787225295022505,0.0029302287519641325,0.0031678886703770345
2021-05-10 00:00:00-04:00,76.62455866533001,76.63344045077721,76.61567687988281,76.61567687988281,2483700,0.0,0.0,0.0,-0.0003478117524138291,-0.00034787225295032615,0.0042381233749547945,0.0033264119548551754
2021-05-11 00:00:00-04:00,76.61564752911498,76.62452931115965,76.60676574707031,76.60676574707031,2630000,0.0,0.0,0.0,-0.00011630952274255257,-0.00011631628721961336,0.004395914452956836,0.0031637273557275102
2021-05-12 00:00:00-04:00,76.58013682429758,76.597900390625,76.58013682429758,76.597900390625,4113100,0.0,0.0,0.0,-0.00011572550229543843,-0.0001157321990080378,0.004033138129932905,0.0031991854145831736
2021-05-13 00:00:00-04:00,76.60679509443561,76.61567687988281,76.59792008380569,76.61567687988281,5495200,0.0,0.0,0.0,0.00023207541156033962,0.0002320484862277387,0.004509656239307692,0.003199764936144733
2021-05-14 00:00:00-04:00,76.61567687988281,76.62455866533001,76.61567687988281,76.61567687988281,3836400,0.0,0.0,0.0,0.0,0.0,0.003344620968216572,0.003164288850995993
2021-05-17 00:00:00-04:00,76.60679509443561,76.62455866533001,76.60679509443561,76.61567687988281,3861000,0.0,0.0,0.0,0.0,0.0,0.0022559023642589123,0.0031256207443092023
2021-05-18 00:00:00-04:00,76.62456512451172,76.62456512451172,76.61568333831582,76.62456512451172,3419200,0.0,0.0,0.0,0.00011601078252998498,0.00011600405379955186,0.0020986734606826887,0.0030501290508326857
2021-05-19 00:00:00-04:00,76.63342074846429,76.63342074846429,76.597900390625,76.597900390625,5213300,0.0,0.0,0.0,-0.0003479919767687134,-0.0003480525400274207,0.0034453160208245013,0.0032026598559547178
2021-05-20 00:00:00-04:00,76.61568979525177,76.63345336914062,76.60680800830733,76.63345336914062,4011000,0.0,0.0,0.0,0.00046415082312067923,0.0004640431384473754,0.0046228106689947795,0.003588087014175244
2021-05-21 00:00:00-04:00,76.63344045077721,76.63344045077721,76.61567687988281,76.61567687988281,1822400,0.0,0.0,0.0,-0.0002319677435412837,-0.0002319946522196829,0.005043760659807456,0.0035879150863684373
2021-05-24 00:00:00-04:00,76.6245715821962,76.63345336914062,76.61568979525177,76.63345336914062,2565300,0.0,0.0,0.0,0.000232021565060192,0.00023199465221969127,0.005305805793332757,0.003536008798114995
2021-05-25 00:00:00-04:00,76.63345336914062,76.64232838126664,76.6245715821962,76.63345336914062,2403900,0.0,0.0,0.0,0.0,0.0,0.005273804232310394,0.0034910069245709567
2021-05-26 00:00:00-04:00,76.65119171142578,76.65119171142578,76.64230992661999,76.65119171142578,1810700,0.0,0.0,0.0,0.00023146995868383868,0.00023144317364616013,0.004198985414940427,0.003490433937889688
2021-05-27 00:00:00-04:00,76.64230992661999,76.65119171142578,76.63343491663099,76.65119171142578,1257900,0.0,0.0,0.0,0.0,0.0,0.0030792119137076756,0.0034247513383719253
2021-05-28 00:00:00-04:00,76.65119171142578,76.66007349623158,76.64230992661999,76.65119171142578,2054600,0.0,0.0,0.0,0.0,0.0,0.0020149914650692867,0.0034133765674259926
2021-06-01 00:00:00-04:00,76.63520812988281,76.65296739384195,76.63520812988281,76.63520812988281,2265800,0.012,0.0,0.0,-0.00020852358829781537,-0.00020854533236407333,0.0024714717583689066,0.0034921764463907512
2021-06-02 00:00:00-04:00,76.65297261921695,76.65297261921695,76.63521335404717,76.64409637451172,1234900,0.0,0.0,0.0,0.00011598121602074407,0.00011597449071950996,0.0025921167922725867,0.0035056825836857065
2021-06-03 00:00:00-04:00,76.62633755010972,76.63522057141085,76.6174545288086,76.6174545288086,1607800,0.0,0.0,0.0,-0.00034760466837446824,-0.00034766509688109916,0.0029594022427874263,0.003663210601952426
2021-06-04 00:00:00-04:00,76.63521335404717,76.64409637451172,76.63521335404717,76.64409637451172,2060600,0.0,0.0,0.0,0.00034772553939532713,0.0003476650968811512,0.004325384219213716,0.0038641535263724642
2021-06-07 00:00:00-04:00,76.63520812988281,76.63520812988281,76.62632511002381,76.63520812988281,1240100,0.0,0.0,0.0,-0.00011596776593825187,-0.00011597449071953049,0.0043722605973471615,0.003686498662343829
2021-06-08 00:00:00-04:00,76.64407785900158,76.6529541015625,76.64407785900158,76.6529541015625,1504400,0.0,0.0,0.0,0.00023156421327397148,0.00023153740641979577,0.00443014942641314,0.0035419533605326064
2021-06-09 00:00:00-04:00,76.66185041370095,76.66185041370095,76.63520812988281,76.63520812988281,2284000,0.0,0.0,0.0,-0.00023151060370318888,-0.00023153740641982428,0.0047605536135640995,0.0036252549912214682
2021-06-10 00:00:00-04:00,76.63520006517697,76.6618423461914,76.62631704625278,76.6618423461914,1736300,0.0,0.0,0.0,0.00034754542929471555,0.0003474850493714429,0.004312768699231041,0.0037677786625893253
2021-06-11 00:00:00-04:00,76.66185563968149,76.66185563968149,76.64409637451172,76.64409637451172,1661000,0.0,0.0,0.0,-0.00023148376215054167,-0.00023151055865199444,0.004311326233071955,0.0038161997823577083
2021-06-14 00:00:00-04:00,76.63522057141085,76.64410359271199,76.6174545288086,76.6174545288086,3526800,0.0,0.0,0.0,-0.00034760466837446824,-0.00034766509688109916,0.004967625600849959,0.004032004844334043
2021-06-15 00:00:00-04:00,76.62631028591406,76.62631028591406,76.60855102539062,76.60855102539062,12066300,0.0,0.0,0.0,-0.00011620724641303593,-0.00011621399899823333,0.004312451258884985,0.004053502872416018
2021-06-16 00:00:00-04:00,76.6174329454303,76.62631596422905,76.52862308471687,76.53750610351562,2094700,0.0,0.0,0.0,-0.0009273758728507442,-0.0009278061518963559,0.007289936175331954,0.005177763526269839
2021-06-17 00:00:00-04:00,76.5552653653551,76.5552653653551,76.52862308471687,76.53750610351562,2527100,0.0,0.0,0.0,0.0,0.0,0.005730957216172077,0.00506428633673859
2021-06-18 00:00:00-04:00,76.48424007661544,76.49311632180712,76.43094872666688,76.47535705566406,4317700,0.0,0.0,0.0,-0.0008120077464701669,-0.0008123376033366394,0.006559176873006417,0.005396422775417078
2021-06-21 00:00:00-04:00,76.45759297717473,76.49311828613281,76.4487167317551,76.49311828613281,5551300,0.0,0.0,0.0,0.0002322477612732854,0.00023222079593698903,0.008171044100227388,0.005500087163157952
2021-06-22 00:00:00-04:00,76.51086382287741,76.53750610351562,76.50198080407864,76.53750610351562,2681300,0.0,0.0,0.0,0.0005802851076979199,0.0005801168073997688,0.010464666417488758,0.0058874067513104145
2021-06-23 00:00:00-04:00,76.5286163212684,76.5286163212684,76.48421478271484,76.48421478271484,2761200,0.0,0.0,0.0,-0.0006962772046518184,-0.0006965197182023161,0.009518134915181727,0.0062939934849107915
2021-06-24 00:00:00-04:00,76.5020013073123,76.5020013073123,76.48424204071318,76.49311828613281,1273500,0.0,0.0,0.0,0.00011640968588433331,0.00011640291080263446,0.009660169718366954,0.006227154287546014
2021-06-25 00:00:00-04:00,76.50197404298478,76.50197404298478,76.48421478271484,76.48421478271484,1344300,0.0,0.0,0.0,-0.0001163961362466992,-0.00011640291080265898,0.007529385278611804,0.006215279915821831
2021-06-28 00:00:00-04:00,76.50199649598073,76.51087951660156,76.49311347535992,76.51087951660156,1484900,0.0,0.0,0.0,0.0003486305502706788,0.00034856979276126025,0.0077742551745241155,0.006416291694373772
2021-06-29 00:00:00-04:00,76.49310062344978,76.51086666170647,76.49310062344978,76.50198364257812,1691200,0.0,0.0,0.0,-0.00011626939958919724,-0.00011627615939981549,0.006168231735895008,0.006402322193160606
2021-06-30 00:00:00-04:00,76.51974487304688,76.51974487304688,76.50197883590644,76.51974487304688,2585800,0.0,0.0,0.0,0.0002321669272229432,0.0002321399806525494,0.0033004358535057066,0.006464142837208662
2021-07-01 00:00:00-04:00,76.51353829145916,76.51353829145916,76.49577634665066,76.50465393066406,2227100,0.013,0.0,0.0,-0.00019721631858349298,-0.00019723576827889103,0.003862846684540217,0.0064036696464404705
2021-07-02 00:00:00-04:00,76.53131406555913,76.54019165039062,76.51354534233154,76.54019165039062,1863400,0.0,0.0,0.0,0.00046451709668238195,0.000464409242014759,0.004604421670612845,0.006517982797513426
2021-07-06 00:00:00-04:00,76.54018718958763,76.57571785718977,76.53130960527353,76.56683349609375,3158600,0.0,0.0,0.0,0.00034807654813318045,0.00034801598354516786,0.004602889901396929,0.0066786065637303655
2021-07-07 00:00:00-04:00,76.55794453916201,76.5757064819336,76.54906017938575,76.5757064819336,1723000,0.0,0.0,0.0,0.00011588550074104198,0.00011587878653511538,0.004027866990398968,0.006627604624641507
2021-07-08 00:00:00-04:00,76.59348988487804,76.62013619253412,76.59348988487804,76.61125183105469,1440800,0.0,0.0,0.0,0.0004641857157332563,0.0004640780148714231,0.00448230776026742,0.0068322683681425475
2021-07-09 00:00:00-04:00,76.59348671706901,76.60236430139906,76.57571799484505,76.58460235595703,1258000,0.0,0.0,0.0,-0.00034785327821584833,-0.00034791379320139534,0.00543285694854688,0.006787879139480958
2021-07-12 00:00:00-04:00,76.57571785718977,76.58460221828578,76.54907155068364,76.56683349609375,1271000,0.0,0.0,0.0,-0.00023201608830836218,-0.00023204300820495907,0.005616014726365024,0.00678806784092795
2021-07-13 00:00:00-04:00,76.53130701304933,76.53130701304933,76.50465393066406,76.50465393066406,2683300,0.0,0.0,0.0,-0.0008120952975397833,-0.0008124252255600156,0.007660152335330508,0.00724285769743902
2021-07-14 00:00:00-04:00,76.54017653174702,76.55794525146484,76.54017653174702,76.55794525146484,1696000,0.0,0.0,0.0,0.0006965761958621641,0.0006963336992688784,0.009799625621854718,0.00773714405189221
2021-07-15 00:00:00-04:00,76.56683349609375,76.56683349609375,76.54907155068364,76.56683349609375,1396300,0.0,0.0,0.0,0.00011609826517311461,0.00011609152629110314,0.008930429818784464,0.0069874760713575425
2021-07-16 00:00:00-04:00,76.54017653174702,76.57570719440169,76.53129894866909,76.55794525146484,1851600,0.0,0.0,0.0,-0.00011608478793057042,-0.00011609152629105067,0.008699711352865014,0.0070038477942576
2021-07-19 00:00:00-04:00,76.6023681853661,76.63789885483364,76.59349060058594,76.59349060058594,9352500,0.0,0.0,0.0,0.00046429340552878173,0.0004641856546962835,0.009266244900041349,0.006452323429975829
2021-07-20 00:00:00-04:00,76.63789742291989,76.64678178431633,76.61125111551267,76.62901306152344,2405300,0.0,0.0,0.0,0.0004637791104564748,0.0004636715981648458,0.0051127676012776456,0.006577219634880768
2021-07-21 00:00:00-04:00,76.61122505661668,76.62010941499116,76.59346311664756,76.60234069824219,2789500,0.0,0.0,0.0,-0.00034807134028769227,-0.00034813193117703306,0.005676574928319915,0.006482027375337523
2021-07-22 00:00:00-04:00,76.60236746957526,76.62013619253412,76.59348988487804,76.61125183105469,2295700,0.0,0.0,0.0,0.00011632977179654169,0.0001163230060133415,0.0056765754111901216,0.005866339473559921
2021-07-23 00:00:00-04:00,76.60235609657376,76.62012481689453,76.60235609657376,76.62012481689453,1386800,0.0,0.0,0.0,0.00011581831164186873,0.00011581160521902566,0.005305757717713741,0.005866295242364282
2021-07-26 00:00:00-04:00,76.62010941499116,76.62010941499116,76.60234069824219,76.60234069824219,2259200,0.0,0.0,0.0,-0.00023210767007808553,-0.00023213461123225307,0.005109432121930986,0.0059324703417890515
2021-07-27 00:00:00-04:00,76.62900240027372,76.62900240027372,76.62012481689453,76.62012481689453,1387000,0.0,0.0,0.0,0.000232161556556143,0.0002321346112323366,0.003993850550179314,0.005875937387574695
2021-07-28 00:00:00-04:00,76.62013547690913,76.63789742291989,76.59348916950192,76.62901306152344,2438500,0.0,0.0,0.0,0.00011600404789402496,0.00011599731994476893,0.0027941716594636077,0.005835243784551822
2021-07-29 00:00:00-04:00,76.61125111551267,76.62901306152344,76.61125111551267,76.62901306152344,1197600,0.0,0.0,0.0,0.0,0.0,0.0027937607302108295,0.0058146983646723965
2021-07-30 00:00:00-04:00,76.63789755997438,76.64678192138672,76.62901319856203,76.64678192138672,2019300,0.0,0.0,0.0,0.0002318816222912634,0.0002318547419031836,0.003082134918560823,0.005750916258468845
2021-08-02 00:00:00-04:00,76.65742174553607,76.68407175193325,76.65742174553607,76.67518615722656,3399900,0.012,0.0,0.0,0.0003705861502310004,0.0003705175001436196,0.002212748464169022,0.005679629719153711
2021-08-03 00:00:00-04:00,76.67518615722656,76.68407175193325,76.66630734024275,76.67518615722656,1221700,0.0,0.0,0.0,0.0,0.0,0.0025264887620351606,0.005602234502605428
2021-08-04 00:00:00-04:00,76.6841028152057,76.70186723409222,76.6308027808205,76.64856719970703,1878600,0.0,0.0,0.0,-0.0003471652154185545,-0.00034722549121279586,0.004337191754729032,0.0057907253319541465
2021-08-05 00:00:00-04:00,76.61299896240234,76.62188455692494,76.59523455107991,76.61299896240234,1400000,0.0,0.0,0.0,-0.0004640430813536156,-0.0004641507826642792,0.005713986759381753,0.0058422415501562545
2021-08-06 00:00:00-04:00,76.58634948730469,76.59523508188886,76.58634948730469,76.58634948730469,2313700,0.0,0.0,0.0,-0.0003478453455494357,-0.00034790585777465,0.005440661619326696,0.0058422352640807645
2021-08-09 00:00:00-04:00,76.59526614481037,76.60415174299807,76.55973052978516,76.55973052978516,1862800,0.0,0.0,0.0,-0.00034756791122347863,-0.0003476283269493854,0.0027913619748585194,0.005917331472761286
2021-08-10 00:00:00-04:00,76.55972343966246,76.56860903702727,76.53307342529297,76.53307342529297,1198100,0.0,0.0,0.0,-0.0003481870208753568,-0.0003482476520505104,0.0008260365964299337,0.005271553328508046
2021-08-11 00:00:00-04:00,76.55081706692931,76.57746707406618,76.55081706692931,76.56858825683594,1837300,0.0,0.0,0.0,0.0004640455420574785,0.0004639379062222591,0.0060233717541795,0.0049283692279715186
2021-08-12 00:00:00-04:00,76.55970266188262,76.56858825683594,76.55081706692931,76.56858825683594,1792800,0.0,0.0,0.0,0.0,0.0,0.005674973183626315,0.00491148238837099
2021-08-13 00:00:00-04:00,76.55970445946966,76.58635446723225,76.55970445946966,76.57746887207031,1333000,0.0,0.0,0.0,0.00011598248624600238,0.00011597576079746229,0.005430783253202242,0.0049070659251751495
2021-08-16 00:00:00-04:00,76.59522247314453,76.61298688166579,76.58633688002307,76.59522247314453,1797100,0.0,0.0,0.0,0.00023183844198193526,0.00023181157160332254,0.004767467425617592,0.004687869617991905
2021-08-17 00:00:00-04:00,76.58635446723225,76.60412565755614,76.57746887207031,76.57746887207031,1579600,0.0,0.0,0.0,-0.0002317847053769917,-0.0002318115716033488,0.004116401339494511,0.004420030395855196
2021-08-18 00:00:00-04:00,76.57746887207031,76.5952400623942,76.55970445946966,76.57746887207031,2310100,0.0,0.0,0.0,0.0,0.0,0.002729218375880781,0.004261423764600412
2021-08-19 00:00:00-04:00,76.5952400623942,76.5952400623942,76.5685900546316,76.57746887207031,1780800,0.0,0.0,0.0,0.0,0.0,0.002729218375880781,0.00423335267556877
2021-08-20 00:00:00-04:00,76.57746887207031,76.58635446723225,76.5685900546316,76.57746887207031,1685300,0.0,0.0,0.0,0.0,0.0,0.00260207847147927,0.004203191763301831
2021-08-23 00:00:00-04:00,76.5685900546316,76.57746887207031,76.55970445946966,76.57746887207031,1532500,0.0,0.0,0.0,0.0,0.0,0.001645508171414842,0.004133736869665253
2021-08-24 00:00:00-04:00,76.57746707406618,76.57746707406618,76.55970266188262,76.56858825683594,1249900,0.0,0.0,0.0,-0.00011596903586885698,-0.0001159757607974245,0.000823298482282796,0.004039958925954326
2021-08-25 00:00:00-04:00,76.57749494843499,76.57749494843499,76.55084493159747,76.55973052978516,1319600,0.0,0.0,0.0,-0.0001156835623123964,-0.00011569025417178811,0.0010070907968552946,0.004009752760383687
2021-08-26 00:00:00-04:00,76.55973052978516,76.57749494843499,76.55084493159747,76.55973052978516,2078600,0.0,0.0,0.0,0.0,0.0,0.0010070907968552946,0.004009752760383687
2021-08-27 00:00:00-04:00,76.57746336203472,76.61299896240234,76.55081335618969,76.61299896240234,2774900,0.0,0.0,0.0,0.0006957761247143868,0.0006955341847240669,0.005429068867771066,0.004711598725169938
2021-08-30 00:00:00-04:00,76.61301951663627,76.63966952963113,76.60414069745435,76.63079071044922,1438000,0.0,0.0,0.0,0.00023222884220475137,0.0002322018812611672,0.005429248964510556,0.004582523733690563
2021-08-31 00:00:00-04:00,76.63078806241974,76.63078806241974,76.62190246582031,76.62190246582031,2052200,0.0,0.0,0.0,-0.00011598790181466256,-0.00011599462893152738,0.0054293048421282025,0.004591302522936116
2021-09-01 00:00:00-04:00,76.62457229672603,76.62457229672603,76.60680520187111,76.61569213867188,1324600,0.013,0.0,0.0,-8.105159162818953e-05,-8.105487648593876e-05,0.005331537424050304,0.0044459844596310095
2021-09-02 00:00:00-04:00,76.61569213867188,76.62457229672603,76.60680520187111,76.61569213867188,1640100,0.0,0.0,0.0,0.0,0.0,0.005331537424050304,0.004126925511500391
2021-09-03 00:00:00-04:00,76.61569213867188,76.62457229672603,76.61569213867188,76.61569213867188,1136600,0.0,0.0,0.0,0.0,0.0,0.002154860378584508,0.003915350110805898
2021-09-07 00:00:00-04:00,76.60678601514603,76.60678601514603,76.5890121459961,76.5890121459961,1468700,0.0,0.0,0.0,-0.0003482314383780327,-0.00034829208502515824,0.0022704377278364497,0.003916175069775742
2021-09-08 00:00:00-04:00,76.60678100585938,76.61566793985322,76.59789407186551,76.60678100585938,1607200,0.0,0.0,0.0,0.00023200272944379208,0.00023197582097236947,0.003309709816563124,0.0037315457482255373
2021-09-09 00:00:00-04:00,76.59789584186964,76.62454986572266,76.59789584186964,76.62454986572266,1600700,0.0,0.0,0.0,0.00023194891666222794,0.0002319220206711745,0.003775100723258673,0.0034702595358167662
2021-09-10 00:00:00-04:00,76.59789276123047,76.61566662891406,76.59789276123047,76.59789276123047,1380200,0.0,0.0,0.0,-0.00034789247752708974,-0.0003479530061537594,0.004622311361129538,0.0037289402536594568
2021-09-13 00:00:00-04:00,76.60680520187111,76.61569213867188,76.60680520187111,76.61569213867188,1095900,0.0,0.0,0.0,0.00023237424424826791,0.0002323472495354093,0.005044483369868133,0.0037913883695216105
2021-09-14 00:00:00-04:00,76.62454986572266,76.63343679992187,76.61566971026807,76.62454986572266,1422900,0.0,0.0,0.0,0.00011561243922142417,0.0001156057566184292,0.003991981538974016,0.0037292188708914326
2021-09-15 00:00:00-04:00,76.61566971026807,76.62454986572266,76.60678277606885,76.62454986572266,1790500,0.0,0.0,0.0,0.0,0.0,0.003818344674048722,0.0036112389627258657
2021-09-16 00:00:00-04:00,76.59789276123047,76.60677969507226,76.58900582738868,76.59789276123047,1095300,0.0,0.0,0.0,-0.00034789247752708974,-0.0003479530061537594,0.004239040921802259,0.0038535494802136375
2021-09-17 00:00:00-04:00,76.58901931681774,76.58901931681774,76.58013916015625,76.58013916015625,2905000,0.0,0.0,0.0,-0.0002317766251032083,-0.00023180348945628,0.003817961520405204,0.003950806382453458
2021-09-20 00:00:00-04:00,76.59789276123047,76.60677969507226,76.58900582738868,76.59789276123047,2407400,0.0,0.0,0.0,0.00023183035796114915,0.00023180348945625614,0.003815461325371658,0.004034248300058287
2021-09-21 00:00:00-04:00,76.60680520187111,76.62457229672603,76.60680520187111,76.61569213867188,1931300,0.0,0.0,0.0,0.00023237424424826791,0.0002323472495354093,0.004198696852496767,0.00410769433234927
2021-09-22 00:00:00-04:00,76.59792020664771,76.61569408069977,76.55349907901113,76.5712661743164,1606100,0.0,0.0,0.0,-0.0005798546370247015,-0.0005800228177414626,0.0057347983093073455,0.004617248766003414
2021-09-23 00:00:00-04:00,76.54459882213102,76.55348575761059,76.52682495117188,76.52682495117188,2855800,0.0,0.0,0.0,-0.0005803903391562448,-0.0005805588308262503,0.006459866528882616,0.005048570486131767
2021-09-24 00:00:00-04:00,76.52679897714255,76.53568590960579,76.5001449584961,76.5001449584961,1462800,0.0,0.0,0.0,-0.0003486358240107901,-0.000348696611608582,0.006564952179539703,0.005178920525884152
2021-09-27 00:00:00-04:00,76.50016653702079,76.50905347199078,76.49127960205078,76.49127960205078,1835300,0.0,0.0,0.0,-0.00011588679276519631,-0.00011589350815838695,0.005466382659403952,0.004393703835918104
2021-09-28 00:00:00-04:00,76.5001449584961,76.50903189095933,76.49125802603284,76.5001449584961,2489500,0.0,0.0,0.0,0.0001159002240704865,0.00011589350815842884,0.0048029093326540945,0.004302712706095412
2021-09-29 00:00:00-04:00,76.50905785895833,76.52682495117188,76.50905785895833,76.52682495117188,3552100,0.0,0.0,0.0,0.0003487574133389515,0.0003486966116085641,0.005830262754134726,0.004566858338623099
2021-09-30 00:00:00-04:00,76.50907572774543,76.54461669921875,76.50907572774543,76.54461669921875,4498600,0.0,0.0,0.0,0.00023249034646655176,0.000232463324774059,0.004442523858840586,0.004683670149456176
2021-10-01 00:00:00-04:00,76.56328532093221,76.5810546875,76.55439724784165,76.5810546875,3991700,0.011,0.0,0.0,0.0004760359363276123,0.0004759226671666431,0.003598832464942545,0.005037609423705673
2021-10-04 00:00:00-04:00,76.55438215092764,76.56327022226543,76.54549407958984,76.54549407958984,12146800,0.0,0.0,0.0,-0.0004643525484895328,-0.00046446039352087944,0.005783102365747743,0.005274130938149098
2021-10-05 00:00:00-04:00,76.53659057617188,76.54547864571757,76.52770928623681,76.53659057617188,3590900,0.0,0.0,0.0,-0.00011631649289123303,-0.00011632325817910707,0.00607609213924925,0.005160765695767792
2021-10-06 00:00:00-04:00,76.52771759033203,76.52771759033203,76.50994144931174,76.52771759033203,3850200,0.0,0.0,0.0,-0.00011593129211850961,-0.00011593801267017559,0.0057413642748794826,0.005069723123069754
2021-10-07 00:00:00-04:00,76.50994092689477,76.50994092689477,76.49217156560718,76.50105285644531,2452100,0.0,0.0,0.0,-0.0003484323683800028,-0.0003484930850418467,0.005755777523626779,0.00505779284491451
2021-10-08 00:00:00-04:00,76.50993362135102,76.50993362135102,76.4655068325685,76.4743881225586,1969600,0.0,0.0,0.0,-0.00034855381581155864,-0.00034861457481174813,0.002472949281055979,0.005058256919265818
2021-10-11 00:00:00-04:00,76.43884309830246,76.45661923761436,76.41218566894531,76.41218566894531,2012100,0.0,0.0,0.0,-0.0008133762837513325,-0.0008137072537217368,0.004518712537086798,0.005539176275002761
2021-10-12 00:00:00-04:00,76.4477310180664,76.45661908770494,76.42107358876153,76.4477310180664,1945700,0.0,0.0,0.0,0.00046517906548437793,0.00046507090324480186,0.007380664678847293,0.005875944480982447
2021-10-13 00:00:00-04:00,76.4032969262118,76.42995435296866,76.4032969262118,76.42106628417969,2764300,0.0,0.0,0.0,-0.00034879693002809464,-0.00034885777382579104,0.0073345143354406365,0.005915363954730828
2021-10-14 00:00:00-04:00,76.42995435296866,76.43883564214758,76.36775143066595,76.42106628417969,3496500,0.0,0.0,0.0,0.0,0.0,0.007540338991669868,0.005876419893454385
2021-10-15 00:00:00-04:00,76.39442409034125,76.41219345185232,76.35887858770768,76.37664794921875,2839800,0.0,0.0,0.0,-0.0005812315519880817,-0.0005814005325276483,0.007979564866497079,0.0060949966861650814
2021-10-18 00:00:00-04:00,76.3233413696289,76.34999880459478,76.30557200618905,76.3233413696289,2968700,0.0,0.0,0.0,-0.0006979434293226117,-0.0006981871052258062,0.007498871902645452,0.006248554816280617
2021-10-19 00:00:00-04:00,76.34998321533203,76.36775935475447,76.34998321533203,76.34998321533203,1838600,0.0,0.0,0.0,0.00034906550506086376,0.00034900459587123786,0.006834067147416547,0.0063632350682100314
2021-10-20 00:00:00-04:00,76.36776665826892,76.37664794921875,76.36776665826892,76.37664794921875,2360700,0.0,0.0,0.0,0.0003492434806635636,0.0003491825093546456,0.007942379038984567,0.006430811977238014
2021-10-21 00:00:00-04:00,76.31443055934719,76.3233186282249,76.27888506344651,76.28777313232422,2117400,0.0,0.0,0.0,-0.0011636386157405365,-0.001164316168823513,0.010690772279670456,0.007256289119703632
2021-10-22 00:00:00-04:00,76.26111620352516,76.27000427246094,76.21668263845649,76.27000427246094,3414900,0.0,0.0,0.0,-0.0002329188431343665,-0.00023294597294088725,0.010498135082286796,0.00722718013099792
2021-10-25 00:00:00-04:00,76.27891592174016,76.31446143202062,76.27891592174016,76.30558013916016,1990400,0.0,0.0,0.0,0.00046644637087123186,0.0004663376185795427,0.010821913882588621,0.007552493914508383
2021-10-26 00:00:00-04:00,76.28777313232422,76.29666120120191,76.27000377417895,76.28777313232422,2870300,0.0,0.0,0.0,-0.00023336441192722823,-0.00023339164563860706,0.01025631251107847,0.007508561494648195
2021-10-27 00:00:00-04:00,76.29666169965807,76.30554976859383,76.21668263845649,76.27000427246094,4373600,0.0,0.0,0.0,-0.0002329188431343665,-0.00023294597294088725,0.009203809591318697,0.007288177339301038
2021-10-28 00:00:00-04:00,76.24335379732659,76.31443801646387,76.23446572758039,76.27889251708984,2970000,0.0,0.0,0.0,0.0001165365691753184,0.00011652977931684692,0.0049657844138064275,0.0072149293829953075
2021-10-29 00:00:00-04:00,76.22557020940056,76.31443055934719,76.20780085125529,76.28777313232422,3957900,0.0,0.0,0.0,0.00011642297025193926,0.00011641619362390313,0.00464548560573589,0.006891014877103056
2021-11-01 00:00:00-04:00,76.24423121407266,76.27089205846526,76.22645279749142,76.25312042236328,5050500,0.011,0.0,0.0,-0.0004542367477529119,-0.00045433994451610774,0.003949757808504423,0.00688579879262411
2021-11-02 00:00:00-04:00,76.30643852209575,76.34198857310689,76.28866010635072,76.33309936523438,2187800,0.0,0.0,0.0,0.0010488612456525104,0.0010483115750147722,0.009109194116949059,0.00817533801212731
2021-11-03 00:00:00-04:00,76.31533813476562,76.3331097724547,76.24423802304958,76.31533813476562,3242400,0.0,0.0,0.0,-0.00023268058832204286,-0.00023270766264999563,0.009108614476983645,0.008182609477807372
2021-11-04 00:00:00-04:00,76.35979086734827,76.42200178647614,76.35979086734827,76.3864517211914,3545800,0.0,0.0,0.0,0.0009318387124250815,0.0009314048202561872,0.010780424118223433,0.008971563784375301
2021-11-05 00:00:00-04:00,76.36864486963164,76.43085576007768,76.35975566228834,76.42196655273438,2946700,0.0,0.0,0.0,0.0004649362647790589,0.00046482821540332373,0.010726903964528403,0.009106040649876879
2021-11-08 00:00:00-05:00,76.38642105151163,76.39531025938415,76.32421015736186,76.33309936523438,2292900,0.0,0.0,0.0,-0.001162848739814537,-0.0011635253730092822,0.014571751077308381,0.00957510417271007
2021-11-09 00:00:00-05:00,76.37755584716797,76.39532748644156,76.36866663729094,76.37755584716797,1938700,0.0,0.0,0.0,0.0005824011117494532,0.0005822315820416362,0.01319091586595232,0.009667609459239671
2021-11-10 00:00:00-05:00,76.27090258497822,76.28867422353296,76.2264633178711,76.2264633178711,5382400,0.0,0.0,0.0,-0.0019782320554904143,-0.0019801913408969848,0.02011008652133511,0.011832808597547385
2021-11-11 00:00:00-05:00,76.20869916997064,76.21758838036185,76.17314910888672,76.17314910888672,1839100,0.0,0.0,0.0,-0.0006994186357833776,-0.0006996633431059788,0.017298500857640717,0.011992452796702493
2021-11-12 00:00:00-05:00,76.23535919189453,76.25313761248364,76.20869834149163,76.23535919189453,3130800,0.0,0.0,0.0,0.000816693070137875,0.0008163597578160328,0.018730729316910888,0.012365384188822302
2021-11-15 00:00:00-05:00,76.24424173690602,76.24424173690602,76.1998024697989,76.2264633178711,2433500,0.0,0.0,0.0,-0.00011668960594846123,-0.00011669641471020907,0.017806785168871103,0.012158182289939647
2021-11-16 00:00:00-05:00,76.20869167931636,76.23535252738856,76.13759156413703,76.2264633178711,1722500,0.0,0.0,0.0,0.0,0.0,0.01646090560992003,0.012063958422850983
2021-11-17 00:00:00-05:00,76.21757036968005,76.25312042236328,76.20868116138942,76.25312042236328,1445900,0.0,0.0,0.0,0.0003497093178916888,0.0003496481838405283,0.00893618430609854,0.012064178715656857
2021-11-18 00:00:00-05:00,76.23536585484649,76.26202670757955,76.22647664377502,76.24425506591797,1620300,0.0,0.0,0.0,-0.0001162622119096346,-0.0001162689708844743,0.006360467567813374,0.01137004847627889
2021-11-19 00:00:00-05:00,76.30645264256789,76.32422428112262,76.2264633178711,76.2264633178711,2791100,0.0,0.0,0.0,-0.00023335198214602393,-0.0002333792129561344,0.0035599647129782885,0.01137015197171005
2021-11-22 00:00:00-05:00,76.15536691929623,76.17313855713597,76.1198168631368,76.13758850097656,3126600,0.0,0.0,0.0,-0.0011659312662050114,-0.001166611492846846,0.008972354110642978,0.011892505761515394
2021-11-23 00:00:00-05:00,76.1464777101364,76.16424934797614,76.12870607229664,76.13758850097656,2892300,0.0,0.0,0.0,0.0,0.0,0.008972354110642978,0.011889228754445433
2021-11-24 00:00:00-05:00,76.11094568863619,76.1287241111685,76.0931740465854,76.11983489990234,1613400,0.0,0.0,0.0,-0.00023317787473653429,-0.0002332050649240165,0.007403935085565524,0.011889267702110125
2021-11-26 00:00:00-05:00,76.27977849019362,76.33310017703795,76.27088928222656,76.27088928222656,2842700,0.0,0.0,0.0,0.0019844286646555354,0.0019824622870872497,0.018412721306963926,0.013998561511655598
2021-11-29 00:00:00-05:00,76.26201062463255,76.30644989013672,76.24423898671884,76.30644989013672,3767900,0.0,0.0,0.0,0.0004662408979994037,0.00046613224148401574,0.01835540293508649,0.014093516480573543
2021-11-30 00:00:00-05:00,76.35090525733153,76.39533775172616,76.21759421318491,76.24425506591797,6358600,0.0,0.0,0.0,-0.0008150664106153505,-0.0008153987578445207,0.016801281594935553,0.014308604239921243
2021-12-01 00:00:00-05:00,76.18197885667905,76.25312042236328,76.12862607463244,76.25312042236328,10046200,0.05,0.0,0.0,0.00011627573038319738,0.00011626897088443134,0.016698956833705987,0.013770022423486867
2021-12-02 00:00:00-05:00,76.19092053636443,76.19981493370355,76.1286733238653,76.15534973144531,4117900,0.0,0.0,0.0,-0.0012821860977809685,-0.0012830088016905087,0.020131651828692206,0.014440235993436168
2021-12-03 00:00:00-05:00,76.11973210845568,76.21755006571018,76.11083771658713,76.19976806640625,2931600,0.0,0.0,0.0,0.000583259549297166,0.0005830895195573433,0.013056474235710075,0.014158692919004102
2021-12-06 00:00:00-05:00,76.17309825193247,76.1819858601352,76.11973868054736,76.13752746582031,4120400,0.0,0.0,0.0,-0.0008168082681261346,-0.0008171420377624833,0.01216343002724078,0.014185000917927765
2021-12-07 00:00:00-05:00,76.07526651942125,76.08415412601566,76.0396957397461,76.0396957397461,4194600,0.0,0.0,0.0,-0.0012849343724503637,-0.001285760608469662,0.0134576869016048,0.014302636249370225
2021-12-08 00:00:00-05:00,76.02191055961303,76.06637573242188,76.01302295259754,76.06637573242188,2396700,0.0,0.0,0.0,0.00035086927184835304,0.0003508077316200186,0.0142544557529716,0.014159229712142583
2021-12-09 00:00:00-05:00,76.05747773736742,76.08415412601566,76.0396957397461,76.0396957397461,1829300,0.0,0.0,0.0,-0.00035074620578257054,-0.0003508077316200626,0.012407206282603651,0.012539940457732594
2021-12-10 00:00:00-05:00,76.0663924718287,76.12863965679969,76.04860368501738,76.07528686523438,1854400,0.0,0.0,0.0,0.00046805980931452495,0.000467950303490828,0.011905194886938357,0.012512112076299608
2021-12-13 00:00:00-05:00,76.07529257506602,76.13753976470898,76.06639818099279,76.1197509765625,2589400,0.0,0.0,0.0,0.0005844751056527375,0.0005843043666034169,0.012416385019876491,0.01232102080714214
2021-12-14 00:00:00-05:00,76.07528686523438,76.10196326101703,76.07528686523438,76.07528686523438,3931700,0.0,0.0,0.0,-0.0005841336940503039,-0.0005843043666035287,0.008340284436337747,0.012452722551880926
2021-12-15 00:00:00-05:00,76.06641894452605,76.10198974609375,76.00417173789174,76.10198974609375,5859800,0.0,0.0,0.0,0.0003510059831477452,0.0003509443949591028,0.00834055005610727,0.012551658374945167
2021-12-16 00:00:00-05:00,76.1179620649869,76.16242980957031,76.1179620649869,76.16242980957031,2523500,0.018,0.0,0.0,0.0007941982026780092,0.0007938829941664222,0.008456490587263655,0.012849775731002511
2021-12-17 00:00:00-05:00,76.15354273349544,76.18022473825897,76.10906820164902,76.1268539428711,2459300,0.0,0.0,0.0,-0.0004671051959367345,-0.0004672143235528108,0.009922869978470715,0.0129305388112235
2021-12-20 00:00:00-05:00,76.17133532747647,76.19801733464044,76.1446533203125,76.1446533203125,5130600,0.0,0.0,0.0,0.00023381207181838448,0.00023378474203585953,0.009210415956837035,0.01296178313593437
2021-12-21 00:00:00-05:00,76.10906258368556,76.11795884657033,76.07348431800678,76.10016632080078,2031700,0.0,0.0,0.0,-0.0005842432471860892,-0.0005844139837764026,0.009210902822961406,0.012454089873254545
2021-12-22 00:00:00-05:00,76.10015992305446,76.10905618519132,76.07347792250361,76.09127044677734,3726000,0.0,0.0,0.0,-0.00011689690645266815,-0.00011690373942854493,0.008890709482517184,0.012457978019954507
2021-12-23 00:00:00-05:00,76.09127846522279,76.09127846522279,76.06458967599974,76.08238220214844,1919700,0.0,0.0,0.0,-0.00011681030657939573,-0.00011681712943458236,0.005146881945327746,0.012439657576774076
2021-12-27 00:00:00-05:00,76.0379325656827,76.05572509765625,76.0290430855586,76.05572509765625,2270700,0.0,0.0,0.0,-0.0003503715803924168,-0.0003504329748555923,0.00483727447367263,0.009951006034852302
2021-12-28 00:00:00-05:00,76.05572509765625,76.07351084376711,76.04682883166947,76.05572509765625,3464800,0.0,0.0,0.0,0.0,0.0,0.003709464162415386,0.009708279339549031
2021-12-29 00:00:00-05:00,76.04679870605469,76.0645844451198,76.03790244359213,76.04679870605469,3110300,0.0,0.0,0.0,-0.00011736646505045023,-0.00011737335303296015,0.0020304416453921638,0.0093990120396392
2021-12-30 00:00:00-05:00,76.05569218408964,76.09127044677734,76.04679592195276,76.09127044677734,1619100,0.0,0.0,0.0,0.0005847943829240254,0.0005846234573231834,0.005568334307046997,0.009703687401979652
2021-12-31 00:00:00-05:00,76.10016794243667,76.10906420551102,76.05570019878586,76.08238220214844,2649500,0.0,0.0,0.0,-0.00011681030657939573,-0.00011681712943458236,0.005568334307046997,0.008655389798323806
2022-01-03 00:00:00-05:00,76.00234345834964,76.01123972306884,75.9756614500538,75.99345397949219,5301700,0.0,0.0,0.0,-0.0011688411966382928,-0.0011695248242631123,0.010045239380003198,0.009179702206398377
2022-01-04 00:00:00-05:00,75.99345796600963,76.03792572021484,75.99345796600963,76.03792572021484,2759300,0.0,0.0,0.0,0.0005852048879717575,0.0005850337223660151,0.011411990837688206,0.009148332894318777
2022-01-05 00:00:00-05:00,76.01123527721971,76.01123527721971,75.93118925701404,75.94007873535156,2851800,0.0,0.0,0.0,-0.00128681817575238,-0.0012876468372284874,0.014477168210131851,0.009151665718854401
2022-01-06 00:00:00-05:00,75.89560014304323,75.90448962011072,75.86002187719214,75.8778076171875,3526800,0.0,0.0,0.0,-0.0008200033394891726,-0.0008203397261322446,0.012485617757829706,0.009386075401725851
2022-01-07 00:00:00-05:00,75.85113486391697,75.88671313410664,75.83334912175273,75.86003112792969,2658000,0.0,0.0,0.0,-0.00023427784507823457,-0.00023430529241953485,0.012247651843751517,0.009357808770812609
2022-01-10 00:00:00-05:00,75.84224902644668,75.85114529168243,75.81556701660156,75.81556701660156,4347300,0.0,0.0,0.0,-0.0005861335761007114,-0.0005863054195373139,0.011146659768077286,0.009229289792961615
2022-01-11 00:00:00-05:00,75.77110486910729,75.84225463867188,75.76220860321324,75.84225463867188,15869300,0.0,0.0,0.0,0.0003520071552649551,0.00035194521528139486,0.009799524917296442,0.009011281501516555
2022-01-12 00:00:00-05:00,75.85114529168243,75.85114529168243,75.81556701660156,75.81556701660156,7286200,0.0,0.0,0.0,-0.00035188328982915795,-0.00035194521528143574,0.0070120784672831876,0.00891112252546084
2022-01-13 00:00:00-05:00,75.83337239446729,75.86005440883277,75.82447612772437,75.85115814208984,3739100,0.0,0.0,0.0,0.0004694435046630474,0.0004693333505337576,0.007282959077762996,0.009012452427995254
2022-01-14 00:00:00-05:00,75.8244600749843,75.8244600749843,75.75330352783203,75.75330352783203,2064800,0.0,0.0,0.0,-0.001290087279544272,-0.0012909201585401546,0.01144796120393832,0.009106838025325912
2022-01-18 00:00:00-05:00,75.6821630745299,75.69105934128119,75.62879904574872,75.6376953125,3257300,0.0,0.0,0.0,-0.0015261145052183345,-0.0015272802041041253,0.01454948690876658,0.010130505934893279
2022-01-19 00:00:00-05:00,75.66436728423416,75.70884182622439,75.66436728423416,75.67326354980469,3753500,0.0,0.0,0.0,0.000470244858172153,0.0004701343277083983,0.01498760698007053,0.010335270462113806
2022-01-20 00:00:00-05:00,75.66435280683709,75.67324907070541,75.64656706496149,75.65545654296875,2762400,0.0,0.0,0.0,-0.00023531437657919874,-0.00023534206735122086,0.01505625652621203,0.01028668263416499
2022-01-21 00:00:00-05:00,75.73554308497935,75.7533288347782,75.70886106734903,75.7177505493164,5322600,0.0,0.0,0.0,0.0008233907928674178,0.0008230519926324358,0.016515969078092364,0.011015602493812213
2022-01-24 00:00:00-05:00,75.75329550854322,75.81555578424509,75.73550976656887,75.76219177246094,7835800,0.0,0.0,0.0,0.0005869326917680162,0.0005867605141435068,0.015112398309328291,0.011401377413187174
2022-01-25 00:00:00-05:00,75.7710828070253,75.78886854777215,75.72660827636719,75.72660827636719,4657100,0.0,0.0,0.0,-0.0004696735305733668,-0.000469783861733797,0.008849809689458293,0.011428607460139422
2022-01-26 00:00:00-05:00,75.73552141411416,75.76220342410973,75.57542256827863,75.59320831298828,10878900,0.0,0.0,0.0,-0.0017615996069975104,-0.0017631530482142231,0.01622488652145815,0.012633051182430207
2022-01-27 00:00:00-05:00,75.53095245361328,75.56653073097954,75.51316670786143,75.53095245361328,7524900,0.0,0.0,0.0,-0.0008235641900160573,-0.0008239035053150066,0.016806864102025344,0.012742430432905657
2022-01-28 00:00:00-05:00,75.53093518204228,75.57540971504581,75.52204570413038,75.5576171875,4613200,0.0,0.0,0.0,0.0003530305526477928,0.0003529682520244924,0.015010995523363362,0.012544366187136469
2022-01-31 00:00:00-05:00,75.5398314458152,75.57540971504581,75.51314944035748,75.5576171875,7218500,0.0,0.0,0.0,0.0,0.0,0.012961715455693093,0.0125801580653684
2022-02-01 00:00:00-05:00,75.57808846553039,75.57808846553039,75.5069194359013,75.55139923095703,13138500,0.023,0.0,0.0,-8.229423815120374e-05,-8.229762450780654e-05,0.01337981638049187,0.012223386299454622
2022-02-02 00:00:00-05:00,75.57809812532088,75.59589547577752,75.56030756256465,75.56920623779297,5492000,0.0,0.0,0.0,0.00023569393839428798,0.00023566616694161308,0.007296653836955589,0.011950873490925771
2022-02-03 00:00:00-05:00,75.53361672765467,75.53361672765467,75.489130140154,75.50692749023438,3620800,0.0,0.0,0.0,-0.0008241286452397301,-0.0008244684259465179,0.007300358571930929,0.011554989216606632
2022-02-04 00:00:00-05:00,75.4001460619262,75.4001460619262,75.32007836845136,75.35565948486328,9404700,0.0,0.0,0.0,-0.0020033659214998556,-0.0020053753431940537,0.01447288193764502,0.012958917538269204
2022-02-07 00:00:00-05:00,75.37345123291016,75.38234990520158,75.33786333144262,75.37345123291016,3555700,0.0,0.0,0.0,0.00023610367381166064,0.00023607580572568564,0.015105767775099447,0.013118746120955163
2022-02-08 00:00:00-05:00,75.33787494731729,75.34677362098074,75.29338836669922,75.29338836669922,14355600,0.0,0.0,0.0,-0.0010622157391140252,-0.0010627802900709186,0.015051169282882243,0.013352940496861558
2022-02-09 00:00:00-05:00,75.3201032967483,75.32899518494486,75.2756167049619,75.28451538085938,2976900,0.0,0.0,0.0,-0.00011784548460791466,-0.0001178524289326128,0.013852333345838443,0.013129865926829042
2022-02-10 00:00:00-05:00,75.13328123123797,75.14217990905294,74.90196990966797,74.90196990966797,5892000,0.0,0.0,0.0,-0.005081330061781464,-0.005094283919897672,0.033805126493883904,0.021263136368231135
2022-02-11 00:00:00-05:00,75.02649805917784,75.13325500488281,74.95532223690785,75.13325500488281,5432400,0.0,0.0,0.0,0.003087837282434336,0.0030830797041287335,0.046841141839338914,0.024761717617461567
2022-02-14 00:00:00-05:00,74.98202031882491,75.02650690991666,74.92864183967546,74.9731216430664,4375400,0.0,0.0,0.0,-0.0021313246951166764,-0.0021335991999749215,0.047232357686163254,0.025303469421721583
2022-02-15 00:00:00-05:00,74.973113240853,75.01759982695914,74.95532267903057,74.99980926513672,2127700,0.0,0.0,0.0,0.0003559625301099434,0.00035589919047909996,0.04829120011472725,0.025188921191401724
2022-02-16 00:00:00-05:00,75.0264804444407,75.10654813492111,75.00868309920165,75.09765625,3335200,0.0,0.0,0.0,0.0013046297826888598,0.0013037794927159888,0.05051953717944465,0.02574890043822412
2022-02-17 00:00:00-05:00,75.09767108242035,75.14215087890625,75.08877240804327,75.14215087890625,4442900,0.0,0.0,0.0,0.0005924902470741955,0.0005923147940271486,0.029906490826001948,0.025977436646511164
2022-02-18 00:00:00-05:00,75.16882205091989,75.19551127993782,75.12434226512269,75.15103149414062,2459400,0.0,0.0,0.0,0.0001181842032800251,0.00011817722007727005,0.02058307769076034,0.0256777707505543
2022-02-22 00:00:00-05:00,75.10656136620956,75.12435871458389,75.05318289648575,75.07987213134766,3487300,0.0,0.0,0.0,-0.0009468847117356516,-0.0009473332902547607,0.013004986997225016,0.025492752491221335
2022-02-23 00:00:00-05:00,75.05317484890742,75.07986408090757,75.01758694367427,75.0353775024414,4258700,0.0,0.0,0.0,-0.0005926305898391604,-0.0005928062647574827,0.014352165564593967,0.025497681843709527
2022-02-24 00:00:00-05:00,75.19551449802105,75.21331184326009,75.07985890476097,75.09765625,4573600,0.0,0.0,0.0,0.0008299917936251955,0.0008296475409079038,0.012041889346525917,0.025398498588971186
2022-02-25 00:00:00-05:00,75.06206834722035,75.09765625,75.01758177182117,75.09765625,4279100,0.0,0.0,0.0,0.0,0.0,0.010885095529694085,0.025353392571604492
2022-02-28 00:00:00-05:00,75.2311019897461,75.29337912234561,75.22221010487358,75.2311019897461,5265300,0.0,0.0,0.0,0.00177696277633288,0.001775385845800182,0.017509516406228796,0.026315292235094146
2022-03-01 00:00:00-05:00,75.38685284574616,75.52034526789569,75.36905702465599,75.40465545654297,7383600,0.025,0.0,0.0,0.0023069377186648587,0.0023042808232561964,0.019090696633998153,0.027797857694329707
2022-03-02 00:00:00-05:00,75.28897187638881,75.29787318332667,75.13768360698447,75.15547943115234,5250800,0.0,0.0,0.0,-0.00330451778980978,-0.003309989766877221,0.03511305616662701,0.03003400905388807
2022-03-03 00:00:00-05:00,75.14658491392231,75.19107786919592,75.11098647587873,75.15547943115234,6877400,0.0,0.0,0.0,0.0,0.0,0.034849795514756116,0.029993940160130236
2022-03-04 00:00:00-05:00,75.22666388007949,75.28895943893781,75.2177625746121,75.23556518554688,2880500,0.0,0.0,0.0,0.0010656010047529474,0.0010650336550121478,0.035366776042569124,0.0302818942915538
2022-03-07 00:00:00-05:00,75.16436955144883,75.20886928980741,75.1376724243164,75.1376724243164,6302700,0.0,0.0,0.0,-0.0013011500742905469,-0.0013019973050444407,0.03438413913280499,0.029819622043494268
2022-03-08 00:00:00-05:00,75.09315864858058,75.11986256042798,75.02196858610415,75.03976440429688,5585700,0.0,0.0,0.0,-0.0013030483492572076,-0.0013038980549760896,0.026030220166799782,0.030059516525647152
2022-03-09 00:00:00-05:00,74.98639051752139,75.01308764691105,74.95969338813171,74.99528503417969,4988900,0.0,0.0,0.0,-0.0005927440000683681,-0.0005929197422433546,0.015813380908805526,0.029930998510260945
2022-03-10 00:00:00-05:00,74.93297576904297,74.94187707378121,74.89738412950221,74.93297576904297,4780300,0.0,0.0,0.0,-0.0008308424337386544,-0.0008311877746093207,0.01549934543276495,0.030012992806782792
2022-03-11 00:00:00-05:00,74.90630340576172,74.91520471344242,74.861810446775,74.90630340576172,2620800,0.0,0.0,0.0,-0.00035594960706564205,-0.0003560129721639945,0.006715525076486917,0.02396489269197034
2022-03-14 00:00:00-04:00,74.7816765843943,74.79947919126342,74.71047973632812,74.71047973632812,3874900,0.0,0.0,0.0,-0.002614248207828851,-0.0026176713218896315,0.014220301134233226,0.022749486968342603
2022-03-15 00:00:00-04:00,74.82618291967103,74.8350774341859,74.7282889423614,74.73719024658203,4999800,0.0,0.0,0.0,0.0003575202615238027,0.0003574563663838538,0.017519901446000533,0.021758636160823516
2022-03-16 00:00:00-04:00,74.71940988681108,74.73721250055328,74.54142448763564,74.666015625,5365100,0.0,0.0,0.0,-0.0009523320497760723,-0.0009527858060498902,0.017428277642010603,0.021845222428397
2022-03-17 00:00:00-04:00,74.63038855250124,74.66598697661922,74.61258594558969,74.63928985595703,4453400,0.0,0.0,0.0,-0.00035793752779300636,-0.0003580016027202445,0.017829636597663394,0.021088153217524754
2022-03-18 00:00:00-04:00,74.60368703296398,74.63928545498297,74.59478573003304,74.6214828491211,4946500,0.0,0.0,0.0,-0.00023857417280237492,-0.00023860263614750845,0.018025803353224044,0.020823599942245224
2022-03-21 00:00:00-04:00,74.52362561717763,74.54142823181404,74.36343603399038,74.3723373413086,5342500,0.0,0.0,0.0,-0.003338790631060684,-0.0033443768300647236,0.0228158846953504,0.02327150498366554
2022-03-22 00:00:00-04:00,74.29222682481952,74.3456210755711,74.27442421476476,74.31892395019531,2931500,0.0,0.0,0.0,-0.0007181889533490748,-0.0007184469745814936,0.020189728770014986,0.023229938344354863
2022-03-23 00:00:00-04:00,74.36342297442755,74.40792271349552,74.32782454111455,74.3812255859375,4184400,0.0,0.0,0.0,0.0008383011005910213,0.0008379499224716934,0.024643823283483624,0.023711273424687984
2022-03-24 00:00:00-04:00,74.35450880661523,74.37230462371488,74.31000907930846,74.3634033203125,3311200,0.0,0.0,0.0,-0.0002396070444471432,-0.00023963575480124452,0.02478030740634394,0.02325299086786949
2022-03-25 00:00:00-04:00,74.25663881192744,74.25663881192744,74.10534376406213,74.15874481201172,4601800,0.0,0.0,0.0,-0.002752140154468674,-0.00275593425504684,0.02781877460863072,0.02450216127250373
2022-03-28 00:00:00-04:00,74.11423679899323,74.14983523041765,74.08753967285156,74.08753967285156,2991200,0.0,0.0,0.0,-0.0009601718494650635,-0.000960633109738373,0.020751953411610638,0.022806973194799903
2022-03-29 00:00:00-04:00,74.11424475089113,74.16763900890328,74.06975179911676,74.1231460571289,4640300,0.0,0.0,0.0,0.00048059882180684355,0.00048048337118189097,0.022590912482997084,0.020331796218188928
2022-03-30 00:00:00-04:00,74.11425624493658,74.19435443408415,74.10535493731834,74.17655181884766,5826600,0.0,0.0,0.0,0.0007205004719792463,0.0007202410361224773,0.022153771870154552,0.018869992229010143
2022-03-31 00:00:00-04:00,74.20324895199407,74.23884739275873,74.16765051122941,74.17655181884766,5328800,0.0,0.0,0.0,0.0,0.0,0.022428977103528876,0.018869992229010143
2022-04-01 00:00:00-04:00,74.01272418042862,74.06614830619193,73.9949206669352,74.0216293334961,10292300,0.036,0.0,0.0,-0.0020885641291321644,-0.002090748220799802,0.01836127886988316,0.01837115911738231
2022-04-04 00:00:00-04:00,74.04832128968114,74.07502995021473,74.00380911967184,74.06613159179688,5015400,0.0,0.0,0.0,0.0006012061434135241,0.0006010254914025245,0.018542037288053446,0.01893233287789601
2022-04-05 00:00:00-04:00,74.02161780881045,74.02161780881045,73.91477636655986,73.93258666992188,4694600,0.0,0.0,0.0,-0.0018030497746394092,-0.0018046772254283927,0.02125758080007284,0.01921855343528683
2022-04-06 00:00:00-04:00,73.90589694148368,74.06615574959605,73.88808663355884,73.98602294921875,7479700,0.0,0.0,0.0,0.0007227703196082125,0.0007225092469302406,0.021265889681927986,0.019909174410526306
2022-04-07 00:00:00-04:00,74.03944396972656,74.0839561523841,74.00383014801537,74.03944396972656,6184500,0.0,0.0,0.0,0.0007220420611671052,0.0007217815142077569,0.022917966379265024,0.020503676435685986
2022-04-08 00:00:00-04:00,73.94146480339063,74.00378725710407,73.94146480339063,73.95036315917969,4539500,0.0,0.0,0.0,-0.0012031534243193143,-0.0012038777944777897,0.019311138560534943,0.020590923636862914
2022-04-11 00:00:00-04:00,73.92368171770909,73.99490934606834,73.91477656600406,73.96820068359375,6705400,0.0,0.0,0.0,0.0002412094228079198,0.0002411803364922624,0.01853296023948355,0.019423522021690558
2022-04-12 00:00:00-04:00,74.08393899904617,74.17297013638897,74.06613548863375,74.15516662597656,5658800,0.0,0.0,0.0,0.002527652973236094,0.002524463831358389,0.021187984036259645,0.02204280449170866
2022-04-13 00:00:00-04:00,74.21748930165931,74.30652043924238,74.17297033654759,74.19078063964844,4808100,0.0,0.0,0.0,0.0004802634164589037,0.00048014812689573867,0.021170914368026966,0.022144339429937078
2022-04-14 00:00:00-04:00,74.12844043968165,74.14624394588523,74.03940932338627,74.05721282958984,4336200,0.0,0.0,0.0,-0.0018003289479773255,-0.0018019514878338816,0.02674578857272858,0.022761881896578663
2022-04-18 00:00:00-04:00,74.0750163357934,74.08392148521459,74.03940932338627,74.05721282958984,4100100,0.0,0.0,0.0,0.0,0.0,0.024463289216505372,0.02279871194179295
2022-04-19 00:00:00-04:00,73.96819429658247,73.99490295675082,73.87025801420523,73.8880615234375,5811000,0.0,0.0,0.0,-0.0022840625469063847,-0.0022866749965224477,0.030582692410775134,0.02123615369731761
2022-04-20 00:00:00-04:00,73.89697285583834,73.94149182160288,73.87916934511682,73.93258666992188,6121600,0.0,0.0,0.0,0.0006026027150576319,0.0006024212229496323,0.021371825413460156,0.02142906743337028
2022-04-21 00:00:00-04:00,73.85243452473345,73.85243452473345,73.73669475379126,73.80792236328125,7119600,0.0,0.0,0.0,-0.0016861888952593995,-0.0016876121118543361,0.019958509361695593,0.021586511694748213
2022-04-22 00:00:00-04:00,73.68331120347726,73.82575969508609,73.68331120347726,73.79014587402344,5426000,0.0,0.0,0.0,-0.00024084798336843072,-0.00024087699190183506,0.019242010180170337,0.02158640058589599
2022-04-25 00:00:00-04:00,73.94149760593204,74.03943390416303,73.88807348430723,73.9058837890625,5772300,0.0,0.0,0.0,0.001568473861491615,0.0015672450910595942,0.025236328940240697,0.020736455393908487
2022-04-26 00:00:00-04:00,74.02163366255,74.05724748426118,73.98601984083881,74.03944396972656,6670600,0.0,0.0,0.0,0.0018071657331810709,0.0018055347738344114,0.022657822867060265,0.021644526071476735
2022-04-27 00:00:00-04:00,74.08395596021558,74.09286111378076,73.96821613443588,74.00382995605469,8770900,0.0,0.0,0.0,-0.0004810140617268477,-0.0004811297861021596,0.02337292580815854,0.021611846266752204
2022-04-28 00:00:00-04:00,73.94146480339063,73.95926830760675,73.87914234967721,73.95036315917969,4671300,0.0,0.0,0.0,-0.000722486888945495,-0.0007227480083756624,0.0191011810995743,0.021509990446106065
2022-04-29 00:00:00-04:00,73.79901721393533,73.87914997277123,73.79901721393533,73.80792236328125,8047300,0.0,0.0,0.0,-0.001926167632088971,-0.00192802507851446,0.025321384495857642,0.022397998615104355
2022-05-02 00:00:00-04:00,73.82040917672359,73.83822214069606,73.78477645253143,73.8025894165039,10907500,0.044,0.0,0.0,-7.225439501057362e-05,-7.225700548511906e-05,0.02151198295627407,0.021318050169711143
2022-05-03 00:00:00-04:00,73.8292928077041,73.84711256322858,73.74021441881813,73.76693725585938,7556800,0.0,0.0,0.0,-0.00048307465803576477,-0.00048319137618895114,0.011186246236819491,0.021159959447610246
2022-05-04 00:00:00-04:00,73.69568594935153,73.97183102122618,73.64223347370931,73.96292114257812,11387900,0.0,0.0,0.0,0.00265679847922895,0.0026532754287931074,0.026880687563160786,0.022558700110173087
2022-05-05 00:00:00-04:00,73.87385904456758,73.89167200954788,73.79368371153721,73.83822631835938,6415700,0.0,0.0,0.0,-0.0016859099436915548,-0.00168733268916603,0.029047732446197527,0.023177325336340822
2022-05-06 00:00:00-04:00,73.83821743569445,73.93620572191722,73.81149459331493,73.82930755615234,6375000,0.0,0.0,0.0,-0.00012078787169911287,-0.0001207951671415609,0.025270730699650152,0.022973541289197326
2022-05-09 00:00:00-04:00,73.93621177635525,74.03420007060201,73.92730189608353,74.0163803100586,6956200,0.0,0.0,0.0,0.002533854916138445,0.002530650118290703,0.030624040601699223,0.02446355864240972
2022-05-10 00:00:00-04:00,74.03420310614366,74.0520160711701,73.96293765354265,73.97184753417969,10070100,0.0,0.0,0.0,-0.0006016610876181661,-0.0006018421582827676,0.030893811713682013,0.02455701291602675
2022-05-11 00:00:00-04:00,73.91841833990081,74.01639986378508,73.86496584039676,73.98077392578125,7797800,0.0,0.0,0.0,0.00012067282214944797,0.00012066554177013526,0.02464608854256774,0.022691170370525062
2022-05-12 00:00:00-04:00,74.06091601290318,74.14999441857638,74.03419317082589,74.08763885498047,5231400,0.0,0.0,0.0,0.0014444959619701603,0.0014434536812708652,0.020418785335583604,0.023278188607510696
2022-05-13 00:00:00-04:00,74.03422075148302,74.06094360351562,73.99858801668981,74.06094360351562,5002600,0.0,0.0,0.0,-0.0003603199113565436,-0.0003603848421735162,0.021067646602819186,0.02240201985801626
2022-05-16 00:00:00-04:00,74.08763373356008,74.1410862102664,74.0787306509809,74.10545349121094,4515800,0.0,0.0,0.0,0.0006009900161898507,0.0006008094940144663,0.01295533258592527,0.022502138675758083
2022-05-17 00:00:00-04:00,73.96294999192375,74.03421545641314,73.92731725967906,73.94513702392578,3569200,0.0,0.0,0.0,-0.0021633558629280403,-0.002165699297621673,0.021366838242178905,0.022340751370058632
2022-05-18 00:00:00-04:00,73.91841833990081,74.03421962903614,73.90950845727528,73.98077392578125,3613800,0.0,0.0,0.0,0.00048193705887555893,0.0004818209645098206,0.02172250674598928,0.022304492825665587
2022-05-19 00:00:00-04:00,74.13218145594043,74.13218145594043,74.06091601290318,74.08763885498047,4523400,0.0,0.0,0.0,0.0014444959619701603,0.0014434536812708652,0.02172250674598928,0.02186713408283135
2022-05-20 00:00:00-04:00,74.09656304229443,74.19455134633029,74.07875007621884,74.14110565185547,4869500,0.0,0.0,0.0,0.000721669602396835,0.0007214093241050828,0.021946430547932858,0.02188248124965099
2022-05-23 00:00:00-04:00,74.13217633144096,74.14998929284558,74.0787306509809,74.10545349121094,3648100,0.0,0.0,0.0,-0.00048086901768018553,-0.0004809846722642248,0.02209777613036023,0.021434634145463732
2022-05-24 00:00:00-04:00,74.1678278502667,74.31035196636874,74.15891796918284,74.27471923828125,4830000,0.0,0.0,0.0,0.0022841199816743263,0.002281515345076628,0.016507137897832803,0.02198765240816464
2022-05-25 00:00:00-04:00,74.36378060484209,74.36378060484209,74.28360529329902,74.3281478881836,3377200,0.0,0.0,0.0,0.0007193382950521077,0.0007190796952671313,0.016220721603361368,0.02193661665084806
2022-05-26 00:00:00-04:00,74.39052038823378,74.40833335249765,74.31925493868367,74.34597778320312,5493200,0.0,0.0,0.0,0.00023988079248726812,0.00023985202569027538,0.016103807381609582,0.021652613164138298
2022-05-27 00:00:00-04:00,74.37270313313631,74.38161301369206,74.32816732285269,74.36380004882812,6058600,0.0,0.0,0.0,0.0002397206433544241,0.00023969191495210133,0.01641739130983517,0.02004742448037127
2022-05-31 00:00:00-04:00,74.28363382897945,74.28363382897945,74.22127824993494,74.24800109863281,8197900,0.0,0.0,0.0,-0.001557195169145209,-0.0015584088576728588,0.021784438558532234,0.02115039201988164
2022-06-01 00:00:00-04:00,74.20786700910887,74.23461070783098,74.08305854737164,74.10980224609375,10980900,0.065,0.0,0.0,-0.0018613141161265556,-0.0018630485137526788,0.018676184101202583,0.02235991638423062
2022-06-02 00:00:00-04:00,74.13654897408395,74.15437583847459,74.09197161078129,74.12763214111328,5243200,0.0,0.0,0.0,0.00024058754009792516,0.00024055860355678776,0.01703470739164836,0.020449099047652904
2022-06-03 00:00:00-04:00,74.08308032937259,74.11874087200405,74.08308032937259,74.10091400146484,3224000,0.0,0.0,0.0,-0.0003604342790496373,-0.0003604992510969654,0.015791762988909424,0.01941873598450622
2022-06-06 00:00:00-04:00,74.0652500104715,74.0652500104715,74.00284576416016,74.00284576416016,3584900,0.0,0.0,0.0,-0.00132344166905618,-0.0013243181914180395,0.01397773800333888,0.020120955825459395
2022-06-07 00:00:00-04:00,74.03846924350235,74.06521293545538,74.00280872038188,74.01171875,3944900,0.0,0.0,0.0,0.00011990060312161432,0.00011989341561881807,0.014613375224962678,0.017988613996012186
2022-06-08 00:00:00-04:00,73.98498802036904,74.00282168582844,73.95824432373047,73.95824432373047,4133100,0.0,0.0,0.0,-0.0007225129637937755,-0.0007227741020766399,0.010160157016609984,0.01804701906320214
2022-06-09 00:00:00-04:00,73.93149070232577,73.9582343953742,73.88691334621198,73.90474700927734,5332600,0.0,0.0,0.0,-0.0007233448406233078,-0.0007236065807290507,0.00843450599987847,0.018214743167269665
2022-06-10 00:00:00-04:00,73.74431801855367,73.76214488973152,73.59276580810547,73.59276580810547,6124200,0.0,0.0,0.0,-0.004221395969770558,-0.004230331216747029,0.026550970208951384,0.022617095315702336
2022-06-13 00:00:00-04:00,73.37879942328857,73.40554312969437,73.1113555576776,73.21833038330078,8794300,0.0,0.0,0.0,-0.005087937933750619,-0.005100925562187037,0.03735154130467181,0.028221245458041205
2022-06-14 00:00:00-04:00,73.23616025480504,73.26290395982302,73.04894751812655,73.07569122314453,8106200,0.0,0.0,0.0,-0.0019481345642481385,-0.0019500346465333724,0.03201860857286161,0.0282683911613962
2022-06-15 00:00:00-04:00,73.21831215062018,73.40552485039443,73.10242051786983,73.36095428466797,9018300,0.0,0.0,0.0,0.0039036655931499187,0.0038960660615513774,0.05624612473641239,0.03204762513081585
2022-06-16 00:00:00-04:00,73.27181742330441,73.48577385515439,73.24507371951721,73.45903015136719,8076400,0.0,0.0,0.0,0.0013368946417824379,0.0013360017938146762,0.06007603634246437,0.03249828176690206
2022-06-17 00:00:00-04:00,73.48576236460185,73.49467919832075,73.36095389874227,73.4411849975586,8188800,0.0,0.0,0.0,-0.00024292661871283538,-0.00024295613016338304,0.053795730180115235,0.03180582677392075
2022-06-21 00:00:00-04:00,73.39660947564933,73.42335317344879,73.37877580941581,73.41443634033203,5443800,0.0,0.0,0.0,-0.00036421875855419117,-0.00036428510231581657,0.035113395207423403,0.03151374858437557
2022-06-22 00:00:00-04:00,73.57493817866437,73.62842559814453,73.55711130602225,73.62842559814453,4110700,0.0,0.0,0.0,0.002914811697531716,0.0029105718707819633,0.03003445078788013,0.03375304870762358
2022-06-23 00:00:00-04:00,73.76211778789425,73.86909938031378,73.6818866947427,73.69080352783203,6229400,0.0,0.0,0.0,0.0008471990156078135,0.0008468403450843709,0.021235155074315525,0.032649629013661724
2022-06-24 00:00:00-04:00,73.64622993372636,73.75321153162204,73.62839626663484,73.6729736328125,6103300,0.0,0.0,0.0,-0.00024195549737493494,-0.00024198477332870377,0.022120709151273368,0.032392734504503674
2022-06-27 00:00:00-04:00,73.59276580810547,73.65517005955786,73.53036155665308,73.59276580810547,7376400,0.0,0.0,0.0,-0.0010887007915112434,-0.001089293856704067,0.02476592474697022,0.03236584384478436
2022-06-28 00:00:00-04:00,73.55707853080892,73.58382222863267,73.53924486455921,73.57490539550781,4399500,0.0,0.0,0.0,-0.0002426925038288008,-0.00024272195842021024,0.02453951535934371,0.03226335635756831
2022-06-29 00:00:00-04:00,73.57492218245831,73.67298696455387,73.56600534729897,73.66407012939453,4170700,0.0,0.0,0.0,0.0012118905679512348,0.0012111568213307993,0.014725579797839962,0.03259099074710788
2022-06-30 00:00:00-04:00,73.77998083997089,73.86021196507777,73.76214716668925,73.80672454833984,16742600,0.0,0.0,0.0,0.0019365535829711789,0.0019346808804174443,0.01948340405689549,0.03310528080992153
2022-07-01 00:00:00-04:00,73.99319029748732,74.12704330875557,73.96642105684306,74.02888488769531,9559300,0.079,0.0,0.0,0.0030100284318939075,0.0030055073663986,0.02616071198317858,0.03500246348470922
2022-07-05 00:00:00-04:00,74.0467574408712,74.0735266894161,74.0021374879304,74.01998138427734,9888800,0.0,0.0,0.0,-0.00012027066774644712,-0.00012027790084316595,0.021931780956883397,0.03498589529959662
2022-07-06 00:00:00-04:00,74.03782918183958,74.03782918183958,73.80581769014465,73.81474304199219,4883800,0.0,0.0,0.0,-0.002772742419640095,-0.0027765935904199915,0.0353623236881358,0.0360464455796773
2022-07-07 00:00:00-04:00,73.81474607775607,73.81474607775607,73.71658762754238,73.7612075805664,4906300,0.0,0.0,0.0,-0.000725267869527424,-0.0007255310035048137,0.03610029687214794,0.03609516134532566
2022-07-08 00:00:00-04:00,73.68982488813491,73.69874343308832,73.6362795781665,73.6719741821289,3249100,0.0,0.0,0.0,-0.0012097605416780954,-0.0012104928926679997,0.03376024581551467,0.036235773726788365
2022-07-11 00:00:00-04:00,73.74335805187997,73.78797800561541,73.68981955383671,73.69873809814453,16663800,0.0,0.0,0.0,0.00036328490328574325,0.00036321893130253233,0.01917674920602058,0.03622949679059991
2022-07-12 00:00:00-04:00,73.78798134367091,73.82367594666421,73.72551749044497,73.73443603515625,6373100,0.0,0.0,0.0,0.0004843765026774083,0.00048425923024704686,0.021095993808725268,0.03289016421157964
2022-07-13 00:00:00-04:00,73.56485782320352,73.74332393949177,73.55593247497534,73.65409088134766,11769700,0.0,0.0,0.0,-0.0010896557718335087,-0.001090249878304296,0.01278759015573869,0.027076725412390396
2022-07-14 00:00:00-04:00,73.51133308886693,73.68088071236281,73.47563849402319,73.6273422241211,6656800,0.0,0.0,0.0,-0.0003631659410425758,-0.00036323190176321737,0.012526205780272949,0.025891345173502365
2022-07-15 00:00:00-04:00,73.61842909500153,73.73443144146572,73.60950374279692,73.68089294433594,5961500,0.0,0.0,0.0,0.0007273211092129195,0.0007270567393950324,0.011804506129041843,0.022368972140292008
2022-07-18 00:00:00-04:00,73.6362533569336,73.65410405658311,73.59164022390411,73.6362533569336,2608200,0.0,0.0,0.0,-0.0006058502498886842,-0.0006060338513117199,0.012054274933689803,0.022142582245462183
2022-07-19 00:00:00-04:00,73.64520234102412,73.6541276937132,73.54704388559216,73.55596923828125,9115200,0.0,0.0,0.0,-0.0010902797873648673,-0.001090874574734636,0.011855879004516436,0.022528430009114146
2022-07-20 00:00:00-04:00,73.62734212819639,73.62734212819639,73.53810904522719,73.54702758789062,5453600,0.0,0.0,0.0,-0.00012156253915518445,-0.00012156992847949679,0.010675158881920886,0.022481523112861397
2022-07-21 00:00:00-04:00,73.65411512089409,73.77011745385319,73.63626441856303,73.75227355957031,5850000,0.0,0.0,0.0,0.002790676637943079,0.002786789929246613,0.02421734941380341,0.02227813392553271
2022-07-22 00:00:00-04:00,73.9039797763419,74.01998212387852,73.89505442405476,73.9396743774414,6038100,0.0,0.0,0.0,0.0025409497067196973,0.0025377269520975255,0.02899575375617291,0.023805632220060397
2022-07-25 00:00:00-04:00,73.87721252441406,73.91290712647839,73.85936181935729,73.87721252441406,20449500,0.0,0.0,0.0,-0.0008447677590314173,-0.0008451247763934321,0.029715742297279062,0.024038898053473874
2022-07-26 00:00:00-04:00,73.9485831078419,73.95750165007533,73.84149932861328,73.84149932861328,2854600,0.0,0.0,0.0,-0.0004834128763179235,-0.00048352975799200717,0.027715222482507944,0.023722659397910448
2022-07-27 00:00:00-04:00,73.85934584003274,73.98428032425315,73.82365805373863,73.95750427246094,7051600,0.0,0.0,0.0,0.001570999301238496,0.0015697665727444365,0.02685182913034626,0.024173696058634942
2022-07-28 00:00:00-04:00,74.13599951026704,74.15384340877337,74.07353565342024,74.11814880371094,5573700,0.0,0.0,0.0,0.0021721194195274407,0.002169763778679845,0.024692033869404592,0.02490420245468532
2022-07-29 00:00:00-04:00,74.06460245849306,74.14491020534354,74.04675856187598,74.10922241210938,5546100,0.0,0.0,0.0,-0.00012043462695221496,-0.00012044187978423344,0.021142045737524953,0.024180521642347515
2022-08-01 00:00:00-04:00,74.10740661621094,74.12527624940385,74.05381134716858,74.10740661621094,6463000,0.088,0.0,0.0,-2.4501618548056214e-05,-2.4501918717615054e-05,0.018605330378376028,0.02179411121000355
2022-08-02 00:00:00-04:00,74.09847086430048,74.11634049726784,73.84835052490234,73.84835052490234,14265300,0.0,0.0,0.0,-0.003495684212108552,-0.003501808392463004,0.03497705048006338,0.025182044142417044
2022-08-03 00:00:00-04:00,73.83050738289558,73.87516784667969,73.70544717986819,73.87516784667969,6485500,0.0,0.0,0.0,0.0003631404301751573,0.0003630745106473577,0.032572271995935494,0.02317217409702763
2022-08-04 00:00:00-04:00,73.89303389877534,73.99129645571011,73.86623625875124,73.97342681884766,5411500,0.0,0.0,0.0,0.0013300676672829415,0.0013291839108336223,0.029030587294264835,0.02341686050212605
2022-08-05 00:00:00-04:00,73.69649825875517,73.7322307121068,73.65183098824848,73.6697006225586,5049700,0.0,0.0,0.0,-0.004105882468211863,-0.004114334747610652,0.03883569808687125,0.027533360158123528
2022-08-08 00:00:00-04:00,73.72331078200331,73.75010842361117,73.70544795935474,73.74118041992188,6868900,0.0,0.0,0.0,0.0009702740306969382,0.0009698036191104558,0.04127641125494613,0.027723263722098705
2022-08-09 00:00:00-04:00,73.67863543971366,73.6875634416001,73.64290298636203,73.6697006225586,3742100,0.0,0.0,0.0,-0.0009693335115634749,-0.0009698036191103468,0.035029259807761774,0.027887169647882952
2022-08-10 00:00:00-04:00,73.84837098635329,73.89303826587971,73.73224560096259,73.74118041992188,6820900,0.0,0.0,0.0,0.0009702740306969382,0.0009698036191104558,0.036198146807880374,0.027819743312572004
2022-08-11 00:00:00-04:00,73.83944538061515,73.86624302309326,73.7143783569336,73.7143783569336,4071500,0.0,0.0,0.0,-0.000363461268665044,-0.00036352733672122517,0.033076037336747716,0.027819802990434385
2022-08-12 00:00:00-04:00,73.7947765017775,73.80371132083349,73.70544875702791,73.73224639892578,4782800,0.0,0.0,0.0,0.00024239561386063535,0.00024236624079033232,0.013443702485230814,0.02771871697391317
2022-08-15 00:00:00-04:00,73.80371936592837,73.83051701074736,73.77691490583857,73.79478454589844,17015900,0.0,0.0,0.0,0.0008481790536301048,0.0008478195530428133,0.013006672414868052,0.027752458871797052
2022-08-16 00:00:00-04:00,73.77690686366554,73.77690686366554,73.7233115798698,73.73224639892578,3249300,0.0,0.0,0.0,-0.0008474602555924582,-0.0008478195530427442,0.012361270353157839,0.02762638729238546
2022-08-17 00:00:00-04:00,73.6250333520519,73.6875634416001,73.59823571585534,73.6697006225586,4162400,0.0,0.0,0.0,-0.0008482825279564343,-0.0008486425231795557,0.011666389001707385,0.027830738770883413
2022-08-18 00:00:00-04:00,73.7501188585068,73.79478614435318,73.71438639288388,73.77691650390625,3648300,0.0,0.0,0.0,0.0014553592649571012,0.0014543012560596872,0.016246069896598662,0.026479642824440684
2022-08-19 00:00:00-04:00,73.70544955489443,73.73224719708239,73.67865191270647,73.72331237792969,4519300,0.0,0.0,0.0,-0.0007265704303828224,-0.0007268345106009756,0.01739025623824061,0.024839942237241883
2022-08-22 00:00:00-04:00,73.6607629695541,73.687560604719,73.60716769922432,73.62503051757812,3739700,0.0,0.0,0.0,-0.0013331178046875891,-0.001334007196758989,0.017394876138999295,0.025081626921657857
2022-08-23 00:00:00-04:00,73.6429190374167,73.75904442466849,73.61612139537938,73.66078186035156,4227600,0.0,0.0,0.0,0.0004855867973447836,0.0004854689382282496,0.01808497463667203,0.02515664821694258
2022-08-24 00:00:00-04:00,73.63400148560768,73.65186431273139,73.58040618896484,73.58040618896484,4551800,0.0,0.0,0.0,-0.0010911596287301872,-0.0010917553768081362,0.018710432080354913,0.02454888093949436
2022-08-25 00:00:00-04:00,73.6429001512003,73.6607629695541,73.60716769922432,73.62503051757812,3026400,0.0,0.0,0.0,0.000606470267351833,0.0006062864385799432,0.014312640238277573,0.023081525741506084
2022-08-26 00:00:00-04:00,73.61612018272483,73.65184582800603,73.55358326530775,73.60718536376953,4304000,0.0,0.0,0.0,-0.0002423788986319897,-0.00024240827714449095,0.014052096294305,0.023070707686962552
2022-08-29 00:00:00-04:00,73.5893213304601,73.59825615009588,73.54466086282223,73.5535888671875,3656100,0.0,0.0,0.0,-0.000728142182276792,-0.0007284074065507337,0.011759824884020883,0.023078766935062132
2022-08-30 00:00:00-04:00,73.53573086716504,73.5714633327817,73.47320075615362,73.51786804199219,4626200,0.0,0.0,0.0,-0.0004856435388871372,-0.0004857615019040993,0.010133112883889335,0.01993832879688411
2022-08-31 00:00:00-04:00,73.52678158386618,73.5625140424541,73.49104912527827,73.50891876220703,5424100,0.0,0.0,0.0,-0.00012172931592691061,-0.00012173672554140627,0.008011043451549335,0.019823071008965118
2022-09-01 00:00:00-04:00,73.46419929056566,73.50892091446106,73.40159311124917,73.45525360107422,6728700,0.1,0.0,0.0,-0.0007300496597755224,-0.0007303162757982468,0.004399688080010904,0.018979127992162222
2022-09-02 00:00:00-04:00,73.59838740992778,73.64310222853123,73.55366576775977,73.61627197265625,4105600,0.0,0.0,0.0,0.0021920606585406066,0.0021896615988584583,0.019628880171889747,0.015252377685275332
2022-09-06 00:00:00-04:00,73.50892091446106,73.51785978039072,73.45525360107422,73.45525360107422,4991800,0.0,0.0,0.0,-0.002187266038707336,-0.0021896615988584002,0.02512203365559468,0.016552584836357496
2022-09-07 00:00:00-04:00,73.49996249607656,73.56256866455078,73.48207794375276,73.56256866455078,4425300,0.0,0.0,0.0,0.001460958314287275,0.0014598921529743976,0.027719158599344252,0.017274432565049125
2022-09-08 00:00:00-04:00,73.51786696534818,73.53575834607958,73.46420647027882,73.47315216064453,4979800,0.0,0.0,0.0,-0.0012155163356787346,-0.0012162556748398301,0.02936576957721917,0.017267344808533817
2022-09-09 00:00:00-04:00,73.4731362622201,73.49996650394912,73.383699848603,73.41053009033203,4072200,0.0,0.0,0.0,-0.0008523122864740884,-0.0008526757111064523,0.029544373038916,0.017422169892636567
2022-09-12 00:00:00-04:00,73.45525656132352,73.46420225117546,73.3837115131941,73.40159606933594,3139400,0.0,0.0,0.0,-0.00012169944809148348,-0.00012170685407019147,0.021645342901368048,0.017345672153213518
2022-09-13 00:00:00-04:00,73.17799906831216,73.20482931338213,73.10644719908436,73.15116882324219,6543600,0.0,0.0,0.0,-0.0034117411542003984,-0.0034175744145473366,0.028134927488081718,0.020207720843542987
2022-09-14 00:00:00-04:00,73.08855438232422,73.15116055493169,73.07960869379143,73.08855438232422,4744800,0.0,0.0,0.0,-0.0008559595413883958,-0.000856326083935296,0.01984664393911573,0.020210032221713553
2022-09-15 00:00:00-04:00,73.0438631036336,73.06175448813079,73.00808715820312,73.00808715820312,3592100,0.0,0.0,0.0,-0.0011009552015514013,-0.001101561697920399,0.01989087118762922,0.020297849887838136
2022-09-16 00:00:00-04:00,72.98123232345124,73.07066874512148,72.97228663421573,73.04383850097656,4366200,0.0,0.0,0.0,0.0004896901722128977,0.0004895703131081374,0.023596514268706736,0.019363381511193073
2022-09-19 00:00:00-04:00,72.93652577088797,72.98124057499793,72.91863439039409,72.9633560180664,4378200,0.0,0.0,0.0,-0.001101838081922324,-0.001102445551764978,0.02228741837419663,0.019467550687971975
2022-09-20 00:00:00-04:00,72.92755889892578,73.043825544117,72.90072865954014,72.92755889892578,15975300,0.0,0.0,0.0,-0.0004906177716353932,-0.0004907381639136534,0.01055084585228544,0.019227465876235587
2022-09-21 00:00:00-04:00,72.92759643301686,72.93654212526967,72.73083214483847,72.864990234375,4475800,0.0,0.0,0.0,-0.0008579563815854785,-0.0008583246368081752,0.010553764537779967,0.018926204530201284
2022-09-22 00:00:00-04:00,72.78445729428692,72.79340298219414,72.6950208858966,72.73079681396484,6605100,0.0,0.0,0.0,-0.001841672111373538,-0.0018433700745042695,0.013588139322878463,0.0193965331784546
2022-09-23 00:00:00-04:00,72.7308243817433,72.74870894077608,72.62349655685719,72.64138793945312,10192800,0.0,0.0,0.0,-0.0012293124567356317,-0.0012300686811146718,0.007923919494568115,0.018997914039126304
2022-09-26 00:00:00-04:00,72.60559718503357,72.62348174041759,72.44460889233036,72.48038482666016,6145800,0.0,0.0,0.0,-0.002216410194793683,-0.0022188700672658907,0.011182849129979414,0.0196861515093869
2022-09-27 00:00:00-04:00,72.54299100584686,72.55193669531975,72.45355458180325,72.48038482666016,15088300,0.0,0.0,0.0,0.0,0.0,0.013744199076703297,0.019875596904263056
2022-09-28 00:00:00-04:00,72.71292052525223,72.79341125488281,72.65031434990799,72.79341125488281,7793400,0.0,0.0,0.0,0.004318774368696765,0.004309475226989067,0.04220918386358723,0.026786497969766253
2022-09-29 00:00:00-04:00,72.6681923422204,72.72185282379522,72.61453186064557,72.69502258300781,4734800,0.0,0.0,0.0,-0.0013516150731073262,-0.0013525293286675059,0.04113347669224132,0.026915439905142332
2022-09-30 00:00:00-04:00,72.70398290247985,72.75764339485362,72.60560078408656,72.63243103027344,8447100,0.0,0.0,0.0,-0.0008610156584366591,-0.0008613865453269247,0.040573318089206216,0.02693073624878228
2022-10-03 00:00:00-04:00,72.7828743689505,72.90826028870795,72.74705762918872,72.79183197021484,8906600,0.108,0.0,0.0,0.0021946248759725506,0.0021922202043914638,0.03751314464691097,0.026934215188765744
2022-10-04 00:00:00-04:00,72.83663316399588,72.90828032850823,72.80080958173973,72.81871795654297,6219800,0.0,0.0,0.0,0.0003693544399201443,0.00036928624536045876,0.03706860295818483,0.026411359710890408
2022-10-05 00:00:00-04:00,72.73810508121882,72.77392865611715,72.68437313519544,72.74706268310547,7175900,0.0,0.0,0.0,-0.0009840227272369662,-0.0009845071954453861,0.0230170205959211,0.025495044845293444
2022-10-06 00:00:00-04:00,72.74708649176867,72.75603726393646,72.65752410888672,72.65752410888672,5100100,0.0,0.0,0.0,-0.0012308204746188656,-0.0012315785562446709,0.022624605472587753,0.025500352891120164
2022-10-07 00:00:00-04:00,72.59481336166182,72.61272856607184,72.56794738769531,72.56794738769531,4619000,0.0,0.0,0.0,-0.0012328622849461235,-0.0012336228848605123,0.023545400358046982,0.02559445317568278
2022-10-10 00:00:00-04:00,72.57691550030471,72.58587310380693,72.50526833758592,72.54109191894531,2934800,0.0,0.0,0.0,-0.0003700734238288872,-0.000370141917897477,0.010935623316240773,0.025551154328206857
2022-10-11 00:00:00-04:00,72.60376263836625,72.6485438116077,72.57689666748047,72.57689666748047,3836500,0.0,0.0,0.0,0.0004935788473541258,0.0004934570773819221,0.011702221601700459,0.023505992709963043
2022-10-12 00:00:00-04:00,72.59480553673436,72.65749508011514,72.58585476814267,72.64854431152344,8787600,0.0,0.0,0.0,0.0009871963025813724,0.0009867093447670755,0.015921838342794807,0.023931139757521154
2022-10-13 00:00:00-04:00,72.36199155629869,72.52319427995351,72.35303395147051,72.43363189697266,5751300,0.0,0.0,0.0,-0.002958248050080936,-0.0029626323144731417,0.024756762567196153,0.02560439580702096
2022-10-14 00:00:00-04:00,72.51424026021954,72.5321486381108,72.37990351175718,72.39781188964844,5506000,0.0,0.0,0.0,-0.0004945217626967091,-0.0004946440789106148,0.024145248670620654,0.025391499113025632
2022-10-17 00:00:00-04:00,72.52316710000048,72.53211786882362,72.46942832382187,72.47838592529297,4013800,0.0,0.0,0.0,0.0011129346805032192,0.0011123158278208678,0.026687340870805147,0.025842212180548975
2022-10-18 00:00:00-04:00,72.55003713725559,72.5589879065803,72.4694323847948,72.51421356201172,7012000,0.0,0.0,0.0,0.0004943216692998575,0.0004941995325917113,0.02668850816730984,0.02599812671043262
2022-10-19 00:00:00-04:00,72.40671825907351,72.43358422322514,72.37089469598934,72.37985229492188,4349100,0.0,0.0,0.0,-0.0018528955978395212,-0.0018546143323062657,0.02653505663696442,0.026524566889839545
2022-10-20 00:00:00-04:00,72.33511790105635,72.37989909202629,72.29930114746094,72.29930114746094,5797300,0.0,0.0,0.0,-0.0011128946095761982,-0.0011135143366188007,0.018970738905425763,0.026097362450915058
2022-10-21 00:00:00-04:00,72.38883733620123,72.53212481021168,72.36197136186482,72.48735046386719,5180300,0.0,0.0,0.0,0.002600983874279761,0.002597607169624857,0.028186880422948517,0.02776906489928591
2022-10-24 00:00:00-04:00,72.45152064564797,72.51421019124858,72.424654673626,72.46942901611328,3680100,0.0,0.0,0.0,-0.0002472355195661802,-0.00024726608730563885,0.02719547064767103,0.02663969313122755
2022-10-25 00:00:00-04:00,72.57691550030471,72.62168985251682,72.52318354459037,72.54109191894531,5113300,0.0,0.0,0.0,0.0009888708080767472,0.0009883821974278886,0.02800339734251144,0.026872989411812178
2022-10-26 00:00:00-04:00,72.55897859415542,72.63958333627116,72.55002782597947,72.603759765625,6039900,0.0,0.0,0.0,0.0008638944496410783,0.0008635215076039329,0.022273666064403633,0.02192531849267739
2022-10-27 00:00:00-04:00,72.68437926909097,72.76497719492775,72.64855569116945,72.75601959228516,4010800,0.0,0.0,0.0,0.002097134186324068,0.0020949382699779035,0.017750365980781124,0.022776789258338277
2022-10-28 00:00:00-04:00,72.66645268135461,72.71123385490421,72.62167150780502,72.64854431152344,4464100,0.0,0.0,0.0,-0.0014772012180435112,-0.0014782933554330971,0.02155496141097063,0.02320217716767311
2022-10-31 00:00:00-04:00,72.55004952244754,72.56795789680248,72.50526833758592,72.54109191894531,6845900,0.0,0.0,0.0,-0.0014790715161112633,-0.0014801664221488803,0.025466674075945574,0.022264445397570536
2022-11-01 00:00:00-04:00,72.64962214066612,72.65858851649983,72.4701919555664,72.4701919555664,5349700,0.141,0.0,0.0,-0.0009773765668998902,-0.0009778545108228242,0.02544893071323237,0.022343539369767594
2022-11-02 00:00:00-04:00,72.51505621308884,72.63168070802396,72.38945849713959,72.43431091308594,5714700,0.0,0.0,0.0,-0.0004951144948321939,-0.0004952371044859051,0.0236536183638924,0.022194195145877955
2022-11-03 00:00:00-04:00,72.2728232059405,72.34459528100494,72.2728232059405,72.29973602294922,4834000,0.0,0.0,0.0,-0.0018578887331197613,-0.0018596167490313163,0.008390731807337482,0.022681326744835268
2022-11-04 00:00:00-04:00,72.33564152333132,72.407413617707,72.2818158748314,72.38050079345703,4347200,0.0,0.0,0.0,0.001117082508879097,0.001116459036483483,0.01837772083021593,0.022858157732820576
2022-11-07 00:00:00-05:00,72.34462370404718,72.34462370404718,72.3087376524159,72.31771087646484,4391400,0.0,0.0,0.0,-0.0008674976865850059,-0.0008678741804572444,0.01730670833742923,0.0229957130439237
2022-11-08 00:00:00-05:00,72.3535716635362,72.40739729990592,72.34459844262054,72.38945770263672,7092100,0.0,0.0,0.0,0.000992105879767502,0.0009916140679885267,0.020134023023415035,0.023248382976378167
2022-11-09 00:00:00-05:00,72.41637657386698,72.52402785560466,72.39843013053559,72.50608825683594,4587600,0.0,0.0,0.0,0.0016111538599765662,0.0016098573440006408,0.023591515643406502,0.023745635620283846
2022-11-10 00:00:00-05:00,72.82008019725278,72.92773832004596,72.81111382044186,72.90082550048828,6631600,0.0,0.0,0.0,0.005444194455147988,0.0054294283971322264,0.03676208233953727,0.028560688797885647
2022-11-11 00:00:00-05:00,72.83803637021163,72.91877483967028,72.82008992506746,72.88288879394531,4246000,0.0,0.0,0.0,-0.0002460425711208192,-0.0002460728445600261,0.03922047742755681,0.0284798541082239
2022-11-14 00:00:00-05:00,72.81112486938703,72.8200912475586,72.76626560027529,72.8200912475586,7192100,0.0,0.0,0.0,-0.000861622630851766,-0.0008619940409896763,0.03919921991972126,0.028627019591194187
2022-11-15 00:00:00-05:00,72.891845703125,72.90081892368886,72.8290468483017,72.891845703125,21231100,0.0,0.0,0.0,0.0009853661858576501,0.0009848810312746588,0.03920353669854716,0.028738467476747246
2022-11-16 00:00:00-05:00,72.92773832004596,72.93671154141934,72.88287905774152,72.90082550048828,8253300,0.0,0.0,0.0,0.00012319344196409787,0.000123185854275189,0.040079995319430066,0.027645597811957294
2022-11-17 00:00:00-05:00,72.83805479773508,72.83805479773508,72.77525591296954,72.81114196777344,5450000,0.0,0.0,0.0,-0.0012302128556039849,-0.0012309701886232935,0.013748259933969756,0.02773150725447268
2022-11-18 00:00:00-05:00,72.80213401384663,72.82904683096994,72.73036193847656,72.73036193847656,4372600,0.0,0.0,0.0,-0.0011094459874373408,-0.0011100618782107,0.015053423898551696,0.026858338286283864
2022-11-21 00:00:00-05:00,72.78420573944328,72.79317896224468,72.70346726792125,72.71244049072266,3435700,0.0,0.0,0.0,-0.0002464094399676764,-0.00024643980376178173,0.014537375726180626,0.02685816876582441
2022-11-22 00:00:00-05:00,72.757277389465,72.77522383123812,72.72139135048087,72.76625061035156,3421500,0.0,0.0,0.0,0.0007400400710766419,0.0007397663764449148,0.013220271859735754,0.02677177914314384
2022-11-23 00:00:00-05:00,72.75729132381342,72.83803663813244,72.73935172316662,72.82906341552734,4071000,0.0,0.0,0.0,0.0008632134354720211,0.0008628410810199348,0.015684109063439994,0.02677154052416474
2022-11-25 00:00:00-05:00,72.81111513405834,72.84699433107426,72.80214191252307,72.83802795410156,1539000,0.0,0.0,0.0,0.0001230901257520678,0.0001230825507841351,0.012729543145843644,0.025771778717888105
2022-11-28 00:00:00-05:00,72.85595703125,72.89184306764608,72.83801743533276,72.85595703125,4330000,0.0,0.0,0.0,0.0002461499528754185,0.0002461196629462427,0.007245900105711979,0.025128563086026998
2022-11-29 00:00:00-05:00,72.85597623877922,72.8739226839894,72.82906341552734,72.82906341552734,4708500,0.0,0.0,0.0,-0.0003691340669799148,-0.00036920221373032473,0.007900041508871875,0.024478307206656464
2022-11-30 00:00:00-05:00,72.79316947998964,73.04436492919922,72.7662566596547,73.04436492919922,10368900,0.0,0.0,0.0,0.0029562581691249257,0.0029518970309298314,0.02066548485847635,0.025910988047270104
2022-12-01 00:00:00-05:00,73.08481410208456,73.20167541503906,73.0578397759005,73.20167541503906,23602200,0.165,0.0,0.0,0.002153629318186523,0.002151313582794184,0.022959357072854698,0.026404039640263853
2022-12-02 00:00:00-05:00,73.07583144859011,73.1926927755991,73.0308810913381,73.18370819091797,5163300,0.0,0.0,0.0,-0.0002454482635707578,-0.00024547839092570824,0.023994145217281618,0.02505729289867595
2022-12-05 00:00:00-05:00,73.10280437867115,73.11179582248532,72.9769515991211,72.9769515991211,6591300,0.0,0.0,0.0,-0.002825172390247044,-0.0028291707221913204,0.036371176164361974,0.02775888169820826
2022-12-06 00:00:00-05:00,73.01291019678024,73.07583658628022,73.00391875300537,73.05785369873047,4237200,0.0,0.0,0.0,0.001108597959171842,0.0011079839182287594,0.03608318272309212,0.027435293462483662
2022-12-07 00:00:00-05:00,73.14774409057708,73.21965505523552,73.12976120556664,73.2106704711914,5160400,0.0,0.0,0.0,0.0020917227200665245,0.002089538113960761,0.03295780467379663,0.02796378826953855
2022-12-08 00:00:00-05:00,73.16571563634834,73.19268310375136,73.12975672699075,73.13874816894531,4121000,0.0,0.0,0.0,-0.0009824019064870182,-0.0009828847795161132,0.030188529805427175,0.02819219997128152
2022-12-09 00:00:00-05:00,73.12975830050281,73.17470865278216,73.10279083251953,73.10279083251953,4623400,0.0,0.0,0.0,-0.00049163182753309,-0.0004917527180840638,0.030277474616219036,0.021217381300256837
2022-12-12 00:00:00-05:00,73.1387629757802,73.14775441955507,73.03088622586792,73.05785369873047,4593800,0.0,0.0,0.0,-0.0006147116037199529,-0.0006149006163606385,0.020912606863653434,0.02134612722314167
2022-12-13 00:00:00-05:00,73.34550868279298,73.37248301062725,73.2556148320623,73.27359771728516,5790700,0.0,0.0,0.0,0.002953057168149975,0.0029487054599545356,0.028544232675635526,0.023229368178083673
2022-12-14 00:00:00-05:00,73.3365269433427,73.37248585672204,73.20168273278553,73.28258514404297,5651700,0.0,0.0,0.0,0.00012265573191161394,0.0001226482103123671,0.025256755822560584,0.023098916484405055
2022-12-15 00:00:00-05:00,73.32854229105233,73.33755374301298,73.25646442281486,73.2925033569336,6162800,0.181,0.0,0.0,0.0001353420170853159,0.00013533285918081173,0.023123876728860987,0.023097944151201696
2022-12-16 00:00:00-05:00,73.24745687123162,73.40962863132096,73.23844541963678,73.36457824707031,3987700,0.0,0.0,0.0,0.0009833869336637324,0.000982903725494202,0.021789077678564406,0.022521677540991356
2022-12-19 00:00:00-05:00,73.33754150340766,73.33754150340766,73.27447509765625,73.27447509765625,4845600,0.0,0.0,0.0,-0.001228156033428296,-0.0012289108351223146,0.024425027846408244,0.0226294622166125
2022-12-20 00:00:00-05:00,73.2384361695522,73.29249112484693,73.22041326863882,73.27447509765625,3735600,0.0,0.0,0.0,0.0,0.0,0.012571828492780138,0.02255669155287126
2022-12-21 00:00:00-05:00,73.35557745515634,73.36458890806068,73.31953851726352,73.34657287597656,5219300,0.0,0.0,0.0,0.0009839412459007324,0.0009834574930099827,0.01443821166184624,0.022623976009496238
2022-12-22 00:00:00-05:00,73.32852588919863,73.382580841424,73.30149841308594,73.30149841308594,6612800,0.0,0.0,0.0,-0.0006145408179717426,-0.0006147297255784742,0.0155093846446935,0.0228283192981186
2022-12-23 00:00:00-05:00,73.25646096057463,73.28348844145535,73.2474563827634,73.26547241210938,2737200,0.0,0.0,0.0,-0.00049147700601615,-0.000491597820426496,0.013117118580495543,0.023003733867661257
2022-12-27 00:00:00-05:00,73.20240550932293,73.21141696079741,73.12132306722295,73.16636657714844,3969500,0.0,0.0,0.0,-0.0013526949557286505,-0.0013536106734345793,0.013706752484142734,0.02373591759561151
2022-12-28 00:00:00-05:00,73.18438948009742,73.20240550932293,73.16636657714844,73.16636657714844,4308900,0.0,0.0,0.0,0.0,0.0,0.013706752484142734,0.023651724356124778
2022-12-29 00:00:00-05:00,73.21143151665011,73.22944754945755,73.18440403057652,73.2204360961914,4149000,0.0,0.0,0.0,0.0007389941795996613,0.0007387212578510323,0.0123056101279904,0.02147385201173682
2022-12-30 00:00:00-05:00,73.15736042943678,73.22042684688344,73.12132836837351,73.13033294677734,6051600,0.0,0.0,0.0,-0.001230573788111422,-0.0012313315657667546,0.013840464542932595,0.020566594647861203
2023-01-03 00:00:00-05:00,73.2384555418442,73.2474669946845,73.1663776665708,73.19340515136719,7190500,0.0,0.0,0.0,0.0008624629760094482,0.0008620912685242304,0.01672720379828726,0.020800164146206626
2023-01-04 00:00:00-05:00,73.30151134452484,73.31952737387081,73.22943347969391,73.26547241210938,4098500,0.0,0.0,0.0,0.0009846141273677222,0.0009841297128260072,0.01464903361552256,0.018145702337702428
2023-01-05 00:00:00-05:00,73.13933909644845,73.20240550932293,73.11231161574845,73.16636657714844,4879300,0.0,0.0,0.0,-0.0013526949557286505,-0.0013536106734345793,0.018788862711953624,0.01860484270789819
2023-01-06 00:00:00-05:00,73.23845578160919,73.45468253441277,73.2114282967243,73.44567108154297,6357400,0.0,0.0,0.0,0.0038173892932078513,0.0038101215526912488,0.033422444686819916,0.02181707741125853
2023-01-09 00:00:00-05:00,73.45466430590162,73.53575361415767,73.45466430590162,73.51773071289062,6204800,0.0,0.0,0.0,0.0009811283672205295,0.0009806473753681717,0.029136541574775073,0.02156389333819621
2023-01-10 00:00:00-05:00,73.45466613769531,73.4726890394118,73.40962263085007,73.45466613769531,3993000,0.0,0.0,0.0,-0.0008578144970442514,-0.0008581826304417541,0.0322583145200144,0.021771206313420728
2023-01-11 00:00:00-05:00,73.45466430590162,73.52674216352415,73.4456528552681,73.51773071289062,6779700,0.0,0.0,0.0,0.000858550974516703,0.0008581826304418139,0.03220418786033184,0.02163080557714866
2023-01-12 00:00:00-05:00,73.643877446213,73.68892783417272,73.58982247964065,73.67991638183594,5571100,0.0,0.0,0.0,0.0022060755599040416,0.002203645748125434,0.027563958438056674,0.020558300400008833
2023-01-13 00:00:00-05:00,73.62587274317548,73.6619116843433,73.53577882711853,73.55379486083984,4546500,0.0,0.0,0.0,-0.0017117489702687116,-0.0017132156865430083,0.024843216875485404,0.021738667180276512
2023-01-17 00:00:00-05:00,73.57181132107624,73.62586629122845,73.56279986814268,73.59883880615234,5843400,0.0,0.0,0.0,0.0006123945800176056,0.000612207142976503,0.024334569528600216,0.02178992988118804
2023-01-18 00:00:00-05:00,73.75200539200534,73.77903287937353,73.72497790463714,73.76101684570312,4551600,0.0,0.0,0.0,0.0022035407376186367,0.002201116502341742,0.025459640467521732,0.022772979937908944
2023-01-19 00:00:00-05:00,73.75199240914272,73.77000843964169,73.71595347442081,73.74298095703125,4791800,0.0,0.0,0.0,-0.0002445178963517147,-0.000244547795726587,0.02657203015760384,0.022174243783076697
2023-01-20 00:00:00-05:00,73.67090492949917,73.68892783417272,73.63487286760036,73.67991638183594,4042100,0.0,0.0,0.0,-0.0008551942758058262,-0.0008555601630485019,0.023747974195264004,0.022542482805867733
2023-01-23 00:00:00-05:00,73.63486821760779,73.6528842474195,73.58981783249298,73.60783386230469,5559300,0.0,0.0,0.0,-0.00097831977926921,-0.0009787986464134064,0.020804047481324427,0.022800798353283497
2023-01-24 00:00:00-05:00,73.60782282648445,73.66188465526163,73.5807953489572,73.63485717773438,4179100,0.0,0.0,0.0,0.00036712553558149175,0.000367058161491382,0.02052987426331692,0.022613283691971863
2023-01-25 00:00:00-05:00,73.66190035088654,73.70694386512211,73.65288889854976,73.67991638183594,3169400,0.0,0.0,0.0,0.0006119276362932524,0.0006117404849220614,0.011269619263083914,0.022486587144009633
2023-01-26 00:00:00-05:00,73.66188465526163,73.67990068237224,73.62584572731774,73.63485717773438,5417000,0.0,0.0,0.0,-0.0006115534098607434,-0.0006117404849221155,0.011616250238931945,0.021918249699628464
2023-01-27 00:00:00-05:00,73.61683427690109,73.63485717773438,73.59881824979048,73.63485717773438,3822700,0.0,0.0,0.0,0.0,0.0,0.010547065125391664,0.021918249699628464
2023-01-30 00:00:00-05:00,73.58082884048669,73.58082884048669,73.55380135065742,73.56281280517578,6446200,0.0,0.0,0.0,-0.0009784003842731037,-0.0009788793303552481,0.010547477347788206,0.022326866608378553
2023-01-31 00:00:00-05:00,73.64387517309096,73.69793701171875,73.59883166024571,73.69793701171875,7241100,0.0,0.0,0.0,0.0018368548100633486,0.0018351698552960386,0.017627564508872463,0.022312713190680244
2023-02-01 00:00:00-05:00,73.69073780450387,73.82613372802734,73.59144791968816,73.82613372802734,8447400,0.152,0.0,0.0,0.0017394885326058596,0.0017379773746025457,0.020912777079511505,0.022772709616548776
2023-02-02 00:00:00-05:00,73.88024851333846,73.8892767396567,73.80803647583046,73.83512115478516,10328800,0.0,0.0,0.0,0.00012173774114887514,0.00012173033171139781,0.019267445994023105,0.022700576919629595
2023-02-03 00:00:00-05:00,73.65458502151726,73.6816628117327,73.56432342529297,73.56432342529297,7167500,0.0,0.0,0.0,-0.0036676005301663483,-0.003674342667015479,0.03606303058395727,0.02626298185989181
2023-02-06 00:00:00-05:00,73.42896255425511,73.45604035736488,73.35675048828125,73.35675048828125,4079000,0.0,0.0,0.0,-0.00282165222687758,-0.0028256405918082785,0.04068147582683917,0.02491654394704872
2023-02-07 00:00:00-05:00,73.4109016107662,73.49213500751372,73.35673912641396,73.3928451538086,4900000,0.0,0.0,0.0,0.0004920428629551221,0.000491921849559854,0.03661001004169264,0.024705236658815216
2023-02-08 00:00:00-05:00,73.41090816163128,73.43798596296342,73.37480213101469,73.41992950439453,5112700,0.0,0.0,0.0,0.00036903257434950376,0.0003689644985766418,0.03149194984067055,0.024578976059636378
2023-02-09 00:00:00-05:00,73.45603005916944,73.46505828778086,73.34771886191501,73.36576843261719,4328600,0.0,0.0,0.0,-0.0007376889646032447,-0.0007379611909946633,0.029942116638149722,0.024472931941172494
2023-02-10 00:00:00-05:00,73.39287287605543,73.40190110794443,73.3296890258789,73.3296890258789,5046300,0.0,0.0,0.0,-0.0004917743998199553,-0.0004918953605086534,0.021135713981440638,0.022922345024427224
2023-02-13 00:00:00-05:00,73.30259065428986,73.34772491455078,73.30259065428986,73.34772491455078,4934400,0.0,0.0,0.0,0.0002459561592509374,0.00024592591699354536,0.00877350176652755,0.022296887827548434
2023-02-14 00:00:00-05:00,73.2574656233384,73.2845434257524,73.19427490234375,73.19427490234375,7889600,0.0,0.0,0.0,-0.0020920895963140174,-0.0020942810727970903,0.015663658212175077,0.023138319702508733
2023-02-15 00:00:00-05:00,73.20332336425781,73.23942940629613,73.18527378650033,73.20332336425781,5025800,0.0,0.0,0.0,0.00012362253640918475,0.00012361489577312736,0.014840356715855466,0.021287727209198984
2023-02-16 00:00:00-05:00,73.22133901812411,73.26646638062743,73.18523299620972,73.21231079101562,6081600,0.0,0.0,0.0,0.00012277348001110688,0.00012276594396422135,0.015542932611407486,0.021358206107045717
2023-02-17 00:00:00-05:00,73.2032930117828,73.27550506591797,73.18524344150926,73.27550506591797,3773700,0.0,0.0,0.0,0.000863164599226085,0.0008627922868925536,0.017932282806468358,0.0216982569933976
2023-02-21 00:00:00-05:00,73.18521257087836,73.20326213353832,73.13105010986328,73.13105010986328,6391400,0.0,0.0,0.0,-0.0019713948873465448,-0.0019733406439043787,0.021435747772249797,0.022400603433633703
2023-02-22 00:00:00-05:00,73.18524700943215,73.21232480942281,73.14914098060433,73.16719055175781,3889600,0.0,0.0,0.0,0.000494187377868105,0.0004940653075013167,0.017532161631687027,0.02245706167750977
2023-02-23 00:00:00-05:00,73.18523299620972,73.22133901812411,73.15815520140382,73.21231079101562,4072900,0.0,0.0,0.0,0.000616673114240962,0.0006164830495105735,0.018217486481989644,0.022459672925630364
2023-02-24 00:00:00-05:00,73.09499733111763,73.10401867490886,73.03181349196905,73.05889129638672,4189600,0.0,0.0,0.0,-0.0020955423066325585,-0.0020977410276242434,0.02350713822414529,0.023318810241791645
2023-02-27 00:00:00-05:00,73.11302682587718,73.12205505371094,73.085949028896,73.12205505371094,3246600,0.0,0.0,0.0,0.0008645594834990611,0.000864185967217999,0.023511931429301882,0.023710000860569524
2023-02-28 00:00:00-05:00,73.07691848073405,73.12205273194965,73.04984068461263,73.10399627685547,3978100,0.0,0.0,0.0,-0.0002469675782799108,-0.0002469980797942983,0.019111004706697094,0.023594062141646447
2023-03-01 00:00:00-05:00,73.04251059955742,73.06964267108793,72.96110748464245,72.97015380859375,5386100,0.162,0.0,0.0,-0.0018308502281439987,-0.0018325282829137158,0.021711751073230857,0.02274067543149255
2023-03-02 00:00:00-05:00,72.95205086830461,73.00631499857715,72.93395822466591,72.99726867675781,6623600,0.0,0.0,0.0,0.000371588474860296,0.000371519452960937,0.020946533659395344,0.021439015999419424
2023-03-03 00:00:00-05:00,73.05152751898778,73.05152751898778,72.97013132947104,73.04248809814453,6045000,0.0,0.0,0.0,0.0006194673061941103,0.0006192755155236678,0.017156979046426955,0.021720961265431056
2023-03-06 00:00:00-05:00,73.07868155166022,73.07868155166022,72.99727844503651,73.0063247680664,3862300,0.0,0.0,0.0,-0.0004950999208780393,-0.0004952225233125065,0.015225237451179343,0.018311142573542202
2023-03-07 00:00:00-05:00,73.03346228161983,73.04250860532414,72.84353088576833,72.85257720947266,6748700,0.0,0.0,0.0,-0.002105948478877573,-0.002108169106608233,0.019741425465538004,0.017187126830829673
2023-03-08 00:00:00-05:00,72.88875614605234,72.92493454424047,72.78927417643989,72.81640625,7627900,0.0,0.0,0.0,-0.000496495262873875,-0.0004966185574587103,0.016951213179710403,0.01690507547386753
2023-03-09 00:00:00-05:00,72.94302353005783,73.06964446719499,72.9249308817105,73.05155181884766,6480300,0.0,0.0,0.0,0.0032292937945925804,0.003224090823658679,0.03137561752934283,0.021135967098194625
2023-03-10 00:00:00-05:00,73.34097347582723,73.45855499133685,73.25957725769626,73.44950866699219,10588600,0.0,0.0,0.0,0.005447616624645768,0.005432832030762765,0.04944447282438651,0.029135309866892795
2023-03-13 00:00:00-04:00,74.02834538439568,74.20923736030002,73.88363870399553,74.18209838867188,12061400,0.0,0.0,0.0,0.009974058846344835,0.009924646212770862,0.07644412382359315,0.04556517586059177
2023-03-14 00:00:00-04:00,73.8745860706609,73.99216066971445,73.70274043330954,73.90171813964844,18453100,0.0,0.0,0.0,-0.003779621433117275,-0.003786782251355446,0.084296283831354,0.048127415455205755
2023-03-15 00:00:00-04:00,74.39011771582675,74.53483128736814,74.17305425883754,74.33585357666016,13411600,0.0,0.0,0.0,0.00587449720981259,0.0058573096304871146,0.08028168577791303,0.05092520415264076
2023-03-16 00:00:00-04:00,74.38108373092938,74.4263084546187,74.00122089310553,74.03739929199219,8516600,0.0,0.0,0.0,-0.004014943937654336,-0.0040230254635674634,0.09964801962871138,0.053676172538496054
2023-03-17 00:00:00-04:00,74.1730767386459,74.49867547297114,74.16403041260216,74.4082260131836,8629700,0.0,0.0,0.0,0.0050086405618992025,0.004996139048109203,0.09893171532210877,0.05588995186012065
2023-03-20 00:00:00-04:00,74.4805636073924,74.4986562548126,74.24540749319215,74.31776428222656,4907700,0.0,0.0,0.0,-0.0012157490616830913,-0.00121648868409786,0.0756241890783627,0.05635211155296185
2023-03-21 00:00:00-04:00,74.08262401568152,74.16402023793347,74.01930664238684,74.03739929199219,4840900,0.0,0.0,0.0,-0.0037725164762716368,-0.003779650364011389,0.0755996136798179,0.05783302936660976
2023-03-22 00:00:00-04:00,74.01025653853299,74.39916564504152,73.96503182136941,74.38107299804688,8003600,0.0,0.0,0.0,0.004641893277467668,0.004631152915119975,0.070270275218962,0.05955940638322837
2023-03-23 00:00:00-04:00,74.43536043284638,74.63433129134894,74.38108938023245,74.59815979003906,4930700,0.0,0.0,0.0,0.0029185756973133525,0.002914324924056771,0.06115695349620189,0.06000898168656603
2023-03-24 00:00:00-04:00,74.79711481344954,74.83329320742475,74.58909767349597,74.63431549072266,8638700,0.0,0.0,0.0,0.00048467282283315427,0.000484555406897901,0.0527341933900969,0.05896498088882507
2023-03-27 00:00:00-04:00,74.37203532416397,74.42629946577819,74.29967853512956,74.31776428222656,3942500,0.0,0.0,0.0,-0.004241362788882874,-0.004250382882063154,0.06276004726067322,0.061916887046104714
2023-03-28 00:00:00-04:00,74.26351360648857,74.29064568221541,74.20924945503488,74.23638153076172,9564900,0.0,0.0,0.0,-0.0010950645818109672,-0.0010956646031115157,0.05500297237743635,0.06218307031429392
2023-03-29 00:00:00-04:00,74.16401905144825,74.25446159705596,74.1549727267903,74.20924377441406,4047500,0.0,0.0,0.0,-0.0003655587164685947,-0.00036562554934424426,0.041257011353580786,0.06158292924954477
2023-03-30 00:00:00-04:00,74.13687314238491,74.21826934814453,74.13687314238491,74.21826934814453,4077300,0.0,0.0,0.0,0.00012162330824860845,0.00012161591273369237,0.030097211501231506,0.06161503582967242
2023-03-31 00:00:00-04:00,74.19113432735277,74.3087158203125,74.17304858245562,74.3087158203125,6451500,0.0,0.0,0.0,0.0012186550961421627,0.0012179131387527451,0.03274246801155514,0.061623700444213426
2023-04-03 00:00:00-04:00,74.23619627842741,74.39935302734375,74.20900463952015,74.39935302734375,9610600,0.18,0.0,0.0,0.001219738573472684,0.0012189952967196986,0.016029993194223213,0.06142132920866748
2023-04-04 00:00:00-04:00,74.3268624899648,74.59879280184983,74.3268624899648,74.57159423828125,4905400,0.0,0.0,0.0,0.00231509017120346,0.0023124144788034496,0.016675308996878194,0.06049930731834837
2023-04-05 00:00:00-04:00,74.72567010311812,74.87976067461913,74.66222063747222,74.67127990722656,7535500,0.0,0.0,0.0,0.0013367780314148536,0.0013358853391279488,0.012339275405171442,0.06017718973678061
2023-04-06 00:00:00-04:00,74.680361836987,74.72568585720657,74.62597854510315,74.64410400390625,4666600,0.0,0.0,0.0,-0.00036394050502519537,-0.00036400674744348135,0.015254819449360272,0.05997315960922141
2023-04-10 00:00:00-04:00,74.41749104515395,74.43562341780186,74.372173944482,74.38123321533203,3702300,0.0,0.0,0.0,-0.003521655086923703,-0.0035278707113468887,0.0363509279246221,0.059771372050478784
2023-04-11 00:00:00-04:00,74.41749422663277,74.41749422663277,74.30872764799099,74.37217712402344,2725400,0.0,0.0,0.0,-0.0001217523684015065,-0.00012175978082277152,0.035203019332365734,0.04854297081309766
2023-04-12 00:00:00-04:00,74.49002370723844,74.50814916854958,74.39938256973166,74.45376586914062,6091300,0.0,0.0,0.0,0.0010970331684807544,0.0010964318673190804,0.030786503992175532,0.04636822568764388
2023-04-13 00:00:00-04:00,74.5625186840552,74.59877651208744,74.48093684211428,74.49906921386719,3350600,0.0,0.0,0.0,0.0006084762026166146,0.0006082911560325294,0.028687835701184723,0.04160985878187731
2023-04-14 00:00:00-04:00,74.37217490784626,74.37217490784626,74.2905930608217,74.32685089111328,3161000,0.0,0.0,0.0,-0.0023116842206378774,-0.0023143602875490767,0.03147268539248199,0.039767219332966314
2023-04-17 00:00:00-04:00,74.2633873626476,74.27245354737323,74.19087171578802,74.21806335449219,3293300,0.0,0.0,0.0,-0.0014636371017583416,-0.001464709264840642,0.022609439361934377,0.03582385584200018
2023-04-18 00:00:00-04:00,74.218061366579,74.2724515580032,74.18180354412036,74.19993591308594,3581200,0.0,0.0,0.0,-0.00024424568072689556,-0.00024427551356096525,0.022517929216159065,0.035596981608488995
2023-04-19 00:00:00-04:00,74.17276295854478,74.19088841660346,74.12743894018665,74.13650512695312,5923200,0.0,0.0,0.0,-0.0008548630851529238,-0.0008552286889757604,0.017760898428413482,0.03299072301134291
2023-04-20 00:00:00-04:00,74.2905955256578,74.32685335715236,74.27247006764766,74.31778717041016,4592300,0.0,0.0,0.0,0.0024452466857805,0.002442261934748204,0.028701278473971154,0.02971068506611215
2023-04-21 00:00:00-04:00,74.39029368876668,74.39935987439438,74.26339475187228,74.2724609375,3348200,0.0,0.0,0.0,-0.0006098975041630705,-0.0006100835673026719,0.024046166624134332,0.027615172141842455
2023-04-24 00:00:00-04:00,74.31777659749184,74.3721667947329,74.31777659749184,74.35403442382812,1906000,0.0,0.0,0.0,0.0010983005719544803,0.0010976978811313876,0.021988928548754116,0.027906426096879836
2023-04-25 00:00:00-04:00,74.490013399919,74.67129564984818,74.48094721278017,74.64410400390625,3373400,0.0,0.0,0.0,0.003901194902548033,0.003893604975167438,0.03209983594910088,0.027173066332551635
2023-04-26 00:00:00-04:00,74.64410792660297,74.65317411421823,74.4990835021332,74.553466796875,4804200,0.0,0.0,0.0,-0.0012142580883079956,-0.0012149958969810805,0.03361220044029819,0.02725278009956292
2023-04-27 00:00:00-04:00,74.46282221453075,74.49001386064084,74.37218108900554,74.40843200683594,3452200,0.0,0.0,0.0,-0.0019453795547056396,-0.0019472742631951212,0.03702022758916465,0.02825723447466984
2023-04-28 00:00:00-04:00,74.47186478120871,74.489990234375,74.41747459076505,74.489990234375,4325300,0.0,0.0,0.0,0.0010960885122746067,0.0010954882458512824,0.03651306245948738,0.028461838947231595
2023-05-01 00:00:00-04:00,74.40915685586842,74.40915685586842,74.3183045725034,74.32738494873047,3339700,0.191,0.0,0.0,-0.0021829145786287363,-0.0021853006096244822,0.04079851207363856,0.02936890495369947
2023-05-02 00:00:00-04:00,74.35462386148065,74.627187584219,74.3455434872172,74.57267761230469,5394100,0.0,0.0,0.0,0.0033001653931914454,0.003294731798605565,0.037176055373705566,0.03136235467074694
2023-05-03 00:00:00-04:00,74.62718472181729,74.76346657795924,74.59992973690554,74.75437927246094,4568800,0.0,0.0,0.0,0.0024365714893717083,0.002433607862143823,0.03977831608515264,0.03147796986545769
2023-05-04 00:00:00-04:00,74.7543909927414,75.04512243002074,74.7543909927414,74.87250518798828,8624900,0.0,0.0,0.0,0.001580187230193042,0.0015789400480331589,0.033231098954804535,0.031613887757392455
2023-05-05 00:00:00-04:00,74.74531351336883,74.75440082148668,74.65446122694578,74.69080352783203,3375100,0.0,0.0,0.0,-0.002426814218384088,-0.002429763704879501,0.04238354320064112,0.03287002025135179
2023-05-08 00:00:00-04:00,74.590845292415,74.65444257017616,74.57267761230469,74.57267761230469,3166700,0.0,0.0,0.0,-0.0015815322629824102,-0.0015827842052973933,0.04010183028462499,0.030739418739430893
2023-05-09 00:00:00-04:00,74.57266374405597,74.58174411663074,74.51814685069674,74.55448913574219,4479100,0.0,0.0,0.0,-0.00024390268855656316,-0.00024393243765466073,0.03260360865335565,0.03075575736494173
2023-05-10 00:00:00-04:00,74.66352910122828,74.78163634967812,74.6453614213065,74.73621368408203,4931800,0.0,0.0,0.0,0.002437472920094441,0.0024345071014005197,0.032607935139151834,0.03167249187885625
2023-05-11 00:00:00-04:00,74.88159395050478,74.89068125844565,74.76348667361341,74.78165435791016,7866500,0.0,0.0,0.0,0.000608014128467893,0.0006078293627673289,0.030192734440779155,0.03167241118469405
2023-05-12 00:00:00-04:00,74.76346870783226,74.78163638776327,74.64536145932225,74.6544418334961,8635100,0.0,0.0,0.0,-0.001701119419011743,-0.001702567965650914,0.02717186509507558,0.031101477219482605
2023-05-15 00:00:00-04:00,74.6544487651764,74.67262337837828,74.6362810835585,74.66353607177734,3605100,0.0,0.0,0.0,0.00012181777879383127,0.00012181035961073563,0.02378568128079806,0.030464629703957965
2023-05-16 00:00:00-04:00,74.60901990410869,74.627187584219,74.51816070880697,74.57267761230469,6905300,0.0,0.0,0.0,-0.0012169053898720694,-0.0012176464204731118,0.025948912731390196,0.03088822111584264
2023-05-17 00:00:00-04:00,74.5544954036049,74.56358270852577,74.45455584422344,74.49089813232422,4660300,0.0,0.0,0.0,-0.001096641324931813,-0.0010972430760065456,0.015480253607085163,0.031014835248861
2023-05-18 00:00:00-04:00,74.40005148365164,74.4273064688851,74.33645420757912,74.35462188720703,4385700,0.0,0.0,0.0,-0.0018294348508874902,-0.0018311103105656933,0.012270837036850654,0.030694209789835773
2023-05-19 00:00:00-04:00,74.30012512207031,74.44549431126289,74.24561514191532,74.30012512207031,5650300,0.0,0.0,0.0,-0.0007329304319425578,-0.0007331991567640141,0.011397788914440186,0.03073113015908559
2023-05-22 00:00:00-04:00,74.31829489697061,74.37280487357596,74.25469761373638,74.27286529541016,4024300,0.0,0.0,0.0,-0.0003668880316872736,-0.00036695535156758036,0.008711895399287864,0.03048865324977734
2023-05-23 00:00:00-04:00,74.22742113992851,74.29101841069311,74.1910857837053,74.26376342773438,8964000,0.0,0.0,0.0,-0.00012254633828356898,-0.00012255384769958955,0.010632226469032202,0.026674369324865277
2023-05-24 00:00:00-04:00,74.27286743749345,74.28195474438442,74.15476017424756,74.17292785644531,5761400,0.0,0.0,0.0,-0.001223147967412852,-0.0012238966234282668,0.010867659690430477,0.026678632038221295
2023-05-25 00:00:00-04:00,74.10934664618271,74.15477625890739,74.00031973459495,74.00940704345703,7552600,0.0,0.0,0.0,-0.002204588894006765,-0.002207022577608344,0.013086665209196624,0.026911378931581367
2023-05-26 00:00:00-04:00,73.96395595296805,74.00029131128862,73.8912713731608,73.9912109375,3728700,0.0,0.0,0.0,-0.00024586206921439757,-0.0002458922982478201,0.013975443041076216,0.026426782190818367
2023-05-30 00:00:00-04:00,74.01845892976708,74.14565346662259,73.99120394780981,74.13656616210938,4441800,0.0,0.0,0.0,0.001964493117056154,0.0019625660238807865,0.02461830148393738,0.026678805106315064
2023-05-31 00:00:00-04:00,74.17293961964343,74.24562422313,74.127510009568,74.20928192138672,7230400,0.0,0.0,0.0,0.0009808352752451732,0.0009803545706289418,0.026482308152742176,0.02384693287820581
2023-06-01 00:00:00-04:00,74.27029414536052,74.35225679694865,74.26118486795869,74.32493591308594,5119300,0.197,0.0,0.0,0.0015584841775149183,0.0015572710013627943,0.02671395458280435,0.022715064757947934
2023-06-02 00:00:00-04:00,74.24295006038949,74.25205933579718,74.07901784475737,74.11544799804688,9465300,0.0,0.0,0.0,-0.00281854148228311,-0.00282252104980321,0.03057686182410032,0.02327866133453208
2023-06-05 00:00:00-04:00,74.05172027258676,74.21565253981197,74.02439938610647,74.1336898803711,5934100,0.0,0.0,0.0,0.0002461279371164249,0.0002460976526048513,0.03023337280088321,0.022266480983663312
2023-06-06 00:00:00-04:00,74.13365915356161,74.151870754219,74.06990812874987,74.09722900390625,4313400,0.0,0.0,0.0,-0.0004918260041242295,-0.0004919469902044224,0.027012855756112078,0.021813626165204054
2023-06-07 00:00:00-04:00,74.08812739018984,74.11544826817122,73.9970554808048,74.04259490966797,6869400,0.0,0.0,0.0,-0.000737329789153085,-0.0007376017504537343,0.025365568354666367,0.021861403959691154
2023-06-08 00:00:00-04:00,74.14278387894586,74.1974256406456,74.11545604975396,74.16099548339844,4306300,0.0,0.0,0.0,0.0015990873074467338,0.0015978101287039117,0.02556879869295008,0.020613830027830588
2023-06-09 00:00:00-04:00,74.08812694654927,74.08812694654927,74.02437591552734,74.02437591552734,4022200,0.0,0.0,0.0,-0.0018422024540066806,-0.001843901395797912,0.020230239768728245,0.020880726998496118
2023-06-12 00:00:00-04:00,74.07903311773376,74.08814239501953,74.02439135070458,74.08814239501953,3824300,0.0,0.0,0.0,0.0008614254251189113,0.000861054611174484,0.02159715775969596,0.020919828820813564
2023-06-13 00:00:00-04:00,74.17010376770779,74.17010376770779,73.924201946664,73.95152282714844,4872200,0.0,0.0,0.0,-0.0018440139468293149,-0.0018457162335629139,0.024931300527729766,0.021451640325827866
2023-06-14 00:00:00-04:00,74.03350031807662,74.05171192422921,73.80581702528454,73.90599822998047,6175900,0.0,0.0,0.0,-0.0006156005370487883,-0.0006157900968588018,0.024840073475264835,0.02128249759323764
2023-06-15 00:00:00-04:00,74.03347014336028,74.06990028915986,73.99703999756069,74.060791015625,6384600,0.0,0.0,0.0,0.0020944549745860463,0.002092264661573884,0.0274261099264781,0.02294232243072881
2023-06-16 00:00:00-04:00,73.9333038170765,73.98794557257193,73.87866206158107,73.96062469482422,5079900,0.0,0.0,0.0,-0.0013524878606772095,-0.0013534032978887568,0.025830545202094764,0.02257700216311477
2023-06-20 00:00:00-04:00,73.96973395425982,74.04259426046553,73.96973395425982,73.98794555664062,4787500,0.0,0.0,0.0,0.00036939739123531545,0.00036932918081630664,0.0248072079564662,0.02261280302582834
2023-06-21 00:00:00-04:00,73.94241307651798,74.02437570974348,73.93330380115697,73.98794555664062,20688500,0.0,0.0,0.0,0.0,0.0,0.02051780468017924,0.022616443839556827
2023-06-22 00:00:00-04:00,73.96974927402854,74.0061794346764,73.89688895273284,73.90599822998047,4198700,0.0,0.0,0.0,-0.0011075767281228943,-0.001108190544501582,0.021851452995643693,0.02284590687487955
2023-06-23 00:00:00-04:00,74.04260977215331,74.06993065561878,73.94242856721813,73.9697494506836,3892900,0.0,0.0,0.0,0.000862598736637743,0.0008622269121557075,0.015132599346616125,0.022855622490168558
2023-06-26 00:00:00-04:00,74.0334851909137,74.04259446630005,73.97884343527812,74.02437591552734,3101500,0.0,0.0,0.0,0.0007384973620894186,0.0007382248070916885,0.012559210246081292,0.021680328885355173
2023-06-27 00:00:00-04:00,74.0152896234363,74.05171978795276,73.89689680001537,73.91511535644531,3574100,0.0,0.0,0.0,-0.0014760078383735387,-0.0014770982110074537,0.016840682424811862,0.022304380327207777
2023-06-28 00:00:00-04:00,73.95154612390755,73.99708557128906,73.90601362487014,73.99708557128906,4298900,0.0,0.0,0.0,0.0011089777029835712,0.0011083632414515153,0.019314475170273026,0.021470435543809462
2023-06-29 00:00:00-04:00,73.82399795500544,73.83310722846785,73.78756780949557,73.81489562988281,4646400,0.0,0.0,0.0,-0.002462123203902822,-0.0024651592136155412,0.02566853358671326,0.022632746209647624
2023-06-30 00:00:00-04:00,73.84223175048828,73.85133407749055,73.79669232211202,73.84223175048828,6958700,0.0,0.0,0.0,0.0003703333910074491,0.00037026483452251634,0.02454281132863152,0.021738072002610926
2023-07-03 00:00:00-04:00,73.7929240084473,73.8751023794373,73.74726858389289,73.75640106201172,3600000,0.206,0.0,0.0,-0.001162352307641279,-0.0011630283630119408,0.02291670006363149,0.01993866449029693
2023-07-05 00:00:00-04:00,73.80206497239412,73.81119048552246,73.72901907112407,73.73815155029297,6037200,0.0,0.0,0.0,-0.0002474295309420338,-0.0002474601466786873,0.022019853873673525,0.01985519035676192
2023-07-06 00:00:00-04:00,73.62857620755668,73.70162210238725,73.54640480040223,73.69248962402344,8592000,0.0,0.0,0.0,-0.0006192442488660577,-0.0006194360597752237,0.017021145338290005,0.019879487715029374
2023-07-07 00:00:00-04:00,73.74729127791569,73.83860215512333,73.73816576302845,73.77468872070312,3944100,0.0,0.0,0.0,0.0011154338399892438,0.0011148122058817506,0.01401562882899863,0.020387005120869245
2023-07-10 00:00:00-04:00,73.81120091458091,73.90251178709039,73.80207540016319,73.88424682617188,2858000,0.0,0.0,0.0,0.001485036499218717,0.001483934922969146,0.01806482037143226,0.02025858286080268
2023-07-11 00:00:00-04:00,73.87511444091797,73.90250491370672,73.8568494816982,73.87511444091797,3658500,0.0,0.0,0.0,-0.00012360395681354497,-0.0001236115964121445,0.014616070608872668,0.019290639418311144
2023-07-12 00:00:00-04:00,74.06685543758911,74.12163638369995,74.04859047819153,74.09424591064453,5068800,0.0,0.0,0.0,0.002966242034072364,0.0029618514184463077,0.022440016635460566,0.02194632572548423
2023-07-13 00:00:00-04:00,74.24944880086697,74.30422973632812,74.21292585521299,74.30422973632812,4954800,0.0,0.0,0.0,0.002834009889739919,0.0028300016548447908,0.020380157821544707,0.022976719466056585
2023-07-14 00:00:00-04:00,74.20382986595394,74.23122731319641,74.1125259399414,74.1125259399414,4248900,0.0,0.0,0.0,-0.002579984976184946,-0.0025833188729271804,0.0368110153223766,0.02492144170302546
2023-07-17 00:00:00-04:00,74.1490250576022,74.1672900165566,74.11250210573418,74.139892578125,4027500,0.0,0.0,0.0,0.0003692579336154189,0.00036918977468295143,0.03657656285022894,0.02385728741459705
2023-07-18 00:00:00-04:00,74.21293848186103,74.24032895425185,74.13076706468858,74.139892578125,2590600,0.0,0.0,0.0,0.0,0.0,0.036412830417296,0.02327536014262114
2023-07-19 00:00:00-04:00,74.18555535800343,74.20381335272562,74.13077440779541,74.16729736328125,7015800,0.0,0.0,0.0,0.0003696361594720532,0.0003695678608567655,0.03049779615743757,0.023275393808708824
2023-07-20 00:00:00-04:00,74.07598114013672,74.09424609958089,74.02120019388619,74.07598114013672,8745700,0.0,0.0,0.0,-0.0012312195049692942,-0.0012319780784148773,0.02032524160194035,0.023766185606888358
2023-07-21 00:00:00-04:00,74.0851058959961,74.10337085353602,74.04858294695651,74.0851058959961,3891900,0.0,0.0,0.0,0.00012318103275754666,0.00012317344659710537,0.010580105931406764,0.02336197934051967
2023-07-24 00:00:00-04:00,74.09424894371038,74.11250693781442,73.99381256103516,73.99381256103516,4127300,0.0,0.0,0.0,-0.0012322764995315039,-0.0012330363765336806,0.012320643936402212,0.02366275723516336
2023-07-25 00:00:00-04:00,73.96641455414209,73.9938050255293,73.94814959585692,73.98467254638672,3275700,0.0,0.0,0.0,-0.0001235240398094195,-0.00012353166953193415,0.012100947866197712,0.023511661672876414
2023-07-26 00:00:00-04:00,74.01206094123746,74.08510684024765,73.94814752111364,74.0577163696289,4339700,0.0,0.0,0.0,0.000987283186208554,0.0009867961427038842,0.01506724811215611,0.023119080810146176
2023-07-27 00:00:00-04:00,74.02118889992063,74.03944689053804,73.93901749308235,73.9481430053711,5591500,0.0,0.0,0.0,-0.0014795671488292417,-0.0014806627891521627,0.016106418702528914,0.023440525056400242
2023-07-28 00:00:00-04:00,74.03033362013291,74.06685657344723,74.00294314665744,74.04859161376953,6008600,0.0,0.0,0.0,0.0013583655290863028,0.0013574437852466184,0.02022801429035426,0.02207027312314537
2023-07-31 00:00:00-04:00,74.03033343105632,74.09424685768286,74.03033343105632,74.06685638427734,4066700,0.0,0.0,0.0,0.0002466592558989511,0.00024662884050608014,0.017550833492104935,0.022058927958864757
2023-08-01 00:00:00-04:00,74.03205448841818,74.06867313386557,73.99543584297079,74.00458526611328,4957400,0.212,0.0,0.0,-0.0008407420161182788,-0.0008410956379041336,0.0190525430815299,0.02183299930543676
2023-08-02 00:00:00-04:00,74.04121398925781,74.05952680662028,73.97713309707598,74.04121398925781,4046400,0.0,0.0,0.0,0.0004949520764534476,0.000494829628076841,0.017814197172667193,0.02180426449427898
2023-08-03 00:00:00-04:00,74.05036699304986,74.09614205005788,74.02290475256231,74.06867980957031,4109400,0.0,0.0,0.0,0.0003709531331628213,0.00037088434705974085,0.012459026499815815,0.02158944578423749
2023-08-04 00:00:00-04:00,74.15106041243904,74.23344712710355,74.15106041243904,74.21514129638672,3590400,0.0,0.0,0.0,0.0019773740694846165,0.0019754216387462254,0.01597046287123206,0.022251443366729858
2023-08-07 00:00:00-04:00,74.21516013029756,74.26093519514497,74.20600372046921,74.24262237548828,10383600,0.0,0.0,0.0,0.0003702893859867107,0.00037022084579130607,0.015895313850118345,0.021810575970693413
2023-08-08 00:00:00-04:00,74.260914750732,74.29753339566976,74.24260193611693,74.27922058105469,3017000,0.0,0.0,0.0,0.0004929541063529719,0.0004928326443926288,0.01101262953125281,0.021782962231243097
2023-08-09 00:00:00-04:00,74.27006285815631,74.29753207959233,74.2242947910141,74.23344421386719,3198100,0.0,0.0,0.0,-0.0006162741992903342,-0.0006164641742898265,0.014765028011374567,0.019502194201652587
2023-08-10 00:00:00-04:00,74.27006868894138,74.31584374396954,74.19683837890625,74.19683837890625,3867900,0.0,0.0,0.0,-0.0004931178304953265,-0.0004932394530771886,0.016485156507387723,0.016674569201752056
2023-08-11 00:00:00-04:00,74.13279075035089,74.17855884161902,74.1144779264069,74.1236343383789,3596100,0.0,0.0,0.0,-0.0009866194049065191,-0.0009871064341996408,0.010265025470133417,0.014283509639278404
2023-08-14 00:00:00-04:00,74.07783036864065,74.10529260954901,74.05036812773228,74.05952453613281,3217200,0.0,0.0,0.0,-0.0008649036547968558,-0.0008652778997690195,0.00928785132466961,0.014538900833030645
2023-08-15 00:00:00-04:00,74.08696746826172,74.15104834177802,74.0686616405248,74.08696746826172,4782100,0.0,0.0,0.0,0.0003705523671775346,0.00037048372960447743,0.008473733327178224,0.014616389628677144
2023-08-16 00:00:00-04:00,74.11447306188505,74.14193531170261,74.0503921508789,74.0503921508789,3794300,0.0,0.0,0.0,-0.0004936808541728954,-0.0004938027546874015,0.008428803415980879,0.014620413514972098
2023-08-17 00:00:00-04:00,74.13279724121094,74.1511030824618,74.06871632038808,74.13279724121094,6059400,0.0,0.0,0.0,0.0011128244961098321,0.0011122057659131313,0.014181576720830978,0.014536538882417294
2023-08-18 00:00:00-04:00,74.16024017333984,74.1968588305974,74.1419273525637,74.16024017333984,3090600,0.0,0.0,0.0,0.00037018611397621193,0.0003701176120018532,0.012437713778149293,0.014581941402605337
2023-08-21 00:00:00-04:00,74.11445373464714,74.12361014363039,74.07783508300781,74.07783508300781,2642200,0.0,0.0,0.0,-0.001111176152334692,-0.0011117939662645918,0.013699036850318529,0.014446286666273863
2023-08-22 00:00:00-04:00,74.06868321530153,74.08698904837058,74.04121398925781,74.04121398925781,2734400,0.0,0.0,0.0,-0.0004943596651949544,-0.0004944819012216078,0.013798725558565041,0.01456726149746383
2023-08-23 00:00:00-04:00,74.13277500927042,74.20600533660914,74.13277500927042,74.17854309082031,5509000,0.0,0.0,0.0,0.0018547656658145506,0.0018530477119169343,0.018940863012727217,0.015605039081110253
2023-08-24 00:00:00-04:00,74.12364082843723,74.18772174926009,74.12364082843723,74.13279724121094,3653100,0.0,0.0,0.0,-0.0006166992192522258,-0.0006168894564325068,0.018506935719282455,0.014736242913394123
2023-08-25 00:00:00-04:00,74.10527329599863,74.15104834177802,74.04119242248234,74.08696746826172,4682300,0.0,0.0,0.0,-0.0006182118394926217,-0.000618403011225679,0.018593260725067787,0.014202898579167907
2023-08-28 00:00:00-04:00,74.09617857441266,74.13279724121094,74.06871632038808,74.13279724121094,2798300,0.0,0.0,0.0,0.0006185942617891182,0.0006184030112256953,0.017242258914978045,0.014340138468782205
2023-08-29 00:00:00-04:00,74.09615490520574,74.29755401611328,74.09615490520574,74.29755401611328,5272000,0.0,0.0,0.0,0.002222454581961353,0.0022199885828150965,0.021192694183945003,0.015871540831725484
2023-08-30 00:00:00-04:00,74.34332209676862,74.3524785066174,74.28839760626448,74.29755401611328,4512400,0.0,0.0,0.0,0.0,0.0,0.018730122077778716,0.015845956232477358
2023-08-31 00:00:00-04:00,74.33415466575809,74.3799297239209,74.30669242457773,74.37077331542969,3948700,0.0,0.0,0.0,0.0009854873459296254,0.0009850020720697948,0.017054322606368643,0.01609580174119498
2023-09-01 00:00:00-04:00,74.4588861593375,74.4588861593375,74.32122587533625,74.33039855957031,4157300,0.206,0.0,0.0,-0.0005428847120916291,-0.0005430321273523492,0.016708624523557335,0.014850995963988717
2023-09-05 00:00:00-04:00,74.3028760102524,74.32123538516778,74.22945251469075,74.23863220214844,4130000,0.0,0.0,0.0,-0.001234573730266364,-0.001235336444229804,0.021474825693335635,0.015510053591314053
2023-09-06 00:00:00-04:00,74.26614933732431,74.26614933732431,74.1468414325512,74.15602111816406,5001100,0.0,0.0,0.0,-0.0011127775597943312,-0.0011133971564345963,0.01442472651077672,0.015873158414259857
2023-09-07 00:00:00-04:00,74.22944973678072,74.29369354248047,74.22027705171624,74.29369354248047,3130700,0.0,0.0,0.0,0.0018565238835701603,0.0018548026730880176,0.02170018387900246,0.017146183673314254
2023-09-08 00:00:00-04:00,74.32121705886414,74.33956942720421,74.25697326660156,74.25697326660156,3581600,0.0,0.0,0.0,-0.000494258316258156,-0.0004943805021623427,0.019892607161759588,0.017146655451130994
2023-09-11 00:00:00-04:00,74.25697722052648,74.27532958984375,74.24779753484356,74.27532958984375,2750500,0.0,0.0,0.0,0.00024719999260258696,0.00024716944371876783,0.020088672526569627,0.016719875544292658
2023-09-12 00:00:00-04:00,74.25699157706381,74.25699157706381,74.22945251469075,74.23863220214844,3358400,0.0,0.0,0.0,-0.0004940723642420375,-0.0004941944582097511,0.018159597601578824,0.016485396662144727
2023-09-13 00:00:00-04:00,74.24779996290592,74.32122344667327,74.24779996290592,74.30286407470703,3489500,0.0,0.0,0.0,0.0008652081895001995,0.0008648341126486307,0.015795367445546663,0.01667698818217985
2023-09-14 00:00:00-04:00,74.3395871304353,74.3487668178155,74.27534332287372,74.2845230102539,3349300,0.0,0.0,0.0,-0.00024684195799884456,-0.00024687242848932576,0.009242756049301658,0.01657410662429759
2023-09-15 00:00:00-04:00,74.26614747369713,74.30285921317882,74.24779510498047,74.24779510498047,4055900,0.0,0.0,0.0,-0.0004944220381999376,-0.0004945443050784869,0.009243280276746058,0.016326582672907007
2023-09-18 00:00:00-04:00,74.23863220214844,74.25699157706381,74.220279829283,74.23863220214844,2676700,0.0,0.0,0.0,-0.00012340976346936205,-0.00012341737908078883,0.008925761782377716,0.016303421273830387
2023-09-19 00:00:00-04:00,74.22025207829256,74.23860444429606,74.18354034423828,74.18354034423828,3162800,0.0,0.0,0.0,-0.0007420914997483541,-0.000742366985944428,0.009753195127128935,0.01600365398674526
2023-09-20 00:00:00-04:00,74.25698734832189,74.27533972014221,74.12849273738148,74.1376724243164,3583600,0.0,0.0,0.0,-0.0006183031937951888,-0.0006184944220436715,0.0040738050182716045,0.016067726706721203
2023-09-21 00:00:00-04:00,74.14685301171117,74.20191712989039,74.14685301171117,74.17438507080078,5170800,0.0,0.0,0.0,0.0004951955636569583,0.0004950729947958603,0.00792940905162844,0.014728759158221139
2023-09-22 00:00:00-04:00,74.21108336549878,74.27532715907964,74.20190368011627,74.24779510498047,3908000,0.0,0.0,0.0,0.0009896952176902118,0.0009892057922729635,0.011700232867444055,0.014942358734286605
2023-09-25 00:00:00-04:00,74.22943330315094,74.25697235839654,74.22026062011719,74.22026062011719,3439100,0.0,0.0,0.0,-0.00037084582544644196,-0.000370914605764689,0.011993143130488639,0.014814763802535947
2023-09-26 00:00:00-04:00,74.23861846749766,74.24779815325705,74.20190672650877,74.22943878173828,14216300,0.0,0.0,0.0,0.0001236611343642391,0.00012365348895644967,0.010297346833630688,0.014684269910424685
2023-09-27 00:00:00-04:00,74.25698825011924,74.25698825011924,74.13767332466476,74.17438507080078,5777600,0.0,0.0,0.0,-0.000741669502572706,-0.0007419446754648698,0.010878374021663478,0.012519584620600249
2023-09-28 00:00:00-04:00,74.2386202769228,74.30286407470703,74.21108822102224,74.30286407470703,4522600,0.0,0.0,0.0,0.001732120917262936,0.0017306225258408208,0.0160363969512363,0.014083358004975649
2023-09-29 00:00:00-04:00,74.3579113929942,74.37627076081404,74.31202697753906,74.31202697753906,6015100,0.0,0.0,0.0,0.00012331829931633287,0.00012331069623991895,0.014993110704771767,0.013610988523743867
2023-10-02 00:00:00-04:00,74.24671412305165,74.27431742858026,74.22830723925306,74.23751068115234,5671000,0.209,0.0,0.0,-0.001002748806855247,-0.001003251895782738,0.016977758406239104,0.013930838552747023
2023-10-03 00:00:00-04:00,74.25591849428531,74.28352882293903,74.18231201171875,74.18231201171875,6707600,0.0,0.0,0.0,-0.0007435414917220662,-0.0007438180557967632,0.017825924801209522,0.013484628243047731
2023-10-04 00:00:00-04:00,74.27434027888388,74.34795379638672,74.23753352013246,74.34795379638672,5927000,0.0,0.0,0.0,0.0022329013504163164,0.0022304121309616193,0.023089931364673664,0.015081577385885466
2023-10-05 00:00:00-04:00,74.42153930664062,74.43074274877594,74.40313944253944,74.42153930664062,4665400,0.0,0.0,0.0,0.0009897449290323657,0.0009892554544634505,0.02104078802977582,0.014043364132372815
2023-10-06 00:00:00-04:00,74.32033283391452,74.3663430308169,74.30193296725582,74.35713958740234,3456700,0.0,0.0,0.0,-0.0008653371031863699,-0.0008657117234682567,0.02272598404051664,0.01430615754672478
2023-10-09 00:00:00-04:00,74.48593678783931,74.57795715332031,74.48593678783931,74.57795715332031,4119300,0.0,0.0,0.0,0.0029696888172845437,0.002965288001997329,0.02736286149770832,0.017635570634929817
2023-10-10 00:00:00-04:00,74.49515278532851,74.55956283992123,74.47675292123178,74.5319595336914,5135700,0.0,0.0,0.0,-0.0006167723196592867,-0.0006169626019510254,0.026888982507045685,0.01770522052655115
2023-10-11 00:00:00-04:00,74.4859394819436,74.5135498046875,74.4583361793682,74.5135498046875,3131500,0.0,0.0,0.0,-0.00024700449470382857,-0.00024703500533830987,0.025092281030759476,0.017588919977819927
2023-10-12 00:00:00-04:00,74.44914963304657,74.45834605501244,74.41234288467476,74.42153930664062,5362000,0.0,0.0,0.0,-0.0012348156581997172,-0.001235578671239561,0.026956347470534204,0.018217127618263662
2023-10-13 00:00:00-04:00,74.4951402278463,74.4951402278463,74.44913706527443,74.46753692626953,3506100,0.0,0.0,0.0,0.0006180686405770075,0.0006178777148208729,0.02599220662799284,0.018169474332436365
2023-10-16 00:00:00-04:00,74.43994619091126,74.43994619091126,74.41234288467476,74.42153930664062,2967800,0.0,0.0,0.0,-0.000617686867694478,-0.0006178777148209616,0.010793606920975087,0.01835134327162694
2023-10-17 00:00:00-04:00,74.32032283565776,74.32032283565776,74.23751291657834,74.25591278076172,4245000,0.0,0.0,0.0,-0.0022255186794305493,-0.002227998826552551,0.016938096370203375,0.019964136602996604
2023-10-18 00:00:00-04:00,74.27431966511458,74.30192297147438,74.22830947440191,74.25591278076172,5232700,0.0,0.0,0.0,0.0,0.0,0.017474571919758142,0.019809864904478825
2023-10-19 00:00:00-04:00,74.27432965718256,74.3663430308169,74.265126213768,74.35713958740234,5556600,0.0,0.0,0.0,0.001363215437664822,0.0013622871030843256,0.02162993287746563,0.020284837265145312
2023-10-20 00:00:00-04:00,74.4307354194923,74.50434890898713,74.4307354194923,74.47674560546875,3660500,0.0,0.0,0.0,0.0016085344155258863,0.001607242109669616,0.024818239596772287,0.020748823536517625
2023-10-23 00:00:00-04:00,74.458325558825,74.52273559570312,74.43992569978874,74.52273559570312,4261800,0.0,0.0,0.0,0.0006175080538293187,0.0006173174741833216,0.02434555427058281,0.020713322888841878
2023-10-24 00:00:00-04:00,74.49514531367281,74.52274861713408,74.44914214796026,74.50434875488281,13761400,0.0,0.0,0.0,-0.00024672793709645813,-0.000246758379441351,0.01292926979211058,0.02077405714198999
2023-10-25 00:00:00-04:00,74.46754949714776,74.47675293928307,74.41234288467476,74.42153930664062,4773400,0.0,0.0,0.0,-0.001111471338601011,-0.0011120894809433907,0.017973585433908076,0.021032860045173803
2023-10-26 00:00:00-04:00,74.49514261683798,74.58715596510079,74.49514261683798,74.56875610351562,4710800,0.0,0.0,0.0,0.0019781477008748993,0.001976193743098721,0.020326310672690046,0.02129218171893514
2023-10-27 00:00:00-04:00,74.59636911795288,74.62397242400864,74.5687658118971,74.6147689819336,3858100,0.0,0.0,0.0,0.0006170530503968319,0.0006168627514423394,0.01824453584506708,0.021346968651190554
2023-10-30 00:00:00-04:00,74.55956252640578,74.5963692746139,74.54116266238643,74.58716583251953,4816700,0.0,0.0,0.0,-0.0003699421681617743,-0.00037001061364676767,0.018743627855520695,0.020987601828104652
2023-10-31 00:00:00-04:00,74.54117044655918,74.57797719861095,74.54117044655918,74.5595703125,3917400,0.0,0.0,0.0,-0.00036997678771566456,-0.00037004524601323013,0.018937097861431277,0.020797431617635056
2023-11-01 00:00:00-04:00,74.55955630524603,74.75333647815964,74.55955630524603,74.72565460205078,7362900,0.23,0.0,0.0,0.0022275381799368166,0.002225060894914507,0.019756597348445724,0.020790672522989852
2023-11-02 00:00:00-04:00,74.79945666019066,74.81791593425959,74.70718141029691,74.73486328125,7828400,0.0,0.0,0.0,0.00012323316869222722,0.0001232255761090599,0.017095331746262658,0.020610827137976455
2023-11-03 00:00:00-04:00,74.91019959566513,74.97479298185884,74.84560620947141,74.93788146972656,8024300,0.0,0.0,0.0,0.002716512475744226,0.0027128294242579104,0.023659242488209935,0.022004640270601578
2023-11-06 00:00:00-05:00,74.86407001971524,74.86407001971524,74.79947662353516,74.79947662353516,6061400,0.0,0.0,0.0,-0.001846927661643627,-0.0018486353354946177,0.02999362644938759,0.02114047325580415
2023-11-07 00:00:00-05:00,74.8179468751852,74.8917699216898,74.80871723433383,74.8548583984375,4546600,0.0,0.0,0.0,0.0007404032408018235,0.0007401292775428448,0.028813837248584655,0.021036968932858592
2023-11-08 00:00:00-05:00,74.84562490404805,74.87330678502373,74.83639526367188,74.83639526367188,4422000,0.0,0.0,0.0,-0.0002466524573108142,-0.00024668288103098934,0.026292356171381696,0.021036865982950008
2023-11-09 00:00:00-05:00,74.85484138399318,74.86406398259506,74.72565460205078,74.72565460205078,6032900,0.0,0.0,0.0,-0.0014797701202859948,-0.0014808660613844621,0.029256748598134815,0.02127767479877621
2023-11-10 00:00:00-05:00,74.80871113720508,74.80871113720508,74.7072062165725,74.7441177368164,3916100,0.0,0.0,0.0,0.00024707892977260393,0.0002470484108007949,0.017629999046691047,0.021222780836262094
2023-11-13 00:00:00-05:00,74.70721140469588,74.77180480957031,74.6887591633688,74.77180480957031,7360300,0.0,0.0,0.0,0.00037042477177129385,0.00037035618145336873,0.013678483566876171,0.02101516717173015
2023-11-14 00:00:00-05:00,75.02095877030449,75.06709289550781,74.9840472460498,75.06709289550781,7956500,0.0,0.0,0.0,0.003949190295587268,0.003941412713634605,0.03217427850557884,0.022779819508825485
2023-11-15 00:00:00-05:00,74.9655614135256,74.97479105135879,74.90096802899508,74.92864990234375,5069400,0.0,0.0,0.0,-0.0018442567551772981,-0.001845959490509632,0.03643927909110843,0.024257114014946783
2023-11-16 00:00:00-05:00,75.04863109895598,75.09476521828593,75.04863109895598,75.05785369873047,4086500,0.0,0.0,0.0,0.0017243577263852394,0.0017228727284676418,0.03387474727295664,0.02446995435486029
2023-11-17 00:00:00-05:00,75.0393987008159,75.04862834040362,74.98403494359395,75.00248718261719,3381800,0.0,0.0,0.0,-0.0007376512035037752,-0.0007379234020193972,0.03572201829541438,0.024439563549626505
2023-11-20 00:00:00-05:00,75.01172637939453,75.02095602015821,74.99326709786718,75.01172637939453,6247300,0.0,0.0,0.0,0.00012318520524323695,0.00012317761856887917,0.03590506995079128,0.024431567635089337
2023-11-21 00:00:00-05:00,75.05785369873047,75.09476521828593,75.039401459029,75.05785369873047,2590400,0.0,0.0,0.0,0.0006149347783657166,0.0006147457834506232,0.0214589183284126,0.024353969637912563
2023-11-22 00:00:00-05:00,75.09477477866048,75.09477477866048,75.02095877030449,75.06709289550781,4803300,0.0,0.0,0.0,0.00012309433752832888,0.00012308676204202305,0.014293776082502728,0.023743685809903083
2023-11-24 00:00:00-05:00,75.03017862076875,75.03940826153243,75.00249673863085,75.01172637939453,1575200,0.0,0.0,0.0,-0.0007375604139933101,-0.0007378325454926301,0.009462317701179184,0.023353361354614494
2023-11-27 00:00:00-05:00,75.04863251655277,75.1132259169568,75.03940287645145,75.10399627685547,4004100,0.0,0.0,0.0,0.001230072975447305,0.0012293170555124635,0.011499520198002263,0.023565132018379193
2023-11-28 00:00:00-05:00,75.1224515980565,75.26086099151898,75.10399231882666,75.2424087524414,20921000,0.0,0.0,0.0,0.0018429442166527643,0.0018412480785654375,0.015790053399362267,0.024001143863320803
2023-11-29 00:00:00-05:00,75.36235566169181,75.42694904991058,75.34390342512272,75.3900375366211,4423100,0.0,0.0,0.0,0.0019620422395754122,0.0019601199487003836,0.01846149832631313,0.024383700187160417
2023-11-30 00:00:00-05:00,75.3623624555177,75.37159209470992,75.30699870066815,75.34391021728516,5204200,0.0,0.0,0.0,-0.0006118490034380253,-0.0006120362594250178,0.020940942992250047,0.02387850012895996
2023-12-01 00:00:00-05:00,75.35962953185185,75.57251295311688,75.3503789503062,75.5632553100586,11831100,0.247,0.0,0.0,0.002911251780546964,0.0029070222938275356,0.020773799164670443,0.025429959414949035
2023-12-04 00:00:00-05:00,75.46145185808324,75.50773301764995,75.41517776003002,75.45219421386719,4431100,0.0,0.0,0.0,-0.0014697764903813804,-0.0014708576713733466,0.029656150358861835,0.025043879508012772
2023-12-05 00:00:00-05:00,75.48923809773564,75.57254279513033,75.47072986582316,75.5447769165039,12180000,0.0,0.0,0.0,0.001227037909252715,0.001226285713489611,0.028766628154975337,0.023825811327942766
2023-12-06 00:00:00-05:00,75.56326100130205,75.56326100130205,75.51697984403741,75.52623748779297,6794600,0.0,0.0,0.0,-0.00024540980154630354,-0.0002454399194592392,0.027403314395967146,0.02394884881523401
2023-12-07 00:00:00-05:00,75.58177185058594,75.61878830040821,75.572514207374,75.58177185058594,4977800,0.0,0.0,0.0,0.0007352989456406167,0.0007350287458145386,0.02602044587945444,0.023824612577913132
2023-12-08 00:00:00-05:00,75.44294226223236,75.48921635944592,75.38740345945736,75.41517639160156,3367800,0.0,0.0,0.0,-0.0022041750928214476,-0.0022066078622319184,0.022948348993965865,0.024742761219974967
2023-12-11 00:00:00-05:00,75.37816118474684,75.4336929321289,75.3503953110558,75.4336929321289,2963900,0.0,0.0,0.0,0.0002455280410829097,0.00024549790400632803,0.021020238280124875,0.02474293926731297
2023-12-12 00:00:00-05:00,75.41517388859153,75.46144798426924,75.40591624485072,75.44293975830078,3268600,0.0,0.0,0.0,0.000122582175317687,0.00012257466273676694,0.018051191348630015,0.024770522083991275
2023-12-13 00:00:00-05:00,75.49847889474947,75.84094113158082,75.47071302231981,75.82242584228516,10843800,0.0,0.0,0.0,0.005030107326148059,0.00501749860077676,0.04176564446569567,0.026994219893500523
2023-12-14 00:00:00-05:00,75.93386410981942,76.008146920513,75.9152969491454,75.95243835449219,9304300,0.26,0.0,0.0,0.0017146973439949864,0.0017132289288562894,0.042266693024336555,0.02582193977766019
2023-12-15 00:00:00-05:00,75.89672024890609,75.9338616530512,75.84101168468767,75.86886596679688,7178300,0.0,0.0,0.0,-0.0011003252760004578,-0.0011009310782841087,0.037480269492081456,0.026249885066385713
2023-12-18 00:00:00-05:00,75.88743472835267,75.89671476571964,75.85029332689085,75.85957336425781,3760500,0.0,0.0,0.0,-0.00012248242306833745,-0.00012248992465286555,0.038157192343571705,0.02594215403492251
2023-12-19 00:00:00-05:00,75.85955166877571,75.90598017832413,75.85955166877571,75.88741302490234,5159300,0.0,0.0,0.0,0.0003669894175499788,0.0003669220934046776,0.0377887762058093,0.02590091695736067
2023-12-20 00:00:00-05:00,75.96169345562596,76.00812196806727,75.92455206247219,75.98954772949219,5164000,0.0,0.0,0.0,0.0013458714761607204,0.001344966602949918,0.01799459828878081,0.026042901153035678
2023-12-21 00:00:00-05:00,76.11027892741217,76.11956604912784,76.03599612168325,76.06385040283203,6662900,0.0,0.0,0.0,0.0009778012313528262,0.0009773234951241613,0.01526130810971324,0.02600403729176355
2023-12-22 00:00:00-05:00,76.0916748046875,76.10096192275635,76.05454050040301,76.0916748046875,3387900,0.0,0.0,0.0,0.00036580322594903514,0.0003657363362607898,0.0091513105792273,0.025507157518842298
2023-12-26 00:00:00-05:00,76.0452706801116,76.09169211302428,76.03598355993023,76.05455780029297,2503100,0.0,0.0,0.0,-0.00048779323743108893,-0.0004879122472553626,0.011095944506600846,0.025775608910799715
2023-12-27 00:00:00-05:00,76.10097901496165,76.16597468805068,76.09169189480691,76.14740753173828,2584700,0.0,0.0,0.0,0.0012208306001741942,0.0012200859924620057,0.012003184062310246,0.025480328384512217
2023-12-28 00:00:00-05:00,76.16598446803202,76.17527158937925,76.12884306664104,76.13813018798828,2408600,0.0,0.0,0.0,-0.00012183400657639343,-0.00012184142894184312,0.011416590389140596,0.02507246761681184
2023-12-29 00:00:00-05:00,76.11955389776737,76.20311672787413,76.11955389776737,76.17526245117188,5075600,0.0,0.0,0.0,0.00048769602158493797,0.00048757713653181087,0.010305605884648926,0.02473011257233073
2024-01-02 00:00:00-05:00,76.08240509033203,76.11025936432125,76.07311797100348,76.08240509033203,4983500,0.0,0.0,0.0,-0.0012189962705985158,-0.0012197398508948791,0.01477294996083147,0.023828978327885445
2024-01-03 00:00:00-05:00,76.0545459815277,76.12882167944507,76.0266846253132,76.10096740722656,4336500,0.0,0.0,0.0,0.00024397647356821928,0.00024394671614836707,0.014229098963384973,0.022855989991275208
2024-01-04 00:00:00-05:00,76.05455780029297,76.08241207683999,76.03598355993023,76.05455780029297,2923700,0.0,0.0,0.0,-0.0006098425357098369,-0.0006100285653053692,0.010862394961675098,0.022935413386414687
2024-01-05 00:00:00-05:00,76.00814120248349,76.15669972869597,75.98956695920805,76.03599548339844,8105400,0.0,0.0,0.0,-0.0002440658052772493,-0.00024409559418296956,0.010810467461360903,0.022934960977607742
2024-01-08 00:00:00-05:00,76.07311313500804,76.18453730787809,76.06382601626987,76.10096740722656,4654900,0.0,0.0,0.0,0.0008544890274015948,0.0008541241594882451,0.012592992163561322,0.022966269033293855
2024-01-09 00:00:00-05:00,76.0916912520758,76.12883264838396,76.08241121599653,76.11955261230469,5227400,0.0,0.0,0.0,0.00024421772431182376,0.00024418790801773596,0.008813619737432169,0.020917183681890383
2024-01-10 00:00:00-05:00,76.16597404469212,76.16597404469212,76.1102654922284,76.11955261230469,6432200,0.0,0.0,0.0,0.0,0.0,0.008728397815215143,0.020969561964219834
2024-01-11 00:00:00-05:00,76.17525525701367,76.30524659201228,76.17525525701367,76.29595947265625,4904100,0.0,0.0,0.0,0.002317497335409202,0.0023148160801948923,0.016281363702807906,0.021935330551545385
2024-01-12 00:00:00-05:00,76.44453923782,76.48168063814272,76.40739783749726,76.45381927490234,6809700,0.0,0.0,0.0,0.0020690453772020945,0.002066907850733997,0.01669456439090754,0.015517043131862134
2024-01-16 00:00:00-05:00,76.38883081716989,76.43525934296213,76.305267971542,76.33312225341797,8427200,0.0,0.0,0.0,-0.001578691851225722,-0.001579939298268806,0.025523706416028663,0.016245478039493125
2024-01-17 00:00:00-05:00,76.21240170023366,76.21240170023366,76.15668606440224,76.1845474243164,6717400,0.0,0.0,0.0,-0.001946400523331282,-0.001948297222386865,0.03153404789297738,0.017414141198965467
2024-01-18 00:00:00-05:00,76.23095917689764,76.24024629568981,76.19381778572497,76.22167205810547,4490300,0.0,0.0,0.0,0.000487298737659847,0.0004871800461872223,0.03155607097274635,0.017395069710758333
2024-01-19 00:00:00-05:00,76.16597747802734,76.1938317555148,76.12883608004496,76.16597747802734,5469300,0.0,0.0,0.0,-0.0007306921847065606,-0.0007309592703538116,0.02603061519794347,0.017721022397325318
2024-01-22 00:00:00-05:00,76.1938226218293,76.22167689597774,76.18454258644414,76.20310974121094,4607400,0.0,0.0,0.0,0.00048751771346089434,0.0004873989153096591,0.01798946212469749,0.017229597479179466
2024-01-23 00:00:00-05:00,76.17524998524122,76.20310425738518,76.15667574781462,76.19381713867188,3355600,0.0,0.0,0.0,-0.00012194518794073073,-0.00012195262385968418,0.016163245666405365,0.016961235946403027
2024-01-24 00:00:00-05:00,76.27741146421593,76.28669858590311,76.15670013427734,76.15670013427734,4708300,0.0,0.0,0.0,-0.00048713932164567986,-0.000487258012552597,0.008819217112362686,0.017044569794074794
2024-01-25 00:00:00-05:00,76.24953804386901,76.31453371136831,76.24025092451298,76.29595947265625,5493200,0.0,0.0,0.0,0.00182858944956088,0.0018269196151911395,0.01622164818248367,0.018041445652589427
2024-01-26 00:00:00-05:00,76.26812465456926,76.26812465456926,76.23098325166684,76.24955749511719,4654800,0.0,0.0,0.0,-0.0006081839439439074,-0.0006083689628195526,0.015798897399275105,0.01778008370196038
2024-01-29 00:00:00-05:00,76.28668008234465,76.3331015115244,76.28668008234465,76.32381439208984,3344700,0.0,0.0,0.0,0.0009738665955854042,0.0009733926951646419,0.01667135993862583,0.01804859469001531
2024-01-30 00:00:00-05:00,76.3423851914878,76.35167231050394,76.23096101528266,76.27738952636719,2345800,0.0,0.0,0.0,-0.0006082618654796867,-0.0006084469317778382,0.01779755883042136,0.01817323547284209
2024-01-31 00:00:00-05:00,76.3888256477298,76.50024985169172,76.34240420907747,76.41668701171875,7413100,0.0,0.0,0.0,0.0018261962845937951,0.0018245308154995709,0.019504318485846814,0.018525099560266226
2024-02-01 00:00:00-05:00,76.53028869628906,76.60479056053961,76.46510134129203,76.53028869628906,8288100,0.242,0.0,0.0,0.0014866083444953215,0.0014855044362277598,0.018355535586269293,0.019063837288877603
2024-02-02 00:00:00-05:00,76.29747674082601,76.33472767345985,76.2416038943197,76.28816223144531,8260700,0.0,0.0,0.0,-0.003163799182891225,-0.0031688145767858546,0.03255247386637771,0.0224952418076712
2024-02-05 00:00:00-05:00,76.20433987154479,76.21364727443776,76.13915252685547,76.13915252685547,5968500,0.0,0.0,0.0,-0.001953248056202672,-0.0019551581328281103,0.03420923978429806,0.023683451990904495
2024-02-06 00:00:00-05:00,76.17641412157144,76.28815981103868,76.17641412157144,76.26022338867188,3603400,0.0,0.0,0.0,0.0015901262070614486,0.001588863295000047,0.037135096040858455,0.02414653875380748
2024-02-07 00:00:00-05:00,76.24159905468787,76.31609381033789,76.22297003710901,76.23228454589844,3044100,0.0,0.0,0.0,-0.0003663619319739242,-0.0003664290589021921,0.03324100102965511,0.02419727430168019
2024-02-08 00:00:00-05:00,76.23229021281135,76.25091212688604,76.20435378925481,76.21366119384766,2233400,0.0,0.0,0.0,-0.00024429744119192076,-0.00024432728667268924,0.028753563819107944,0.024222855854343736
2024-02-09 00:00:00-05:00,76.16708518253147,76.19502159960568,76.16708518253147,76.18570709228516,2523900,0.0,0.0,0.0,-0.00036678596887507187,-0.0003668532513012232,0.019942403021791743,0.022737564388344334
2024-02-12 00:00:00-05:00,76.21366738677928,76.22298189701799,76.18573096095268,76.1950454711914,2730500,0.0,0.0,0.0,0.00012257389558567588,0.0001225663840195447,0.013195526642646954,0.021312480140607024
2024-02-13 00:00:00-05:00,76.036720114267,76.0553420263754,75.94359634394853,75.9529037475586,5284900,0.0,0.0,0.0,-0.003177919537095897,-0.003182979847070632,0.021283018725691487,0.023372267135939487
2024-02-14 00:00:00-05:00,76.00879389933141,76.09260317240461,75.99947938958243,76.06466674804688,5431500,0.0,0.0,0.0,0.0014714776522533057,0.0014703960898793398,0.02692834825645701,0.023227719765690512
2024-02-15 00:00:00-05:00,76.15777443752911,76.17640345309047,76.10190160062047,76.13915252685547,3772500,0.0,0.0,0.0,0.0009792428205241954,0.0009787636750477544,0.028820172260183567,0.02345100119783145
2024-02-16 00:00:00-05:00,75.99947032829779,76.04603576660156,75.99015581965936,76.04603576660156,7850200,0.0,0.0,0.0,-0.0012229813067733408,-0.0012237297587024104,0.029768421009686994,0.02370340020876331
2024-02-20 00:00:00-05:00,76.1205496482615,76.14848607630816,76.09261322021484,76.09261322021484,6172800,0.0,0.0,0.0,0.0006124902257396148,0.0006123027301568697,0.030469421532410907,0.023747038148617616
2024-02-21 00:00:00-05:00,76.12985070254165,76.12985070254165,76.02741241455078,76.02741241455078,8590400,0.0,0.0,0.0,-0.0008568611709439677,-0.0008572284863176137,0.01867499227348239,0.023910473660478077
2024-02-22 00:00:00-05:00,76.0274266936991,76.07399214421845,75.99017575426167,76.01811218261719,15501400,0.0,0.0,0.0,-0.0001223273505993605,-0.00012233483319993687,0.014858557359318313,0.023868827780224415
2024-02-23 00:00:00-05:00,76.00877766951007,76.06465050629525,75.99946316174999,76.05533599853516,3869300,0.0,0.0,0.0,0.000489670354198557,0.0004895505047935375,0.012842112831158776,0.022894704917912474
2024-02-26 00:00:00-05:00,76.03673213616653,76.04604664613754,75.98085218122986,75.99948120117188,4547200,0.0,0.0,0.0,-0.0007343968260735689,-0.0007346666275249495,0.010733406857942919,0.02293205135696118
2024-02-27 00:00:00-05:00,76.01810311622451,76.03673213616653,75.98085218122986,75.99948120117188,3432400,0.0,0.0,0.0,0.0,0.0,0.008798177355390931,0.02254892013928524
2024-02-28 00:00:00-05:00,76.04604581405157,76.08328964374932,76.03673130418247,76.07398223876953,3239500,0.0,0.0,0.0,0.000980283502205026,0.0009798033381050212,0.010287322155564365,0.022881202005571602
2024-02-29 00:00:00-05:00,76.12055206298828,76.15780300319555,76.10193014532983,76.12055206298828,8833900,0.0,0.0,0.0,0.0006121649327175405,0.0006119776361987917,0.010504638492055698,0.021887034365810014
2024-03-01 00:00:00-05:00,76.15789949795091,76.28865813575942,76.11119693052872,76.26998138427734,4883100,0.24,0.0,0.0,0.0019630614497567755,0.001961137162546836,0.01614390392673026,0.022430629019978696
2024-03-04 00:00:00-05:00,76.20458627661795,76.23261208937207,76.16723277790014,76.19525146484375,2416300,0.0,0.0,0.0,-0.0009798077576166353,-0.0009802880830142434,0.017430337690970243,0.019742270425111057
2024-03-05 00:00:00-05:00,76.25129699707031,76.29799956418017,76.2232783071289,76.25129699707031,4102800,0.0,0.0,0.0,0.0007355515094324971,0.0007352811240011338,0.016832763753441442,0.018596524320974313
2024-03-06 00:00:00-05:00,76.29800007440613,76.32601876453491,76.25129750698395,76.26998138427734,5338700,0.0,0.0,0.0,0.0002450369756694659,0.00024500695901310366,0.016766772175134954,0.017735287534824434
2024-03-07 00:00:00-05:00,76.33536174161897,76.3633804321289,76.30733592529761,76.3633804321289,2987700,0.0,0.0,0.0,0.0012245846420360085,0.0012238354498337208,0.017535955786548908,0.01818450474822767
2024-03-08 00:00:00-05:00,76.44743701970974,76.45677895854658,76.38205769947474,76.40074157714844,2387700,0.0,0.0,0.0,0.0004892547292709715,0.0004891350831992614,0.013071420324925873,0.018193919771056038
2024-03-11 00:00:00-04:00,76.36337635502963,76.37271116749359,76.32601572774061,76.33535766601562,3509600,0.0,0.0,0.0,-0.0008558020482928308,-0.0008561684559289477,0.012286974332393336,0.0184496081193797
2024-03-12 00:00:00-04:00,76.29800363589052,76.30733844916163,76.25130106628832,76.2606430053711,2260900,0.0,0.0,0.0,-0.000978768724336443,-0.0009792480312235622,0.01482018549192374,0.018840799043688235
2024-03-13 00:00:00-04:00,76.26065012375287,76.26999206370763,76.2232894897461,76.2232894897461,2223300,0.0,0.0,0.0,-0.0004898138037253696,-0.00048993380169257,0.015048848358398087,0.014707244583087576
2024-03-14 00:00:00-04:00,76.19526621037174,76.20460102395243,76.15790557861328,76.15790557861328,4085000,0.0,0.0,0.0,-0.0008577944033969498,-0.0008581625195432343,0.009574566171501233,0.014309112473652014
2024-03-15 00:00:00-04:00,76.12988230295332,76.14855905480219,76.11119842529297,76.11119842529297,3045500,0.0,0.0,0.0,-0.0006132935637535031,-0.0006134817051790568,0.0031860021814003703,0.014069225862312799
2024-03-18 00:00:00-04:00,76.12990163358505,76.12990163358505,76.09254099458936,76.12055969238281,1971600,0.0,0.0,0.0,0.00012299460898690384,0.00012298704577013415,0.006819764497124889,0.01333218219959275
2024-03-19 00:00:00-04:00,76.17657114791643,76.19525502395858,76.15789439768513,76.1859130859375,1821700,0.0,0.0,0.0,0.0008585511433283344,0.0008581827991086361,0.010976013724938283,0.013497624990460894
2024-03-20 00:00:00-04:00,76.19526013936863,76.31667683855059,76.18591820072038,76.30733489990234,4769000,0.0,0.0,0.0,0.0015937567595716295,0.0015924880770692878,0.016189625680796522,0.014076549169155543
2024-03-21 00:00:00-04:00,76.32601877719885,76.34469552868403,76.29800008706542,76.30733489990234,3708500,0.0,0.0,0.0,0.0,0.0,0.0135132337294534,0.01404789348633392
2024-03-22 00:00:00-04:00,76.3633804321289,76.38205718386506,76.3633804321289,76.3633804321289,2038000,0.0,0.0,0.0,0.0007344711003218762,0.0007342015084201697,0.010167203645806663,0.014143643641172808
2024-03-25 00:00:00-04:00,76.35404560962522,76.36338754926967,76.3260269165039,76.3260269165039,3700600,0.0,0.0,0.0,-0.0004891548201981788,-0.0004892744954453143,0.012799558850943448,0.013953694729491106
2024-03-26 00:00:00-04:00,76.32602692083852,76.3540456139614,76.30734304154852,76.3447036743164,2183300,0.0,0.0,0.0,0.00024469710486729745,0.00024466717141371895,0.012575571103781661,0.013930758397808614
2024-03-27 00:00:00-04:00,76.4007456510686,76.44744109611985,76.4007456510686,76.42876434326172,2585300,0.0,0.0,0.0,0.0011010674598190828,0.001100461729635969,0.009864696900622609,0.014023670613669005
2024-03-28 00:00:00-04:00,76.37269999424404,76.39138386806064,76.34468130932916,76.38204193115234,5702800,0.0,0.0,0.0,-0.0006113197368929901,-0.0006115066689907504,0.011859946484512031,0.014255527640239837
2024-04-01 00:00:00-04:00,76.35396200816626,76.36332774409902,76.22276306152344,76.22276306152344,4661800,0.27,0.0,0.0,-0.002085292113196857,-0.0020874693621221116,0.01870993116590036,0.014743493000394518
2024-04-02 00:00:00-04:00,76.22274663416368,76.27897678472536,76.2133809002494,76.2602310180664,3485000,0.0,0.0,0.0,0.0004915586241964753,0.0004914378488331245,0.01958481938968634,0.014408305258469166
2024-04-03 00:00:00-04:00,76.23212562726161,76.31646728515625,76.21338700851601,76.31646728515625,2904100,0.0,0.0,0.0,0.0007374258684913482,0.0007371541036316728,0.020534426268810208,0.014409501640537822
2024-04-04 00:00:00-04:00,76.33520308285098,76.40079897016008,76.31646446479789,76.39142608642578,2806000,0.0,0.0,0.0,0.0009822100515928245,0.0009817279989255934,0.020119322092120123,0.014779360582320527
2024-04-05 00:00:00-04:00,76.30709956278241,76.34458395222498,76.26024228862514,76.26961517333984,3967100,0.0,0.0,0.0,-0.001594562627331042,-0.0015958352953964986,0.02274247505408828,0.015263446375736395
2024-04-08 00:00:00-04:00,76.23213313327358,76.25087890328071,76.19464874267578,76.19464874267578,3335800,0.0,0.0,0.0,-0.0009829134510995763,-0.0009833968272963543,0.018155468199237936,0.01545292103698092
2024-04-09 00:00:00-04:00,76.26024228862514,76.2977266780677,76.26024228862514,76.26961517333984,2680500,0.0,0.0,0.0,0.00098388052049736,0.0009833968272962663,0.01941324125044266,0.015692096996713093
2024-04-10 00:00:00-04:00,76.02596881776813,76.0447145868526,75.95100718967858,75.96037292480469,6329400,0.0,0.0,0.0,-0.004054593009710783,-0.004062835158531334,0.0332294817689517,0.021019698284596874
2024-04-11 00:00:00-04:00,76.06345051262645,76.06345051262645,75.99785462198618,76.05408477783203,6686500,0.0,0.0,0.0,0.0012336939567174632,0.0012329335816438796,0.034177176194506935,0.02158336516683673
2024-04-12 00:00:00-04:00,76.11030214376957,76.14778652841692,76.1009292602539,76.1009292602539,5387500,0.0,0.0,0.0,0.0006159364425817326,0.0006157468315859689,0.0348731210998118,0.02154026767796409
2024-04-15 00:00:00-04:00,76.00722668087279,76.07282257080078,75.96974229385454,76.07282257080078,4841300,0.0,0.0,0.0,-0.00036933437904551614,-0.0003694025997853154,0.0345426945805933,0.0214709267277594
2024-04-16 00:00:00-04:00,76.01658946674677,76.05407384878549,75.96973220184464,76.02595520019531,3062800,0.0,0.0,0.0,-0.0006160856008970983,-0.0006162754596144008,0.03255373922827147,0.021563735365156215
2024-04-17 00:00:00-04:00,76.05408759242435,76.11031060093502,76.0447147078672,76.08219909667969,3598900,0.0,0.0,0.0,0.0007397986166206572,0.0007395251005136588,0.012423972476600995,0.02150057618616651
2024-04-18 00:00:00-04:00,76.10093889072593,76.10093889072593,76.03534299664585,76.04471588134766,3279600,0.0,0.0,0.0,-0.0004926673489602518,-0.0004927887493936081,0.010295129782928267,0.020620297502385893
2024-04-19 00:00:00-04:00,76.0915499142715,76.0915499142715,76.05407268222245,76.06343841552734,2938200,0.0,0.0,0.0,0.00024620427550670065,0.00024617397220782757,0.009112920170215604,0.020665935062588382
2024-04-22 00:00:00-04:00,76.07281775912224,76.11967502728524,76.07281775912224,76.1009292602539,4174300,0.0,0.0,0.0,0.0004928891660374024,0.0004927677360717751,0.009543669966856193,0.020544805278165428
2024-04-23 00:00:00-04:00,76.08219228921344,76.18527256187063,76.07281940549491,76.1665267944336,3619000,0.0,0.0,0.0,0.0008619807250362932,0.0008616094330001925,0.008524394516560084,0.020825466476698938
2024-04-24 00:00:00-04:00,76.12905484912487,76.14780061962513,76.11031622804128,76.138427734375,4299800,0.0,0.0,0.0,-0.00036891612682343755,-0.0003689841931187702,0.009105445206073103,0.02080317852409103
2024-04-25 00:00:00-04:00,76.07282621212254,76.10093771637787,76.05408759242435,76.08219909667969,4224200,0.0,0.0,0.0,-0.0007385053693448329,-0.0007387781987673739,0.010285767730623594,0.020374524316903394
2024-04-26 00:00:00-04:00,76.11030214376957,76.13841364490123,76.09155637673824,76.1009292602539,3071500,0.0,0.0,0.0,0.0002461832570115341,0.00024615295888600984,0.010285748746270827,0.020387038127607036
2024-04-29 00:00:00-04:00,76.12905484912487,76.14780061962513,76.11968911329141,76.138427734375,2259600,0.0,0.0,0.0,0.0004927465996222846,0.0004926252398813281,0.0102854046008707,0.019217767327525597
2024-04-30 00:00:00-04:00,76.08220027073858,76.11031177542772,76.04471588134766,76.04471588134766,6420900,0.0,0.0,0.0,-0.0012308088808227202,-0.001231566948161126,0.011191901729090483,0.019538314527525795
2024-05-01 00:00:00-04:00,76.1030033852852,76.22522404507237,76.065404752738,76.197021484375,8032700,0.262,0.0,0.0,0.002002842686203099,0.002000839670827486,0.019852223371146185,0.020770175427295083
2024-05-02 00:00:00-04:00,76.22522203205635,76.31923295608951,76.2158187878809,76.30982971191406,3750700,0.0,0.0,0.0,0.0014804808028119343,0.0014793859715594112,0.019814142906148798,0.021178643539449725
2024-05-03 00:00:00-04:00,76.47903158715556,76.51663738112622,76.39442393015044,76.4320297241211,4960200,0.0,0.0,0.0,0.001601366595474829,0.0016000857751811831,0.020616445687991314,0.021130737037599035
2024-05-06 00:00:00-04:00,76.44146777805605,76.44146777805605,76.4038619634307,76.42266845703125,2960700,0.0,0.0,0.0,-0.00012247832647693802,-0.0001224858275596526,0.021755599168309353,0.020759462816575786
2024-05-07 00:00:00-04:00,76.4414257931849,76.46023227645614,76.41322324084987,76.4320297241211,2706200,0.0,0.0,0.0,0.00012249332925495793,0.00012248582755970078,0.01511570271755072,0.020524520030472296
2024-05-08 00:00:00-04:00,76.41323852539062,76.44144108336687,76.41323852539062,76.41323852539062,2308800,0.0,0.0,0.0,-0.0002458550269867077,-0.00024588525428831257,0.014282781492111932,0.013548732552562198
2024-05-09 00:00:00-04:00,76.46025036746971,76.49785617033815,76.46025036746971,76.47904968261719,2160200,0.0,0.0,0.0,0.0008612533442708958,0.0008608826784189224,0.012331539814284044,0.013269053810084074
2024-05-10 00:00:00-04:00,76.46964364134313,76.46964364134313,76.41323852539062,76.41323852539062,1866100,0.0,0.0,0.0,-0.0008605122252390851,-0.0008608826784188848,0.009915768887080744,0.013796288539417082
2024-05-13 00:00:00-04:00,76.47903158715556,76.47903158715556,76.4320297241211,76.4320297241211,2442600,0.0,0.0,0.0,0.0002459154865452895,0.00024588525428831333,0.010087253710292052,0.013628325616998605
2024-05-14 00:00:00-04:00,76.48845623823779,76.50725555419922,76.47905299397016,76.50725555419922,2319500,0.0,0.0,0.0,0.000984218662642533,0.0009837346370199188,0.012239315400233852,0.013484505826261777
2024-05-15 00:00:00-04:00,76.61067147735722,76.64827728271484,76.59187216096538,76.64827728271484,3248400,0.0,0.0,0.0,0.001843246467202242,0.0018415497730631916,0.015911991079366045,0.014476891374883586
2024-05-16 00:00:00-04:00,76.6294560753764,76.63885214460113,76.58244703896507,76.59185028076172,2978300,0.0,0.0,0.0,-0.0007361809547916653,-0.0007364520690583703,0.018226397750399588,0.014693777471382865
2024-05-17 00:00:00-04:00,76.58245137779996,76.59185462012935,76.54484558105469,76.54484558105469,2758000,0.0,0.0,0.0,-0.000613703671274779,-0.0006138920644551812,0.01730107484354475,0.015092889589808416
2024-05-20 00:00:00-04:00,76.55425693973014,76.55425693973014,76.52605438232422,76.52605438232422,2445200,0.0,0.0,0.0,-0.00024549267279627696,-0.00024552281105505734,0.017821737172344473,0.015205228362019652
2024-05-21 00:00:00-04:00,76.56365966796875,76.58245898192186,76.56365966796875,76.56365966796875,1991300,0.0,0.0,0.0,0.0004914049985729196,0.0004912842986766778,0.01685352548176019,0.015073112192984529
2024-05-22 00:00:00-04:00,76.52606204273447,76.5448613586959,76.50725555419922,76.50725555419922,3051100,0.0,0.0,0.0,-0.0007366956335961294,-0.0007369671271713526,0.008269418353353307,0.015331123334037916
2024-05-23 00:00:00-04:00,76.5542651223898,76.5542651223898,76.46025419679712,76.46965026855469,3473500,0.0,0.0,0.0,-0.0004915257431746811,-0.0004916465815511871,0.007749477269812069,0.015145545854635655
2024-05-24 00:00:00-04:00,76.46963115540424,76.49784088134766,76.46023508599517,76.49784088134766,3041000,0.0,0.0,0.0,0.00036865099675442714,0.00036858306167143436,0.008499356845200822,0.0151508976404431
2024-05-28 00:00:00-04:00,76.52604062276183,76.53544386439745,76.4320297241211,76.4320297241211,2889800,0.0,0.0,0.0,-0.0008603008459890926,-0.0008606711171401854,0.010039895639045242,0.015629580803726176
2024-05-29 00:00:00-04:00,76.45085579278219,76.45085579278219,76.38504742344344,76.40384674072266,2441700,0.0,0.0,0.0,-0.0003687326308114969,-0.00036880062940405645,0.0076290581491957115,0.01486911175581449
2024-05-30 00:00:00-04:00,76.46962735486304,76.49783707940442,76.46023128592095,76.48843383789062,3711400,0.0,0.0,0.0,0.0011071052149378424,0.0011064928259037583,0.012467499989845598,0.013755698467789353
2024-05-31 00:00:00-04:00,76.54484124435038,76.60125352255837,76.53544517512566,76.59185028076172,2923000,0.0,0.0,0.0,0.0013520533456112815,0.0013511401445249719,0.014964403713095873,0.013602755957886613
2024-06-03 00:00:00-04:00,76.5937239447334,76.6786117553711,76.5937239447334,76.6786117553711,5533700,0.262,0.0,0.0,0.0011327768462483512,0.0011321357386655279,0.016064527016950433,0.013045838778776348
2024-06-04 00:00:00-04:00,76.72580343247583,76.78239773296598,76.71636984977494,76.75409698486328,2133300,0.0,0.0,0.0,0.0009844365692615042,0.0009839523293583095,0.01094405119558355,0.013315306167278567
2024-06-05 00:00:00-04:00,76.78237530029608,76.82952880859375,76.72578101634048,76.82952880859375,2577600,0.0,0.0,0.0,0.0009827726035960271,0.000982289998768824,0.0023950688073924495,0.013582045410939875
2024-06-06 00:00:00-04:00,76.82011446380419,76.84841521072485,76.81068807721225,76.83898162841797,3346500,0.0,0.0,0.0,0.00012303628527732258,0.000123028716934356,0.007424890473371358,0.013462508887576925
2024-06-07 00:00:00-04:00,76.71633907300247,76.71633907300247,76.6408920288086,76.6408920288086,3524300,0.0,0.0,0.0,-0.0025779831462018343,-0.002581311866907533,0.02484254056103406,0.016645809143632062
2024-06-10 00:00:00-04:00,76.65033721923828,76.66920438170035,76.64091083372138,76.65033721923828,2952900,0.0,0.0,0.0,0.00012323956806414849,0.00012323197469244298,0.02325589476733032,0.01624960118019358
2024-06-11 00:00:00-04:00,76.706920689411,76.74464781329863,76.67862714542359,76.73521423339844,3755800,0.0,0.0,0.0,0.0011073273417883112,0.0011067147070837726,0.023621385097988414,0.01659720252130831
2024-06-12 00:00:00-04:00,76.9615894155477,76.9710229978546,76.83898162841797,76.83898162841797,3409200,0.0,0.0,0.0,0.0013522786905098005,0.0013513651851312304,0.02475594116206796,0.016877363192441847
2024-06-13 00:00:00-04:00,76.93328482199593,76.98987191628532,76.9144248558041,76.96157836914062,2473800,0.0,0.0,0.0,0.0015955018940192467,0.0015942304331048734,0.027206852254718306,0.016581034511406415
2024-06-14 00:00:00-04:00,76.99929421438551,77.00872779395607,76.97100067138672,76.97100067138672,2854900,0.0,0.0,0.0,0.00012242865135769776,0.00012242115758199013,0.011030497107149028,0.01621094934340927
2024-06-17 00:00:00-04:00,76.92383187009796,76.94269902725257,76.89553833007812,76.89553833007812,1272200,0.0,0.0,0.0,-0.000980399639479379,-0.0009808805455517114,0.0168977650976893,0.016518639966533744
2024-06-18 00:00:00-04:00,76.9804381313242,77.03702522017419,76.97100455127813,76.99929809570312,2182800,0.0,0.0,0.0,0.0013493600263203565,0.0013484504582113321,0.017399885648340257,0.016877102753131545
2024-06-20 00:00:00-04:00,76.95213351224561,76.98043425095727,76.93327354881737,76.97100067138672,2618200,0.0,0.0,0.0,-0.0003675023671155797,-0.0003675699126597693,0.01754540634533258,0.017028573708471037
2024-06-21 00:00:00-04:00,77.02759164012811,77.04645880022026,76.9804381313242,76.99929809570312,2020500,0.0,0.0,0.0,0.00036763747475765385,0.0003675699126596296,0.013790829245371282,0.01661231470326637
2024-06-24 00:00:00-04:00,77.00873565673828,77.01816923727202,76.98986849567079,77.00873565673828,1576500,0.0,0.0,0.0,0.00012256684500466797,0.0001225593343026232,0.013790844509714802,0.01635491031001554
2024-06-25 00:00:00-04:00,77.01818084716797,77.02760723340907,76.98988010130061,77.01818084716797,2618100,0.0,0.0,0.0,0.00012265089602037094,0.00012264337501418946,0.010078849391742478,0.016374850090174604
2024-06-26 00:00:00-04:00,76.97101968524194,76.98045326714285,76.9427261352539,76.9427261352539,2329000,0.0,0.0,0.0,-0.000979700001792927,-0.0009801802215128105,0.008520042703446393,0.016495921196627406
2024-06-27 00:00:00-04:00,76.98986451565705,77.02759164012811,76.9804381313242,76.99929809570312,1675800,0.0,0.0,0.0,0.0007352476743516245,0.0007349775121962585,0.01015993395475999,0.016337262499752658
2024-06-28 00:00:00-04:00,77.08418990958104,77.10304987493492,76.99930207620453,77.00873565673828,3894800,0.0,0.0,0.0,0.00012256684500466797,0.0001225593343026232,0.009857697350332754,0.01613563194672156
2024-07-01 00:00:00-04:00,76.95194687237985,76.98979916379719,76.92355945871343,76.9424819946289,3672100,0.27,0.0,0.0,-0.0008603395646527012,-0.0008607098691429249,0.011564657242188513,0.016205219517030692
2024-07-02 00:00:00-04:00,77.02766541567097,77.04658795501595,76.99927799685963,77.00873565673828,2468800,0.0,0.0,0.0,0.0008610803861772709,0.0008607098691429199,0.013734275822550135,0.016031995741760934
2024-07-03 00:00:00-04:00,77.03712930959689,77.14121410404432,77.03712930959689,77.1222915649414,1772800,0.0,0.0,0.0,0.0014745847628157005,0.0014734986303028706,0.01402660557320833,0.016433259649514916
2024-07-05 00:00:00-04:00,77.20746201707759,77.26424407958984,77.19800435631585,77.26424407958984,2171900,0.0,0.0,0.0,0.0018406158811932194,0.0018389240235041362,0.017197055556680774,0.01721134949834457
2024-07-08 00:00:00-04:00,77.24530349255848,77.25476837158203,77.22638095409873,77.25476837158203,2236000,0.0,0.0,0.0,-0.00012264027326858162,-0.00012264779420181448,0.017782844458821803,0.017263592487535263
2024-07-09 00:00:00-04:00,77.24529750245279,77.26422725903195,77.20744520888125,77.23583984375,7304200,0.0,0.0,0.0,-0.00024501436262147624,-0.00024504438354422663,0.014801802098327503,0.01379623846421466
2024-07-10 00:00:00-04:00,77.28316662070168,77.28316662070168,77.24531431888963,77.26424407958984,2505700,0.0,0.0,0.0,0.00036775978480085847,0.0003676921777461295,0.015006105362441057,0.013761477380838112
2024-07-11 00:00:00-04:00,77.43456547282723,77.462952890493,77.41563571465845,77.44402313232422,5810700,0.0,0.0,0.0,0.002326807889936555,0.0023241050642836413,0.018679652617811234,0.015199329416986438
2024-07-12 00:00:00-04:00,77.49135457270712,77.5575942993164,77.48188969188044,77.5575942993164,3170300,0.0,0.0,0.0,0.0014664936349979563,0.001465419383334447,0.017564430332399725,0.015293347860225216
2024-07-15 00:00:00-04:00,77.54812941848972,77.5859817222077,77.5292068764251,77.5575942993164,3380600,0.0,0.0,0.0,0.0,0.0,0.017194431805354644,0.014770141864131463
2024-07-16 00:00:00-04:00,77.54811572054629,77.59543289673294,77.52919318182411,77.58596801757812,2562400,0.0,0.0,0.0,0.00036584061842104276,0.00036577371505881366,0.015339976771641145,0.01473772173975492
2024-07-17 00:00:00-04:00,77.53865363428415,77.59542846679688,77.52918875566968,77.59542846679688,2701000,0.0,0.0,0.0,0.000121935054243405,0.0001219276207689396,0.015969119090871425,0.01386342226284909
2024-07-18 00:00:00-04:00,77.5859817222077,77.60491148386106,77.54812941848972,77.5575942993164,3111100,0.0,0.0,0.0,-0.0004875824288624875,-0.00048770133582782404,0.011520818522926378,0.013822387971149291
2024-07-19 00:00:00-04:00,77.53865174163016,77.54810940042674,77.51972198486328,77.51972198486328,2041700,0.0,0.0,0.0,-0.0004883121349401609,-0.0004884313981374171,0.00603043737115072,0.01391326622501437
2024-07-22 00:00:00-04:00,77.51971755623931,77.52918243408203,77.4913301422976,77.52918243408203,2429500,0.0,0.0,0.0,0.00012203925628884171,0.00012203181010461564,0.0062143355974589205,0.013937741310647263
2024-07-23 00:00:00-04:00,77.55760512517638,77.59545743417797,77.53868258047046,77.56707000732422,2133400,0.0,0.0,0.0,0.000488687898578144,0.0004885685295349236,0.006795191382046136,0.013921407174783787
2024-07-24 00:00:00-04:00,77.65221413530483,77.68060155552251,77.60490417480469,77.60490417480469,4871200,0.0,0.0,0.0,0.0004877606886131147,0.0004876417720354198,0.007796304697866546,0.013898584349455975
2024-07-25 00:00:00-04:00,77.63329438457413,77.68060434677423,77.59544208306106,77.61436462402344,4907000,0.0,0.0,0.0,0.00012190530120936849,0.00012189787136195608,0.006338587099604988,0.012989681750740346
2024-07-26 00:00:00-04:00,77.71844482421875,77.72790970305411,77.69952228613525,77.71844482421875,1591000,0.0,0.0,0.0,0.0013409914607880324,0.0013400931347477636,0.007907834399676126,0.013348407061212413
2024-07-29 00:00:00-04:00,77.73738541238059,77.7468502925346,77.69953311135272,77.72792053222656,4588200,0.0,0.0,0.0,0.00012192354117801507,0.0001219161091071585,0.007908194185354836,0.013348626301997672
2024-07-30 00:00:00-04:00,77.74685184852225,77.78469693071932,77.70899954673683,77.75630950927734,3108100,0.0,0.0,0.0,0.00036523525724585504,0.00036516857508524394,0.007979613227245459,0.01241037080425997
2024-07-31 00:00:00-04:00,77.80362560878088,77.91717529296875,77.73738588647518,77.91717529296875,3403900,0.0,0.0,0.0,0.0020688454056865258,0.0020667082920943556,0.01377334149870604,0.013532029988756784
2024-08-01 00:00:00-04:00,77.94754968824004,78.07097919190727,77.93805343945438,78.05198669433594,5052500,0.272,0.0,0.0,0.0017301885092766423,0.001728693457370501,0.013486684899055594,0.013782517169984018
2024-08-02 00:00:00-04:00,78.3652862539889,78.50770099088798,78.34629375919467,78.48870849609375,5001400,0.0,0.0,0.0,0.005595268234082074,0.005579672867239493,0.034779583378197004,0.02216256753840781
2024-08-05 00:00:00-04:00,78.67863115179233,78.71660891424196,78.40329780667066,78.46975708007812,15588100,0.0,0.0,0.0,-0.0002414540432470469,-0.0002414831979676583,0.03607184132698262,0.02223118210409887
2024-08-06 00:00:00-04:00,78.45073462934239,78.45073462934239,78.29883088104908,78.37478637695312,12849200,0.0,0.0,0.0,-0.0012102841484278315,-0.0012110171337611727,0.04161341349358443,0.023070512260413442
2024-08-07 00:00:00-04:00,78.31782766430935,78.37479791638272,78.27036090501669,78.32732391357422,5778900,0.0,0.0,0.0,-0.0006055833205161898,-0.0006057667601576302,0.04393522650141061,0.02352915587776491
2024-08-08 00:00:00-04:00,78.23237415619529,78.2988334063761,78.22287790802231,78.28933715820312,3622000,0.0,0.0,0.0,-0.00048497450791251673,-0.00048509214608505997,0.04459572659838743,0.023037955128259974
2024-08-09 00:00:00-04:00,78.34631249161878,78.35580874128641,78.27036422482603,78.30834197998047,5079400,0.0,0.0,0.0,0.0002427510880433914,0.00024272162876543636,0.008423838367719459,0.02279625605847877
2024-08-12 00:00:00-04:00,78.28934518636352,78.3747969416529,78.27984893721676,78.35580444335938,3745600,0.0,0.0,0.0,0.0006060971561758777,0.0006059135534781516,0.011423426028490774,0.022727436648743483
2024-08-13 00:00:00-04:00,78.45074404106805,78.47923278808594,78.43175878657176,78.47923278808594,3856100,0.0,0.0,0.0,0.0015752291180390898,0.001573989746011161,0.014095957823296701,0.02302699241558789
2024-08-14 00:00:00-04:00,78.4317793176285,78.50773484252775,78.42228306613671,78.46975708007812,4780700,0.0,0.0,0.0,-0.00012074159839714493,-0.00012074888825073497,0.012540157650764756,0.023106092272853138
2024-08-15 00:00:00-04:00,78.28934244021993,78.31782394314543,78.25136468848075,78.27984619140625,3164700,0.0,0.0,0.0,-0.0024201793880676004,-0.0024231127560096644,0.02351456849601241,0.025193795916694524
2024-08-16 00:00:00-04:00,78.36528778076172,78.36528778076172,78.28933228713379,78.36528778076172,2987100,0.0,0.0,0.0,0.0010914889784856552,0.0010908937374838655,0.024853570897008303,0.025024666599756974
2024-08-19 00:00:00-04:00,78.34630584716797,78.39377984796386,78.34630584716797,78.34630584716797,2839700,0.0,0.0,0.0,-0.00024222374639715216,-0.00024225308730695054,0.02459332620868584,0.02513922630009867
2024-08-20 00:00:00-04:00,78.43176172052998,78.46024322509766,78.4127692218076,78.46024322509766,1882600,0.0,0.0,0.0,0.0014542788801292783,0.0014532224407130063,0.02410825719713377,0.02535319362582752
2024-08-21 00:00:00-04:00,78.51719607005745,78.61214406434641,78.45073682016415,78.54568481445312,3914500,0.0,0.0,0.0,0.0010889794097419525,0.0010883869017781671,0.025373156839668478,0.02541586691044252
2024-08-22 00:00:00-04:00,78.49820903318158,78.50770528109763,78.44124603271484,78.44124603271484,4181300,0.0,0.0,0.0,-0.0013296565175412445,-0.0013305412951557447,0.018559815391308198,0.026288274949167516
2024-08-23 00:00:00-04:00,78.5077018117183,78.62162780761719,78.46972406524718,78.62162780761719,3896800,0.0,0.0,0.0,0.002299578143201808,0.0022969381598408585,0.022833495578030334,0.02689311837889888
2024-08-26 00:00:00-04:00,78.65011556176661,78.65011556176661,78.58365631103516,78.58365631103516,1896600,0.0,0.0,0.0,-0.00048296502681099973,-0.000483081691984539,0.023483629115143543,0.027114347877137224
2024-08-27 00:00:00-04:00,78.57417865189277,78.65012691832725,78.57417865189277,78.63114166259766,4067400,0.0,0.0,0.0,0.0006042649806794476,0.0006040824861090277,0.02229458402045687,0.027106136361991617
2024-08-28 00:00:00-04:00,78.65010930659192,78.66910180158472,78.62162780761719,78.62162780761719,3126600,0.0,0.0,0.0,-0.00012099347382354964,-0.00012100079412438195,0.02170923600633804,0.026600247384489465
2024-08-29 00:00:00-04:00,78.62163347488075,78.62163347488075,78.59315197385301,78.61214447021484,2397100,0.0,0.0,0.0,-0.00012061995746959209,-0.00012062723264168858,0.017687437499160227,0.02622889047244454
2024-08-30 00:00:00-04:00,78.63112972306168,78.65961122408942,78.60264822203392,78.61214447021484,2781300,0.0,0.0,0.0,0.0,0.0,0.006273368271780668,0.01747093845590889
2024-09-03 00:00:00-04:00,78.66739534610258,78.7340865618855,78.66739534610258,78.69597625732422,3718600,0.288,0.0,0.0,0.00106639740811465,0.0010658292103125316,0.008411587042747531,0.01776691152359928
2024-09-04 00:00:00-04:00,78.7531613782304,78.87701444166602,78.7436319829511,78.86748504638672,2731100,0.0,0.0,0.0,0.0021793844770625626,0.0021770130635692764,0.016093461270667065,0.018401508620133386
2024-09-05 00:00:00-04:00,78.94368919716803,78.94368919716803,78.83888767736201,78.89604949951172,8628200,0.0,0.0,0.0,0.00036218288320211123,0.0003621173108139889,0.015060572755797544,0.018077853541078954
2024-09-06 00:00:00-04:00,78.98180149427917,79.13423544679014,78.89605149009377,79.0389633178711,6478400,0.0,0.0,0.0,0.001811419193558761,0.0018097805523570258,0.014690121454739068,0.018483381197058574
2024-09-09 00:00:00-04:00,79.02944127220083,79.0675515810713,79.00086035774751,79.04850006103516,9361700,0.0,0.0,0.0,0.0001206587582089913,0.00012065147952651034,0.014144088371490561,0.018508987327900003
2024-09-10 00:00:00-04:00,79.0675543969159,79.16282653808594,79.05803227095781,79.16282653808594,6833800,0.0,0.0,0.0,0.001446282686736744,0.0014452378272518953,0.014329579984533158,0.01882777572919265
2024-09-11 00:00:00-04:00,79.07708647912618,79.20093953997656,79.07708647912618,79.09613800048828,3679100,0.0,0.0,0.0,-0.0008424223908373163,-0.0008427774279877759,0.016928066278921586,0.01897417370491197
2024-09-12 00:00:00-04:00,79.10565948486328,79.12471827311816,79.0294388694397,79.10565948486328,2599000,0.0,0.0,0.0,0.00012037862550173806,0.00012037138057641616,0.0172084612668926,0.01890689482910415
2024-09-13 00:00:00-04:00,79.22953061613123,79.23905274276038,79.18189090778968,79.22000122070312,3964000,0.0,0.0,0.0,0.001445430536632042,0.001444386907455207,0.015615641741244862,0.01600397766379885
2024-09-16 00:00:00-04:00,79.26762390136719,79.28668268987701,79.22952086194367,79.26762390136719,2861100,0.0,0.0,0.0,0.0006011446595588499,0.0006009640444882236,0.015331566230493487,0.015897568517185497
2024-09-17 00:00:00-04:00,79.22952326662733,79.23904539237319,79.19141295724907,79.21046447753906,3015200,0.0,0.0,0.0,-0.0007210941998115894,-0.0007213543132858191,0.01510574407656616,0.01630884874985033
2024-09-18 00:00:00-04:00,79.17234774245975,79.30573018005907,79.12471531120153,79.18187713623047,4413300,0.0,0.0,0.0,-0.0003609035939525773,-0.0003609687353282838,0.013469820863500542,0.016245343538482945
2024-09-19 00:00:00-04:00,79.2104629945579,79.24857330322266,79.1914114746246,79.24857330322266,2892600,0.0,0.0,0.0,0.0008423160627708537,0.0008419615136770152,0.014103756828553415,0.016141613918298343
2024-09-20 00:00:00-04:00,79.22954345605841,79.29623469726518,79.1914331369688,79.27717590332031,4082500,0.0,0.0,0.0,0.0003609225870631061,0.0003608574701738129,0.010490985473381838,0.01472862678185938
2024-09-23 00:00:00-04:00,79.25812437817558,79.30575682543748,79.22001405908597,79.27717590332031,5030800,0.0,0.0,0.0,0.0,0.0,0.00967905677964092,0.013253435832625754
2024-09-24 00:00:00-04:00,79.29621646480723,79.36290769067979,79.26762828046316,79.35337829589844,8947900,0.0,0.0,0.0,0.0009612147722195541,0.0009607531011200894,0.00885061938475895,0.012942577446543766
2024-09-25 00:00:00-04:00,79.33432983020363,79.34385922622506,79.28669738769531,79.28669738769531,4829100,0.0,0.0,0.0,-0.0008403033321968678,-0.0008406565849487584,0.011554445416681798,0.01376011662559013
2024-09-26 00:00:00-04:00,79.28668509629557,79.2962144908397,79.21046447753906,79.21046447753906,2321800,0.0,0.0,0.0,-0.0009614842422239755,-0.0009619467646938089,0.012893452084177299,0.014498431132912751
2024-09-27 00:00:00-04:00,79.28668763171208,79.34384946320823,79.26762884201435,79.33432006835938,3208500,0.0,0.0,0.0,0.0015636266197558424,0.0015624054284785617,0.017560647084488533,0.014962252760832417
2024-09-30 00:00:00-04:00,79.28669245110193,79.30574397315918,79.20094242984692,79.22000122070312,5176000,0.0,0.0,0.0,-0.0014409759553967172,-0.0014420151596809614,0.020959089571856427,0.01635631442268871
2024-10-01 00:00:00-04:00,79.2706527709961,79.34712446214817,79.26109198641662,79.2706527709961,4955500,0.273,0.0,0.0,0.0006393783074032378,0.0006391739921784252,0.01999256497805269,0.01619000452616396
2024-10-02 00:00:00-04:00,79.2324119403449,79.28020856749319,79.22285115636696,79.25153350830078,5697700,0.0,0.0,0.0,-0.00024118967142283676,-0.00024121876232934878,0.019236889732757643,0.014812191389740825
2024-10-03 00:00:00-04:00,79.21330372975113,79.2228572217191,79.14639282226562,79.14639282226562,6480000,0.0,0.0,0.0,-0.0013266706823299446,-0.001327551488992726,0.020419731936418453,0.015811847726974762
2024-10-04 00:00:00-04:00,78.9456569437064,78.9934535770185,78.85963175503541,78.87874603271484,4013000,0.0,0.0,0.0,-0.0033816675657198925,-0.0033873983268157843,0.023975277097242693,0.01903079388400438
2024-10-07 00:00:00-04:00,78.76402930467974,78.82137941846345,78.76402930467974,78.77359008789062,5052100,0.0,0.0,0.0,-0.001333134083807641,-0.0013340234976101286,0.02390500601999695,0.019500316439652568
2024-10-08 00:00:00-04:00,78.80227928975269,78.84051513671875,78.7831577198986,78.84051513671875,6423500,0.0,0.0,0.0,0.000849587390310047,0.0008492266952233677,0.024909941110389425,0.018950225757827923
2024-10-09 00:00:00-04:00,78.82138057116538,78.82138057116538,78.75446967319226,78.76403045654297,4166800,0.0,0.0,0.0,-0.0009701189806173849,-0.0009705898505935616,0.02386705757744422,0.01901266565496219
2024-10-10 00:00:00-04:00,78.83094787597656,78.85962293565997,78.75447618832644,78.83094787597656,3859500,0.0,0.0,0.0,0.0008495936412309391,0.0008492329408380447,0.02797297848111084,0.01935370659878562
2024-10-11 00:00:00-04:00,78.87874372554768,78.91697957253051,78.85962944842731,78.89786529541016,3367200,0.0,0.0,0.0,0.0008488724445996354,0.0008485123561510675,0.017517043602163794,0.01879988849372663
2024-10-14 00:00:00-04:00,78.84050486600309,78.859619140625,78.80226902401809,78.859619140625,1849500,0.0,0.0,0.0,-0.0004847552546821676,-0.00048487278649494926,0.013977913966957661,0.018577643994777588
2024-10-15 00:00:00-04:00,78.92654035746175,78.936101142393,78.87874372554768,78.89786529541016,3387000,0.0,0.0,0.0,0.00048499035630578113,0.00048487278649487337,0.013156609573053224,0.018671379656677478
2024-10-16 00:00:00-04:00,78.94564819335938,78.96476976166171,78.92653391779857,78.94564819335938,2130700,0.0,0.0,0.0,0.0006056297945491451,0.0006054464748373076,0.008757623280674164,0.018872991733351264
2024-10-17 00:00:00-04:00,78.88830681792574,78.89786760313662,78.85963175503541,78.87874603271484,2469600,0.0,0.0,0.0,-0.0008474458336280577,-0.0008478051188460398,0.01177814410277736,0.018647940691630754
2024-10-18 00:00:00-04:00,78.94564819335938,78.96476976166171,78.92653391779857,78.94564819335938,1725600,0.0,0.0,0.0,0.0008481646071907267,0.0008478051188461142,0.011775390757811905,0.018931873238349224
2024-10-21 00:00:00-04:00,78.9169730550268,78.9169730550268,78.83094787597656,78.83094787597656,3474300,0.0,0.0,0.0,-0.0014529023449383338,-0.001453958830988331,0.01611933036140178,0.019415585863455022
2024-10-22 00:00:00-04:00,78.85962408901318,78.86918487329466,78.80227396880758,78.8213882446289,4333300,0.0,0.0,0.0,-0.00012126749208563048,-0.00012127484558244826,0.015355315775115713,0.01886918638900882
2024-10-23 00:00:00-04:00,78.80226514478248,78.80226514478248,78.76402930467974,78.77359008789062,3303900,0.0,0.0,0.0,-0.0006064109983693333,-0.0006065949398853362,0.013703096533245416,0.018804365887158194
2024-10-24 00:00:00-04:00,78.81183624267578,78.85007209132084,78.7831611793776,78.81183624267578,2444500,0.0,0.0,0.0,0.0004855200168289997,0.000485402190122236,0.01442972589220073,0.018855074471831924
2024-10-25 00:00:00-04:00,78.85962904220456,78.88830410410844,78.77360385649291,78.78315734863281,2453000,0.0,0.0,0.0,-0.00036389069726361356,-0.0003639569215494794,0.01126322674230487,0.017593083728227925
2024-10-28 00:00:00-04:00,78.80226096793747,78.80226096793747,78.71622850908116,78.74490356445312,2886400,0.0,0.0,0.0,-0.0004855578967266627,-0.00048567581813552534,0.0068648368287228334,0.017126483563171573
2024-10-29 00:00:00-04:00,78.7162326813661,78.7927043615716,78.69711840768512,78.77359008789062,2920500,0.0,0.0,0.0,0.0003642968895634091,0.0003642305495626846,0.008058957691589154,0.016953292817775585
2024-10-30 00:00:00-04:00,78.7831672598328,78.83096389751364,78.70669555664062,78.70669555664062,2949300,0.0,0.0,0.0,-0.000849199981559301,-0.0008495607561246043,0.0090972924831979,0.01705576390242132
2024-10-31 00:00:00-04:00,78.69713975466583,78.75448988400605,78.65890390419142,78.72581481933594,3751500,0.0,0.0,0.0,0.00024291786816976746,0.00024288836840167987,0.008105328772711697,0.016764245027299847
2024-11-01 00:00:00-04:00,78.82460250883834,78.84378269179486,78.68072552405839,78.69991302490234,5598400,0.283,0.0,0.0,-0.00032901271956387035,-0.0003290668561234245,0.008069559470917463,0.012089217801573309
2024-11-04 00:00:00-05:00,78.79582923197172,78.81500941508806,78.73827404684775,78.75746154785156,2400700,0.0,0.0,0.0,0.0007312399815615489,0.0007309727558690369,0.009883993382045814,0.01153439685946312
2024-11-05 00:00:00-05:00,78.75746112150543,78.75746112150543,78.66154557066801,78.73827362060547,2808600,0.0,0.0,0.0,-0.0002436331348038001,-0.00024366281817732072,0.009532583079962442,0.011098380731283556
2024-11-06 00:00:00-05:00,78.60401206624724,78.6615672669344,78.5944256310406,78.64237976074219,6637800,0.0,0.0,0.0,-0.0012178811580926263,-0.0012186233780352338,0.011532997308630845,0.011397300949570725
2024-11-07 00:00:00-05:00,78.69990617327501,78.7766342163086,78.67112492451479,78.7766342163086,10555500,0.0,0.0,0.0,0.0017071514872115667,0.0017056959604124667,0.01777656676789283,0.012658729145018588
2024-11-08 00:00:00-05:00,78.76706239108928,78.79583632729855,78.69032701593919,78.71910095214844,3935000,0.0,0.0,0.0,-0.0007303341242300698,-0.0007306009481182141,0.0186363290645454,0.012436874026901988
2024-11-11 00:00:00-05:00,78.64235729909277,78.66154479980469,78.64235729909277,78.66154479980469,1567900,0.0,0.0,0.0,-0.0007311586596846498,-0.0007314260865397185,0.01815060604669896,0.012564629688760796
2024-11-12 00:00:00-05:00,78.60397326965628,78.63275451473903,78.55601916362343,78.58479309082031,4609900,0.0,0.0,0.0,-0.0009757208452962907,-0.0009761971707459167,0.018881184270822037,0.012692586933623988
2024-11-13 00:00:00-05:00,78.72868695828085,78.72868695828085,78.65195159067989,78.69991302490234,2909700,0.0,0.0,0.0,0.001464913624560804,0.001463841685334979,0.020958482270033066,0.013738037481324196
2024-11-14 00:00:00-05:00,78.71907629632969,78.73825647516567,78.5751993424594,78.58479309082031,4405400,0.0,0.0,0.0,-0.0014627707916984312,-0.0014638416853349748,0.01795954932965282,0.014310776505331718
2024-11-15 00:00:00-05:00,78.61358707965088,78.73827656861923,78.58481314511108,78.67113494873047,3299800,0.0,0.0,0.0,0.0010987094896384164,0.0010981063501100956,0.020858528305701396,0.014576151487866987
2024-11-18 00:00:00-05:00,78.69990953957547,78.72868347167969,78.67112828958416,78.72868347167969,2645000,0.0,0.0,0.0,0.0007315074707734404,0.0007312400495893243,0.020748293240937802,0.014087841067461224
2024-11-19 00:00:00-05:00,78.76705115378101,78.77663758589101,78.72868347167969,78.72868347167969,2655600,0.0,0.0,0.0,0.0,0.0,0.018369946544796855,0.014087939668900592
2024-11-20 00:00:00-05:00,78.70949542855678,78.73826936046244,78.69031524658203,78.69031524658203,3362300,0.0,0.0,0.0,-0.00048734747497025666,-0.000487466267347948,0.016104209813434273,0.014032750213147465
2024-11-21 00:00:00-05:00,78.69991620115799,78.73827656861923,78.65195476499984,78.67113494873047,2565700,0.0,0.0,0.0,-0.00024374407182714553,-0.00024377378224134394,0.010641750544229896,0.013900036508045539
2024-11-22 00:00:00-05:00,78.69031873298519,78.70949891580973,78.65195104944873,78.66154479980469,2352200,0.0,0.0,0.0,-0.0001219017487421592,-0.00012190917936420907,0.007291611749307143,0.013863049956985216
2024-11-25 00:00:00-05:00,78.76705595366724,78.81501007080078,78.74786845250378,78.81501007080078,3579100,0.0,0.0,0.0,0.0019509567398741101,0.0019490560954222615,0.015628342594280375,0.015510369079074483
2024-11-26 00:00:00-05:00,78.79582988752487,78.81501007080078,78.74786845250378,78.81501007080078,6597200,0.0,0.0,0.0,0.0,0.0,0.015628342594280375,0.01546472513537258
2024-11-27 00:00:00-05:00,78.89174237756502,78.90133612777437,78.85337469461487,78.86296844482422,2463400,0.0,0.0,0.0,0.0006084928997707184,0.0006083078430328513,0.01439296198526143,0.015233552130382293
2024-11-29 00:00:00-05:00,78.94929144251599,78.9684789432262,78.93970501004826,78.9588851928711,1597600,0.0,0.0,0.0,0.001216245722654774,0.001215506694991298,0.013749028360351226,0.015738415898516555
2024-12-02 00:00:00-05:00,78.91557945431931,78.98293790249375,78.88671259674744,78.95407104492188,5102300,0.265,0.0,0.0,-6.0970313061736725e-05,-6.0972171826827525e-05,0.013515795046593159,0.01565916114571863
2024-12-03 00:00:00-05:00,79.00219093673833,79.01181567109815,78.94445721362193,78.96369934082031,3950600,0.0,0.0,0.0,0.000121948061335031,0.00012194062627465396,0.008537330142445324,0.015513918031846402
2024-12-04 00:00:00-05:00,78.94445055368007,79.06954272371961,78.94445055368007,79.05030059814453,3935400,0.0,0.0,0.0,0.001096722393291616,0.0010961214326388451,0.009021686128926884,0.01581108215627897
2024-12-05 00:00:00-05:00,79.00218427192591,79.05030059814453,78.99255953837806,79.05030059814453,2517700,0.0,0.0,0.0,0.0,0.0,0.0099564888702133,0.014930839723228298
2024-12-06 00:00:00-05:00,79.15614804714124,79.16576543885311,79.10803172250031,79.12728118896484,5705800,0.0,0.0,0.0,0.0009738178126816877,0.0009733439597215566,0.008913207825523434,0.01419641633152449
2024-12-09 00:00:00-05:00,79.12727812924433,79.12727812924433,79.09840393066406,79.09840393066406,4641600,0.0,0.0,0.0,-0.00036494692938859874,-0.00036501353872564214,0.010137328423080768,0.013927868301206396
2024-12-10 00:00:00-05:00,79.08879852294922,79.09841591574644,79.05030692719667,79.08879852294922,2919500,0.0,0.0,0.0,-0.00012143617617443869,-0.00012144355014386443,0.010640490325469496,0.013525921756427483
2024-12-11 00:00:00-05:00,79.14654038936746,79.16578251846299,79.0695571899414,79.0695571899414,2453000,0.0,0.0,0.0,-0.00024328771415371708,-0.00024331731341050052,0.008487747314030654,0.012864033389027313
2024-12-12 00:00:00-05:00,79.08878506090873,79.09840245206894,79.03104400634766,79.03104400634766,3185000,0.0,0.0,0.0,-0.00048707979356998887,-0.00048719845546607994,0.009327156582201488,0.012392772263402104
2024-12-13 00:00:00-05:00,79.04067003360649,79.0502947664443,78.9925537109375,78.9925537109375,2420800,0.0,0.0,0.0,-0.0004870275458724871,-0.0004871461823087451,0.0025224047354951242,0.011057778785899879
2024-12-16 00:00:00-05:00,79.02142384212624,79.03104123294895,78.99254964509899,79.0021743774414,2930300,0.0,0.0,0.0,0.00012179206839046941,0.00012178465233864608,0.004101146589611748,0.010608492313059338
2024-12-17 00:00:00-05:00,78.99256083532262,79.03105242862537,78.99256083532262,79.01181030273438,2492600,0.0,0.0,0.0,0.00012197038080152822,0.00012196294301941838,0.004852444328132362,0.010430356878343768
2024-12-18 00:00:00-05:00,79.05043271053488,79.06974067723972,78.85731621028008,78.86697387695312,6931400,0.28,0.0,0.0,-0.001833098434604996,-0.0018347806155903637,0.012675161255976723,0.012643969501105953
2024-12-19 00:00:00-05:00,78.91525674632332,78.96353034756996,78.89594141251152,78.95387268066406,12522700,0.0,0.0,0.0,0.0011018402182707554,0.001101233637866358,0.0171181166098233,0.01293967589701563
2024-12-20 00:00:00-05:00,79.03112043018047,79.03112043018047,78.9538738270945,78.96353149414062,3495400,0.0,0.0,0.0,0.0001223348918630851,0.00012232740956042644,0.01700927619213023,0.012850298252446246
2024-12-23 00:00:00-05:00,78.94421068593776,78.96351865024793,78.91524505615234,78.91524505615234,2933800,0.0,0.0,0.0,-0.0006115030201234717,-0.0006116900643512421,0.017274716447185676,0.013120478879589661
2024-12-24 00:00:00-05:00,78.92490704658779,78.95387268066406,78.91525674632332,78.95387268066406,1583800,0.0,0.0,0.0,0.0004894824122287922,0.0004893626547906977,0.01791770817205928,0.011387726786276186
2024-12-26 00:00:00-05:00,78.92490171359697,78.98284034447599,78.91525141398456,78.97318267822266,1758100,0.0,0.0,0.0,0.00024457315268988644,0.00024454324955194856,0.009848682147026937,0.011395673481685012
2024-12-27 00:00:00-05:00,79.00215797261028,79.03112360827193,78.99250030517578,78.99250030517578,3668600,0.0,0.0,0.0,0.0002446099586974615,0.00024458004655928637,0.006641842302444079,0.01125283516533999
2024-12-30 00:00:00-05:00,79.07940228510037,79.11802558707625,79.07940228510037,79.10836791992188,7397300,0.0,0.0,0.0,0.0014668179168713102,0.0014657431902944528,0.011805012958497724,0.011616990760129956
2024-12-31 00:00:00-05:00,79.16629702876499,79.17595469565576,79.11802342759394,79.15664672851562,3167100,0.0,0.0,0.0,0.0006102870007711481,0.0006101008513920066,0.007999324696350674,0.011741282771685955
2025-01-02 00:00:00-05:00,79.17596003448308,79.18561770202507,79.10837109497298,79.13733673095703,3948300,0.0,0.0,0.0,-0.0002439466343846508,-0.000243976394204835,0.010116531094922917,0.011815546035570623
2025-01-03 00:00:00-05:00,79.17596003448308,79.18561770202507,79.11802876251497,79.13733673095703,2804100,0.0,0.0,0.0,0.0,0.0,0.010589393992866111,0.011227620921484377
2025-01-06 00:00:00-05:00,79.13733139473408,79.16629702876499,79.11802342759394,79.15664672851562,2324300,0.0,0.0,0.0,0.0002440061588657727,0.00024397639420473247,0.01059000890924293,0.011245087289662989
2025-01-07 00:00:00-05:00,79.14699122189775,79.16629918956488,79.07940228510037,79.10836791992188,4035500,0.0,0.0,0.0,-0.0006099147777107738,-0.0006101008513920475,0.007375648910417132,0.01095348370777224
2025-01-08 00:00:00-05:00,79.1276737278433,79.16629702876499,79.1276737278433,79.15664672851562,2747600,0.0,0.0,0.0,0.0006102870007711481,0.0006101008513920066,0.007375648910417132,0.0110826367376815
2025-01-10 00:00:00-05:00,79.10835723191364,79.11801489776322,79.01180267333984,79.01180267333984,6188500,0.0,0.0,0.0,-0.0018298407166306152,-0.0018315169202572732,0.015163196940768373,0.01291438497888081
2025-01-13 00:00:00-05:00,79.02146263326271,79.03112030029297,78.99249699881345,79.03112030029297,4855000,0.0,0.0,0.0,0.0002444903963649825,0.0002444605134586483,0.015578944550597659,0.012932802727250298
2025-01-14 00:00:00-05:00,79.06007296726293,79.06973063270912,79.04076500301083,79.05042266845703,2281900,0.0,0.0,0.0,0.0002442375622504489,0.0002442077411125711,0.0155794239351731,0.012845728759593186
2025-01-15 00:00:00-05:00,79.21457023932841,79.22422790527344,79.18560460813403,79.22422790527344,3694300,0.0,0.0,0.0,0.0021986629666150836,0.002196249444228806,0.022788911330276464,0.014842629520818228
2025-01-16 00:00:00-05:00,79.18560219353922,79.29181441577373,79.17594452788869,79.27249908447266,4775000,0.0,0.0,0.0,0.000609298196720065,0.0006091126499388558,0.022788046625929224,0.014932317141377804
2025-01-17 00:00:00-05:00,79.2821699808481,79.29182764811031,79.24354667844091,79.25320434570312,2248500,0.0,0.0,0.0,-0.0002433976346446487,-0.00024342726065628895,0.014890583063822573,0.015004450407011575
2025-01-21 00:00:00-05:00,79.28216552734375,79.29182319406348,79.23388456038641,79.28216552734375,2400400,0.0,0.0,0.0,0.0003654260023897571,0.0003653592505695512,0.014727082546244129,0.013046502380800165
2025-01-22 00:00:00-05:00,79.28215560201745,79.29181326752814,79.2338746411044,79.2628402709961,2706800,0.0,0.0,0.0,-0.00024375288211564428,-0.00024378259467786067,0.015903024035151588,0.012770269472724884
2025-01-23 00:00:00-05:00,79.2338746411044,79.28215560201745,79.2338746411044,79.2628402709961,3378500,0.0,0.0,0.0,0.0,0.0,0.006023391146173223,0.012786951536622756
2025-01-24 00:00:00-05:00,79.3111343383789,79.35941530727057,79.29182637080719,79.3111343383789,2190000,0.0,0.0,0.0,0.00060929014425537,0.0006091046023774929,0.00602334804258953,0.012503825499703303
2025-01-27 00:00:00-05:00,79.44630228889073,79.45595995479118,79.3883710267693,79.42699432373047,3639700,0.0,0.0,0.0,0.0014608287514492613,0.001459762779137785,0.01046218080121127,0.01320571123110206
2025-01-28 00:00:00-05:00,79.40768102333983,79.44630432128906,79.39803072383316,79.44630432128906,2980500,0.0,0.0,0.0,0.0002431163072833531,0.00024308675930288646,0.0105515476050029,0.013205792023390674
2025-01-29 00:00:00-05:00,79.45596440745771,79.45596440745771,79.35940984296424,79.39803314208984,2849200,0.0,0.0,0.0,-0.0006075950242317996,-0.0006077796848915891,0.012171956023282735,0.013593154164741533
2025-01-30 00:00:00-05:00,79.43664665514154,79.4656196535841,79.42699635563487,79.44630432128906,1956300,0.0,0.0,0.0,0.0006079644203884627,0.0006077796848915142,0.011859755110244603,0.01290318976505666
2025-01-31 00:00:00-05:00,79.45597076416016,79.48493639916143,79.4270051291589,79.45597076416016,2987300,0.0,0.0,0.0,0.00012167265618812095,0.00012166525467085777,0.011984667537604044,0.012820191526562299
2025-02-03 00:00:00-05:00,79.42981125605567,79.47825293268492,79.38137697058855,79.40074920654297,3483200,0.273,0.0,0.0,-0.000694995694925149,-0.0006952373163902028,0.008958775056214462,0.013118737850283243
2025-02-04 00:00:00-05:00,79.40072963036886,79.47823333740234,79.40072963036886,79.47823333740234,3232500,0.0,0.0,0.0,0.0009758614576522717,0.0009753856144062334,0.011655754959872566,0.0134086014335457
2025-02-05 00:00:00-05:00,79.5073001309454,79.56542421911372,79.5073001309454,79.52667236328125,3456200,0.0,0.0,0.0,0.0006094627905639527,0.0006092771435435494,0.010245936483567027,0.013481538703842631
2025-02-06 00:00:00-05:00,79.49761962890625,79.52668167639378,79.48793720718481,79.49761962890625,2083200,0.0,0.0,0.0,-0.0003653206340922255,-0.0003653873799313221,0.010858075598225027,0.013305379044403848
2025-02-07 00:00:00-05:00,79.45887282277049,79.4685626362699,79.41043853759766,79.41043853759766,3488900,0.0,0.0,0.0,-0.0010966503363943891,-0.001097252097362354,0.013924204945501862,0.014044241038246141
2025-02-10 00:00:00-05:00,79.45887065449497,79.47825028096494,79.43949841918689,79.44918823242188,2573000,0.0,0.0,0.0,0.00048796726901167986,0.0004878482516999942,0.013336526126231275,0.011939963839395985
2025-02-11 00:00:00-05:00,79.42012714812185,79.44918919701776,79.42012714812185,79.4298095703125,2861900,0.0,0.0,0.0,-0.0002439126508465561,-0.0002439424023751254,0.011029951198511917,0.012082250905159237
2025-02-12 00:00:00-05:00,79.35229636258717,79.36197878271884,79.31354450857927,79.32322692871094,4537400,0.0,0.0,0.0,-0.0013418468730838073,-0.0013427479557660633,0.011567120147134041,0.01334169693599966
2025-02-13 00:00:00-05:00,79.41043733476921,79.43949938366512,79.40074752141659,79.4298095703125,3512000,0.0,0.0,0.0,0.0013436498454273416,0.0013427479557659913,0.017679644158645976,0.011885299803802025
2025-02-14 00:00:00-05:00,79.53636169433594,79.56542373824446,79.51698946211717,79.53636169433594,3120500,0.0,0.0,0.0,0.0013414626649597139,0.001340563707774167,0.018098258901564464,0.012542980799127853
2025-02-18 00:00:00-05:00,79.50730349321344,79.51699330537151,79.46855163574219,79.46855163574219,2824100,0.0,0.0,0.0,-0.0008525667650520763,-0.0008529304067971139,0.01973114610222166,0.012985568271637306
2025-02-19 00:00:00-05:00,79.47823808686123,79.52667236328125,79.47823808686123,79.52667236328125,2694600,0.0,0.0,0.0,0.0007313676459772545,0.0007311003269914941,0.02003044217914963,0.013135422273675833
2025-02-20 00:00:00-05:00,79.54605150602569,79.57511354993422,79.53636169433594,79.53636169433594,2106500,0.0,0.0,0.0,0.00012183750139116434,0.00012183007980560389,0.014719013096152546,0.013052324040419318
2025-02-21 00:00:00-05:00,79.57512873780178,79.69138432678535,79.57512873780178,79.67200469970703,3614000,0.0,0.0,0.0,0.001705421300164378,0.0017039687205311856,0.0161247779986756,0.014113912587067295
2025-02-24 00:00:00-05:00,79.66232676976101,79.73014068603516,79.6526369556754,79.73014068603516,2497300,0.0,0.0,0.0,0.0007296915214729527,0.0007294254260518781,0.014914748204337134,0.014160071088239457
2025-02-25 00:00:00-05:00,79.8076233727746,79.86575485618131,79.79794095150788,79.8366928100586,3632100,0.0,0.0,0.0,0.0013364095824566213,0.001335517381978963,0.00971794833645992,0.014026840136140686
2025-02-26 00:00:00-05:00,79.8366987549359,79.88513303835988,79.7979468934996,79.86576080322266,2280100,0.0,0.0,0.0,0.00036409315242069695,0.00036402688659301194,0.01049738665071021,0.014031750106612714
2025-02-27 00:00:00-05:00,79.83668944780007,79.90450334961757,79.82699963578015,79.89481353759766,4639500,0.0,0.0,0.0,0.00036376958139272553,0.0003637034332798469,0.009534293743672071,0.013650214137582032
2025-02-28 00:00:00-05:00,79.95294471104643,80.0401382446289,79.9238826635728,80.0401382446289,4383100,0.0,0.0,0.0,0.001818950449929524,0.0018172981628753156,0.010152605745916282,0.014639152105700779
2025-03-03 00:00:00-05:00,79.9750313975839,80.1013562340139,79.96531182128484,80.09163665771484,5333700,0.253,0.0,0.0,0.000643407348055014,0.0006432004502888538,0.010273641345720695,0.014637582869751978
2025-03-04 00:00:00-05:00,80.17909065247638,80.24711285259329,80.07219756459786,80.10134887695312,5198900,0.0,0.0,0.0,0.00012126383781851935,0.00012125648595367568,0.010675429674048855,0.014105618389568508
2025-03-05 00:00:00-05:00,80.14995259343056,80.16938433359265,80.00418859368739,80.01390075683594,4304600,0.0,0.0,0.0,-0.0010917184459842133,-0.0010923148046435404,0.01659765366504919,0.014947474437919722
2025-03-06 00:00:00-05:00,80.05275753651657,80.10134799915207,80.00417448774478,80.0624771118164,4557400,0.0,0.0,0.0,0.000607098948070206,0.0006069147380558653,0.01668054086368347,0.014946903906350777
2025-03-07 00:00:00-05:00,80.16936992479239,80.18880166146202,80.01388637598066,80.0527572631836,3499300,0.0,0.0,0.0,-0.00012140329631871172,-0.00012141066629538926,0.011221607335030446,0.014819597221932672
2025-03-10 00:00:00-04:00,80.15965358632513,80.22767578821106,80.13050227321175,80.19852447509766,4644400,0.0,0.0,0.0,0.0018208893347024802,0.001819233525443436,0.016927859206411638,0.014664115366826762
2025-03-11 00:00:00-04:00,80.19853117474341,80.26655338231177,80.14022854364612,80.14994812011719,4668500,0.0,0.0,0.0,-0.0006057013554601198,-0.0006058848666318414,0.01807090260757965,0.01517533373411454
2025-03-12 00:00:00-04:00,80.09163665771484,80.14994670164477,80.07220491898117,80.09163665771484,3475800,0.0,0.0,0.0,-0.000727529633767876,-0.0007277944118822867,0.016659983582795617,0.015556551967339561
2025-03-13 00:00:00-04:00,80.09163807515532,80.18881159827232,80.06248675960667,80.14994812011719,2946600,0.0,0.0,0.0,0.0007280593184972872,0.0007277944118823502,0.01686944860598175,0.014124607169006096
2025-03-14 00:00:00-04:00,80.15965886407938,80.15965886407938,80.08192449528023,80.09163665771484,3932500,0.0,0.0,0.0,-0.000727529633767876,-0.0007277944118822867,0.018140603324324225,0.014430685036280862
2025-03-17 00:00:00-04:00,80.07219668711625,80.12077973588805,80.04304537508042,80.0624771118164,4582600,0.0,0.0,0.0,-0.0003640772884072607,-0.00036414358063404544,0.00976083457139881,0.014247740284671304
2025-03-18 00:00:00-04:00,80.05275753651657,80.10134799915207,80.05275753651657,80.0624771118164,3438500,0.0,0.0,0.0,0.0,0.0,0.009666296225040947,0.013616549520635178
2025-03-19 00:00:00-04:00,80.04304800401538,80.17909240722656,80.01388927715819,80.17909240722656,3886300,0.0,0.0,0.0,0.0014565536767903176,0.0014554939314095105,0.013917467609872374,0.01410446460226709
2025-03-20 00:00:00-04:00,80.26654667698357,80.26654667698357,80.18880489943854,80.19852447509766,3039300,0.0,0.0,0.0,0.00024235829176522117,0.00024232892773874188,0.013206345308031832,0.014078386681664183
2025-03-21 00:00:00-04:00,80.28598697819643,80.30541871592902,80.24711608886719,80.24711608886719,3172500,0.0,0.0,0.0,0.0006058916181759244,0.0006057081399576387,0.011017238316049553,0.013258842737169027
2025-03-24 00:00:00-04:00,80.20823520708117,80.20823520708117,80.13049343810786,80.14021301269531,2351300,0.0,0.0,0.0,-0.001332173433541084,-0.001333061565421024,0.016136019455406506,0.014461833993364306
2025-03-25 00:00:00-04:00,80.15964535453823,80.20823581397998,80.14993319374044,80.16936492919922,2711400,0.0,0.0,0.0,0.00036376140526717116,0.0003636952601274034,0.01606624651129907,0.013900122699595924
2025-03-26 00:00:00-04:00,80.15966028272368,80.18881159827232,80.14994812011719,80.14994812011719,3684800,0.0,0.0,0.0,-0.0002421973667768862,-0.0002422267012957141,0.012206994130199485,0.01397638815734511
2025-03-27 00:00:00-04:00,80.18881225585938,80.21797098551173,80.16938051662245,80.18881225585938,2187600,0.0,0.0,0.0,0.0004848928371599115,0.00048477531461717173,0.012712056952691217,0.014004327905759272
2025-03-28 00:00:00-04:00,80.25683005796988,80.35401099041329,80.25683005796988,80.3345718383789,4087900,0.0,0.0,0.0,0.0018177047198859597,0.0018160546938657523,0.018214833720455535,0.014002399602609853
2025-03-31 00:00:00-04:00,80.40258783278954,80.43173914472533,80.32485347224865,80.39287567138672,4593200,0.0,0.0,0.0,0.0007257626657313221,0.0007254994273658558,0.01196521039250805,0.014041236251304316
2025-04-01 00:00:00-04:00,80.40262923182267,80.46112985651327,80.38313150327306,80.42213439941406,4326400,0.28,0.0,0.0,0.00036394677741014014,0.00036388056484649214,0.011964950619083179,0.014052336675020276
2025-04-02 00:00:00-04:00,80.47088067502834,80.47088067502834,80.33437426105027,80.3636245727539,3071600,0.0,0.0,0.0,-0.0007275338698370382,-0.0007277986510355673,0.01443503178282347,0.013662301366385706
2025-04-03 00:00:00-04:00,80.62688303446852,80.70488137707662,80.60737786953591,80.66588592529297,6729500,0.0,0.0,0.0,0.003761171228226834,0.0037541157095315066,0.027009689160416146,0.018561332456192573
2025-04-04 00:00:00-04:00,80.90965206911699,80.99740299815592,80.61713409423828,80.61713409423828,12599700,0.0,0.0,0.0,-0.0006043673914377656,-0.0006045500950267853,0.028863155719507108,0.018810535664753828
2025-04-07 00:00:00-04:00,80.82190677467406,80.87066225805418,80.46113553917131,80.62689971923828,18363100,0.0,0.0,0.0,0.0001211358492176906,0.00012112851286316547,0.0291518982549358,0.01800027369464758
2025-04-08 00:00:00-04:00,80.48063673588362,80.74389699163251,80.48063673588362,80.57814025878906,13086100,0.0,0.0,0.0,-0.000604754252228612,-0.00060493718983999,0.03039487846885966,0.01799966497487949
2025-04-09 00:00:00-04:00,80.6366368999482,80.72439527355576,80.25636797207915,80.52938079833984,25591000,0.0,0.0,0.0,-0.0006051202012433698,-0.0006053033603649298,0.030122754217289112,0.017915000844863308
2025-04-10 00:00:00-04:00,80.52938320629444,80.5976438539423,80.47088258150119,80.51963806152344,10029500,0.0,0.0,0.0,-0.00012098363007162494,-0.00012099094918133185,0.005431569090012208,0.017882543266439423
2025-04-11 00:00:00-04:00,80.47087845496755,80.49038362159295,80.34412462806817,80.37337493896484,6585900,0.0,0.0,0.0,-0.001816490064781906,-0.0018181418835042575,0.011850862575294595,0.019036991247358876
2025-04-14 00:00:00-04:00,80.422127708131,80.56837925768907,80.422127708131,80.54888153076172,5006100,0.0,0.0,0.0,0.0021836409374391685,0.002181260258635881,0.023315422050122374,0.020190942929527576
2025-04-15 00:00:00-04:00,80.54888153076172,80.60738215058495,80.53912894777746,80.54888153076172,3090700,0.0,0.0,0.0,0.0,0.0,0.023035767903018672,0.020190942929527576
2025-04-16 00:00:00-04:00,80.63663039361346,80.67563328550962,80.5976349407583,80.65613555908203,3178900,0.0,0.0,0.0,0.0013315396350892517,0.0013306539223432487,0.02428037885157012,0.02010094309832906
2025-04-17 00:00:00-04:00,80.6854019165039,80.7244048161577,80.64639901685011,80.6854019165039,3384000,0.0,0.0,0.0,0.00036285345459474705,0.00036278763920040554,0.023973386754530847,0.020101116755173582
2025-04-21 00:00:00-04:00,80.7146482515159,80.78290146278391,80.63664245605469,80.63664245605469,5283700,0.0,0.0,0.0,-0.0006043157658144338,-0.0006044984381850762,0.017560354962683537,0.020317462491655454
2025-04-22 00:00:00-04:00,80.6951362336511,80.71463395954292,80.64638076036036,80.66588592529297,3521700,0.0,0.0,0.0,0.0003626573273338707,0.00036259158305995107,0.011166705656736695,0.01944683926961332
2025-04-23 00:00:00-04:00,80.68538951534563,80.73414499217989,80.5683808343682,80.60738372802734,3647400,0.0,0.0,0.0,-0.0007252408697253632,-0.0007255039841068165,0.01333246792473925,0.019800997603087362
2025-04-24 00:00:00-04:00,80.66588430973952,80.70487976074219,80.64637914519756,80.70487976074219,3993500,0.0,0.0,0.0,0.001209517394135995,0.0012087865172521425,0.01265977819699124,0.019969623560805335
2025-04-25 00:00:00-04:00,80.72439954090804,80.78290016704456,80.69514922783978,80.77314758300781,2259800,0.0,0.0,0.0,0.0008458946034988202,0.0008455370362872814,0.013665430277713437,0.020043948645912812
2025-04-28 00:00:00-04:00,80.78288825667975,80.89014434814453,80.77313567408089,80.89014434814453,2847000,0.0,0.0,0.0,0.001448461136375645,0.0014474131284209857,0.013656838903044031,0.01972910922506397
2025-04-29 00:00:00-04:00,80.87065822808275,80.94865658294482,80.86090564408426,80.93891143798828,3832200,0.0,0.0,0.0,0.0006028804897895146,0.000602698830355982,0.013467682054688917,0.01970249070606598
2025-04-30 00:00:00-04:00,80.96815967440513,81.0461654663086,80.95840709065675,81.0461654663086,5104800,0.0,0.0,0.0,0.0013251231875348601,0.0013242459866510967,0.005583613469206821,0.020011461577547667
2025-05-01 00:00:00-04:00,81.0745304651418,81.0843135331175,80.84957213776188,80.87891387939453,5150400,0.259,0.0,0.0,-0.0020636582366575507,-0.002065790513348356,0.022811398326948288,0.021505000473006394
2025-05-02 00:00:00-04:00,80.81044479380651,80.83978653451896,80.69307036866256,80.722412109375,4556100,0.0,0.0,0.0,-0.001935013250213835,-0.0019368878069381593,0.027658783972192624,0.018745919477127945
2025-05-05 00:00:00-04:00,80.76153910295946,80.77132217089304,80.68328948407958,80.71263122558594,3420300,0.0,0.0,0.0,-0.00012116689198793384,-0.00012117423328881191,0.024043763925367407,0.018605038311080117
2025-05-06 00:00:00-04:00,80.78109741210938,80.80066354788826,80.76153873862484,80.78109741210938,3476300,0.0,0.0,0.0,0.0008482710262793791,0.0008479114477447004,0.024765541413961596,0.018814662506093066
2025-05-07 00:00:00-04:00,80.78109848881157,80.84957250265602,80.7517567470465,80.8104476928711,2522500,0.0,0.0,0.0,0.00036333104775709835,0.0003632650590153215,0.021264803231242597,0.018649387785461265
2025-05-08 00:00:00-04:00,80.78109814157388,80.79088120955167,80.63438943337913,80.6441650390625,3566000,0.0,0.0,0.0,-0.00205768757080238,-0.002059807518497796,0.021238614138686624,0.02008166012594608
2025-05-09 00:00:00-04:00,80.72241338321749,80.76153819221621,80.68328857421875,80.68328857421875,2009600,0.0,0.0,0.0,0.0004851378290953168,0.0004850201877853358,0.018254311475358678,0.020119631927664746
2025-05-12 00:00:00-04:00,80.52678445456354,80.58546792791743,80.51700138824016,80.53656005859375,4386600,0.0,0.0,0.0,-0.001818573811478097,-0.0018202294243726495,0.021993725287671448,0.02012226881642634
2025-05-13 00:00:00-04:00,80.58547246394129,80.58547246394129,80.49744724895565,80.51700592041016,4241200,0.0,0.0,0.0,-0.00024279827905948625,-0.00024282775933357983,0.019161943469252304,0.018577339489320655
2025-05-14 00:00:00-04:00,80.526787159653,80.54634583066361,80.45832061767578,80.45832061767578,3960300,0.0,0.0,0.0,-0.0007288559983512632,-0.0007291217430186721,0.01694945437778505,0.018746760141794272
2025-05-15 00:00:00-04:00,80.57568995282834,80.61481475830078,80.54634821429741,80.61481475830078,3449300,0.0,0.0,0.0,0.0019450336450426153,0.0019431445163184235,0.0222950373578313,0.019461680130738634
2025-05-16 00:00:00-04:00,80.68328584066131,80.68328584066131,80.58547755262539,80.59526062011719,3528300,0.0,0.0,0.0,-0.00024256258905042127,-0.0002425920121132771,0.021741038575467147,0.019420299267289137
2025-05-19 00:00:00-04:00,80.57568777100022,80.63437870876646,80.56591216661703,80.62459564208984,2906900,0.0,0.0,0.0,0.00036397949143585073,0.00036391326696983545,0.016506702000756348,0.019361223237510307
2025-05-20 00:00:00-04:00,80.62460108793601,80.66372589499176,80.60504241555512,80.63438415527344,3289200,0.0,0.0,0.0,0.00012140852435460481,0.00012140115493617927,0.016061336175548013,0.019319063394170645
2025-05-21 00:00:00-04:00,80.60504587184194,80.6148214773046,80.57569666857123,80.58547973632812,4095600,0.0,0.0,0.0,-0.0006064958448884772,-0.0006066798378911663,0.015587984434470258,0.01926600014214736
2025-05-22 00:00:00-04:00,80.63438415527344,80.64415976031692,80.60504241555512,80.63438415527344,3415600,0.0,0.0,0.0,0.0006068639053253833,0.0006066798378910797,0.007655851134214923,0.0188736157367565
2025-05-23 00:00:00-04:00,80.76153819221621,80.76153819221621,80.66372990086653,80.68328857421875,8202300,0.0,0.0,0.0,0.0006064958448883662,0.0006063120006135363,0.007987009293205219,0.01874274676881681
2025-05-27 00:00:00-04:00,80.69307255201316,80.72241429351952,80.67351387844039,80.71263122558594,3870300,0.0,0.0,0.0,0.000363676938381019,0.0003636108239523069,0.007986662272095222,0.017968176139597045
2025-05-28 00:00:00-04:00,80.69306309831326,80.69306309831326,80.6441552266696,80.65393829345703,1972600,0.0,0.0,0.0,-0.0007271839765062849,-0.0007274485030215316,0.010509509166750128,0.017889135251978504
2025-05-29 00:00:00-04:00,80.71262467553416,80.75174948179901,80.71262467553416,80.74197387695312,2154300,0.0,0.0,0.0,0.0010915224396828016,0.0010909271621977461,0.01075142635481283,0.01764677229634154
2025-05-30 00:00:00-04:00,80.78110702160878,80.83979797363281,80.76154834579758,80.83979797363281,4331000,0.0,0.0,0.0,0.0012115643448198377,0.001210830993014519,0.012275070027174248,0.01683931329231112
2025-06-02 00:00:00-04:00,80.80249465441216,80.83194076548479,80.7632481468498,80.77305603027344,4011000,0.272,0.0,0.0,-0.0008256074981921602,-0.0008259484997645846,0.015378227747256057,0.015582744938961657
2025-06-03 00:00:00-04:00,80.79267958915142,80.81230284118824,80.74361022865949,80.75342559814453,4456600,0.0,0.0,0.0,-0.00024303193532193568,-0.00024306147236845615,0.015629206733423235,0.015604602077539189
2025-06-04 00:00:00-04:00,80.82212677529182,80.91044264921611,80.81231140476667,80.900634765625,5744700,0.0,0.0,0.0,0.0018229464123669104,0.001821286862097117,0.017486481903553532,0.016635506534006753
2025-06-05 00:00:00-04:00,80.90063262365655,80.92025587725327,80.81230926513672,80.81230926513672,3164700,0.0,0.0,0.0,-0.001091777595369492,-0.0010923740186756215,0.020346147470710625,0.017095861080840224
2025-06-06 00:00:00-04:00,80.7141731201607,80.73379637256537,80.67491912841797,80.67491912841797,1563300,0.0,0.0,0.0,-0.0017001139797649945,-0.0017015608136246106,0.02146853552579569,0.016563391697518276
2025-06-09 00:00:00-04:00,80.70435654438188,80.76324127458264,80.70435654438188,80.73379516601562,2166800,0.0,0.0,0.0,0.0007297935744310369,0.0007295274045918828,0.022380610716771627,0.01667697547492388
2025-06-10 00:00:00-04:00,80.76324127458264,80.78286452669404,80.73379516601562,80.73379516601562,2010600,0.0,0.0,0.0,0.0,0.0,0.022346801679348,0.015183199010986985
2025-06-11 00:00:00-04:00,80.83194290584349,80.86138153076172,80.80249679399115,80.86138153076172,1825500,0.0,0.0,0.0,0.0015803340408280242,0.0015790866270351143,0.021098769082026143,0.015960314124770322
2025-06-12 00:00:00-04:00,80.93989197003543,80.93989197003543,80.90063797331243,80.9300765991211,2612200,0.0,0.0,0.0,0.0008495411166484779,0.0008491804608408772,0.019789250231958953,0.015705100845864427
2025-06-13 00:00:00-04:00,80.90062392343049,80.90062392343049,80.84173919510523,80.87118530273438,3572700,0.0,0.0,0.0,-0.0007276812139747069,-0.0007279461024600045,0.013971329563592275,0.014816193665248039
2025-06-16 00:00:00-04:00,80.87119690137916,80.90063552629739,80.85156616014427,80.86138153076172,2380700,0.0,0.0,0.0,-0.00012122700979289025,-0.00012123435838074614,0.014338777059417124,0.014778769954807692
2025-06-17 00:00:00-04:00,80.89081939509984,80.92025801974127,80.86138077045841,80.900634765625,2057400,0.0,0.0,0.0,0.00048543858786720406,0.0004853208006733332,0.01407612402520543,0.014806694376344211
2025-06-18 00:00:00-04:00,80.93989562988281,81.02821151130216,80.91044951580835,80.93989562988281,1921300,0.0,0.0,0.0,0.00048529735732683044,0.0004851796386484854,0.009876663845053278,0.014846710720071803
2025-06-20 00:00:00-04:00,80.95951766957216,81.02821029417805,80.94970229836144,80.99877166748047,2328700,0.0,0.0,0.0,0.000727404417061317,0.0007271399866924456,0.00939235158071229,0.014651899409178805
2025-06-23 00:00:00-04:00,81.02819672924048,81.14595870325086,81.02819672924048,81.10670471191406,3113400,0.0,0.0,0.0,0.001332526928638833,0.0013316399025344002,0.0083157150980411,0.015101751289393816
2025-06-24 00:00:00-04:00,81.09689179522529,81.17539978027344,81.08707642536089,81.17539978027344,4292000,0.0,0.0,0.0,0.0008469715124461707,0.0008466130344741964,0.005533658275846858,0.015191922729145418
2025-06-25 00:00:00-04:00,81.14595719103536,81.19501906409207,81.12632645226616,81.18521118164062,3268100,0.0,0.0,0.0,0.00012086668367206066,0.00012085937988296696,0.007116581080548342,0.01520382677840054
2025-06-26 00:00:00-04:00,81.23427872008406,81.2833480834961,81.22446335001491,81.2833480834961,4964600,0.0,0.0,0.0,0.0012088026923511297,0.0012080726786124376,0.007564206286477139,0.015034043190886403
2025-06-27 00:00:00-04:00,81.23428313818857,81.29316038793823,81.23428313818857,81.25391387939453,2432800,0.0,0.0,0.0,-0.00036211850022871417,-0.0003621840809652946,0.011554492009215708,0.015018820346360604
2025-06-30 00:00:00-04:00,81.30296691806195,81.31278228759766,81.26371292685243,81.31278228759766,5690200,0.0,0.0,0.0,0.000724499355077235,0.0007242370321137132,0.009913233890126664,0.01473057295131046
2025-07-01 00:00:00-04:00,81.27734521922876,81.30687793741153,81.21827978286323,81.2281265258789,5018100,0.264,0.0,0.0,-0.0010411125943191601,-0.0010416549284894847,0.014044708538920883,0.014965448182115145
2025-07-02 00:00:00-04:00,81.2379629520262,81.26750318005286,81.2084302348635,81.21827697753906,4292600,0.0,0.0,0.0,-0.0001212578544047549,-0.00012126520673274,0.014159550122866703,0.014915011157455155
2025-07-03 00:00:00-04:00,81.13952368073562,81.14937042409353,81.10014421816842,81.12968444824219,2781500,0.0,0.0,0.0,-0.0010907954784780127,-0.0010913908288423138,0.01185143692823944,0.01451726242927835
2025-07-07 00:00:00-04:00,81.12967883691626,81.13951806872915,81.10013860888563,81.1099853515625,4022000,0.0,0.0,0.0,-0.00024280997533343562,-0.0002428394584481225,0.011891807358230195,0.01385831325051158
2025-07-08 00:00:00-04:00,81.10014141386748,81.11983489990234,81.09030218171426,81.11983489990234,3648300,0.0,0.0,0.0,0.00012143447316814715,0.0001214271005993603,0.008818811679276103,0.011950362169862356
2025-07-09 00:00:00-04:00,81.14936413179487,81.1887435913086,81.13951738920046,81.1887435913086,2002200,0.0,0.0,0.0,0.0008494678458268456,0.0008491072522103047,0.011092275402415305,0.012018087398655588
2025-07-10 00:00:00-04:00,81.1887435913086,81.1887435913086,81.14936413179487,81.1887435913086,2249400,0.0,0.0,0.0,0.0,0.0,0.011108817672102159,0.012018087398655588
2025-07-11 00:00:00-04:00,81.17889886686264,81.17889886686264,81.14936614920913,81.16905212402344,4146300,0.0,0.0,0.0,-0.00024253937693974326,-0.0002425687943711129,0.007130162263011021,0.011112511098552227
2025-07-14 00:00:00-04:00,81.17890167236328,81.20843439103743,81.15921569686864,81.17890167236328,1887300,0.0,0.0,0.0,0.0001213461052222975,0.00012133874337921915,0.006475024202025547,0.010836603774071562
2025-07-15 00:00:00-04:00,81.17889472018503,81.17889472018503,81.09029657175016,81.10013580322266,3436600,0.0,0.0,0.0,-0.0009702751271324361,-0.0009707461487486224,0.01042432776922546,0.011128588220861864
2025-07-16 00:00:00-04:00,81.12968364510347,81.23796777751066,81.12968364510347,81.20843505859375,4457200,0.0,0.0,0.0,0.001335376991647319,0.0013344861687604767,0.013249075482536803,0.01185005448211343
2025-07-17 00:00:00-04:00,81.20843439103743,81.21828113421694,81.15921569686864,81.17890167236328,2819800,0.0,0.0,0.0,-0.0003636738746308765,-0.00036374002001180513,0.01358083794111413,0.0119751431918737
2025-07-18 00:00:00-04:00,81.27734308117542,81.28718982393205,81.24781036376953,81.24781036376953,1294500,0.0,0.0,0.0,0.0008488497625203095,0.0008484896933093465,0.014642855568367176,0.012169265885614624
2025-07-21 00:00:00-04:00,81.31672119160764,81.31672119160764,81.28718847469196,81.29703521728516,1857200,0.0,0.0,0.0,0.0006058606785244169,0.0006056772190403775,0.014892601414259542,0.01210557717078174
2025-07-22 00:00:00-04:00,81.31671490388764,81.35609436035156,81.31671490388764,81.35609436035156,8474300,0.0,0.0,0.0,0.0007264612160646777,0.0007261974708415085,0.009858585447057477,0.011519974197253093
2025-07-23 00:00:00-04:00,81.32655749400438,81.33640423533352,81.26749206775546,81.28717803955078,2500900,0.0,0.0,0.0,-0.0008470947547645213,-0.0008474537422715698,0.011976710705630948,0.011735387341662481
2025-07-24 00:00:00-04:00,81.22812372021461,81.2576564373773,81.21827697753906,81.21827697753906,2147100,0.0,0.0,0.0,-0.0008476252180656951,-0.000847984655447325,0.013757049385913392,0.012174029464244646
2025-07-25 00:00:00-04:00,81.26750183105469,81.27734106270294,81.24780834603048,81.26750183105469,2023400,0.0,0.0,0.0,0.000606080987525015,0.0006058973946209957,0.013009130104820413,0.011566672260716537
2025-07-28 00:00:00-04:00,81.25765228271484,81.26749902488693,81.24780554054274,81.25765228271484,2467100,0.0,0.0,0.0,-0.00012119910318297844,-0.00012120644838777877,0.0120350251651561,0.0115006840680011
2025-07-29 00:00:00-04:00,81.2773424010084,81.33641534618987,81.2773424010084,81.32656860351562,2079200,0.0,0.0,0.0,0.0008481209937127865,0.0008477615423272847,0.012577987743614702,0.01161144812903795
2025-07-30 00:00:00-04:00,81.28719465066638,81.35610683232672,81.23796844482422,81.23796844482422,3786200,0.0,0.0,0.0,-0.001089436825047363,-0.0010900306927052923,0.013594957215032476,0.011670514461481204
2025-07-31 00:00:00-04:00,81.25766193150689,81.28719465066638,81.22812921234738,81.23796844482422,5883700,0.0,0.0,0.0,0.0,0.0,0.011975368052539861,0.011660867535907159
2025-08-01 00:00:00-04:00,81.53427432953154,81.67255110990193,81.53427432953154,81.6429214477539,6048700,0.27,0.0,0.0,0.004984775108017647,0.004972392250038501,0.037646183789258325,0.020573865650870916
2025-08-04 00:00:00-04:00,81.65280251254715,81.67256064663253,81.61329377989665,81.66268157958984,4535300,0.0,0.0,0.0,0.00024203117043741784,0.00024200188561881685,0.037094856910446346,0.020470880603749766
2025-08-05 00:00:00-04:00,81.63304901123047,81.6725577424761,81.60341934667623,81.63304901123047,6269300,0.0,0.0,0.0,-0.0003628654825704736,-0.00036293133418036007,0.03837539552972463,0.02061128807070875
2025-08-06 00:00:00-04:00,81.61329377989665,81.66268157958984,81.61329377989665,81.66268157958984,2741800,0.0,0.0,0.0,0.00036299720172516814,0.00036293133418027887,0.03523445643002685,0.02051646605468386
2025-08-07 00:00:00-04:00,81.64292707845343,81.66267767607448,81.61328987874204,81.6231689453125,2927700,0.0,0.0,0.0,-0.0004838517853327229,-0.00048396887938010697,0.036290475157451145,0.020679002820243295
2025-08-08 00:00:00-04:00,81.6231746712722,81.6231746712722,81.59354500500213,81.60342407226562,2621200,0.0,0.0,0.0,-0.0002419027991930056,-0.00024193206239446304,0.0059813133029906285,0.02067879463049005
2025-08-11 00:00:00-04:00,81.59354500500213,81.6231746712722,81.59354500500213,81.60342407226562,2730500,0.0,0.0,0.0,0.0,0.0,0.0053289787356541425,0.02069466526147402
2025-08-12 00:00:00-04:00,81.63305191398203,81.67256064663253,81.62317284693934,81.66268157958984,2844100,0.0,0.0,0.0,0.0007261644716249904,0.000725900941774691,0.007635037521758608,0.020226088247153204
2025-08-13 00:00:00-04:00,81.73181542726405,81.77132415771484,81.72193636077141,81.77132415771484,3589200,0.0,0.0,0.0,0.0013303822018031486,0.0013294980275079969,0.011867879226872298,0.02022285672966059
2025-08-14 00:00:00-04:00,81.69230551898694,81.70218458533715,81.662675855456,81.68242645263672,3934100,0.0,0.0,0.0,-0.0010871501225376834,-0.0010877414988809124,0.014703844991782051,0.020716717241539853
2025-08-15 00:00:00-04:00,81.70218167875173,81.7219322752298,81.65279388427734,81.65279388427734,1979400,0.0,0.0,0.0,-0.00036277776807425166,-0.0003628435878478712,0.01492781500024291,0.020745168464784802
2025-08-18 00:00:00-04:00,81.6824235467542,81.69230261275295,81.64292235379803,81.65279388427734,6377300,0.0,0.0,0.0,0.0,0.0,0.01492781500024291,0.020718568270610735
2025-08-19 00:00:00-04:00,81.69229888916016,81.7120570202571,81.6824198236117,81.69229888916016,7318900,0.0,0.0,0.0,0.0004838169400400716,0.00048369993836107843,0.014398975014691572,0.020657581160890014
2025-08-20 00:00:00-04:00,81.70218086123907,81.7515611196999,81.69230179533916,81.72193145751953,2613800,0.0,0.0,0.0,0.0003627339267264773,0.0003626681546803658,0.010059808102497932,0.020281741217753977
2025-08-21 00:00:00-04:00,81.70218167875173,81.71206074475049,81.63304328779925,81.65279388427734,3399800,0.0,0.0,0.0,-0.00084601002459328,-0.0008463680930413782,0.008646698444990846,0.02028056412870604
2025-08-22 00:00:00-04:00,81.69231249580008,81.84046836162752,81.68243342860616,81.8305892944336,4815300,0.0,0.0,0.0,0.0021774565412695512,0.0021750893185019738,0.017523131007237288,0.021366387008819175
2025-08-25 00:00:00-04:00,81.78120512895352,81.79107666015625,81.77132606223077,81.79107666015625,5797100,0.0,0.0,0.0,-0.00048285897264133126,-0.0004829755865752952,0.018582599209346674,0.021509397919170222
2025-08-26 00:00:00-04:00,81.82070550242457,81.87009330002189,81.82070550242457,81.86021423339844,1673600,0.0,0.0,0.0,0.000845294817788611,0.0008449377573241936,0.01893391599758979,0.02150849397624667
2025-08-27 00:00:00-04:00,81.87008394876645,81.91947174072266,81.8602048832714,81.91947174072266,2399500,0.0,0.0,0.0,0.0007238865409668893,0.0007236246614778637,0.019048775272290062,0.02087747490761304
2025-08-28 00:00:00-04:00,81.88984680175781,81.90959739836774,81.8799677356931,81.88984680175781,1824800,0.0,0.0,0.0,-0.0003616348877176767,-0.00036170029338280623,0.01713288320252684,0.021012672503442107
2025-08-29 00:00:00-04:00,81.9293548037374,81.97874260264584,81.9194832723718,81.95899200439453,2757600,0.0,0.0,0.0,0.0008443684453838252,0.0008440121668874866,0.010716875420369943,0.012411557127007046
2025-09-02 00:00:00-04:00,81.90746377904638,81.93718585456467,81.89756145988845,81.91737365722656,4372200,0.258,0.0,0.0,-0.0005077947660183657,-0.0005079237374430879,0.010834473826731462,0.01265566079222235
2025-09-03 00:00:00-04:00,81.91737012154864,81.99663402552444,81.9074602437962,81.97681427001953,3284400,0.0,0.0,0.0,0.0007256166810436504,0.000725353548540941,0.010488947192391027,0.012653551199923226
2025-09-04 00:00:00-04:00,82.01644275753932,82.03626251220703,81.99663056189323,82.03626251220703,3232700,0.0,0.0,0.0,0.0007251836109620768,0.0007249207923807491,0.010492370743673542,0.012776186154068343
2025-09-05 00:00:00-04:00,82.21460307257647,82.24432514576011,82.14524904880739,82.1551513671875,5352500,0.0,0.0,0.0,0.0014492232012981443,0.0014481740908290593,0.01130427725873704,0.013182733520029017
2025-09-08 00:00:00-04:00,82.21460653309234,82.22450885188924,82.18487689963565,82.20469665527344,2281200,0.0,0.0,0.0,0.0006030697681329578,0.0006028879946380678,0.011168268490261816,0.013041071611808815
2025-09-09 00:00:00-04:00,82.2046994880626,82.23442156352152,82.13534545898438,82.13534545898438,2467600,0.0,0.0,0.0,-0.0008436403163177841,-0.0008439963810839224,0.013313647139700789,0.013684310109411756
2025-09-10 00:00:00-04:00,82.19478268166812,82.19478268166812,82.14524841308594,82.14524841308594,8269500,0.0,0.0,0.0,0.00012056872770460636,0.00012056145987973194,0.013451203446222951,0.013617680815454563
2025-09-11 00:00:00-04:00,82.20469460787412,82.23441668156855,82.16506265660762,82.17497253417969,4892400,0.0,0.0,0.0,0.00036184833168051433,0.0003617828803614354,0.01316052638580538,0.01306368083207997
2025-09-12 00:00:00-04:00,82.17497182817053,82.17497182817053,82.13533987724452,82.1650619506836,3057500,0.0,0.0,0.0,-0.00012060342937103563,-0.0001206107025494097,0.00881177606589148,0.012175218386692003
2025-09-15 00:00:00-04:00,82.21460582724497,82.21460582724497,82.19478607177734,82.19478607177734,1917300,0.0,0.0,0.0,0.00036176107445262673,0.00036169565469220516,0.00793619474906085,0.011925204450857717
2025-09-16 00:00:00-04:00,82.22450326982653,82.25422534224344,82.21460095170187,82.23441314697266,2091100,0.0,0.0,0.0,0.0004821117870019709,0.0004819956084535863,0.0038278890407207468,0.011870325888421539
2025-09-17 00:00:00-04:00,82.25423022013636,82.3235842462292,82.19478607177734,82.19478607177734,4243800,0.0,0.0,0.0,-0.0004818794672309945,-0.00048199560845367626,0.00648824163009913,0.01222132660370569
2025-09-18 00:00:00-04:00,82.1650619506836,82.19478402412265,82.14524975473145,82.1650619506836,2847600,0.0,0.0,0.0,-0.0003616302507046809,-0.00036169565469230887,0.006818377176959092,0.01244587999057744
2025-09-19 00:00:00-04:00,82.19478607177734,82.21460582724497,82.18487619404354,82.19478607177734,2196900,0.0,0.0,0.0,0.00036176107445262673,0.00036169565469220516,0.007235238617417078,0.011726137761886737
2025-09-22 00:00:00-04:00,82.2046931951747,82.21460307257647,82.1551513671875,82.1551513671875,1835800,0.0,0.0,0.0,-0.00048220460790826536,-0.0004823209059380093,0.007581528321670523,0.00981683327496082
2025-09-23 00:00:00-04:00,82.1749731696544,82.20469524357867,82.16506329200568,82.18487548828125,2433300,0.0,0.0,0.0,0.00036180471460522945,0.000361739279062257,0.007031361883822452,0.009492198275968129
2025-09-24 00:00:00-04:00,82.17497048603957,82.18487280434304,82.14524841308594,82.14524841308594,3073900,0.0,0.0,0.0,-0.00048216992433069983,-0.0004822862056283963,0.007032302779676824,0.009539575615116461
2025-09-25 00:00:00-04:00,82.09571697395504,82.10562685253413,82.06599489724034,82.07589721679688,3458200,0.0,0.0,0.0,-0.0008442508559998174,-0.0008446074364634463,0.008709563921767161,0.009955565239469786
2025-09-26 00:00:00-04:00,82.10562267835991,82.13534475356356,82.08580292220935,82.12543487548828,2291700,0.0,0.0,0.0,0.0006035591491684311,0.0006033770806009083,0.009820205004887613,0.009957181228497035
2025-09-29 00:00:00-04:00,82.13533917140562,82.16506124458927,82.13533917140562,82.1551513671875,3836900,0.0,0.0,0.0,0.00036184273172223946,0.00036177728242874746,0.0099496689338353,0.009649485104983898
2025-09-30 00:00:00-04:00,82.18487619404354,82.22450814595686,82.18487619404354,82.19478607177734,4044100,0.0,0.0,0.0,0.0004824372413689826,0.0004823209059379118,0.01025798600126537,0.009433177828760487
2025-10-01 00:00:00-04:00,82.30013224994119,82.31007280251718,82.26037762205716,82.29019927978516,4194100,0.256,0.0,0.0,0.001160818253416851,0.001160145024855086,0.011680423495411676,0.009889109708113497
2025-10-02 00:00:00-04:00,82.2802597768507,82.31007385253906,82.26037867144508,82.31007385253906,1896800,0.0,0.0,0.0,0.00024151810212935665,0.00024148894132767506,0.0056632707911316305,0.00968959675912782
2025-10-03 00:00:00-04:00,82.31007225382022,82.33988632892951,82.28025817871094,82.28025817871094,2282300,0.0,0.0,0.0,-0.00036223602327878357,-0.00036230164659496186,0.008660496950225898,0.008579711323125985
2025-10-06 00:00:00-04:00,82.27032415925613,82.29020526585435,82.26038360595703,82.26038360595703,2637300,0.0,0.0,0.0,-0.00024154728234737632,-0.0002415764595907315,0.009720944179667972,0.008414051229775649
2025-10-07 00:00:00-04:00,82.28025922861171,82.320013856738,82.27031867597513,82.30013275146484,2301800,0.0,0.0,0.0,0.00048321128306683114,0.00048309457409000567,0.009722080583889575,0.007879681330202344
2025-10-08 00:00:00-04:00,82.32994632524921,82.32994632524921,82.28025872720916,82.29019927978516,2942100,0.0,0.0,0.0,-0.00012069812462744967,-0.00012070540923225861,0.005589721629992888,0.007917912121177664
2025-10-09 00:00:00-04:00,82.29019873122067,82.30013170131049,82.2703176262012,82.28025817871094,2884700,0.0,0.0,0.0,-0.00012080540770620374,-0.00012081270526719841,0.0051805126187197195,0.007882002587564038
2025-10-10 00:00:00-04:00,82.36970026673144,82.44920952183693,82.33988619167185,82.41939544677734,5552900,0.0,0.0,0.0,0.0016910164254007043,0.0016895882669248333,0.012819392240278558,0.009726293547187423
2025-10-13 00:00:00-04:00,82.43927749737429,82.57841491699219,82.41940397275204,82.57841491699219,9266400,0.0,0.0,0.0,0.001929393795633061,0.0019275349060597139,0.01559738267376838,0.01158336709175683
2025-10-14 00:00:00-04:00,82.48896949234523,82.51878356933594,82.46909596849157,82.51878356933594,6221200,0.0,0.0,0.0,-0.0007221178526639616,-0.0007223787053456749,0.01898482259727875,0.01202049209726452
2025-10-15 00:00:00-04:00,82.48896734731213,82.508840870649,82.46909382397526,82.4790267944336,3720300,0.0,0.0,0.0,-0.0004817906079400691,-0.0004819067063265911,0.0199163763238794,0.012020427903938178
2025-10-16 00:00:00-04:00,82.469092086323,82.6181624642591,82.469092086323,82.58834838867188,5563700,0.0,0.0,0.0,0.001325447189268525,0.00132456955955838,0.01990977083223499,0.012507282495668575
2025-10-17 00:00:00-04:00,82.58835547051366,82.60823657755661,82.55854139236993,82.57841491699219,3354600,0.0,0.0,0.0,-0.00012027691403804219,-0.00012028414788611655,0.018617771736879885,0.012570739894710532
2025-10-20 00:00:00-04:00,82.58834838867188,82.58834838867188,82.55853431308466,82.58834838867188,3331400,0.0,0.0,0.0,0.00012029138231417491,0.00012028414788599914,0.012640854145780079,0.012294899826463378
2025-10-21 00:00:00-04:00,82.60823059082031,82.61816356120124,82.58834948521817,82.60823059082031,4726800,0.0,0.0,0.0,0.00024073858524054081,0.00024070961235716303,0.010768473345308888,0.012289540653191705
2025-10-22 00:00:00-04:00,82.58834948521817,82.62810411400231,82.58834948521817,82.60823059082031,6952900,0.0,0.0,0.0,0.0,0.0,0.009232855978845097,0.012021032792584081
2025-10-23 00:00:00-04:00,82.58834624099202,82.59828679340261,82.54859161376953,82.54859161376953,4405500,0.0,0.0,0.0,-0.0007219495760196759,-0.0007222103071121872,0.0059491970735593,0.0118761143077511
2025-10-24 00:00:00-04:00,82.60823004248117,82.61816301279617,82.57840838427592,82.5982894897461,2293400,0.0,0.0,0.0,0.0006020438992961896,0.000601862743573335,0.007713708029032117,0.0118755805750011
2025-10-27 00:00:00-04:00,82.57841491699219,82.58835547051366,82.54860083884846,82.57841491699219,6043700,0.0,0.0,0.0,-0.00024061724373081184,-0.00024064619670428506,0.007923948332896145,0.012017174494905148
2025-10-28 00:00:00-04:00,82.56847486575374,82.59828894134097,82.55853431308466,82.58834838867188,6114700,0.0,0.0,0.0,0.00012029138231417491,0.00012028414788599914,0.007713820483055891,0.011995902274959237
2025-10-29 00:00:00-04:00,82.5982880292602,82.5982880292602,82.41939599529225,82.42933654785156,5335000,0.0,0.0,0.0,-0.0019253544104306242,-0.0019272102877638453,0.015319253412552103,0.013727949968235993
2025-10-30 00:00:00-04:00,82.40946357072724,82.45915875600528,82.39953059960818,82.43927764892578,3799300,0.0,0.0,0.0,0.00012060149323711578,0.00012059422146168237,0.01548532326848129,0.013716349856233722
2025-10-31 00:00:00-04:00,82.4690933227539,82.47902629315188,82.44921221711766,82.4690933227539,3592700,0.0,0.0,0.0,0.000361668305187024,0.0003616029189704752,0.014712540012446339,0.013648167222937966
2025-11-03 00:00:00-05:00,82.46211188622665,82.50199291643193,82.46211188622665,82.47208404541016,5418800,0.263,0.0,0.0,3.626476945184365e-05,3.626411190098919e-05,0.014927719773167465,0.01358740531538361
2025-11-04 00:00:00-05:00,82.5119634309574,82.53190014239829,82.50199127197266,82.50199127197266,6502000,0.0,0.0,0.0,0.0003626345436600342,0.00036256880764552605,0.01540541582561516,0.013552395343980181
2025-11-05 00:00:00-05:00,82.50198692715419,82.51195908561377,82.43219703099355,82.44216918945312,3952600,0.0,0.0,0.0,-0.0007250986503141155,-0.0007253616614875091,0.007095141808358729,0.013862709491305022
2025-11-06 00:00:00-05:00,82.53189795846664,82.5717789868217,82.52192579974579,82.5418701171875,3725200,0.0,0.0,0.0,0.0012093438190019512,0.0012086131517915928,0.011060988858157749,0.014385318777064544
2025-11-07 00:00:00-05:00,82.56180464548787,82.63159454163214,82.56180464548787,82.58174896240234,2942900,0.0,0.0,0.0,0.00048313474310957005,0.00048301807109692624,0.011172019361600642,0.013275457478776505
2025-11-10 00:00:00-05:00,82.57177788368529,82.58175004227293,82.55184117303831,82.56180572509766,6287900,0.0,0.0,0.0,-0.0002414969113062604,-0.0002415260763809571,0.011704557307896218,0.011410462446948318
2025-11-11 00:00:00-05:00,82.61166271470472,82.63159942626953,82.59171839661128,82.63159942626953,4175200,0.0,0.0,0.0,0.0008453509532515557,0.0008449938453746257,0.012552117694489174,0.01146905602665978
2025-11-12 00:00:00-05:00,82.60169219970703,82.62163651819743,82.59172004046182,82.60169219970703,2369900,0.0,0.0,0.0,-0.0003619344992733531,-0.00036200001337258723,0.010800173393476803,0.011400460287990733
2025-11-13 00:00:00-05:00,82.55184173583984,82.58175060527837,82.55184173583984,82.55184173583984,5328100,0.0,0.0,0.0,-0.0006035041479133252,-0.0006036863298436541,0.009716628982157883,0.010622974400441004
2025-11-14 00:00:00-05:00,82.63159454163214,82.64156670008937,82.55184009355882,82.58174896240234,5750000,0.0,0.0,0.0,0.00036228418329176115,0.0003622185742226365,0.0093894814244649,0.010701510278001876
2025-11-17 00:00:00-05:00,82.58174950227243,82.58174950227243,82.56180518522757,82.57177734375,7200800,0.0,0.0,0.0,-0.0001207484556531302,-0.00012075574633479978,0.00923151485346562,0.01070044587232804
2025-11-18 00:00:00-05:00,82.65154430782715,82.67148101952787,82.6016911187823,82.62163543701172,3498300,0.0,0.0,0.0,0.0006038151880169984,0.0006036329649753621,0.007948169778923802,0.010889153208193123
2025-11-19 00:00:00-05:00,82.65154484855042,82.67148156038158,82.60169165917942,82.61166381835938,2679800,0.0,0.0,0.0,-0.00012069016304994129,-0.00012069744669371846,0.007472284418190234,0.010898801748998184
2025-11-20 00:00:00-05:00,82.65154102051086,82.71135875976258,82.64156886179278,82.68144989013672,5810700,0.0,0.0,0.0,0.0008447484114444404,0.0008443918123153558,0.0068554157773997836,0.010936733756107594
2025-11-21 00:00:00-05:00,82.7711786588928,82.7911229768494,82.73130523603676,82.7811508178711,4849600,0.0,0.0,0.0,0.00120584396943757,0.0012051175235265575,0.00938113176516289,0.01151333781849465
2025-11-24 00:00:00-05:00,82.78115027761021,82.79112243652344,82.75124140739909,82.79112243652344,5120700,0.0,0.0,0.0,0.0001204575987869827,0.0001204503443529919,0.008520631916233406,0.011438249287130194
2025-11-25 00:00:00-05:00,82.80109184972251,82.85093742957864,82.79111969113997,82.8409652709961,4276700,0.0,0.0,0.0,0.0006020311478549534,0.0006018499998043258,0.008519678604110313,0.011560618897136792
2025-11-26 00:00:00-05:00,82.82102912308798,82.83100128173828,82.79112025366544,82.83100128173828,4349400,0.0,0.0,0.0,-0.0001202785267556683,-0.00012028576079773998,0.008517696780625743,0.008671114976016896
2025-11-28 00:00:00-05:00,82.85093799251054,82.86091015116082,82.8110569644377,82.83100128173828,2799600,0.0,0.0,0.0,0.0,0.0,0.008664581198771148,0.008704238814438272
2025-12-01 00:00:00-05:00,82.79000091552734,82.79000091552734,82.76000213623047,82.76000213623047,3358500,0.249,0.0,0.0,-0.0008571566733368563,-0.0008575242421759116,0.008374222261587187,0.009510891030955468
2025-12-02 00:00:00-05:00,82.80000305175781,82.81999969482422,82.77999877929688,82.80999755859375,4653000,0.0,0.0,0.0,0.0006041012696083037,0.0006039188738896259,0.009610647353745044,0.009613075819478022
2025-12-03 00:00:00-05:00,82.87000274658203,82.87000274658203,82.83000183105469,82.86000061035156,2121300,0.0,0.0,0.0,0.0006038286829126438,0.0006036464517274107,0.009617208513444558,0.00970335316019932
2025-12-04 00:00:00-05:00,82.83999633789062,82.83999633789062,82.80000305175781,82.80000305175781,2473900,0.0,0.0,0.0,-0.0007240834920565486,-0.0007243457671219556,0.011114110692158959,0.009702046915709795
2025-12-05 00:00:00-05:00,82.81999969482422,82.81999969482422,82.7699966430664,82.7699966430664,2172300,0.0,0.0,0.0,-0.00036239622687750384,-0.00036246190825906725,0.01125758977725256,0.00915820632349466
2025-12-08 00:00:00-05:00,82.7699966430664,82.7699966430664,82.70999908447266,82.75,3378600,0.0,0.0,0.0,-0.00024159289449576793,-0.00024162208276031622,0.009526872751780381,0.009157446652519642
2025-12-09 00:00:00-05:00,82.79000091552734,82.79000091552734,82.70999908447266,82.70999908447266,2709900,0.0,0.0,0.0,-0.00048339474957515005,-0.00048351162248245924,0.008018576683001597,0.009316638840735813
2025-12-10 00:00:00-05:00,82.72000122070312,82.8499984741211,82.70999908447266,82.8499984741211,4431300,0.0,0.0,0.0,0.0016926537443853196,0.0016912228205143382,0.01549273671297148,0.010621979056630464
2025-12-11 00:00:00-05:00,82.88999938964844,82.9000015258789,82.8499984741211,82.86000061035156,3552400,0.0,0.0,0.0,0.00012072584688804788,0.00012071856010945691,0.014193279562882789,0.010461130656526221
2025-12-12 00:00:00-05:00,82.86000061035156,82.88999938964844,82.8499984741211,82.87000274658203,4256400,0.0,0.0,0.0,0.00012071127391743985,0.00012070398889786457,0.013502372763493567,0.01007207840612192
2025-12-15 00:00:00-05:00,82.93000030517578,82.94000244140625,82.9000015258789,82.91999816894531,5252200,0.0,0.0,0.0,0.0006032993931008868,0.0006031174811832514,0.012916240847235909,0.010161883359814711
2025-12-16 00:00:00-05:00,82.94000244140625,82.9800033569336,82.93000030517578,82.95999908447266,4004800,0.0,0.0,0.0,0.00048240371937602333,0.0004822874001088507,0.010248205979932012,0.010131257448750569
2025-12-17 00:00:00-05:00,82.94999694824219,82.9800033569336,82.94000244140625,82.97000122070312,5873900,0.0,0.0,0.0,0.00012056577074304187,0.00012055850327463718,0.003732999617796687,0.010042603768721538
2025-12-18 00:00:00-05:00,83.04000091552734,83.04000091552734,82.9800033569336,83.02999877929688,3896800,0.0,0.0,0.0,0.0007231235110405354,0.0007228621832083699,0.004405808186886848,0.010119795126554892
2025-12-19 00:00:00-05:00,82.76000213623047,82.7699966430664,82.73999786376953,82.76000213623047,3335303,0.0,0.0,0.0,-0.003251796302973453,-0.003257094882289974,0.02675049584581771,0.015796593883566294
