date,open,high,low,close,volume,dividends,stock_splits,capital_gains,returns,log_returns,realized_vol_5d,realized_vol_20d
2010-01-04 00:00:00-05:00,17.049999237060547,17.25,17.020000457763672,17.229999542236328,9720500,0.0,0.0,0.0,,,,
2010-01-05 00:00:00-05:00,17.239999771118164,17.549999237060547,17.18000030517578,17.510000228881836,13318600,0.0,0.0,0.0,0.01625076576230522,0.016120135397242913,,
2010-01-06 00:00:00-05:00,17.65999984741211,17.899999618530273,17.6299991607666,17.860000610351562,14047000,0.0,0.0,0.0,0.019988599479994207,0.019791450253318965,,
2010-01-07 00:00:00-05:00,17.860000610351562,18.020000457763672,17.799999237060547,17.889999389648438,12587200,0.0,0.0,0.0,0.0016796628371607003,0.0016782537811427965,,
2010-01-08 00:00:00-05:00,18.139999389648438,18.15999984741211,17.93000030517578,18.149999618530273,11736100,0.0,0.0,0.0,0.014533272093473437,0.014428676289528866,,
2010-01-11 00:00:00-05:00,18.440000534057617,18.450000762939453,18.200000762939453,18.209999084472656,19132300,0.0,0.0,0.0,0.003305755768783891,0.003300303770195505,0.1296483367920894,
2010-01-12 00:00:00-05:00,18.15999984741211,18.270000457763672,17.809999465942383,17.90999984741211,13602000,0.0,0.0,0.0,-0.016474423511440572,-0.016611635910522553,0.2230655654030634,
2010-01-13 00:00:00-05:00,18.049999237060547,18.270000457763672,17.850000381469727,18.270000457763672,15448700,0.0,0.0,0.0,0.020100536762627685,0.019901187892481118,0.22355274003368644,
2010-01-14 00:00:00-05:00,18.219999313354492,18.3799991607666,18.100000381469727,18.309999465942383,8812200,0.0,0.0,0.0,0.002189327157992249,0.002186934073483323,0.22315806555320736,
2010-01-15 00:00:00-05:00,18.190000534057617,18.200000762939453,18.040000915527344,18.049999237060547,9979700,0.0,0.0,0.0,-0.01419990368462054,-0.014301687008105796,0.23647662376545117,
2010-01-19 00:00:00-05:00,18.190000534057617,18.450000762939453,18.170000076293945,18.450000762939453,8637200,0.0,0.0,0.0,0.022160750292865128,0.02191876932749185,0.29000973529850793,
2010-01-20 00:00:00-05:00,17.969999313354492,17.979999542236328,17.459999084472656,17.56999969482422,18988600,0.0,0.0,0.0,-0.04769653288486009,-0.04887152700840111,0.4570403391311876,
2010-01-21 00:00:00-05:00,17.479999542236328,17.600000381469727,17.010000228881836,17.06999969482422,14711800,0.0,0.0,0.0,-0.028457598672997686,-0.028870365901418695,0.4282454834753204,
2010-01-22 00:00:00-05:00,16.829999923706055,16.860000610351562,16.549999237060547,16.780000686645508,17047800,0.0,0.0,0.0,-0.01698881156199672,-0.017134776968916837,0.40588419773143125,
2010-01-25 00:00:00-05:00,16.739999771118164,16.860000610351562,16.670000076293945,16.829999923706055,8190200,0.0,0.0,0.0,0.002979692193954442,0.0029752617099728894,0.4309953216630119,
2010-01-26 00:00:00-05:00,16.18000030517578,16.610000610351562,16.139999389648438,16.43000030517578,20906900,0.0,0.0,0.0,-0.023767060032296894,-0.02405405304602491,0.2917567037016263,
2010-01-27 00:00:00-05:00,16.350000381469727,16.420000076293945,16.1200008392334,16.260000228881836,11295600,0.0,0.0,0.0,-0.010346930805618548,-0.010400832427440403,0.19544741715130257,
2010-01-28 00:00:00-05:00,16.3799991607666,16.3799991607666,15.699999809265137,15.920000076293945,20523400,0.0,0.0,0.0,-0.02091021819200012,-0.021131932987467943,0.1690369639256561,
2010-01-29 00:00:00-05:00,15.869999885559082,16.010000228881836,15.720000267028809,15.899999618530273,15405700,0.0,0.0,0.0,-0.0012563101550140399,-0.0012570999741913721,0.18638703657538763,
2010-02-01 00:00:00-05:00,16.020000457763672,16.389999389648438,15.9399995803833,16.360000610351562,12442600,0.0,0.0,0.0,0.028930880682864313,0.02852028324777407,0.3365754108793477,
2010-02-02 00:00:00-05:00,16.469999313354492,16.469999313354492,16.280000686645508,16.350000381469727,10819800,0.0,0.0,0.0,-0.0006112609112929324,-0.0006114478074091774,0.29482666170426386,0.3148457602588599
2010-02-03 00:00:00-05:00,16.229999542236328,16.31999969482422,15.970000267028809,16.06999969482422,10828800,0.0,0.0,0.0,-0.017125423860102518,-0.017273759915726092,0.31202462419977994,0.31084619990200074
2010-02-04 00:00:00-05:00,15.770000457763672,15.770000457763672,15.010000228881836,15.039999961853027,29822600,0.0,0.0,0.0,-0.06409457078601755,-0.06624084477369181,0.5414669122719034,0.3632950299710689
2010-02-05 00:00:00-05:00,14.869999885559082,14.9399995803833,14.369999885559082,14.899999618530273,31691600,0.0,0.0,0.0,-0.009308533489218451,-0.00935212863590779,0.5354807516174365,0.3613793798340493
2010-02-08 00:00:00-05:00,14.800000190734863,14.979999542236328,14.6899995803833,14.75,13174200,0.0,0.0,0.0,-0.010067088749702191,-0.0101181045635892,0.40011920153370145,0.3506567556464812
2010-02-09 00:00:00-05:00,14.970000267028809,15.300000190734863,14.869999885559082,15.119999885559082,14775100,0.0,0.0,0.0,0.02508473800400557,0.024775280396714304,0.5068826769433055,0.36969027665627646
2010-02-10 00:00:00-05:00,15.0600004196167,15.100000381469727,14.800000190734863,14.949999809265137,8823900,0.0,0.0,0.0,-0.011243391374381573,-0.011307076104032615,0.5071235555910967,0.3687513418396022
2010-02-11 00:00:00-05:00,15.0,15.460000038146973,14.899999618530273,15.369999885559082,13030900,0.0,0.0,0.0,0.02809365094664784,0.027706263026260915,0.32056299219789075,0.37801552298804175
2010-02-12 00:00:00-05:00,15.050000190734863,15.260000228881836,14.930000305175781,15.239999771118164,11327700,0.0,0.0,0.0,-0.008458042642086161,-0.008494014864764431,0.3183018497137152,0.3759689261097441
2010-02-16 00:00:00-05:00,15.550000190734863,15.90999984741211,15.489999771118164,15.819999694824219,15854400,0.0,0.0,0.0,0.03805773834755777,0.037351407808996234,0.3586197331151137,0.4103230141815457
2010-02-17 00:00:00-05:00,15.890000343322754,15.979999542236328,15.59000015258789,15.739999771118164,12203900,0.0,0.0,0.0,-0.005056885287565982,-0.005069714601158779,0.36532860050229377,0.3964669951962981
2010-02-18 00:00:00-05:00,15.899999618530273,15.960000038146973,15.65999984741211,15.880000114440918,9713400,0.0,0.0,0.0,0.008894558154927346,0.008855234577752185,0.32306233715838084,0.3706283211370972
2010-02-19 00:00:00-05:00,15.84000015258789,16.200000762939453,15.6899995803833,15.970000267028809,13879600,0.0,0.0,0.0,0.005667515865194872,0.005651515921976101,0.29173025918168727,0.3613964120383844
2010-02-22 00:00:00-05:00,16.059999465942383,16.09000015258789,15.829999923706055,15.899999618530273,7402000,0.0,0.0,0.0,-0.004383259068758805,-0.004392893713193796,0.27854148716592075,0.35771140894643655
2010-02-23 00:00:00-05:00,15.699999809265137,15.739999771118164,15.489999771118164,15.569999694824219,11098000,0.0,0.0,0.0,-0.020754712680713827,-0.020973118988714973,0.18408616687488372,0.36282139003203795
2010-02-24 00:00:00-05:00,15.539999961853027,15.699999809265137,15.529999732971191,15.619999885559082,6956400,0.0,0.0,0.0,0.0032113161024327486,0.003206170839312633,0.1879420553591789,0.35552944219351107
2010-02-25 00:00:00-05:00,15.380000114440918,15.859999656677246,15.350000381469727,15.770000457763672,11448700,0.0,0.0,0.0,0.009603109686528777,0.009557292917469828,0.19045498519215326,0.3565796190524707
2010-02-26 00:00:00-05:00,15.920000076293945,16.219999313354492,15.819999694824219,16.06999969482422,10803600,0.0,0.0,0.0,0.019023413338764783,0.01884473075657141,0.23883300432133234,0.35560473692348665
2010-03-01 00:00:00-05:00,16.229999542236328,16.299999237060547,16.100000381469727,16.110000610351562,6948400,0.0,0.0,0.0,0.002489167161604078,0.0024860743163675324,0.23337890647746048,0.35557853155034314
2010-03-02 00:00:00-05:00,16.309999465942383,16.760000228881836,16.299999237060547,16.559999465942383,14692800,0.0,0.0,0.0,0.027932888798382294,0.027549881631871807,0.1730987238341187,0.3545511477642953
2010-03-03 00:00:00-05:00,16.8700008392334,17.020000457763672,16.809999465942383,16.81999969482422,14361200,0.0,0.0,0.0,0.015700497419493198,0.015578519693919378,0.15258799070468254,0.3583681666487257
2010-03-04 00:00:00-05:00,16.920000076293945,16.959999084472656,16.729999542236328,16.790000915527344,8859400,0.0,0.0,0.0,-0.0017835184209965549,-0.0017851107835959261,0.19362004411690803,0.3517770651820393
2010-03-05 00:00:00-05:00,16.940000534057617,17.15999984741211,16.90999984741211,17.010000228881836,8306900,0.0,0.0,0.0,0.013102995911753457,0.013017894245912135,0.18578938108388265,0.25021720817532106
2010-03-08 00:00:00-05:00,17.149999618530273,17.170000076293945,16.780000686645508,16.889999389648438,6989300,0.0,0.0,0.0,-0.007054722964062399,-0.00707972518064441,0.22345083729443652,0.24847549930518426
2010-03-09 00:00:00-05:00,16.709999084472656,17.06999969482422,16.68000030517578,16.920000076293945,7135900,0.0,0.0,0.0,0.0017762396524356738,0.001774664004327413,0.15467683988427725,0.24152259751430064
2010-03-10 00:00:00-05:00,17.030000686645508,17.309999465942383,16.600000381469727,16.65999984741211,17111900,0.0,0.0,0.0,-0.015366443718053735,-0.015485731107416047,0.16772384314235766,0.24400826333322115
2010-03-11 00:00:00-05:00,16.6299991607666,16.84000015258789,16.559999465942383,16.809999465942383,7328800,0.0,0.0,0.0,0.009003578625697006,0.008963288070531227,0.18468019693738674,0.23663479553002748
2010-03-12 00:00:00-05:00,16.84000015258789,16.90999984741211,16.6299991607666,16.760000228881836,7147100,0.0,0.0,0.0,-0.002974374696551707,-0.0029788069399196856,0.14554404618296274,0.22346722702068428
2010-03-15 00:00:00-04:00,16.709999084472656,16.81999969482422,16.670000076293945,16.739999771118164,4834300,0.0,0.0,0.0,-0.0011933447190057844,-0.0011940573217919018,0.14093718372581204,0.21935970210778563
2010-03-16 00:00:00-04:00,17.100000381469727,17.149999618530273,16.979999542236328,17.049999237060547,8699500,0.0,0.0,0.0,0.018518486868633666,0.018349107593763653,0.2035462362141435,0.1889148072746222
2010-03-17 00:00:00-04:00,17.059999465942383,17.200000762939453,17.049999237060547,17.079999923706055,6398100,0.0,0.0,0.0,0.0017595711429885252,0.0017580249112223933,0.1400254164555462,0.18619765512938466
2010-03-18 00:00:00-04:00,17.1200008392334,17.200000762939453,16.979999542236328,17.079999923706055,7116700,0.0,0.0,0.0,0.0,0.0,0.1384801347660382,0.18587362026215642
2010-03-19 00:00:00-04:00,16.649999618530273,17.040000915527344,16.639999389648438,16.649999618530273,10860200,0.0,0.0,0.0,-0.025175662007993704,-0.025497990378207325,0.2476942839437857,0.21198362525732284
2010-03-22 00:00:00-04:00,16.329999923706055,16.639999389648438,16.290000915527344,16.600000381469727,7588600,0.0,0.0,0.0,-0.003002957249614635,-0.003007475172756559,0.24801580213718055,0.2114735342485069
2010-03-23 00:00:00-04:00,16.520000457763672,16.81999969482422,16.450000762939453,16.719999313354492,8120800,0.0,0.0,0.0,0.00722885115223959,0.0072028482466383326,0.19835693968530008,0.19369638769328942
2010-03-24 00:00:00-04:00,16.3700008392334,16.440000534057617,16.260000228881836,16.290000915527344,8797700,0.0,0.0,0.0,-0.025717608581700246,-0.026054087773486098,0.24086846737384723,0.21998168124399808
2010-03-25 00:00:00-04:00,16.43000030517578,16.489999771118164,16.25,16.31999969482422,10296300,0.0,0.0,0.0,0.0018415455869176256,0.001839852020710764,0.24567097947990513,0.2182325749753679
2010-03-26 00:00:00-04:00,16.479999542236328,16.639999389648438,16.350000381469727,16.610000610351562,9090700,0.0,0.0,0.0,0.017769664273910246,0.017613629534768725,0.25610585539941044,0.21696229665601918
2010-03-29 00:00:00-04:00,16.940000534057617,17.09000015258789,16.889999389648438,17.040000915527344,9624900,0.0,0.0,0.0,0.02588803668723516,0.025558614758065555,0.3132029819417462,0.2333120713263726
2010-03-30 00:00:00-04:00,17.010000228881836,17.049999237060547,16.889999389648438,16.950000762939453,5954700,0.0,0.0,0.0,-0.005281698811757662,-0.00529569629166328,0.32109942646182915,0.21515259275026974
2010-03-31 00:00:00-04:00,17.200000762939453,17.290000915527344,17.079999923706055,17.139999389648438,8725200,0.0,0.0,0.0,0.011209358003358316,0.011146998722221592,0.19666833944897835,0.21171556591860907
2010-04-01 00:00:00-04:00,17.579999923706055,17.639999389648438,17.469999313354492,17.540000915527344,9625900,0.0,0.0,0.0,0.023337312725955073,0.023069161580720372,0.19772914831378555,0.22561404263277235
2010-04-05 00:00:00-04:00,17.6200008392334,17.780000686645508,17.56999969482422,17.75,7501200,0.0,0.0,0.0,0.011972581158006257,0.011901476780847289,0.19612252556397644,0.22492968823800522
2010-04-06 00:00:00-04:00,17.68000030517578,17.739999771118164,17.559999465942383,17.610000610351562,6045500,0.0,0.0,0.0,-0.007887289557658494,-0.00791855875393745,0.20717300698108884,0.22540426560776672
2010-04-07 00:00:00-04:00,17.729999542236328,17.899999618530273,17.729999542236328,17.770000457763672,7859700,0.0,0.0,0.0,0.009085737755060386,0.00904471075954889,0.17801170126828877,0.22671782567792723
2010-04-08 00:00:00-04:00,17.649999618530273,17.780000686645508,17.610000610351562,17.719999313354492,7223200,0.0,0.0,0.0,-0.002813795336022884,-0.002817761499848751,0.1966110478732578,0.21776213881851703
2010-04-09 00:00:00-04:00,17.93000030517578,18.079999923706055,17.920000076293945,18.010000228881836,8924900,0.0,0.0,0.0,0.016365740788081506,0.0162332654692741,0.16286543118019103,0.221902889555798
2010-04-12 00:00:00-04:00,18.030000686645508,18.1299991607666,17.790000915527344,17.799999237060547,11745000,0.0,0.0,0.0,-0.0116602437064115,-0.011728757460190337,0.18691623988117945,0.22736298931918106
2010-04-13 00:00:00-04:00,17.940000534057617,17.940000534057617,17.59000015258789,17.84000015258789,10595200,0.0,0.0,0.0,0.0022472425416770747,0.0022447212687245473,0.171036033024444,0.22682621450395468
2010-04-14 00:00:00-04:00,18.079999923706055,18.1299991607666,17.979999542236328,18.06999969482422,7389200,0.0,0.0,0.0,0.012892350911945627,0.012809952010608291,0.18185944691720898,0.22265533006036492
2010-04-15 00:00:00-04:00,17.989999771118164,18.170000076293945,17.969999313354492,18.06999969482422,5964800,0.0,0.0,0.0,0.0,0.0,0.17682378420701084,0.22287314949667672
2010-04-16 00:00:00-04:00,17.8700008392334,17.959999084472656,17.260000228881836,17.40999984741211,14532400,0.0,0.0,0.0,-0.036524618625265015,-0.03720834269988893,0.2994011619315753,0.26325964280375097
2010-04-19 00:00:00-04:00,17.290000915527344,17.43000030517578,17.25,17.3799991607666,7938100,0.0,0.0,0.0,-0.001723187071134169,-0.0017246734657780153,0.297142002281376,0.2447378051946976
2010-04-20 00:00:00-04:00,17.579999923706055,17.690000534057617,17.469999313354492,17.479999542236328,4658700,0.0,0.0,0.0,0.005753762157564735,0.005737272489598274,0.30322910918510193,0.2442129214254978
2010-04-21 00:00:00-04:00,17.559999465942383,17.790000915527344,17.489999771118164,17.770000457763672,4965000,0.0,0.0,0.0,0.016590441826192626,0.016454323887500507,0.31697190480993154,0.2487349028686114
2010-04-22 00:00:00-04:00,17.600000381469727,17.690000534057617,17.43000030517578,17.639999389648438,3201300,0.0,0.0,0.0,-0.007315760538342375,-0.0073426519488203985,0.31660175498316423,0.2281142199510125
2010-04-23 00:00:00-04:00,17.56999969482422,17.90999984741211,17.5,17.90999984741211,5771300,0.0,0.0,0.0,0.015306148928900365,0.015190191574700813,0.16561950158752664,0.23134020891584126
2010-04-26 00:00:00-04:00,17.93000030517578,18.040000915527344,17.889999389648438,17.93000030517578,7029400,0.0,0.0,0.0,0.00111672015265607,0.0011160970845250802,0.1586571766642851,0.22641971209052542
2010-04-27 00:00:00-04:00,17.81999969482422,18.049999237060547,17.709999084472656,17.8799991607666,13468900,0.0,0.0,0.0,-0.0027886861995616297,-0.0027925818290658534,0.1715442264089456,0.21194993663366118
2010-04-28 00:00:00-04:00,17.6299991607666,17.889999389648438,17.479999542236328,17.75,13065600,0.0,0.0,0.0,-0.007270646916575529,-0.007297206886951169,0.14838702960973238,0.21303255023753648
2010-04-29 00:00:00-04:00,17.75,18.209999084472656,17.75,18.139999389648438,10749500,0.0,0.0,0.0,0.021971796599911997,0.0217338951188418,0.19737222694227852,0.22216844083874587
2010-04-30 00:00:00-04:00,18.350000381469727,18.399999618530273,18.219999313354492,18.260000228881836,7331200,0.0,0.0,0.0,0.006615261481313972,0.006593476661158041,0.1794638963195905,0.20935899273856512
2010-05-03 00:00:00-04:00,18.40999984741211,18.5,18.25,18.420000076293945,9041400,0.0,0.0,0.0,0.008762313549100398,0.008724147267644165,0.18012312142636702,0.20765366134833388
2010-05-04 00:00:00-04:00,18.219999313354492,18.239999771118164,17.450000762939453,17.59000015258789,18605100,0.0,0.0,0.0,-0.04505971336961301,-0.04610646754490671,0.40795120497626053,0.2649848626232245
2010-05-05 00:00:00-04:00,16.90999984741211,17.280000686645508,16.729999542236328,17.110000610351562,22204800,0.0,0.0,0.0,-0.027288205689168787,-0.027667443847847754,0.4442979500598983,0.2796352513817495
2010-05-06 00:00:00-04:00,17.170000076293945,17.350000381469727,16.90999984741211,17.31999969482422,22286100,0.0,0.0,0.0,0.012273470308680645,0.012198761938125859,0.4083360173535266,0.28396245318887703
2010-05-07 00:00:00-04:00,17.360000610351562,18.299999237060547,17.1200008392334,18.0,22925400,0.0,0.0,0.0,0.039260988288526866,0.038509872381724625,0.5333231828848185,0.3126949821253273
2010-05-10 00:00:00-04:00,18.229999542236328,18.290000915527344,18.049999237060547,18.110000610351562,11350400,0.0,0.0,0.0,0.00611114501953125,0.006092547701617411,0.5301468726095417,0.31013915202581477
2010-05-11 00:00:00-04:00,18.690000534057617,19.020000457763672,18.649999618530273,18.950000762939453,29551700,0.0,0.0,0.0,0.046383220556478255,0.04533966619130969,0.46604823084493285,0.34948052596510903
2010-05-12 00:00:00-04:00,19.139999389648438,19.329999923706055,19.110000610351562,19.1200008392334,22013700,0.0,0.0,0.0,0.008970979918186295,0.008930979727122706,0.2977792651476074,0.34832132405641025
2010-05-13 00:00:00-04:00,19.229999542236328,19.440000534057617,18.950000762939453,18.989999771118164,15260200,0.0,0.0,0.0,-0.006799218745245916,-0.006822438744775916,0.36307377746449165,0.34994519425813614
2010-05-14 00:00:00-04:00,19.229999542236328,19.25,18.56999969482422,18.93000030517578,16161200,0.0,0.0,0.0,-0.0031595295769111242,-0.0031645314289297367,0.3362674387766304,0.318993955583207
2010-05-17 00:00:00-04:00,18.959999084472656,18.989999771118164,18.360000610351562,18.530000686645508,14636800,0.0,0.0,0.0,-0.021130460226189585,-0.02135690398935826,0.406030069039897,0.33113085444088236
2010-05-18 00:00:00-04:00,18.530000686645508,18.75,18.43000030517578,18.56999969482422,13512000,0.0,0.0,0.0,0.0021586080246362993,0.0021562815776574864,0.17892639608583302,0.33103999728248373
2010-05-19 00:00:00-04:00,18.219999313354492,18.270000457763672,17.559999465942383,17.8700008392334,20683700,0.0,0.0,0.0,-0.03769514631634174,-0.038423982796215755,0.25602952952537894,0.35705403393664786
2010-05-20 00:00:00-04:00,17.34000015258789,17.600000381469727,17.15999984741211,17.350000381469727,20414900,0.0,0.0,0.0,-0.029099072934681502,-0.02953084775499665,0.2688452496560962,0.37147659608185946
2010-05-21 00:00:00-04:00,17.18000030517578,17.510000228881836,17.049999237060547,17.290000915527344,12477900,0.0,0.0,0.0,-0.0034581823990311733,-0.0034641757331346033,0.26782811447265675,0.3667832975189634
2010-05-24 00:00:00-04:00,17.489999771118164,17.719999313354492,17.399999618530273,17.559999465942383,10021200,0.0,0.0,0.0,0.015615878318003151,0.015495205147205036,0.35295068676757974,0.3717359761752898
2010-05-25 00:00:00-04:00,17.290000915527344,17.540000915527344,17.170000076293945,17.540000915527344,9419200,0.0,0.0,0.0,-0.0011388696482494964,-0.0011395186530887508,0.3462146929277092,0.37166393388347213
2010-05-26 00:00:00-04:00,17.850000381469727,18.040000915527344,17.739999771118164,17.739999771118164,8855300,0.0,0.0,0.0,0.011402442711035965,0.011337924838835754,0.27779990058417664,0.3731919945413221
2010-05-27 00:00:00-04:00,17.8700008392334,18.200000762939453,17.8700008392334,18.1200008392334,7467100,0.0,0.0,0.0,0.02142057908782502,0.02119438295072788,0.17052116102344095,0.3727710571784825
2010-05-28 00:00:00-04:00,18.040000915527344,18.06999969482422,17.8799991607666,18.030000686645508,7096600,0.0,0.0,0.0,-0.004966895608140454,-0.0049792716314157786,0.17752867105447098,0.3723973445136587
2010-06-01 00:00:00-04:00,18.170000076293945,18.350000381469727,18.0,18.020000457763672,8308700,0.0,0.0,0.0,-0.0005546438436490053,-0.000554797715444314,0.17357653835362002,0.3708316216733237
2010-06-02 00:00:00-04:00,17.850000381469727,17.989999771118164,17.709999084472656,17.979999542236328,10515500,0.0,0.0,0.0,-0.002219806576647998,-0.0022222739994106435,0.1762256351374846,0.3322454385600074
2010-06-03 00:00:00-04:00,17.959999084472656,17.989999771118164,17.459999084472656,17.639999389648438,8540300,0.0,0.0,0.0,-0.0189099088567386,-0.019090987605654412,0.23016107991284815,0.32390883541033116
2010-06-04 00:00:00-04:00,17.280000686645508,17.31999969482422,16.940000534057617,17.049999237060547,16468400,0.0,0.0,0.0,-0.033446721825518666,-0.03401885699587312,0.22221755579280364,0.34418021240347646
2010-06-07 00:00:00-04:00,16.979999542236328,17.90999984741211,16.969999313354492,17.809999465942383,14269200,0.0,0.0,0.0,0.04457479547740206,0.04360990833283636,0.46594644344568836,0.35274520604537096
2010-06-08 00:00:00-04:00,17.979999542236328,18.110000610351562,17.860000610351562,17.889999389648438,9528800,0.0,0.0,0.0,0.004491854357381531,0.004481796088535704,0.4683795666269202,0.3524017066695021
2010-06-09 00:00:00-04:00,17.90999984741211,18.0,17.719999313354492,17.760000228881836,6964700,0.0,0.0,0.0,-0.007266582739059335,-0.007293112952200134,0.47050391836627947,0.3064411553295388
2010-06-10 00:00:00-04:00,17.6299991607666,18.06999969482422,17.610000610351562,17.860000610351562,7705400,0.0,0.0,0.0,0.00563065203721691,0.00561485917105733,0.44697166676539535,0.30492737141843984
2010-06-11 00:00:00-04:00,17.969999313354492,17.979999542236328,17.709999084472656,17.850000381469727,5563100,0.0,0.0,0.0,-0.0005599232105311103,-0.0005600800260711286,0.32266043616130785,0.30476231319955627
2010-06-14 00:00:00-04:00,18.100000381469727,18.200000762939453,17.860000610351562,17.860000610351562,5932400,0.0,0.0,0.0,0.0005602369001749263,0.0005600800260711407,0.08081979318856636,0.3050087462508646
2010-06-15 00:00:00-04:00,18.040000915527344,18.299999237060547,17.950000762939453,18.190000534057617,6959200,0.0,0.0,0.0,0.01847703876979656,0.018308412267415464,0.15263673863073832,0.30571865004264587
2010-06-16 00:00:00-04:00,18.149999618530273,18.200000762939453,18.010000228881836,18.079999923706055,4138500,0.0,0.0,0.0,-0.006047312101261637,-0.006065671145754838,0.14744180290494271,0.30607089631805084
2010-06-17 00:00:00-04:00,18.450000762939453,18.489999771118164,18.299999237060547,18.329999923706055,6895600,0.0,0.0,0.0,0.0138274336866675,0.013732706945136314,0.16495463401347157,0.27783736956217925
2010-06-18 00:00:00-04:00,18.700000762939453,18.8799991607666,18.649999618530273,18.75,9481400,0.0,0.0,0.0,0.022913261213425518,0.022654694727050954,0.194401577754353,0.26301665424113485
2010-06-21 00:00:00-04:00,18.920000076293945,18.940000534057617,18.270000457763672,18.329999923706055,9942000,0.0,0.0,0.0,-0.022400004069010437,-0.0226546947270509,0.3025140971018882,0.2783067316335925
2010-06-22 00:00:00-04:00,18.520000457763672,18.600000381469727,18.3700008392334,18.420000076293945,5624900,0.0,0.0,0.0,0.004909991978313766,0.004897977279699729,0.279926123306025,0.2744739930401383
2010-06-23 00:00:00-04:00,18.290000915527344,18.290000915527344,17.950000762939453,18.18000030517578,7992000,0.0,0.0,0.0,-0.013029303481221888,-0.013114929433389542,0.29741996242564744,0.27977871035583474
2010-06-24 00:00:00-04:00,18.010000228881836,18.450000762939453,17.989999771118164,18.260000228881836,5558100,0.0,0.0,0.0,0.004400435773550537,0.004390782165745307,0.27926922338560584,0.2777344371979416
2010-06-25 00:00:00-04:00,18.520000457763672,18.75,18.440000534057617,18.670000076293945,6324500,0.0,0.0,0.0,0.022453441526447016,0.022205073938652536,0.2768343880430481,0.27873494786010317
2010-06-28 00:00:00-04:00,18.739999771118164,18.850000381469727,18.260000228881836,18.3799991607666,9375200,0.0,0.0,0.0,-0.015532989520207319,-0.015654890372678577,0.245492911075358,0.28452095778662945
2010-06-29 00:00:00-04:00,18.270000457763672,18.309999465942383,18.010000228881836,18.1299991607666,7380300,0.0,0.0,0.0,-0.013601741643908372,-0.013695092790402699,0.2599598590153658,0.2892652702511523
2010-06-30 00:00:00-04:00,18.110000610351562,18.329999923706055,18.100000381469727,18.209999084472656,5405200,0.0,0.0,0.0,0.004412571837243862,0.004402864986443393,0.24699580817906636,0.2894079597073638
2010-07-01 00:00:00-04:00,18.059999465942383,18.06999969482422,17.360000610351562,17.440000534057617,18835800,0.0,0.0,0.0,-0.04228438161051873,-0.043204394360036404,0.3840254888860689,0.3207142924374035
2010-07-02 00:00:00-04:00,17.549999237060547,17.559999465942383,17.260000228881836,17.459999084472656,7196200,0.0,0.0,0.0,0.0011467058373069161,0.0011460488723506628,0.2935209185165122,0.29595460121176614
2010-07-06 00:00:00-04:00,17.489999771118164,17.649999618530273,17.239999771118164,17.399999618530273,7384300,0.0,0.0,0.0,-0.003436395709535911,-0.0034423136788179235,0.2998847080629962,0.2481703933350367
2010-07-07 00:00:00-04:00,17.389999389648438,17.709999084472656,17.3700008392334,17.649999618530273,6382400,0.0,0.0,0.0,0.01436781640694762,0.01426557746935436,0.34542422069046447,0.2535122181142859
2010-07-08 00:00:00-04:00,17.690000534057617,17.700000762939453,17.350000381469727,17.610000610351562,7703000,0.0,0.0,0.0,-0.0022662328069807947,-0.0022688045988025246,0.33691470588466754,0.252374695871028
2010-07-09 00:00:00-04:00,17.700000762939453,17.850000381469727,17.649999618530273,17.729999542236328,4669400,0.0,0.0,0.0,0.006814249161026575,0.0067911371000347765,0.11661065323031633,0.25277842505647574
2010-07-12 00:00:00-04:00,17.639999389648438,17.709999084472656,17.399999618530273,17.6200008392334,5234100,0.0,0.0,0.0,-0.0062041007243621715,-0.006223426129898556,0.1354220342158356,0.25366447041377554
2010-07-13 00:00:00-04:00,17.8799991607666,17.959999084472656,17.81999969482422,17.81999969482422,6930500,0.0,0.0,0.0,0.011350672307886223,0.011286736779574688,0.13964440999465577,0.2571451524077264
2010-07-14 00:00:00-04:00,17.850000381469727,18.100000381469727,17.760000228881836,17.959999084472656,6033600,0.0,0.0,0.0,0.007856307073287994,0.007825606980943842,0.11746417373000616,0.24968622872876112
2010-07-15 00:00:00-04:00,18.049999237060547,18.059999465942383,17.790000915527344,17.950000762939453,5841300,0.0,0.0,0.0,-0.0005566994455944441,-0.0005568544602645303,0.11269818220219806,0.24883260688994002
2010-07-16 00:00:00-04:00,17.56999969482422,17.56999969482422,17.360000610351562,17.489999771118164,9995600,0.0,0.0,0.0,-0.025626795112512313,-0.025960881493807084,0.2315920145697684,0.25846773007410306
2010-07-19 00:00:00-04:00,17.309999465942383,17.399999618530273,17.06999969482422,17.270000457763672,8971100,0.0,0.0,0.0,-0.012578577257490009,-0.012658357279191203,0.24196808668977304,0.2429389828894019
2010-07-20 00:00:00-04:00,17.219999313354492,17.43000030517578,17.18000030517578,17.329999923706055,6423300,0.0,0.0,0.0,0.003474201757499573,0.003468180660214804,0.2157059790277924,0.23413509659558518
2010-07-21 00:00:00-04:00,17.479999542236328,17.530000686645508,17.209999084472656,17.309999465942383,7198800,0.0,0.0,0.0,-0.0011540945096204513,-0.0011547609895255664,0.18834249021731383,0.23250594473612488
2010-07-22 00:00:00-04:00,17.43000030517578,17.809999465942383,17.420000076293945,17.709999084472656,7937500,0.0,0.0,0.0,0.023108008715845285,0.022845061763669912,0.28943059674950217,0.24677761245465007
2010-07-23 00:00:00-04:00,17.799999237060547,17.860000610351562,17.68000030517578,17.719999313354492,5449600,0.0,0.0,0.0,0.0005646656916320492,0.0005645063279490435,0.2054405058175696,0.24599890659272208
2010-07-26 00:00:00-04:00,17.799999237060547,17.84000015258789,17.670000076293945,17.780000686645508,4752900,0.0,0.0,0.0,0.003386082145375502,0.0033803622775525777,0.15605193334292458,0.23030277818155664
2010-07-27 00:00:00-04:00,17.6200008392334,17.6299991607666,17.209999084472656,17.299999237060547,11020000,0.0,0.0,0.0,-0.026996705908199914,-0.02736781130155437,0.28349222417341674,0.24229667076417508
2010-07-28 00:00:00-04:00,17.110000610351562,17.219999313354492,17.059999465942383,17.15999984741211,6900900,0.0,0.0,0.0,-0.008092450625577285,-0.008125372235437885,0.2891576455640418,0.23984951577162011
2010-07-29 00:00:00-04:00,17.209999084472656,17.329999923706055,17.15999984741211,17.239999771118164,4432500,0.0,0.0,0.0,0.004662000257425358,0.004651166791590386,0.20813600124512072,0.23994834612119637
2010-07-30 00:00:00-04:00,17.479999542236328,17.75,17.3799991607666,17.579999923706055,7140400,0.0,0.0,0.0,0.019721586838851612,0.019529635957877593,0.27561086470212837,0.20195238359260803
2010-08-02 00:00:00-04:00,18.020000457763672,18.18000030517578,17.940000534057617,17.959999084472656,10398300,0.0,0.0,0.0,0.021615424483260925,0.021385123980926145,0.3222570754366523,0.21547014705264816
2010-08-03 00:00:00-04:00,18.049999237060547,18.209999084472656,18.0,18.020000457763672,5851800,0.0,0.0,0.0,0.0033408338724743025,0.00333526568513864,0.19672243633221564,0.21475239718782416
2010-08-04 00:00:00-04:00,18.25,18.299999237060547,17.84000015258789,17.93000030517578,7366300,0.0,0.0,0.0,-0.00499445895125461,-0.0050069729458390635,0.18111988076819166,0.21073096345041215
2010-08-05 00:00:00-04:00,18.0,18.020000457763672,17.809999465942383,17.959999084472656,4187100,0.0,0.0,0.0,0.0016731053422356368,0.001671707260700422,0.18665221042381122,0.21041678037379105
2010-08-06 00:00:00-04:00,18.09000015258789,18.190000534057617,18.030000686645508,18.06999969482422,4264700,0.0,0.0,0.0,0.006124755899718393,0.006106075817462211,0.15665262675284955,0.21018115335719265
2010-08-09 00:00:00-04:00,18.030000686645508,18.040000915527344,17.84000015258789,17.959999084472656,3412100,0.0,0.0,0.0,-0.006087471621987306,-0.006106075817462259,0.08455108248600546,0.2101282864739303
2010-08-10 00:00:00-04:00,17.670000076293945,18.079999923706055,17.6299991607666,17.969999313354492,6611600,0.0,0.0,0.0,0.0005568056454123838,0.0005566506866676032,0.07982221521013595,0.20656618095568421
2010-08-11 00:00:00-04:00,17.719999313354492,17.780000686645508,17.43000030517578,17.530000686645508,6636400,0.0,0.0,0.0,-0.024485177714058004,-0.024789924481929494,0.19090299270365174,0.2225706665342912
2010-08-12 00:00:00-04:00,17.600000381469727,17.729999542236328,17.59000015258789,17.690000534057617,3930900,0.0,0.0,0.0,0.009127201434395715,0.009085800258616135,0.21210671926234964,0.22552892567372118
2010-08-13 00:00:00-04:00,17.700000762939453,17.760000228881836,17.579999923706055,17.739999771118164,3010500,0.0,0.0,0.0,0.0028264124110277677,0.0028224256179167923,0.2043649232297083,0.20542595144786474
2010-08-16 00:00:00-04:00,18.020000457763672,18.059999465942383,17.959999084472656,18.0,5565100,0.0,0.0,0.0,0.014656157397765712,0.014549793916751385,0.2387112912940277,0.20466547275511265
2010-08-17 00:00:00-04:00,18.110000610351562,18.229999542236328,18.059999465942383,18.1200008392334,5123600,0.0,0.0,0.0,0.006666713290744308,0.006644589033976422,0.24265276283855108,0.20525204877384168
2010-08-18 00:00:00-04:00,17.81999969482422,18.09000015258789,17.790000915527344,18.020000457763672,7124700,0.0,0.0,0.0,-0.005518784593718462,-0.0055340693468601985,0.11956082201040016,0.20680817743187688
2010-08-19 00:00:00-04:00,18.139999389648438,18.190000534057617,17.84000015258789,17.920000076293945,6356700,0.0,0.0,0.0,-0.005549410595416693,-0.0055648657790219975,0.13615724475471777,0.19272270660984478
2010-08-20 00:00:00-04:00,17.719999313354492,17.729999542236328,17.479999542236328,17.59000015258789,9454000,0.0,0.0,0.0,-0.018415174235551834,-0.018586844380096976,0.20178442366314914,0.20427658524035652
2010-08-23 00:00:00-04:00,17.600000381469727,17.68000030517578,17.520000457763672,17.610000610351562,4677000,0.0,0.0,0.0,0.001137035678804743,0.001136389743325397,0.1489389928760615,0.203895555816042
2010-08-24 00:00:00-04:00,17.489999771118164,18.09000015258789,17.479999542236328,17.989999771118164,10394800,0.0,0.0,0.0,0.02157860009063417,0.02134907807222844,0.2325141247710226,0.19244584357156197
2010-08-25 00:00:00-04:00,18.350000381469727,18.639999389648438,18.290000915527344,18.540000915527344,15011900,0.0,0.0,0.0,0.03057260430276232,0.030114574279186363,0.31744572688860906,0.21329114893567375
2010-08-26 00:00:00-04:00,18.670000076293945,18.75,18.510000228881836,18.59000015258789,9658700,0.0,0.0,0.0,0.0026968303447425512,0.002693200422513437,0.30387402023024235,0.21331948462469866
2010-08-27 00:00:00-04:00,18.729999542236328,18.93000030517578,18.549999237060547,18.700000762939453,10175700,0.0,0.0,0.0,0.005917192546996741,0.005899754718025698,0.2066006357925268,0.2051801197379346
2010-08-30 00:00:00-04:00,18.68000030517578,18.75,18.600000381469727,18.6299991607666,5612500,0.0,0.0,0.0,-0.0037434010329873146,-0.003750425093363306,0.22538468042119084,0.19440957772233539
2010-08-31 00:00:00-04:00,18.829999923706055,19.0,18.799999237060547,18.93000030517578,8232600,0.0,0.0,0.0,0.01610312173502182,0.015974841776430698,0.2128144274732821,0.2008326064834673
2010-09-01 00:00:00-04:00,18.959999084472656,18.979999542236328,18.8799991607666,18.959999084472656,5899600,0.0,0.0,0.0,0.0015847215432254202,0.0015834671970587101,0.11674621725002066,0.19890660593898002
2010-09-02 00:00:00-04:00,19.200000762939453,19.290000915527344,19.09000015258789,19.280000686645508,7828100,0.0,0.0,0.0,0.016877722448569,0.016736876257225072,0.14325578699624142,0.2049232436560679
2010-09-03 00:00:00-04:00,19.18000030517578,19.530000686645508,19.100000381469727,19.420000076293945,12428000,0.0,0.0,0.0,0.007261378872533308,0.007235141995013717,0.1427269232157632,0.20514626961146587
2010-09-07 00:00:00-04:00,19.530000686645508,19.549999237060547,19.299999237060547,19.360000610351562,7105700,0.0,0.0,0.0,-0.003089570839684197,-0.0030943534169521553,0.13948707781590997,0.20352111352976288
2010-09-08 00:00:00-04:00,19.5,19.6299991607666,19.450000762939453,19.5,12990600,0.0,0.0,0.0,0.007231373204274583,0.00720535219484689,0.11867284900728749,0.20347290269037666
2010-09-09 00:00:00-04:00,19.510000228881836,19.6299991607666,19.309999465942383,19.31999969482422,8130900,0.0,0.0,0.0,-0.009230784880809306,-0.009273652581177207,0.16111830347302764,0.1809347018333696
2010-09-10 00:00:00-04:00,19.450000762939453,19.6200008392334,19.360000610351562,19.420000076293945,6910700,0.0,0.0,0.0,0.005176003263422269,0.005162653803282427,0.11658970497413398,0.1802626880214464
2010-09-13 00:00:00-04:00,19.579999923706055,19.809999465942383,19.489999771118164,19.540000915527344,10580600,0.0,0.0,0.0,0.0061792398950546445,0.00616022667683875,0.11341289006877565,0.18018424027266397
2010-09-14 00:00:00-04:00,19.809999465942383,20.100000381469727,19.809999465942383,20.049999237060547,12760200,0.0,0.0,0.0,0.02610021994051892,0.025765422232089514,0.19958198228902607,0.192553406840234
2010-09-15 00:00:00-04:00,20.020000457763672,20.190000534057617,19.989999771118164,20.170000076293945,8041800,0.0,0.0,0.0,0.005985079491254375,0.005967240047931531,0.19972291092836422,0.19251273548164838
2010-09-16 00:00:00-04:00,20.25,20.389999389648438,20.190000534057617,20.350000381469727,11318400,0.0,0.0,0.0,0.008924159865886017,0.008884574885378858,0.14047927976400462,0.18838777318760722
2010-09-17 00:00:00-04:00,20.360000610351562,20.420000076293945,20.15999984741211,20.290000915527344,11043100,0.0,0.0,0.0,-0.0029483766495167485,-0.00295273167422576,0.16877035682611186,0.18645900810650914
2010-09-20 00:00:00-04:00,20.40999984741211,20.510000228881836,20.260000228881836,20.290000915527344,11597200,0.0,0.0,0.0,0.0,0.0,0.1802380691687751,0.16422336588219633
2010-09-21 00:00:00-04:00,20.239999771118164,20.6299991607666,20.059999465942383,20.59000015258789,16032200,0.0,0.0,0.0,0.01478557040532058,0.014677329490655616,0.11216367335896356,0.16466856618592204
2010-09-22 00:00:00-04:00,20.68000030517578,20.719999313354492,20.489999771118164,20.709999084472656,20484700,0.0,0.0,0.0,0.005828019960926634,0.0058111027499990475,0.11211311631455707,0.156607050926185
2010-09-23 00:00:00-04:00,20.579999923706055,20.799999237060547,20.459999084472656,20.65999984741211,9166200,0.0,0.0,0.0,-0.0024142558798099234,-0.0024171748946487806,0.11788415372337421,0.1330657144534916
2010-09-24 00:00:00-04:00,20.920000076293945,21.020000457763672,20.850000381469727,21.010000228881836,13451900,0.0,0.0,0.0,0.016940967282415897,0.016799069445031456,0.13711838797194836,0.1386306620356916
2010-09-27 00:00:00-04:00,21.049999237060547,21.06999969482422,20.889999389648438,20.989999771118164,9748300,0.0,0.0,0.0,-0.000951949431022725,-0.0009524028226424378,0.1403214534702385,0.14092437926209822
2010-09-28 00:00:00-04:00,20.84000015258789,21.299999237060547,20.729999542236328,21.290000915527344,17651200,0.0,0.0,0.0,0.014292574925225843,0.014191398979866656,0.13859529799761255,0.13920578587814675
2010-09-29 00:00:00-04:00,21.350000381469727,21.520000457763672,21.270000457763672,21.399999618530273,12120800,0.0,0.0,0.0,0.005166683808017325,0.00515338229403682,0.1389482503100252,0.134783599084069
2010-09-30 00:00:00-04:00,21.489999771118164,21.56999969482422,21.079999923706055,21.309999465942383,12657500,0.0,0.0,0.0,-0.004205614681878744,-0.004214483152953688,0.14664413569231485,0.13890877438786145
2010-10-01 00:00:00-04:00,21.520000457763672,21.719999313354492,21.5,21.649999618530273,14836200,0.0,0.0,0.0,0.015954958287600185,0.015829015779486217,0.1422149944437273,0.13797665308392484
2010-10-04 00:00:00-04:00,21.600000381469727,21.639999389648438,21.420000076293945,21.510000228881836,10358800,0.0,0.0,0.0,-0.006466484624258917,-0.0064874829082936505,0.16316823434774907,0.1445609431071305
2010-10-05 00:00:00-04:00,21.850000381469727,22.40999984741211,21.81999969482422,22.34000015258789,19354600,0.0,0.0,0.0,0.03858669990117436,0.037860846550953134,0.2915016047756037,0.1834658214593962
2010-10-06 00:00:00-04:00,22.399999618530273,22.690000534057617,22.350000381469727,22.690000534057617,17622400,0.0,0.0,0.0,0.01566698205367656,0.015545521857576766,0.29050036097901283,0.18588406803952442
2010-10-07 00:00:00-04:00,22.8700008392334,22.8799991607666,21.969999313354492,22.020000457763672,30087300,0.0,0.0,0.0,-0.02952842928708954,-0.029973170245811448,0.41002475420420914,0.22100441092580506
2010-10-08 00:00:00-04:00,22.270000457763672,22.799999237060547,22.209999084472656,22.729999542236328,16732900,0.0,0.0,0.0,0.03224337282982792,0.0317344656421921,0.44742977979093956,0.23877464783090677
2010-10-11 00:00:00-04:00,22.649999618530273,22.8700008392334,22.540000915527344,22.780000686645508,11580800,0.0,0.0,0.0,0.002199786423940253,0.00219737043624066,0.43114779286132954,0.23959508008072775
2010-10-12 00:00:00-04:00,22.75,22.979999542236328,22.510000228881836,22.84000015258789,14459200,0.0,0.0,0.0,0.0026338658531102066,0.0026304033070327654,0.3603374514553387,0.2301255614551465
2010-10-13 00:00:00-04:00,23.030000686645508,23.5,22.989999771118164,23.489999771118164,16908400,0.0,0.0,0.0,0.028458827241147233,0.028061397458482355,0.39478862872661236,0.24276406408186108
2010-10-14 00:00:00-04:00,23.600000381469727,24.059999465942383,23.559999465942383,24.030000686645508,30955800,0.0,0.0,0.0,0.022988544946317857,0.0227282893958661,0.22763120801906406,0.24872009864441022
2010-10-15 00:00:00-04:00,23.989999771118164,24.010000228881836,23.540000915527344,23.75,24750500,0.0,0.0,0.0,-0.01165212978129948,-0.011720547842238327,0.2617584128707419,0.25583299212997274
2010-10-18 00:00:00-04:00,23.579999923706055,23.979999542236328,23.510000228881836,23.959999084472656,13188700,0.0,0.0,0.0,0.008842066714638053,0.008803204555940464,0.25517041790005257,0.25407290942641086
2010-10-19 00:00:00-04:00,23.110000610351562,23.469999313354492,22.760000228881836,22.84000015258789,29774500,0.0,0.0,0.0,-0.046744531497523445,-0.04787234356805055,0.4851907072606044,0.31928912914687857
2010-10-20 00:00:00-04:00,23.030000686645508,23.440000534057617,23.0,23.329999923706055,13691700,0.0,0.0,0.0,0.02145358002822273,0.021226691294590684,0.46162534737649136,0.32434960552746284
2010-10-21 00:00:00-04:00,23.329999923706055,23.489999771118164,22.520000457763672,22.59000015258789,32857100,0.0,0.0,0.0,-0.031718807266957416,-0.032232745528553645,0.4454533791824154,0.3502833832657489
2010-10-22 00:00:00-04:00,22.68000030517578,22.770000457763672,22.559999465942383,22.760000228881836,11465000,0.0,0.0,0.0,0.007525457067093955,0.00749728207987259,0.46660296441610183,0.3475056582593121
2010-10-25 00:00:00-04:00,23.229999542236328,23.299999237060547,22.899999618530273,23.100000381469727,14021700,0.0,0.0,0.0,0.014938495130436769,0.014828014727138914,0.4823146428621523,0.34893326912228323
2010-10-26 00:00:00-04:00,22.760000228881836,23.420000076293945,22.700000762939453,23.280000686645508,15000100,0.0,0.0,0.0,0.007792220874601075,0.00776201831672989,0.3298424304826709,0.3474046543755959
2010-10-27 00:00:00-04:00,23.149999618530273,23.170000076293945,22.84000015258789,23.06999969482422,12703300,0.0,0.0,0.0,-0.009020660894643151,-0.009061593400908698,0.29761897718507296,0.35078918313151447
2010-10-28 00:00:00-04:00,23.25,23.5,23.059999465942383,23.43000030517578,13864500,0.0,0.0,0.0,0.015604708067348927,0.015484206587295584,0.15753973864579915,0.3516919952945077
2010-10-29 00:00:00-04:00,23.56999969482422,24.170000076293945,23.489999771118164,24.170000076293945,17780800,0.0,0.0,0.0,0.03158342985401896,0.031094932327241476,0.23338113292779275,0.3623690862576692
2010-11-01 00:00:00-04:00,24.350000381469727,24.420000076293945,23.969999313354492,24.06999969482422,20949500,0.0,0.0,0.0,-0.0041373761338051596,-0.004145958755644701,0.25724633213871,0.3614190697777041
2010-11-02 00:00:00-04:00,24.290000915527344,24.3700008392334,24.1200008392334,24.309999465942383,15796500,0.0,0.0,0.0,0.0099709087727895,0.009921527243090167,0.25740594182411175,0.34076253677008417
2010-11-03 00:00:00-04:00,24.260000228881836,24.350000381469727,23.40999984741211,24.25,45009400,0.0,0.0,0.0,-0.002468098200760549,-0.0024711489759003994,0.23175091104925127,0.33892390785078613
2010-11-04 00:00:00-04:00,24.950000762939453,25.690000534057617,24.8799991607666,25.6299991607666,30484700,0.0,0.0,0.0,0.05690718188728261,0.05534689024830453,0.4102156945423267,0.36492001888975856
2010-11-05 00:00:00-04:00,25.579999923706055,26.34000015258789,25.5,26.200000762939453,35502100,0.0,0.0,0.0,0.022239626251934874,0.021995932255080616,0.3963863901332578,0.35771468453164923
2010-11-08 00:00:00-05:00,26.190000534057617,27.149999618530273,26.040000915527344,27.149999618530273,35265800,0.0,0.0,0.0,0.03625949724912281,0.035617592442616745,0.36648802153947196,0.3713563710872919
2010-11-09 00:00:00-05:00,27.799999237060547,28.719999313354492,25.850000381469727,26.18000030517578,149077700,0.0,0.0,0.0,-0.03572741535850532,-0.03638126019091128,0.5689421132769963,0.4037322822624516
2010-11-10 00:00:00-05:00,27.100000381469727,27.1299991607666,25.90999984741211,26.719999313354492,79896900,0.0,0.0,0.0,0.020626394266005876,0.020416550832050958,0.5463140906595826,0.3991822632403212
2010-11-11 00:00:00-05:00,26.860000610351562,27.15999984741211,26.329999923706055,27.110000610351562,31448300,0.0,0.0,0.0,0.01459585729862467,0.014490363053830387,0.4384661235576496,0.39575469265599966
2010-11-12 00:00:00-05:00,26.56999969482422,26.729999542236328,25.219999313354492,25.520000457763672,57133100,0.0,0.0,0.0,-0.05864994897789755,-0.06044020961042714,0.6430969261334419,0.4548487580513213
2010-11-15 00:00:00-05:00,25.549999237060547,25.899999618530273,24.920000076293945,24.93000030517578,34815000,0.0,0.0,0.0,-0.023119127821504493,-0.023390566637263615,0.5345394828151276,0.4643791036493376
2010-11-16 00:00:00-05:00,24.899999618530273,25.06999969482422,24.440000534057617,24.93000030517578,43522600,0.0,0.0,0.0,0.0,0.0,0.5131344974919769,0.4269049398273652
2010-11-17 00:00:00-05:00,24.989999771118164,25.350000381469727,24.8700008392334,25.0,25951700,0.0,0.0,0.0,0.0028078497379595557,0.0028039150914274287,0.46054225645995306,0.42232480707580733
2010-11-18 00:00:00-05:00,25.850000381469727,26.459999084472656,25.770000457763672,26.350000381469727,30965500,0.0,0.0,0.0,0.05400001525878917,0.05259246459620005,0.653250167728171,0.4360911447622349
2010-11-19 00:00:00-05:00,26.020000457763672,26.799999237060547,25.780000686645508,26.739999771118164,29116900,0.0,0.0,0.0,0.014800735635764894,0.014692273649866246,0.4495034264155615,0.436731194645711
2010-11-22 00:00:00-05:00,26.639999389648438,27.219999313354492,26.5,27.170000076293945,27446500,0.0,0.0,0.0,0.016080789411233365,0.015952863132010907,0.3426516665607888,0.4369750310762035
2010-11-23 00:00:00-05:00,26.989999771118164,27.149999618530273,26.579999923706055,26.8700008392334,26405600,0.0,0.0,0.0,-0.011041561877738082,-0.01110297238577853,0.38464799061912225,0.4424633349214593
2010-11-24 00:00:00-05:00,26.770000457763672,27.020000457763672,26.530000686645508,26.940000534057617,15111900,0.0,0.0,0.0,0.0026051244003688634,0.00260173694568331,0.38506622171883653,0.43859066074139313
2010-11-26 00:00:00-05:00,26.049999237060547,26.34000015258789,25.950000762939453,26.1299991607666,13118100,0.0,0.0,0.0,-0.03006686552463167,-0.030528143391281667,0.3072808633146329,0.45783067469730787
2010-11-29 00:00:00-05:00,26.280000686645508,26.670000076293945,25.90999984741211,26.549999237060547,20304600,0.0,0.0,0.0,0.01607348219607152,0.015945671537097104,0.31164268284390645,0.4495088019868042
2010-11-30 00:00:00-05:00,26.940000534057617,27.719999313354492,26.84000015258789,27.440000534057617,32242300,0.0,0.0,0.0,0.03352170706486257,0.03297210336842721,0.3880476975688808,0.45903372466313924
2010-12-01 00:00:00-05:00,27.780000686645508,28.030000686645508,27.469999313354492,27.809999465942383,29936000,0.0,0.0,0.0,0.013483925826660803,0.013393826721650046,0.37405959021248775,0.45950737996909136
2010-12-02 00:00:00-05:00,27.850000381469727,28.3799991607666,27.780000686645508,27.93000030517578,30352000,0.0,0.0,0.0,0.004315024866518247,0.004305741841461102,0.37295370678448664,0.4582540872378968
2010-12-03 00:00:00-05:00,28.329999923706055,28.770000457763672,28.280000686645508,28.600000381469727,29411000,0.0,0.0,0.0,0.02398854525503835,0.0237053402803726,0.1753016955011846,0.424847285361909
2010-12-06 00:00:00-05:00,28.989999771118164,29.639999389648438,28.8799991607666,29.510000228881836,57612000,0.0,0.0,0.0,0.031818176058546754,0.03132246554701595,0.19711449059613673,0.4310663588534155
2010-12-07 00:00:00-05:00,29.950000762939453,30.0,28.030000686645508,28.079999923706055,69216700,0.0,0.0,0.0,-0.048458159745326634,-0.04967162027033563,0.5026228746871939,0.45712673660193626
2010-12-08 00:00:00-05:00,28.329999923706055,28.459999084472656,27.34000015258789,27.700000762939453,58267000,0.0,0.0,0.0,-0.013532733682303011,-0.013625135704356589,0.5105262125322104,0.4392165757442001
2010-12-09 00:00:00-05:00,28.100000381469727,28.360000610351562,27.829999923706055,28.030000686645508,36776700,0.0,0.0,0.0,0.011913354318299207,0.011842948937270949,0.517721834569463,0.43570441855067127
2010-12-10 00:00:00-05:00,27.799999237060547,28.110000610351562,27.3799991607666,27.979999542236328,30602700,0.0,0.0,0.0,-0.0017838438524548916,-0.0017854367965574327,0.4767963692847467,0.43367599373640214
2010-12-13 00:00:00-05:00,28.84000015258789,29.040000915527344,28.59000015258789,28.8700008392334,25945200,0.0,0.0,0.0,0.03180848147097337,0.031313069867290565,0.4767504791778927,0.3818312755861522
2010-12-14 00:00:00-05:00,28.690000534057617,29.149999618530273,28.56999969482422,28.809999465942383,26307900,0.0,0.0,0.0,-0.00207832946126818,-0.0020804921850308736,0.27560935690709565,0.3672380368675351
2010-12-15 00:00:00-05:00,28.40999984741211,28.799999237060547,28.049999237060547,28.079999923706055,27848600,0.0,0.0,0.0,-0.025338408738927343,-0.02566495411861664,0.3330877528392817,0.3847116059452894
2010-12-16 00:00:00-05:00,28.239999771118164,28.290000915527344,27.670000076293945,28.280000686645508,32660000,0.0,0.0,0.0,0.007122534312067552,0.007097288868033438,0.3265975267722948,0.38450500329315873
2010-12-17 00:00:00-05:00,28.270000457763672,28.610000610351562,28.020000457763672,28.510000228881836,21774000,0.0,0.0,0.0,0.008132939768454195,0.008100045644082376,0.32705016152561495,0.3413393902135233
2010-12-20 00:00:00-05:00,28.549999237060547,28.860000610351562,28.1299991607666,28.709999084472656,17485400,0.0,0.0,0.0,0.007015042230277269,0.006990551291470403,0.22549956517709752,0.33923512603985595
2010-12-21 00:00:00-05:00,28.540000915527344,28.739999771118164,28.350000381469727,28.639999389648438,14884500,0.0,0.0,0.0,-0.0024381643001193387,-0.0024411414628890266,0.2256194681552754,0.33668756458822974
2010-12-22 00:00:00-05:00,28.68000030517578,28.729999542236328,28.549999237060547,28.56999969482422,8366300,0.0,0.0,0.0,-0.00244412347472045,-0.0024471152202915234,0.0860503423338111,0.3333482907070747
2010-12-23 00:00:00-05:00,28.389999389648438,28.729999542236328,28.260000228881836,28.610000610351562,12007900,0.0,0.0,0.0,0.0014001020635148187,0.00139912283452781,0.08016863669855752,0.33340822366740924
2010-12-27 00:00:00-05:00,28.559999465942383,28.639999389648438,28.43000030517578,28.59000015258789,8561800,0.0,0.0,0.0,-0.0006990722592447041,-0.0006993167241956102,0.06248394811839651,0.3099918814093101
2010-12-28 00:00:00-05:00,29.09000015258789,29.649999618530273,29.010000228881836,29.530000686645508,23355600,0.0,0.0,0.0,0.03287864739561863,0.03234970733697599,0.24214021164010371,0.32361619212118753
2010-12-29 00:00:00-05:00,29.799999237060547,29.989999771118164,29.739999771118164,29.8700008392334,19095200,0.0,0.0,0.0,0.011513719765731345,0.011447941315911477,0.2325225034098647,0.3073917950864009
2010-12-30 00:00:00-05:00,30.0,30.079999923706055,29.639999389648438,29.760000228881836,15640200,0.0,0.0,0.0,-0.0036826450371932884,-0.0036894426684018337,0.2363399141745613,0.306725247381632
2010-12-31 00:00:00-05:00,29.93000030517578,30.25,29.899999618530273,30.18000030517578,14098500,0.0,0.0,0.0,0.01411290568090573,0.014014245795744607,0.23016996707570986,0.30900311878593867
2011-01-03 00:00:00-05:00,30.290000915527344,30.440000534057617,29.780000686645508,29.979999542236328,25541500,0.0,0.0,0.0,-0.006626930447881874,-0.0066489860460745625,0.2517071219376039,0.30184549430273233
2011-01-04 00:00:00-05:00,29.610000610351562,29.639999389648438,28.6299991607666,29.079999923706055,42017600,0.0,0.0,0.0,-0.0300200010764623,-0.03047982736375277,0.2803079228610544,0.3020807994594832
2011-01-05 00:00:00-05:00,28.479999542236328,28.75,27.90999984741211,28.610000610351562,40481100,0.0,0.0,0.0,-0.01616228729668423,-0.016294321646207297,0.2584032677034486,0.2517165184820272
2011-01-06 00:00:00-05:00,28.649999618530273,28.670000076293945,28.139999389648438,28.420000076293945,27531100,0.0,0.0,0.0,-0.006641053128425001,-0.006663203042052497,0.25578637182105823,0.24757408965736302
2011-01-07 00:00:00-05:00,28.229999542236328,28.68000030517578,27.90999984741211,28.100000381469727,28776900,0.0,0.0,0.0,-0.011259665516015982,-0.01132353543833549,0.15416280594884738,0.24818533022137762
2011-01-10 00:00:00-05:00,28.290000915527344,28.450000762939453,28.06999969482422,28.290000915527344,19203000,0.0,0.0,0.0,0.006761584750116567,0.006738827760565081,0.21325579950490434,0.24911280769900238
2011-01-11 00:00:00-05:00,28.860000610351562,28.950000762939453,28.639999389648438,28.889999389648438,17722500,0.0,0.0,0.0,0.02120885311784404,0.020987075675701863,0.24077680236354596,0.2339166955996984
2011-01-12 00:00:00-05:00,28.950000762939453,29.020000457763672,28.700000762939453,29.0,17531300,0.0,0.0,0.0,0.0038075670708035414,0.0038003366350717973,0.20117453308555766,0.2341100766445444
2011-01-13 00:00:00-05:00,28.979999542236328,29.0,27.860000610351562,28.0,30349200,0.0,0.0,0.0,-0.03448275862068961,-0.03509131981127006,0.33551888255941437,0.24922313403143195
2011-01-14 00:00:00-05:00,27.979999542236328,28.059999465942383,27.450000762939453,27.739999771118164,43193100,0.0,0.0,0.0,-0.009285722460065537,-0.009329103539485805,0.33266119496696567,0.24978680931444927
2011-01-18 00:00:00-05:00,28.1200008392334,28.40999984741211,28.100000381469727,28.149999618530273,16220700,0.0,0.0,0.0,0.014780095558579731,0.014671934398658666,0.350939219992563,0.2540340642939199
2011-01-19 00:00:00-05:00,28.760000228881836,28.770000457763672,27.979999542236328,28.079999923706055,21051600,0.0,0.0,0.0,-0.00248666770063255,-0.002489764593787306,0.292853439320127,0.25253397373720027
2011-01-20 00:00:00-05:00,27.239999771118164,27.25,26.770000457763672,26.850000381469727,42432500,0.0,0.0,0.0,-0.04380340262030846,-0.04479174127827729,0.3794380083053738,0.29482870080389395
2011-01-21 00:00:00-05:00,26.610000610351562,26.969999313354492,26.540000915527344,26.829999923706055,27184400,0.0,0.0,0.0,-0.000744895995512751,-0.0007451735683853238,0.34461104723431335,0.29493719342429037
2011-01-24 00:00:00-05:00,26.579999923706055,26.90999984741211,26.219999313354492,26.360000610351562,22919800,0.0,0.0,0.0,-0.017517678519977098,-0.017672928805160838,0.35097881915308193,0.2988368663614691
2011-01-25 00:00:00-05:00,26.25,26.34000015258789,26.030000686645508,26.229999542236328,24669100,0.0,0.0,0.0,-0.004931755125384241,-0.004943956361896648,0.28519508455867404,0.2986098720295716
2011-01-26 00:00:00-05:00,26.190000534057617,26.889999389648438,26.059999465942383,26.889999389648438,21807700,0.0,0.0,0.0,0.025162022833792097,0.024850671155816448,0.3995180555456911,0.28695450559589875
2011-01-27 00:00:00-05:00,26.950000762939453,27.110000610351562,26.149999618530273,26.290000915527344,28289500,0.0,0.0,0.0,-0.022313071317958788,-0.02256577401672995,0.2948516025397176,0.2870155849988487
2011-01-28 00:00:00-05:00,26.1299991607666,27.40999984741211,26.110000610351562,27.299999237060547,32836300,0.0,0.0,0.0,0.03841758411414431,0.03769800067845754,0.42501648535414566,0.3279159259554103
2011-01-31 00:00:00-05:00,27.15999984741211,27.790000915527344,27.15999984741211,27.389999389648438,21967800,0.0,0.0,0.0,0.0032967089781348324,0.0032912867468358124,0.38296496147186027,0.32214442786764935
2011-02-01 00:00:00-05:00,27.709999084472656,27.989999771118164,27.229999542236328,27.8700008392334,24054300,0.0,0.0,0.0,0.017524697345059792,0.01737291061503616,0.368370008511558,0.3314438425011205
2011-02-02 00:00:00-05:00,27.68000030517578,27.969999313354492,27.469999313354492,27.690000534057617,14845900,0.0,0.0,0.0,-0.006458568344296145,-0.006479515136393914,0.36784941449086644,0.3165973922600108
2011-02-03 00:00:00-05:00,27.719999313354492,28.34000015258789,27.34000015258789,28.290000915527344,26477100,0.0,0.0,0.0,0.02166848573122082,0.021437061205808666,0.27456503098385365,0.3229735705580869
2011-02-04 00:00:00-05:00,28.329999923706055,28.639999389648438,28.09000015258789,28.399999618530273,20918400,0.0,0.0,0.0,0.0038882537802449324,0.0038807140594274733,0.1819733255664229,0.3224219049054704
2011-02-07 00:00:00-05:00,28.540000915527344,28.790000915527344,28.40999984741211,28.65999984741211,15832500,0.0,0.0,0.0,0.009154937759653814,0.009113285340826614,0.17715575416190632,0.3209706028505356
2011-02-08 00:00:00-05:00,29.0,29.670000076293945,28.979999542236328,29.639999389648438,23349600,0.0,0.0,0.0,0.03419398281416308,0.03362236275977366,0.25093128245241525,0.34141472428482483
2011-02-09 00:00:00-05:00,29.719999313354492,29.799999237060547,29.3799991607666,29.520000457763672,25352700,0.0,0.0,0.0,-0.004048547043043249,-0.004056764596556842,0.23980293041009101,0.3348185778636161
2011-02-10 00:00:00-05:00,29.219999313354492,29.59000015258789,29.149999618530273,29.459999084472656,13957500,0.0,0.0,0.0,-0.002032566814382797,-0.002034635281650812,0.24463199437159394,0.3348781577768405
2011-02-11 00:00:00-05:00,29.420000076293945,29.540000915527344,29.020000457763672,29.209999084472656,18114100,0.0,0.0,0.0,-0.008486083087890006,-0.008522294900813375,0.27264201416237527,0.310146229542362
2011-02-14 00:00:00-05:00,29.610000610351562,30.020000457763672,29.600000381469727,29.959999084472656,17216000,0.0,0.0,0.0,0.025676139113564034,0.025352043033988806,0.3084884219092942,0.3175663477274685
2011-02-15 00:00:00-05:00,30.049999237060547,30.18000030517578,29.8700008392334,30.0,16597300,0.0,0.0,0.0,0.001335144083768558,0.0013342535714597125,0.21336474505007458,0.3151160656836695
2011-02-16 00:00:00-05:00,30.040000915527344,30.270000457763672,29.579999923706055,29.959999084472656,19782500,0.0,0.0,0.0,-0.0013333638509114287,-0.0013342535714596386,0.20894869336413738,0.3148580265538501
2011-02-17 00:00:00-05:00,30.1200008392334,31.059999465942383,30.06999969482422,31.030000686645508,31664500,0.0,0.0,0.0,0.03571434028272047,0.035091372498033305,0.3022978570643873,0.28137376088814864
2011-02-18 00:00:00-05:00,31.079999923706055,32.130001068115234,31.059999465942383,31.790000915527344,50249400,0.0,0.0,0.0,0.024492433518021883,0.024197303133206345,0.258781488642501,0.2858990099000937
2011-02-22 00:00:00-05:00,32.54999923706055,32.68000030517578,31.899999618530273,32.2599983215332,46249900,0.0,0.0,0.0,0.014784441411459515,0.014676216945777152,0.24755373844286588,0.2691583459837804
2011-02-23 00:00:00-05:00,32.38999938964844,33.0,32.369998931884766,32.709999084472656,34711900,0.0,0.0,0.0,0.013949187425688292,0.01385279289336104,0.2181419845105545,0.26328059324319686
2011-02-24 00:00:00-05:00,32.52000045776367,32.619998931884766,30.959999084472656,31.200000762939453,46100700,0.0,0.0,0.0,-0.04616320280638575,-0.04726269429244948,0.5053492232573192,0.32719392399523695
2011-02-25 00:00:00-05:00,32.099998474121094,32.58000183105469,31.809999465942383,32.560001373291016,30347800,0.0,0.0,0.0,0.04358976208638499,0.04266646404295713,0.5342785996496983,0.330721852709053
2011-02-28 00:00:00-05:00,32.68000030517578,33.20000076293945,32.4900016784668,33.11000061035156,37430700,0.0,0.0,0.0,0.01689186774763818,0.016750786681628698,0.5240335594458229,0.31549322753015346
2011-03-01 00:00:00-05:00,33.58000183105469,33.900001525878906,33.45000076293945,33.869998931884766,31545600,0.0,0.0,0.0,0.022953739278869012,0.022694265300738328,0.5332259012637056,0.3177591758025786
2011-03-02 00:00:00-05:00,34.04999923706055,34.18000030517578,33.41999816894531,33.84000015258789,36642000,0.0,0.0,0.0,-0.0008857035796547841,-0.0008860960468271229,0.5371185851437087,0.31935735974752066
2011-03-03 00:00:00-05:00,33.63999938964844,33.79999923706055,33.2400016784668,33.41999816894531,31662300,0.0,0.0,0.0,-0.012411406080045762,-0.012489070869063545,0.34444655955314707,0.32407674279612797
2011-03-04 00:00:00-05:00,33.86000061035156,34.7400016784668,33.86000061035156,34.689998626708984,38079800,0.0,0.0,0.0,0.03800121266744383,0.03729695301608174,0.3152794725935132,0.3370390717090261
2011-03-07 00:00:00-05:00,35.56999969482422,35.779998779296875,34.970001220703125,35.22999954223633,53340300,0.0,0.0,0.0,0.01556647266949085,0.015446557965431302,0.3143639632516281,0.33656639380941517
2011-03-08 00:00:00-05:00,35.310001373291016,35.310001373291016,34.7599983215332,35.18000030517578,34850100,0.0,0.0,0.0,-0.001419223324161667,-0.001420231375463088,0.3116181851723733,0.339435605213211
2011-03-09 00:00:00-05:00,35.529998779296875,35.529998779296875,34.77000045776367,35.27000045776367,31505000,0.0,0.0,0.0,0.0025582760604652144,0.0025550092426927145,0.3065085671213691,0.32857086983937184
2011-03-10 00:00:00-05:00,34.5,34.540000915527344,33.83000183105469,34.36000061035156,40591600,0.0,0.0,0.0,-0.025800959330914863,-0.026139642347312513,0.3717438025264614,0.3484441563779201
2011-03-11 00:00:00-05:00,33.400001525878906,35.31999969482422,33.34000015258789,35.029998779296875,41463800,0.0,0.0,0.0,0.01949936429114807,0.019311687482544342,0.28343225850197146,0.34872768076413685
2011-03-14 00:00:00-04:00,35.130001068115234,35.41999816894531,34.81999969482422,35.0099983215332,21237600,0.0,0.0,0.0,-0.0005709522826330415,-0.0005711153379550563,0.256978948126362,0.3445934238618346
2011-03-15 00:00:00-04:00,33.11000061035156,33.9900016784668,33.0099983215332,33.61000061035156,43262700,0.0,0.0,0.0,-0.03998851123396252,-0.04081002712724229,0.37727590616560014,0.380245308280162
2011-03-16 00:00:00-04:00,33.77000045776367,34.25,33.040000915527344,33.369998931884766,34346600,0.0,0.0,0.0,-0.007140781734852997,-0.007166399141800315,0.3648610456487987,0.3828173127042415
2011-03-17 00:00:00-04:00,33.540000915527344,33.86000061035156,33.25,33.5099983215332,21484100,0.0,0.0,0.0,0.004195366920274779,0.004186590905648832,0.34896587590192835,0.3819886222852614
2011-03-18 00:00:00-04:00,34.130001068115234,34.439998626708984,34.060001373291016,34.27000045776367,19286100,0.0,0.0,0.0,0.022679861960545056,0.02242649758339694,0.3633527789795484,0.3711392250140918
2011-03-21 00:00:00-04:00,35.0099983215332,35.40999984741211,34.880001068115234,35.29999923706055,21791800,0.0,0.0,0.0,0.03005540605598478,0.02961259308215506,0.4395091377481345,0.37546688167021464
2011-03-22 00:00:00-04:00,35.11000061035156,35.599998474121094,35.04999923706055,35.540000915527344,17466000,0.0,0.0,0.0,0.0067989145511035964,0.0067759061607465115,0.23706531993309185,0.3739195342448857
2011-03-23 00:00:00-04:00,35.599998474121094,36.5099983215332,35.540000915527344,36.470001220703125,30855800,0.0,0.0,0.0,0.026167706280769032,0.02583118980503862,0.18614094979291093,0.38020943890459946
2011-03-24 00:00:00-04:00,36.79999923706055,37.2599983215332,35.959999084472656,36.119998931884766,55088500,0.0,0.0,0.0,-0.009596991420435463,-0.009643339314532677,0.2611331000689568,0.33327607421881544
2011-03-25 00:00:00-04:00,36.61000061035156,36.81999969482422,35.9900016784668,36.38999938964844,33971100,0.0,0.0,0.0,0.0074750959509395365,0.007447295874072821,0.256032194230347,0.3049391828193512
2011-03-28 00:00:00-04:00,35.7599983215332,36.349998474121094,35.7400016784668,36.189998626708984,20887900,0.0,0.0,0.0,-0.005496036446660302,-0.005511195222608502,0.22176758588493117,0.3044458958251187
2011-03-29 00:00:00-04:00,35.9900016784668,36.31999969482422,35.84000015258789,36.16999816894531,16106700,0.0,0.0,0.0,-0.0005526515203819748,-0.0005528042885210876,0.22428335811926925,0.29702721340615096
2011-03-30 00:00:00-04:00,36.689998626708984,36.7400016784668,36.06999969482422,36.529998779296875,28574000,0.0,0.0,0.0,0.009953017101909989,0.009903812050304151,0.13208274533391592,0.2974170300744986
2011-03-31 00:00:00-04:00,36.91999816894531,37.04999923706055,36.54999923706055,36.77000045776367,21038500,0.0,0.0,0.0,0.0065699886801753316,0.006548500371824866,0.10170218436028756,0.29109107158478725
2011-04-01 00:00:00-04:00,36.400001525878906,36.959999084472656,36.18000030517578,36.86000061035156,24877600,0.0,0.0,0.0,0.002447651658075811,0.00244466103775994,0.09568743324168497,0.26360616136852805
2011-04-04 00:00:00-04:00,37.61000061035156,37.68000030517578,37.36000061035156,37.58000183105469,20807300,0.0,0.0,0.0,0.019533402300078162,0.019345073909178532,0.12347868654236525,0.2664412498709974
2011-04-05 00:00:00-04:00,37.47999954223633,38.349998474121094,37.459999084472656,38.34000015258789,30047600,0.0,0.0,0.0,0.02022347750140785,0.02002169888786172,0.12524182415128687,0.2722944788583314
2011-04-06 00:00:00-04:00,38.65999984741211,38.81999969482422,38.2599983215332,38.619998931884766,34570400,0.0,0.0,0.0,0.007303045857655732,0.0072765077459590564,0.12898816561074203,0.2723780153609095
2011-04-07 00:00:00-04:00,38.540000915527344,38.7400016784668,38.38999938964844,38.72999954223633,25025600,0.0,0.0,0.0,0.002848281030394917,0.002844232363985361,0.1396942822881828,0.24771237287839104
2011-04-08 00:00:00-04:00,39.29999923706055,39.900001525878906,39.09000015258789,39.86000061035156,43207100,0.0,0.0,0.0,0.029176377006742138,0.02875884838972663,0.16881864246458939,0.2568573614149296
2011-04-11 00:00:00-04:00,40.2400016784668,40.33000183105469,38.79999923706055,39.209999084472656,78124900,0.0,0.0,0.0,-0.016307112792921075,-0.016441537142123853,0.2765092797678463,0.2684973398131262
2011-04-12 00:00:00-04:00,39.630001068115234,39.66999816894531,38.72999954223633,39.09000015258789,68270300,0.0,0.0,0.0,-0.003060416594916071,-0.0030651092465416715,0.26424196288112606,0.21072123092450962
2011-04-13 00:00:00-04:00,39.5099983215332,39.779998779296875,39.11000061035156,39.56999969482422,40670600,0.0,0.0,0.0,0.01227934357540672,0.012204563976665741,0.27045876935505153,0.20378660862503947
2011-04-14 00:00:00-04:00,39.97999954223633,41.08000183105469,39.880001068115234,41.06999969482422,46549600,0.0,0.0,0.0,0.037907505978479916,0.0372066728528107,0.3544686969391551,0.22776980920030143
2011-04-15 00:00:00-04:00,41.40999984741211,41.869998931884766,41.150001525878906,41.84000015258789,57370400,0.0,0.0,0.0,0.018748489493188636,0.018574902865763698,0.3294832095782287,0.22535508023529666
2011-04-18 00:00:00-04:00,42.119998931884766,42.5,41.16999816894531,42.41999816894531,74928100,0.0,0.0,0.0,0.013862285235234362,0.01376708256803864,0.23400658704266392,0.2133713138066711
2011-04-19 00:00:00-04:00,42.2400016784668,43.119998931884766,41.900001525878906,43.0,50201400,0.0,0.0,0.0,0.013672839606091669,0.013580209721918327,0.16969146508836674,0.21369151888470256
2011-04-20 00:00:00-04:00,43.63999938964844,44.310001373291016,43.150001525878906,44.119998931884766,89730500,0.0,0.0,0.0,0.02604648678801791,0.02571305448241829,0.16180084506317896,0.21356770019188948
2011-04-21 00:00:00-04:00,44.709999084472656,45.56999969482422,44.36000061035156,45.540000915527344,89536100,0.0,0.0,0.0,0.03218499587533685,0.031677910563419134,0.12804040085170348,0.21511313441402521
2011-04-25 00:00:00-04:00,46.97999954223633,47.0,44.529998779296875,45.83000183105469,189846200,0.0,0.0,0.0,0.00636804808294289,0.006347857734821853,0.16577197832579257,0.2154399427491978
2011-04-26 00:00:00-04:00,44.70000076293945,44.709999084472656,43.54999923706055,44.029998779296875,125900000,0.0,0.0,0.0,-0.039275648698275156,-0.040067746430909434,0.4476090294106415,0.27602029176212
2011-04-27 00:00:00-04:00,44.79999923706055,47.150001525878906,43.7599983215332,47.0,155811200,0.0,0.0,0.0,0.06745403822494844,0.06527640966674637,0.6212350698392597,0.33975108340940036
2011-04-28 00:00:00-04:00,47.34000015258789,48.349998474121094,46.119998931884766,47.2599983215332,180431400,0.0,0.0,0.0,0.005531879181557509,0.005516634533112272,0.6227206586473206,0.34070655915302467
2011-04-29 00:00:00-04:00,47.619998931884766,47.97999954223633,46.54999923706055,46.880001068115234,106191100,0.0,0.0,0.0,-0.008040568491616495,-0.0080730681903859,0.6160017255698975,0.348325734318931
2011-05-02 00:00:00-04:00,44.099998474121094,46.22999954223633,42.470001220703125,42.83000183105469,185210100,0.0,0.0,0.0,-0.08639076674029977,-0.09035233367382083,0.9019819124677929,0.4943006980634778
2011-05-03 00:00:00-04:00,42.70000076293945,43.2400016784668,39.619998931884766,40.58000183105469,218026800,0.0,0.0,0.0,-0.0525332688257929,-0.05396345485919964,0.9315320080636535,0.536405564275987
2011-05-04 00:00:00-04:00,40.29999923706055,40.439998626708984,38.0099983215332,38.27000045776367,184837300,0.0,0.0,0.0,-0.05692462466877557,-0.05860906812073022,0.5987050496339144,0.5747537553968503
2011-05-05 00:00:00-04:00,36.529998779296875,36.88999938964844,33.58000183105469,33.720001220703125,295400000,0.0,0.0,0.0,-0.1188920612133807,-0.1265751420642198,0.6557700663953105,0.7129998577508474
2011-05-06 00:00:00-04:00,33.93000030517578,35.56999969482422,33.599998474121094,34.47999954223633,188891100,0.0,0.0,0.0,0.022538502195147858,0.022288263184469415,0.8336157659711113,0.7195511229793043
2011-05-09 00:00:00-04:00,36.16999816894531,37.040000915527344,35.79999923706055,36.97999954223633,109357800,0.0,0.0,0.0,0.07250580142663932,0.06999778106101277,1.1865192594770269,0.7618668360279025
2011-05-10 00:00:00-04:00,37.2400016784668,37.900001525878906,37.04999923706055,37.52000045776367,92370300,0.0,0.0,0.0,0.014602512769384735,0.014496922758251858,1.1900152393027392,0.7623999974164203
2011-05-11 00:00:00-04:00,36.47999954223633,36.59000015258789,34.18000030517578,34.38999938964844,153442100,0.0,0.0,0.0,-0.08342220229018071,-0.08710832964231073,1.263880115788799,0.8166187491527828
2011-05-12 00:00:00-04:00,32.97999954223633,34.689998626708984,31.969999313354492,33.31999969482422,184555100,0.0,0.0,0.0,-0.031113687520049615,-0.03160799855653252,0.9358171665379206,0.818901499008047
2011-05-13 00:00:00-04:00,34.43000030517578,34.939998626708984,33.11000061035156,34.38999938964844,117648900,0.0,0.0,0.0,0.03211283627323769,0.03160799855653256,0.953280188256831,0.8149111803866333
2011-05-16 00:00:00-04:00,33.81999969482422,34.459999084472656,32.7599983215332,32.849998474121094,87605400,0.0,0.0,0.0,-0.04478048685254965,-0.04581410821550954,0.7378353911593901,0.8189127187493657
2011-05-17 00:00:00-04:00,32.58000183105469,33.150001525878906,32.189998626708984,33.09000015258789,78692400,0.0,0.0,0.0,0.007305987507301381,0.0072794280640921865,0.7162088388694577,0.8166294318568055
2011-05-18 00:00:00-04:00,33.970001220703125,34.689998626708984,33.68000030517578,34.22999954223633,60400600,0.0,0.0,0.0,0.03445147731615461,0.03387131262410196,0.5747827165641158,0.8282220805514472
2011-05-19 00:00:00-04:00,34.439998626708984,34.61000061035156,33.70000076293945,34.2599983215332,50110400,0.0,0.0,0.0,0.000876388539236217,0.0008760047350250701,0.5081071027080759,0.8184486212839704
2011-05-20 00:00:00-04:00,33.970001220703125,34.529998779296875,33.380001068115234,34.18000030517578,57289600,0.0,0.0,0.0,-0.0023350268615495162,-0.0023377572880124518,0.45233832150722836,0.8031684602452231
2011-05-23 00:00:00-04:00,33.810001373291016,34.349998474121094,33.779998779296875,34.27000045776367,38000000,0.0,0.0,0.0,0.0026331232236491697,0.0026296626281455326,0.23609895525060678,0.8020827071319845
2011-05-24 00:00:00-04:00,35.06999969482422,35.86000061035156,34.91999816894531,35.77000045776367,54234000,0.0,0.0,0.0,0.04377006069342437,0.042839216824265024,0.34186726236568427,0.8202184061745017
2011-05-25 00:00:00-04:00,36.36000061035156,37.06999969482422,36.25,36.91999816894531,57110500,0.0,0.0,0.0,0.03214978184133743,0.031643793971107705,0.3342963087912509,0.7853876306503844
2011-05-26 00:00:00-04:00,36.540000915527344,36.720001220703125,35.79999923706055,36.5099983215332,48073400,0.0,0.0,0.0,-0.011105088508833516,-0.011167210344704753,0.3754244512236721,0.783016431486625
2011-05-27 00:00:00-04:00,37.06999969482422,37.279998779296875,36.529998779296875,37.029998779296875,32825800,0.0,0.0,0.0,0.014242686433019625,0.014142212265524928,0.35030793882506245,0.7883480254503799
2011-05-31 00:00:00-04:00,37.66999816894531,37.720001220703125,37.029998779296875,37.599998474121094,37608700,0.0,0.0,0.0,0.01539291692180389,0.015275647853689133,0.32998093279408675,0.7397081746139479
2011-06-01 00:00:00-04:00,37.04999923706055,37.5,35.4900016784668,35.75,52612300,0.0,0.0,0.0,-0.04920208907440227,-0.050453740673945584,0.5030701435517477,0.736984015324974
2011-06-02 00:00:00-04:00,36.20000076293945,36.290000915527344,34.68000030517578,35.290000915527344,59348300,0.0,0.0,0.0,-0.012867107257976351,-0.012950605509870166,0.41777437762667247,0.7121957999276086
2011-06-03 00:00:00-04:00,34.72999954223633,35.54999923706055,34.61000061035156,35.34000015258789,48082700,0.0,0.0,0.0,0.0014168103078326943,0.001415807579114354,0.4226767117439015,0.5656209372187868
2011-06-06 00:00:00-04:00,36.189998626708984,36.369998931884766,35.459999084472656,35.709999084472656,39562100,0.0,0.0,0.0,0.010469692424652344,0.01041526475925361,0.4118896436361986,0.5616885265764329
2011-06-07 00:00:00-04:00,36.43000030517578,36.439998626708984,35.540000915527344,36.119998931884766,31854100,0.0,0.0,0.0,0.011481373786715876,0.0114159630089731,0.3992599160557647,0.4988583733725351
2011-06-08 00:00:00-04:00,35.599998474121094,36.040000915527344,35.45000076293945,36.029998779296875,25070000,0.0,0.0,0.0,-0.002491698650313179,-0.0024948080976729633,0.15921777728922024,0.4955849992349765
2011-06-09 00:00:00-04:00,36.31999969482422,36.709999084472656,36.16999816894531,36.66999816894531,24752400,0.0,0.0,0.0,0.01776295896008162,0.017607041270103138,0.12959337288771663,0.39352258400070234
2011-06-10 00:00:00-04:00,35.7599983215332,35.959999084472656,35.18000030517578,35.25,34964900,0.0,0.0,0.0,-0.03872370438643391,-0.039493402891639974,0.3604459103003151,0.40321056717039716
2011-06-13 00:00:00-04:00,34.68000030517578,34.849998474121094,33.689998626708984,33.869998931884766,46549600,0.0,0.0,0.0,-0.03914896647135413,-0.039935893964329526,0.43205707017715833,0.4144566463499588
2011-06-14 00:00:00-04:00,33.77000045776367,34.720001220703125,33.75,34.66999816894531,30302900,0.0,0.0,0.0,0.023619700687602885,0.02334507158917563,0.4767557445517776,0.38763888037141536
2011-06-15 00:00:00-04:00,34.380001068115234,35.06999969482422,34.209999084472656,34.880001068115234,40317200,0.0,0.0,0.0,0.006057193835043995,0.006038922780224506,0.4865114628956072,0.3874795650328472
2011-06-16 00:00:00-04:00,34.599998474121094,34.88999938964844,34.279998779296875,34.650001525878906,22448300,0.0,0.0,0.0,-0.006594023371363278,-0.006615859990527658,0.4397728231845062,0.3701888311356142
2011-06-17 00:00:00-04:00,34.4900016784668,35.029998779296875,34.47999954223633,34.95000076293945,23631400,0.0,0.0,0.0,0.008657986258282957,0.008620720836453401,0.3752136713012064,0.3712196237894921
2011-06-20 00:00:00-04:00,34.939998626708984,35.22999954223633,34.720001220703125,35.09000015258789,21152200,0.0,0.0,0.0,0.004005704909651797,0.003997703434322009,0.17271582309228758,0.37108763570238995
2011-06-21 00:00:00-04:00,35.209999084472656,35.65999984741211,35.16999816894531,35.5099983215332,21215100,0.0,0.0,0.0,0.01196916976685558,0.011898105743959374,0.11177570556487193,0.3729155113432804
2011-06-22 00:00:00-04:00,35.56999969482422,35.849998474121094,35.400001525878906,35.5,20993100,0.0,0.0,0.0,-0.00028156355972397407,-0.0002816032061852301,0.11631901138238744,0.3387592655725224
2011-06-23 00:00:00-04:00,34.7599983215332,34.77000045776367,33.779998779296875,34.369998931884766,39493300,0.0,0.0,0.0,-0.031831016003246004,-0.032348636696591514,0.2790902643864835,0.33391933477620706
2011-06-24 00:00:00-04:00,33.95000076293945,34.09000015258789,33.290000915527344,33.36000061035156,36428000,0.0,0.0,0.0,-0.0293860446005495,-0.029826463998322613,0.3196316310330163,0.3456436120129037
2011-06-27 00:00:00-04:00,32.97999954223633,33.20000076293945,32.529998779296875,32.630001068115234,30743400,0.0,0.0,0.0,-0.02188247988250369,-0.02212545244707975,0.3052494454084508,0.34375914705964294
2011-06-28 00:00:00-04:00,32.88999938964844,33.16999816894531,32.65999984741211,33.0,18315100,0.0,0.0,0.0,0.011339225245883044,0.011275418127103892,0.3018502262749481,0.34068836332929503
2011-06-29 00:00:00-04:00,33.33000183105469,34.040000915527344,33.189998626708984,34.0099983215332,25531400,0.0,0.0,0.0,0.030606009743430418,0.030146988200467496,0.4406546227755048,0.32474375992566257
2011-06-30 00:00:00-04:00,34.15999984741211,34.18000030517578,33.58000183105469,33.84000015258789,20737800,0.0,0.0,0.0,-0.004998476252134343,-0.005011010419826774,0.38816747185414735,0.3225385943418483
2011-07-01 00:00:00-04:00,33.060001373291016,33.220001220703125,32.61000061035156,33.0,21958000,0.0,0.0,0.0,-0.02482269943263138,-0.025135977780640664,0.3694239300730688,0.3322641048311655
2011-07-05 00:00:00-04:00,34.04999923706055,34.779998779296875,33.959999084472656,34.630001068115234,24668400,0.0,0.0,0.0,0.049393971761067634,0.04821282779148927,0.4620905264027077,0.3789640926632802
2011-07-06 00:00:00-04:00,34.83000183105469,35.349998474121094,34.7599983215332,35.099998474121094,25465600,0.0,0.0,0.0,0.013571972033191715,0.01348069774151609,0.462068827160446,0.37996792481008246
2011-07-07 00:00:00-04:00,35.43000030517578,35.720001220703125,35.2599983215332,35.5,22622400,0.0,0.0,0.0,0.011396055363757984,0.0113316094818844,0.4346113771899168,0.38251113553501553
2011-07-08 00:00:00-04:00,35.849998474121094,35.900001525878906,35.290000915527344,35.75,23478300,0.0,0.0,0.0,0.007042253521126751,0.00701757265864654,0.41844448880167584,0.3775968821298867
2011-07-11 00:00:00-04:00,35.75,35.86000061035156,34.630001068115234,34.900001525878906,32289700,0.0,0.0,0.0,-0.023776181094296356,-0.024063396210177532,0.412777968266343,0.36116096867792974
2011-07-12 00:00:00-04:00,34.36000061035156,35.52000045776367,34.02000045776367,35.20000076293945,33234900,0.0,0.0,0.0,0.008595966302124447,0.008559231348628299,0.24415398683585504,0.3315093426854681
2011-07-13 00:00:00-04:00,36.349998474121094,37.349998474121094,36.290000915527344,37.22999954223633,56285400,0.0,0.0,0.0,0.057670418616415864,0.05606877131059875,0.46295909228782833,0.37936019178180336
2011-07-14 00:00:00-04:00,38.11000061035156,38.369998931884766,37.29999923706055,37.40999984741211,58735600,0.0,0.0,0.0,0.004834818893069803,0.0048231686921891325,0.4659974743039088,0.37929010188681733
2011-07-15 00:00:00-04:00,37.540000915527344,38.27000045776367,37.52000045776367,38.2400016784668,35558700,0.0,0.0,0.0,0.022186630164129806,0.021944087794904445,0.47053408771916044,0.3825980798891465
2011-07-18 00:00:00-04:00,39.29999923706055,39.689998626708984,39.060001373291016,39.470001220703125,51852400,0.0,0.0,0.0,0.03216525858389141,0.03165878852596119,0.33696405680376496,0.3943236224971956
2011-07-19 00:00:00-04:00,39.43000030517578,39.45000076293945,37.61000061035156,38.0099983215332,58124000,0.0,0.0,0.0,-0.036990191386265026,-0.037691681759522803,0.559485306531235,0.42339139626167455
2011-07-20 00:00:00-04:00,37.52000045776367,39.119998931884766,37.22999954223633,39.119998931884766,44992300,0.0,0.0,0.0,0.029202858704751256,0.028784579020458945,0.45200051032004496,0.43184493813761604
2011-07-21 00:00:00-04:00,38.93000030517578,39.029998779296875,37.86000061035156,38.310001373291016,46865800,0.0,0.0,0.0,-0.02070545962959014,-0.020922823303697255,0.5046813593025589,0.44126715875863787
2011-07-22 00:00:00-04:00,38.849998474121094,39.27000045776367,38.779998779296875,39.06999969482422,35008100,0.0,0.0,0.0,0.019838117835805136,0.019643906696619133,0.4999463571301711,0.4230811181222022
2011-07-25 00:00:00-04:00,39.560001373291016,39.779998779296875,38.83000183105469,39.310001373291016,33218500,0.0,0.0,0.0,0.006142863586932501,0.006124073112691974,0.44048692491523733,0.40103978835075477
2011-07-26 00:00:00-04:00,39.34000015258789,39.91999816894531,38.970001220703125,39.88999938964844,28078500,0.0,0.0,0.0,0.014754464413514246,0.014646676247777806,0.3017960973926843,0.3849403193462322
2011-07-27 00:00:00-04:00,40.310001373291016,40.349998474121094,39.08000183105469,39.16999816894531,49270500,0.0,0.0,0.0,-0.018049667378284506,-0.018214549685063915,0.2972713141957097,0.3978794243003698
2011-07-28 00:00:00-04:00,39.220001220703125,39.29999923706055,38.310001373291016,38.7599983215332,30827000,0.0,0.0,0.0,-0.010467190875111276,-0.010522357212917203,0.2577437563415856,0.394865041747582
2011-07-29 00:00:00-04:00,39.209999084472656,39.41999816894531,38.68000030517578,38.849998474121094,26365000,0.0,0.0,0.0,0.002321985461436249,0.002319293819025809,0.2085792526094367,0.392801435469317
2011-08-01 00:00:00-04:00,38.27000045776367,39.029998779296875,38.029998779296875,38.290000915527344,26906700,0.0,0.0,0.0,-0.01441435213869513,-0.014519248137939391,0.21482236543532007,0.3831611070665404
2011-08-02 00:00:00-04:00,39.13999938964844,39.83000183105469,38.720001220703125,39.81999969482422,31128400,0.0,0.0,0.0,0.03995818079692004,0.039180501572614254,0.3760859190155793,0.37081982254200546
2011-08-03 00:00:00-04:00,40.0,40.959999084472656,39.900001525878906,40.54999923706055,65540000,0.0,0.0,0.0,0.018332484877723765,0.01816647077447053,0.3549755285672479,0.3722760524090752
2011-08-04 00:00:00-04:00,41.08000183105469,41.189998626708984,37.11000061035156,37.61000061035156,98565800,0.0,0.0,0.0,-0.07250305011157632,-0.0752657730359555,0.6764946097826726,0.46756302720315085
2011-08-05 00:00:00-04:00,38.349998474121094,38.4900016784668,36.54999923706055,37.31999969482422,63053600,0.0,0.0,0.0,-0.007710739452833848,-0.007740620908811811,0.6731509724978747,0.4689305118686708
2011-08-08 00:00:00-04:00,38.41999816894531,38.599998474121094,37.5,37.970001220703125,54812200,0.0,0.0,0.0,0.017416975648288924,0.017267038590986414,0.6895904287507266,0.46096487963415844
2011-08-09 00:00:00-04:00,37.040000915527344,37.470001220703125,36.040000915527344,36.31999969482422,64605400,0.0,0.0,0.0,-0.043455398283717805,-0.04442786106218215,0.629898730382377,0.49106931721324826
2011-08-10 00:00:00-04:00,37.400001525878906,38.52000045776367,37.16999816894531,38.439998626708984,50407200,0.0,0.0,0.0,0.058370015134853626,0.05673000304584283,0.8116356661144354,0.49212586425915794
2011-08-11 00:00:00-04:00,37.56999969482422,38.09000015258789,36.939998626708984,37.79999923706055,40419900,0.0,0.0,0.0,-0.0166493083380016,-0.01678946593455995,0.6108451640614762,0.4964101932551769
2011-08-12 00:00:00-04:00,37.459999084472656,38.20000076293945,37.29999923706055,38.119998931884766,22208100,0.0,0.0,0.0,0.008465600563041242,0.00842996832423055,0.6060977296606347,0.49099829589659444
2011-08-15 00:00:00-04:00,38.29999923706055,38.790000915527344,38.18000030517578,38.66999816894531,21712500,0.0,0.0,0.0,0.01442810211100265,0.014325007502234961,0.6025481802254571,0.47963660582074497
2011-08-16 00:00:00-04:00,38.560001373291016,39.119998931884766,38.5,39.029998779296875,21810700,0.0,0.0,0.0,0.009309558505246285,0.009266491648077527,0.43167366328106876,0.4608154215555907
2011-08-17 00:00:00-04:00,39.18000030517578,39.54999923706055,38.79999923706055,39.33000183105469,19931100,0.0,0.0,0.0,0.007686473511163694,0.007657083083398988,0.19357175039987715,0.4500039326594923
2011-08-18 00:00:00-04:00,39.75,39.869998931884766,39.31999969482422,39.65999984741211,25741000,0.0,0.0,0.0,0.008390490744825119,0.008355486244349342,0.04332212481541926,0.44349223830855844
2011-08-19 00:00:00-04:00,41.25,41.72999954223633,40.36000061035156,41.68000030517578,49198900,0.0,0.0,0.0,0.05093294164234541,0.049678285522737384,0.29394220132682053,0.47274969777033987
2011-08-22 00:00:00-04:00,42.11000061035156,42.779998779296875,41.90999984741211,42.630001068115234,51905300,0.0,0.0,0.0,0.022792724471776937,0.02253685106561424,0.2932681311320943,0.4775777084402607
2011-08-23 00:00:00-04:00,41.86000061035156,42.290000915527344,40.40999984741211,40.630001068115234,56241400,0.0,0.0,0.0,-0.04691531667579252,-0.0480515195441347,0.5655168182703996,0.5091345380413776
2011-08-24 00:00:00-04:00,40.09000015258789,40.349998474121094,38.04999923706055,38.83000183105469,60277700,0.0,0.0,0.0,-0.044302219781951035,-0.0453135453892214,0.6796087882242005,0.5305230018981195
2011-08-25 00:00:00-04:00,38.40999984741211,40.119998931884766,38.060001373291016,40.0,36160900,0.0,0.0,0.0,0.030131293169540774,0.029686263214690953,0.7167015190260378,0.5392986028723065
2011-08-26 00:00:00-04:00,39.9900016784668,40.41999816894531,39.08000183105469,40.40999984741211,29627300,0.0,0.0,0.0,0.010249996185302646,0.010197821200452576,0.5907210960651181,0.5400698590032716
2011-08-29 00:00:00-04:00,39.84000015258789,39.959999084472656,39.25,39.720001220703125,25627000,0.0,0.0,0.0,-0.017074947520772432,-0.017222405404710508,0.5351533365006511,0.5412579831218219
2011-08-30 00:00:00-04:00,40.31999969482422,40.540000915527344,39.70000076293945,40.400001525878906,23521000,0.0,0.0,0.0,0.017119846029142183,0.01697495282670498,0.47340128465426784,0.5260935522605352
2011-08-31 00:00:00-04:00,40.52000045776367,40.95000076293945,40.04999923706055,40.45000076293945,22205700,0.0,0.0,0.0,0.0012376048309927778,0.0012368396294136401,0.2808439527308658,0.5222170454944136
2011-09-01 00:00:00-04:00,40.400001525878906,40.7400016784668,40.0,40.52000045776367,16977300,0.0,0.0,0.0,0.0017305239432370279,0.0017290283119132438,0.20376496952018988,0.44564084737442383
2011-09-02 00:00:00-04:00,41.79999923706055,42.29999923706055,41.54999923706055,42.18000030517578,26245800,0.0,0.0,0.0,0.040967419266009664,0.040150491608000605,0.34420996391112,0.4617268243526183
2011-09-06 00:00:00-04:00,41.130001068115234,41.58000183105469,40.459999084472656,41.04999923706055,35066800,0.0,0.0,0.0,-0.02678997297154062,-0.02715536497288795,0.3935808663488985,0.47440731944507963
2011-09-07 00:00:00-04:00,39.560001373291016,40.7400016784668,39.209999084472656,40.529998779296875,25514600,0.0,0.0,0.0,-0.012667490071332499,-0.012748406791114244,0.4013624634174441,0.44494820028391424
2011-09-08 00:00:00-04:00,41.459999084472656,41.4900016784668,40.95000076293945,41.220001220703125,19450600,0.0,0.0,0.0,0.0170244871006191,0.016881194554944377,0.4175321113601366,0.4024172355441174
2011-09-09 00:00:00-04:00,40.529998779296875,41.22999954223633,40.02000045776367,40.52000045776367,24466000,0.0,0.0,0.0,-0.01698206555578341,-0.017127914398942852,0.4443614130936918,0.40264321548942916
2011-09-12 00:00:00-04:00,39.790000915527344,40.20000076293945,38.650001525878906,39.13999938964844,32851400,0.0,0.0,0.0,-0.03405728165165467,-0.03465074430384171,0.31114173588808736,0.42382448829224567
2011-09-13 00:00:00-04:00,39.540000915527344,40.22999954223633,39.29999923706055,39.869998931884766,20585500,0.0,0.0,0.0,0.018650985018395128,0.018479188229446417,0.36280242273198693,0.4257723246733232
2011-09-14 00:00:00-04:00,39.689998626708984,39.810001373291016,39.189998626708984,39.599998474121094,18285300,0.0,0.0,0.0,-0.0067720206921738635,-0.006795054875176636,0.35795537533422517,0.42587297662111084
2011-09-15 00:00:00-04:00,39.08000183105469,39.31999969482422,38.29999923706055,38.790000915527344,23078700,0.0,0.0,0.0,-0.02045448459103072,-0.020666574674114393,0.3124504769914944,0.43174660122996766
2011-09-16 00:00:00-04:00,38.97999954223633,39.84000015258789,38.959999084472656,39.38999938964844,20079300,0.0,0.0,0.0,0.015467864397005426,0.015349456433701093,0.3605708424026331,0.43436754878039613
2011-09-19 00:00:00-04:00,39.16999816894531,39.18000030517578,37.939998626708984,38.650001525878906,24745100,0.0,0.0,0.0,-0.018786440092304235,-0.018965146974892527,0.2944279067662169,0.39465511178333396
2011-09-20 00:00:00-04:00,38.2599983215332,39.25,38.15999984741211,38.83000183105469,17303600,0.0,0.0,0.0,0.004657187530904938,0.004646376386412673,0.24387968703735663,0.38374715210165
2011-09-21 00:00:00-04:00,39.099998474121094,39.63999938964844,38.34000015258789,38.560001373291016,23297700,0.0,0.0,0.0,-0.006953398017811474,-0.006977685542507585,0.2439577800443399,0.34970332188655023
2011-09-22 00:00:00-04:00,36.220001220703125,36.31999969482422,34.5099983215332,34.91999816894531,63122700,0.0,0.0,0.0,-0.09439841998727183,-0.09915582682103898,0.6907124843317347,0.4578456246738916
2011-09-23 00:00:00-04:00,31.799999237060547,32.540000915527344,29.049999237060547,29.979999542236328,97735200,0.0,0.0,0.0,-0.14146617656761995,-0.15252920113021565,1.0084477979663895,0.6490374558715412
2011-09-26 00:00:00-04:00,27.510000228881836,29.989999771118164,27.40999984741211,29.770000457763672,74390200,0.0,0.0,0.0,-0.007004639348870079,-0.007029287001121313,1.0355493320475986,0.643542225887162
2011-09-27 00:00:00-04:00,32.02000045776367,32.619998931884766,30.56999969482422,31.170000076293945,64718700,0.0,0.0,0.0,0.04702719506224162,0.04595490582255622,1.203940787396689,0.6791534743794183
2011-09-28 00:00:00-04:00,30.75,30.989999771118164,28.700000762939453,28.8700008392334,56766500,0.0,0.0,0.0,-0.07378887492559838,-0.07665307348268088,1.1796637955912994,0.7051774567816713
2011-09-29 00:00:00-04:00,29.959999084472656,30.190000534057617,29.030000686645508,29.959999084472656,37721400,0.0,0.0,0.0,0.03775539361114211,0.03706010534645869,1.2640828412290372,0.7283227488378382
2011-09-30 00:00:00-04:00,29.56999969482422,29.809999465942383,28.8700008392334,28.90999984741211,29043000,0.0,0.0,0.0,-0.035046704577662346,-0.03567557734047255,0.8002958847077594,0.7295918926691972
2011-10-03 00:00:00-04:00,29.989999771118164,30.15999984741211,29.389999389648438,29.489999771118164,25217400,0.0,0.0,0.0,0.020062259659886283,0.019863664315624398,0.8213967032591045,0.7116159693691565
2011-10-04 00:00:00-04:00,29.59000015258789,29.65999984741211,27.899999618530273,29.09000015258789,47067400,0.0,0.0,0.0,-0.013563907142584153,-0.013656737313364715,0.7032805856563669,0.7106831954683928
2011-10-05 00:00:00-04:00,28.8799991607666,29.81999969482422,28.469999313354492,29.65999984741211,30733100,0.0,0.0,0.0,0.019594351730297666,0.01940485381273503,0.4667651747746664,0.7218673122787498
2011-10-06 00:00:00-04:00,30.040000915527344,31.360000610351562,29.860000610351562,31.200000762939453,37463100,0.0,0.0,0.0,0.0519218113098443,0.050618787703406026,0.5339425524981596,0.752046838370512
2011-10-07 00:00:00-04:00,31.459999084472656,31.719999313354492,29.8799991607666,30.229999542236328,32204400,0.0,0.0,0.0,-0.031089781954599438,-0.031583325619952425,0.513931851588468,0.7547728694937618
2011-10-10 00:00:00-04:00,31.200000762939453,31.489999771118164,30.93000030517578,31.260000228881836,18707600,0.0,0.0,0.0,0.03407213702423073,0.03350453866653479,0.5411712856234026,0.7686717827279318
2011-10-11 00:00:00-04:00,30.979999542236328,31.420000076293945,30.84000015258789,31.3799991607666,15015300,0.0,0.0,0.0,0.003838737396229863,0.0038313882454669873,0.501662639954839,0.7631258924106364
2011-10-12 00:00:00-04:00,31.799999237060547,31.959999084472656,31.350000381469727,31.770000457763672,18917900,0.0,0.0,0.0,0.012428339943510114,0.012351742129428411,0.5007073636591022,0.7674831426104464
2011-10-13 00:00:00-04:00,31.239999771118164,31.25,30.610000610351562,30.940000534057617,15787800,0.0,0.0,0.0,-0.026125272639183295,-0.026472600284108257,0.43254458649677563,0.7687914633846172
2011-10-14 00:00:00-04:00,31.31999969482422,31.6299991607666,30.889999389648438,31.34000015258789,14422500,0.0,0.0,0.0,0.012928235669872334,0.012845379390671605,0.3463291342014668,0.7677246752726246
2011-10-17 00:00:00-04:00,31.3700008392334,31.389999389648438,30.6299991607666,31.040000915527344,18892700,0.0,0.0,0.0,-0.009572407007017003,-0.009618516986565604,0.2634933414900474,0.767053772334659
2011-10-18 00:00:00-04:00,30.229999542236328,31.489999771118164,29.719999313354492,31.329999923706055,25004800,0.0,0.0,0.0,0.009342751276584016,0.009299377718828671,0.2729828553198544,0.7683990375270748
2011-10-19 00:00:00-04:00,30.940000534057617,31.1299991607666,30.079999923706055,30.229999542236328,19587100,0.0,0.0,0.0,-0.03511013035903021,-0.03574130888025664,0.3358259305947161,0.7736426210736647
2011-10-20 00:00:00-04:00,29.959999084472656,30.540000915527344,29.139999389648438,29.729999542236328,31597000,0.0,0.0,0.0,-0.016539861315625126,-0.016678172036030656,0.31237940172980716,0.7088542451713782
2011-10-21 00:00:00-04:00,30.450000762939453,30.59000015258789,30.1299991607666,30.479999542236328,17199800,0.0,0.0,0.0,0.02522704377894458,0.024914094187311338,0.3705548227918741,0.508019215140204
2011-10-24 00:00:00-04:00,30.600000381469727,31.190000534057617,30.559999465942383,30.8700008392334,15344400,0.0,0.0,0.0,0.012795318335114825,0.012714149900166376,0.38803570691423334,0.508578486608018
2011-10-25 00:00:00-04:00,30.84000015258789,32.5,30.520000457763672,32.43000030517578,37034500,0.0,0.0,0.0,0.05053448084004408,0.04929906402940029,0.5376118823759128,0.5128036201433973
2011-10-26 00:00:00-04:00,32.83000183105469,32.90999984741211,32.2400016784668,32.5,25725700,0.0,0.0,0.0,0.0021584857898704346,0.002156159606172793,0.39936959796321847,0.42659861536716537
2011-10-27 00:00:00-04:00,33.0099983215332,34.439998626708984,32.7400016784668,34.099998474121094,35039500,0.0,0.0,0.0,0.04923072228064895,0.04805725020659622,0.34279393509452694,0.43957532660462967
2011-10-28 00:00:00-04:00,34.25,34.38999938964844,33.790000915527344,34.27000045776367,18050800,0.0,0.0,0.0,0.004985395637820744,0.004973009701791894,0.38105452175833376,0.41100359544977944
2011-10-31 00:00:00-04:00,33.61000061035156,33.61000061035156,33.20000076293945,33.439998626708984,16399300,0.0,0.0,0.0,-0.024219487013944718,-0.02451760209489503,0.5159813761722049,0.4248148466915187
2011-11-01 00:00:00-04:00,31.700000762939453,32.77000045776367,31.5,32.33000183105469,36658100,0.0,0.0,0.0,-0.03319368544374657,-0.033757098775448656,0.5107896309271924,0.44254269982831296
2011-11-02 00:00:00-04:00,33.029998779296875,33.52000045776367,32.81999969482422,33.25,17245500,0.0,0.0,0.0,0.028456483663468424,0.02805911872812687,0.5510012982435979,0.4473356805586513
2011-11-03 00:00:00-04:00,33.79999923706055,33.810001373291016,32.900001525878906,33.619998931884766,18462600,0.0,0.0,0.0,0.011127787425105673,0.011066329108372812,0.4057999348116795,0.4141217271969154
2011-11-04 00:00:00-04:00,33.290000915527344,33.47999954223633,32.900001525878906,33.20000076293945,12377200,0.0,0.0,0.0,-0.012492509883663128,-0.012571197307689465,0.40426956787544255,0.398136630200781
2011-11-07 00:00:00-05:00,33.65999984741211,34.08000183105469,33.61000061035156,34.08000183105469,13485500,0.0,0.0,0.0,0.026506055659419214,0.026160856786697412,0.42080831788033596,0.3916605754161813
2011-11-08 00:00:00-05:00,33.959999084472656,34.38999938964844,33.68000030517578,34.0,19289400,0.0,0.0,0.0,-0.0023474714423807885,-0.002350231073082603,0.28313019728678274,0.39243806367555306
2011-11-09 00:00:00-05:00,33.75,33.869998931884766,32.83000183105469,33.099998474121094,24966800,0.0,0.0,0.0,-0.026470633114085484,-0.026827288332205854,0.3259074307729362,0.4058227196206819
2011-11-10 00:00:00-05:00,33.25,33.279998779296875,32.22999954223633,33.13999938964844,18061400,0.0,0.0,0.0,0.0012084869296480338,0.001207757297093578,0.3103992655878313,0.39172893322705904
2011-11-11 00:00:00-05:00,33.20000076293945,33.900001525878906,33.18000030517578,33.7400016784668,12228700,0.0,0.0,0.0,0.018105078451081003,0.017943133283861407,0.32535190373695283,0.3937672754848758
2011-11-14 00:00:00-05:00,33.56999969482422,33.619998931884766,33.029998779296875,33.33000183105469,9356200,0.0,0.0,0.0,-0.012151743539294935,-0.012226179608129266,0.26196849801755195,0.39504962433861124
2011-11-15 00:00:00-05:00,33.63999938964844,33.88999938964844,33.15999984741211,33.65999984741211,12579900,0.0,0.0,0.0,0.009900930039852263,0.009852236972667494,0.2815141967554254,0.3951573692307401
2011-11-16 00:00:00-05:00,33.130001068115234,33.369998931884766,32.63999938964844,32.81999969482422,17896600,0.0,0.0,0.0,-0.02495544136648209,-0.02527210786597372,0.2732609603601294,0.3833334104552286
2011-11-17 00:00:00-05:00,32.13999938964844,32.209999084472656,30.209999084472656,30.639999389648438,36372600,0.0,0.0,0.0,-0.06642292277411488,-0.06873175141117478,0.5305202557469612,0.45386820197043987
2011-11-18 00:00:00-05:00,31.06999969482422,31.719999313354492,30.860000610351562,31.399999618530273,24129900,0.0,0.0,0.0,0.024804185509827326,0.02450155581319001,0.5583418795067713,0.4535823314522872
2011-11-21 00:00:00-05:00,30.479999542236328,30.850000381469727,29.829999923706055,30.760000228881836,22505200,0.0,0.0,0.0,-0.020382146414764657,-0.020592728687155098,0.5598988585926703,0.4582556249277557
2011-11-22 00:00:00-05:00,30.90999984741211,32.16999816894531,30.8700008392334,31.889999389648438,23759800,0.0,0.0,0.0,0.036735993249622956,0.036077309804353405,0.6598228782478044,0.44043234233332273
2011-11-23 00:00:00-05:00,30.860000610351562,31.239999771118164,30.530000686645508,30.93000030517578,19296000,0.0,0.0,0.0,-0.030103452582199597,-0.030565865319050665,0.6681124060284044,0.4525980597242036
2011-11-25 00:00:00-05:00,30.260000228881836,30.920000076293945,30.18000030517578,30.200000762939453,9356800,0.0,0.0,0.0,-0.02360166618278925,-0.02388464691991837,0.49005606863386664,0.4153839418707897
2011-11-28 00:00:00-05:00,31.290000915527344,31.450000762939453,31.110000610351562,31.270000457763672,18248800,0.0,0.0,0.0,0.03543045257592481,0.03481723646509889,0.5314286794853629,0.43917294614649444
2011-11-29 00:00:00-05:00,31.0,31.329999923706055,30.889999389648438,31.030000686645508,14929300,0.0,0.0,0.0,-0.007675080511825749,-0.007704685520089252,0.5084642853103245,0.43305584207468695
2011-11-30 00:00:00-05:00,31.450000762939453,32.060001373291016,31.389999389648438,32.0,18798800,0.0,0.0,0.0,0.03126004807895333,0.030781402210997524,0.48599275515216706,0.4346280629309802
2011-12-01 00:00:00-05:00,32.13999938964844,32.529998779296875,31.700000762939453,31.860000610351562,12874700,0.0,0.0,0.0,-0.004374980926513672,-0.004384579160524751,0.4105112479091424,0.4213868663720849
2011-12-02 00:00:00-05:00,32.38999938964844,32.43000030517578,31.459999084472656,31.649999618530273,14457900,0.0,0.0,0.0,-0.006591368104150619,-0.006613187101772696,0.3452713107275679,0.4188662048244034
2011-12-05 00:00:00-05:00,31.940000534057617,32.099998474121094,31.0,31.049999237060547,13961900,0.0,0.0,0.0,-0.01895735825280842,-0.019139352729260675,0.30224470658811586,0.42149505692558964
2011-12-06 00:00:00-05:00,30.979999542236328,32.0099983215332,30.75,31.93000030517578,19142700,0.0,0.0,0.0,0.028341419959356573,0.027947232476172593,0.35728584010112446,0.4232460805616047
2011-12-07 00:00:00-05:00,31.81999969482422,31.920000076293945,31.3799991607666,31.610000610351562,12008900,0.0,0.0,0.0,-0.010021913303030816,-0.010072470748002488,0.2860398848422748,0.4239862566769792
2011-12-08 00:00:00-05:00,31.1200008392334,31.31999969482422,30.520000457763672,30.700000762939453,22262600,0.0,0.0,0.0,-0.028788352731448752,-0.029210866091739566,0.3437681898412395,0.4257426615012252
2011-12-09 00:00:00-05:00,31.059999465942383,31.459999084472656,30.93000030517578,31.329999923706055,11551400,0.0,0.0,0.0,0.02052114479186362,0.02031342308432909,0.3966310900923882,0.43396242692024534
2011-12-12 00:00:00-05:00,30.350000381469727,30.510000228881836,30.030000686645508,30.489999771118164,16225100,0.0,0.0,0.0,-0.026811367846582668,-0.027177349035548474,0.42121606208872353,0.4350371819032124
2011-12-13 00:00:00-05:00,30.420000076293945,31.1299991607666,29.579999923706055,29.81999969482422,26517800,0.0,0.0,0.0,-0.021974420509133896,-0.022219454390717017,0.32263168010238047,0.43865330249546575
2011-12-14 00:00:00-05:00,28.3700008392334,28.68000030517578,27.75,28.06999969482422,49466400,0.0,0.0,0.0,-0.058685446609972436,-0.06047791960082682,0.4501560544173597,0.4735449698076567
2011-12-15 00:00:00-05:00,28.40999984741211,28.5,27.700000762939453,28.219999313354492,22183200,0.0,0.0,0.0,0.005343769866799519,0.005329542590956905,0.4869271565840282,0.4718866637790315
2011-12-16 00:00:00-05:00,28.65999984741211,28.989999771118164,28.5,28.850000381469727,15321300,0.0,0.0,0.0,0.022324630880380614,0.02207908408383648,0.4956147961860441,0.4269144672732652
2011-12-19 00:00:00-05:00,28.270000457763672,28.459999084472656,27.899999618530273,27.959999084472656,18832000,0.0,0.0,0.0,-0.03084926465265203,-0.03133512155520295,0.5019725040551724,0.4251314305086371
2011-12-20 00:00:00-05:00,28.639999389648438,28.81999969482422,28.5,28.770000457763672,11520400,0.0,0.0,0.0,0.028970007146418064,0.028558308853176024,0.5910686934893838,0.4380278486387894
2011-12-21 00:00:00-05:00,28.56999969482422,28.790000915527344,28.350000381469727,28.600000381469727,10949100,0.0,0.0,0.0,-0.005908935474071897,-0.005926462310693294,0.3784792337331359,0.4121415245358414
2011-12-22 00:00:00-05:00,28.479999542236328,28.559999465942383,28.219999313354492,28.360000610351562,12715000,0.0,0.0,0.0,-0.008391600276818956,-0.008427007978418347,0.3877988474567514,0.4017515893940011
2011-12-23 00:00:00-05:00,28.56999969482422,28.610000610351562,28.25,28.280000686645508,5800600,0.0,0.0,0.0,-0.002820871720180973,-0.0028248578768677738,0.33973163877045764,0.3950348020624254
2011-12-27 00:00:00-05:00,28.059999465942383,28.3700008392334,27.850000381469727,27.8700008392334,10869900,0.0,0.0,0.0,-0.01449787261164115,-0.014603993702337633,0.27048895394493017,0.3695767157877847
2011-12-28 00:00:00-05:00,27.579999923706055,27.59000015258789,26.1200008392334,26.270000457763672,30748600,0.0,0.0,0.0,-0.05740941274811018,-0.05912325048349752,0.3579779966150278,0.41309781103070675
2011-12-29 00:00:00-05:00,25.790000915527344,27.110000610351562,25.649999618530273,27.06999969482422,24820300,0.0,0.0,0.0,0.03045295862658115,0.029998471229842796,0.49929236444436526,0.4120900532323449
2011-12-30 00:00:00-05:00,27.239999771118164,27.709999084472656,26.860000610351562,26.940000534057617,21977000,0.0,0.0,0.0,-0.004802333292654448,-0.004813901546448049,0.5009099378800836,0.4120428938119071
2012-01-03 00:00:00-05:00,27.969999313354492,28.920000076293945,27.920000076293945,28.829999923706055,28140300,0.0,0.0,0.0,0.07015587795772671,0.0678043181977894,0.7639616915747569,0.49690993800148814
2012-01-04 00:00:00-05:00,28.420000076293945,28.739999771118164,28.260000228881836,28.389999389648438,18062600,0.0,0.0,0.0,-0.015261898550884778,-0.01537956001791473,0.7651945501296503,0.49562486255270705
2012-01-05 00:00:00-05:00,28.0,28.649999618530273,27.950000762939453,28.510000228881836,13858900,0.0,0.0,0.0,0.004226870088526846,0.004217961966648007,0.5433306109614763,0.4819539041409919
2012-01-06 00:00:00-05:00,28.579999923706055,28.610000610351562,27.829999923706055,27.90999984741211,20679500,0.0,0.0,0.0,-0.021045260492909446,-0.02126986887161499,0.5841938963599113,0.4849920354939176
2012-01-09 00:00:00-05:00,28.34000015258789,28.40999984741211,27.989999771118164,28.1299991607666,11638200,0.0,0.0,0.0,0.007882454839027497,0.007851550586568775,0.5753959989768964,0.47933598515278864
2012-01-10 00:00:00-05:00,29.219999313354492,29.3700008392334,28.979999542236328,29.049999237060547,19090400,0.0,0.0,0.0,0.03270530052404297,0.032181864367284825,0.33777555989841035,0.4894239714097312
2012-01-11 00:00:00-05:00,28.940000534057617,29.3799991607666,28.829999923706055,29.139999389648438,15753900,0.0,0.0,0.0,0.0030981120465254364,0.003093322786625276,0.30304984662083817,0.4818397979349632
2012-01-12 00:00:00-05:00,29.600000381469727,29.84000015258789,29.110000610351562,29.309999465942383,17611400,0.0,0.0,0.0,0.005833908025212109,0.005816956680228156,0.30288148613667254,0.4764970857915753
2012-01-13 00:00:00-05:00,28.940000534057617,29.149999618530273,28.6299991607666,28.81999969482422,14796400,0.0,0.0,0.0,-0.016717836234952266,-0.016859156519449036,0.2794651951032828,0.42941047329534177
2012-01-17 00:00:00-05:00,29.389999389648438,29.600000381469727,29.079999923706055,29.190000534057617,11337700,0.0,0.0,0.0,0.012838335987208405,0.012756623179585145,0.2831328492891929,0.43108298800383266
2012-01-18 00:00:00-05:00,29.31999969482422,29.75,29.25,29.649999618530273,15396900,0.0,0.0,0.0,0.015758789861478384,0.015635909416042933,0.20230798124718055,0.4276010529103345
2012-01-19 00:00:00-05:00,29.6299991607666,29.809999465942383,29.510000228881836,29.739999771118164,13085800,0.0,0.0,0.0,0.003035418338813267,0.0030308207579387444,0.20232924535725588,0.40993098547767265
2012-01-20 00:00:00-05:00,29.700000762939453,31.25,29.59000015258789,31.219999313354492,27658800,0.0,0.0,0.0,0.04976461175610436,0.048565959757600516,0.38409222623712064,0.43312072247644806
2012-01-23 00:00:00-05:00,31.149999618530273,31.829999923706055,31.149999618530273,31.389999389648438,19909500,0.0,0.0,0.0,0.005445229981835054,0.005430458316206325,0.29912215242232343,0.43139254138472244
2012-01-24 00:00:00-05:00,31.290000915527344,31.440000534057617,31.020000457763672,31.079999923706055,13457300,0.0,0.0,0.0,-0.009875739788787974,-0.009924828365035152,0.3583881135849951,0.4320358580754463
2012-01-25 00:00:00-05:00,30.940000534057617,32.47999954223633,30.670000076293945,32.369998931884766,36154700,0.0,0.0,0.0,0.041505759695796396,0.04066751189639356,0.41396610815687906,0.4497651070601251
2012-01-26 00:00:00-05:00,32.849998474121094,32.869998931884766,32.34000015258789,32.43000030517578,23262600,0.0,0.0,0.0,0.0018536106045994316,0.0018518947884388491,0.41672887953924803,0.443019023642259
2012-01-27 00:00:00-05:00,32.47999954223633,33.0,32.470001220703125,32.959999084472656,15487000,0.0,0.0,0.0,0.016342854588635047,0.0162107475348299,0.30837443287431493,0.36998806598346323
2012-01-30 00:00:00-05:00,32.4900016784668,32.77000045776367,32.349998474121094,32.529998779296875,15177700,0.0,0.0,0.0,-0.01304612612620959,-0.013131974304546663,0.35411411849109864,0.37289100851636786
2012-01-31 00:00:00-05:00,33.06999969482422,33.099998474121094,32.02000045776367,32.279998779296875,19355500,0.0,0.0,0.0,-0.0076852139373305706,-0.007714897374136682,0.34768169441318114,0.3744929889971372
2012-02-01 00:00:00-05:00,32.970001220703125,33.060001373291016,32.61000061035156,32.77000045776367,18488200,0.0,0.0,0.0,0.015179730390233681,0.015065671094043817,0.20973499714979282,0.29939832781756026
2012-02-02 00:00:00-05:00,32.83000183105469,33.45000076293945,32.720001220703125,33.36000061035156,22983200,0.0,0.0,0.0,0.01800427660501036,0.01784411910674692,0.23613758593959644,0.29034210057556437
2012-02-03 00:00:00-05:00,32.959999084472656,33.06999969482422,32.369998931884766,32.689998626708984,24871800,0.0,0.0,0.0,-0.02008399194797006,-0.02028841705985168,0.2721403487371577,0.30715334461864724
2012-02-06 00:00:00-05:00,32.40999984741211,32.90999984741211,32.369998931884766,32.68000030517578,13417400,0.0,0.0,0.0,-0.00030585261404791897,-0.0003058993964979452,0.25248462294579604,0.29036538832127357
2012-02-07 00:00:00-05:00,32.52000045776367,33.400001525878906,32.369998931884766,33.2599983215332,19324800,0.0,0.0,0.0,0.01774779715242425,0.0175921439696471,0.2616237993266581,0.29238249952883366
2012-02-08 00:00:00-05:00,33.2599983215332,33.43000030517578,32.70000076293945,33.040000915527344,15972900,0.0,0.0,0.0,-0.00661447435682605,-0.006636446937311062,0.2597611339992492,0.28247885894554264
2012-02-09 00:00:00-05:00,33.369998931884766,33.470001220703125,32.79999923706055,32.900001525878906,15532600,0.0,0.0,0.0,-0.004237269545069644,-0.004246272211819095,0.21646069160746492,0.284876209064369
2012-02-10 00:00:00-05:00,32.54999923706055,32.900001525878906,32.380001068115234,32.5099983215332,12264400,0.0,0.0,0.0,-0.011854200190201447,-0.011925021464056797,0.1795581046747761,0.2920373718122757
2012-02-13 00:00:00-05:00,32.720001220703125,32.88999938964844,32.5,32.75,9481300,0.0,0.0,0.0,0.00738239590458023,0.007355279394694575,0.18958849426345215,0.2801689447696735
2012-02-14 00:00:00-05:00,32.790000915527344,32.869998931884766,32.31999969482422,32.540000915527344,11658800,0.0,0.0,0.0,-0.006412185785424573,-0.006432832154925659,0.11318737175083643,0.2827664227276288
2012-02-15 00:00:00-05:00,32.90999984741211,32.90999984741211,32.16999816894531,32.45000076293945,15222400,0.0,0.0,0.0,-0.0027658312862844925,-0.0027696632650053036,0.11161727317527681,0.28157847010050097
2012-02-16 00:00:00-05:00,31.920000076293945,32.619998931884766,31.81999969482422,32.56999969482422,14218000,0.0,0.0,0.0,0.0036979639156684563,0.0036911432569692437,0.12236116190966284,0.28153730672522553
2012-02-17 00:00:00-05:00,32.650001525878906,32.650001525878906,32.130001068115234,32.279998779296875,10418300,0.0,0.0,0.0,-0.00890392748678559,-0.008943804332633842,0.10837073859147359,0.229136497948052
2012-02-21 00:00:00-05:00,32.91999816894531,33.47999954223633,32.849998474121094,33.380001068115234,20579000,0.0,0.0,0.0,0.03407689995093355,0.03350914464668194,0.2778485262704466,0.25617364357744754
2012-02-22 00:00:00-05:00,33.09000015258789,33.540000915527344,33.029998779296875,33.439998626708984,22351000,0.0,0.0,0.0,0.001797410325761195,0.0017957969168375567,0.26436661198969347,0.2515807940003908
2012-02-23 00:00:00-05:00,33.83000183105469,34.61000061035156,33.619998931884766,34.400001525878906,32953700,0.0,0.0,0.0,0.02870822184792665,0.028303861587111727,0.29447824805285805,0.2292400836571215
2012-02-24 00:00:00-05:00,34.43000030517578,34.650001525878906,34.220001220703125,34.369998931884766,16620000,0.0,0.0,0.0,-0.0008721683913754941,-0.0008725489515180594,0.30410346325916016,0.22964742829667006
2012-02-27 00:00:00-05:00,34.34000015258789,34.630001068115234,34.18000030517578,34.36000061035156,16051900,0.0,0.0,0.0,-0.0002909025849263669,-0.0002909449052909266,0.2732384520960986,0.22436640357304444
2012-02-28 00:00:00-05:00,35.02000045776367,36.16999816894531,34.90999984741211,35.83000183105469,34999700,0.0,0.0,0.0,0.04278233977272583,0.04189246754132805,0.31928745341512654,0.2589772024050374
2012-02-29 00:00:00-05:00,36.0,36.439998626708984,32.900001525878906,33.54999923706055,91366000,0.0,0.0,0.0,-0.0636338955477811,-0.06574874174349618,0.6494811824350271,0.3539611972544081
2012-03-01 00:00:00-05:00,33.7400016784668,34.63999938964844,33.709999084472656,34.439998626708984,30513100,0.0,0.0,0.0,0.026527553200815346,0.0261817990073256,0.6438519343343212,0.36170038837665064
2012-03-02 00:00:00-05:00,33.95000076293945,34.060001373291016,33.349998474121094,33.7599983215332,23927800,0.0,0.0,0.0,-0.019744492807512115,-0.01994201967450825,0.6608450803873567,0.36536916418841414
2012-03-05 00:00:00-05:00,33.599998474121094,33.599998474121094,32.56999969482422,33.029998779296875,25236700,0.0,0.0,0.0,-0.021623210264519188,-0.021860417564845257,0.6728404581374118,0.36657770162327485
2012-03-06 00:00:00-05:00,31.799999237060547,32.20000076293945,31.540000915527344,32.0099983215332,33260900,0.0,0.0,0.0,-0.030881032257349172,-0.03136790089922235,0.5126952127250954,0.383449219193662
2012-03-07 00:00:00-05:00,32.040000915527344,32.630001068115234,31.860000610351562,32.40999984741211,18763400,0.0,0.0,0.0,0.012496143294385087,0.012418710899337198,0.3928844812609575,0.38053009045105196
2012-03-08 00:00:00-05:00,32.75,32.9900016784668,32.40999984741211,32.849998474121094,14564700,0.0,0.0,0.0,0.013576014464070418,0.01348468603532161,0.3296639669206446,0.38333064375183384
2012-03-09 00:00:00-05:00,32.439998626708984,33.439998626708984,32.290000915527344,33.220001220703125,19462800,0.0,0.0,0.0,0.011263402245620169,0.011200442450450656,0.3407023684934144,0.3850079392780085
2012-03-12 00:00:00-04:00,32.90999984741211,32.91999816894531,32.40999984741211,32.630001068115234,12605000,0.0,0.0,0.0,-0.017760389250684128,-0.01791999759180209,0.32830223531963015,0.38813385646103077
2012-03-13 00:00:00-04:00,32.34000015258789,32.810001373291016,32.040000915527344,32.2599983215332,27188500,0.0,0.0,0.0,-0.011339342153549148,-0.011404122671663804,0.23782274215815224,0.3893994264376047
2012-03-14 00:00:00-04:00,31.760000228881836,32.18000030517578,30.729999542236328,31.270000457763672,38738700,0.0,0.0,0.0,-0.03068809408798756,-0.031168834558894215,0.30251928575987047,0.4035926022000919
2012-03-15 00:00:00-04:00,31.209999084472656,31.959999084472656,31.020000457763672,31.530000686645508,17881700,0.0,0.0,0.0,0.008314685803507249,0.00828030922568039,0.28156616646256705,0.4051104827478232
2012-03-16 00:00:00-04:00,31.649999618530273,31.780000686645508,31.450000762939453,31.59000015258789,12580000,0.0,0.0,0.0,0.001902932592316553,0.0019011243097542393,0.2468326829610412,0.40487709440014646
2012-03-19 00:00:00-04:00,31.59000015258789,32.13999938964844,31.520000457763672,31.979999542236328,14902200,0.0,0.0,0.0,0.012345659631675776,0.012270073447493894,0.2772067695122668,0.40654723649956614
2012-03-20 00:00:00-04:00,31.360000610351562,31.56999969482422,30.860000610351562,31.149999618530273,18680000,0.0,0.0,0.0,-0.02595371906149857,-0.026296460104504107,0.31830820866990944,0.39519740054152536
2012-03-21 00:00:00-04:00,31.15999984741211,31.479999542236328,31.020000457763672,31.209999084472656,11741000,0.0,0.0,0.0,0.0019261466027977736,0.0019242939610216853,0.23838828411817822,0.39521905516643063
2012-03-22 00:00:00-04:00,30.530000686645508,30.770000457763672,30.209999084472656,30.540000915527344,23549000,0.0,0.0,0.0,-0.021467420333204812,-0.02170119717980404,0.263120226968126,0.381472176968977
2012-03-23 00:00:00-04:00,30.860000610351562,31.3700008392334,30.75,31.239999771118164,13833600,0.0,0.0,0.0,0.022920721499877894,0.02266198787646136,0.33628165658666537,0.39455437135533045
2012-03-26 00:00:00-04:00,31.739999771118164,32.0,31.6299991607666,31.940000534057617,12644600,0.0,0.0,0.0,0.02240719488053955,0.022159841862596133,0.36936742539363693,0.4058062820998702
2012-03-27 00:00:00-04:00,32.06999969482422,32.18000030517578,31.549999237060547,31.59000015258789,11848800,0.0,0.0,0.0,-0.010958058096978474,-0.011018539863264912,0.3143096120631966,0.36787378929581405
2012-03-28 00:00:00-04:00,31.5,31.56999969482422,30.860000610351562,31.149999618530273,18452600,0.0,0.0,0.0,-0.013928475211532176,-0.014026386657010198,0.3369514249061463,0.300823867892498
2012-03-29 00:00:00-04:00,31.0,31.360000610351562,30.719999313354492,31.350000381469727,15314700,0.0,0.0,0.0,0.006420570317454466,0.006400046259780065,0.2793230213092108,0.28205627108182263
2012-03-30 00:00:00-04:00,31.579999923706055,31.700000762939453,31.31999969482422,31.3799991607666,7605400,0.0,0.0,0.0,0.0009568988495007869,0.0009564413136504553,0.23188533293907174,0.2767767493770991
2012-04-02 00:00:00-04:00,31.530000686645508,32.290000915527344,31.469999313354492,32.04999923706055,15583200,0.0,0.0,0.0,0.0213511820972776,0.02112643900134231,0.22577845501483992,0.2814593887297126
2012-04-03 00:00:00-04:00,32.040000915527344,32.34000015258789,31.540000915527344,31.649999618530273,24183000,0.0,0.0,0.0,-0.012480487614731084,-0.012559023024586537,0.23095924515356228,0.2628188668509479
2012-04-04 00:00:00-04:00,30.639999389648438,30.780000686645508,30.110000610351562,30.329999923706055,25926900,0.0,0.0,0.0,-0.04170615199791006,-0.04260081735240085,0.3776295023433379,0.29580284596752277
2012-04-05 00:00:00-04:00,30.56999969482422,30.899999618530273,30.530000686645508,30.719999313354492,12145300,0.0,0.0,0.0,0.012858535793915715,0.012776566742701001,0.39246843493621736,0.29527542654495526
2012-04-09 00:00:00-04:00,30.790000915527344,30.860000610351562,30.40999984741211,30.59000015258789,9255100,0.0,0.0,0.0,-0.004231743609124705,-0.004240722776754863,0.390225333521811,0.290303084231127
2012-04-10 00:00:00-04:00,30.68000030517578,30.940000534057617,30.229999542236328,30.790000915527344,15226400,0.0,0.0,0.0,0.006538109249487389,0.006516828520001913,0.33830052545179023,0.28777973866528256
2012-04-11 00:00:00-04:00,30.739999771118164,30.920000076293945,30.469999313354492,30.649999618530273,9003700,0.0,0.0,0.0,-0.004546972810464234,-0.00455734173475046,0.3360730250953011,0.2860929800864902
2012-04-12 00:00:00-04:00,30.700000762939453,31.639999389648438,30.690000534057617,31.420000076293945,15191400,0.0,0.0,0.0,0.025122364350639304,0.02481198531944601,0.19800719060904562,0.2814571758861527
2012-04-13 00:00:00-04:00,31.280000686645508,31.299999237060547,30.420000076293945,30.549999237060547,17038300,0.0,0.0,0.0,-0.027689396471065053,-0.028079974611536086,0.30478876066799404,0.29661851963904967
2012-04-16 00:00:00-04:00,30.65999984741211,30.790000915527344,30.389999389648438,30.559999465942383,9050700,0.0,0.0,0.0,0.00032733974244103514,0.0003272861784763019,0.3034224898005446,0.29643774618156965
2012-04-17 00:00:00-04:00,30.8799991607666,30.989999771118164,30.469999313354492,30.799999237060547,11381400,0.0,0.0,0.0,0.007853395789016115,0.007822718386154875,0.3053590870714044,0.2940764909047975
2012-04-18 00:00:00-04:00,30.6200008392334,30.760000228881836,30.450000762939453,30.639999389648438,8206300,0.0,0.0,0.0,-0.005194800369332064,-0.005208340256466822,0.3060292323396936,0.28029082635526237
2012-04-19 00:00:00-04:00,30.8700008392334,31.110000610351562,30.719999313354492,30.799999237060547,11094700,0.0,0.0,0.0,0.005221927238881152,0.005208340256466745,0.22545631054541077,0.2809400429136036
2012-04-20 00:00:00-04:00,30.770000457763672,30.850000381469727,30.649999618530273,30.75,6894700,0.0,0.0,0.0,-0.0016233518928268076,-0.0016246709562401224,0.08324721461985803,0.2699220490139763
2012-04-23 00:00:00-04:00,29.84000015258789,29.989999771118164,29.600000381469727,29.969999313354492,15640700,0.0,0.0,0.0,-0.025365875988471842,-0.02569313583505003,0.2083381312709852,0.27109716563915476
2012-04-24 00:00:00-04:00,30.1299991607666,30.229999542236328,29.770000457763672,29.93000030517578,8464100,0.0,0.0,0.0,-0.0013346349381091471,-0.0013355263565518996,0.18477913660592785,0.255473440053465
2012-04-25 00:00:00-04:00,30.0,30.0,29.09000015258789,29.860000610351562,25133400,0.0,0.0,0.0,-0.0023387802910284083,-0.0023415195094400577,0.1863373439099644,0.2537928125893418
2012-04-26 00:00:00-04:00,29.889999389648438,30.389999389648438,29.780000686645508,30.18000030517578,10694700,0.0,0.0,0.0,0.010716667390598955,0.010659650900072799,0.2082818690166436,0.25439419720060025
2012-04-27 00:00:00-04:00,30.479999542236328,30.520000457763672,30.260000228881836,30.3700008392334,6982300,0.0,0.0,0.0,0.006295577605578417,0.006275843239731049,0.22113908777855135,0.2543432419323949
2012-04-30 00:00:00-04:00,29.8700008392334,30.190000534057617,29.690000534057617,30.110000610351562,10930100,0.0,0.0,0.0,-0.008561087313041948,-0.008597943926920443,0.12049453473750894,0.2553837247824503
2012-05-01 00:00:00-04:00,30.360000610351562,30.440000534057617,29.989999771118164,30.059999465942383,8877500,0.0,0.0,0.0,-0.0016606158550521721,-0.0016619962059278913,0.12090638797351498,0.24015845906793615
2012-05-02 00:00:00-04:00,29.68000030517578,29.780000686645508,29.5,29.780000686645508,10316700,0.0,0.0,0.0,-0.009314663482083874,-0.009358316245307549,0.14110014059096712,0.23877557888612375
2012-05-03 00:00:00-04:00,29.479999542236328,29.579999923706055,28.989999771118164,29.290000915527344,14092200,0.0,0.0,0.0,-0.016453987905309164,-0.016590858216156218,0.13674782346332476,0.19767524192832706
2012-05-04 00:00:00-04:00,29.190000534057617,29.579999923706055,29.139999389648438,29.40999984741211,13981100,0.0,0.0,0.0,0.004096924825330195,0.004088555280627475,0.12471675435072438,0.19148455701492298
2012-05-07 00:00:00-04:00,29.3700008392334,29.3799991607666,28.809999465942383,29.209999084472656,13075300,0.0,0.0,0.0,-0.006800434001262068,-0.0068236623208972474,0.12339511661133411,0.19207872290304012
2012-05-08 00:00:00-04:00,28.600000381469727,28.690000534057617,28.280000686645508,28.649999618530273,21027300,0.0,0.0,0.0,-0.019171498921411012,-0.01935765521078306,0.14507816926066794,0.19808866422710325
2012-05-09 00:00:00-04:00,28.06999969482422,28.469999313354492,27.969999313354492,28.3799991607666,18528000,0.0,0.0,0.0,-0.00942409987290338,-0.009468787685324331,0.14507007622705884,0.1991771753936178
2012-05-10 00:00:00-04:00,28.459999084472656,28.600000381469727,28.200000762939453,28.25,10453200,0.0,0.0,0.0,-0.00458066119136169,-0.004591184568149558,0.13350206641401569,0.16741412032171632
2012-05-11 00:00:00-04:00,27.719999313354492,28.270000457763672,27.59000015258789,28.079999923706055,11868300,0.0,0.0,0.0,-0.0060177018157149265,-0.0060358811518604755,0.09280283833077607,0.14507085054666638
2012-05-14 00:00:00-04:00,27.65999984741211,27.670000076293945,27.3799991607666,27.420000076293945,15232600,0.0,0.0,0.0,-0.023504268134093453,-0.023784899524001653,0.1327663766706155,0.15925076729012097
2012-05-15 00:00:00-04:00,27.280000686645508,27.440000534057617,26.790000915527344,26.860000610351562,14694300,0.0,0.0,0.0,-0.020423029335675746,-0.020634463098057988,0.13693666198799614,0.15976757462031338
2012-05-16 00:00:00-04:00,26.649999618530273,27.190000534057617,25.989999771118164,26.3700008392334,24442800,0.0,0.0,0.0,-0.01824273119820119,-0.018411181628026078,0.13759073809708547,0.16469652891823167
2012-05-17 00:00:00-04:00,26.940000534057617,27.5,26.700000762939453,27.239999771118164,21656400,0.0,0.0,0.0,0.032991994850086526,0.03245944068839088,0.37053329499574617,0.21484289779327928
2012-05-18 00:00:00-04:00,27.6299991607666,28.09000015258789,27.600000381469727,27.790000915527344,17928600,0.0,0.0,0.0,0.020190937923293628,0.019989803820005904,0.418673413152748,0.23389448517796962
2012-05-21 00:00:00-04:00,27.31999969482422,27.690000534057617,27.25,27.68000030517578,10395100,0.0,0.0,0.0,-0.003958280198907871,-0.0039661349242952814,0.3756101963145497,0.22109904009403883
2012-05-22 00:00:00-04:00,27.520000457763672,27.959999084472656,27.1299991607666,27.34000015258789,12351300,0.0,0.0,0.0,-0.012283242371363579,-0.01235930489767937,0.3482963297187608,0.22283955192067276
2012-05-23 00:00:00-04:00,26.950000762939453,27.09000015258789,26.329999923706055,27.049999237060547,21410600,0.0,0.0,0.0,-0.010607202410710115,-0.01066385978922166,0.32109173315440864,0.2237452586462085
2012-05-24 00:00:00-04:00,27.6200008392334,27.670000076293945,27.190000534057617,27.440000534057617,11387300,0.0,0.0,0.0,0.014417793271607193,0.01431484523272104,0.23579949927769508,0.2275113522763523
2012-05-25 00:00:00-04:00,27.440000534057617,27.75,27.360000610351562,27.6200008392334,7192200,0.0,0.0,0.0,0.0065597777577435235,0.006538356045709254,0.18153041594009733,0.22768181291927672
2012-05-29 00:00:00-04:00,27.729999542236328,27.860000610351562,26.93000030517578,27.100000381469727,14415900,0.0,0.0,0.0,-0.01882695300374604,-0.01900643640410594,0.22206165701997985,0.23288495907828533
2012-05-30 00:00:00-04:00,26.780000686645508,27.360000610351562,26.59000015258789,27.1200008392334,11468000,0.0,0.0,0.0,0.0007380242613335142,0.0007377520553498687,0.21097271647295932,0.23351649893201934
2012-05-31 00:00:00-04:00,27.1299991607666,27.299999237060547,26.729999542236328,26.959999084472656,9790400,0.0,0.0,0.0,-0.0058997695357470015,-0.005917241932002314,0.20062517272541602,0.23299962680045128
2012-06-01 00:00:00-04:00,27.469999313354492,27.8799991607666,27.329999923706055,27.6200008392334,19668800,0.0,0.0,0.0,0.024480778085072874,0.024185926280758368,0.25376873787156456,0.2506245772560163
2012-06-04 00:00:00-04:00,27.56999969482422,27.59000015258789,27.170000076293945,27.459999084472656,9923800,0.0,0.0,0.0,-0.005792967049206732,-0.005809811366708749,0.253129120605434,0.24946396583374109
2012-06-05 00:00:00-04:00,27.5,27.739999771118164,27.459999084472656,27.719999313354492,10706700,0.0,0.0,0.0,0.009468326203581512,0.009423782551514841,0.20269075424370436,0.25310046247513635
2012-06-06 00:00:00-04:00,28.790000915527344,29.020000457763672,28.389999389648438,28.510000228881836,21530700,0.0,0.0,0.0,0.028499312232910023,0.028100761401764516,0.2577233114946883,0.2675901907926747
2012-06-07 00:00:00-04:00,28.739999771118164,28.760000228881836,27.559999465942383,27.790000915527344,22371000,0.0,0.0,0.0,-0.025254272450868087,-0.025578634253804754,0.3527659318449057,0.2804868037573795
2012-06-08 00:00:00-04:00,27.31999969482422,27.770000457763672,27.31999969482422,27.75,8002600,0.0,0.0,0.0,-0.001439399575729916,-0.0014404365064571009,0.3144255104740598,0.28016185792096127
2012-06-11 00:00:00-04:00,27.81999969482422,27.850000381469727,27.469999313354492,27.790000915527344,7315300,0.0,0.0,0.0,0.0014414744334176888,0.0014404365064569866,0.30857972232156916,0.27955047851786513
2012-06-12 00:00:00-04:00,28.049999237060547,28.229999542236328,27.829999923706055,28.1200008392334,12170400,0.0,0.0,0.0,0.011874771962374187,0.011804820088278637,0.31243099542451164,0.2687204832581976
2012-06-13 00:00:00-04:00,28.190000534057617,28.260000228881836,27.959999084472656,28.010000228881836,7936200,0.0,0.0,0.0,-0.003911828131885731,-0.00391949934372916,0.21569141754332993,0.25707789384381546
2012-06-14 00:00:00-04:00,28.030000686645508,28.040000915527344,27.34000015258789,27.81999969482422,13714000,0.0,0.0,0.0,-0.006783310692789701,-0.006806421917807459,0.11397530328244627,0.24803782668816315
2012-06-15 00:00:00-04:00,27.81999969482422,27.950000762939453,27.729999542236328,27.809999465942383,6322100,0.0,0.0,0.0,-0.0003594618616655776,-0.0003595264835671103,0.1132304191903428,0.22095980928820352
2012-06-18 00:00:00-04:00,27.540000915527344,27.979999542236328,27.459999084472656,27.8700008392334,9479300,0.0,0.0,0.0,0.0021575467257557435,0.0021552225642098915,0.1137374900892661,0.20928862885183425
2012-06-19 00:00:00-04:00,27.93000030517578,27.959999084472656,27.479999542236328,27.639999389648438,7830500,0.0,0.0,0.0,-0.008252653127343357,-0.008286894789000465,0.06891425230312086,0.21097570672092628
2012-06-20 00:00:00-04:00,27.3799991607666,27.81999969482422,26.8799991607666,27.260000228881836,25265200,0.0,0.0,0.0,-0.013748160968082956,-0.013843542152646259,0.10110780134686592,0.21216866407035193
2012-06-21 00:00:00-04:00,26.790000915527344,26.8799991607666,26.059999465942383,26.1200008392334,21689100,0.0,0.0,0.0,-0.041819493032894894,-0.042719098126493237,0.27965968054110535,0.25694648549943494
2012-06-22 00:00:00-04:00,25.979999542236328,26.15999984741211,25.799999237060547,26.149999618530273,9818800,0.0,0.0,0.0,0.0011484984047862579,0.0011478393850338521,0.2839238039617975,0.2501880737364935
2012-06-25 00:00:00-04:00,26.0,26.84000015258789,25.940000534057617,26.709999084472656,11581400,0.0,0.0,0.0,0.021414893847476746,0.02118881692211362,0.36593050568937063,0.2624123813201388
2012-06-26 00:00:00-04:00,26.450000762939453,26.549999237060547,26.020000457763672,26.299999237060547,7864100,0.0,0.0,0.0,-0.015350050972126605,-0.015469082670679226,0.36938472205351475,0.2596507464402437
2012-06-27 00:00:00-04:00,26.469999313354492,26.5,25.969999313354492,26.1299991607666,8838300,0.0,0.0,0.0,-0.0064638814154180935,-0.006484862759712711,0.3679362862427308,0.260133504240336
2012-06-28 00:00:00-04:00,26.0,26.020000457763672,25.34000015258789,25.6299991607666,17799700,0.0,0.0,0.0,-0.019135094376533157,-0.019320539783104444,0.2554597601685053,0.2670968981631735
2012-06-29 00:00:00-04:00,26.709999084472656,26.959999084472656,26.399999618530273,26.649999618530273,13592500,0.0,0.0,0.0,0.039797131922074014,0.03902562866599585,0.4050216059355234,0.2919149461387888
2012-07-02 00:00:00-04:00,26.65999984741211,26.799999237060547,26.520000457763672,26.729999542236328,6257900,0.0,0.0,0.0,0.0030018733527645836,0.002997376727570272,0.3752983565125251,0.2919189472576402
2012-07-03 00:00:00-04:00,27.31999969482422,27.600000381469727,27.25,27.489999771118164,9987600,0.0,0.0,0.0,0.02843248192656911,0.028035780825788014,0.3882524098839443,0.30839523229519716
2012-07-05 00:00:00-04:00,26.799999237060547,27.079999923706055,26.739999771118164,26.8799991607666,8911100,0.0,0.0,0.0,-0.022189909619149906,-0.022439809417683153,0.4405635954652136,0.2980647254412665
2012-07-06 00:00:00-04:00,26.43000030517578,26.489999771118164,26.139999389648438,26.299999237060547,10103500,0.0,0.0,0.0,-0.02157737878774224,-0.021813574258853937,0.44958416104111465,0.2946525501287797
2012-07-09 00:00:00-04:00,26.40999984741211,26.690000534057617,26.3799991607666,26.540000915527344,5892900,0.0,0.0,0.0,0.009125539369925217,0.009084153225579197,0.34200361066049967,0.2975708867055775
2012-07-10 00:00:00-04:00,26.610000610351562,26.6299991607666,25.940000534057617,26.059999465942383,10258500,0.0,0.0,0.0,-0.018085962058280614,-0.018251512196879156,0.36013685862796996,0.3025548210602635
2012-07-11 00:00:00-04:00,26.190000534057617,26.450000762939453,25.989999771118164,26.25,8746700,0.0,0.0,0.0,0.007290887872270613,0.00726443783431909,0.25207610371690364,0.29998514967277834
2012-07-12 00:00:00-04:00,25.799999237060547,26.56999969482422,25.729999542236328,26.350000381469727,12656500,0.0,0.0,0.0,0.003809538341703833,0.0038023004267679107,0.23385527433105874,0.3010147805299416
2012-07-13 00:00:00-04:00,26.43000030517578,26.75,26.420000076293945,26.440000534057617,7133300,0.0,0.0,0.0,0.0034155655136605123,0.003409745717935462,0.17453664760744902,0.30143712558184593
2012-07-16 00:00:00-04:00,26.530000686645508,26.610000610351562,26.34000015258789,26.489999771118164,5141700,0.0,0.0,0.0,0.0018910452364075958,0.001889259461331072,0.16060931521813648,0.3017418529269537
2012-07-17 00:00:00-04:00,26.469999313354492,26.610000610351562,25.979999542236328,26.469999313354492,13000500,0.0,0.0,0.0,-0.0007550191746501511,-0.0007553043451757073,0.04661046523130353,0.30135357165853016
2012-07-18 00:00:00-04:00,26.290000915527344,26.520000457763672,26.260000228881836,26.420000076293945,7107900,0.0,0.0,0.0,-0.0018889020913318566,-0.0018906883165779995,0.040092782194628765,0.3005606372858337
2012-07-19 00:00:00-04:00,26.559999465942383,26.649999618530273,26.329999923706055,26.420000076293945,6280000,0.0,0.0,0.0,0.0,0.0,0.033639503532125296,0.29742996388448245
2012-07-20 00:00:00-04:00,26.09000015258789,26.6200008392334,26.059999465942383,26.479999542236328,7946900,0.0,0.0,0.0,0.002270986592320945,0.002268411799745798,0.027961792413662763,0.256285110123007
2012-07-23 00:00:00-04:00,26.06999969482422,26.3799991607666,25.979999542236328,26.209999084472656,7644000,0.0,0.0,0.0,-0.010196392085770722,-0.010248731376804689,0.07568314723623189,0.2592318931247157
2012-07-24 00:00:00-04:00,26.329999923706055,26.3700008392334,25.81999969482422,26.219999313354492,7154900,0.0,0.0,0.0,0.0003815425116806548,0.0003814697428455593,0.07737984287426072,0.24690358355984202
2012-07-25 00:00:00-04:00,26.469999313354492,26.739999771118164,26.280000686645508,26.530000686645508,9077100,0.0,0.0,0.0,0.011823088535823256,0.011753741883798604,0.12433713596805661,0.24451049456795368
2012-07-26 00:00:00-04:00,26.829999923706055,26.93000030517578,26.549999237060547,26.709999084472656,8426100,0.0,0.0,0.0,0.00678471138968928,0.00676179881379397,0.13056842005363467,0.24399384317139947
2012-07-27 00:00:00-04:00,26.81999969482422,26.989999771118164,26.549999237060547,26.959999084472656,13865500,0.0,0.0,0.0,0.00935979066151793,0.009316259240083368,0.14011692558633898,0.23320742393284444
2012-07-30 00:00:00-04:00,26.889999389648438,27.389999389648438,26.850000381469727,27.360000610351562,10433000,0.0,0.0,0.0,0.014836852353948382,0.014727862977144198,0.08719979551580319,0.19398500523346565
2012-07-31 00:00:00-04:00,27.34000015258789,27.389999389648438,27.06999969482422,27.1200008392334,8041700,0.0,0.0,0.0,-0.008771921263311722,-0.008810621045141976,0.14611009847904688,0.19716064976784556
2012-08-01 00:00:00-04:00,26.450000762939453,26.790000915527344,26.350000381469727,26.540000915527344,12635200,0.0,0.0,0.0,-0.021386427203460623,-0.021618430617185828,0.23651959032418662,0.18337128882626455
2012-08-02 00:00:00-04:00,26.389999389648438,26.520000457763672,26.1299991607666,26.309999465942383,9635700,0.0,0.0,0.0,-0.008666218600256292,-0.008703988646646918,0.23470284768930266,0.1690460189572626
2012-08-03 00:00:00-04:00,26.540000915527344,27.09000015258789,26.479999542236328,26.959999084472656,8914200,0.0,0.0,0.0,0.024705421198190525,0.024405177331830372,0.3011783887497064,0.17413982106738807
2012-08-06 00:00:00-04:00,26.8700008392334,27.15999984741211,26.84000015258789,27.110000610351562,6035500,0.0,0.0,0.0,0.005563855006408325,0.005548433939087763,0.27906022807008296,0.17246712059789368
2012-08-07 00:00:00-04:00,27.260000228881836,27.350000381469727,27.149999618530273,27.270000457763672,6620700,0.0,0.0,0.0,0.005901875463293571,0.005884527619379481,0.27508532521748186,0.15740008470093328
2012-08-08 00:00:00-04:00,27.170000076293945,27.40999984741211,27.149999618530273,27.209999084472656,5456500,0.0,0.0,0.0,-0.0022002703441075244,-0.002202694495412675,0.19891109866785409,0.15702849720233303
2012-08-09 00:00:00-04:00,27.149999618530273,27.350000381469727,27.139999389648438,27.290000915527344,3715500,0.0,0.0,0.0,0.0029401629454790523,0.0029358491199043208,0.16211190971138087,0.15691444564261312
2012-08-10 00:00:00-04:00,26.979999542236328,27.479999542236328,26.899999618530273,27.260000228881836,7903200,0.0,0.0,0.0,-0.0010993288984625371,-0.0010999336036966176,0.0592976800245907,0.15711638244625833
2012-08-13 00:00:00-04:00,27.149999618530273,27.219999313354492,26.899999618530273,26.920000076293945,4624400,0.0,0.0,0.0,-0.012472492653454292,-0.012550927054012711,0.1109752858949125,0.16481675885650657
2012-08-14 00:00:00-04:00,26.920000076293945,27.0,26.8700008392334,26.959999084472656,3349400,0.0,0.0,0.0,0.0014858472535419498,0.001484744474750262,0.09614186127122329,0.1647180589990064
2012-08-15 00:00:00-04:00,27.030000686645508,27.15999984741211,26.920000076293945,26.969999313354492,5034800,0.0,0.0,0.0,0.00037092838358421254,0.00037085960665835535,0.09797342274563937,0.16439310091228657
2012-08-16 00:00:00-04:00,27.049999237060547,27.440000534057617,26.950000762939453,27.3700008392334,7418500,0.0,0.0,0.0,0.014831350984901182,0.014722442023080706,0.15414294837576586,0.17138020945383256
2012-08-17 00:00:00-04:00,27.43000030517578,27.440000534057617,27.170000076293945,27.229999542236328,6184700,0.0,0.0,0.0,-0.005115136744767157,-0.005128263840452632,0.15951316937125015,0.17312084602471053
2012-08-20 00:00:00-04:00,27.260000228881836,27.969999313354492,27.239999771118164,27.950000762939453,11711500,0.0,0.0,0.0,0.026441470172863468,0.02609793702302652,0.20369697464818382,0.1885781514449878
2012-08-21 00:00:00-04:00,28.309999465942383,28.6200008392334,28.309999465942383,28.3700008392334,14069100,0.0,0.0,0.0,0.01502683595096177,0.01491505150479039,0.20074121276761947,0.1927069807550131
2012-08-22 00:00:00-04:00,28.549999237060547,29.010000228881836,28.5,28.920000076293945,14208600,0.0,0.0,0.0,0.019386648600304035,0.019201121526187602,0.1862930998714401,0.19855163445234525
2012-08-23 00:00:00-04:00,29.690000534057617,29.8799991607666,29.459999084472656,29.600000381469727,25937400,0.0,0.0,0.0,0.02351315018609501,0.02324097428883812,0.19821304115459215,0.2097823447373738
2012-08-24 00:00:00-04:00,29.56999969482422,29.790000915527344,29.5,29.739999771118164,11697600,0.0,0.0,0.0,0.0047297090487903315,0.004718559118409508,0.13478232568383522,0.20921723538779208
2012-08-27 00:00:00-04:00,29.899999618530273,30.239999771118164,29.739999771118164,29.739999771118164,13758900,0.0,0.0,0.0,0.0,0.0,0.15709404456181117,0.20657806136062246
2012-08-28 00:00:00-04:00,29.93000030517578,30.0,29.729999542236328,29.93000030517578,6977600,0.0,0.0,0.0,0.006388720091455191,0.00636839872500993,0.16038408935196138,0.2008232321924756
2012-08-29 00:00:00-04:00,29.93000030517578,29.950000762939453,29.610000610351562,29.75,8626400,0.0,0.0,0.0,-0.006014042878063508,-0.006032200069286188,0.17541693160310606,0.18039056894031258
2012-08-30 00:00:00-04:00,29.90999984741211,29.920000076293945,29.280000686645508,29.440000534057617,11544700,0.0,0.0,0.0,-0.010420150115710292,-0.010474819990419324,0.11288847497158706,0.18235106063721265
2012-08-31 00:00:00-04:00,29.799999237060547,30.799999237060547,29.31999969482422,30.790000915527344,28197900,0.0,0.0,0.0,0.04585599038654853,0.044835679669757114,0.35778066465931285,0.2226036813590075
2012-09-04 00:00:00-04:00,31.190000534057617,31.440000534057617,30.979999542236328,31.360000610351562,17164100,0.0,0.0,0.0,0.01851249359777607,0.018343223273971674,0.3585715718590912,0.22639702378695709
2012-09-05 00:00:00-04:00,31.299999237060547,31.360000610351562,31.100000381469727,31.270000457763672,8979000,0.0,0.0,0.0,-0.0028699027690127776,-0.0028740288361297456,0.371638896541977,0.22929116384326573
2012-09-06 00:00:00-04:00,31.65999984741211,31.940000534057617,31.479999542236328,31.670000076293945,15932800,0.0,0.0,0.0,0.01279180085304299,0.012710676850759103,0.3468905986636373,0.22751201233067894
2012-09-07 00:00:00-04:00,32.369998931884766,32.70000076293945,32.220001220703125,32.63999938964844,16865000,0.0,0.0,0.0,0.030628333154964826,0.030168648436832365,0.29204976900990476,0.24065524724866585
2012-09-10 00:00:00-04:00,32.4900016784668,32.790000915527344,32.220001220703125,32.290000915527344,12756500,0.0,0.0,0.0,-0.010722992667459796,-0.010780898272948288,0.2632860653539726,0.24836511326886593
2012-09-11 00:00:00-04:00,32.68000030517578,32.75,32.34000015258789,32.40999984741211,8085000,0.0,0.0,0.0,0.00371628765817289,0.003709399321944947,0.25271411793321236,0.23649688697268362
2012-09-12 00:00:00-04:00,32.7400016784668,32.75,31.459999084472656,32.209999084472656,22325900,0.0,0.0,0.0,-0.006170958465938514,-0.006190077525998237,0.26152952407722896,0.24141737536466426
2012-09-13 00:00:00-04:00,32.13999938964844,33.75,31.670000076293945,33.61000061035156,38239600,0.0,0.0,0.0,0.04346481110438161,0.042546724977426474,0.3766659400828209,0.26789397610058746
2012-09-14 00:00:00-04:00,33.54999923706055,33.65999984741211,33.33000183105469,33.599998474121094,17495800,0.0,0.0,0.0,-0.0002975940508429531,-0.00029763834073965944,0.34381026910324,0.27054260955046716
2012-09-17 00:00:00-04:00,33.47999954223633,33.560001373291016,32.77000045776367,32.9900016784668,15113000,0.0,0.0,0.0,-0.01815466736178928,-0.01832148543755824,0.36965711967489234,0.284107087526861
2012-09-18 00:00:00-04:00,33.290000915527344,33.970001220703125,33.209999084472656,33.709999084472656,19580200,0.0,0.0,0.0,0.021824715652434046,0.021589965968507974,0.3890484954241494,0.28097367290438646
2012-09-19 00:00:00-04:00,33.59000015258789,33.720001220703125,33.349998474121094,33.56999969482422,12160100,0.0,0.0,0.0,-0.00415305231239016,-0.004161700185830322,0.38461282038417877,0.28425287375459934
2012-09-20 00:00:00-04:00,33.40999984741211,33.650001525878906,33.029998779296875,33.58000183105469,12415400,0.0,0.0,0.0,0.0002979486541969667,0.0002979042763113665,0.22774369631213037,0.2827176148336481
2012-09-21 00:00:00-04:00,34.0099983215332,34.04999923706055,33.27000045776367,33.47999954223633,22672500,0.0,0.0,0.0,-0.0029780310710370017,-0.002982474229001325,0.22868582959465553,0.27860666350417884
2012-09-24 00:00:00-04:00,32.81999969482422,33.18000030517578,32.77000045776367,32.93000030517578,12535800,0.0,0.0,0.0,-0.016427695477316262,-0.016564126292842443,0.2205328822585696,0.290095199768365
2012-09-25 00:00:00-04:00,33.15999984741211,33.290000915527344,32.61000061035156,32.68000030517578,17412100,0.0,0.0,0.0,-0.007591861454088855,-0.007620826325575615,0.10143956739421603,0.293157719724486
2012-09-26 00:00:00-04:00,32.63999938964844,33.0,32.400001525878906,32.869998931884766,14163400,0.0,0.0,0.0,0.005813911411711059,0.005797075850881689,0.13353042623275677,0.29312568728939203
2012-09-27 00:00:00-04:00,33.20000076293945,33.68000030517578,33.09000015258789,33.58000183105469,13402800,0.0,0.0,0.0,0.02160033228602276,0.021370350996537748,0.22959327240490257,0.29592058519602
2012-09-28 00:00:00-04:00,33.56999969482422,33.68000030517578,33.209999084472656,33.47999954223633,11439200,0.0,0.0,0.0,-0.0029780310710370017,-0.002982474229001325,0.22959327240490257,0.29151110497362476
2012-10-01 00:00:00-04:00,33.7599983215332,34.08000183105469,33.5099983215332,33.650001525878906,18287500,0.0,0.0,0.0,0.005077717621474687,0.005064869487795491,0.17686879606431521,0.25194544603698776
2012-10-02 00:00:00-04:00,33.7400016784668,33.790000915527344,33.310001373291016,33.5,11939600,0.0,0.0,0.0,-0.004457697446567654,-0.0044676626052992255,0.1644632556709228,0.24825143890117032
2012-10-03 00:00:00-04:00,33.689998626708984,33.70000076293945,33.41999816894531,33.5099983215332,7246800,0.0,0.0,0.0,0.00029845735920019933,0.00029841282966246076,0.16740230742130138,0.24744003618210778
2012-10-04 00:00:00-04:00,33.720001220703125,33.9900016784668,33.61000061035156,33.93000030517578,12130100,0.0,0.0,0.0,0.012533631891371577,0.012455736129731486,0.10933914986339381,0.24731421338920703
2012-10-05 00:00:00-04:00,33.75,33.84000015258789,33.22999954223633,33.45000076293945,13702600,0.0,0.0,0.0,-0.014146759148808696,-0.014247778407823063,0.1593134746570347,0.23298647440203563
2012-10-08 00:00:00-04:00,32.900001525878906,33.08000183105469,32.83000183105469,32.970001220703125,5974700,0.0,0.0,0.0,-0.01434976177244629,-0.014453715274289968,0.17785799481449951,0.2358129320897635
2012-10-09 00:00:00-04:00,32.869998931884766,33.0099983215332,32.4900016784668,32.83000183105469,11266000,0.0,0.0,0.0,-0.004246265831513774,-0.004255306820976486,0.17783187803360723,0.23635510657582834
2012-10-10 00:00:00-04:00,32.810001373291016,33.09000015258789,32.720001220703125,32.95000076293945,11663800,0.0,0.0,0.0,0.0036551606820580673,0.0036484968156507,0.18439770089197574,0.2351103545471231
2012-10-11 00:00:00-04:00,33.06999969482422,33.22999954223633,32.900001525878906,32.900001525878906,7206700,0.0,0.0,0.0,-0.0015174274932576726,-0.001518579952352607,0.12610149810221463,0.17432058461668506
2012-10-12 00:00:00-04:00,32.66999816894531,32.810001373291016,32.41999816894531,32.45000076293945,10278700,0.0,0.0,0.0,-0.013677834105432662,-0.01377223748929325,0.12425165003370259,0.1799740404540926
2012-10-15 00:00:00-04:00,32.13999938964844,32.150001525878906,31.520000457763672,31.65999984741211,16393400,0.0,0.0,0.0,-0.02434517402013714,-0.024646417028043488,0.17594156328214045,0.18862404770746724
2012-10-16 00:00:00-04:00,31.850000381469727,32.02000045776367,31.729999542236328,31.93000030517578,9498100,0.0,0.0,0.0,0.008528125681142251,0.008491966651054762,0.21275388823178315,0.17148642644429613
2012-10-17 00:00:00-04:00,31.90999984741211,32.22999954223633,31.829999923706055,32.119998931884766,6169000,0.0,0.0,0.0,0.005950473689102509,0.005932839540320266,0.21947492694960957,0.17404553353733898
2012-10-18 00:00:00-04:00,31.799999237060547,32.04999923706055,31.65999984741211,31.729999542236328,7395200,0.0,0.0,0.0,-0.012141949022958842,-0.012216264656398535,0.22176514318250948,0.1772979769867942
2012-10-19 00:00:00-04:00,31.549999237060547,31.559999465942383,30.920000076293945,31.100000381469727,18164400,0.0,0.0,0.0,-0.019855000625764285,-0.020054759717166935,0.23705185327492187,0.18739416774643142
2012-10-22 00:00:00-04:00,31.1200008392334,31.440000534057617,31.110000610351562,31.389999389648438,8630400,0.0,0.0,0.0,0.00932472683670782,0.009281519958625866,0.2134676418785949,0.18633142886821402
2012-10-23 00:00:00-04:00,30.959999084472656,30.959999084472656,30.56999969482422,30.68000030517578,12422300,0.0,0.0,0.0,-0.02261863963931121,-0.022878364963607012,0.23358682476904305,0.19915679121205698
2012-10-24 00:00:00-04:00,30.860000610351562,30.920000076293945,30.530000686645508,30.709999084472656,9328800,0.0,0.0,0.0,0.000977795925634739,0.00097731819458893,0.2171427094890299,0.19702150866965462
2012-10-25 00:00:00-04:00,31.1299991607666,31.239999771118164,30.959999084472656,31.1200008392334,7004800,0.0,0.0,0.0,0.013350757635419264,0.01326242163714094,0.26338435807820837,0.18499126235947813
2012-10-26 00:00:00-04:00,31.25,31.34000015258789,31.0,31.079999923706055,5293400,0.0,0.0,0.0,-0.0012853764282972913,-0.0012862032331580982,0.22158899982493116,0.1851802232899246
2012-10-31 00:00:00-04:00,31.149999618530273,31.40999984741211,31.1299991607666,31.270000457763672,7147000,0.0,0.0,0.0,0.0061132733115838445,0.006094663064131857,0.21407476129721895,0.18586257660488076
2012-11-01 00:00:00-04:00,31.5,31.520000457763672,31.190000534057617,31.219999313354492,5987800,0.0,0.0,0.0,-0.0015990132292039716,-0.0016002930153027693,0.10012500261376958,0.18596365996584074
2012-11-02 00:00:00-04:00,30.860000610351562,30.8799991607666,29.84000015258789,29.950000762939453,21246000,0.0,0.0,0.0,-0.040679006353206204,-0.04152954305828613,0.3328397841789569,0.22729395379397568
2012-11-05 00:00:00-05:00,30.06999969482422,30.260000228881836,29.93000030517578,30.170000076293945,6550600,0.0,0.0,0.0,0.007345552846420134,0.007318705664542031,0.31440572199371297,0.2225302023786608
2012-11-06 00:00:00-05:00,30.31999969482422,31.260000228881836,30.1299991607666,31.010000228881836,13319100,0.0,0.0,0.0,0.027842232365385966,0.02746168479349021,0.39873675560027994,0.24978804556702722
2012-11-07 00:00:00-05:00,30.93000030517578,31.0,30.239999771118164,30.829999923706055,13760600,0.0,0.0,0.0,-0.0058045889663727035,-0.005821501069868453,0.39582341371111535,0.246761747911765
2012-11-08 00:00:00-05:00,30.799999237060547,31.43000030517578,30.790000915527344,31.3799991607666,10003400,0.0,0.0,0.0,0.017839741758728822,0.017682481137280073,0.4220435513290644,0.2577684102696226
2012-11-09 00:00:00-05:00,31.510000228881836,31.760000228881836,31.420000076293945,31.540000915527344,12301400,0.0,0.0,0.0,0.005098845093685966,0.005085890001718428,0.20384702623510362,0.2582486274766121
2012-11-12 00:00:00-05:00,31.510000228881836,31.579999923706055,31.170000076293945,31.3700008392334,7758800,0.0,0.0,0.0,-0.005389983239038276,-0.005404561607067014,0.23395054181043662,0.25850690580369234
2012-11-13 00:00:00-05:00,31.209999084472656,31.799999237060547,31.18000030517578,31.399999618530273,9275400,0.0,0.0,0.0,0.0009562887629686045,0.0009558318101655314,0.1538383819879431,0.2551245340386076
2012-11-14 00:00:00-05:00,31.579999923706055,31.889999389648438,31.360000610351562,31.639999389648438,13994900,0.0,0.0,0.0,0.007643304905536663,0.00761424284345816,0.13653356829165958,0.24210175645969328
2012-11-15 00:00:00-05:00,31.690000534057617,31.709999084472656,31.139999389648438,31.530000686645508,14223200,0.0,0.0,0.0,-0.003476570958434233,-0.003482628274449604,0.08759861497348131,0.24028902990369672
2012-11-16 00:00:00-05:00,31.34000015258789,31.56999969482422,31.0,31.209999084472656,10578000,0.0,0.0,0.0,-0.01014911497634019,-0.01020096838623419,0.10701428100262912,0.24133223201510368
2012-11-19 00:00:00-05:00,31.93000030517578,32.15999984741211,31.739999771118164,32.04999923706055,10934800,0.0,0.0,0.0,0.026914456175226142,0.026558632613750965,0.22491908032022315,0.257400595681689
2012-11-20 00:00:00-05:00,32.040000915527344,32.13999938964844,31.81999969482422,32.11000061035156,7565400,0.0,0.0,0.0,0.0018721177759539742,0.0018703675475524697,0.22413401478107778,0.24576052541675455
2012-11-21 00:00:00-05:00,31.969999313354492,32.34000015258789,31.889999389648438,32.290000915527344,7874800,0.0,0.0,0.0,0.0056057396996047615,0.005590086013893134,0.22283161660189738,0.2445847152824636
2012-11-23 00:00:00-05:00,32.40999984741211,33.08000183105469,32.36000061035156,32.97999954223633,8849400,0.0,0.0,0.0,0.021368801707812413,0.021143690127952846,0.23849518475291043,0.23669936739585218
2012-11-26 00:00:00-05:00,32.9900016784668,33.099998474121094,32.86000061035156,33.02000045776367,7753600,0.0,0.0,0.0,0.0012128840534433305,0.00121214910379223,0.18920098415409795,0.23666461743907077
2012-11-27 00:00:00-05:00,32.95000076293945,33.06999969482422,32.83000183105469,32.93000030517578,7685800,0.0,0.0,0.0,-0.002725625419145894,-0.002729346699524334,0.1487099838356407,0.23487807972917366
2012-11-28 00:00:00-05:00,31.950000762939453,32.709999084472656,31.90999984741211,32.619998931884766,14153200,0.0,0.0,0.0,-0.009413949906410757,-0.009458541206997224,0.18342887019652088,0.23855876835949327
2012-11-29 00:00:00-05:00,32.86000061035156,33.310001373291016,32.83000183105469,33.130001068115234,9958600,0.0,0.0,0.0,0.01563464601257114,0.015513684103240957,0.20431160320369463,0.24281244934098184
2012-11-30 00:00:00-05:00,32.9900016784668,33.13999938964844,32.09000015258789,32.36000061035156,15204000,0.0,0.0,0.0,-0.0232417878943183,-0.02351613750033828,0.2263780576003202,0.25981326526816867
2012-12-03 00:00:00-05:00,32.52000045776367,32.77000045776367,32.5,32.52000045776367,9089100,0.0,0.0,0.0,0.004944370963977374,0.004932187704396006,0.23294173824713102,0.2053589494426507
2012-12-04 00:00:00-05:00,31.84000015258789,32.099998474121094,31.639999389648438,31.899999618530273,9586300,0.0,0.0,0.0,-0.0190652161902225,-0.01924930092348326,0.25929570739945174,0.2208170219963526
2012-12-05 00:00:00-05:00,31.81999969482422,31.899999618530273,31.479999542236328,31.81999969482422,10311300,0.0,0.0,0.0,-0.002507834628925343,-0.002510984513550238,0.2585847645596479,0.20068022267514152
2012-12-06 00:00:00-05:00,31.6299991607666,32.20000076293945,31.600000381469727,31.93000030517578,9921100,0.0,0.0,0.0,0.00345696453194666,0.0034510029653911133,0.20715490301601058,0.19897674007031405
2012-12-07 00:00:00-05:00,32.029998779296875,32.20000076293945,31.84000015258789,32.029998779296875,8060500,0.0,0.0,0.0,0.0031318031057108175,0.0031269092254816535,0.15791292553363664,0.18992322531575573
2012-12-10 00:00:00-05:00,32.29999923706055,32.31999969482422,32.119998931884766,32.13999938964844,4568300,0.0,0.0,0.0,0.0034342995486675854,0.0034284158091403517,0.15404091223424943,0.18954917499242618
2012-12-11 00:00:00-05:00,31.8700008392334,31.93000030517578,31.709999084472656,31.90999984741211,5809800,0.0,0.0,0.0,-0.007156177554577203,-0.007181905810631326,0.07572803136947208,0.19044172613479532
2012-12-12 00:00:00-05:00,32.16999816894531,32.709999084472656,31.969999313354492,32.369998931884766,15955100,0.0,0.0,0.0,0.01441551509471295,0.014312599432748365,0.12111397956411447,0.19637414141140705
2012-12-13 00:00:00-05:00,31.399999618530273,31.6200008392334,31.18000030517578,31.530000686645508,15368400,0.0,0.0,0.0,-0.0259499003075917,-0.02629253960658127,0.24135222123192931,0.2176975355529513
2012-12-14 00:00:00-05:00,31.420000076293945,31.530000686645508,31.149999618530273,31.170000076293945,7388000,0.0,0.0,0.0,-0.01141771654017254,-0.01148339910758084,0.24234942404872145,0.22113634898572418
2012-12-17 00:00:00-05:00,31.229999542236328,31.290000915527344,31.0,31.200000762939453,6194300,0.0,0.0,0.0,0.0009624859342982628,0.0009620230417059971,0.23729740545118136,0.21819150762016848
2012-12-18 00:00:00-05:00,31.31999969482422,31.360000610351562,30.34000015258789,30.649999618530273,18660700,0.0,0.0,0.0,-0.017628241376919873,-0.017785469332398024,0.2521668202678382,0.2022199424131125
2012-12-19 00:00:00-05:00,30.149999618530273,30.40999984741211,30.030000686645508,30.110000610351562,12957900,0.0,0.0,0.0,-0.017618238659038665,-0.017775287171857626,0.15855735346516667,0.20880164181518926
2012-12-20 00:00:00-05:00,29.229999542236328,29.329999923706055,28.649999618530273,29.0,36971900,0.0,0.0,0.0,-0.036864848483927126,-0.037561532777894355,0.21708318031609686,0.23766829207269302
2012-12-21 00:00:00-05:00,28.969999313354492,29.309999465942383,28.920000076293945,29.0,16849300,0.0,0.0,0.0,0.0,0.0,0.2470347208584624,0.21714149719859438
2012-12-24 00:00:00-05:00,29.09000015258789,29.170000076293945,28.860000610351562,28.940000534057617,4483600,0.0,0.0,0.0,-0.002068947101461438,-0.0020710903291758453,0.23597980083185188,0.21594068073010209
2012-12-26 00:00:00-05:00,29.170000076293945,29.25,28.8700008392334,29.010000228881836,7233900,0.0,0.0,0.0,0.0024187869223375458,0.0024158663657710185,0.2624662497919886,0.21789149102222463
2012-12-27 00:00:00-05:00,29.020000457763672,29.5,28.920000076293945,29.239999771118164,10698700,0.0,0.0,0.0,0.007928284743939695,0.007897021030812539,0.2827006138863697,0.22315907804963986
2012-12-28 00:00:00-05:00,29.100000381469727,29.1299991607666,28.90999984741211,29.100000381469727,9847000,0.0,0.0,0.0,-0.004787940859928508,-0.0047994397675094795,0.0767401001207061,0.20900209593537167
2012-12-31 00:00:00-05:00,29.06999969482422,29.469999313354492,28.979999542236328,29.3700008392334,11978900,0.0,0.0,0.0,0.009278366124544801,0.009235586498667514,0.09701456281362963,0.20606335244727564
2013-01-02 00:00:00-05:00,30.3799991607666,30.469999313354492,29.889999389648438,29.920000076293945,15631200,0.0,0.0,0.0,0.018726565248368576,0.018553381871168072,0.13818475906302907,0.2200030817009313
2013-01-03 00:00:00-05:00,29.84000015258789,30.040000915527344,29.030000686645508,29.18000030517578,20462300,0.0,0.0,0.0,-0.024732612607995197,-0.025043602103179647,0.2663456794277857,0.2259668775528906
2013-01-04 00:00:00-05:00,28.829999923706055,29.299999237060547,28.610000610351562,29.239999771118164,18624800,0.0,0.0,0.0,0.0020561845549995628,0.002054073500853432,0.2603090504163614,0.2270383031848444
2013-01-07 00:00:00-05:00,28.979999542236328,29.260000228881836,28.950000762939453,29.18000030517578,7443300,0.0,0.0,0.0,-0.0020519653355690615,-0.002054073500853323,0.2577794470235167,0.22543609618039728
2013-01-08 00:00:00-05:00,29.459999084472656,29.59000015258789,29.190000534057617,29.3799991607666,9075100,0.0,0.0,0.0,0.006853970304974366,0.006830588627917037,0.253204186482839,0.2274627052014669
2013-01-09 00:00:00-05:00,29.329999923706055,29.399999618530273,29.079999923706055,29.350000381469727,7251900,0.0,0.0,0.0,-0.0010210612714017797,-0.0010215829095750121,0.19389530194765275,0.22602200432812658
2013-01-10 00:00:00-05:00,29.670000076293945,29.940000534057617,29.649999618530273,29.780000686645508,9906900,0.0,0.0,0.0,0.014650776817272781,0.014544491041762664,0.10858451805441302,0.23558963192089596
2013-01-11 00:00:00-05:00,29.729999542236328,29.739999771118164,29.170000076293945,29.479999542236328,12084100,0.0,0.0,0.0,-0.010073913280455704,-0.01012499851993714,0.14942045251680042,0.22698727053941983
2013-01-14 00:00:00-05:00,30.09000015258789,30.139999389648438,29.75,30.040000915527344,12731800,0.0,0.0,0.0,0.01899597632247918,0.018817805579680113,0.18649269687302383,0.22689898355825971
2013-01-15 00:00:00-05:00,30.219999313354492,30.559999465942383,30.100000381469727,30.360000610351562,8996000,0.0,0.0,0.0,0.010652452898522125,0.010596115258359575,0.18966370592976328,0.22867918558549094
2013-01-16 00:00:00-05:00,30.25,30.530000686645508,30.149999618530273,30.450000762939453,7381600,0.0,0.0,0.0,0.0029644318438255546,0.0029600465801531573,0.1814532620671484,0.22904227842910854
2013-01-17 00:00:00-05:00,30.15999984741211,30.8799991607666,30.1299991607666,30.670000076293945,16090100,0.0,0.0,0.0,0.007224936218138023,0.007198961402347223,0.17016395081397515,0.222165006576235
2013-01-18 00:00:00-05:00,31.030000686645508,31.040000915527344,30.65999984741211,30.809999465942383,9889900,0.0,0.0,0.0,0.004564701313993336,0.0045543146609353605,0.10097158847647598,0.21240511316626196
2013-01-22 00:00:00-05:00,30.8799991607666,31.299999237060547,30.860000610351562,31.1200008392334,9293700,0.0,0.0,0.0,0.010061713036824127,0.010011431003173452,0.05320786963693089,0.15948440329569388
2013-01-23 00:00:00-05:00,31.290000915527344,31.40999984741211,31.049999237060547,31.190000534057617,10289300,0.0,0.0,0.0,0.002249347459398754,0.002246821464586371,0.05120447938556431,0.1590135102923327
2013-01-24 00:00:00-05:00,30.739999771118164,30.920000076293945,30.559999465942383,30.649999618530273,9887800,0.0,0.0,0.0,-0.017313270480316167,-0.01746489780620518,0.17205164368766823,0.17476842414453844
2013-01-25 00:00:00-05:00,30.440000534057617,30.5,30.100000381469727,30.209999084472656,11499600,0.0,0.0,0.0,-0.014355645661789929,-0.01445968484308587,0.19266456435856455,0.18525090786648926
2013-01-28 00:00:00-05:00,29.950000762939453,30.049999237060547,29.729999542236328,29.850000381469727,8897500,0.0,0.0,0.0,-0.011916541341041031,-0.011988112474973788,0.18758099079553114,0.1902854145673919
2013-01-29 00:00:00-05:00,30.110000610351562,30.440000534057617,30.079999923706055,30.31999969482422,9367300,0.0,0.0,0.0,0.015745370430422456,0.015622698090840237,0.2202265329958571,0.1957375479640717
2013-01-30 00:00:00-05:00,30.84000015258789,31.219999313354492,30.770000457763672,30.920000076293945,16489500,0.0,0.0,0.0,0.01978893098643897,0.019595675477677314,0.2833490833199311,0.20420261159787942
2013-01-31 00:00:00-05:00,30.75,30.81999969482422,30.09000015258789,30.440000534057617,14939500,0.0,0.0,0.0,-0.01552391788654417,-0.015645675648599106,0.2773223581632024,0.20463801729257344
2013-02-01 00:00:00-05:00,31.020000457763672,31.049999237060547,30.459999084472656,30.780000686645508,12438300,0.0,0.0,0.0,0.011169518614412732,0.011107600180819334,0.26000500637151464,0.18348667835201388
2013-02-04 00:00:00-05:00,30.440000534057617,30.8700008392334,30.420000076293945,30.690000534057617,7131100,0.0,0.0,0.0,-0.0029239815003297975,-0.0029282646855774965,0.23197144503724504,0.18457975924720005
2013-02-05 00:00:00-05:00,30.899999618530273,30.940000534057617,30.579999923706055,30.760000228881836,7331600,0.0,0.0,0.0,0.0022808632651061256,0.0022782660450086116,0.21406271846648736,0.18380571412986987
2013-02-06 00:00:00-05:00,30.639999389648438,30.850000381469727,30.610000610351562,30.809999465942383,5899000,0.0,0.0,0.0,0.0016254628312257768,0.0016241431963360364,0.1546991268952671,0.18317582090056864
2013-02-07 00:00:00-05:00,30.3700008392334,30.850000381469727,30.309999465942383,30.459999084472656,11776300,0.0,0.0,0.0,-0.011359960647082112,-0.011424977864364555,0.1304406400022548,0.1893411474612516
2013-02-08 00:00:00-05:00,30.40999984741211,30.649999618530273,30.290000915527344,30.43000030517578,5388900,0.0,0.0,0.0,-0.0009848581811733315,-0.0009853434726468597,0.08716233233297203,0.18344615474465806
2013-02-11 00:00:00-05:00,30.020000457763672,30.079999923706055,29.809999465942383,30.0,10465500,0.0,0.0,0.0,-0.014130801868662557,-0.014231592275504436,0.12184862853941224,0.18726192805797268
2013-02-12 00:00:00-05:00,29.809999465942383,30.1299991607666,29.719999313354492,30.09000015258789,6681300,0.0,0.0,0.0,0.00300000508626308,0.002995514050848396,0.12445415168072844,0.17501403114683245
2013-02-13 00:00:00-05:00,30.040000915527344,30.040000915527344,29.729999542236328,29.770000457763672,7364500,0.0,0.0,0.0,-0.010634752183498963,-0.010691705308641877,0.11748550479145431,0.17436740040514281
2013-02-14 00:00:00-05:00,29.920000076293945,29.979999542236328,29.239999771118164,29.459999084472656,15703300,0.0,0.0,0.0,-0.010413213588317927,-0.010467810446841554,0.11535464329529406,0.17685943947894947
2013-02-15 00:00:00-05:00,29.049999237060547,29.139999389648438,28.709999084472656,28.829999923706055,20810400,0.0,0.0,0.0,-0.02138490089426559,-0.021616870953548212,0.14058428250318666,0.1868184266465865
2013-02-19 00:00:00-05:00,28.860000610351562,28.889999389648438,28.260000228881836,28.450000762939453,18772200,0.0,0.0,0.0,-0.013180685458626717,-0.013268321614780048,0.13928476090093114,0.18787566055798705
2013-02-20 00:00:00-05:00,28.030000686645508,28.049999237060547,27.350000381469727,27.59000015258789,26946700,0.0,0.0,0.0,-0.030228491644606503,-0.030694793629446816,0.13576366891843905,0.20203589505504302
2013-02-21 00:00:00-05:00,27.639999389648438,27.90999984741211,27.6200008392334,27.729999542236328,14454500,0.0,0.0,0.0,0.005074280133170017,0.005061449360055387,0.2092880390549752,0.20379295227382865
2013-02-22 00:00:00-05:00,27.6299991607666,27.829999923706055,27.43000030517578,27.829999923706055,10443300,0.0,0.0,0.0,0.0036062164846923928,0.003599729676570428,0.24513299648925585,0.20161220763932744
2013-02-25 00:00:00-05:00,27.989999771118164,28.190000534057617,27.959999084472656,28.06999969482422,10895300,0.0,0.0,0.0,0.0086237790792707,0.008586806705464552,0.25894452302279336,0.20356336125804045
2013-02-26 00:00:00-05:00,27.969999313354492,28.5,27.639999389648438,28.40999984741211,16452700,0.0,0.0,0.0,0.012112581271263245,0.012039810993338843,0.2718978440878946,0.20833834127440057
2013-02-27 00:00:00-05:00,28.200000762939453,28.260000228881836,27.899999618530273,28.010000228881836,8107300,0.0,0.0,0.0,-0.014079536102732826,-0.014179593051724615,0.16091771056156182,0.2006678973126962
2013-02-28 00:00:00-05:00,27.979999542236328,28.0,27.459999084472656,27.540000915527344,11474000,0.0,0.0,0.0,-0.01677969687661285,-0.016922070899392704,0.21080652981464898,0.18482238582890193
2013-03-01 00:00:00-05:00,27.670000076293945,27.799999237060547,27.479999542236328,27.6200008392334,8440000,0.0,0.0,0.0,0.0029048627830998708,0.002900651822077183,0.2098340418278759,0.18341034629778954
2013-03-04 00:00:00-05:00,27.6200008392334,27.739999771118164,27.489999771118164,27.600000381469727,6213900,0.0,0.0,0.0,-0.0007241295132497383,-0.0007243918216635383,0.1912504105535826,0.174321883622478
2013-03-05 00:00:00-05:00,28.020000457763672,28.100000381469727,27.579999923706055,27.75,6302300,0.0,0.0,0.0,0.005434768712212712,0.005420053647972288,0.1607635207343768,0.17836198110628412
2013-03-06 00:00:00-05:00,27.709999084472656,28.149999618530273,27.59000015258789,28.100000381469727,10348200,0.0,0.0,0.0,0.012612626359269408,0.012533749722691563,0.17330817883734412,0.18746457835069158
2013-03-07 00:00:00-05:00,28.049999237060547,28.09000015258789,27.809999465942383,27.90999984741211,6113000,0.0,0.0,0.0,-0.006761584750116678,-0.006784547834044833,0.11420467699730855,0.18622210279308377
2013-03-08 00:00:00-05:00,27.579999923706055,28.299999237060547,27.530000686645508,28.010000228881836,11546600,0.0,0.0,0.0,0.0035829588683784497,0.003576555362359718,0.11438513054897981,0.18686233114753775
2013-03-11 00:00:00-04:00,27.8700008392334,28.040000915527344,27.81999969482422,28.020000457763672,4183200,0.0,0.0,0.0,0.0003570235201757477,0.00035695980244413643,0.11251157268433094,0.1872210642762491
2013-03-12 00:00:00-04:00,28.229999542236328,28.389999389648438,28.170000076293945,28.200000762939453,5442600,0.0,0.0,0.0,0.006423993655785498,0.006403447752763982,0.11404394032107934,0.18675912938601968
2013-03-13 00:00:00-04:00,28.219999313354492,28.299999237060547,27.899999618530273,27.940000534057617,8153800,0.0,0.0,0.0,-0.009219866022965872,-0.009262632055396687,0.10608831225326311,0.18656962101931335
2013-03-14 00:00:00-04:00,27.700000762939453,27.940000534057617,27.690000534057617,27.799999237060547,7311000,0.0,0.0,0.0,-0.005010783619220582,-0.005023379690535642,0.10082387328346362,0.18483048529541984
2013-03-15 00:00:00-04:00,27.8799991607666,28.059999465942383,27.770000457763672,27.799999237060547,5452000,0.0,0.0,0.0,0.0,0.0,0.09405215128021578,0.18324368150172143
2013-03-18 00:00:00-04:00,28.020000457763672,28.079999923706055,27.8700008392334,27.950000762939453,6173900,0.0,0.0,0.0,0.00539573848904773,0.005381233644963475,0.10629197117529823,0.17156646541839093
2013-03-19 00:00:00-04:00,27.8799991607666,28.139999389648438,27.84000015258789,27.93000030517578,8780200,0.0,0.0,0.0,-0.0007155798646771849,-0.0007158360141527783,0.0874891189825911,0.16591620333312754
2013-03-20 00:00:00-04:00,27.8700008392334,27.90999984741211,27.510000228881836,27.809999465942383,5345800,0.0,0.0,0.0,-0.004296485425070329,-0.0043057418414609964,0.06588961022299472,0.12572129388172143
2013-03-21 00:00:00-04:00,28.239999771118164,28.329999923706055,28.15999984741211,28.18000030517578,6357700,0.0,0.0,0.0,0.013304597135520346,0.013216868257975377,0.10872137166585065,0.13294331657831668
2013-03-22 00:00:00-04:00,27.729999542236328,27.90999984741211,27.690000534057617,27.75,7252100,0.0,0.0,0.0,-0.015259059635169825,-0.0153766771076073,0.16976143444542824,0.1441292732931232
2013-03-25 00:00:00-04:00,27.809999465942383,27.950000762939453,27.700000762939453,27.84000015258789,5048300,0.0,0.0,0.0,0.0032432487419060685,0.0032380007546623413,0.16584286645331833,0.1410398611273417
2013-03-26 00:00:00-04:00,27.799999237060547,27.850000381469727,27.68000030517578,27.75,5180300,0.0,0.0,0.0,-0.0032327640838580862,-0.0032380007546622108,0.16677523731502544,0.13332917893219812
2013-03-27 00:00:00-04:00,27.3799991607666,27.81999969482422,27.170000076293945,27.729999542236328,8819300,0.0,0.0,0.0,-0.0007207372167088444,-0.0007209970726426827,0.16457508020682043,0.12425913511753485
2013-03-28 00:00:00-04:00,27.520000457763672,27.68000030517578,27.260000228881836,27.420000076293945,6130200,0.0,0.0,0.0,-0.011179209197973994,-0.011242166203212865,0.12086904513924651,0.115814576285218
2013-04-01 00:00:00-04:00,27.079999923706055,27.149999618530273,26.920000076293945,27.09000015258789,8119500,0.0,0.0,0.0,-0.012035008125013014,-0.01210801518695628,0.1055472663663349,0.12246486472642597
2013-04-02 00:00:00-04:00,26.649999618530273,26.719999313354492,26.299999237060547,26.350000381469727,13641400,0.0,0.0,0.0,-0.027316344294943562,-0.027696372265230973,0.16521435680273353,0.15412786492484906
2013-04-03 00:00:00-04:00,26.329999923706055,26.43000030517578,25.84000015258789,26.09000015258789,13189100,0.0,0.0,0.0,-0.009867181218892074,-0.00991618446724355,0.15201153276983692,0.15355272161619293
2013-04-04 00:00:00-04:00,25.860000610351562,26.09000015258789,25.739999771118164,25.989999771118164,12008500,0.0,0.0,0.0,-0.0038329007621644706,-0.0038402651502929563,0.1381483738576883,0.14198658015144586
2013-04-05 00:00:00-04:00,26.209999084472656,26.440000534057617,26.09000015258789,26.389999389648438,9919800,0.0,0.0,0.0,0.015390520279064512,0.015273287540230322,0.24544932130396593,0.15695996924087088
2013-04-08 00:00:00-04:00,26.34000015258789,26.399999618530273,26.219999313354492,26.31999969482422,5083900,0.0,0.0,0.0,-0.0026525083911778102,-0.0026560325248025764,0.24363688043190507,0.15517389346381827
2013-04-09 00:00:00-04:00,26.5,27.139999389648438,26.459999084472656,27.030000686645508,11497700,0.0,0.0,0.0,0.026975721886535853,0.026618290829153405,0.24442410567642459,0.1882028186750538
2013-04-10 00:00:00-04:00,26.959999084472656,27.0,26.59000015258789,26.68000030517578,7726400,0.0,0.0,0.0,-0.01294858944057109,-0.01303315320564988,0.257046105838279,0.18962785567016174
2013-04-11 00:00:00-04:00,26.68000030517578,26.90999984741211,26.6299991607666,26.700000762939453,5465700,0.0,0.0,0.0,0.0007496423363906324,0.0007493614949193845,0.24953907401058112,0.18837872248756535
2013-04-12 00:00:00-04:00,26.059999465942383,26.1299991607666,25.170000076293945,25.280000686645508,34384700,0.0,0.0,0.0,-0.053183521937008926,-0.05464999754044821,0.46242715366583126,0.26137620210050233
2013-04-15 00:00:00-04:00,22.979999542236328,23.100000381469727,21.959999084472656,22.09000015258789,53812700,0.0,0.0,0.0,-0.12618672655902163,-0.13488857210068572,0.9468080087892272,0.5035085098377589
2013-04-16 00:00:00-04:00,22.959999084472656,23.010000228881836,22.43000030517578,22.670000076293945,22201800,0.0,0.0,0.0,0.02625622090084523,0.02591744354527115,0.943950020444113,0.5177173605589533
2013-04-17 00:00:00-04:00,22.600000381469727,22.90999984741211,22.299999237060547,22.440000534057617,18680200,0.0,0.0,0.0,-0.010145546601777022,-0.010197363430997754,0.9479143258635083,0.5165853943986193
2013-04-18 00:00:00-04:00,22.420000076293945,22.65999984741211,22.329999923706055,22.399999618530273,13548300,0.0,0.0,0.0,-0.0017825719507730264,-0.0017841626227587816,0.942473080820123,0.5170527682902434
2013-04-19 00:00:00-04:00,22.649999618530273,22.68000030517578,22.149999618530273,22.399999618530273,11536600,0.0,0.0,0.0,0.0,0.0,0.9463696212209531,0.5111469189718271
2013-04-22 00:00:00-04:00,22.739999771118164,22.780000686645508,22.5,22.6200008392334,9242900,0.0,0.0,0.0,0.009821483234362605,0.009773565958266223,0.22100939029380584,0.5160308787012384
2013-04-23 00:00:00-04:00,22.200000762939453,22.270000457763672,21.989999771118164,22.18000030517578,13410600,0.0,0.0,0.0,-0.019451835443545007,-0.019643512108088592,0.17533815792418325,0.5148071366491068
2013-04-24 00:00:00-04:00,22.34000015258789,22.479999542236328,22.09000015258789,22.420000076293945,11084900,0.0,0.0,0.0,0.010820548594048462,0.010762425365681979,0.19361484069903487,0.5199264363388895
2013-04-25 00:00:00-04:00,22.84000015258789,23.559999465942383,22.780000686645508,23.489999771118164,20089600,0.0,0.0,0.0,0.04772523154250985,0.046621367880067204,0.3881206484267371,0.5584830885608868
2013-04-26 00:00:00-04:00,23.479999542236328,23.700000762939453,22.84000015258789,23.100000381469727,20211300,0.0,0.0,0.0,-0.016602783884568484,-0.016742154885433812,0.4301119084172715,0.5592699366272661
2013-04-29 00:00:00-04:00,23.43000030517578,23.65999984741211,23.270000457763672,23.540000915527344,8614300,0.0,0.0,0.0,0.019047641852446784,0.018868506682951827,0.4395351791865256,0.5670606125663317
2013-04-30 00:00:00-04:00,23.5,23.5,23.219999313354492,23.459999084472656,9539500,0.0,0.0,0.0,-0.0033985483408336403,-0.003404336524247764,0.3873369721865029,0.5616666353482537
2013-05-01 00:00:00-04:00,22.690000534057617,23.1299991607666,22.469999313354492,22.860000610351562,17057000,0.0,0.0,0.0,-0.02557538352668609,-0.025908119134084976,0.46903447597289394,0.5661611538460002
2013-05-02 00:00:00-04:00,23.190000534057617,23.270000457763672,22.93000030517578,23.020000457763672,8023300,0.0,0.0,0.0,0.006999118247602132,0.006974738113005272,0.2836187849935961,0.5680006884757421
2013-05-03 00:00:00-04:00,23.1299991607666,23.56999969482422,23.020000457763672,23.290000915527344,11287900,0.0,0.0,0.0,0.011728951016272138,0.011660700026926105,0.2749000859224856,0.5663688567676932
2013-05-06 00:00:00-04:00,23.229999542236328,23.280000686645508,23.040000915527344,23.18000030517578,4857300,0.0,0.0,0.0,-0.004723083126983663,-0.004734272129055428,0.22862873401315284,0.5662740955108867
2013-05-07 00:00:00-04:00,22.790000915527344,23.15999984741211,22.690000534057617,23.100000381469727,10946100,0.0,0.0,0.0,-0.003451247741709129,-0.0034572170354949254,0.228634917805964,0.5531396228549293
2013-05-08 00:00:00-04:00,23.09000015258789,23.190000534057617,22.8799991607666,23.1200008392334,9320600,0.0,0.0,0.0,0.0008658206681120273,0.000865446061609803,0.11096353471923594,0.5534139238226371
2013-05-09 00:00:00-04:00,22.989999771118164,23.170000076293945,22.75,22.889999389648438,10690900,0.0,0.0,0.0,-0.009948159223016173,-0.0099979728032741,0.129304493043926,0.5528515113709779
2013-05-10 00:00:00-04:00,22.5,23.020000457763672,22.399999618530273,22.979999542236328,11921500,0.0,0.0,0.0,0.0039318547395239545,0.003924145200594816,0.08470336285768008,0.5261815076897125
2013-05-13 00:00:00-04:00,22.969999313354492,23.020000457763672,22.799999237060547,22.829999923706055,6347400,0.0,0.0,0.0,-0.006527398673554341,-0.00654879530064361,0.08835519459008198,0.26474243542229164
2013-05-14 00:00:00-04:00,22.510000228881836,22.860000610351562,22.510000228881836,22.56999969482422,12116000,0.0,0.0,0.0,-0.011388533935642209,-0.011453879891733153,0.10680510116440226,0.2519970197693577
2013-05-15 00:00:00-04:00,22.15999984741211,22.239999771118164,21.729999542236328,21.760000228881836,23010800,0.0,0.0,0.0,-0.03588832418673593,-0.03654814480193389,0.23263100045994153,0.280553476444623
2013-05-16 00:00:00-04:00,21.709999084472656,22.049999237060547,21.65999984741211,21.950000762939453,11595300,0.0,0.0,0.0,0.008731642098304349,0.008693741773032837,0.2764929711659416,0.2828314662933789
2013-05-17 00:00:00-04:00,21.850000381469727,21.90999984741211,21.399999618530273,21.399999618530273,15842000,0.0,0.0,0.0,-0.025056998874360192,-0.025376270077123893,0.2727390689117915,0.29551685888653395
2013-05-20 00:00:00-04:00,20.84000015258789,22.5,20.809999465942383,22.280000686645508,36198000,0.0,0.0,0.0,0.041121545972049534,0.04029854167588401,0.48356515191686233,0.3310386471458948
2013-05-21 00:00:00-04:00,21.5,21.850000381469727,21.31999969482422,21.6200008392334,21262800,0.0,0.0,0.0,-0.029622972489749877,-0.030070594849483955,0.5161671739304621,0.3405720344373075
2013-05-22 00:00:00-04:00,21.969999313354492,22.549999237060547,21.440000534057617,21.510000228881836,51029100,0.0,0.0,0.0,-0.005087909624496678,-0.0051008971081611815,0.4544951865148848,0.3378821791794101
2013-05-23 00:00:00-04:00,21.639999389648438,21.920000076293945,21.450000762939453,21.8799991607666,12358600,0.0,0.0,0.0,0.017201251880414326,0.017054985277235278,0.470760630003133,0.2928457096483753
2013-05-24 00:00:00-04:00,21.6299991607666,21.81999969482422,21.559999465942383,21.610000610351562,6955600,0.0,0.0,0.0,-0.012339970784787657,-0.012416740434856367,0.43598111677348855,0.2906761573192422
2013-05-28 00:00:00-04:00,21.6200008392334,21.8700008392334,21.40999984741211,21.530000686645508,10058100,0.0,0.0,0.0,-0.003701986184476702,-0.003708855493964731,0.26800760192065476,0.27857986636428805
2013-05-29 00:00:00-04:00,21.610000610351562,21.75,21.520000457763672,21.709999084472656,6302100,0.0,0.0,0.0,0.008360352628265177,0.008325598450662563,0.18677303111277935,0.2821917429169839
2013-05-30 00:00:00-04:00,22.190000534057617,22.329999923706055,21.90999984741211,21.979999542236328,11422400,0.0,0.0,0.0,0.012436686741123859,0.01235998642966946,0.19279738436174484,0.27531704545858654
2013-05-31 00:00:00-04:00,21.59000015258789,21.670000076293945,21.420000076293945,21.440000534057617,13146300,0.0,0.0,0.0,-0.024567744286848603,-0.0248745670370977,0.24017401178280634,0.28455570195765506
2013-06-03 00:00:00-04:00,21.670000076293945,22.190000534057617,21.56999969482422,21.979999542236328,12786800,0.0,0.0,0.0,0.0251865202764765,0.024874567037097593,0.29840805654387137,0.2977470357608319
2013-06-04 00:00:00-04:00,21.690000534057617,21.790000915527344,21.540000915527344,21.770000457763672,6749800,0.0,0.0,0.0,-0.009554098673620337,-0.009600031875376332,0.31002493964720207,0.2986697479747667
2013-06-05 00:00:00-04:00,21.799999237060547,22.0,21.700000762939453,21.780000686645508,8279000,0.0,0.0,0.0,0.00045935823020482047,0.00045925275751158905,0.30545131265250325,0.2989077884668268
2013-06-06 00:00:00-04:00,21.75,22.1200008392334,21.649999618530273,21.93000030517578,10292800,0.0,0.0,0.0,0.006887034609794451,0.00686342731446348,0.2944660214249313,0.30063816695013146
2013-06-07 00:00:00-04:00,21.25,21.440000534057617,20.84000015258789,20.860000610351562,22059900,0.0,0.0,0.0,-0.04879159507223918,-0.05002209751365211,0.436234514853097,0.34220066709872965
2013-06-10 00:00:00-04:00,21.040000915527344,21.350000381469727,20.969999313354492,21.15999984741211,10495300,0.0,0.0,0.0,0.014381554567725052,0.014279120946901853,0.3935309430067549,0.3475480127161634
2013-06-11 00:00:00-04:00,20.790000915527344,21.049999237060547,20.760000228881836,20.90999984741211,9870300,0.0,0.0,0.0,-0.011814744886710193,-0.011885093635772958,0.3946638142063227,0.34858577385521605
2013-06-12 00:00:00-04:00,20.969999313354492,21.260000228881836,20.8700008392334,21.020000457763672,8216300,0.0,0.0,0.0,0.005260670069549445,0.00524688108315677,0.402372077131708,0.3490113907364098
2013-06-13 00:00:00-04:00,20.979999542236328,21.200000762939453,20.84000015258789,21.040000915527344,10104400,0.0,0.0,0.0,0.0009514965427264155,0.0009510441568306737,0.391702888211101,0.32723498938163625
2013-06-14 00:00:00-04:00,21.290000915527344,21.399999618530273,21.190000534057617,21.329999923706055,8687700,0.0,0.0,0.0,0.013783222222423674,0.013689097523256439,0.1708195813387728,0.329806549919256
2013-06-17 00:00:00-04:00,21.09000015258789,21.200000762939453,21.040000915527344,21.100000381469727,6447600,0.0,0.0,0.0,-0.01078291341111104,-0.010841470345266986,0.17263523056568342,0.31986878577386146
2013-06-18 00:00:00-04:00,21.0,21.09000015258789,20.780000686645508,20.8799991607666,11002100,0.0,0.0,0.0,-0.01042659794908496,-0.010481335739887826,0.1671065412896503,0.2808350378939747
2013-06-19 00:00:00-04:00,20.93000030517578,21.1200008392334,20.530000686645508,20.600000381469727,15248400,0.0,0.0,0.0,-0.013409903762017006,-0.01350062850778367,0.1804068180735697,0.26602425921549333
2013-06-20 00:00:00-04:00,19.209999084472656,19.469999313354492,18.8799991607666,18.969999313354492,36200700,0.0,0.0,0.0,-0.0791262639772311,-0.08243234656295041,0.5531790529596018,0.381255422030407
2013-06-21 00:00:00-04:00,19.270000457763672,19.450000762939453,19.15999984741211,19.389999389648438,14606100,0.0,0.0,0.0,0.022140226225431325,0.02189869002638087,0.5874454968134372,0.3856165781292462
2013-06-24 00:00:00-04:00,19.1200008392334,19.190000534057617,18.790000915527344,18.969999313354492,17632300,0.0,0.0,0.0,-0.021660654436026827,-0.0218986900263809,0.583715695869365,0.38913775778446885
2013-06-25 00:00:00-04:00,19.010000228881836,19.09000015258789,18.8700008392334,18.90999984741211,7847800,0.0,0.0,0.0,-0.0031628607334815984,-0.003167873149330555,0.5938009975537928,0.38918835200233926
2013-06-26 00:00:00-04:00,18.25,18.299999237060547,17.860000610351562,17.889999389648438,22854200,0.0,0.0,0.0,-0.05393973907954641,-0.05544901119748728,0.6376665673361435,0.41994651517254966
2013-06-27 00:00:00-04:00,18.149999618530273,18.260000228881836,17.75,17.889999389648438,18114700,0.0,0.0,0.0,0.0,0.0,0.45163178872322746,0.41368723549359077
2013-06-28 00:00:00-04:00,17.969999313354492,18.979999542236328,17.959999084472656,18.969999313354492,27265300,0.0,0.0,0.0,0.060368918980006736,0.058616884346818,0.6624359642941783,0.47855022895155497
2013-07-01 00:00:00-04:00,18.979999542236328,19.139999389648438,18.809999465942383,18.93000030517578,14504100,0.0,0.0,0.0,-0.0021085403071444686,-0.0021107664080239753,0.6432645275088034,0.4648243970420629
2013-07-02 00:00:00-04:00,18.979999542236328,19.0,18.59000015258789,18.68000030517578,7787200,0.0,0.0,0.0,-0.013206550236116277,-0.013294532204779089,0.6505144412042381,0.46526833498590786
2013-07-03 00:00:00-04:00,18.950000762939453,19.190000534057617,18.899999618530273,19.020000457763672,6634900,0.0,0.0,0.0,0.01820129266773529,0.018037632047004818,0.4596972344635328,0.47333938165195943
2013-07-05 00:00:00-04:00,18.31999969482422,18.34000015258789,18.059999465942383,18.209999084472656,11091400,0.0,0.0,0.0,-0.042586821966157484,-0.04352023772129524,0.6087803413659498,0.4873958080615298
2013-07-08 00:00:00-04:00,18.440000534057617,18.5,18.399999618530273,18.420000076293945,4945200,0.0,0.0,0.0,0.011532180251472512,0.01146619150562939,0.38049860493516535,0.46840866279662924
2013-07-09 00:00:00-04:00,18.540000915527344,18.690000534057617,18.479999542236328,18.56999969482422,6416600,0.0,0.0,0.0,0.008143301732301156,0.008110323961739227,0.39322994295873387,0.46536079933693714
2013-07-10 00:00:00-04:00,18.579999923706055,18.760000228881836,18.440000534057617,18.479999542236328,8788800,0.0,0.0,0.0,-0.0048465349524466905,-0.004858317488031719,0.38472781535696376,0.4648814048467405
2013-07-11 00:00:00-04:00,19.360000610351562,19.5,19.200000762939453,19.489999771118164,12504900,0.0,0.0,0.0,0.05465369339287407,0.05321246033314074,0.5544034114698969,0.5111485085725377
2013-07-12 00:00:00-04:00,19.170000076293945,19.280000686645508,19.110000610351562,19.209999084472656,6784800,0.0,0.0,0.0,-0.014366377113068762,-0.014470572654346306,0.4206483951590626,0.5123594763192365
2013-07-15 00:00:00-04:00,19.149999618530273,19.299999237060547,19.139999389648438,19.280000686645508,4270500,0.0,0.0,0.0,0.003644019027019718,0.00363739567522172,0.4237632459259833,0.5089340690291655
2013-07-16 00:00:00-04:00,19.260000228881836,19.360000610351562,19.229999542236328,19.329999923706055,6558700,0.0,0.0,0.0,0.0025933213319426773,0.0025899644765280073,0.4266596206265818,0.5089751332127738
2013-07-17 00:00:00-04:00,19.350000381469727,19.440000534057617,18.610000610351562,18.65999984741211,15555000,0.0,0.0,0.0,-0.03466115255759861,-0.03527610203139445,0.5256997417081506,0.5202552275247824
2013-07-18 00:00:00-04:00,18.760000228881836,18.8700008392334,18.579999923706055,18.719999313354492,6631400,0.0,0.0,0.0,0.0032154054894435458,0.003210247127738016,0.2662115930730191,0.520075930145915
2013-07-19 00:00:00-04:00,18.81999969482422,18.889999389648438,18.75,18.8799991607666,5429600,0.0,0.0,0.0,0.008547000709448138,0.008510681896768206,0.280542265580848,0.4395615956105357
2013-07-22 00:00:00-04:00,19.56999969482422,19.889999389648438,19.549999237060547,19.770000457763672,15285000,0.0,0.0,0.0,0.0471399013007654,0.04606254407055308,0.460748076752813,0.46442283395798883
2013-07-23 00:00:00-04:00,19.540000915527344,19.809999465942383,19.510000228881836,19.770000457763672,9840700,0.0,0.0,0.0,0.0,0.0,0.4620974301541472,0.4564696338396369
2013-07-24 00:00:00-04:00,19.59000015258789,19.6299991607666,19.299999237060547,19.469999313354492,7076900,0.0,0.0,0.0,-0.015174564363318988,-0.015290876219724343,0.36832661160603175,0.46040572168295096
2013-07-25 00:00:00-04:00,19.43000030517578,19.549999237060547,19.40999984741211,19.5,4426700,0.0,0.0,0.0,0.0015408673704950804,0.001539681452440343,0.37009813997825547,0.41065919292044123
2013-07-26 00:00:00-04:00,19.299999237060547,19.40999984741211,18.969999313354492,19.31999969482422,8979700,0.0,0.0,0.0,-0.009230784880809306,-0.009273652581177207,0.3906354953516357,0.4133384099609545
2013-07-29 00:00:00-04:00,19.219999313354492,19.280000686645508,19.139999389648438,19.139999389648438,4200600,0.0,0.0,0.0,-0.00931678612934983,-0.009360458852512596,0.11155294853978129,0.35798233775209154
2013-07-30 00:00:00-04:00,19.059999465942383,19.1200008392334,18.989999771118164,19.030000686645508,4078200,0.0,0.0,0.0,-0.005747058856356069,-0.0057636367456885525,0.0972009542990686,0.35859147795573504
2013-07-31 00:00:00-04:00,19.010000228881836,19.420000076293945,18.709999084472656,19.139999389648438,11248600,0.0,0.0,0.0,0.005780278456853694,0.005763636745688513,0.10743319875186047,0.3552815207841858
2013-08-01 00:00:00-04:00,19.09000015258789,19.100000381469727,18.93000030517578,18.969999313354492,5804400,0.0,0.0,0.0,-0.00888192694435963,-0.008921606385478594,0.10264180174036483,0.35133294151046207
2013-08-02 00:00:00-04:00,19.25,19.299999237060547,19.110000610351562,19.1200008392334,6144100,0.0,0.0,0.0,0.007907302651998904,0.007876203765681652,0.1312915791758135,0.3136658571988713
2013-08-05 00:00:00-04:00,19.059999465942383,19.100000381469727,18.950000762939453,19.010000228881836,4490100,0.0,0.0,0.0,-0.005753169744942999,-0.0057697829758011675,0.12089400875626766,0.31315524813573337
2013-08-06 00:00:00-04:00,18.920000076293945,18.950000762939453,18.799999237060547,18.829999923706055,6055400,0.0,0.0,0.0,-0.009468716623280637,-0.009513829923075335,0.1318352930087805,0.3146300118881161
2013-08-07 00:00:00-04:00,18.760000228881836,18.950000762939453,18.719999313354492,18.829999923706055,5181100,0.0,0.0,0.0,0.0,0.0,0.1154875156613831,0.3139298641623165
2013-08-08 00:00:00-04:00,19.15999984741211,19.6299991607666,19.15999984741211,19.600000381469727,11020700,0.0,0.0,0.0,0.04089221778457253,0.040078247081874546,0.3206457029352822,0.2853007303563936
2013-08-09 00:00:00-04:00,19.610000610351562,19.8700008392334,19.559999465942383,19.760000228881836,8197000,0.0,0.0,0.0,0.008163257362146625,0.008130118203598047,0.32071077901625933,0.28097607039535905
2013-08-12 00:00:00-04:00,20.520000457763672,20.709999084472656,20.479999542236328,20.6200008392334,12515000,0.0,0.0,0.0,0.04352229759059201,0.04260181538597326,0.38405452705449095,0.3181039587969132
2013-08-13 00:00:00-04:00,20.719999313354492,20.760000228881836,20.530000686645508,20.709999084472656,8791400,0.0,0.0,0.0,0.004364609193808544,0.004355111911689912,0.33416568337221814,0.3180951922421178
2013-08-14 00:00:00-04:00,20.760000228881836,21.110000610351562,20.739999771118164,21.09000015258789,13607800,0.0,0.0,0.0,0.018348676239205552,0.018182370525291862,0.2894999259487002,0.2876299092633536
2013-08-15 00:00:00-04:00,21.059999465942383,22.3799991607666,21.049999237060547,22.149999618530273,34670100,0.0,0.0,0.0,0.05026076141646274,0.049038477543269204,0.33058388831906704,0.3267692693980085
2013-08-16 00:00:00-04:00,22.440000534057617,22.59000015258789,22.149999618530273,22.34000015258789,18914900,0.0,0.0,0.0,0.008577902362520318,0.008541321202274311,0.32926932621409805,0.32676916525790317
2013-08-19 00:00:00-04:00,22.40999984741211,22.440000534057617,22.15999984741211,22.34000015258789,9789900,0.0,0.0,0.0,0.0,0.0,0.3199908816829504,0.294352053401063
2013-08-20 00:00:00-04:00,22.219999313354492,22.5,22.18000030517578,22.190000534057617,9334200,0.0,0.0,0.0,-0.006714396486380392,-0.0067370394593164636,0.353915596264453,0.2972059001983421
2013-08-21 00:00:00-04:00,22.1299991607666,22.540000915527344,22.020000457763672,22.139999389648438,14433300,0.0,0.0,0.0,-0.0022533187564568458,-0.0022558612993236974,0.36824605510514424,0.28843249447492686
2013-08-22 00:00:00-04:00,22.329999923706055,22.510000228881836,22.200000762939453,22.270000457763672,7009400,0.0,0.0,0.0,0.005871773789479784,0.00585460211177855,0.09792407437380457,0.28783411284703075
2013-08-23 00:00:00-04:00,22.31999969482422,23.25,22.290000915527344,23.149999618530273,19823200,0.0,0.0,0.0,0.039515004161565725,0.038754262229621375,0.2949418009305703,0.3033785890413002
2013-08-26 00:00:00-04:00,23.31999969482422,23.559999465942383,23.059999465942383,23.459999084472656,14034200,0.0,0.0,0.0,0.01339090587691616,0.013302040146223711,0.2893761697531831,0.29555003651104134
2013-08-27 00:00:00-04:00,23.670000076293945,23.84000015258789,23.579999923706055,23.59000015258789,14726600,0.0,0.0,0.0,0.005541392719033755,0.0055260956876204085,0.2560404169617721,0.29004083684110304
2013-08-28 00:00:00-04:00,23.610000610351562,23.65999984741211,23.3700008392334,23.43000030517578,17024400,0.0,0.0,0.0,-0.006782528460244963,-0.00680563434320755,0.2737890704895261,0.296371616812952
2013-08-29 00:00:00-04:00,23.200000762939453,23.270000457763672,22.8799991607666,23.0,14289600,0.0,0.0,0.0,-0.018352552265259336,-0.018523049615555825,0.34890862726476274,0.30625392898146286
2013-08-30 00:00:00-04:00,22.639999389648438,22.8799991607666,22.549999237060547,22.600000381469727,9885200,0.0,0.0,0.0,-0.017391287762185792,-0.01754429277171819,0.2222378833366382,0.3211860221042695
2013-09-03 00:00:00-04:00,23.56999969482422,23.579999923706055,23.3799991607666,23.389999389648438,12919300,0.0,0.0,0.0,0.0349557077364675,0.03435863134410415,0.34933483163790946,0.32947898571316286
2013-09-04 00:00:00-04:00,22.690000534057617,22.709999084472656,22.510000228881836,22.690000534057617,10712600,0.0,0.0,0.0,-0.029927271220905438,-0.0303842321726496,0.39857344377958465,0.35317593614481196
2013-09-05 00:00:00-04:00,22.579999923706055,22.6200008392334,22.18000030517578,22.3799991607666,8786400,0.0,0.0,0.0,-0.013662466548896912,-0.013756656944365852,0.4007802431787373,0.3613365098113953
2013-09-06 00:00:00-04:00,22.93000030517578,23.09000015258789,22.889999389648438,22.969999313354492,7696100,0.0,0.0,0.0,0.026362831756588934,0.02602132142334263,0.45607374512740023,0.34770676777749365
2013-09-09 00:00:00-04:00,22.860000610351562,22.950000762939453,22.770000457763672,22.84000015258789,5616800,0.0,0.0,0.0,-0.005659519575650251,-0.005675595339322702,0.43489355140515523,0.35116536550591587
2013-09-10 00:00:00-04:00,22.209999084472656,22.260000228881836,21.989999771118164,22.1299991607666,10296300,0.0,0.0,0.0,-0.031085857577844322,-0.031579275328465564,0.37170277001402635,0.34951302807177836
2013-09-11 00:00:00-04:00,22.290000915527344,22.350000381469727,22.229999542236328,22.290000915527344,4810500,0.0,0.0,0.0,0.0072300840862391524,0.007204072331158494,0.3437617576635069,0.34972583816619407
2013-09-12 00:00:00-04:00,21.43000030517578,21.510000228881836,21.049999237060547,21.059999465942383,15273600,0.0,0.0,0.0,-0.05518175859419261,-0.05676270712426522,0.5088568455442097,0.40283110524965693
2013-09-13 00:00:00-04:00,21.049999237060547,21.440000534057617,20.84000015258789,21.420000076293945,11714000,0.0,0.0,0.0,0.017094046509058325,0.016949587234443637,0.46781574506359075,0.36348436733182227
2013-09-16 00:00:00-04:00,21.309999465942383,21.3700008392334,20.920000076293945,20.940000534057617,7495800,0.0,0.0,0.0,-0.022408942134764742,-0.02266383763483683,0.4651888927496466,0.36877952181435314
2013-09-17 00:00:00-04:00,21.040000915527344,21.079999923706055,20.93000030517578,20.959999084472656,6441000,0.0,0.0,0.0,0.000955040587631073,0.0009545848265262145,0.4590780729925859,0.3688971983846905
2013-09-18 00:00:00-04:00,20.68000030517578,22.399999618530273,20.450000762939453,22.309999465942383,30629700,0.0,0.0,0.0,0.06440841795979946,0.06241916873330266,0.7092198595858724,0.43894508925240094
2013-09-19 00:00:00-04:00,22.389999389648438,22.579999923706055,22.170000076293945,22.200000762939453,16262300,0.0,0.0,0.0,-0.004930466411299128,-0.004942661261528162,0.5241251975650376,0.43928114634338145
2013-09-20 00:00:00-04:00,21.790000915527344,21.860000610351562,20.950000762939453,21.0,18493200,0.0,0.0,0.0,-0.05405408656303867,-0.055569885521452235,0.6895038379423173,0.47924137152954965
2013-09-23 00:00:00-04:00,20.940000534057617,21.1299991607666,20.780000686645508,20.780000686645508,7765000,0.0,0.0,0.0,-0.0104761577787853,-0.010531419008766236,0.6735873081409036,0.4532625626998626
2013-09-24 00:00:00-04:00,20.65999984741211,21.030000686645508,20.649999618530273,20.889999389648438,7313400,0.0,0.0,0.0,0.005293488901259913,0.005279527636413692,0.6750100095328541,0.44980341905090704
2013-09-25 00:00:00-04:00,20.950000762939453,21.149999618530273,20.889999389648438,20.979999542236328,6590600,0.0,0.0,0.0,0.004308288904617541,0.004299034798030362,0.38769790136932303,0.4494265984612981
2013-09-26 00:00:00-04:00,21.020000457763672,21.100000381469727,20.860000610351562,20.920000076293945,6606300,0.0,0.0,0.0,-0.0028598411464020312,-0.002863938305440504,0.39033680846033647,0.449489800622112
2013-09-27 00:00:00-04:00,20.959999084472656,21.1200008392334,20.940000534057617,20.959999084472656,5318200,0.0,0.0,0.0,0.0019119984719329075,0.0019101729294404908,0.10272615630459336,0.44741745023379886
2013-09-30 00:00:00-04:00,20.719999313354492,21.260000228881836,20.68000030517578,20.899999618530273,7988800,0.0,0.0,0.0,-0.0028625700650355412,-0.0028666750544756965,0.06143205502232189,0.44472433333546796
2013-10-01 00:00:00-04:00,20.18000030517578,20.510000228881836,19.8799991607666,20.40999984741211,21004200,0.0,0.0,0.0,-0.023444965553191754,-0.02372417137300547,0.17442875684957232,0.4255987710691375
2013-10-02 00:00:00-04:00,20.549999237060547,21.219999313354492,20.530000686645508,20.920000076293945,12456700,0.0,0.0,0.0,0.02498776250341339,0.024680673498040717,0.2741577380591361,0.4300368622340999
2013-10-03 00:00:00-04:00,20.899999618530273,21.049999237060547,20.739999771118164,20.920000076293945,7947300,0.0,0.0,0.0,0.0,0.0,0.27332687170642683,0.4285725882037124
2013-10-04 00:00:00-04:00,20.989999771118164,21.010000228881836,20.719999313354492,20.93000030517578,4907200,0.0,0.0,0.0,0.00047802241134631274,0.0004779081950306276,0.2729233494706367,0.41465798577745716
2013-10-07 00:00:00-04:00,21.149999618530273,21.649999618530273,21.100000381469727,21.530000686645508,12252300,0.0,0.0,0.0,0.02866700299671532,0.028263792230079434,0.3374716299965055,0.4307708864116567
2013-10-08 00:00:00-04:00,21.59000015258789,21.670000076293945,21.469999313354492,21.489999771118164,6884500,0.0,0.0,0.0,-0.0018579151997962784,-0.0018596432649718516,0.23855815492045582,0.4174217147953295
2013-10-09 00:00:00-04:00,21.15999984741211,21.239999771118164,20.969999313354492,21.049999237060547,10156700,0.0,0.0,0.0,-0.020474664436663348,-0.020687176119563215,0.2789814817743726,0.42161943984942407
2013-10-10 00:00:00-04:00,21.100000381469727,21.18000030517578,20.81999969482422,20.829999923706055,6379200,0.0,0.0,0.0,-0.010451274172360137,-0.010506272274049978,0.2917704982145032,0.37482132455452927
2013-10-11 00:00:00-04:00,20.489999771118164,20.549999237060547,20.3700008392334,20.520000457763672,11028700,0.0,0.0,0.0,-0.014882355596630648,-0.01499420899944553,0.3077137781600087,0.37233385846962525
2013-10-14 00:00:00-04:00,20.739999771118164,20.760000228881836,20.489999771118164,20.5,4813500,0.0,0.0,0.0,-0.0009746811558235535,-0.0009751564663772379,0.13308579236792273,0.3643511466151548
2013-10-15 00:00:00-04:00,20.360000610351562,20.729999542236328,20.329999923706055,20.559999465942383,8037700,0.0,0.0,0.0,0.002926803216701579,0.002922528467036467,0.15365690039167318,0.3645452195206259
2013-10-16 00:00:00-04:00,20.540000915527344,20.65999984741211,20.3799991607666,20.5,6581200,0.0,0.0,0.0,-0.0029182620379816226,-0.002922528467036453,0.11513410113470202,0.27148275425641616
2013-10-17 00:00:00-04:00,20.959999084472656,21.170000076293945,20.950000762939453,21.049999237060547,9380400,0.0,0.0,0.0,0.026829231076124227,0.02647563773987272,0.24273068225472505,0.29273935050172967
2013-10-18 00:00:00-04:00,21.079999923706055,21.170000076293945,21.049999237060547,21.110000610351562,5164500,0.0,0.0,0.0,0.0028504216373261837,0.002846366888905201,0.19133092882146813,0.22060480931527052
2013-10-21 00:00:00-04:00,21.479999542236328,21.5,21.3700008392334,21.40999984741211,5255900,0.0,0.0,0.0,0.014211237725565873,0.014111204701506123,0.18808817252793752,0.2219334257021318
2013-10-22 00:00:00-04:00,21.65999984741211,22.0,21.649999618530273,21.8700008392334,10330000,0.0,0.0,0.0,0.02148533372721584,0.021257777587755756,0.1976086503761341,0.2327012758948255
2013-10-23 00:00:00-04:00,21.770000457763672,21.860000610351562,21.739999771118164,21.75,5488600,0.0,0.0,0.0,-0.005487006613100975,-0.005502115527709089,0.21064026681697223,0.23422654563008538
2013-10-24 00:00:00-04:00,21.899999618530273,22.040000915527344,21.860000610351562,21.8700008392334,7494700,0.0,0.0,0.0,0.0055172799647540405,0.005502115527709219,0.16547038090016677,0.23385272768690454
2013-10-25 00:00:00-04:00,21.530000686645508,21.8700008392334,21.5,21.709999084472656,7511200,0.0,0.0,0.0,-0.007316037888471794,-0.007342931342969251,0.1970320107198414,0.23634997044025066
2013-10-28 00:00:00-04:00,21.690000534057617,21.850000381469727,21.639999389648438,21.68000030517578,6094100,0.0,0.0,0.0,-0.0013817955118353709,-0.0013827510716138802,0.18525317559328072,0.23601540750707764
2013-10-29 00:00:00-04:00,21.709999084472656,21.790000915527344,21.649999618530273,21.690000534057617,5163400,0.0,0.0,0.0,0.00046126516333333534,0.00046115881326034864,0.08044691704819953,0.21635082505741945
2013-10-30 00:00:00-04:00,22.18000030517578,22.229999542236328,21.6200008392334,21.8799991607666,11297700,0.0,0.0,0.0,0.008759733611377607,0.00872158973651193,0.09898441466503104,0.20178771867574655
2013-10-31 00:00:00-04:00,21.239999771118164,21.309999465942383,21.049999237060547,21.100000381469727,10355700,0.0,0.0,0.0,-0.03564894009207753,-0.036299880636436896,0.2699206002003728,0.24274849099246876
2013-11-01 00:00:00-04:00,21.09000015258789,21.149999618530273,20.979999542236328,21.079999923706055,5967500,0.0,0.0,0.0,-0.0009478889764019671,-0.0009483385072504335,0.27325375961639375,0.24280605482468554
2013-11-04 00:00:00-05:00,21.020000457763672,21.059999465942383,20.829999923706055,20.850000381469727,4672800,0.0,0.0,0.0,-0.010910794263223722,-0.010970753513183787,0.2720248077597123,0.22155592267198373
2013-11-05 00:00:00-05:00,20.8700008392334,20.93000030517578,20.799999237060547,20.899999618530273,3342700,0.0,0.0,0.0,0.002398044899077467,0.002395174177904685,0.27598508344370637,0.22198205665187332
2013-11-06 00:00:00-05:00,21.059999465942383,21.1200008392334,20.940000534057617,21.0,3433000,0.0,0.0,0.0,0.0047847073346865,0.004773297004797884,0.2625558963437226,0.2108696298042819
2013-11-07 00:00:00-05:00,20.809999465942383,20.940000534057617,20.760000228881836,20.829999923706055,5058700,0.0,0.0,0.0,-0.008095241728283131,-0.008128186113237805,0.10693232068515551,0.20948733099018343
2013-11-08 00:00:00-05:00,20.670000076293945,20.709999084472656,20.489999771118164,20.690000534057617,7047800,0.0,0.0,0.0,-0.00672104609511337,-0.006743734040379204,0.10929700702321905,0.20367703930567743
2013-11-11 00:00:00-05:00,20.610000610351562,20.6200008392334,20.510000228881836,20.600000381469727,3481500,0.0,0.0,0.0,-0.0043499347638846775,-0.004359423256322797,0.09034208193019269,0.20435047654053098
2013-11-12 00:00:00-05:00,20.399999618530273,20.420000076293945,19.829999923706055,20.0,11482400,0.0,0.0,0.0,-0.029126231570822836,-0.029558820759492094,0.1979980273395816,0.22910672426994602
2013-11-13 00:00:00-05:00,19.940000534057617,20.0,19.700000762939453,19.780000686645508,9050200,0.0,0.0,0.0,-0.010999965667724654,-0.011060912645294756,0.15791859018317825,0.23165489464736377
2013-11-14 00:00:00-05:00,19.93000030517578,20.110000610351562,19.90999984741211,20.049999237060547,6518700,0.0,0.0,0.0,0.013650077909113989,0.013557754792038152,0.24306648693738875,0.21420617768741237
2013-11-15 00:00:00-05:00,19.969999313354492,20.030000686645508,19.950000762939453,20.0,3932000,0.0,0.0,0.0,-0.0024937276290828425,-0.0024968421467434724,0.24576797473375933,0.21332573944219244
2013-11-18 00:00:00-05:00,19.8799991607666,19.920000076293945,19.559999465942383,19.670000076293945,6569200,0.0,0.0,0.0,-0.016499996185302734,-0.016637637274327554,0.2535736442984325,0.20901667899869156
2013-11-19 00:00:00-05:00,19.6299991607666,19.739999771118164,19.56999969482422,19.610000610351562,4345200,0.0,0.0,0.0,-0.0030503032897643,-0.003054964946903055,0.18097495726807575,0.18598701915571658
2013-11-20 00:00:00-05:00,19.540000915527344,19.6200008392334,19.06999969482422,19.139999389648438,15251300,0.0,0.0,0.0,-0.023967425093042838,-0.024259317196749113,0.22991791353062363,0.19735840275546787
2013-11-21 00:00:00-05:00,19.100000381469727,19.31999969482422,19.0,19.239999771118164,6999200,0.0,0.0,0.0,0.005224680494180678,0.0052110792054037,0.1872915288501127,0.1971286915231634
2013-11-22 00:00:00-05:00,19.229999542236328,19.270000457763672,19.100000381469727,19.1299991607666,3976000,0.0,0.0,0.0,-0.005717287508323565,-0.005733693759270078,0.18248685763490904,0.19710232618982662
2013-11-25 00:00:00-05:00,19.09000015258789,19.3799991607666,19.079999923706055,19.270000457763672,6150800,0.0,0.0,0.0,0.007318416264449956,0.007291766599379919,0.19695635925914232,0.2022926796372503
2013-11-26 00:00:00-05:00,19.18000030517578,19.260000228881836,19.06999969482422,19.1299991607666,4938700,0.0,0.0,0.0,-0.007265246168723594,-0.007291766599379976,0.1978950437551652,0.2009774876808472
2013-11-27 00:00:00-05:00,19.190000534057617,19.219999313354492,18.920000076293945,18.959999084472656,6647000,0.0,0.0,0.0,-0.00888656998180093,-0.008926291042577531,0.11982465255075471,0.1931863424359291
2013-11-29 00:00:00-05:00,19.260000228881836,19.350000381469727,19.219999313354492,19.239999771118164,2745300,0.0,0.0,0.0,0.014767969418037374,0.014659984801847672,0.1657508822446861,0.17641238164200834
2013-12-02 00:00:00-05:00,18.889999389648438,18.940000534057617,18.43000030517578,18.459999084472656,11111500,0.0,0.0,0.0,-0.04054057671125311,-0.04138525386190758,0.33744348795558854,0.21701527936042028
2013-12-03 00:00:00-05:00,18.350000381469727,18.5,18.280000686645508,18.420000076293945,6912500,0.0,0.0,0.0,-0.002166793616601881,-0.0021691445104387607,0.31840896578759365,0.21689052970442801
2013-12-04 00:00:00-05:00,18.56999969482422,19.15999984741211,18.559999465942383,19.0,11379500,0.0,0.0,0.0,0.03148750929987787,0.03100194419737179,0.4297171522771797,0.25347744503640435
2013-12-05 00:00:00-05:00,18.6299991607666,19.0,18.549999237060547,18.690000534057617,7908800,0.0,0.0,0.0,-0.016315761365388592,-0.016450329124458072,0.44131353095633824,0.25414526778785235
2013-12-06 00:00:00-05:00,18.829999923706055,18.940000534057617,18.68000030517578,18.760000228881836,7466700,0.0,0.0,0.0,0.00374530191674749,0.0037383057366203723,0.4205046030462891,0.2561250475013109
2013-12-09 00:00:00-05:00,18.989999771118164,19.25,18.940000534057617,19.1200008392334,6407700,0.0,0.0,0.0,0.01918979775902807,0.0190079957376116,0.29552821747203206,0.2700776735353415
2013-12-10 00:00:00-05:00,19.65999984741211,19.670000076293945,19.510000228881836,19.65999984741211,8026400,0.0,0.0,0.0,0.028242624711116937,0.027851155441468704,0.31320873598463356,0.29300339925275054
2013-12-11 00:00:00-05:00,19.670000076293945,19.690000534057617,19.5,19.549999237060547,5904400,0.0,0.0,0.0,-0.005595148077584655,-0.005610859551345147,0.2868548097557255,0.2756845688400215
2013-12-12 00:00:00-05:00,18.84000015258789,18.8700008392334,18.709999084472656,18.809999465942383,9660900,0.0,0.0,0.0,-0.03785165217374342,-0.038586632485617306,0.4072067550766708,0.3036676280813505
2013-12-13 00:00:00-05:00,18.889999389648438,19.030000686645508,18.84000015258789,18.950000762939453,5508000,0.0,0.0,0.0,0.007442918711962676,0.007415356868370915,0.40930550552639205,0.30011214734080877
2013-12-16 00:00:00-05:00,18.940000534057617,19.540000915527344,18.899999618530273,19.219999313354492,8855400,0.0,0.0,0.0,0.014247944039299298,0.014147396027481433,0.3977890543380058,0.3060502370128705
2013-12-17 00:00:00-05:00,19.079999923706055,19.3799991607666,19.059999465942383,19.139999389648438,7266900,0.0,0.0,0.0,-0.004162327084500372,-0.004171013680561704,0.31802823229506433,0.3012920300913153
2013-12-18 00:00:00-05:00,19.239999771118164,19.520000457763672,18.93000030517578,19.09000015258789,12289200,0.0,0.0,0.0,-0.002612290420844432,-0.0026157084052754573,0.3184897661383039,0.301260220279268
2013-12-19 00:00:00-05:00,18.530000686645508,18.579999923706055,18.420000076293945,18.489999771118164,11953300,0.0,0.0,0.0,-0.03143008782995682,-0.03193461271038478,0.27676545461649227,0.30979380580232907
2013-12-20 00:00:00-05:00,18.549999237060547,18.799999237060547,18.479999542236328,18.6200008392334,11204000,0.0,0.0,0.0,0.007030885328527692,0.00700628390018003,0.2757712784863368,0.3103829901923809
2013-12-23 00:00:00-05:00,18.709999084472656,18.799999237060547,18.649999618530273,18.719999313354492,6126800,0.0,0.0,0.0,0.005370487089903397,0.005356117449132814,0.24555669297171132,0.3108578106484404
2013-12-24 00:00:00-05:00,18.709999084472656,18.84000015258789,18.690000534057617,18.760000228881836,2795700,0.0,0.0,0.0,0.0021368011215048277,0.002134521408939022,0.2511777938194621,0.30958259435578755
2013-12-26 00:00:00-05:00,19.260000228881836,19.270000457763672,19.010000228881836,19.020000457763672,6502400,0.0,0.0,0.0,0.013859287084738714,0.013764125406131821,0.2818487794241183,0.3131165388843869
2013-12-27 00:00:00-05:00,19.31999969482422,19.34000015258789,19.25,19.270000457763672,7362000,0.0,0.0,0.0,0.013144058569039219,0.013058424996790295,0.08037736524395996,0.3146803499529444
2013-12-30 00:00:00-05:00,18.940000534057617,19.020000457763672,18.75,18.850000381469727,8198100,0.0,0.0,0.0,-0.021795540545757053,-0.022036572050384617,0.2301755787843407,0.3201790332529293
2013-12-31 00:00:00-05:00,18.290000915527344,19.079999923706055,18.260000228881836,18.709999084472656,22884700,0.0,0.0,0.0,-0.007427124358824755,-0.0074548427776576194,0.2380671363756229,0.28539170400113134
2014-01-02 00:00:00-05:00,19.350000381469727,19.469999313354492,19.219999313354492,19.229999542236328,12013800,0.0,0.0,0.0,0.02779265009132037,0.027413444442542328,0.31114503420296563,0.30063023935245947
2014-01-03 00:00:00-05:00,19.3700008392334,19.479999542236328,19.31999969482422,19.420000076293945,5904600,0.0,0.0,0.0,0.009880423223115775,0.00983193099578137,0.3053279090730734,0.282039687978914
2014-01-06 00:00:00-05:00,19.420000076293945,19.59000015258789,19.25,19.420000076293945,11875800,0.0,0.0,0.0,0.0,0.0,0.295494065718335,0.2744092882374184
2014-01-07 00:00:00-05:00,18.989999771118164,19.149999618530273,18.899999618530273,19.1299991607666,7573900,0.0,0.0,0.0,-0.014933105787231615,-0.01504572720966135,0.26340651715909147,0.2808230580800755
2014-01-08 00:00:00-05:00,18.709999084472656,18.8700008392334,18.610000610351562,18.829999923706055,10310300,0.0,0.0,0.0,-0.01568213540102037,-0.015806400964807028,0.2893582048204582,0.27834311043458415
2014-01-09 00:00:00-05:00,18.770000457763672,18.989999771118164,18.68000030517578,18.84000015258789,4530000,0.0,0.0,0.0,0.0005310796028865639,0.0005309386300239291,0.17483477342753875,0.2567809765226785
2014-01-10 00:00:00-05:00,19.309999465942383,19.489999771118164,19.25,19.3799991607666,8445000,0.0,0.0,0.0,0.02866236750558282,0.028259285911160382,0.28511606898395764,0.27831446957092165
2014-01-13 00:00:00-05:00,19.299999237060547,19.700000762939453,19.290000915527344,19.68000030517578,7256600,0.0,0.0,0.0,0.015479935882376727,0.015361343972484495,0.3064687240013598,0.24527159640420787
2014-01-14 00:00:00-05:00,19.56999969482422,19.84000015258789,19.389999389648438,19.420000076293945,10997000,0.0,0.0,0.0,-0.013211393539127925,-0.013299440339200339,0.3003714568167206,0.2505148510731602
2014-01-15 00:00:00-05:00,19.25,19.459999084472656,19.239999771118164,19.399999618530273,5188500,0.0,0.0,0.0,-0.0010298896851234085,-0.0010304203859119716,0.25741933091440444,0.24590488182314557
2014-01-16 00:00:00-05:00,19.399999618530273,19.440000534057617,19.290000915527344,19.350000381469727,6129800,0.0,0.0,0.0,-0.0025772803115310383,-0.0025806072159059576,0.26254035768073,0.24556356599959453
2014-01-17 00:00:00-05:00,19.510000228881836,19.65999984741211,19.479999542236328,19.510000228881836,6550700,0.0,0.0,0.0,0.008268725801438892,0.008234727176545378,0.17401222419118656,0.24667575080915713
2014-01-21 00:00:00-05:00,19.030000686645508,19.200000762939453,19.020000457763672,19.170000076293945,8955800,0.0,0.0,0.0,-0.017426968149624522,-0.017580605329119037,0.16254056633509473,0.2262693960264952
2014-01-22 00:00:00-05:00,19.1299991607666,19.18000030517578,19.020000457763672,19.030000686645508,4960800,0.0,0.0,0.0,-0.007303045857655621,-0.007329843647091855,0.14903448582684858,0.2276777336110774
2014-01-23 00:00:00-05:00,19.399999618530273,19.549999237060547,19.229999542236328,19.260000228881836,9113900,0.0,0.0,0.0,0.012086155225298212,0.012013700863448858,0.18924248376272274,0.23054429793463838
2014-01-24 00:00:00-05:00,19.3700008392334,19.459999084472656,18.989999771118164,19.15999984741211,8368700,0.0,0.0,0.0,-0.005192127740464292,-0.005205653674934429,0.1911761991701013,0.23175004261661333
2014-01-27 00:00:00-05:00,19.079999923706055,19.149999618530273,18.829999923706055,18.889999389648438,7749900,0.0,0.0,0.0,-0.01409188204143641,-0.01419211537624851,0.18182556560032095,0.23266615051184525
2014-01-28 00:00:00-05:00,18.979999542236328,18.989999771118164,18.739999771118164,18.850000381469727,6394800,0.0,0.0,0.0,-0.0021174700619963627,-0.0021197150714481394,0.15353993323997003,0.2272651585639744
2014-01-29 00:00:00-05:00,19.139999389648438,19.18000030517578,18.760000228881836,19.020000457763672,8699100,0.0,0.0,0.0,0.009018571504171513,0.008978147053594239,0.16975616675956592,0.21591399263785113
2014-01-30 00:00:00-05:00,18.43000030517578,18.540000915527344,18.389999389648438,18.489999771118164,13004900,0.0,0.0,0.0,-0.027865440267598407,-0.02826104816438351,0.21936917021921232,0.2370645916432976
2014-01-31 00:00:00-05:00,18.600000381469727,18.670000076293945,18.389999389648438,18.450000762939453,6774000,0.0,0.0,0.0,-0.002163277916378936,-0.002165621182083907,0.2228805447641108,0.2122166312333037
2014-02-03 00:00:00-05:00,18.6200008392334,18.899999618530273,18.579999923706055,18.610000610351562,9628300,0.0,0.0,0.0,0.008672078091915392,0.008634691612859,0.23816963611762412,0.21136231293446128
2014-02-04 00:00:00-05:00,18.59000015258789,18.790000915527344,18.579999923706055,18.75,3967700,0.0,0.0,0.0,0.007522804140617012,0.007494648965293633,0.24969663963300445,0.21399749966244375
2014-02-05 00:00:00-05:00,19.190000534057617,19.209999084472656,19.0,19.06999969482422,11851000,0.0,0.0,0.0,0.017066650390624938,0.01692265119298261,0.2751996450379972,0.21780016499578372
2014-02-06 00:00:00-05:00,19.25,19.290000915527344,19.100000381469727,19.170000076293945,5657900,0.0,0.0,0.0,0.005243858577347993,0.0052301574280122,0.10972261308149692,0.2104446885277528
2014-02-07 00:00:00-05:00,19.079999923706055,19.280000686645508,19.06999969482422,19.270000457763672,7106000,0.0,0.0,0.0,0.005216503968270114,0.0052029451441102876,0.07754872536006135,0.21096906707369542
2014-02-10 00:00:00-05:00,19.450000762939453,19.510000228881836,19.280000686645508,19.290000915527344,6642100,0.0,0.0,0.0,0.0010379064498471369,0.0010373681973527816,0.09497732651242721,0.18441498748558474
2014-02-11 00:00:00-05:00,19.25,19.540000915527344,19.25,19.450000762939453,9246700,0.0,0.0,0.0,0.00829444478062813,0.008260234911255427,0.09529103609921379,0.17797982998393333
2014-02-12 00:00:00-05:00,19.5,19.6299991607666,19.420000076293945,19.43000030517578,6410500,0.0,0.0,0.0,-0.001028301130032938,-0.0010288301943626804,0.05898282146608583,0.17160402241337122
2014-02-13 00:00:00-05:00,19.479999542236328,19.760000228881836,19.469999313354492,19.739999771118164,10507100,0.0,0.0,0.0,0.015954681475728316,0.015828743314740292,0.10617492833550168,0.1805047505998194
2014-02-14 00:00:00-05:00,20.360000610351562,20.649999618530273,20.34000015258789,20.649999618530273,17140300,0.0,0.0,0.0,0.046099283584772,0.04506827852342046,0.3033420966398177,0.24063831416864742
2014-02-18 00:00:00-05:00,20.8700008392334,21.1299991607666,20.780000686645508,21.1299991607666,12694000,0.0,0.0,0.0,0.023244530319777912,0.022978490976409093,0.2835518547529775,0.250361369156042
2014-02-19 00:00:00-05:00,21.010000228881836,21.049999237060547,20.559999465942383,20.6299991607666,11974900,0.0,0.0,0.0,-0.02366303927396185,-0.023947505507423097,0.4159571961823576,0.25832929903413204
2014-02-20 00:00:00-05:00,20.84000015258789,21.079999923706055,20.790000915527344,21.0,7854100,0.0,0.0,0.0,0.017935087459288512,0.01777615132050562,0.39965602702921704,0.2594714941074093
2014-02-21 00:00:00-05:00,20.950000762939453,21.139999389648438,20.84000015258789,20.969999313354492,7865000,0.0,0.0,0.0,-0.0014286041259765625,-0.0014296255537774901,0.4181696737278992,0.25905452924778016
2014-02-24 00:00:00-05:00,21.190000534057617,21.299999237060547,21.149999618530273,21.18000030517578,8128500,0.0,0.0,0.0,0.010014353776709672,0.009964542412291985,0.2957068521816309,0.25721305794399524
2014-02-25 00:00:00-05:00,20.950000762939453,21.170000076293945,20.93000030517578,21.020000457763672,5564200,0.0,0.0,0.0,-0.0075542891929519795,-0.007582967355602978,0.2555488684975739,0.25171514101523407
2014-02-26 00:00:00-05:00,20.739999771118164,20.780000686645508,20.290000915527344,20.420000076293945,15136800,0.0,0.0,0.0,-0.02854426110386299,-0.028959570753578585,0.2836933965553995,0.27835663277031336
2014-02-27 00:00:00-05:00,20.459999084472656,20.6200008392334,20.3700008392334,20.459999084472656,5613300,0.0,0.0,0.0,0.00195881528057118,0.001956899303541544,0.2310553627540943,0.2778477200035543
2014-02-28 00:00:00-05:00,20.530000686645508,20.540000915527344,20.280000686645508,20.350000381469727,5648100,0.0,0.0,0.0,-0.00537628093475373,-0.005390785142252464,0.2287804020388863,0.25432535643200305
2014-03-03 00:00:00-05:00,20.670000076293945,20.829999923706055,20.579999923706055,20.6200008392334,6922800,0.0,0.0,0.0,0.013267835513631088,0.013180588654738857,0.2437170682231198,0.254519508857859
2014-03-04 00:00:00-05:00,20.290000915527344,20.469999313354492,20.219999313354492,20.3700008392334,6841000,0.0,0.0,0.0,-0.012124150815955748,-0.012198247850590703,0.24855093990660812,0.261893318200657
2014-03-05 00:00:00-05:00,20.389999389648438,20.5,20.34000015258789,20.360000610351562,4295800,0.0,0.0,0.0,-0.0004909292326868986,-0.0004910497778970447,0.1494406249796664,0.2622747800756505
2014-03-06 00:00:00-05:00,20.56999969482422,20.809999465942383,20.5,20.65999984741211,5444300,0.0,0.0,0.0,0.014734736152611783,0.014627234645528746,0.186017040533572,0.26089108822508433
2014-03-07 00:00:00-05:00,20.0,20.229999542236328,19.959999084472656,20.079999923706055,11099000,0.0,0.0,0.0,-0.02807356863454702,-0.028475165281795792,0.28577662543045895,0.2847365077499239
2014-03-10 00:00:00-04:00,20.040000915527344,20.170000076293945,20.0,20.010000228881836,4167600,0.0,0.0,0.0,-0.003486040592140527,-0.003492130990014546,0.2499017723788075,0.2852997948777666
2014-03-11 00:00:00-04:00,20.350000381469727,20.3799991607666,19.8700008392334,20.040000915527344,6705500,0.0,0.0,0.0,0.0014992846727810427,0.0014981618676456066,0.24718482169716213,0.2852830311053656
2014-03-12 00:00:00-04:00,20.280000686645508,20.610000610351562,20.190000534057617,20.469999313354492,7763000,0.0,0.0,0.0,0.021457004899334997,0.02123004422754579,0.30457987688550253,0.2928234824448261
2014-03-13 00:00:00-04:00,20.3700008392334,20.530000686645508,20.34000015258789,20.360000610351562,5911200,0.0,0.0,0.0,-0.005373654454945087,-0.00538814446890991,0.28093098785743587,0.2939651961662393
2014-03-14 00:00:00-04:00,20.899999618530273,20.920000076293945,20.489999771118164,20.6200008392334,8092600,0.0,0.0,0.0,0.012770148383475233,0.01268929762848773,0.18141303095139605,0.2922446937660146
2014-03-17 00:00:00-04:00,20.520000457763672,20.6200008392334,20.309999465942383,20.329999923706055,6946500,0.0,0.0,0.0,-0.014064059346475033,-0.01416389540130505,0.22440640035117113,0.24735319002516168
2014-03-18 00:00:00-04:00,19.959999084472656,20.110000610351562,19.950000762939453,20.010000228881836,7658800,0.0,0.0,0.0,-0.015740270340634854,-0.015865463853464244,0.26297704305559616,0.23581352404529923
2014-03-19 00:00:00-04:00,19.90999984741211,20.100000381469727,19.719999313354492,19.790000915527344,12320600,0.0,0.0,0.0,-0.010994468307749083,-0.01105535415742191,0.18363078034429994,0.22484820918415704
2014-03-20 00:00:00-04:00,19.579999923706055,19.65999984741211,19.489999771118164,19.520000457763672,8526500,0.0,0.0,0.0,-0.013643276668664939,-0.013737201440638802,0.18922287010889394,0.21549655903002166
2014-03-21 00:00:00-04:00,19.65999984741211,19.68000030517578,19.489999771118164,19.520000457763672,5384800,0.0,0.0,0.0,0.0,0.0,0.10033119375980108,0.21574345222302005
2014-03-24 00:00:00-04:00,19.3799991607666,19.420000076293945,19.15999984741211,19.209999084472656,7227000,0.0,0.0,0.0,-0.01588121752157634,-0.016008675314383217,0.10468941748160045,0.21382116408011442
2014-03-25 00:00:00-04:00,19.290000915527344,19.399999618530273,19.18000030517578,19.219999313354492,4809600,0.0,0.0,0.0,0.0005205741467171343,0.000520438695002421,0.1228422266509515,0.2143535365571127
2014-03-26 00:00:00-04:00,19.239999771118164,19.260000228881836,18.93000030517578,19.020000457763672,6822000,0.0,0.0,0.0,-0.010405768092398238,-0.010460286631838471,0.12200630066669789,0.19612735467551737
2014-03-27 00:00:00-04:00,18.969999313354492,19.020000457763672,18.8700008392334,19.0,4668200,0.0,0.0,0.0,-0.001051548753013165,-0.0010521020182940976,0.1172000073530949,0.19531111443109078
2014-03-28 00:00:00-04:00,19.030000686645508,19.1299991607666,18.969999313354492,19.059999465942383,5094400,0.0,0.0,0.0,0.0031578666285465573,0.0031528910398032697,0.1279553152603067,0.1966396563075856
2014-03-31 00:00:00-04:00,19.06999969482422,19.1299991607666,18.979999542236328,19.040000915527344,4527200,0.0,0.0,0.0,-0.0010492419189609414,-0.0010497927586062673,0.08138788296107695,0.1870754751256817
2014-04-01 00:00:00-04:00,19.010000228881836,19.079999923706055,18.93000030517578,19.059999465942383,3793200,0.0,0.0,0.0,0.0010503439838980277,0.0010497927586061192,0.08240593755188576,0.1852410584385473
2014-04-02 00:00:00-04:00,19.270000457763672,19.31999969482422,19.18000030517578,19.190000534057617,6296100,0.0,0.0,0.0,0.006820622862426129,0.00679746764336031,0.05256650632694832,0.18847697403765973
2014-04-03 00:00:00-04:00,19.059999465942383,19.139999389648438,19.010000228881836,19.059999465942383,3238300,0.0,0.0,0.0,-0.0067744171181503,-0.006797467643360148,0.08037238704948171,0.17691322600123166
2014-04-04 00:00:00-04:00,19.350000381469727,19.43000030517578,19.079999923706055,19.15999984741211,6120900,0.0,0.0,0.0,0.0052466098778445325,0.005232894372593345,0.08568542516867728,0.15484479635182138
2014-04-07 00:00:00-04:00,19.059999465942383,19.25,19.059999465942383,19.1299991607666,3888800,0.0,0.0,0.0,-0.001565797854093387,-0.001567024996692112,0.08656005641015953,0.1547992540778564
2014-04-08 00:00:00-04:00,19.329999923706055,19.34000015258789,19.209999084472656,19.229999542236328,3885300,0.0,0.0,0.0,0.005227411701868467,0.005213796213879946,0.09177117847992226,0.15653713891418086
2014-04-09 00:00:00-04:00,18.979999542236328,19.18000030517578,18.950000762939453,19.110000610351562,6503700,0.0,0.0,0.0,-0.006240194214316208,-0.006259745604986567,0.09349961778889182,0.13009625575039965
2014-04-10 00:00:00-04:00,19.389999389648438,19.450000762939453,19.260000228881836,19.270000457763672,6834700,0.0,0.0,0.0,0.008372571549026597,0.008337715990486588,0.0945717977427451,0.13633074732299816
2014-04-11 00:00:00-04:00,19.239999771118164,19.290000915527344,19.170000076293945,19.190000534057617,4251500,0.0,0.0,0.0,-0.004151526819181961,-0.0041601683319211205,0.09898146185663889,0.1234683605358487
2014-04-14 00:00:00-04:00,19.239999771118164,19.31999969482422,19.190000534057617,19.209999084472656,3229000,0.0,0.0,0.0,0.0010421339165440635,0.0010415912719668808,0.0975584589793757,0.11794038630273655
2014-04-15 00:00:00-04:00,18.719999313354492,18.889999389648438,18.670000076293945,18.8799991607666,10556100,0.0,0.0,0.0,-0.017178549684200295,-0.017327812855138604,0.1498731059885145,0.12012321363869424
2014-04-16 00:00:00-04:00,18.8700008392334,18.93000030517578,18.799999237060547,18.8799991607666,4458600,0.0,0.0,0.0,0.0,0.0,0.1495763927853061,0.11655315722093301
2014-04-17 00:00:00-04:00,18.8799991607666,18.90999984741211,18.809999465942383,18.8799991607666,4413800,0.0,0.0,0.0,0.0,0.0,0.120662881025189,0.10878373371294321
2014-04-21 00:00:00-04:00,18.65999984741211,18.690000534057617,18.600000381469727,18.670000076293945,5293400,0.0,0.0,0.0,-0.011122833358438,-0.011185154626354955,0.1307342350204094,0.11361326876471615
2014-04-22 00:00:00-04:00,18.68000030517578,18.719999313354492,18.56999969482422,18.709999084472656,4477300,0.0,0.0,0.0,0.002142421425562757,0.002140129713405504,0.13436055034155905,0.10227265999145456
2014-04-23 00:00:00-04:00,18.700000762939453,18.75,18.65999984741211,18.690000534057617,3649100,0.0,0.0,0.0,-0.0010688696629406191,-0.0010694413115003027,0.08296319960380999,0.10205319841188039
2014-04-24 00:00:00-04:00,18.579999923706055,19.139999389648438,18.56999969482422,18.920000076293945,11804800,0.0,0.0,0.0,0.012306021169834258,0.01223091761419926,0.1327846969301824,0.10712164373419572
2014-04-25 00:00:00-04:00,18.979999542236328,19.030000686645508,18.8700008392334,18.940000534057617,4998300,0.0,0.0,0.0,0.001057106642865735,0.001056548299089839,0.13277039944426577,0.1071717364416271
2014-04-28 00:00:00-04:00,18.850000381469727,18.8700008392334,18.739999771118164,18.850000381469727,4133200,0.0,0.0,0.0,-0.004751855863258991,-0.004763181824131296,0.1010587477442573,0.10762384165907862
2014-04-29 00:00:00-04:00,18.68000030517578,18.799999237060547,18.68000030517578,18.760000228881836,4405100,0.0,0.0,0.0,-0.004774543807243847,-0.004785978352537483,0.11155790170101837,0.10866864894608136
2014-04-30 00:00:00-04:00,18.420000076293945,18.530000686645508,18.31999969482422,18.459999084472656,20032600,0.0,0.0,0.0,-0.015991532022868293,-0.0161207762990954,0.16345989290103502,0.12111468555418115
2014-05-01 00:00:00-04:00,18.200000762939453,18.389999389648438,18.15999984741211,18.350000381469727,8519400,0.0,0.0,0.0,-0.005958759938154756,-0.005976584190387434,0.09806912101192446,0.11782224263242212
2014-05-02 00:00:00-04:00,18.399999618530273,18.920000076293945,18.34000015258789,18.690000534057617,12806500,0.0,0.0,0.0,0.018528618284456844,0.01835905475286236,0.20179857314200297,0.1374227551233515
2014-05-05 00:00:00-04:00,18.8799991607666,18.899999618530273,18.780000686645508,18.84000015258789,3557200,0.0,0.0,0.0,0.008025661543290985,0.007993627205379533,0.213237145615818,0.13942270336719953
2014-05-06 00:00:00-04:00,18.899999618530273,18.899999618530273,18.770000457763672,18.799999237060547,2817500,0.0,0.0,0.0,-0.0021231908282043355,-0.0021254479933449652,0.21033482163426748,0.13947706566974347
2014-05-07 00:00:00-04:00,18.739999771118164,18.760000228881836,18.540000915527344,18.56999969482422,7200400,0.0,0.0,0.0,-0.012234018700539528,-0.01230947032320878,0.19273372130229965,0.14313806985668964
2014-05-08 00:00:00-04:00,18.479999542236328,18.530000686645508,18.3799991607666,18.440000534057617,4809100,0.0,0.0,0.0,-0.0070004934250395,-0.007025111840450958,0.19531227663822498,0.14348252341437967
2014-05-09 00:00:00-04:00,18.489999771118164,18.489999771118164,18.309999465942383,18.420000076293945,3546000,0.0,0.0,0.0,-0.0010846234915629083,-0.001085212121288378,0.11964095043462654,0.13847833927888523
2014-05-12 00:00:00-04:00,18.860000610351562,18.889999389648438,18.75,18.780000686645508,7863900,0.0,0.0,0.0,0.019544006995682484,0.019355475373640914,0.1919192265823296,0.15822415673530502
2014-05-13 00:00:00-04:00,18.770000457763672,18.84000015258789,18.739999771118164,18.770000457763672,3211900,0.0,0.0,0.0,-0.0005324935312140955,-0.0005326353562439967,0.19144490526898955,0.15804899030661274
2014-05-14 00:00:00-04:00,19.049999237060547,19.079999923706055,18.920000076293945,19.0,5195000,0.0,0.0,0.0,0.012253571477202296,0.012179104179974665,0.17301081772231833,0.15280641271960052
2014-05-15 00:00:00-04:00,18.799999237060547,18.860000610351562,18.68000030517578,18.739999771118164,4752000,0.0,0.0,0.0,-0.013684222572728166,-0.013778714569709504,0.20489970663480503,0.16074882464487003
2014-05-16 00:00:00-04:00,18.56999969482422,18.65999984741211,18.520000457763672,18.610000610351562,4479700,0.0,0.0,0.0,-0.006936988386037957,-0.006961161145604658,0.21666277113136254,0.16244073075450996
2014-05-19 00:00:00-04:00,18.760000228881836,18.790000915527344,18.579999923706055,18.6299991607666,3373800,0.0,0.0,0.0,0.0010746130982883795,0.0010740361149517783,0.1536469415568616,0.1577328585431942
2014-05-20 00:00:00-04:00,18.520000457763672,18.700000762939453,18.510000228881836,18.649999618530273,3761800,0.0,0.0,0.0,0.0010735619251014406,0.0010729860696054327,0.15474607348100716,0.15758042725662333
2014-05-21 00:00:00-04:00,18.600000381469727,18.709999084472656,18.520000457763672,18.639999389648438,4141700,0.0,0.0,0.0,-0.0005362053129427391,-0.0005363491224214552,0.10217325486988717,0.15754895433597618
2014-05-22 00:00:00-04:00,18.8700008392334,18.8799991607666,18.709999084472656,18.729999542236328,3616900,0.0,0.0,0.0,0.004828334524403122,0.00481671550260293,0.0682696715223091,0.15188130641633343
2014-05-23 00:00:00-04:00,18.68000030517578,18.719999313354492,18.6200008392334,18.65999984741211,2433900,0.0,0.0,0.0,-0.003737303605713893,-0.003744304773938911,0.04919423590081735,0.1521987769614442
2014-05-27 00:00:00-04:00,18.389999389648438,18.420000076293945,18.290000915527344,18.360000610351562,7890200,0.0,0.0,0.0,-0.01607712966311481,-0.016207768806032995,0.12685737601903896,0.16123755138674736
2014-05-28 00:00:00-04:00,18.280000686645508,18.360000610351562,18.25,18.280000686645508,4609900,0.0,0.0,0.0,-0.004357294174649917,-0.004366814847225174,0.12193135870437531,0.1611239321423155
2014-05-29 00:00:00-04:00,18.18000030517578,18.360000610351562,18.18000030517578,18.299999237060547,4887000,0.0,0.0,0.0,0.001094012563667368,0.001093414568026061,0.12533053400623462,0.15151328413555176
2014-05-30 00:00:00-04:00,18.270000457763672,18.290000915527344,17.90999984741211,18.079999923706055,12710700,0.0,0.0,0.0,-0.01202182090308268,-0.012094667412461286,0.10962411137423778,0.15593191835920014
2014-06-02 00:00:00-04:00,18.059999465942383,18.139999389648438,17.979999542236328,18.020000457763672,5567700,0.0,0.0,0.0,-0.0033185545462151023,-0.003324073160951621,0.11045126280172816,0.13852098733856322
2014-06-03 00:00:00-04:00,18.079999923706055,18.110000610351562,18.0,18.100000381469727,4375000,0.0,0.0,0.0,0.004439507307092638,0.004429681764174349,0.0989150175795751,0.1357077830742558
2014-06-04 00:00:00-04:00,18.139999389648438,18.139999389648438,18.049999237060547,18.059999465942383,3355700,0.0,0.0,0.0,-0.0022099952864252925,-0.002212440929913069,0.098000567159272,0.13570945932330516
2014-06-05 00:00:00-04:00,18.25,18.360000610351562,18.229999542236328,18.260000228881836,6119200,0.0,0.0,0.0,0.01107423969289778,0.011013369283882156,0.13792095108175176,0.1375390435384644
2014-06-06 00:00:00-04:00,18.299999237060547,18.299999237060547,18.149999618530273,18.280000686645508,4461600,0.0,0.0,0.0,0.0010953153073918198,0.0010947158872432973,0.0921846550716191,0.13569262605240956
2014-06-09 00:00:00-04:00,18.350000381469727,18.3700008392334,18.309999465942383,18.31999969482422,3327000,0.0,0.0,0.0,0.0021881294680656804,0.002185738999249566,0.07865201816083706,0.13597093735494414
2014-06-10 00:00:00-04:00,18.399999618530273,18.479999542236328,18.399999618530273,18.459999084472656,4366900,0.0,0.0,0.0,0.007641888208545611,0.007612836891590015,0.08459171747041734,0.11843844110888943
2014-06-11 00:00:00-04:00,18.5,18.5,18.40999984741211,18.459999084472656,4049100,0.0,0.0,0.0,0.0,0.0,0.07539498316373908,0.11847140519926214
2014-06-12 00:00:00-04:00,18.559999465942383,18.799999237060547,18.520000457763672,18.760000228881836,9205400,0.0,0.0,0.0,0.016251417079512276,0.016120776299095373,0.1067197632212004,0.12498712045571991
2014-06-13 00:00:00-04:00,18.780000686645508,18.950000762939453,18.770000457763672,18.920000076293945,6062900,0.0,0.0,0.0,0.008528776410449135,0.008492611877578821,0.1005439268328105,0.11888114183836469
2014-06-16 00:00:00-04:00,18.850000381469727,18.950000762939453,18.809999465942383,18.850000381469727,5375500,0.0,0.0,0.0,-0.0036997724387921593,-0.003706633525041368,0.12396891620652252,0.11672933639130348
2014-06-17 00:00:00-04:00,18.860000610351562,18.959999084472656,18.84000015258789,18.940000534057617,4603700,0.0,0.0,0.0,0.004774543807243958,0.004763181824131424,0.1228704668212363,0.11763618300245085
2014-06-18 00:00:00-04:00,18.969999313354492,19.06999969482422,18.940000534057617,19.049999237060547,6176600,0.0,0.0,0.0,0.005807745506930306,0.0057909455681224384,0.11407511018086457,0.11894765761316693
2014-06-19 00:00:00-04:00,19.360000610351562,20.100000381469727,19.360000610351562,19.920000076293945,24175600,0.0,0.0,0.0,0.045669337221855066,0.04465719446307553,0.3056073860790358,0.1976306072070069
2014-06-20 00:00:00-04:00,19.959999084472656,20.149999618530273,19.940000534057617,20.030000686645508,10843200,0.0,0.0,0.0,0.005522118972402623,0.0055069279721110045,0.30862339693942153,0.197712504681337
2014-06-23 00:00:00-04:00,20.040000915527344,20.110000610351562,19.969999313354492,20.049999237060547,7685200,0.0,0.0,0.0,0.000998429841710946,0.0009979317421539404,0.2954573877031483,0.19614290636711557
2014-06-24 00:00:00-04:00,20.170000076293945,20.229999542236328,20.049999237060547,20.079999923706055,6529600,0.0,0.0,0.0,0.0014962936552165296,0.0014951753232948575,0.30174537455451267,0.182093191877487
2014-06-25 00:00:00-04:00,20.15999984741211,20.329999923706055,20.1299991607666,20.190000534057617,6677500,0.0,0.0,0.0,0.00547811806621068,0.00546316775230739,0.3021733388877313,0.17903419280636595
2014-06-26 00:00:00-04:00,20.149999618530273,20.290000915527344,20.139999389648438,20.239999771118164,5475400,0.0,0.0,0.0,0.002476435648241182,0.0024733743345371965,0.034465386971395416,0.17869695699797178
2014-06-27 00:00:00-04:00,20.260000228881836,20.309999465942383,20.149999618530273,20.170000076293945,5746200,0.0,0.0,0.0,-0.0034584829849705345,-0.003464477362207649,0.05117229032052031,0.17019136515814623
2014-06-30 00:00:00-04:00,19.989999771118164,20.280000686645508,19.93000030517578,20.25,7486900,0.0,0.0,0.0,0.003966282766656004,0.003958437803882136,0.05397273068689364,0.16709988701057027
2014-07-01 00:00:00-04:00,20.309999465942383,20.389999389648438,20.18000030517578,20.209999084472656,5612300,0.0,0.0,0.0,-0.001975353853202133,-0.0019773074377292385,0.06113273009309022,0.1693804363839978
2014-07-02 00:00:00-04:00,20.280000686645508,20.440000534057617,20.270000457763672,20.299999237060547,5684800,0.0,0.0,0.0,0.004453248721670633,0.004443362349697863,0.05701120739064228,0.16694921501706322
2014-07-03 00:00:00-04:00,20.209999084472656,20.329999923706055,20.18000030517578,20.290000915527344,3317900,0.0,0.0,0.0,-0.0004925281728558328,-0.0004926495046975636,0.0563630872220314,0.1672562271016558
2014-07-07 00:00:00-04:00,20.1200008392334,20.170000076293945,19.989999771118164,20.170000076293945,3967600,0.0,0.0,0.0,-0.00591428456474663,-0.005931843211153112,0.06859455153098638,0.17141256145744463
2014-07-08 00:00:00-04:00,20.260000228881836,20.31999969482422,20.06999969482422,20.209999084472656,4515600,0.0,0.0,0.0,0.001983094101507765,0.0019811303661527945,0.06256359304628706,0.17145848182930226
2014-07-09 00:00:00-04:00,20.299999237060547,20.389999389648438,20.149999618530273,20.270000457763672,5290200,0.0,0.0,0.0,0.0029688953987689892,0.0029644969323984914,0.06448336723872043,0.17129687833574161
2014-07-10 00:00:00-04:00,20.6200008392334,20.639999389648438,20.510000228881836,20.520000457763672,6629200,0.0,0.0,0.0,0.012333497501439306,0.012258059563522434,0.10542346544718363,0.1723599755077558
2014-07-11 00:00:00-04:00,20.510000228881836,20.610000610351562,20.5,20.56999969482422,4507200,0.0,0.0,0.0,0.002436609938847756,0.0024336462181619527,0.10277038452202603,0.1676927041956006
2014-07-14 00:00:00-04:00,20.059999465942383,20.139999389648438,20.010000228881836,20.100000381469727,8942300,0.0,0.0,0.0,-0.02284877590313006,-0.02311385478527836,0.20863213008406137,0.1931643045283492
2014-07-15 00:00:00-04:00,20.110000610351562,20.25,19.84000015258789,19.8799991607666,12137200,0.0,0.0,0.0,-0.010945334155612496,-0.011005675030155832,0.21840867891168356,0.19819332124082073
2014-07-16 00:00:00-04:00,19.90999984741211,20.0,19.84000015258789,19.90999984741211,4038300,0.0,0.0,0.0,0.0015090889291742293,0.0015079513987553883,0.21603946023399476,0.1980868800071614
2014-07-17 00:00:00-04:00,19.979999542236328,20.399999618530273,19.93000030517578,20.290000915527344,10098500,0.0,0.0,0.0,0.019085940282647762,0.01890608854759621,0.24988969868302938,0.206395719062469
2014-07-18 00:00:00-04:00,20.030000686645508,20.079999923706055,19.90999984741211,20.020000457763672,8499500,0.0,0.0,0.0,-0.01330706976740692,-0.01339640220742664,0.25658089730339717,0.14157203905228746
2014-07-21 00:00:00-04:00,20.149999618530273,20.149999618530273,20.040000915527344,20.100000381469727,3999400,0.0,0.0,0.0,0.003996000093747787,0.003988037291230692,0.20688296611837492,0.1409259078239071
2014-07-22 00:00:00-04:00,20.1299991607666,20.239999771118164,20.010000228881836,20.100000381469727,4043100,0.0,0.0,0.0,0.0,0.0,0.18344005971975094,0.14089657117088536
2014-07-23 00:00:00-04:00,20.100000381469727,20.18000030517578,20.06999969482422,20.079999923706055,2766600,0.0,0.0,0.0,-0.000995047631049295,-0.000995543019594053,0.18493840848102872,0.14086119578830328
2014-07-24 00:00:00-04:00,19.979999542236328,19.989999771118164,19.5,19.579999923706055,12425600,0.0,0.0,0.0,-0.024900398500983578,-0.02521565781818916,0.18886100502400877,0.16457715458419914
2014-07-25 00:00:00-04:00,19.600000381469727,19.899999618530273,19.56999969482422,19.8700008392334,6115500,0.0,0.0,0.0,0.014811078480967188,0.014702465594089713,0.23090548569490915,0.17406212817128813
2014-07-28 00:00:00-04:00,19.780000686645508,19.8700008392334,19.690000534057617,19.809999465942383,3646300,0.0,0.0,0.0,-0.003019696565515151,-0.0030242650484619544,0.2258593901843764,0.17398235563845804
2014-07-29 00:00:00-04:00,19.850000381469727,19.8700008392334,19.649999618530273,19.780000686645508,4417500,0.0,0.0,0.0,-0.0015143250936704433,-0.0015154728427716202,0.22492179828620265,0.17305834294722666
2014-07-30 00:00:00-04:00,19.790000915527344,19.84000015258789,19.65999984741211,19.780000686645508,3384300,0.0,0.0,0.0,0.0,0.0,0.22562490227959814,0.17307040946814137
2014-07-31 00:00:00-04:00,19.719999313354492,19.729999542236328,19.520000457763672,19.579999923706055,7280200,0.0,0.0,0.0,-0.010111261678291239,-0.010162727702856242,0.14484388233483833,0.1746778849015048
2014-08-01 00:00:00-04:00,19.68000030517578,19.719999313354492,19.43000030517578,19.520000457763672,6326900,0.0,0.0,0.0,-0.0030643241152283895,-0.0030690287698860908,0.06164206703337128,0.1746716175284101
2014-08-04 00:00:00-04:00,19.540000915527344,19.579999923706055,19.34000015258789,19.399999618530273,4032600,0.0,0.0,0.0,-0.0061475838329537735,-0.006166558030059634,0.0639298505404972,0.1747451238404603
2014-08-05 00:00:00-04:00,19.200000762939453,19.229999542236328,18.979999542236328,19.049999237060547,11457500,0.0,0.0,0.0,-0.018041257131542254,-0.01820598488250023,0.11103289557507212,0.18311943651426743
2014-08-06 00:00:00-04:00,19.209999084472656,19.31999969482422,19.18000030517578,19.229999542236328,5934200,0.0,0.0,0.0,0.009448835295783331,0.009404474272631014,0.16038986389209098,0.1872658027283694
2014-08-07 00:00:00-04:00,19.1299991607666,19.239999771118164,19.110000610351562,19.170000076293945,4341800,0.0,0.0,0.0,-0.003120097107158104,-0.0031249747586103395,0.15556187401819535,0.1788037167482045
2014-08-08 00:00:00-04:00,19.170000076293945,19.239999771118164,19.100000381469727,19.190000534057617,4128900,0.0,0.0,0.0,0.0010433206929616468,0.0010427768121893033,0.1600932364728158,0.1782746923826401
2014-08-11 00:00:00-04:00,19.139999389648438,19.299999237060547,19.139999389648438,19.229999542236328,3417700,0.0,0.0,0.0,0.002084367225926975,0.002082197946421111,0.16173227470437462,0.16357164555024836
2014-08-12 00:00:00-04:00,19.239999771118164,19.299999237060547,19.079999923706055,19.170000076293945,4295800,0.0,0.0,0.0,-0.003120097107158104,-0.0031249747586103395,0.08177829115234284,0.16032309776706144
2014-08-13 00:00:00-04:00,19.200000762939453,19.209999084472656,18.90999984741211,19.040000915527344,6749300,0.0,0.0,0.0,-0.006781385511174909,-0.00680448358977723,0.05685672071604339,0.16077564248284126
2014-08-14 00:00:00-04:00,19.100000381469727,19.18000030517578,19.049999237060547,19.100000381469727,3490000,0.0,0.0,0.0,0.00315123230343195,0.0031462775771836137,0.06567374921076109,0.14162674164423117
2014-08-15 00:00:00-04:00,18.829999923706055,18.979999542236328,18.739999771118164,18.860000610351562,11625600,0.0,0.0,0.0,-0.012565432791876052,-0.012645045457285162,0.10303261832248375,0.14093221350684926
2014-08-18 00:00:00-04:00,18.780000686645508,18.899999618530273,18.780000686645508,18.8700008392334,3162700,0.0,0.0,0.0,0.000530234812206043,0.0005300942873999072,0.09825701561912453,0.13919543154060518
2014-08-19 00:00:00-04:00,18.799999237060547,18.809999465942383,18.610000610351562,18.700000762939453,5988800,0.0,0.0,0.0,-0.009009012651472248,-0.009049839195494456,0.10454486381692588,0.14019080507615467
2014-08-20 00:00:00-04:00,18.799999237060547,18.81999969482422,18.639999389648438,18.719999313354492,4175400,0.0,0.0,0.0,0.0010694411550331573,0.0010688697102225618,0.11049650954769309,0.14088279022587266
2014-08-21 00:00:00-04:00,18.600000381469727,18.719999313354492,18.59000015258789,18.690000534057617,4113400,0.0,0.0,0.0,-0.0016024989528431455,-0.0016037843276815026,0.09718828387962497,0.11592479088871087
2014-08-22 00:00:00-04:00,18.65999984741211,18.75,18.540000915527344,18.690000534057617,4444900,0.0,0.0,0.0,0.0,0.0,0.06588997889925081,0.09736915701509669
2014-08-25 00:00:00-04:00,18.6200008392334,18.649999618530273,18.549999237060547,18.600000381469727,3202900,0.0,0.0,0.0,-0.004815417336339278,-0.004827048813702018,0.06488906273720897,0.09757298947812516
2014-08-26 00:00:00-04:00,18.799999237060547,18.809999465942383,18.610000610351562,18.6299991607666,4244700,0.0,0.0,0.0,0.0016128375635282577,0.0016115383377975406,0.041021244790007294,0.09888167207213051
2014-08-27 00:00:00-04:00,18.670000076293945,18.690000534057617,18.549999237060547,18.65999984741211,4091900,0.0,0.0,0.0,0.0016103428876521608,0.0016090476758478958,0.04267662142115516,0.09968554918325535
2014-08-28 00:00:00-04:00,18.84000015258789,18.8700008392334,18.739999771118164,18.739999771118164,5021800,0.0,0.0,0.0,0.004287241391223828,0.004278077354804962,0.05342810964991598,0.09895376903565012
2014-08-29 00:00:00-04:00,18.760000228881836,18.850000381469727,18.670000076293945,18.709999084472656,3906100,0.0,0.0,0.0,-0.0016008904488752362,-0.0016021732432481936,0.05560983373514729,0.09891497666146495
2014-09-02 00:00:00-04:00,18.450000762939453,18.510000228881836,18.31999969482422,18.40999984741211,9034000,0.0,0.0,0.0,-0.01603416631428456,-0.016164104396811832,0.12865467971122793,0.10989858592486872
2014-09-03 00:00:00-04:00,18.389999389648438,18.440000534057617,18.360000610351562,18.43000030517578,3465400,0.0,0.0,0.0,0.0010863909793288329,0.0010858012837035446,0.12776812431725926,0.09407018514727992
2014-09-04 00:00:00-04:00,18.520000457763672,18.579999923706055,18.260000228881836,18.31999969482422,5631200,0.0,0.0,0.0,-0.005968562589804716,-0.005986445652456822,0.12509053727875627,0.08550289397558819
2014-09-05 00:00:00-04:00,18.299999237060547,18.43000030517578,18.280000686645508,18.420000076293945,5331600,0.0,0.0,0.0,0.005458536197354702,0.005443692381151288,0.1299522997115014,0.08986527959422386
2014-09-08 00:00:00-04:00,18.350000381469727,18.3700008392334,18.149999618530273,18.260000228881836,6784000,0.0,0.0,0.0,-0.008686202320814629,-0.008724147267644297,0.13342087471385505,0.09213423270856348
2014-09-09 00:00:00-04:00,18.190000534057617,18.31999969482422,18.110000610351562,18.309999465942383,6185000,0.0,0.0,0.0,0.0027381838134625802,0.0027344418174566174,0.0951730797662881,0.09259048681379854
2014-09-10 00:00:00-04:00,18.239999771118164,18.290000915527344,18.1200008392334,18.239999771118164,4798900,0.0,0.0,0.0,-0.003823030959363094,-0.003830357421042169,0.0945308548670261,0.09269333989083788
2014-09-11 00:00:00-04:00,17.93000030517578,17.969999313354492,17.81999969482422,17.959999084472656,15720200,0.0,0.0,0.0,-0.015350915030649892,-0.01546996019969678,0.13415590042440795,0.10246010220860872
2014-09-12 00:00:00-04:00,17.799999237060547,17.920000076293945,17.760000228881836,17.889999389648438,7633600,0.0,0.0,0.0,-0.0038975333180688576,-0.003905148494427386,0.106483056779987,0.09996741659738644
2014-09-15 00:00:00-04:00,17.8700008392334,17.940000534057617,17.809999465942383,17.920000076293945,3558600,0.0,0.0,0.0,0.0016769529161004826,0.001675548400544145,0.11396385428429652,0.09502230909268186
2014-09-16 00:00:00-04:00,17.979999542236328,18.1200008392334,17.860000610351562,17.950000762939453,5954500,0.0,0.0,0.0,0.0016741454530011524,0.0016727456336186495,0.1103515741137681,0.09559688702178587
2014-09-17 00:00:00-04:00,17.920000076293945,18.030000686645508,17.739999771118164,17.770000457763672,8743500,0.0,0.0,0.0,-0.010027871728419013,-0.010078489510841239,0.11841975348326716,0.0965833128817108
2014-09-18 00:00:00-04:00,17.65999984741211,17.8700008392334,17.6299991607666,17.770000457763672,6335600,0.0,0.0,0.0,0.0,0.0,0.07897496631016772,0.09612828282867027
2014-09-19 00:00:00-04:00,17.6299991607666,17.639999389648438,17.079999923706055,17.190000534057617,20912700,0.0,0.0,0.0,-0.03263927455064608,-0.03318381746435479,0.23308311614840022,0.14342473193651936
2014-09-22 00:00:00-04:00,16.93000030517578,17.149999618530273,16.899999618530273,17.079999923706055,10500100,0.0,0.0,0.0,-0.006399104533686528,-0.006419666569116413,0.21887680064218,0.14277505953792274
2014-09-23 00:00:00-04:00,17.09000015258789,17.1299991607666,17.0,17.06999969482422,6461200,0.0,0.0,0.0,-0.0005854934968679837,-0.0005856649651177177,0.2121063345783414,0.14342144313117183
2014-09-24 00:00:00-04:00,16.8700008392334,17.079999923706055,16.81999969482422,16.989999771118164,8809900,0.0,0.0,0.0,-0.0046865802657460875,-0.004697596716168735,0.21531684907522614,0.14174318023149454
2014-09-25 00:00:00-04:00,16.709999084472656,16.93000030517578,16.6200008392334,16.829999923706055,12269700,0.0,0.0,0.0,-0.009417295442469498,-0.0094619185427753,0.20078725005148912,0.14077963545512587
2014-09-26 00:00:00-04:00,16.790000915527344,16.90999984741211,16.75,16.899999618530273,4732100,0.0,0.0,0.0,0.004159221339366637,0.004150595687350885,0.08397000750626145,0.14066698594914268
2014-09-29 00:00:00-04:00,16.809999465942383,16.8799991607666,16.729999542236328,16.780000686645508,4739600,0.0,0.0,0.0,-0.007100528674165774,-0.007125857397323772,0.0856858708373246,0.1401979781827478
2014-09-30 00:00:00-04:00,16.579999923706055,16.690000534057617,16.18000030517578,16.350000381469727,18837600,0.0,0.0,0.0,-0.025625762072703617,-0.025959821284786664,0.17223729255337808,0.15337064456441288
2014-10-01 00:00:00-04:00,16.450000762939453,16.729999542236328,16.440000534057617,16.479999542236328,11171200,0.0,0.0,0.0,0.007951018821622524,0.007919576029659526,0.2093841104217298,0.15932090892146944
2014-10-02 00:00:00-04:00,16.389999389648438,16.450000762939453,16.25,16.40999984741211,8323200,0.0,0.0,0.0,-0.004247554415570121,-0.00425660090087385,0.20728499330128677,0.15937482987812907
2014-10-03 00:00:00-04:00,16.170000076293945,16.290000915527344,16.040000915527344,16.1200008392334,12037500,0.0,0.0,0.0,-0.017672090851630573,-0.017830106663423502,0.20461762564284344,0.15954232082910505
2014-10-06 00:00:00-04:00,16.360000610351562,16.649999618530273,16.309999465942383,16.600000381469727,8483800,0.0,0.0,0.0,0.029776644990494594,0.029341929202495187,0.3475768598368271,0.20484997764994903
2014-10-07 00:00:00-04:00,16.59000015258789,16.6299991607666,16.389999389648438,16.479999542236328,7987200,0.0,0.0,0.0,-0.007228966052757024,-0.007255221638197869,0.2881288470907578,0.20311402058556557
2014-10-08 00:00:00-04:00,16.6200008392334,16.739999771118164,16.350000381469727,16.68000030517578,9533800,0.0,0.0,0.0,0.01213596896206659,0.012062918522107176,0.29527745759242746,0.21221679347532565
2014-10-09 00:00:00-04:00,16.780000686645508,16.969999313354492,16.610000610351562,16.6200008392334,7293300,0.0,0.0,0.0,-0.003597090218503518,-0.0036035753038188615,0.2943683994125995,0.20821775347691027
2014-10-10 00:00:00-04:00,16.6299991607666,16.68000030517578,16.530000686645508,16.639999389648438,5032900,0.0,0.0,0.0,0.0012032821543443983,0.0012025587905885667,0.23706339634498752,0.2089679008772543
2014-10-13 00:00:00-04:00,16.670000076293945,16.739999771118164,16.56999969482422,16.729999542236328,4813600,0.0,0.0,0.0,0.005408663214487852,0.005394088923606539,0.12053893106691224,0.2106151107323053
2014-10-14 00:00:00-04:00,16.739999771118164,16.770000457763672,16.610000610351562,16.68000030517578,4811700,0.0,0.0,0.0,-0.00298859763470527,-0.0029930724103763022,0.1035713076747724,0.2097897833903043
2014-10-15 00:00:00-04:00,16.75,17.09000015258789,16.68000030517578,16.709999084472656,10039000,0.0,0.0,0.0,0.0017984879345336324,0.001796872591601488,0.05893961241489375,0.20916733124069184
2014-10-16 00:00:00-04:00,16.549999237060547,16.75,16.5,16.670000076293945,5704100,0.0,0.0,0.0,-0.002393716958122294,-0.002396586478688068,0.05427815566570215,0.20888623016448324
2014-10-17 00:00:00-04:00,16.639999389648438,16.65999984741211,16.520000457763672,16.579999923706055,5572000,0.0,0.0,0.0,-0.005398929344690218,-0.005413556233840005,0.06816035814590721,0.17788711178493713
2014-10-20 00:00:00-04:00,16.709999084472656,16.809999465942383,16.6299991607666,16.729999542236328,4520500,0.0,0.0,0.0,0.009047021665893107,0.009006342531302957,0.09011225900732403,0.18095087672075394
2014-10-21 00:00:00-04:00,16.790000915527344,16.90999984741211,16.770000457763672,16.809999465942383,4743100,0.0,0.0,0.0,0.004781824620143427,0.004770428013403733,0.09069015431365167,0.18210268956538575
2014-10-22 00:00:00-04:00,16.559999465942383,16.56999969482422,16.420000076293945,16.459999084472656,6514900,0.0,0.0,0.0,-0.020820963271226733,-0.021040776022713856,0.18262367942296603,0.19530890238028542
2014-10-23 00:00:00-04:00,16.450000762939453,16.549999237060547,16.399999618530273,16.5,5527200,0.0,0.0,0.0,0.0024301894138669677,0.0024272412789581284,0.18672589932994765,0.1934672439985397
2014-10-24 00:00:00-04:00,16.6299991607666,16.639999389648438,16.43000030517578,16.5,3286600,0.0,0.0,0.0,0.0,0.0,0.18444008301521167,0.19258052582531301
2014-10-27 00:00:00-04:00,16.469999313354492,16.530000686645508,16.420000076293945,16.420000076293945,2937700,0.0,0.0,0.0,-0.004848480224609375,-0.004860272235849283,0.16221086809274127,0.1918184453445929
2014-10-28 00:00:00-04:00,16.610000610351562,16.639999389648438,16.469999313354492,16.489999771118164,3376100,0.0,0.0,0.0,0.0042630751826413515,0.004254014020783174,0.16053688753338757,0.1689307071685995
2014-10-29 00:00:00-04:00,16.530000686645508,16.610000610351562,16.329999923706055,16.3799991607666,5695000,0.0,0.0,0.0,-0.00667074662694811,-0.006693095501796975,0.0742157730314787,0.16832613746366049
2014-10-30 00:00:00-04:00,15.970000267028809,15.989999771118164,15.680000305175781,15.819999694824219,16508500,0.0,0.0,0.0,-0.03418800333541494,-0.0347860841406687,0.2396309946525232,0.206888222935641
2014-10-31 00:00:00-04:00,15.220000267028809,15.5,15.210000038146973,15.5,14866500,0.0,0.0,0.0,-0.020227541150263817,-0.020434919123802135,0.23857671633245045,0.2096770181792926
2014-11-03 00:00:00-05:00,15.40999984741211,15.5600004196167,15.350000381469727,15.479999542236328,10352900,0.0,0.0,0.0,-0.0012903521137852536,-0.0012911853349169208,0.2468056295645495,0.17332285404668046
2014-11-04 00:00:00-05:00,15.329999923706055,15.430000305175781,15.279999732971191,15.359999656677246,6149300,0.0,0.0,0.0,-0.007751930820906638,-0.0077821332224999465,0.2100938661302625,0.17348477954312597
2014-11-05 00:00:00-05:00,14.710000038146973,14.960000038146973,14.640000343322754,14.65999984741211,15938900,0.0,0.0,0.0,-0.04557290526766611,-0.046644019317729574,0.29045144102149395,0.21952588087849767
2014-11-06 00:00:00-05:00,14.680000305175781,14.84000015258789,14.680000305175781,14.819999694824219,8912600,0.0,0.0,0.0,0.010914041546893571,0.010854913225728175,0.34135188634622626,0.22781785005425606
2014-11-07 00:00:00-05:00,14.930000305175781,15.149999618530273,14.90999984741211,15.100000381469727,9881500,0.0,0.0,0.0,0.018893434035851975,0.018717169807991485,0.39619864747407557,0.24298904558809653
2014-11-10 00:00:00-05:00,15.050000190734863,15.069999694824219,14.859999656677246,14.920000076293945,7315800,0.0,0.0,0.0,-0.0119205497104935,-0.011992169194624099,0.3971793213827737,0.2411774856761736
2014-11-11 00:00:00-05:00,14.9399995803833,15.239999771118164,14.869999885559082,15.109999656677246,8097400,0.0,0.0,0.0,0.012734556260839858,0.012654153673939088,0.42093849632549624,0.2497389102611944
2014-11-12 00:00:00-05:00,14.989999771118164,15.09000015258789,14.960000038146973,15.029999732971191,9467400,0.0,0.0,0.0,-0.005294502020104397,-0.00530856756459393,0.20699152241318244,0.24851527243526678
2014-11-13 00:00:00-05:00,15.050000190734863,15.09000015258789,14.930000305175781,14.970000267028809,6756800,0.0,0.0,0.0,-0.003991980506211301,-0.0039999697293625226,0.20750700201626626,0.24834352121694708
2014-11-14 00:00:00-05:00,14.800000190734863,15.720000267028809,14.770000457763672,15.630000114440918,22214500,0.0,0.0,0.0,0.04408816537336668,0.04314393548612838,0.3583480678656823,0.3038590631353445
2014-11-17 00:00:00-05:00,15.470000267028809,15.529999732971191,15.380000114440918,15.5,8246200,0.0,0.0,0.0,-0.008317345712672619,-0.008352127830060011,0.3470184148265701,0.3011408926441262
2014-11-18 00:00:00-05:00,15.5600004196167,15.59000015258789,15.470000267028809,15.550000190734863,5979300,0.0,0.0,0.0,0.0032258187570879393,0.003220626965949721,0.345136358506378,0.3006139595831083
2014-11-19 00:00:00-05:00,15.579999923706055,15.869999885559082,15.239999771118164,15.479999542236328,19599900,0.0,0.0,0.0,-0.004501649365910798,-0.004511812300866635,0.34355241938353875,0.29380326517504873
2014-11-20 00:00:00-05:00,15.520000457763672,15.609999656677246,15.460000038146973,15.600000381469727,5925900,0.0,0.0,0.0,0.007751992427776466,0.007722100118394724,0.33173042471162295,0.2956853908969553
2014-11-21 00:00:00-05:00,15.789999961853027,15.930000305175781,15.609999656677246,15.789999961853027,9215900,0.0,0.0,0.0,0.012179459983154173,0.012105887142977625,0.1344435011520184,0.3002504119577854
2014-11-24 00:00:00-05:00,15.779999732971191,15.8100004196167,15.649999618530273,15.779999732971191,4993300,0.0,0.0,0.0,-0.0006333267198224135,-0.0006335273559060348,0.10486307005805379,0.3000976882653301
2014-11-25 00:00:00-05:00,15.920000076293945,16.0,15.819999694824219,15.979999542236328,7144200,0.0,0.0,0.0,0.012674259356750817,0.012594613196340775,0.12265745636635296,0.3038195001289778
2014-11-26 00:00:00-05:00,15.899999618530273,15.970000267028809,15.850000381469727,15.869999885559082,3791900,0.0,0.0,0.0,-0.0068835832182916334,-0.006907384364921423,0.13539119829048446,0.3038694544357806
2014-11-28 00:00:00-05:00,15.199999809265137,15.239999771118164,14.800000190734863,14.829999923706055,13579400,0.0,0.0,0.0,-0.06553244923456969,-0.06777837632189714,0.5135776761064342,0.3632806636302902
2014-12-01 00:00:00-05:00,15.260000228881836,16.09000015258789,15.220000267028809,15.779999732971191,24697300,0.0,0.0,0.0,0.06405932664548053,0.06209114749047777,0.7362335162829617,0.4276777595284252
2014-12-02 00:00:00-05:00,15.65999984741211,15.829999923706055,15.520000457763672,15.75,8868000,0.0,0.0,0.0,-0.0019011237946037207,-0.0019029332241082715,0.7364371483797694,0.4277312083219605
2014-12-03 00:00:00-05:00,15.789999961853027,15.890000343322754,15.630000114440918,15.729999542236328,5854400,0.0,0.0,0.0,-0.0012698703342013395,-0.0012706773027701557,0.7285055455271863,0.4265469163660971
2014-12-04 00:00:00-05:00,15.880000114440918,15.920000076293945,15.75,15.770000457763672,6370900,0.0,0.0,0.0,0.002542969910452886,0.002539742033574589,0.7278470429178268,0.3885708854868936
2014-12-05 00:00:00-05:00,15.6899995803833,15.710000038146973,15.539999961853027,15.609999656677246,6654100,0.0,0.0,0.0,-0.010145897047685648,-0.01019771746887621,0.4795548792812619,0.39074313054829724
2014-12-08 00:00:00-05:00,15.609999656677246,15.739999771118164,15.529999732971191,15.710000038146973,6494600,0.0,0.0,0.0,0.006406174482326277,0.006385742162156534,0.09781080125523244,0.3864495297541186
2014-12-09 00:00:00-05:00,16.020000457763672,16.479999542236328,16.020000457763672,16.31999969482422,15014100,0.0,0.0,0.0,0.03882874953507609,0.03809387614073764,0.29648469755504175,0.40336081490783243
2014-12-10 00:00:00-05:00,16.420000076293945,16.479999542236328,16.329999923706055,16.3700008392334,7285300,0.0,0.0,0.0,0.003063795670599001,0.0030591118131263004,0.29014697950427565,0.4022973388115477
2014-12-11 00:00:00-05:00,16.280000686645508,16.489999771118164,16.270000457763672,16.329999923706055,5315600,0.0,0.0,0.0,-0.0024435499985726583,-0.0024465403392282706,0.2982525417279491,0.4015204284353523
2014-12-12 00:00:00-05:00,16.360000610351562,16.43000030517578,16.280000686645508,16.299999237060547,5443800,0.0,0.0,0.0,-0.0018371516708922675,-0.0018388413037482105,0.2726451447579756,0.4009913311225126
2014-12-15 00:00:00-05:00,16.1299991607666,16.190000534057617,15.4399995803833,15.470000267028809,13477800,0.0,0.0,0.0,-0.050920184593911455,-0.052262379160565975,0.5072301183897171,0.41824491444371464
2014-12-16 00:00:00-05:00,15.600000381469727,15.619999885559082,14.880000114440918,15.079999923706055,14706400,0.0,0.0,0.0,-0.025210105791268922,-0.025533324325518452,0.3594296541411463,0.42681328200239327
2014-12-17 00:00:00-05:00,15.140000343322754,15.380000114440918,14.960000038146973,15.100000381469727,15472600,0.0,0.0,0.0,0.0013262903093407274,0.0013254115632442087,0.3539554055380297,0.42661544306824295
2014-12-18 00:00:00-05:00,15.390000343322754,15.430000305175781,15.170000076293945,15.25,5949700,0.0,0.0,0.0,0.009933749320585994,0.009884733969646486,0.3922523657188575,0.428173233158928
2014-12-19 00:00:00-05:00,15.270000457763672,15.430000305175781,15.220000267028809,15.390000343322754,4809500,0.0,0.0,0.0,0.009180350381819968,0.009138467105538162,0.4194640746046258,0.4285637822827409
2014-12-22 00:00:00-05:00,15.3100004196167,15.3100004196167,14.869999885559082,14.989999771118164,10941000,0.0,0.0,0.0,-0.02599093978436051,-0.026334673313420872,0.2869020379248039,0.4351547794895381
2014-12-23 00:00:00-05:00,15.039999961853027,15.15999984741211,15.0,15.039999961853027,4722600,0.0,0.0,0.0,0.0033355698130963507,0.0033300191397880336,0.23416795952962366,0.4355766981923647
2014-12-24 00:00:00-05:00,15.079999923706055,15.130000114440918,15.020000457763672,15.09000015258789,2615000,0.0,0.0,0.0,0.003324480775377836,0.0033189669062865237,0.2355447417830089,0.4326423173831934
2014-12-26 00:00:00-05:00,15.5,15.510000228881836,15.350000381469727,15.350000381469727,4817500,0.0,0.0,0.0,0.01722996860521886,0.017083215993041523,0.2594928718188742,0.43784260691523047
2014-12-29 00:00:00-05:00,15.399999618530273,15.40999984741211,15.050000190734863,15.109999656677246,6973300,0.0,0.0,0.0,-0.015635225982287615,-0.01575874532156471,0.27220558413170903,0.3715652040257624
2014-12-30 00:00:00-05:00,15.329999923706055,15.770000457763672,15.319999694824219,15.579999923706055,11589900,0.0,0.0,0.0,0.0311052467046955,0.030631281982597555,0.2773731427648408,0.3111110405020966
2014-12-31 00:00:00-05:00,15.329999923706055,15.359999656677246,14.90999984741211,15.0600004196167,12808700,0.0,0.0,0.0,-0.03337609156840493,-0.03394578531094478,0.4072423427871223,0.33238671712349827
2015-01-02 00:00:00-05:00,14.960000038146973,15.390000343322754,14.890000343322754,15.109999656677246,8759900,0.0,0.0,0.0,0.003320002368354391,0.0033145033283472607,0.4072404077679022,0.3329243554771721
2015-01-05 00:00:00-05:00,15.34000015258789,15.569999694824219,15.229999542236328,15.5,9535900,0.0,0.0,0.0,0.02581074468459099,0.025483270362111825,0.4331427496849285,0.34689979898186546
2015-01-06 00:00:00-05:00,15.59000015258789,16.010000228881836,15.539999961853027,15.829999923706055,9969900,0.0,0.0,0.0,0.021290317658455127,0.021066845148140202,0.4161048662326438,0.35335531246192387
2015-01-07 00:00:00-05:00,15.699999809265137,15.949999809265137,15.680000305175781,15.850000381469727,8129300,0.0,0.0,0.0,0.001263452802278353,0.0012626553174388542,0.3705103582966276,0.3527706627382696
2015-01-08 00:00:00-05:00,15.84000015258789,15.949999809265137,15.609999656677246,15.640000343322754,5063800,0.0,0.0,0.0,-0.013249213444340602,-0.013337767322032436,0.2525217140734738,0.3254530202394424
2015-01-09 00:00:00-05:00,15.710000038146973,15.920000076293945,15.680000305175781,15.770000457763672,4402100,0.0,0.0,0.0,0.008312027595090088,0.008277672933698835,0.24955228167943833,0.327049069356483
2015-01-12 00:00:00-05:00,15.819999694824219,15.9399995803833,15.760000228881836,15.869999885559082,5517200,0.0,0.0,0.0,0.006341117621602832,0.00632109732472332,0.19841878675958183,0.3282547891100431
2015-01-13 00:00:00-05:00,16.360000610351562,16.469999313354492,16.18000030517578,16.290000915527344,15538500,0.0,0.0,0.0,0.02646509344656267,0.026120951488583684,0.22688588114465308,0.3426111556875802
2015-01-14 00:00:00-05:00,16.229999542236328,16.360000610351562,16.1200008392334,16.1299991607666,7356600,0.0,0.0,0.0,-0.009822083840905771,-0.009870638707986266,0.2530698933034125,0.2879965844462314
2015-01-15 00:00:00-05:00,16.329999923706055,16.479999542236328,16.110000610351562,16.149999618530273,10896800,0.0,0.0,0.0,0.001239954048622538,0.0012391859404814911,0.20939792002840082,0.2692434204988503
2015-01-16 00:00:00-05:00,16.420000076293945,17.09000015258789,16.399999618530273,16.950000762939453,22232400,0.0,0.0,0.0,0.04953567574647311,0.048347852789386685,0.37265424809379105,0.31449426372168066
2015-01-20 00:00:00-05:00,17.059999465942383,17.260000228881836,17.010000228881836,17.18000030517578,10879700,0.0,0.0,0.0,0.013569293916447123,0.013478055481906876,0.3658472976561618,0.31536391691822335
2015-01-21 00:00:00-05:00,17.649999618530273,17.690000534057617,17.239999771118164,17.3700008392334,13769400,0.0,0.0,0.0,0.011059402251603956,0.010998694248576553,0.35478939174714047,0.3156727925889104
2015-01-22 00:00:00-05:00,17.579999923706055,17.690000534057617,17.399999618530273,17.610000610351562,8313100,0.0,0.0,0.0,0.013816911889611427,0.013722328599368602,0.2927736534413936,0.2925137421037582
2015-01-23 00:00:00-05:00,17.479999542236328,17.56999969482422,17.329999923706055,17.510000228881836,6373900,0.0,0.0,0.0,-0.005678613174547209,-0.005694797798234382,0.32031781941687076,0.2962472878673242
2015-01-26 00:00:00-05:00,17.360000610351562,17.3799991607666,17.110000610351562,17.1299991607666,8168800,0.0,0.0,0.0,-0.021701945353972185,-0.021940896025251264,0.2479775446886953,0.3140424371159955
2015-01-27 00:00:00-05:00,17.190000534057617,17.43000030517578,17.18000030517578,17.329999923706055,5612200,0.0,0.0,0.0,0.011675468344302109,0.011607835981092513,0.24282455932379093,0.31214906122106156
2015-01-28 00:00:00-05:00,17.229999542236328,17.389999389648438,17.18000030517578,17.229999542236328,5283500,0.0,0.0,0.0,-0.005770362487592107,-0.005787075353084203,0.23168232801662103,0.3048472580340848
2015-01-29 00:00:00-05:00,16.729999542236328,16.739999771118164,16.030000686645508,16.239999771118164,17828100,0.0,0.0,0.0,-0.0574579104712889,-0.05917470333218745,0.41457630816226676,0.3668333148804439
2015-01-30 00:00:00-05:00,16.170000076293945,16.600000381469727,16.110000610351562,16.540000915527344,8491000,0.0,0.0,0.0,0.01847297713283913,0.018304424308039215,0.48169662681704256,0.345438436593417
2015-02-02 00:00:00-05:00,16.399999618530273,16.610000610351562,16.350000381469727,16.469999313354492,5852000,0.0,0.0,0.0,-0.004232261082110056,-0.0042412424489943505,0.4730330091958055,0.3469406776644723
2015-02-03 00:00:00-05:00,16.579999923706055,16.75,16.350000381469727,16.549999237060547,7277200,0.0,0.0,0.0,0.004857311902932926,0.004845553225142598,0.45788870134217186,0.33775887898575413
2015-02-04 00:00:00-05:00,16.68000030517578,16.920000076293945,16.6200008392334,16.6299991607666,6890000,0.0,0.0,0.0,0.004833832470935162,0.004822187015797881,0.4684146453396282,0.33125072464750277
2015-02-05 00:00:00-05:00,16.389999389648438,16.600000381469727,16.270000457763672,16.579999923706055,6264400,0.0,0.0,0.0,-0.0030065688264437895,-0.0030110976342240417,0.14365952141723679,0.3318385648586476
2015-02-06 00:00:00-05:00,16.18000030517578,16.25,15.850000381469727,16.030000686645508,12120100,0.0,0.0,0.0,-0.03317245112131506,-0.0337351356490948,0.24918136917382067,0.3513146327295517
2015-02-09 00:00:00-05:00,16.229999542236328,16.399999618530273,16.219999313354492,16.31999969482422,3944100,0.0,0.0,0.0,0.018091016578702268,0.01792932137997525,0.30427686487566186,0.355531343723606
2015-02-10 00:00:00-05:00,16.219999313354492,16.3799991607666,16.1299991607666,16.190000534057617,5525900,0.0,0.0,0.0,-0.007965634999848037,-0.007997530160039276,0.30051674994446875,0.3568154841915953
2015-02-11 00:00:00-05:00,16.219999313354492,16.229999542236328,16.020000457763672,16.079999923706055,4646100,0.0,0.0,0.0,-0.006794354955094839,-0.006817541670253108,0.2895251215372789,0.34496498704515044
2015-02-12 00:00:00-05:00,16.149999618530273,16.219999313354492,16.030000686645508,16.149999618530273,4937100,0.0,0.0,0.0,0.004353214872906852,0.004343767042076771,0.29976473711426055,0.34350875440061773
2015-02-13 00:00:00-05:00,16.520000457763672,16.700000762939453,16.479999542236328,16.540000915527344,7132100,0.0,0.0,0.0,0.024148687690963788,0.0238617188996133,0.22954203561994635,0.35382258777162673
2015-02-17 00:00:00-05:00,15.75,15.84000015258789,15.609999656677246,15.829999923706055,15675200,0.0,0.0,0.0,-0.042926297008530234,-0.0438748758745208,0.38754982563111723,0.33900895293982375
2015-02-18 00:00:00-05:00,15.739999771118164,15.899999618530273,15.569999694824219,15.75,10134400,0.0,0.0,0.0,-0.00505369071962225,-0.005066503801699054,0.38709324217185465,0.3331923923286363
2015-02-19 00:00:00-05:00,15.800000190734863,15.859999656677246,15.649999618530273,15.699999809265137,7418300,0.0,0.0,0.0,-0.0031746152847532683,-0.00317966506609722,0.3870390565700275,0.32838647232556095
2015-02-20 00:00:00-05:00,15.729999542236328,15.789999961853027,15.5,15.539999961853027,7582800,0.0,0.0,0.0,-0.010191073207382328,-0.010243357720803674,0.37971103132129363,0.3212821611784388
2015-02-23 00:00:00-05:00,15.710000038146973,15.899999618530273,15.5600004196167,15.630000114440918,6310500,0.0,0.0,0.0,0.0057915156247632105,0.005774809270519787,0.2968184498126646,0.3240189247866689
2015-02-24 00:00:00-05:00,15.569999694824219,15.789999961853027,15.399999618530273,15.5600004196167,8074700,0.0,0.0,0.0,-0.004478547300811875,-0.004488606037361588,0.09206842519440306,0.31828605638680196
2015-02-25 00:00:00-05:00,15.829999923706055,15.859999656677246,15.739999771118164,15.829999923706055,5359400,0.0,0.0,0.0,0.017352152751163308,0.017203323355441696,0.17079222158459653,0.3227426658596714
2015-02-26 00:00:00-05:00,16.010000228881836,16.030000686645508,15.8100004196167,15.84000015258789,3976000,0.0,0.0,0.0,0.0006317264011390655,0.0006315269460124098,0.16694108855729262,0.3231598704616905
2015-02-27 00:00:00-05:00,15.9399995803833,15.960000038146973,15.84000015258789,15.869999885559082,4137600,0.0,0.0,0.0,0.001893922517815838,0.0018921313078161456,0.13014979316292016,0.25425968701982243
2015-03-02 00:00:00-05:00,15.859999656677246,15.899999618530273,15.649999618530273,15.65999984741211,6431100,0.0,0.0,0.0,-0.01323251667683134,-0.013320846508311583,0.17735831813788325,0.24680498707269252
2015-03-03 00:00:00-05:00,15.75,15.850000381469727,15.489999771118164,15.579999923706055,6843900,0.0,0.0,0.0,-0.005108552010572032,-0.0051216452731715385,0.17851018514078457,0.24690078848029215
2015-03-04 00:00:00-05:00,15.59000015258789,15.619999885559082,15.390000343322754,15.489999771118164,6200700,0.0,0.0,0.0,-0.005776646535854524,-0.005793395893012433,0.09567897945504945,0.24548937182972083
2015-03-05 00:00:00-05:00,15.550000190734863,15.65999984741211,15.460000038146973,15.529999732971191,4671900,0.0,0.0,0.0,0.0025823087439684755,0.0025789803135358655,0.10277567866174313,0.2446420453191111
2015-03-06 00:00:00-05:00,15.210000038146973,15.260000228881836,15.100000381469727,15.1899995803833,9729800,0.0,0.0,0.0,-0.021893120311267555,-0.022136330983064705,0.14707200251341462,0.2533697993053904
2015-03-09 00:00:00-04:00,15.15999984741211,15.199999809265137,15.100000381469727,15.100000381469727,4081100,0.0,0.0,0.0,-0.005924898051333782,-0.0059425198993711395,0.14189812257422635,0.22944190983791368
2015-03-10 00:00:00-04:00,15.100000381469727,15.170000076293945,14.979999542236328,15.020000457763672,5890800,0.0,0.0,0.0,-0.005298008058610915,-0.005312092270843689,0.14172643738902305,0.21569214357861194
2015-03-11 00:00:00-04:00,14.960000038146973,14.960000038146973,14.630000114440918,14.84000015258789,10644800,0.0,0.0,0.0,-0.01198404125765129,-0.012056428791493204,0.14445270562312715,0.21712576618247148
2015-03-12 00:00:00-04:00,14.960000038146973,14.979999542236328,14.819999694824219,14.920000076293945,3716600,0.0,0.0,0.0,0.005390830382983713,0.005376351867712715,0.15870451709678443,0.2195298663682697
2015-03-13 00:00:00-04:00,14.920000076293945,14.949999809265137,14.819999694824219,14.899999618530273,3739300,0.0,0.0,0.0,-0.0013405132480830417,-0.0013414125397319399,0.10172490754699584,0.21770129574575875
2015-03-16 00:00:00-04:00,15.039999961853027,15.039999961853027,14.84000015258789,14.989999771118164,4686600,0.0,0.0,0.0,0.006040278851817016,0.006022109496119746,0.1200300005455118,0.19503385259398195
2015-03-17 00:00:00-04:00,14.760000228881836,15.069999694824219,14.75,14.899999618530273,5200400,0.0,0.0,0.0,-0.006004012939432979,-0.006022109496119802,0.12155521357287603,0.13382125064407763
2015-03-18 00:00:00-04:00,14.859999656677246,15.380000114440918,14.8100004196167,15.359999656677246,10475100,0.0,0.0,0.0,0.03087248657207331,0.03040551801836605,0.22618726750011112,0.1794521577531241
2015-03-19 00:00:00-04:00,15.25,15.5,15.220000267028809,15.4399995803833,6068700,0.0,0.0,0.0,0.005208328482694924,0.005194812051598424,0.22627234397729903,0.18068696855795116
2015-03-20 00:00:00-04:00,15.609999656677246,16.170000076293945,15.59000015258789,16.0,14795300,0.0,0.0,0.0,0.036269458214764905,0.03562720482039889,0.2884055189837171,0.21963454224552004
2015-03-23 00:00:00-04:00,16.1200008392334,16.360000610351562,16.079999923706055,16.299999237060547,10524000,0.0,0.0,0.0,0.01874995231628418,0.018576338766832897,0.2789407291340779,0.2276252390894906
2015-03-24 00:00:00-04:00,16.219999313354492,16.280000686645508,16.079999923706055,16.280000686645508,5265800,0.0,0.0,0.0,-0.0012269049908646412,-0.001227658254978314,0.2551470948829665,0.22665090465401402
2015-03-25 00:00:00-04:00,16.360000610351562,16.389999389648438,16.209999084472656,16.239999771118164,3933700,0.0,0.0,0.0,-0.0024570585896938058,-0.002460082111813139,0.2586940556830775,0.22008438128164
2015-03-26 00:00:00-04:00,16.350000381469727,16.40999984741211,16.260000228881836,16.299999237060547,5380200,0.0,0.0,0.0,0.003694548447536805,0.003687740366791444,0.2611545141508619,0.22021666828574324
2015-03-27 00:00:00-04:00,16.350000381469727,16.360000610351562,16.1299991607666,16.219999313354492,5036600,0.0,0.0,0.0,-0.004907971009235568,-0.004920054652610078,0.1502768263749494,0.2213851096036705
2015-03-30 00:00:00-04:00,16.059999465942383,16.06999969482422,15.90999984741211,15.979999542236328,6812500,0.0,0.0,0.0,-0.01479653398755476,-0.014907094661912954,0.10843800112885149,0.2228009001970081
2015-03-31 00:00:00-04:00,15.9399995803833,16.110000610351562,15.850000381469727,15.930000305175781,5294300,0.0,0.0,0.0,-0.003128863485158173,-0.0031337686128347165,0.10626018219828759,0.2221786478755942
2015-04-01 00:00:00-04:00,16.0,16.350000381469727,16.0,16.229999542236328,6478100,0.0,0.0,0.0,0.018832343459721956,0.0186572102424572,0.19781182260472233,0.22899216857134994
2015-04-02 00:00:00-04:00,16.049999237060547,16.1299991607666,15.880000114440918,16.020000457763672,5718500,0.0,0.0,0.0,-0.012938945803797619,-0.013023383106989627,0.2126082534979022,0.23539706972112795
2015-04-06 00:00:00-04:00,16.450000762939453,16.56999969482422,16.239999771118164,16.270000457763672,5948500,0.0,0.0,0.0,0.015605492687663647,0.01548497915166576,0.24996403993112057,0.222941810205844
2015-04-07 00:00:00-04:00,16.139999389648438,16.170000076293945,16.059999465942383,16.149999618530273,3090100,0.0,0.0,0.0,-0.007375589173762909,-0.007402923318141203,0.22528640087404378,0.2238158031880489
2015-04-08 00:00:00-04:00,16.079999923706055,16.100000381469727,15.680000305175781,15.8100004196167,6865700,0.0,0.0,0.0,-0.021052582473343517,-0.021277348285647812,0.2810295065471442,0.23849757580203254
2015-04-09 00:00:00-04:00,15.5,15.579999923706055,15.4399995803833,15.510000228881836,8648800,0.0,0.0,0.0,-0.018975343628873653,-0.01915768581710428,0.23389225670527722,0.24538759883450156
2015-04-10 00:00:00-04:00,15.880000114440918,15.949999809265137,15.680000305175781,15.770000457763672,6341700,0.0,0.0,0.0,0.01676339297517737,0.016624438056949745,0.2902267443682689,0.2505397874140306
2015-04-13 00:00:00-04:00,15.630000114440918,15.65999984741211,15.579999923706055,15.600000381469727,3809700,0.0,0.0,0.0,-0.010779966478076664,-0.010838491293767778,0.23966938537222557,0.25485796302729213
2015-04-14 00:00:00-04:00,15.529999732971191,15.65999984741211,15.489999771118164,15.510000228881836,4084400,0.0,0.0,0.0,-0.005769240409429499,-0.005785946763181942,0.2403233865841621,0.2560773715759744
2015-04-15 00:00:00-04:00,15.520000457763672,15.699999809265137,15.470000267028809,15.630000114440918,3591200,0.0,0.0,0.0,0.007736936414457718,0.007707159809764324,0.22813500380395485,0.2551460569344667
2015-04-16 00:00:00-04:00,15.6899995803833,15.729999542236328,15.4399995803833,15.569999694824219,5129000,0.0,0.0,0.0,-0.0038387984118607443,-0.003846185509597039,0.1777869533379944,0.23274772978498634
2015-04-17 00:00:00-04:00,15.609999656677246,15.649999618530273,15.520000457763672,15.5600004196167,3606800,0.0,0.0,0.0,-0.0006422142198784231,-0.0006424205277644977,0.10916495624100914,0.23219741669927688
2015-04-20 00:00:00-04:00,15.359999656677246,15.359999656677246,15.180000305175781,15.289999961853027,6082300,0.0,0.0,0.0,-0.017352214041284952,-0.017504528271825328,0.14428884215923102,0.19811446544595598
2015-04-21 00:00:00-04:00,15.279999732971191,15.399999618530273,15.239999771118164,15.319999694824219,3319500,0.0,0.0,0.0,0.0019620492508853893,0.0019601269462807876,0.14860057324720352,0.18295932513918114
2015-04-22 00:00:00-04:00,15.25,15.279999732971191,15.020000457763672,15.109999656677246,6213200,0.0,0.0,0.0,-0.013707574564634006,-0.013802390829265805,0.13340464200068983,0.18665221890114084
2015-04-23 00:00:00-04:00,15.109999656677246,15.25,15.069999694824219,15.210000038146973,4905100,0.0,0.0,0.0,0.006618159082851793,0.0065963552161315735,0.16461634316378887,0.19017229830169616
2015-04-24 00:00:00-04:00,15.119999885559082,15.149999618530273,14.930000305175781,15.0600004196167,6116500,0.0,0.0,0.0,-0.009861907833929706,-0.009910858544478913,0.16357474030814165,0.18973889690364434
2015-04-27 00:00:00-04:00,15.3100004196167,15.760000228881836,15.279999732971191,15.65999984741211,11179200,0.0,0.0,0.0,0.03984059834512821,0.0390674305841164,0.33642723833782867,0.24497318775486157
2015-04-28 00:00:00-04:00,15.720000267028809,15.960000038146973,15.710000038146973,15.869999885559082,7710700,0.0,0.0,0.0,0.013409964252437456,0.013320846508311609,0.33977828672099814,0.24534642974126855
2015-04-29 00:00:00-04:00,15.9399995803833,15.989999771118164,15.779999732971191,15.8100004196167,6738000,0.0,0.0,0.0,-0.0037806847117232145,-0.0037878495645687076,0.3069039843168221,0.24545936439253033
2015-04-30 00:00:00-04:00,15.289999961853027,15.489999771118164,15.130000114440918,15.430000305175781,11330200,0.0,0.0,0.0,-0.02403542722044605,-0.02432899160945132,0.38948002048410163,0.2483711736762999
2015-05-01 00:00:00-04:00,15.350000381469727,15.489999771118164,15.25,15.470000267028809,4877200,0.0,0.0,0.0,0.0025923500364164465,0.0025889956928985412,0.3730269301012173,0.24574232184637854
2015-05-04 00:00:00-04:00,15.920000076293945,15.949999809265137,15.670000076293945,15.699999809265137,6919800,0.0,0.0,0.0,0.014867455608680524,0.014758018359496595,0.250711584998481,0.24506873328978265
2015-05-05 00:00:00-04:00,15.9399995803833,15.960000038146973,15.789999961853027,15.8100004196167,4543700,0.0,0.0,0.0,0.0070064083877661165,0.006981977557056049,0.2336577447419168,0.24594274077348266
2015-05-06 00:00:00-04:00,15.899999618530273,15.930000305175781,15.720000267028809,15.770000457763672,5217900,0.0,0.0,0.0,-0.0025300417957861976,-0.0025332477601546126,0.23277582489960366,0.23437910654597896
2015-05-07 00:00:00-04:00,15.739999771118164,15.760000228881836,15.579999923706055,15.600000381469727,3675400,0.0,0.0,0.0,-0.010779966478076664,-0.010838491293767778,0.1536156770702117,0.22728814237535483
2015-05-08 00:00:00-04:00,15.770000457763672,15.779999732971191,15.630000114440918,15.760000228881836,4352200,0.0,0.0,0.0,0.010256400224333495,0.01020416024401339,0.1640331268539641,0.22218583270208803
2015-05-11 00:00:00-04:00,15.760000228881836,15.84000015258789,15.5,15.569999694824219,4685300,0.0,0.0,0.0,-0.012055871275269525,-0.012129132707028211,0.16054150714941523,0.22305594869035922
2015-05-12 00:00:00-04:00,15.640000343322754,15.880000114440918,15.640000343322754,15.8100004196167,5070900,0.0,0.0,0.0,0.015414305041525633,0.015296711516937147,0.19615278053020654,0.2284032414224237
2015-05-13 00:00:00-04:00,16.309999465942383,16.469999313354492,16.25,16.350000381469727,17716400,0.0,0.0,0.0,0.03415559440359073,0.03358524291214287,0.30713091322086944,0.2562110217069226
2015-05-14 00:00:00-04:00,16.700000762939453,16.799999237060547,16.600000381469727,16.649999618530273,9165000,0.0,0.0,0.0,0.018348576762148072,0.01818227284061405,0.2652835109164163,0.2611293713000485
2015-05-15 00:00:00-04:00,16.700000762939453,16.809999465942383,16.65999984741211,16.75,5022400,0.0,0.0,0.0,0.006006029054705486,0.005988064755717649,0.26995375916961295,0.26080141974267446
2015-05-18 00:00:00-04:00,16.90999984741211,16.959999084472656,16.799999237060547,16.889999389648438,4940500,0.0,0.0,0.0,0.008358172516324647,0.008323436411772803,0.17618546213182365,0.24881252694094685
2015-05-19 00:00:00-04:00,16.649999618530273,16.670000076293945,16.139999389648438,16.3799991607666,9879400,0.0,0.0,0.0,-0.030195396525260154,-0.03066066749317642,0.3766632083570976,0.2785995122353387
2015-05-20 00:00:00-04:00,16.440000534057617,16.530000686645508,16.329999923706055,16.3700008392334,4375200,0.0,0.0,0.0,-0.0006103981712740625,-0.0006105845400811215,0.2920660256557683,0.2716653364572327
2015-05-21 00:00:00-04:00,16.350000381469727,16.450000762939453,16.34000015258789,16.389999389648438,2663500,0.0,0.0,0.0,0.0012216584844093603,0.0012209128668813,0.24761550217522932,0.2716907320140181
2015-05-22 00:00:00-04:00,16.329999923706055,16.450000762939453,16.280000686645508,16.34000015258789,3683300,0.0,0.0,0.0,-0.0030505941990531804,-0.003055256746311073,0.23477666278932696,0.26817399561149213
2015-05-26 00:00:00-04:00,16.010000228881836,16.15999984741211,15.979999542236328,16.020000457763672,6757400,0.0,0.0,0.0,-0.019583824469765254,-0.019778128555436873,0.21897383523763017,0.24548958541328034
2015-05-27 00:00:00-04:00,15.960000038146973,16.020000457763672,15.899999618530273,15.960000038146973,3721800,0.0,0.0,0.0,-0.0037453444383406254,-0.0037523758029002225,0.1318448836023718,0.24174389197638763
2015-05-28 00:00:00-04:00,15.960000038146973,16.0,15.819999694824219,15.970000267028809,4236800,0.0,0.0,0.0,0.000626580755509698,0.0006263845357488495,0.13478986369667623,0.2412403693083361
2015-05-29 00:00:00-04:00,16.020000457763672,16.079999923706055,15.960000038146973,15.989999771118164,3200900,0.0,0.0,0.0,0.0012523170792080318,0.0012515335842291375,0.13487782229251227,0.22297999643346
2015-06-01 00:00:00-04:00,16.239999771118164,16.420000076293945,15.949999809265137,16.0,9324400,0.0,0.0,0.0,0.0006254051923064718,0.0006252097079795522,0.14046266801306212,0.22300569551405724
2015-06-02 00:00:00-04:00,16.010000228881836,16.110000610351562,15.979999542236328,16.06999969482422,4705300,0.0,0.0,0.0,0.004374980926513672,0.004365438519236486,0.045978410085371575,0.21788973594803424
2015-06-03 00:00:00-04:00,15.880000114440918,15.930000305175781,15.699999809265137,15.829999923706055,6778100,0.0,0.0,0.0,-0.014934646899555482,-0.01504729168567657,0.12078153366894188,0.224040505441539
2015-06-04 00:00:00-04:00,15.569999694824219,15.619999885559082,15.430000305175781,15.479999542236328,11927500,0.0,0.0,0.0,-0.02210994208190664,-0.02235803048305722,0.18501891443139817,0.23753022172300547
2015-06-05 00:00:00-04:00,15.300000190734863,15.479999542236328,15.289999961853027,15.390000343322754,6930900,0.0,0.0,0.0,-0.0058139019105275525,-0.0058308684313251825,0.17363893482685577,0.23541341421898082
2015-06-08 00:00:00-04:00,15.350000381469727,15.369999885559082,15.229999542236328,15.319999694824219,6149300,0.0,0.0,0.0,-0.004548450093369016,-0.004558825766603897,0.16172797381982001,0.2322246519676016
2015-06-09 00:00:00-04:00,15.359999656677246,15.390000343322754,15.270000457763672,15.289999961853027,4774900,0.0,0.0,0.0,-0.001958207152009672,-0.0019601269462807495,0.13348612949655775,0.22876967663827052
2015-06-10 00:00:00-04:00,15.460000038146973,15.460000038146973,15.279999732971191,15.319999694824219,4901900,0.0,0.0,0.0,0.0019620492508853893,0.0019601269462807876,0.14639522670055952,0.22096793216213967
2015-06-11 00:00:00-04:00,15.289999961853027,15.359999656677246,15.170000076293945,15.329999923706055,3781500,0.0,0.0,0.0,0.0006527564674307929,0.0006525435145937617,0.05250589601154656,0.17691556267190273
2015-06-12 00:00:00-04:00,15.210000038146973,15.300000190734863,15.170000076293945,15.25,4867000,0.0,0.0,0.0,-0.005218520815668426,-0.005232184853528171,0.049841837035446875,0.15765037611024518
2015-06-15 00:00:00-04:00,15.289999961853027,15.5600004196167,15.289999961853027,15.399999618530273,7010300,0.0,0.0,0.0,0.009836040559362269,0.009787981595401148,0.0892818268375528,0.16152097088028203
2015-06-16 00:00:00-04:00,15.260000228881836,15.34000015258789,15.199999809265137,15.319999694824219,3859800,0.0,0.0,0.0,-0.005194800369332064,-0.005208340256466822,0.09863041084044773,0.15462581270468104
2015-06-17 00:00:00-04:00,15.34000015258789,15.5600004196167,15.260000228881836,15.449999809265137,7996400,0.0,0.0,0.0,0.008485647325752632,0.008449846606100805,0.11467624605538916,0.12932656531656653
2015-06-18 00:00:00-04:00,15.6899995803833,15.699999809265137,15.420000076293945,15.460000038146973,7599200,0.0,0.0,0.0,0.0006472640132875185,0.0006470546282827839,0.11467944948374896,0.12969666707047506
2015-06-19 00:00:00-04:00,15.460000038146973,15.489999771118164,15.199999809265137,15.420000076293945,6101200,0.0,0.0,0.0,-0.00258731964775738,-0.0025906725438284736,0.10584380572149048,0.1288227348275011
2015-06-22 00:00:00-04:00,15.350000381469727,15.550000190734863,15.329999923706055,15.489999771118164,5014100,0.0,0.0,0.0,0.0045395392009,0.004529266569763941,0.08686618333666196,0.131582073414018
2015-06-23 00:00:00-04:00,15.149999618530273,15.220000267028809,15.069999694824219,15.140000343322754,9716900,0.0,0.0,0.0,-0.02259518611794953,-0.02285436896683576,0.19177511984992962,0.1370474762604535
2015-06-24 00:00:00-04:00,15.180000305175781,15.229999542236328,15.130000114440918,15.1899995803833,3689400,0.0,0.0,0.0,0.003302459440339245,0.003297018297306812,0.1763136200587026,0.13866639290638685
2015-06-25 00:00:00-04:00,15.109999656677246,15.199999809265137,15.09000015258789,15.170000076293945,4995700,0.0,0.0,0.0,-0.0013166230837282633,-0.0013174905934397118,0.17405333896243091,0.13826875225215662
2015-06-26 00:00:00-04:00,15.050000190734863,15.130000114440918,15.010000228881836,15.109999656677246,4754200,0.0,0.0,0.0,-0.003955202327945995,-0.003963044826616409,0.17375752639278275,0.13761347517856296
2015-06-29 00:00:00-04:00,15.109999656677246,15.140000343322754,15.0,15.029999732971191,6983300,0.0,0.0,0.0,-0.005294502020104397,-0.00530856756459393,0.15645552172246513,0.137268549299101
2015-06-30 00:00:00-04:00,14.930000305175781,15.180000305175781,14.800000190734863,15.029999732971191,10391600,0.0,0.0,0.0,0.0,0.0,0.05369383985000732,0.13497378859234893
2015-07-01 00:00:00-04:00,14.90999984741211,14.989999771118164,14.859999656677246,14.899999618530273,5470500,0.0,0.0,0.0,-0.008649375698639439,-0.00868699864907713,0.05405026563873775,0.12952505925657895
2015-07-02 00:00:00-04:00,14.989999771118164,15.029999732971191,14.890000343322754,14.949999809265137,4405500,0.0,0.0,0.0,0.0033557175848972776,0.0033500997290925585,0.07422331488345289,0.10969354525663731
2015-07-06 00:00:00-04:00,14.890000343322754,15.149999618530273,14.869999885559082,14.989999771118164,4410500,0.0,0.0,0.0,0.002675582766779483,0.0026720097670272615,0.08276895146423563,0.10962796906443718
2015-07-07 00:00:00-04:00,14.5600004196167,14.579999923706055,14.029999732971191,14.430000305175781,24144000,0.0,0.0,0.0,-0.03735820376871224,-0.03807390291105573,0.2714083711423126,0.16856802502723178
2015-07-08 00:00:00-04:00,14.5,14.59000015258789,14.40999984741211,14.460000038146973,8964300,0.0,0.0,0.0,0.0020789835299193093,0.002076825434239758,0.2756351103776723,0.1694845004925292
2015-07-09 00:00:00-04:00,14.84000015258789,14.859999656677246,14.65999984741211,14.760000228881836,7441700,0.0,0.0,0.0,0.0207469011025887,0.020534615310503972,0.33994783119708555,0.18844102675469188
2015-07-10 00:00:00-04:00,14.779999732971191,14.970000267028809,14.739999771118164,14.880000114440918,7254100,0.0,0.0,0.0,0.008130073421291018,0.00809720241664188,0.3460561430188432,0.19157109515852513
2015-07-13 00:00:00-04:00,14.6899995803833,14.850000381469727,14.649999618530273,14.8100004196167,4459300,0.0,0.0,0.0,-0.004704280529963523,-0.004715380482825183,0.3454255004197567,0.19144446144573368
2015-07-14 00:00:00-04:00,14.770000457763672,14.779999732971191,14.630000114440918,14.6899995803833,4729900,0.0,0.0,0.0,-0.008102689792935491,-0.00813569499204254,0.18147708957156683,0.1880488780444881
2015-07-15 00:00:00-04:00,14.390000343322754,14.470000267028809,14.359999656677246,14.430000305175781,7204100,0.0,0.0,0.0,-0.017699066210642878,-0.017857567686517986,0.23772599098066183,0.19569374016725333
2015-07-16 00:00:00-04:00,14.350000381469727,14.5,14.319999694824219,14.350000381469727,6071600,0.0,0.0,0.0,-0.005544000139581451,-0.0055594251455961165,0.14677910768608846,0.19113685965097799
2015-07-17 00:00:00-04:00,14.270000457763672,14.289999961853027,14.1899995803833,14.229999542236328,5776000,0.0,0.0,0.0,-0.008362427598842204,-0.008397588856041298,0.08218547104408758,0.19114676434394212
2015-07-20 00:00:00-04:00,14.15999984741211,14.350000381469727,14.029999732971191,14.050000190734863,9666700,0.0,0.0,0.0,-0.012649287230628858,-0.012729970577654867,0.07584966010335842,0.1934368575710123
2015-07-21 00:00:00-04:00,14.15999984741211,14.300000190734863,14.100000381469727,14.140000343322754,5768200,0.0,0.0,0.0,0.006405704723565719,0.006385275393487877,0.14384837525090166,0.19471170266080678
2015-07-22 00:00:00-04:00,14.039999961853027,14.239999771118164,14.0,14.140000343322754,4754100,0.0,0.0,0.0,0.0,0.0,0.1178619593341839,0.18299153264900095
2015-07-23 00:00:00-04:00,14.130000114440918,14.149999618530273,13.930000305175781,14.0,5446900,0.0,0.0,0.0,-0.00990101413886213,-0.00995035513341913,0.12521730633682676,0.18262960625466398
2015-07-24 00:00:00-04:00,13.789999961853027,14.079999923706055,13.729999542236328,14.020000457763672,8949400,0.0,0.0,0.0,0.0014286041259765625,0.0014275846419460737,0.12744086751258882,0.18342425935971846
2015-07-27 00:00:00-04:00,14.0,14.09000015258789,13.899999618530273,13.920000076293945,4176800,0.0,0.0,0.0,-0.007132694593768751,-0.007158253870044225,0.10501607404716429,0.18379026671775678
2015-07-28 00:00:00-04:00,14.010000228881836,14.069999694824219,13.989999771118164,14.020000457763672,5756500,0.0,0.0,0.0,0.007183935411037012,0.007158253870044198,0.10893777152073982,0.1879411322030782
2015-07-29 00:00:00-04:00,14.050000190734863,14.25,14.0,14.149999618530273,7051500,0.0,0.0,0.0,0.009272407740515742,0.009229682873050343,0.13479034131225384,0.19298357272769467
2015-07-30 00:00:00-04:00,14.069999694824219,14.180000305175781,14.039999961853027,14.09000015258789,3737800,0.0,0.0,0.0,-0.004240245057237302,-0.00424926039014947,0.11225004283141063,0.19188537890220878
2015-07-31 00:00:00-04:00,14.270000457763672,14.34000015258789,14.039999961853027,14.079999923706055,6035400,0.0,0.0,0.0,-0.0007097394445378935,-0.0007099914288133008,0.1131217214010462,0.19071693511067805
2015-08-03 00:00:00-04:00,14.050000190734863,14.069999694824219,13.779999732971191,13.869999885559082,6657900,0.0,0.0,0.0,-0.014914775517392065,-0.015027119235519519,0.1539493676382699,0.19405877848038605
2015-08-04 00:00:00-04:00,13.930000305175781,13.989999771118164,13.859999656677246,13.920000076293945,3004200,0.0,0.0,0.0,0.0036049164489844188,0.0035984343113877187,0.1442184084553589,0.14946858417632392
2015-08-05 00:00:00-04:00,13.949999809265137,14.050000190734863,13.880000114440918,13.949999809265137,3859600,0.0,0.0,0.0,0.0021551532188768263,0.0021528342074639763,0.11740311741877218,0.1494947430691905
2015-08-06 00:00:00-04:00,13.9399995803833,14.119999885559082,13.9399995803833,13.989999771118164,3514800,0.0,0.0,0.0,0.0028673808171997273,0.0028632777223765835,0.12271324627076033,0.12532381832012543
2015-08-07 00:00:00-04:00,14.130000114440918,14.350000381469727,14.100000381469727,14.109999656677246,5262200,0.0,0.0,0.0,0.00857754735684968,0.008540969215846406,0.14217166272718118,0.1258431081314004
2015-08-10 00:00:00-04:00,14.25,14.720000267028809,14.229999542236328,14.539999961853027,9813400,0.0,0.0,0.0,0.03047486290846879,0.03001972794893755,0.190076889445663,0.17172045612672293
2015-08-11 00:00:00-04:00,14.609999656677246,14.649999618530273,14.5,14.640000343322754,5110000,0.0,0.0,0.0,0.0068776053460857245,0.006854062502387921,0.1849954315962254,0.17157833898097777
2015-08-12 00:00:00-04:00,14.729999542236328,14.899999618530273,14.729999542236328,14.819999694824219,7834200,0.0,0.0,0.0,0.012295037382534124,0.012220067291609687,0.17070185495698767,0.1636594294342169
2015-08-13 00:00:00-04:00,14.710000038146973,14.800000190734863,14.649999618530273,14.710000038146973,4182500,0.0,0.0,0.0,-0.007422379145909375,-0.0074500620691684985,0.21586855499533117,0.16484564202561755
2015-08-14 00:00:00-04:00,14.800000190734863,14.920000076293945,14.489999771118164,14.550000190734863,4819100,0.0,0.0,0.0,-0.010876944051474324,-0.010936530480187456,0.26373245689642005,0.16702578666605328
2015-08-17 00:00:00-04:00,14.6899995803833,14.710000038146973,14.59000015258789,14.630000114440918,2270900,0.0,0.0,0.0,0.005498276471294972,0.005483216127951902,0.15754611737818558,0.15936525636099977
2015-08-18 00:00:00-04:00,14.15999984741211,14.25,14.0600004196167,14.220000267028809,7681100,0.0,0.0,0.0,-0.028024596322963058,-0.028424779700886815,0.2481426681064032,0.1907250754463132
2015-08-19 00:00:00-04:00,14.399999618530273,14.65999984741211,14.399999618530273,14.569999694824219,5612700,0.0,0.0,0.0,0.024613180114133826,0.024315156108131997,0.31170764546345725,0.20923741017100317
2015-08-20 00:00:00-04:00,14.850000381469727,14.890000343322754,14.770000457763672,14.779999732971191,5576100,0.0,0.0,0.0,0.01441318068260311,0.014310298191530022,0.3311976992953731,0.20934049684643763
2015-08-21 00:00:00-04:00,14.699999809265137,14.729999542236328,14.449999809265137,14.609999656677246,6548500,0.0,0.0,0.0,-0.011502035139737465,-0.011568695189707694,0.3326512740409277,0.2154055633624714
2015-08-24 00:00:00-04:00,14.0600004196167,14.460000038146973,14.020000457763672,14.130000114440918,11824700,0.0,0.0,0.0,-0.0328541788854152,-0.033405997467865114,0.40379615563331595,0.2471225236785988
2015-08-25 00:00:00-04:00,14.130000114440918,14.149999618530273,13.90999984741211,13.989999771118164,6678800,0.0,0.0,0.0,-0.009908021386331956,-0.00995743247857984,0.3617309427855371,0.24876748779076716
2015-08-26 00:00:00-04:00,13.569999694824219,13.579999923706055,13.350000381469727,13.5600004196167,12373800,0.0,0.0,0.0,-0.030736194319972987,-0.031218458859567824,0.3038842992547958,0.26874474979029767
2015-08-27 00:00:00-04:00,13.569999694824219,13.960000038146973,13.520000457763672,13.800000190734863,7999600,0.0,0.0,0.0,0.017699097617354553,0.01754429252709252,0.32357728328387164,0.2774514944653817
2015-08-28 00:00:00-04:00,13.829999923706055,14.029999732971191,13.800000190734863,13.920000076293945,4936600,0.0,0.0,0.0,0.008695643760907146,0.008658054402634561,0.36089647540467934,0.2795350112730086
2015-08-31 00:00:00-04:00,13.84000015258789,14.029999732971191,13.760000228881836,13.989999771118164,4112600,0.0,0.0,0.0,0.005028713681074493,0.005016111929840565,0.30120161313808425,0.27474538783137614
2015-09-01 00:00:00-04:00,13.989999771118164,14.029999732971191,13.859999656677246,13.9399995803833,4031100,0.0,0.0,0.0,-0.0035739951074257315,-0.003580397086252104,0.2937835639122222,0.27487665973279435
2015-09-02 00:00:00-04:00,14.050000190734863,14.170000076293945,13.789999961853027,14.020000457763672,5546600,0.0,0.0,0.0,0.005738944030740933,0.005722539026455722,0.12147706707902128,0.2755058252732642
2015-09-03 00:00:00-04:00,13.989999771118164,14.289999961853027,13.949999809265137,14.020000457763672,5346900,0.0,0.0,0.0,0.0,0.0,0.07781630078443465,0.2753523773240969
2015-09-04 00:00:00-04:00,13.890000343322754,13.960000038146973,13.859999656677246,13.920000076293945,3771900,0.0,0.0,0.0,-0.007132694593768751,-0.007158253870044225,0.0876236417182981,0.27469740886656546
2015-09-08 00:00:00-04:00,14.069999694824219,14.220000267028809,13.9399995803833,14.119999885559082,5128200,0.0,0.0,0.0,0.014367802310988553,0.014265563573054679,0.1340775308168179,0.25588737413205304
2015-09-09 00:00:00-04:00,14.0,14.079999923706055,13.920000076293945,13.930000305175781,3114400,0.0,0.0,0.0,-0.013456061042721346,-0.013547414260691929,0.17230673512782704,0.2574013083402737
2015-09-10 00:00:00-04:00,14.149999618530273,14.15999984741211,13.970000267028809,13.989999771118164,3269500,0.0,0.0,0.0,0.004307212105378655,0.004297962617477793,0.16952945968623628,0.2528929135192362
2015-09-11 00:00:00-04:00,13.779999732971191,13.979999542236328,13.640000343322754,13.949999809265137,4777700,0.0,0.0,0.0,-0.0028591824522832265,-0.0028632777223766338,0.17033603892325602,0.25229423731118256
2015-09-14 00:00:00-04:00,13.770000457763672,13.8100004196167,13.699999809265137,13.789999961853027,3020900,0.0,0.0,0.0,-0.011469523268799131,-0.011535805555692016,0.18258768425191474,0.25256294620444564
2015-09-15 00:00:00-04:00,13.680000305175781,13.779999732971191,13.670000076293945,13.770000457763672,2419600,0.0,0.0,0.0,-0.0014502903658215605,-0.0014513430548204044,0.11696787085578166,0.250821693113309
2015-09-16 00:00:00-04:00,14.050000190734863,14.289999961853027,14.039999961853027,14.220000267028809,7054900,0.0,0.0,0.0,0.03267972362422267,0.03215709716937977,0.2678031478960372,0.26247631309014724
2015-09-17 00:00:00-04:00,14.220000267028809,14.579999923706055,14.210000038146973,14.420000076293945,8662100,0.0,0.0,0.0,0.0140646839317482,0.013966693994153283,0.27676290074874527,0.2518831860436774
2015-09-18 00:00:00-04:00,14.600000381469727,14.619999885559082,14.40999984741211,14.470000267028809,4859500,0.0,0.0,0.0,0.0034674195887878234,0.0034614219497075935,0.2672058730707995,0.24628132437946945
2015-09-21 00:00:00-04:00,14.489999771118164,14.5600004196167,14.470000267028809,14.489999771118164,3384900,0.0,0.0,0.0,0.0013821357097640874,0.0013811814393902251,0.22152458128992142,0.2431828939824388
2015-09-22 00:00:00-04:00,14.15999984741211,14.15999984741211,14.069999694824219,14.140000343322754,4496300,0.0,0.0,0.0,-0.024154550263902563,-0.02445105578806527,0.3284691349387294,0.22930140690174783
2015-09-23 00:00:00-04:00,14.239999771118164,14.260000228881836,14.100000381469727,14.119999885559082,2498000,0.0,0.0,0.0,-0.001414459496326459,-0.0014154607884626575,0.22285661130479315,0.22633048340317666
2015-09-24 00:00:00-04:00,14.229999542236328,14.510000228881836,14.210000038146973,14.430000305175781,7257700,0.0,0.0,0.0,0.021954704116800006,0.021717169974266985,0.26097519010531184,0.20607230953516578
2015-09-25 00:00:00-04:00,14.4399995803833,14.510000228881836,14.350000381469727,14.399999618530273,3181200,0.0,0.0,0.0,-0.0020790496196141373,-0.002081213843480702,0.25963040921338487,0.19946053753568632
2015-09-28 00:00:00-04:00,13.949999809265137,13.989999771118164,13.850000381469727,13.9399995803833,5997500,0.0,0.0,0.0,-0.031944447939778686,-0.03246580486025238,0.3375807860299373,0.2315115713273873
2015-09-29 00:00:00-04:00,13.899999618530273,14.0600004196167,13.899999618530273,13.970000267028809,3000700,0.0,0.0,0.0,0.0021521296663253864,0.0021498171525669947,0.3061489203565351,0.23093579652879767
2015-09-30 00:00:00-04:00,13.869999885559082,14.09000015258789,13.8100004196167,13.869999885559082,5062900,0.0,0.0,0.0,-0.0071582233040998755,-0.007183966307543382,0.3078529914173102,0.23202537039805107
2015-10-01 00:00:00-04:00,13.979999542236328,14.039999961853027,13.829999923706055,13.899999618530273,4069100,0.0,0.0,0.0,0.002162922366165665,0.002160586617007666,0.22638434181734268,0.23116718041946097
2015-10-02 00:00:00-04:00,14.210000038146973,14.609999656677246,14.199999809265137,14.550000190734863,12462900,0.0,0.0,0.0,0.046762632377202795,0.045702194033646296,0.451730969463933,0.2853056717305268
2015-10-05 00:00:00-04:00,14.920000076293945,15.0,14.770000457763672,14.890000343322754,10015000,0.0,0.0,0.0,0.023367707775316493,0.023098863026760907,0.344867151811215,0.29278739607259846
2015-10-06 00:00:00-04:00,15.149999618530273,15.350000381469727,15.0600004196167,15.069999694824219,11190900,0.0,0.0,0.0,0.012088606269387014,0.012016122634666867,0.33129341689416864,0.2917788984251352
2015-10-07 00:00:00-04:00,15.1899995803833,15.380000114440918,15.140000343322754,15.289999961853027,6781100,0.0,0.0,0.0,0.014598558160844988,0.014493025058219658,0.2676748841449594,0.287215645785347
2015-10-08 00:00:00-04:00,14.899999618530273,15.130000114440918,14.890000343322754,14.989999771118164,8935300,0.0,0.0,0.0,-0.019620679626117243,-0.019815720600536237,0.3794262233528975,0.3000570294564775
2015-10-09 00:00:00-04:00,15.109999656677246,15.15999984741211,15.0,15.119999885559082,4467100,0.0,0.0,0.0,0.008672456065769607,0.008635066337005337,0.2583717751662702,0.2995426885297466
2015-10-12 00:00:00-04:00,15.3100004196167,15.329999923706055,15.079999923706055,15.130000114440918,4293000,0.0,0.0,0.0,0.0006613908040691285,0.0006611721815625741,0.21968823820995612,0.29417129365799927
2015-10-13 00:00:00-04:00,15.15999984741211,15.260000228881836,15.149999618530273,15.15999984741211,3445500,0.0,0.0,0.0,0.0019827979341888735,0.001980834784955461,0.20541165158100796,0.29345387710060894
2015-10-14 00:00:00-04:00,15.329999923706055,15.449999809265137,15.300000190734863,15.420000076293945,7028900,0.0,0.0,0.0,0.01715041104873216,0.017005002933848743,0.2163591783102427,0.27882581508414556
2015-10-15 00:00:00-04:00,15.350000381469727,15.449999809265137,15.3100004196167,15.390000343322754,4885700,0.0,0.0,0.0,-0.0019455079651595764,-0.0019474029239513232,0.12214696775936197,0.2771031616448089
2015-10-16 00:00:00-04:00,15.369999885559082,15.420000076293945,15.270000457763672,15.279999732971191,4208100,0.0,0.0,0.0,-0.007147537875090926,-0.007173203896291791,0.14429071295140386,0.27962141715803995
2015-10-19 00:00:00-04:00,15.220000267028809,15.239999771118164,15.020000457763672,15.109999656677246,4041400,0.0,0.0,0.0,-0.011125659637749807,-0.011188012699577804,0.17325864115787593,0.28399681290074563
2015-10-20 00:00:00-04:00,15.130000114440918,15.229999542236328,15.020000457763672,15.1899995803833,5287000,0.0,0.0,0.0,0.005294502020104508,0.005280535420056258,0.17745217490275747,0.26637628518588463
2015-10-21 00:00:00-04:00,15.020000457763672,15.029999732971191,14.90999984741211,14.989999771118164,5065100,0.0,0.0,0.0,-0.013166544752471254,-0.013253992137607407,0.11832212928661205,0.2725754039671947
2015-10-22 00:00:00-04:00,15.0600004196167,15.1899995803833,15.039999961853027,15.109999656677246,3391800,0.0,0.0,0.0,0.008005329379009885,0.007973456717551378,0.15360817195290255,0.2641678127903213
2015-10-23 00:00:00-04:00,15.119999885559082,15.15999984741211,14.989999771118164,15.119999885559082,4063700,0.0,0.0,0.0,0.0006618285313737537,0.0006616096194540612,0.15233516385809598,0.26372533262288
2015-10-26 00:00:00-04:00,15.199999809265137,15.229999542236328,15.109999656677246,15.109999656677246,3310700,0.0,0.0,0.0,-0.0006613908040692396,-0.0006616096194540683,0.129537061255325,0.23073507205077284
2015-10-27 00:00:00-04:00,15.109999656677246,15.210000038146973,15.069999694824219,15.130000114440918,2331500,0.0,0.0,0.0,0.0013236570627475075,0.0013227818010167394,0.12222495431488355,0.23084829901975248
2015-10-28 00:00:00-04:00,15.369999885559082,15.600000381469727,15.0,15.260000228881836,11487500,0.0,0.0,0.0,0.008592208424165193,0.008555505491014873,0.06933266681427215,0.22740918478767352
2015-10-29 00:00:00-04:00,14.989999771118164,15.0600004196167,14.819999694824219,14.880000114440918,7049400,0.0,0.0,0.0,-0.024901710926695242,-0.025217003759252895,0.2026156115858114,0.25079293292931004
2015-10-30 00:00:00-04:00,14.869999885559082,14.880000114440918,14.770000457763672,14.800000190734863,3349700,0.0,0.0,0.0,-0.005376338917391199,-0.005390843438307593,0.20026709933675782,0.19327769073736292
2015-11-02 00:00:00-05:00,14.65999984741211,14.75,14.5600004196167,14.720000267028809,4230000,0.0,0.0,0.0,-0.005405400180747089,-0.005420062216286015,0.19779582804320195,0.17509047670737415
2015-11-03 00:00:00-05:00,14.609999656677246,14.640000343322754,14.520000457763672,14.579999923706055,3992300,0.0,0.0,0.0,-0.009510892716241282,-0.009556410093542893,0.19025557228273418,0.17121101722875903
2015-11-04 00:00:00-05:00,14.5600004196167,14.579999923706055,14.380000114440918,14.380000114440918,5114100,0.0,0.0,0.0,-0.013717408114656493,-0.013812361096491357,0.12865308457762692,0.1650813229119877
2015-11-05 00:00:00-05:00,14.3100004196167,14.380000114440918,14.25,14.300000190734863,4280200,0.0,0.0,0.0,-0.005563276986744636,-0.0055788096472759625,0.05858978784932191,0.15345489491919453
2015-11-06 00:00:00-05:00,14.109999656677246,14.130000114440918,14.039999961853027,14.079999923706055,4294200,0.0,0.0,0.0,-0.01538463385275679,-0.015504205292671545,0.07266488984456872,0.1543790623165309
2015-11-09 00:00:00-05:00,13.970000267028809,13.979999542236328,13.779999732971191,13.890000343322754,6612000,0.0,0.0,0.0,-0.013494288452616021,-0.013586163827779286,0.06308987549861998,0.15745073273204066
2015-11-10 00:00:00-05:00,13.6899995803833,13.800000190734863,13.649999618530273,13.760000228881836,5992100,0.0,0.0,0.0,-0.00935925926765091,-0.009403332344461161,0.06340462322435905,0.15667030982382799
2015-11-11 00:00:00-05:00,13.710000038146973,13.729999542236328,13.609999656677246,13.640000343322754,4186700,0.0,0.0,0.0,-0.00872092177056838,-0.008759171553446181,0.062327891801598444,0.1338818774780275
2015-11-12 00:00:00-05:00,13.59000015258789,13.829999923706055,13.539999961853027,13.640000343322754,6347500,0.0,0.0,0.0,0.0,0.0,0.09438376612567592,0.13485334959507056
2015-11-13 00:00:00-05:00,13.569999694824219,13.600000381469727,13.529999732971191,13.59000015258789,3801100,0.0,0.0,0.0,-0.0036657030407877267,-0.0036724381945996733,0.08355235403882694,0.13502077779108285
2015-11-16 00:00:00-05:00,13.619999885559082,13.630000114440918,13.550000190734863,13.600000381469727,3270300,0.0,0.0,0.0,0.0007358520065896546,0.000735581400244531,0.07502480265445695,0.1353900412485851
2015-11-17 00:00:00-05:00,13.630000114440918,13.630000114440918,13.470000267028809,13.550000190734863,6080300,0.0,0.0,0.0,-0.003676484509735012,-0.003683259389167081,0.05969580583487278,0.12978214583963796
2015-11-18 00:00:00-05:00,13.489999771118164,13.569999694824219,13.390000343322754,13.520000457763672,4434900,0.0,0.0,0.0,-0.0022140024021330973,-0.0022164569290062316,0.03256937776352335,0.12718190840821045
2015-11-19 00:00:00-05:00,13.609999656677246,13.75,13.59000015258789,13.619999885559082,4458100,0.0,0.0,0.0,0.00739640713088785,0.007369187845872179,0.0739053925616948,0.12636438409737846
2015-11-20 00:00:00-05:00,13.59000015258789,13.600000381469727,13.430000305175781,13.5,4750800,0.0,0.0,0.0,-0.008810564358837869,-0.008849606874565673,0.09480381160290706,0.12505564775283462
2015-11-23 00:00:00-05:00,13.40999984741211,13.550000190734863,13.399999618530273,13.449999809265137,4373000,0.0,0.0,0.0,-0.003703717832212128,-0.0037105935775665127,0.09399262020506996,0.12391655297342741
2015-11-24 00:00:00-05:00,13.5600004196167,13.649999618530273,13.5,13.510000228881836,4541600,0.0,0.0,0.0,0.004460997804279998,0.004451077046950674,0.10324665890621457,0.1267671752358604
2015-11-25 00:00:00-05:00,13.4399995803833,13.5600004196167,13.399999618530273,13.520000457763672,4792400,0.0,0.0,0.0,0.0007402093791573083,0.0007399355593091603,0.10241746997040582,0.11784487090689126
2015-11-27 00:00:00-05:00,13.369999885559082,13.510000228881836,13.359999656677246,13.460000038146973,3576100,0.0,0.0,0.0,-0.004437900708963771,-0.0044477774223965144,0.08089376403098539,0.09438285452638938
2015-11-30 00:00:00-05:00,13.449999809265137,13.5,13.399999618530273,13.4399995803833,4609900,0.0,0.0,0.0,-0.001485918106016948,-0.0014870231771583141,0.057319050565100685,0.09517605342934618
2015-12-01 00:00:00-05:00,13.520000457763672,13.529999732971191,13.430000305175781,13.510000228881836,4050400,0.0,0.0,0.0,0.005208381747325852,0.005194865040245661,0.06421534741484264,0.10151293711753392
2015-12-02 00:00:00-05:00,13.4399995803833,13.449999809265137,13.279999732971191,13.369999885559082,6458400,0.0,0.0,0.0,-0.010362719537447496,-0.010416786359446406,0.09242365310227153,0.10214041222760115
2015-12-03 00:00:00-05:00,13.430000305175781,13.510000228881836,13.329999923706055,13.460000038146973,8245900,0.0,0.0,0.0,0.006731499877206337,0.006708944496359049,0.1116731060265256,0.1029301645764991
2015-12-04 00:00:00-05:00,13.65999984741211,13.9399995803833,13.630000114440918,13.869999885559082,14759800,0.0,0.0,0.0,0.030460612648598007,0.030005899025092025,0.2411671585577243,0.15736686785793289
2015-12-07 00:00:00-05:00,13.789999961853027,13.8100004196167,13.579999923706055,13.619999885559082,5827200,0.0,0.0,0.0,-0.018024513486859517,-0.018188933756823362,0.29627165220688306,0.1607043631450803
2015-12-08 00:00:00-05:00,13.609999656677246,13.630000114440918,13.460000038146973,13.510000228881836,4889800,0.0,0.0,0.0,-0.008076333157232662,-0.008109123405181336,0.3043760496846267,0.15648617587372557
2015-12-09 00:00:00-05:00,13.640000343322754,13.65999984741211,13.479999542236328,13.489999771118164,3334600,0.0,0.0,0.0,-0.0014804187583146167,-0.0014815156608816878,0.2913080566821629,0.15360379893299747
2015-12-10 00:00:00-05:00,13.460000038146973,13.520000457763672,13.4399995803833,13.449999809265137,3923500,0.0,0.0,0.0,-0.0029651565998293217,-0.0029695613860690104,0.2893498119970591,0.15107786448089475
2015-12-11 00:00:00-05:00,13.15999984741211,13.329999923706055,13.15999984741211,13.300000190734863,6457200,0.0,0.0,0.0,-0.011152388152968262,-0.011215042298142177,0.10581036636001818,0.1555533937979179
2015-12-14 00:00:00-05:00,13.180000305175781,13.1899995803833,13.050000190734863,13.0600004196167,5583600,0.0,0.0,0.0,-0.018045095314010218,-0.01820989359047499,0.1059290826175912,0.16654273305283687
2015-12-15 00:00:00-05:00,13.109999656677246,13.1899995803833,13.0600004196167,13.109999656677246,3930300,0.0,0.0,0.0,0.0038284253793319234,0.003821115609554793,0.13698591675985766,0.16755923076100065
2015-12-16 00:00:00-05:00,13.449999809265137,13.640000343322754,13.329999923706055,13.489999771118164,11176300,0.0,0.0,0.0,0.02898551673472971,0.028573381665131348,0.2876666654915502,0.19968753704855619
2015-12-17 00:00:00-05:00,13.1899995803833,13.199999809265137,13.039999961853027,13.079999923706055,8289900,0.0,0.0,0.0,-0.030392872821978223,-0.030864313056704153,0.3624423137194623,0.22677064023841279
2015-12-18 00:00:00-05:00,13.25,13.550000190734863,13.239999771118164,13.430000305175781,8282000,0.0,0.0,0.0,0.02675843910636333,0.026406693062402342,0.4196539752348786,0.24646834405149562
2015-12-21 00:00:00-05:00,13.59000015258789,13.670000076293945,13.539999961853027,13.59000015258789,6490200,0.0,0.0,0.0,0.011913614577540033,0.01184320613242135,0.38055495403734785,0.24827020511636502
2015-12-22 00:00:00-05:00,13.649999618530273,13.670000076293945,13.579999923706055,13.59000015258789,5083700,0.0,0.0,0.0,0.0,0.0,0.3842896422431507,0.24779637344782726
2015-12-23 00:00:00-05:00,13.59000015258789,13.680000305175781,13.539999961853027,13.619999885559082,3218000,0.0,0.0,0.0,0.002207485845059365,0.00220505292794349,0.33341700464025353,0.2474635628327292
2015-12-24 00:00:00-05:00,13.670000076293945,13.720000267028809,13.65999984741211,13.6899995803833,3274600,0.0,0.0,0.0,0.005139478370953299,0.005126316330078177,0.17128393637170763,0.24800746784573624
2015-12-28 00:00:00-05:00,13.380000114440918,13.399999618530273,13.220000267028809,13.289999961853027,5506000,0.0,0.0,0.0,-0.029218380627523244,-0.029653738794225254,0.2518879309561295,0.26953471268366636
2015-12-29 00:00:00-05:00,13.359999656677246,13.390000343322754,13.260000228881836,13.270000457763672,3566100,0.0,0.0,0.0,-0.0015048535851588385,-0.0015059870145547928,0.22138758255593477,0.26953564109295286
2015-12-30 00:00:00-05:00,13.199999809265137,13.220000267028809,13.15999984741211,13.210000038146973,2850000,0.0,0.0,0.0,-0.004521508481304948,-0.004531761418279106,0.2176678708398978,0.26901510942260276
2015-12-31 00:00:00-05:00,13.199999809265137,13.25,13.15999984741211,13.1899995803833,3489100,0.0,0.0,0.0,-0.0015140391904554518,-0.0015151865059905884,0.21077450248807403,0.2667484917386059
2016-01-04 00:00:00-05:00,13.470000267028809,13.520000457763672,13.1899995803833,13.1899995803833,4617100,0.0,0.0,0.0,0.0,0.0,0.1957902066085546,0.2653802191085358
2016-01-05 00:00:00-05:00,13.3100004196167,13.369999885559082,13.25,13.3100004196167,3722800,0.0,0.0,0.0,0.009097865280592421,0.009056729017465504,0.0822136117723097,0.24169585667266882
2016-01-06 00:00:00-05:00,13.369999885559082,13.479999542236328,13.260000228881836,13.359999656677246,3414700,0.0,0.0,0.0,0.0037565165653079546,0.0037494784772448973,0.08336747719877283,0.23474687683516868
2016-01-07 00:00:00-05:00,13.470000267028809,13.710000038146973,13.399999618530273,13.619999885559082,9669500,0.0,0.0,0.0,0.019461095476292822,0.01927414990826092,0.1347378728782424,0.24369841382009652
2016-01-08 00:00:00-05:00,13.40999984741211,13.430000305175781,13.229999542236328,13.300000190734863,5897700,0.0,0.0,0.0,-0.023494838290234132,-0.023775242750274192,0.2525074263994644,0.2581901043003444
2016-01-11 00:00:00-05:00,13.390000343322754,13.390000343322754,13.180000305175781,13.220000267028809,3799100,0.0,0.0,0.0,-0.006015031771336776,-0.006033194946284295,0.25869001696160765,0.2587895866701684
2016-01-12 00:00:00-05:00,13.170000076293945,13.199999809265137,13.100000381469727,13.170000076293945,4588400,0.0,0.0,0.0,-0.0037821626115670526,-0.0037893330741909335,0.24784571414926346,0.25616388814184937
2016-01-13 00:00:00-05:00,13.3100004196167,13.529999732971191,13.289999961853027,13.489999771118164,7780900,0.0,0.0,0.0,0.024297622852730294,0.02400713170468644,0.31245887017490415,0.2614471234250158
2016-01-14 00:00:00-05:00,13.199999809265137,13.220000267028809,13.100000381469727,13.1899995803833,6130700,0.0,0.0,0.0,-0.02223870984617493,-0.0224897183369084,0.3066211561135053,0.27473471866790233
2016-01-15 00:00:00-05:00,13.420000076293945,13.4399995803833,13.220000267028809,13.239999771118164,6320200,0.0,0.0,0.0,0.003790765149775055,0.003783598305736472,0.26877578524079665,0.2537798337915578
2016-01-19 00:00:00-05:00,13.449999809265137,13.470000267028809,13.350000381469727,13.359999656677246,4689300,0.0,0.0,0.0,0.009063435621868399,0.009022609188974127,0.27160902525836245,0.2303490070987406
2016-01-20 00:00:00-05:00,13.420000076293945,13.539999961853027,13.380000114440918,13.479999542236328,5764500,0.0,0.0,0.0,0.008982027593025244,0.008941929114742673,0.268923220319083,0.21206471281756187
2016-01-21 00:00:00-05:00,13.3100004196167,13.460000038146973,13.229999542236328,13.460000038146973,4268400,0.0,0.0,0.0,-0.0014836427869816537,-0.00148474447475024,0.20594726934287338,0.20759438388818824
2016-01-22 00:00:00-05:00,13.520000457763672,13.65999984741211,13.359999656677246,13.380000114440918,5563700,0.0,0.0,0.0,-0.0059435307191179065,-0.005961263797465516,0.10445714661104402,0.20851294577307078
2016-01-25 00:00:00-05:00,13.5600004196167,13.59000015258789,13.510000228881836,13.579999923706055,3474800,0.0,0.0,0.0,0.014947668726047247,0.014837053259223996,0.13587748646005254,0.21564791501035072
2016-01-26 00:00:00-05:00,13.670000076293945,13.869999885559082,13.65999984741211,13.819999694824219,7802400,0.0,0.0,0.0,0.017673031845840237,0.01751867974490058,0.16273862296955008,0.2240796585270035
2016-01-27 00:00:00-05:00,13.789999961853027,13.880000114440918,13.670000076293945,13.8100004196167,4311800,0.0,0.0,0.0,-0.0007235365722376708,-0.0007237984511502866,0.16913299698920567,0.19475154123086386
2016-01-28 00:00:00-05:00,13.550000190734863,13.609999656677246,13.529999732971191,13.569999694824219,4153400,0.0,0.0,0.0,-0.017378763034037736,-0.017531546448415616,0.23262162293762284,0.20633889075578626
2016-01-29 00:00:00-05:00,13.529999732971191,13.619999885559082,13.5,13.59000015258789,3640400,0.0,0.0,0.0,0.0014738731181622722,0.0014727880332322087,0.22299806398146194,0.20522895051581047
2016-02-01 00:00:00-05:00,13.640000343322754,13.729999542236328,13.569999694824219,13.670000076293945,3404200,0.0,0.0,0.0,0.005886675703298039,0.005869416925974842,0.2011272090073925,0.20546929745022322
2016-02-02 00:00:00-05:00,13.65999984741211,13.720000267028809,13.5600004196167,13.619999885559082,2957300,0.0,0.0,0.0,-0.003657658409349396,-0.003664363998031354,0.14003800172291944,0.2063189092963924
2016-02-03 00:00:00-05:00,13.739999771118164,14.100000381469727,13.729999542236328,13.949999809265137,10054200,0.0,0.0,0.0,0.024229069491839228,0.023940202275675,0.24035584681190061,0.22006223898962624
2016-02-04 00:00:00-05:00,14.15999984741211,14.199999809265137,14.0600004196167,14.170000076293945,7021100,0.0,0.0,0.0,0.015770628676474274,0.015647564492152582,0.1781875510264122,0.22508869412877947
2016-02-05 00:00:00-05:00,13.979999542236328,14.34000015258789,13.970000267028809,14.34000015258789,5446000,0.0,0.0,0.0,0.011997182454384747,0.011925786725414637,0.1664241225284196,0.219354110978081
2016-02-08 00:00:00-05:00,14.510000228881836,14.720000267028809,14.479999542236328,14.59000015258789,13566900,0.0,0.0,0.0,0.017433751557867527,0.01728352718089101,0.16493267356504812,0.20203134555379546
2016-02-09 00:00:00-05:00,14.640000343322754,14.710000038146973,14.460000038146973,14.510000228881836,6803800,0.0,0.0,0.0,-0.005483202389950925,-0.005498290322910977,0.17674241241947738,0.2016651649300909
2016-02-10 00:00:00-05:00,14.510000228881836,14.579999923706055,14.369999885559082,14.550000190734863,5097000,0.0,0.0,0.0,0.0027567168312931933,0.0027529240562548137,0.15337998662038332,0.19932113275340294
2016-02-11 00:00:00-05:00,14.949999809265137,15.199999809265137,14.789999961853027,14.949999809265137,21500000,0.0,0.0,0.0,0.02749138235647486,0.027120280352083824,0.20296282561590276,0.20368210978739024
2016-02-12 00:00:00-05:00,14.949999809265137,15.0600004196167,14.890000343322754,14.989999771118164,7130900,0.0,0.0,0.0,0.002675582766779483,0.0026720097670272615,0.2102692592941819,0.17650575405061872
2016-02-16 00:00:00-05:00,14.680000305175781,14.680000305175781,14.5,14.510000228881836,8638300,0.0,0.0,0.0,-0.032021317516039094,-0.03254521417536596,0.33877923727805026,0.22330212617933728
2016-02-17 00:00:00-05:00,14.550000190734863,14.649999618530273,14.520000457763672,14.539999961853027,4999900,0.0,0.0,0.0,0.002067521192141486,0.002065386811613177,0.33660037392192993,0.22286293689043757
2016-02-18 00:00:00-05:00,14.529999732971191,14.819999694824219,14.510000228881836,14.760000228881836,7516900,0.0,0.0,0.0,0.01513069240756515,0.015017365197440586,0.352687955756355,0.2256152374777835
2016-02-19 00:00:00-05:00,14.619999885559082,14.699999809265137,14.600000381469727,14.640000343322754,5343100,0.0,0.0,0.0,-0.008130073421291018,-0.008163302695052731,0.2805791693380364,0.22921353150668633
2016-02-22 00:00:00-05:00,14.34000015258789,14.520000457763672,14.34000015258789,14.430000305175781,5417600,0.0,0.0,0.0,-0.014344264564361997,-0.014448138049690895,0.28087265408181783,0.23603582040156967
2016-02-23 00:00:00-05:00,14.510000228881836,14.579999923706055,14.489999771118164,14.539999961853027,4406100,0.0,0.0,0.0,0.00762298366950076,0.00759407554730301,0.18817768555273554,0.2328956664469262
2016-02-24 00:00:00-05:00,14.720000267028809,14.84000015258789,14.449999809265137,14.520000457763672,8958200,0.0,0.0,0.0,-0.0013754817153938115,-0.0013764285587118778,0.1879228298126084,0.2272942662926863
2016-02-25 00:00:00-05:00,14.380000114440918,14.479999542236328,14.319999694824219,14.40999984741211,5180700,0.0,0.0,0.0,-0.0075757993721512484,-0.0076046415006703096,0.1318486337056757,0.22989812105111945
2016-02-26 00:00:00-05:00,14.3100004196167,14.329999923706055,13.970000267028809,14.020000457763672,10291000,0.0,0.0,0.0,-0.027064496445395658,-0.02743748516519814,0.20854720884051675,0.24304900879908176
2016-02-29 00:00:00-05:00,14.039999961853027,14.210000038146973,14.029999732971191,14.199999809265137,4938600,0.0,0.0,0.0,0.012838755037400063,0.01275703691797762,0.24673621749951852,0.24620875693484826
2016-03-01 00:00:00-05:00,14.210000038146973,14.220000267028809,14.010000228881836,14.170000076293945,20681200,0.0,0.0,0.0,-0.0021126572798696452,-0.002114892088405193,0.22910427009103934,0.24630588445673282
2016-03-02 00:00:00-05:00,14.170000076293945,14.3100004196167,14.149999618530273,14.25,9133800,0.0,0.0,0.0,0.00564572500178695,0.0056298476278824556,0.24131124513290492,0.24572858109159748
2016-03-03 00:00:00-05:00,14.260000228881836,14.59000015258789,14.260000228881836,14.5,10448100,0.0,0.0,0.0,0.01754385964912286,0.01739174271186924,0.27860297143005136,0.2388946486030856
2016-03-04 00:00:00-05:00,14.670000076293945,15.039999961853027,14.649999618530273,14.760000228881836,18755100,0.0,0.0,0.0,0.0179310502677128,0.01777218525269703,0.13583236721671832,0.24065773304679142
2016-03-07 00:00:00-05:00,14.859999656677246,14.970000267028809,14.779999732971191,14.899999618530273,8332500,0.0,0.0,0.0,0.0094850533521329,0.009440352670192323,0.13406642968323737,0.2394568051688418
2016-03-08 00:00:00-05:00,14.84000015258789,14.859999656677246,14.600000381469727,14.619999885559082,8149000,0.0,0.0,0.0,-0.018791928868439167,-0.018970740855481828,0.2383640158145311,0.24304013665011287
2016-03-09 00:00:00-05:00,14.5,14.699999809265137,14.470000267028809,14.529999732971191,5620700,0.0,0.0,0.0,-0.006155961237509167,-0.006174987289501806,0.25476132706155213,0.24326095260913572
2016-03-10 00:00:00-05:00,14.720000267028809,14.899999618530273,14.699999809265137,14.819999694824219,11744600,0.0,0.0,0.0,0.019958703866660432,0.019762140071348216,0.2632821689548127,0.25313970522289825
2016-03-11 00:00:00-05:00,14.869999885559082,14.920000076293945,14.720000267028809,14.720000267028809,7177400,0.0,0.0,0.0,-0.006747599855237096,-0.0067704678345085305,0.24125395164426697,0.2341529873023784
2016-03-14 00:00:00-04:00,15.029999732971191,15.039999961853027,14.539999961853027,14.579999923706055,11305100,0.0,0.0,0.0,-0.009510892716241282,-0.009556410093542893,0.22936833590704872,0.2358326342239563
2016-03-15 00:00:00-04:00,14.520000457763672,14.579999923706055,14.460000038146973,14.539999961853027,4692500,0.0,0.0,0.0,-0.002743481622931254,-0.0027472518659460545,0.19022158428438118,0.20625993089946898
2016-03-16 00:00:00-04:00,14.510000228881836,14.90999984741211,14.470000267028809,14.869999885559082,10300400,0.0,0.0,0.0,0.022696005816495113,0.022442283294184597,0.2440085414247177,0.22121432503703323
2016-03-17 00:00:00-04:00,15.109999656677246,15.279999732971191,15.0,15.15999984741211,20688300,0.0,0.0,0.0,0.01950235131707423,0.01931461737309156,0.2422293108703255,0.2253670330139101
2016-03-18 00:00:00-04:00,15.09000015258789,15.149999618530273,14.979999542236328,15.029999732971191,8934300,0.0,0.0,0.0,-0.00857520552436608,-0.008612184150566044,0.2479224333100299,0.22562296249639
2016-03-21 00:00:00-04:00,15.050000190734863,15.119999885559082,14.989999771118164,15.0600004196167,5287800,0.0,0.0,0.0,0.0019960537044918514,0.001994064236246658,0.21943784419018011,0.21780899045058638
2016-03-22 00:00:00-04:00,15.079999923706055,15.199999809265137,15.010000228881836,15.119999885559082,5024200,0.0,0.0,0.0,0.003984028172019816,0.003976112947801387,0.2062400438931015,0.2169950967618677
2016-03-23 00:00:00-04:00,14.649999618530273,14.65999984741211,14.5,14.510000228881836,14398800,0.0,0.0,0.0,-0.040343892942740656,-0.04118028051237128,0.35421028923234865,0.2641166460760466
2016-03-24 00:00:00-04:00,14.569999694824219,14.600000381469727,14.430000305175781,14.430000305175781,5424900,0.0,0.0,0.0,-0.005513433662586498,-0.005528688735689829,0.28418146120129073,0.2634224470481417
2016-03-28 00:00:00-04:00,14.579999923706055,14.630000114440918,14.430000305175781,14.460000038146973,3438300,0.0,0.0,0.0,0.0020789835299193093,0.002076825434239758,0.29660964883951885,0.24292984012093177
2016-03-29 00:00:00-04:00,14.529999732971191,14.619999885559082,14.380000114440918,14.600000381469727,7704200,0.0,0.0,0.0,0.009681904768562788,0.009635335473631981,0.31655716443709453,0.24125552045068954
2016-03-30 00:00:00-04:00,14.600000381469727,14.6899995803833,14.449999809265137,14.489999771118164,7875000,0.0,0.0,0.0,-0.0075342881833876385,-0.007562814305610873,0.3039285453416739,0.2430930098227865
2016-03-31 00:00:00-04:00,14.699999809265137,14.739999771118164,14.609999656677246,14.680000305175781,5868200,0.0,0.0,0.0,0.013112528437462911,0.013027303438167324,0.1440111633863778,0.24631572831682455
2016-04-01 00:00:00-04:00,14.239999771118164,14.380000114440918,14.09000015258789,14.34000015258789,13947100,0.0,0.0,0.0,-0.023160772855571055,-0.023433198162718362,0.23227942645358007,0.253644602494783
2016-04-04 00:00:00-04:00,14.329999923706055,14.359999656677246,14.199999809265137,14.199999809265137,5481000,0.0,0.0,0.0,-0.00976292481402019,-0.00981089463700951,0.23702759526420716,0.2459857490416113
2016-04-05 00:00:00-04:00,14.40999984741211,14.4399995803833,14.350000381469727,14.420000076293945,7597200,0.0,0.0,0.0,0.015492976759426735,0.015374185972462944,0.2599224738422624,0.2505294633679166
2016-04-06 00:00:00-04:00,14.3100004196167,14.460000038146973,14.270000457763672,14.34000015258789,4688200,0.0,0.0,0.0,-0.005547844887849318,-0.00556329133545336,0.2578102277773085,0.24270578332102186
2016-04-07 00:00:00-04:00,14.5600004196167,14.619999885559082,14.420000076293945,14.479999542236328,8633900,0.0,0.0,0.0,0.009762858309535716,0.009715509531864602,0.24630175406434768,0.24466399644161038
2016-04-08 00:00:00-04:00,14.510000228881836,14.649999618530273,14.489999771118164,14.619999885559082,7946400,0.0,0.0,0.0,0.009668532303084065,0.009622091149879726,0.17353038933431364,0.2360735027813984
2016-04-11 00:00:00-04:00,14.930000305175781,15.199999809265137,14.930000305175781,15.140000343322754,13189400,0.0,0.0,0.0,0.03556774704747445,0.034949824191902075,0.23560650122673024,0.26713581018766
2016-04-12 00:00:00-04:00,15.279999732971191,15.430000305175781,15.199999809265137,15.40999984741211,11986500,0.0,0.0,0.0,0.01783352034126162,0.017676368744311072,0.23774988745232128,0.26975023542784005
2016-04-13 00:00:00-04:00,15.479999542236328,15.529999732971191,15.289999961853027,15.4399995803833,10558000,0.0,0.0,0.0,0.0019467704911255712,0.0019448779892328506,0.20349272866217968,0.2689591395089835
2016-04-14 00:00:00-04:00,15.399999618530273,15.460000038146973,15.300000190734863,15.34000015258789,7392500,0.0,0.0,0.0,-0.006476647053958562,-0.0064977115332129935,0.25559090881292773,0.26063809077497535
2016-04-15 00:00:00-04:00,15.399999618530273,15.579999923706055,15.319999694824219,15.460000038146973,9692000,0.0,0.0,0.0,0.007822678250680282,0.0077922397405690794,0.2568516407305692,0.2532411834687476
2016-04-18 00:00:00-04:00,15.470000267028809,15.529999732971191,15.40999984741211,15.420000076293945,5351100,0.0,0.0,0.0,-0.00258731964775738,-0.0025906725438284736,0.1512085239853633,0.25108927554057553
2016-04-19 00:00:00-04:00,16.15999984741211,16.200000762939453,16.040000915527344,16.1200008392334,18838300,0.0,0.0,0.0,0.04539563939533342,0.04439541605719604,0.331975281578519,0.29574175826758947
2016-04-20 00:00:00-04:00,16.239999771118164,16.360000610351562,16.1299991607666,16.139999389648438,16221600,0.0,0.0,0.0,0.0012406047998685388,0.0012398358856139174,0.3329863206661644,0.29585125722531563
2016-04-21 00:00:00-04:00,16.43000030517578,16.440000534057617,15.920000076293945,16.209999084472656,18781300,0.0,0.0,0.0,0.004337032061420887,0.004327654242693179,0.3091577641573352,0.24656867319790068
2016-04-22 00:00:00-04:00,16.360000610351562,16.510000228881836,16.020000457763672,16.139999389648438,14527800,0.0,0.0,0.0,-0.004318303440946525,-0.004327654242693147,0.32899542995912207,0.24588540347854893
2016-04-25 00:00:00-04:00,16.200000762939453,16.290000915527344,16.100000381469727,16.170000076293945,9324800,0.0,0.0,0.0,0.001858778672863437,0.0018570532815356357,0.32069835921228235,0.24592998087665802
2016-04-26 00:00:00-04:00,16.229999542236328,16.31999969482422,16.15999984741211,16.290000915527344,7745900,0.0,0.0,0.0,0.007421202143921279,0.00739380050849786,0.06888080600619641,0.2455772054703308
2016-04-27 00:00:00-04:00,16.3700008392334,16.479999542236328,16.219999313354492,16.3799991607666,17178800,0.0,0.0,0.0,0.005524753847832686,0.005509548373918317,0.07212111589168319,0.2406363718987916
2016-04-28 00:00:00-04:00,16.510000228881836,16.799999237060547,16.459999084472656,16.770000457763672,13007900,0.0,0.0,0.0,0.02380960421116507,0.023530575942026684,0.16637089987915216,0.24757433021163208
2016-04-29 00:00:00-04:00,16.959999084472656,17.09000015258789,16.8700008392334,16.979999542236328,15182000,0.0,0.0,0.0,0.0125223064245914,0.012444550792510911,0.13511209406408853,0.22132648634491298
2016-05-02 00:00:00-04:00,16.940000534057617,16.950000762939453,16.6299991607666,16.639999389648438,12874000,0.0,0.0,0.0,-0.020023566652176195,-0.02022675521092914,0.2558558711719921,0.23516648557124953
2016-05-03 00:00:00-04:00,16.75,16.75,16.479999542236328,16.56999969482422,9740600,0.0,0.0,0.0,-0.004206712583641359,-0.004215585692176686,0.26452976172733367,0.23729774338465595
2016-05-04 00:00:00-04:00,16.530000686645508,16.610000610351562,16.389999389648438,16.489999771118164,8323400,0.0,0.0,0.0,-0.004827997898578351,-0.0048396903296349285,0.2697584643932865,0.23680301299983525
2016-05-05 00:00:00-04:00,16.729999542236328,16.75,16.399999618530273,16.510000228881836,7639700,0.0,0.0,0.0,0.0012128840534433305,0.00121214910379223,0.1866974854956535,0.2374782033332698
2016-05-06 00:00:00-04:00,16.530000686645508,16.739999771118164,16.489999771118164,16.6299991607666,9188200,0.0,0.0,0.0,0.007268257433143077,0.007241970944546978,0.161023422370783,0.23723110105733292
2016-05-09 00:00:00-04:00,16.25,16.280000686645508,16.100000381469727,16.1200008392334,10563400,0.0,0.0,0.0,-0.03066736904812284,-0.031147453599701936,0.23015884737561781,0.24617217766182853
2016-05-10 00:00:00-04:00,16.25,16.31999969482422,16.170000076293945,16.280000686645508,6278300,0.0,0.0,0.0,0.00992554833016479,0.009876613611529673,0.25819969690661765,0.24151691944183687
2016-05-11 00:00:00-04:00,16.59000015258789,16.65999984741211,16.43000030517578,16.559999465942383,9226300,0.0,0.0,0.0,0.01719894149184875,0.017052713955621072,0.29530734216179766,0.24676407442093432
2016-05-12 00:00:00-04:00,16.540000915527344,16.56999969482422,16.170000076293945,16.219999313354492,9826700,0.0,0.0,0.0,-0.02053141084256327,-0.020745110353252973,0.3322938230057686,0.25912598299803186
2016-05-13 00:00:00-04:00,16.15999984741211,16.290000915527344,16.079999923706055,16.280000686645508,6156500,0.0,0.0,0.0,0.0036992216911879705,0.0036923963976317224,0.3260078630720763,0.25850362149666295
2016-05-16 00:00:00-04:00,16.479999542236328,16.549999237060547,16.270000457763672,16.31999969482422,6588700,0.0,0.0,0.0,0.0024569414306918613,0.0024539280848285537,0.22492994264012658,0.25775097287169824
2016-05-17 00:00:00-04:00,16.309999465942383,16.5,16.290000915527344,16.40999984741211,5992300,0.0,0.0,0.0,0.005514715335223519,0.0054995649670652146,0.2178873059971444,0.2039323493966807
2016-05-18 00:00:00-04:00,16.15999984741211,16.31999969482422,15.899999618530273,16.0,13533300,0.0,0.0,0.0,-0.02498475632080932,-0.025302173563748392,0.23368562295931095,0.22375564100557693
2016-05-19 00:00:00-04:00,15.569999694824219,15.720000267028809,15.529999732971191,15.670000076293945,17547100,0.0,0.0,0.0,-0.020624995231628418,-0.020840661003061405,0.2340335283678023,0.2341376813436065
2016-05-20 00:00:00-04:00,15.819999694824219,15.819999694824219,15.609999656677246,15.6899995803833,5965800,0.0,0.0,0.0,0.001276292532991885,0.0012754787640082588,0.22774109099579196,0.23411477589979804
2016-05-23 00:00:00-04:00,15.520000457763672,15.649999618530273,15.510000228881836,15.59000015258789,6041500,0.0,0.0,0.0,-0.006373449998076208,-0.006393847143493796,0.2120633842880829,0.23446087923352144
2016-05-24 00:00:00-04:00,15.510000228881836,15.640000343322754,15.399999618530273,15.420000076293945,7939500,0.0,0.0,0.0,-0.01090443070109437,-0.01096431977432412,0.1686724236958858,0.2340074148957475
2016-05-25 00:00:00-04:00,15.479999542236328,15.5600004196167,15.4399995803833,15.5,7969100,0.0,0.0,0.0,0.00518806247148107,0.005174650842290919,0.16184734144152377,0.23385466983166003
2016-05-26 00:00:00-04:00,15.710000038146973,15.729999542236328,15.489999771118164,15.529999732971191,5485700,0.0,0.0,0.0,0.0019354666433026857,0.0019335960410090168,0.10531585490800746,0.21298312968061195
2016-05-27 00:00:00-04:00,15.5,15.510000228881836,15.34000015258789,15.390000343322754,5918000,0.0,0.0,0.0,-0.00901477089862468,-0.009055649807251202,0.11167706133374715,0.20472286848537521
2016-05-31 00:00:00-04:00,15.260000228881836,15.3100004196167,15.170000076293945,15.1899995803833,7432200,0.0,0.0,0.0,-0.012995500875750632,-0.01308068117581349,0.12961825963961832,0.19924910900847256
2016-06-01 00:00:00-04:00,15.1899995803833,15.25,15.039999961853027,15.170000076293945,7146500,0.0,0.0,0.0,-0.0013166230837282633,-0.0013174905934397118,0.12038353384132777,0.19956414006600062
2016-06-02 00:00:00-04:00,15.210000038146973,15.25,15.170000076293945,15.220000267028809,4223600,0.0,0.0,0.0,0.0032959914623202913,0.0032905715884338272,0.11253090807968057,0.20136966069447038
2016-06-03 00:00:00-04:00,15.59000015258789,15.640000343322754,15.510000228881836,15.609999656677246,9059300,0.0,0.0,0.0,0.025624138160713184,0.0253013425554308,0.2398424588716885,0.22667879414395245
2016-06-06 00:00:00-04:00,15.630000114440918,15.680000305175781,15.569999694824219,15.680000305175781,5736300,0.0,0.0,0.0,0.004484346575151399,0.004474321851432564,0.22242479004930524,0.22526582754045452
2016-06-07 00:00:00-04:00,15.569999694824219,15.65999984741211,15.539999961853027,15.600000381469727,4896900,0.0,0.0,0.0,-0.005102035851341613,-0.005115095676324061,0.1894472674231653,0.20027255934058855
2016-06-08 00:00:00-04:00,16.15999984741211,16.260000228881836,16.100000381469727,16.209999084472656,14512900,0.0,0.0,0.0,0.03910248000554595,0.03835734055973456,0.2898912286053808,0.24439021740061656
2016-06-09 00:00:00-04:00,16.239999771118164,16.479999542236328,16.219999313354492,16.469999313354492,12579800,0.0,0.0,0.0,0.016039496827047195,0.015912223230454398,0.2754412344626508,0.24333385343269232
2016-06-10 00:00:00-04:00,16.469999313354492,16.530000686645508,16.360000610351562,16.489999771118164,11215100,0.0,0.0,0.0,0.001214356927595972,0.0012136201926013497,0.2763857244921368,0.23112675379183042
2016-06-13 00:00:00-04:00,16.530000686645508,16.600000381469727,16.459999084472656,16.579999923706055,7799500,0.0,0.0,0.0,0.00545786257350489,0.005443022414115141,0.27498997053602403,0.23149066748005337
2016-06-14 00:00:00-04:00,16.600000381469727,16.600000381469727,16.450000762939453,16.540000915527344,7612100,0.0,0.0,0.0,-0.00241248542598127,-0.0024154001577221113,0.2653512860271846,0.23173318392415448
2016-06-15 00:00:00-04:00,16.610000610351562,16.75,16.56999969482422,16.690000534057617,11249000,0.0,0.0,0.0,0.009068900255589263,0.009028024724540085,0.11339333239295234,0.23303807432393805
2016-06-16 00:00:00-04:00,16.889999389648438,16.920000076293945,16.299999237060547,16.309999465942383,36351500,0.0,0.0,0.0,-0.02276818789429058,-0.023031385783662654,0.19761966130830655,0.22987795994227167
2016-06-17 00:00:00-04:00,16.600000381469727,16.6200008392334,16.389999389648438,16.600000381469727,14781400,0.0,0.0,0.0,0.017780559474137814,0.017624334453861912,0.24364061967874942,0.22212209758767829
2016-06-20 00:00:00-04:00,16.510000228881836,16.690000534057617,16.489999771118164,16.649999618530273,7317200,0.0,0.0,0.0,0.0030120021633468497,0.0030074751727564965,0.24170129615243302,0.22203105413047902
2016-06-21 00:00:00-04:00,16.469999313354492,16.5,16.31999969482422,16.3799991607666,6642800,0.0,0.0,0.0,-0.016216244081061704,-0.016349166325685997,0.27174828112030835,0.2301803847831266
2016-06-22 00:00:00-04:00,16.40999984741211,16.479999542236328,16.389999389648438,16.420000076293945,4521800,0.0,0.0,0.0,0.002442058460122132,0.0024390814810137844,0.25877514091986925,0.22462354599068493
2016-06-23 00:00:00-04:00,16.450000762939453,16.520000457763672,16.43000030517578,16.489999771118164,7472400,0.0,0.0,0.0,0.0042630751826413515,0.004254014020783174,0.19228319246795172,0.22454118492939637
2016-06-24 00:00:00-04:00,17.049999237060547,17.06999969482422,16.799999237060547,16.889999389648438,16614200,0.0,0.0,0.0,0.024257102733916458,0.023967571991379277,0.22749808513659417,0.23653991284188738
2016-06-27 00:00:00-04:00,16.90999984741211,16.93000030517578,16.780000686645508,16.8700008392334,8978600,0.0,0.0,0.0,-0.001184046840599362,-0.0011847483778830736,0.23006096756636366,0.23228381112778929
2016-06-28 00:00:00-04:00,16.899999618530273,16.969999313354492,16.850000381469727,16.90999984741211,6759600,0.0,0.0,0.0,0.002371014000526195,0.0023682075819938843,0.16127552909488177,0.22297321309995788
2016-06-29 00:00:00-04:00,17.34000015258789,17.520000457763672,17.290000915527344,17.3700008392334,13965000,0.0,0.0,0.0,0.027202897455477437,0.026839474681159922,0.21087590717298665,0.23415957475183816
2016-06-30 00:00:00-04:00,17.530000686645508,17.899999618530273,17.459999084472656,17.860000610351562,18416300,0.0,0.0,0.0,0.028209542167171753,0.02781898105445317,0.22779387516660704,0.24550311619523962
2016-07-01 00:00:00-04:00,18.280000686645508,18.920000076293945,18.280000686645508,18.739999771118164,29989500,0.0,0.0,0.0,0.049272067787979656,0.04809665497415881,0.3300201387242865,0.2797931533581885
2016-07-05 00:00:00-04:00,18.8700008392334,19.079999923706055,18.670000076293945,18.979999542236328,28689100,0.0,0.0,0.0,0.012806818252369956,0.012725504466838218,0.2817169227189337,0.27944291461255155
2016-07-06 00:00:00-04:00,18.989999771118164,19.239999771118164,18.8799991607666,19.100000381469727,23766600,0.0,0.0,0.0,0.006322489047819069,0.006302585961251982,0.2634318120116375,0.274289524539458
2016-07-07 00:00:00-04:00,18.889999389648438,18.899999618530273,18.5,18.709999084472656,19039200,0.0,0.0,0.0,-0.020418915665333603,-0.02063026367133828,0.4111613446163874,0.2727953617816795
2016-07-08 00:00:00-04:00,18.8799991607666,19.219999313354492,18.700000762939453,19.219999313354492,20102900,0.0,0.0,0.0,0.02725816428847838,0.026893276463090372,0.40932184368001023,0.2803447769899404
2016-07-11 00:00:00-04:00,19.25,19.450000762939453,19.219999313354492,19.299999237060547,20224200,0.0,0.0,0.0,0.004162327084500372,0.004153688563724368,0.2749177690435518,0.2796070883290157
2016-07-12 00:00:00-04:00,19.350000381469727,19.43000030517578,18.969999313354492,19.09000015258789,21190500,0.0,0.0,0.0,-0.01088078200901732,-0.010940410649561612,0.2891739662540053,0.28751470300928184
2016-07-13 00:00:00-04:00,19.31999969482422,19.399999618530273,19.15999984741211,19.389999389648438,9452400,0.0,0.0,0.0,0.01571499395823106,0.015592792046177828,0.30663519888805113,0.28665263969252447
2016-07-14 00:00:00-04:00,19.110000610351562,19.299999237060547,19.100000381469727,19.25,10881400,0.0,0.0,0.0,-0.007220185356126341,-0.007246377043120416,0.2521518753892989,0.2917342929228237
2016-07-15 00:00:00-04:00,19.100000381469727,19.18000030517578,19.010000228881836,19.079999923706055,11279600,0.0,0.0,0.0,-0.008831172794490638,-0.008870398712287193,0.17798644015300508,0.276465257728978
2016-07-18 00:00:00-04:00,18.93000030517578,19.1200008392334,18.920000076293945,19.100000381469727,8619000,0.0,0.0,0.0,0.001048242025348367,0.0010476930033149962,0.17315054066089192,0.275003240109418
2016-07-19 00:00:00-04:00,18.90999984741211,19.020000457763672,18.889999389648438,18.920000076293945,5248600,0.0,0.0,0.0,-0.009424099559202759,-0.009468787368639238,0.16871353976304915,0.28098090706681306
2016-07-20 00:00:00-04:00,18.489999771118164,18.6200008392334,18.389999389648438,18.420000076293945,13492700,0.0,0.0,0.0,-0.02642706120421645,-0.026782532687112975,0.15898127866177167,0.2939939099454117
2016-07-21 00:00:00-04:00,18.3700008392334,18.899999618530273,18.360000610351562,18.8799991607666,12846100,0.0,0.0,0.0,0.02497280578541705,0.024666081297363324,0.2991285492821575,0.3011211687249125
2016-07-22 00:00:00-04:00,18.670000076293945,18.739999771118164,18.59000015258789,18.670000076293945,6826000,0.0,0.0,0.0,-0.011122833358438,-0.011185154626354955,0.3020180177699002,0.3079685889340786
2016-07-25 00:00:00-04:00,18.489999771118164,18.729999542236328,18.34000015258789,18.540000915527344,8644600,0.0,0.0,0.0,-0.006962997334513554,-0.00698735212117496,0.2985990487031108,0.3038767342677795
2016-07-26 00:00:00-04:00,18.670000076293945,18.709999084472656,18.6299991607666,18.65999984741211,4110600,0.0,0.0,0.0,0.006472433978375047,0.006451577723023638,0.3076104283392916,0.30307676648683163
2016-07-27 00:00:00-04:00,19.020000457763672,19.399999618530273,18.799999237060547,19.3700008392334,20054800,0.0,0.0,0.0,0.03804935678602139,0.03734333350343072,0.3326945688806211,0.3243337001185237
2016-07-28 00:00:00-04:00,19.299999237060547,19.34000015258789,19.100000381469727,19.209999084472656,9657900,0.0,0.0,0.0,-0.008260286413445228,-0.008294591623786108,0.32377848141248416,0.3194419516099342
2016-07-29 00:00:00-04:00,19.260000228881836,19.399999618530273,19.09000015258789,19.350000381469727,14664700,0.0,0.0,0.0,0.007287938764673374,0.007261510068417605,0.29610979403012533,0.30791108066743456
2016-08-01 00:00:00-04:00,19.450000762939453,19.549999237060547,19.350000381469727,19.43000030517578,11590000,0.0,0.0,0.0,0.004134362900719335,0.004125839905782249,0.27188266214869744,0.2578824482573111
2016-08-02 00:00:00-04:00,19.649999618530273,19.709999084472656,19.559999465942383,19.600000381469727,9389300,0.0,0.0,0.0,0.008749360454135546,0.008711306603441884,0.2707440529765171,0.25600891408193444
2016-08-03 00:00:00-04:00,19.520000457763672,19.520000457763672,19.350000381469727,19.3799991607666,7129100,0.0,0.0,0.0,-0.011224551858229459,-0.011288022540690152,0.14654648622020486,0.2593897385877813
2016-08-04 00:00:00-04:00,19.280000686645508,19.450000762939453,19.270000457763672,19.350000381469727,5468600,0.0,0.0,0.0,-0.0015479246953532533,-0.001549123968533984,0.12901282038029913,0.24722742266457326
2016-08-05 00:00:00-04:00,18.93000030517578,18.93000030517578,18.709999084472656,18.709999084472656,15087800,0.0,0.0,0.0,-0.03307500177674205,-0.0336343478365057,0.2630891166579192,0.2573688429216485
2016-08-08 00:00:00-04:00,18.760000228881836,18.8799991607666,18.729999542236328,18.739999771118164,6084200,0.0,0.0,0.0,0.0016034574085257436,0.001602173243248214,0.2571340241618121,0.25681887806400355
2016-08-09 00:00:00-04:00,18.850000381469727,18.889999389648438,18.780000686645508,18.8700008392334,4754400,0.0,0.0,0.0,0.006937090165582083,0.006913139258204866,0.25032886606973986,0.255832295670693
2016-08-10 00:00:00-04:00,19.290000915527344,19.31999969482422,19.1299991607666,19.15999984741211,8651400,0.0,0.0,0.0,0.015368256241714784,0.015251360723901338,0.2927406159325613,0.25554439935768186
2016-08-11 00:00:00-04:00,19.15999984741211,19.260000228881836,18.950000762939453,18.959999084472656,8105400,0.0,0.0,0.0,-0.010438453263686531,-0.010493316039269613,0.29835272582096367,0.25692291791347327
2016-08-12 00:00:00-04:00,19.149999618530273,19.190000534057617,18.68000030517578,18.719999313354492,9836800,0.0,0.0,0.0,-0.012658216387505639,-0.012739014169903484,0.1871471565477719,0.25889385436421924
2016-08-15 00:00:00-04:00,18.770000457763672,18.889999389648438,18.760000228881836,18.829999923706055,4449000,0.0,0.0,0.0,0.005876101195852579,0.0058589042476740166,0.19162441897346458,0.25992253619407074
2016-08-16 00:00:00-04:00,18.770000457763672,18.950000762939453,18.729999542236328,18.81999969482422,9691800,0.0,0.0,0.0,-0.0005310796028865639,-0.0005312206756083061,0.18428272172888271,0.2578196188324253
2016-08-17 00:00:00-04:00,18.719999313354492,18.81999969482422,18.40999984741211,18.68000030517578,14618300,0.0,0.0,0.0,-0.0074388624823910066,-0.007466668804000003,0.12100776927381139,0.24036095330955254
2016-08-18 00:00:00-04:00,18.790000915527344,18.850000381469727,18.700000762939453,18.770000457763672,6257200,0.0,0.0,0.0,0.004817995241839235,0.004806425848736141,0.12646257299778632,0.22354695800648117
2016-08-19 00:00:00-04:00,18.399999618530273,18.479999542236328,18.329999923706055,18.350000381469727,11493400,0.0,0.0,0.0,-0.02237613564469698,-0.022630279697345664,0.18389980807007308,0.2341579936815519
2016-08-22 00:00:00-04:00,18.010000228881836,18.030000686645508,17.899999618530273,17.969999313354492,12279000,0.0,0.0,0.0,-0.02070850464390006,-0.020925932704310125,0.19128633966416062,0.2438688309054158
2016-08-23 00:00:00-04:00,18.049999237060547,18.100000381469727,17.90999984741211,17.93000030517578,8261100,0.0,0.0,0.0,-0.0022258770009515594,-0.0022283579473679842,0.1867456162355993,0.2420697939429684
2016-08-24 00:00:00-04:00,17.770000457763672,17.780000686645508,17.600000381469727,17.6200008392334,11820300,0.0,0.0,0.0,-0.017289428927276473,-0.017440636499818245,0.19261129848644737,0.19638138493982824
2016-08-25 00:00:00-04:00,17.610000610351562,17.700000762939453,17.600000381469727,17.6299991607666,6661500,0.0,0.0,0.0,0.0005674416036882679,0.0005672806695790645,0.17099729192650281,0.19672858941609667
2016-08-26 00:00:00-04:00,17.790000915527344,18.1200008392334,17.6200008392334,17.719999313354492,16056800,0.0,0.0,0.0,0.005104943668299944,0.005091957619984885,0.1810569719929965,0.1951831312434573
2016-08-29 00:00:00-04:00,17.68000030517578,17.93000030517578,17.65999984741211,17.899999618530273,6200800,0.0,0.0,0.0,0.01015803115974867,0.010106785108363457,0.1647302882163442,0.19976027543014485
2016-08-30 00:00:00-04:00,17.799999237060547,17.860000610351562,17.639999389648438,17.670000076293945,10113900,0.0,0.0,0.0,-0.012849136711613696,-0.012932400886235634,0.1865926816636171,0.19613271198315754
2016-08-31 00:00:00-04:00,17.700000762939453,17.799999237060547,17.690000534057617,17.719999313354492,4347300,0.0,0.0,0.0,0.0028296115927937127,0.0028256157778720984,0.1365396314702861,0.19665252197313957
2016-09-01 00:00:00-04:00,17.739999771118164,17.989999771118164,17.690000534057617,17.940000534057617,11186400,0.0,0.0,0.0,0.012415419256665672,0.012338979972559852,0.15757569532753735,0.2053849907332216
2016-09-02 00:00:00-04:00,18.260000228881836,18.440000534057617,18.15999984741211,18.440000534057617,12220700,0.0,0.0,0.0,0.027870679214908156,0.027489360690609657,0.23550787148323138,0.20368487489566967
2016-09-06 00:00:00-04:00,18.65999984741211,19.1200008392334,18.6299991607666,19.049999237060547,15730200,0.0,0.0,0.0,0.03308018900955556,0.03254481443303696,0.2965348780725056,0.23632937556855846
2016-09-07 00:00:00-04:00,18.979999542236328,18.989999771118164,18.729999542236328,18.780000686645508,7417600,0.0,0.0,0.0,-0.014173152820383006,-0.014274551180684249,0.3037736563436664,0.24104007385779394
2016-09-08 00:00:00-04:00,18.780000686645508,18.8700008392334,18.56999969482422,18.6200008392334,8352100,0.0,0.0,0.0,-0.008519693373913784,-0.008556193422178735,0.3353543990559606,0.2355200363533456
2016-09-09 00:00:00-04:00,18.489999771118164,18.5,18.100000381469727,18.110000610351562,12606600,0.0,0.0,0.0,-0.027389914387502934,-0.02777201132274896,0.4253006531515448,0.25137331545639746
2016-09-12 00:00:00-04:00,17.920000076293945,18.219999313354492,17.850000381469727,18.170000076293945,11561100,0.0,0.0,0.0,0.00331305709112395,0.0033075810091940617,0.3629908109510044,0.24891762190584343
2016-09-13 00:00:00-04:00,18.09000015258789,18.110000610351562,17.84000015258789,17.93000030517578,8803600,0.0,0.0,0.0,-0.013208572928477103,-0.013296581969534147,0.17563313019875007,0.25075720356152187
2016-09-14 00:00:00-04:00,18.049999237060547,18.139999389648438,18.0,18.020000457763672,4763000,0.0,0.0,0.0,0.005019528781709637,0.0050069729458392,0.210110678590477,0.2520553384500324
2016-09-15 00:00:00-04:00,18.020000457763672,18.15999984741211,17.8700008392334,18.040000915527344,8193200,0.0,0.0,0.0,0.0011099032883239435,0.0011092878010480305,0.21995482125288815,0.2514572104010164
2016-09-16 00:00:00-04:00,17.770000457763672,17.8799991607666,17.739999771118164,17.860000610351562,8058800,0.0,0.0,0.0,-0.00997784346124131,-0.010027955761757067,0.13130064309363504,0.2519151646933887
2016-09-19 00:00:00-04:00,18.270000457763672,18.31999969482422,18.18000030517578,18.200000762939453,5498400,0.0,0.0,0.0,0.01903696198032767,0.01885802637992699,0.20423175529859305,0.25116740545808663
2016-09-20 00:00:00-04:00,18.149999618530273,18.299999237060547,18.110000610351562,18.270000457763672,3053000,0.0,0.0,0.0,0.003846136917024623,0.003838759442898879,0.16472808987219567,0.23954894878616756
2016-09-21 00:00:00-04:00,18.610000610351562,18.8700008392334,18.540000915527344,18.850000381469727,17296300,0.0,0.0,0.0,0.03174602677470584,0.031252538685742376,0.25926781277444994,0.2628231146116345
2016-09-22 00:00:00-04:00,18.979999542236328,19.049999237060547,18.850000381469727,18.899999618530273,9240800,0.0,0.0,0.0,0.0026524793659790102,0.002648967750872635,0.25646945768450297,0.25208586286450496
2016-09-23 00:00:00-04:00,18.809999465942383,18.850000381469727,18.59000015258789,18.68000030517578,6948800,0.0,0.0,0.0,-0.01164017554470198,-0.011708452744283424,0.26455121250993274,0.25771545481756064
2016-09-26 00:00:00-04:00,18.639999389648438,18.670000076293945,18.3700008392334,18.40999984741211,6701000,0.0,0.0,0.0,-0.014453985725517371,-0.014559462181058802,0.2910411661095993,0.2648703808248553
2016-09-27 00:00:00-04:00,18.25,18.299999237060547,18.010000228881836,18.170000076293945,7780300,0.0,0.0,0.0,-0.013036380940106396,-0.013122100349694792,0.3099318328436432,0.26822038346454197
2016-09-28 00:00:00-04:00,18.09000015258789,18.239999771118164,17.959999084472656,18.209999084472656,6993400,0.0,0.0,0.0,0.0022013763352095594,0.002198956856463165,0.1354603658888282,0.26327501383355195
2016-09-29 00:00:00-04:00,18.139999389648438,18.239999771118164,18.049999237060547,18.110000610351562,5776900,0.0,0.0,0.0,-0.005491404675926681,-0.005506537865657229,0.10925169160853834,0.2644290177955376
2016-09-30 00:00:00-04:00,18.649999618530273,18.670000076293945,18.1299991607666,18.200000762939453,11583000,0.0,0.0,0.0,0.004969638296778767,0.00495733040471682,0.13869196650418575,0.2615531566630476
2016-10-03 00:00:00-04:00,18.100000381469727,18.110000610351562,17.760000228881836,17.8700008392334,18044600,0.0,0.0,0.0,-0.01813186317980997,-0.018298259867906654,0.15563792650255284,0.24919692396316706
2016-10-04 00:00:00-04:00,17.579999923706055,17.579999923706055,16.81999969482422,16.940000534057617,27964600,0.0,0.0,0.0,-0.05204254401230779,-0.05344565538426082,0.3687691474817153,0.27463229789715654
2016-10-05 00:00:00-04:00,17.0,17.010000228881836,16.65999984741211,16.850000381469727,18165800,0.0,0.0,0.0,-0.00531287778928613,-0.0053270413128080904,0.35182679810143935,0.27280507544207305
2016-10-06 00:00:00-04:00,16.510000228881836,16.559999465942383,16.239999771118164,16.440000534057617,18475600,0.0,0.0,0.0,-0.02433233460712525,-0.024633257324233545,0.3444140431959816,0.2809592148079166
2016-10-07 00:00:00-04:00,16.700000762939453,16.739999771118164,16.229999542236328,16.600000381469727,20243100,0.0,0.0,0.0,0.009732350499663811,0.00968529622931142,0.3662383024632437,0.2743974112797124
2016-10-10 00:00:00-04:00,16.600000381469727,16.829999923706055,16.600000381469727,16.729999542236328,8438000,0.0,0.0,0.0,0.007831274565012425,0.007800769294285566,0.4095486300774959,0.27649885151295595
2016-10-11 00:00:00-04:00,16.700000762939453,16.729999542236328,16.559999465942383,16.559999465942383,7212900,0.0,0.0,0.0,-0.010161391568766387,-0.010213370929629952,0.22176644052267958,0.2753582830900986
2016-10-12 00:00:00-04:00,16.600000381469727,16.709999084472656,16.530000686645508,16.649999618530273,6304100,0.0,0.0,0.0,0.005434791998211619,0.005420076808100982,0.2320167303775951,0.275539012073301
2016-10-13 00:00:00-04:00,16.600000381469727,16.65999984741211,16.540000915527344,16.610000610351562,6259400,0.0,0.0,0.0,-0.0024023428885965314,-0.0024052331441248138,0.13110485927978227,0.2749902651638673
2016-10-14 00:00:00-04:00,16.559999465942383,16.690000534057617,16.479999542236328,16.559999465942383,8324400,0.0,0.0,0.0,-0.003010303586504337,-0.0030148436639761303,0.1144417528835378,0.27408423055954884
2016-10-17 00:00:00-04:00,16.540000915527344,16.600000381469727,16.5,16.56999969482422,3556900,0.0,0.0,0.0,0.0006038785751414366,0.0006036963138467818,0.09043038650144648,0.26138279067393866
2016-10-18 00:00:00-04:00,16.690000534057617,16.799999237060547,16.6200008392334,16.719999313354492,8172900,0.0,0.0,0.0,0.0090524816712656,0.009011753568135857,0.08246632736820353,0.2642385904292812
2016-10-19 00:00:00-04:00,16.799999237060547,16.850000381469727,16.68000030517578,16.790000915527344,8595600,0.0,0.0,0.0,0.004186698866484928,0.004177959028340658,0.0795546288405044,0.23032197917187086
2016-10-20 00:00:00-04:00,16.799999237060547,16.829999923706055,16.559999465942383,16.639999389648438,7043000,0.0,0.0,0.0,-0.008933979612841147,-0.008974126904299903,0.10882938759727713,0.22843509227332973
2016-10-21 00:00:00-04:00,16.649999618530273,16.65999984741211,16.56999969482422,16.649999618530273,4149500,0.0,0.0,0.0,0.0006009753154232467,0.0006007948020774617,0.10468319107140708,0.2287342753375503
2016-10-24 00:00:00-04:00,16.959999084472656,16.979999542236328,16.639999389648438,16.700000762939453,5794100,0.0,0.0,0.0,0.003003071805090629,0.0029985715923475887,0.10534749524518351,0.2282001098242532
2016-10-25 00:00:00-04:00,16.799999237060547,16.920000076293945,16.770000457763672,16.860000610351562,6575100,0.0,0.0,0.0,0.009580828748653625,0.009535223667163365,0.10774737518867909,0.23142258426817938
2016-10-26 00:00:00-04:00,16.809999465942383,16.8700008392334,16.68000030517578,16.709999084472656,5797200,0.0,0.0,0.0,-0.00889688733384797,-0.0089367009567569,0.1269527579373072,0.2310656176609956
2016-10-27 00:00:00-04:00,16.75,16.770000457763672,16.68000030517578,16.729999542236328,4059200,0.0,0.0,0.0,0.0011969155511359908,0.001196199818774916,0.1052224446554726,0.23178300737484311
2016-10-28 00:00:00-04:00,16.81999969482422,17.010000228881836,16.729999542236328,16.8700008392334,9811500,0.0,0.0,0.0,0.008368278591019962,0.008333458668078164,0.11673480414177222,0.2338036889947205
2016-10-31 00:00:00-04:00,16.940000534057617,17.0,16.8700008392334,16.969999313354492,6060000,0.0,0.0,0.0,0.005927591532095988,0.005910092478852609,0.1191134626138069,0.2296421463365551
2016-11-01 00:00:00-04:00,17.3700008392334,17.549999237060547,17.31999969482422,17.40999984741211,12900400,0.0,0.0,0.0,0.02592814094643825,0.025597706231897728,0.20180887704911252,0.16378215791909967
2016-11-02 00:00:00-04:00,17.6200008392334,17.790000915527344,17.549999237060547,17.559999465942383,10936900,0.0,0.0,0.0,0.008615716246118676,0.008578812777950492,0.14899284211560898,0.16365052616900033
2016-11-03 00:00:00-04:00,17.260000228881836,17.5,17.239999771118164,17.420000076293945,7919800,0.0,0.0,0.0,-0.007972630632476219,-0.008004581989634125,0.19135242804925603,0.13666031885250285
2016-11-04 00:00:00-04:00,17.469999313354492,17.540000915527344,17.399999618530273,17.459999084472656,5672600,0.0,0.0,0.0,0.0022961543055985967,0.0022935221717213664,0.19576759244983505,0.1342826537452738
2016-11-07 00:00:00-05:00,17.309999465942383,17.31999969482422,17.09000015258789,17.290000915527344,7077200,0.0,0.0,0.0,-0.009736436303510065,-0.009784145329292395,0.2296232345536269,0.13951773443954152
2016-11-08 00:00:00-05:00,17.3700008392334,17.780000686645508,17.34000015258789,17.399999618530273,11208500,0.0,0.0,0.0,0.00636198364247309,0.0063418316504744955,0.13241206586156684,0.13309152795544732
2016-11-09 00:00:00-05:00,17.860000610351562,17.8700008392334,17.399999618530273,17.450000762939453,16732900,0.0,0.0,0.0,0.0028736290520334773,0.0028695080729582646,0.11357046315345205,0.13265487853397234
2016-11-10 00:00:00-05:00,17.649999618530273,17.799999237060547,17.479999542236328,17.559999465942383,17505800,0.0,0.0,0.0,0.0063036503262823285,0.00628386542377238,0.10512604584421868,0.1320885896478686
2016-11-11 00:00:00-05:00,17.489999771118164,17.5,16.309999465942383,16.469999313354492,50069500,0.0,0.0,0.0,-0.06207290351585404,-0.06408305529479857,0.46302485111496616,0.2655778532907099
2016-11-14 00:00:00-05:00,16.190000534057617,16.229999542236328,15.779999732971191,16.0,28808400,0.0,0.0,0.0,-0.028536692953799903,-0.02895178025908636,0.4781328108090974,0.28400621689675154
2016-11-15 00:00:00-05:00,16.040000915527344,16.260000228881836,16.010000228881836,16.190000534057617,10305500,0.0,0.0,0.0,0.011875033378601074,0.011805078436643832,0.4949662402001939,0.2855817495102624
2016-11-16 00:00:00-05:00,16.200000762939453,16.209999084472656,16.0,16.09000015258789,7007800,0.0,0.0,0.0,-0.00617667561278723,-0.006195830188734189,0.4795613257931672,0.2852371030087375
2016-11-17 00:00:00-05:00,16.110000610351562,16.170000076293945,15.729999542236328,15.84000015258789,20976100,0.0,0.0,0.0,-0.015537600847057242,-0.015659574468337236,0.43978254104072545,0.28832202894438386
2016-11-18 00:00:00-05:00,15.779999732971191,15.850000381469727,15.600000381469727,15.729999542236328,9995800,0.0,0.0,0.0,-0.006944482909843286,-0.006968708050481735,0.2344334014633448,0.2885590787699422
2016-11-21 00:00:00-05:00,15.760000228881836,15.859999656677246,15.670000076293945,15.720000267028809,8420000,0.0,0.0,0.0,-0.000635681849873615,-0.0006358839812461135,0.1604282901180359,0.2878973785276972
2016-11-22 00:00:00-05:00,15.880000114440918,15.899999618530273,15.6899995803833,15.800000190734863,6669200,0.0,0.0,0.0,0.00508905358442302,0.005076148117122006,0.12217097065008525,0.2857567107311164
2016-11-23 00:00:00-05:00,15.5,15.619999885559082,15.34000015258789,15.520000457763672,12236300,0.0,0.0,0.0,-0.017721501872853374,-0.017880407854593636,0.1535774565918267,0.2898256144971233
2016-11-25 00:00:00-05:00,15.699999809265137,15.720000267028809,15.600000381469727,15.630000114440918,4894600,0.0,0.0,0.0,0.0070876065356184625,0.007062607505106836,0.1596080991090398,0.2918457408358894
2016-11-28 00:00:00-05:00,15.720000267028809,15.84000015258789,15.630000114440918,15.770000457763672,6830100,0.0,0.0,0.0,0.00895715561725452,0.008917278247185391,0.17194317174135856,0.2921634569236627
2016-11-29 00:00:00-05:00,15.59000015258789,15.869999885559082,15.579999923706055,15.779999732971191,4756500,0.0,0.0,0.0,0.0006340694303910155,0.0006338684933039603,0.17162507047489858,0.2905696945941918
2016-11-30 00:00:00-05:00,15.779999732971191,15.8100004196167,15.569999694824219,15.65999984741211,8677100,0.0,0.0,0.0,-0.00760455561405049,-0.007633617676892158,0.17530244961548358,0.269170939644029
2016-12-01 00:00:00-05:00,15.510000228881836,15.819999694824219,15.449999809265137,15.65999984741211,8477800,0.0,0.0,0.0,0.0,0.0,0.10416496452245017,0.2650358633495832
2016-12-02 00:00:00-05:00,15.699999809265137,15.9399995803833,15.680000305175781,15.829999923706055,8086300,0.0,0.0,0.0,0.010855688247151551,0.010797188254483137,0.11861420275231793,0.2711315440759915
2016-12-05 00:00:00-05:00,15.75,16.0,15.670000076293945,15.880000114440918,7198300,0.0,0.0,0.0,0.003158571760950357,0.0031535939522554708,0.10533872457008274,0.2714409157720837
2016-12-06 00:00:00-05:00,15.859999656677246,16.010000228881836,15.829999923706055,15.850000381469727,4646700,0.0,0.0,0.0,-0.0018891519367125742,-0.0018909386348166318,0.10799730729067337,0.2708957105749228
2016-12-07 00:00:00-05:00,16.170000076293945,16.34000015258789,16.15999984741211,16.229999542236328,10080600,0.0,0.0,0.0,0.023974709881449563,0.023691828930933787,0.16753788579510942,0.28675053910749676
2016-12-08 00:00:00-05:00,16.139999389648438,16.200000762939453,16.079999923706055,16.139999389648438,5842600,0.0,0.0,0.0,-0.00554529606446863,-0.005560728295993674,0.18618109468588614,0.2858964184755558
2016-12-09 00:00:00-05:00,16.149999618530273,16.18000030517578,15.920000076293945,15.970000267028809,7902300,0.0,0.0,0.0,-0.010532783708074978,-0.010588646078147414,0.21197353625623883,0.28429638166571297
2016-12-12 00:00:00-05:00,16.239999771118164,16.290000915527344,16.15999984741211,16.190000534057617,7346200,0.0,0.0,0.0,0.013775846170961836,0.013681821728852368,0.22888257777771723,0.19399521636808953
2016-12-13 00:00:00-05:00,16.18000030517578,16.239999771118164,15.899999618530273,16.040000915527344,8206300,0.0,0.0,0.0,-0.009264954514036638,-0.009308141160293644,0.24609334611424644,0.16771200245989515
2016-12-14 00:00:00-05:00,16.239999771118164,16.329999923706055,15.869999885559082,15.930000305175781,15846200,0.0,0.0,0.0,-0.006857893022005901,-0.00688151643687494,0.1580365131365866,0.16351262713333123
2016-12-15 00:00:00-05:00,15.25,15.300000190734863,15.0600004196167,15.180000305175781,22111100,0.0,0.0,0.0,-0.047080978382424754,-0.04822535100796646,0.34880085573444425,0.23172555455518754
2016-12-16 00:00:00-05:00,15.220000267028809,15.420000076293945,15.119999885559082,15.270000457763672,8583300,0.0,0.0,0.0,0.005928863687651109,0.00591135713722505,0.37194986068573577,0.2285872769454802
2016-12-19 00:00:00-05:00,15.239999771118164,15.260000228881836,15.09000015258789,15.170000076293945,6794500,0.0,0.0,0.0,-0.006548813259457664,-0.006570350818809695,0.31876076231104683,0.2284718682570797
2016-12-20 00:00:00-05:00,14.869999885559082,15.260000228881836,14.850000381469727,15.239999771118164,10749200,0.0,0.0,0.0,0.004614350327763361,0.004603736850301273,0.34269178203297385,0.2295570512457734
2016-12-21 00:00:00-05:00,15.260000228881836,15.300000190734863,15.069999694824219,15.119999885559082,6061400,0.0,0.0,0.0,-0.007874008357040663,-0.007905172057463813,0.3421824531585574,0.22927219148510317
2016-12-22 00:00:00-05:00,15.050000190734863,15.199999809265137,14.949999809265137,14.979999542236328,7322400,0.0,0.0,0.0,-0.009259282035872674,-0.009302415651792744,0.11571493708055904,0.22351885809126706
2016-12-23 00:00:00-05:00,14.949999809265137,14.989999771118164,14.880000114440918,14.90999984741211,7895700,0.0,0.0,0.0,-0.004672876966841932,-0.004683828988033025,0.08731908992874872,0.2212921704300606
2016-12-27 00:00:00-05:00,14.989999771118164,15.149999618530273,14.970000267028809,15.130000114440918,5560400,0.0,0.0,0.0,0.014755215914170172,0.014647416821388476,0.16020503302077715,0.22609568324725926
2016-12-28 00:00:00-05:00,15.079999923706055,15.220000267028809,15.039999961853027,15.199999809265137,5798200,0.0,0.0,0.0,0.00462654952377739,0.004615879939778578,0.16022952872955878,0.22714766767964978
2016-12-29 00:00:00-05:00,15.210000038146973,15.399999618530273,15.170000076293945,15.319999694824219,8179000,0.0,0.0,0.0,0.007894729412163404,0.007863729088470628,0.15337681625835284,0.22852780883820445
2016-12-30 00:00:00-05:00,15.369999885559082,15.40999984741211,15.020000457763672,15.109999656677246,8564200,0.0,0.0,0.0,-0.013707574564634006,-0.013802390829265805,0.17665580950026974,0.23287318662246864
2017-01-03 00:00:00-05:00,15.25,15.640000343322754,15.1899995803833,15.4399995803833,11033700,0.0,0.0,0.0,0.02183983661179134,0.021604763856293247,0.21232238247775395,0.24372803711465768
2017-01-04 00:00:00-05:00,15.579999923706055,15.65999984741211,15.489999771118164,15.579999923706055,6142900,0.0,0.0,0.0,0.009067379995309377,0.009026518126304115,0.20300735764120456,0.2459999342803836
2017-01-05 00:00:00-05:00,15.729999542236328,15.850000381469727,15.65999984741211,15.760000228881836,7785600,0.0,0.0,0.0,0.011553293071709048,0.01148706340700548,0.2061071963218318,0.2498357300248031
2017-01-06 00:00:00-05:00,15.569999694824219,15.699999809265137,15.550000190734863,15.640000343322754,6097900,0.0,0.0,0.0,-0.007614205825909215,-0.007643341883944622,0.23129694273091758,0.23401448683483894
2017-01-09 00:00:00-05:00,15.6899995803833,15.829999923706055,15.649999618530273,15.699999809265137,7288900,0.0,0.0,0.0,0.0038362829044309432,0.003828943136797404,0.17135998478755976,0.23436307791200187
2017-01-10 00:00:00-05:00,15.800000190734863,16.030000686645508,15.800000190734863,15.90999984741211,7865100,0.0,0.0,0.0,0.013375798770586256,0.013287132553459787,0.13391843664610478,0.2371872410291951
2017-01-11 00:00:00-05:00,15.770000457763672,16.0,15.670000076293945,15.869999885559082,7950600,0.0,0.0,0.0,-0.002514139675465432,-0.002517305431834951,0.14241497290025412,0.23154655004138835
2017-01-12 00:00:00-05:00,15.979999542236328,16.06999969482422,15.859999656677246,15.90999984741211,6089600,0.0,0.0,0.0,0.002520476505448732,0.002517305431834824,0.1244481205148193,0.22966777745739994
2017-01-13 00:00:00-05:00,15.819999694824219,15.949999809265137,15.729999542236328,15.9399995803833,5281200,0.0,0.0,0.0,0.0018855897711445024,0.0018838142783023893,0.09285758800182589,0.22845329494323155
2017-01-17 00:00:00-05:00,16.209999084472656,16.31999969482422,16.170000076293945,16.280000686645508,7882800,0.0,0.0,0.0,0.021330057416101278,0.021105755714328708,0.15517949559223723,0.15963697782054945
2017-01-18 00:00:00-05:00,16.280000686645508,16.43000030517578,16.149999618530273,16.190000534057617,8199400,0.0,0.0,0.0,-0.005528264667809091,-0.005543602075210741,0.16633209570327984,0.16252849140183265
2017-01-19 00:00:00-05:00,15.949999809265137,16.170000076293945,15.869999885559082,16.1200008392334,7699100,0.0,0.0,0.0,-0.004323637585864515,-0.004333011536318938,0.17091350913410594,0.16098295285582195
2017-01-20 00:00:00-05:00,16.1200008392334,16.270000457763672,16.020000457763672,16.190000534057617,8462400,0.0,0.0,0.0,0.00434241260421353,0.004333011536319044,0.17096212903050556,0.16095169766358558
2017-01-23 00:00:00-05:00,16.229999542236328,16.309999465942383,16.18000030517578,16.290000915527344,4206900,0.0,0.0,0.0,0.00617667561278723,0.006157678139328407,0.17105823193340514,0.15592145280685918
2017-01-24 00:00:00-05:00,16.280000686645508,16.389999389648438,16.139999389648438,16.219999313354492,7348500,0.0,0.0,0.0,-0.004297212905993608,-0.0043064724617494525,0.0877036177368956,0.15134576512105166
2017-01-25 00:00:00-05:00,15.960000038146973,16.1299991607666,15.90999984741211,16.100000381469727,8319500,0.0,0.0,0.0,-0.00739820819757786,-0.007425710669815264,0.09486638942217258,0.1537143113153949
2017-01-26 00:00:00-05:00,15.9399995803833,16.020000457763672,15.84000015258789,15.930000305175781,5941800,0.0,0.0,0.0,-0.010559010699751736,-0.010615152604932416,0.11615444804626682,0.15622767043618013
2017-01-27 00:00:00-05:00,15.899999618530273,16.350000381469727,15.850000381469727,16.219999313354492,8214100,0.0,0.0,0.0,0.018204582713315265,0.01804086327474753,0.18671041599811303,0.16568296276883943
2017-01-30 00:00:00-05:00,16.280000686645508,16.3700008392334,16.18000030517578,16.229999542236328,6467700,0.0,0.0,0.0,0.0006165369485313654,0.0006163469677097,0.1799712870504101,0.16502132124063992
2017-01-31 00:00:00-05:00,16.559999465942383,16.690000534057617,16.5,16.6299991607666,11082300,0.0,0.0,0.0,0.024645694997669665,0.024346889418094403,0.24787569112580327,0.16979164306231037
2017-02-01 00:00:00-05:00,16.540000915527344,16.719999313354492,16.450000762939453,16.610000610351562,7615200,0.0,0.0,0.0,-0.0012025587146281547,-0.001203282368574969,0.23155726927525033,0.15855405897888838
2017-02-02 00:00:00-05:00,16.729999542236328,16.760000228881836,16.5,16.559999465942383,5407900,0.0,0.0,0.0,-0.003010303586504337,-0.0030148436639761303,0.20103839768485482,0.15893287240494752
2017-02-03 00:00:00-05:00,16.489999771118164,16.6299991607666,16.469999313354492,16.56999969482422,5402500,0.0,0.0,0.0,0.0006038785751414366,0.0006036963138467818,0.18184637001609633,0.15593462673696457
2017-02-06 00:00:00-05:00,16.709999084472656,16.829999923706055,16.65999984741211,16.81999969482422,6729300,0.0,0.0,0.0,0.015087507821625934,0.014974823380072529,0.19196410313280146,0.15711685791237126
2017-02-07 00:00:00-05:00,16.760000228881836,16.8700008392334,16.75,16.790000915527344,4528500,0.0,0.0,0.0,-0.0017835184209965549,-0.0017851107835959261,0.11849869495050297,0.15830911887921936
2017-02-08 00:00:00-05:00,16.8799991607666,16.940000534057617,16.760000228881836,16.84000015258789,4534400,0.0,0.0,0.0,0.002977917470767144,0.002973492257638755,0.11518665322473805,0.15386654983683248
2017-02-09 00:00:00-05:00,16.84000015258789,16.920000076293945,16.690000534057617,16.75,4814700,0.0,0.0,0.0,-0.0053444270648691505,-0.005358759604143865,0.12346673449528815,0.15550395204209527
2017-02-10 00:00:00-05:00,16.75,17.06999969482422,16.75,17.020000457763672,8820800,0.0,0.0,0.0,0.016119430314249117,0.01599089176978522,0.15506426163424195,0.16257252893295457
2017-02-13 00:00:00-05:00,16.959999084472656,16.979999542236328,16.829999923706055,16.889999389648438,5948000,0.0,0.0,0.0,-0.007638135406508484,-0.007667455358012441,0.14955711673524985,0.1672187465801863
2017-02-14 00:00:00-05:00,17.110000610351562,17.1200008392334,16.809999465942383,17.010000228881836,8069300,0.0,0.0,0.0,0.007104845682051719,0.0070797251806444415,0.15291015005415853,0.1535467136598012
2017-02-15 00:00:00-05:00,16.90999984741211,17.049999237060547,16.889999389648438,17.040000915527344,4081600,0.0,0.0,0.0,0.0017637087737698565,0.0017621552658060537,0.15298601709056298,0.15081120123819927
2017-02-16 00:00:00-05:00,17.110000610351562,17.190000534057617,17.079999923706055,17.149999618530273,4991800,0.0,0.0,0.0,0.006455322599348889,0.006434576239517184,0.1375003179833683,0.14908749463123613
2017-02-17 00:00:00-05:00,17.059999465942383,17.1299991607666,17.040000915527344,17.059999465942383,4638800,0.0,0.0,0.0,-0.005247822425059834,-0.005261640609950262,0.10647545942543475,0.15192392303176455
2017-02-21 00:00:00-05:00,16.959999084472656,17.139999389648438,16.899999618530273,17.030000686645508,4800200,0.0,0.0,0.0,-0.0017584279153561866,-0.0017599757645098539,0.08402092868206587,0.15210133102513518
2017-02-22 00:00:00-05:00,17.059999465942383,17.110000610351562,16.989999771118164,17.110000610351562,4657300,0.0,0.0,0.0,0.004697587814473048,0.004686588581958489,0.07550594429638184,0.15029312786754997
2017-02-23 00:00:00-05:00,17.229999542236328,17.270000457763672,17.110000610351562,17.239999771118164,4873900,0.0,0.0,0.0,0.0075978466469459605,0.0075691283830240895,0.08856738347631374,0.14628024831306657
2017-02-24 00:00:00-05:00,17.3700008392334,17.450000762939453,17.290000915527344,17.399999618530273,8025900,0.0,0.0,0.0,0.009280733731803936,0.00923793233759718,0.09853129131356383,0.13775401391883257
2017-02-27 00:00:00-05:00,17.40999984741211,17.530000686645508,17.270000457763672,17.270000457763672,8487000,0.0,0.0,0.0,-0.007471216299807182,-0.007499265632056227,0.11065295914619987,0.13386727754002603
2017-02-28 00:00:00-05:00,17.420000076293945,17.5,17.34000015258789,17.3700008392334,6983100,0.0,0.0,0.0,0.005790409891087922,0.0057737099032394755,0.10533231188037992,0.13381569711070104
2017-03-01 00:00:00-05:00,17.34000015258789,17.489999771118164,17.329999923706055,17.440000534057617,6245900,0.0,0.0,0.0,0.00402991890858817,0.004021820535284097,0.10515187726836026,0.10798895543961169
2017-03-02 00:00:00-05:00,17.34000015258789,17.399999618530273,16.75,16.799999237060547,15848300,0.0,0.0,0.0,-0.03669732095175382,-0.037387608107253376,0.298332846322618,0.17587078256775596
2017-03-03 00:00:00-05:00,16.809999465942383,17.040000915527344,16.729999542236328,16.979999542236328,8780300,0.0,0.0,0.0,0.01071430436608023,0.010657312928060159,0.30280031469297247,0.17882783411627898
2017-03-06 00:00:00-05:00,16.93000030517578,16.93000030517578,16.770000457763672,16.829999923706055,5618700,0.0,0.0,0.0,-0.008833900033811015,-0.008873150254706183,0.30373151496903805,0.1824267184956637
2017-03-07 00:00:00-05:00,16.6299991607666,16.690000534057617,16.549999237060547,16.549999237060547,6595500,0.0,0.0,0.0,-0.016636998687748705,-0.016776947945493184,0.2951495765515185,0.1843171813652918
2017-03-08 00:00:00-05:00,16.40999984741211,16.440000534057617,16.309999465942383,16.31999969482422,6856500,0.0,0.0,0.0,-0.013897253947981358,-0.01399472488754586,0.2697844240460622,0.19014682605681701
2017-03-09 00:00:00-05:00,16.31999969482422,16.34000015258789,16.040000915527344,16.059999465942383,8481500,0.0,0.0,0.0,-0.015931386871550823,-0.016059655571748273,0.1808227607023213,0.1961897026384907
2017-03-10 00:00:00-05:00,16.06999969482422,16.15999984741211,16.0,16.149999618530273,6809200,0.0,0.0,0.0,0.005603994743508478,0.0055883507835326205,0.14619327048675274,0.1977755224815211
2017-03-13 00:00:00-04:00,16.079999923706055,16.1299991607666,16.059999465942383,16.06999969482422,4252900,0.0,0.0,0.0,-0.004953555764438788,-0.0049658652892310496,0.15057128287957613,0.18634085692655203
2017-03-14 00:00:00-04:00,16.049999237060547,16.1200008392334,15.970000267028809,15.989999771118164,4760900,0.0,0.0,0.0,-0.0049782156331851235,-0.004990648227215961,0.13617322887587507,0.18566310908485692
2017-03-15 00:00:00-04:00,16.030000686645508,16.450000762939453,15.9399995803833,16.43000030517578,9718000,0.0,0.0,0.0,0.02751723204226475,0.027145438091676872,0.26098921297043204,0.21216181201693304
2017-03-16 00:00:00-04:00,16.43000030517578,16.56999969482422,16.34000015258789,16.399999618530273,5720700,0.0,0.0,0.0,-0.0018259699384215455,-0.0018276390536752138,0.2173674088765604,0.2117785469270127
2017-03-17 00:00:00-04:00,16.40999984741211,16.5,16.399999618530273,16.469999313354492,3079600,0.0,0.0,0.0,0.004268274173929054,0.0042591909290643215,0.21705863982876486,0.21078404559191524
2017-03-20 00:00:00-04:00,16.489999771118164,16.530000686645508,16.440000534057617,16.5,2600600,0.0,0.0,0.0,0.001821535391393958,0.0018198784076674348,0.20440122504407943,0.21080482271873907
2017-03-21 00:00:00-04:00,16.600000381469727,16.68000030517578,16.56999969482422,16.610000610351562,5533200,0.0,0.0,0.0,0.006666703657670414,0.006644579464698116,0.1828787114282086,0.21282358426917963
2017-03-22 00:00:00-04:00,16.610000610351562,16.65999984741211,16.559999465942383,16.6200008392334,3137800,0.0,0.0,0.0,0.0006020607173009562,0.0006018795514588752,0.052094964932006264,0.211822226710735
2017-03-23 00:00:00-04:00,16.729999542236328,16.75,16.6200008392334,16.670000076293945,3978600,0.0,0.0,0.0,0.003008377529230888,0.0030038614167322217,0.037075120983340426,0.20986352816721585
2017-03-24 00:00:00-04:00,16.709999084472656,16.850000381469727,16.690000534057617,16.809999465942383,5578100,0.0,0.0,0.0,0.008398283683725305,0.0083632143108668,0.05245908101073652,0.20927949121314268
2017-03-27 00:00:00-04:00,17.110000610351562,17.170000076293945,17.049999237060547,17.149999618530273,9630000,0.0,0.0,0.0,0.020226065638891955,0.020024235718525147,0.12058813836307285,0.2217651937947951
2017-03-28 00:00:00-04:00,17.200000762939453,17.270000457763672,17.110000610351562,17.18000030517578,7429500,0.0,0.0,0.0,0.0017493112135753552,0.0017477829507263742,0.12825826491395556,0.22076567856802431
2017-03-29 00:00:00-04:00,17.139999389648438,17.280000686645508,17.1299991607666,17.25,4464600,0.0,0.0,0.0,0.004074487402839555,0.004066209157826455,0.1197811600398938,0.22077775017479712
2017-03-30 00:00:00-04:00,17.18000030517578,17.329999923706055,17.139999389648438,17.149999618530273,6001800,0.0,0.0,0.0,-0.005797123563462403,-0.005813992108552827,0.15241115734883282,0.17625848185618306
2017-03-31 00:00:00-04:00,17.229999542236328,17.299999237060547,17.200000762939453,17.25,4732300,0.0,0.0,0.0,0.0058309261629183595,0.00581399210855292,0.15065946604720556,0.17355342564960372
2017-04-03 00:00:00-04:00,17.209999084472656,17.299999237060547,17.200000762939453,17.239999771118164,4050400,0.0,0.0,0.0,-0.0005797234134398144,-0.0005798915180304439,0.07188924699494711,0.16988197005772718
2017-04-04 00:00:00-04:00,17.329999923706055,17.389999389648438,17.229999542236328,17.329999923706055,4374600,0.0,0.0,0.0,0.005220426553523838,0.005206847365755918,0.07796619761296404,0.1565369824554464
2017-04-05 00:00:00-04:00,17.229999542236328,17.34000015258789,17.170000076293945,17.31999969482422,5676200,0.0,0.0,0.0,-0.0005770472548102257,-0.0005772138106541781,0.07620194710754244,0.14490771779892025
2017-04-06 00:00:00-04:00,17.219999313354492,17.309999465942383,17.190000534057617,17.260000228881836,3934600,0.0,0.0,0.0,-0.0034641724595591006,-0.0034701865983335057,0.06431236759459374,0.12919055166860222
2017-04-07 00:00:00-04:00,17.399999618530273,17.420000076293945,16.920000076293945,17.030000686645508,10876000,0.0,0.0,0.0,-0.013325581644631823,-0.01341516392175083,0.10798832128315755,0.14219442987899078
2017-04-10 00:00:00-04:00,16.93000030517578,17.030000686645508,16.799999237060547,17.0,5560300,0.0,0.0,0.0,-0.0017616374301754334,-0.0017631909381397408,0.10695409458451999,0.14035705189783948
2017-04-11 00:00:00-04:00,17.100000381469727,17.350000381469727,17.09000015258789,17.309999465942383,7559500,0.0,0.0,0.0,0.018235262702493094,0.018070994279352662,0.18192996692620228,0.14719768427744284
2017-04-12 00:00:00-04:00,17.3700008392334,17.469999313354492,17.280000686645508,17.459999084472656,6480400,0.0,0.0,0.0,0.008665489494982248,0.00862815964018469,0.19219763880814011,0.11996684800540922
2017-04-13 00:00:00-04:00,17.56999969482422,17.59000015258789,17.43000030517578,17.530000686645508,8297400,0.0,0.0,0.0,0.004009255775683451,0.004001240127126773,0.1868699990736452,0.11858735991565932
2017-04-17 00:00:00-04:00,17.530000686645508,17.579999923706055,17.3799991607666,17.43000030517578,5066100,0.0,0.0,0.0,-0.005704528097703276,-0.005720861062300356,0.1483676174768046,0.12278755009124218
2017-04-18 00:00:00-04:00,17.420000076293945,17.440000534057617,17.110000610351562,17.34000015258789,11434000,0.0,0.0,0.0,-0.005163519851526632,-0.005176896888421293,0.15925169723959198,0.12603521403409793
2017-04-19 00:00:00-04:00,17.270000457763672,17.290000915527344,17.139999389648438,17.18000030517578,7431500,0.0,0.0,0.0,-0.009227211418924353,-0.009270045832616456,0.11892566458583546,0.131596872652153
2017-04-20 00:00:00-04:00,17.110000610351562,17.190000534057617,16.920000076293945,17.059999465942383,10709900,0.0,0.0,0.0,-0.006984914848764401,-0.00700942356067666,0.08045835808913696,0.13515992803459723
2017-04-21 00:00:00-04:00,16.969999313354492,17.020000457763672,16.860000610351562,17.020000457763672,10720600,0.0,0.0,0.0,-0.002344607821269995,-0.002347360718005038,0.04005575152818139,0.13561925094789415
2017-04-24 00:00:00-04:00,16.84000015258789,16.989999771118164,16.790000915527344,16.979999542236328,6885100,0.0,0.0,0.0,-0.002350229991274655,-0.0023529961166510386,0.04741082206390144,0.13326653591700194
2017-04-25 00:00:00-04:00,16.739999771118164,16.799999237060547,16.6200008392334,16.68000030517578,8458000,0.0,0.0,0.0,-0.01766780006762214,-0.01782573869769894,0.10024217722864642,0.1267330849305308
2017-04-26 00:00:00-04:00,16.56999969482422,16.600000381469727,16.399999618530273,16.56999969482422,9668600,0.0,0.0,0.0,-0.006594760691786661,-0.006616602205406927,0.0994794281833863,0.12747836834232987
2017-04-27 00:00:00-04:00,16.489999771118164,16.489999771118164,16.350000381469727,16.3700008392334,9606700,0.0,0.0,0.0,-0.012069937192170976,-0.012143370371513092,0.1052091085295667,0.1304976007541784
2017-04-28 00:00:00-04:00,16.309999465942383,16.389999389648438,16.25,16.299999237060547,7524100,0.0,0.0,0.0,-0.0042762124975022076,-0.004285381642976549,0.09914925623906842,0.1301118032106678
2017-05-01 00:00:00-04:00,16.219999313354492,16.280000686645508,15.899999618530273,15.989999771118164,13640200,0.0,0.0,0.0,-0.01901837303388032,-0.019201548474812365,0.1035597525840054,0.13861351991367135
2017-05-02 00:00:00-04:00,15.970000267028809,15.979999542236328,15.890000343322754,15.930000305175781,7183600,0.0,0.0,0.0,-0.0037523118699949176,-0.003759369452545233,0.10205735004219083,0.13810798157218768
2017-05-03 00:00:00-04:00,15.789999961853027,15.800000190734863,15.579999923706055,15.59000015258789,10586800,0.0,0.0,0.0,-0.021343386445348722,-0.02157445022202222,0.12901400491395884,0.14674073131839818
2017-05-04 00:00:00-04:00,15.479999542236328,15.569999694824219,15.350000381469727,15.430000305175781,12118200,0.0,0.0,0.0,-0.010262979207575573,-0.010316006704084503,0.12966960944339048,0.14668999271919214
2017-05-05 00:00:00-04:00,15.430000305175781,15.510000228881836,15.359999656677246,15.5,8476600,0.0,0.0,0.0,0.004536597112103635,0.004526337772051211,0.17031168269929403,0.1510075772991752
2017-05-08 00:00:00-04:00,15.430000305175781,15.470000267028809,15.380000114440918,15.40999984741211,6149600,0.0,0.0,0.0,-0.005806461457283252,-0.005823384495051386,0.15078994890774236,0.14805039959108823
2017-05-09 00:00:00-04:00,15.350000381469727,15.350000381469727,15.210000038146973,15.300000190734863,7632300,0.0,0.0,0.0,-0.0071381997252725204,-0.007163798565428941,0.14761746887433308,0.14774731261256785
2017-05-10 00:00:00-04:00,15.380000114440918,15.399999618530273,15.319999694824219,15.350000381469727,6780400,0.0,0.0,0.0,0.0032679862818003613,0.003262658019933277,0.10464156227721166,0.12386423707327114
2017-05-11 00:00:00-04:00,15.369999885559082,15.470000267028809,15.350000381469727,15.449999809265137,7017900,0.0,0.0,0.0,0.006514620541386407,0.006493492113802073,0.09976712850123344,0.12069015479611224
2017-05-12 00:00:00-04:00,15.569999694824219,15.609999656677246,15.529999732971191,15.569999694824219,6334500,0.0,0.0,0.0,0.007766982979968695,0.007736975247208108,0.11051720653637256,0.12549344155953107
2017-05-15 00:00:00-04:00,15.869999885559082,15.880000114440918,15.720000267028809,15.75,6766100,0.0,0.0,0.0,0.011560713468454109,0.01149439902597812,0.11266857565103348,0.13994757500404797
2017-05-16 00:00:00-04:00,15.819999694824219,15.979999542236328,15.800000190734863,15.930000305175781,6901800,0.0,0.0,0.0,0.011428590804811511,0.011363777807614422,0.05557689736854713,0.1516242099840999
2017-05-17 00:00:00-04:00,16.079999923706055,16.1299991607666,15.869999885559082,16.0,11164100,0.0,0.0,0.0,0.004394205491727199,0.00438457916052479,0.0496581641999172,0.1533198582560622
2017-05-18 00:00:00-04:00,15.880000114440918,15.890000343322754,15.5600004196167,15.710000038146973,9208000,0.0,0.0,0.0,-0.01812499761581421,-0.018291267544054593,0.1967478416381079,0.16154996911844144
2017-05-19 00:00:00-04:00,15.9399995803833,15.960000038146973,15.850000381469727,15.9399995803833,6136100,0.0,0.0,0.0,0.01464032728694109,0.014534192341580468,0.21182144707954942,0.17466545880645376
2017-05-22 00:00:00-04:00,16.100000381469727,16.290000915527344,16.09000015258789,16.229999542236328,6458000,0.0,0.0,0.0,0.018193222677992837,0.018029706284406574,0.2296785593413089,0.19051712351315372
2017-05-23 00:00:00-04:00,16.34000015258789,16.3799991607666,16.110000610351562,16.149999618530273,8053600,0.0,0.0,0.0,-0.004929138999533955,-0.004941327273465026,0.2350921938673371,0.1819629432662402
2017-05-24 00:00:00-04:00,16.149999618530273,16.280000686645508,16.100000381469727,16.280000686645508,6465000,0.0,0.0,0.0,0.008049601931016337,0.008017376703387083,0.23803370887198425,0.18399251381990095
2017-05-25 00:00:00-04:00,16.290000915527344,16.31999969482422,16.209999084472656,16.229999542236328,4171600,0.0,0.0,0.0,-0.0030713232371172294,-0.00307604942992204,0.16413116668649552,0.17940959214408303
2017-05-26 00:00:00-04:00,16.3799991607666,16.450000762939453,16.309999465942383,16.399999618530273,5724900,0.0,0.0,0.0,0.010474435064002474,0.010419958248089476,0.15356110215204946,0.18275756995990283
2017-05-30 00:00:00-04:00,16.389999389648438,16.520000457763672,16.389999389648438,16.469999313354492,6493000,0.0,0.0,0.0,0.004268274173929054,0.0042591909290643215,0.10728446594003378,0.168098625670771
2017-05-31 00:00:00-04:00,16.350000381469727,16.5,16.329999923706055,16.389999389648438,5178600,0.0,0.0,0.0,-0.004857311902932926,-0.0048691469823954735,0.10695248014182118,0.1686044590611404
2017-06-01 00:00:00-04:00,16.15999984741211,16.40999984741211,16.139999389648438,16.3799991607666,5242100,0.0,0.0,0.0,-0.0006101421143525076,-0.0006103283268002511,0.09838128712466693,0.14591955496533845
2017-06-02 00:00:00-04:00,16.450000762939453,16.639999389648438,16.440000534057617,16.59000015258789,6868000,0.0,0.0,0.0,0.012820574028128418,0.012739086210263584,0.11735859804373872,0.14206460483814876
2017-06-05 00:00:00-04:00,16.639999389648438,16.709999084472656,16.600000381469727,16.6299991607666,4483200,0.0,0.0,0.0,0.00241103121222519,0.00240812933987262,0.10439293937803293,0.142092775886424
2017-06-06 00:00:00-04:00,16.729999542236328,16.799999237060547,16.690000534057617,16.760000228881836,5424100,0.0,0.0,0.0,0.007817262457952001,0.007786865970562925,0.11039185535977408,0.13835864227877484
2017-06-07 00:00:00-04:00,16.700000762939453,16.780000686645508,16.56999969482422,16.649999618530273,4312700,0.0,0.0,0.0,-0.006563282150915617,-0.006584915195013089,0.11888215007569723,0.13774504516179736
2017-06-08 00:00:00-04:00,16.68000030517578,16.68000030517578,16.3700008392334,16.489999771118164,7440400,0.0,0.0,0.0,-0.009609600665338225,-0.00965607082388903,0.15002355784657243,0.1463090853051643
2017-06-09 00:00:00-04:00,16.31999969482422,16.350000381469727,16.25,16.280000686645508,5441100,0.0,0.0,0.0,-0.012734935560185012,-0.012816719939832978,0.1362661265194791,0.15684901526323597
2017-06-12 00:00:00-04:00,16.110000610351562,16.18000030517578,16.040000915527344,16.040000915527344,5966800,0.0,0.0,0.0,-0.014742000061157001,-0.014851743235504465,0.14181752298310588,0.1671523110703611
2017-06-13 00:00:00-04:00,15.850000381469727,16.0,15.819999694824219,15.949999809265137,9314000,0.0,0.0,0.0,-0.005611041217278401,-0.0056268422435765235,0.06203438582458173,0.16459383563243818
2017-06-14 00:00:00-04:00,16.299999237060547,16.3700008392334,15.9399995803833,15.949999809265137,13651500,0.0,0.0,0.0,0.0,0.0,0.09348344336624638,0.1596213898362941
2017-06-15 00:00:00-04:00,15.819999694824219,15.9399995803833,15.789999961853027,15.880000114440918,6266500,0.0,0.0,0.0,-0.0043886956527458,-0.004398354246958273,0.09700005846833991,0.1595399475826124
2017-06-16 00:00:00-04:00,15.8100004196167,15.819999694824219,15.75,15.789999961853027,4806700,0.0,0.0,0.0,-0.005667515865194872,-0.005683637173940227,0.0852090009416933,0.14672240778880227
2017-06-19 00:00:00-04:00,15.680000305175781,15.699999809265137,15.600000381469727,15.609999656677246,7444900,0.0,0.0,0.0,-0.011399639367361769,-0.01146511331808609,0.06462582986990066,0.14199282636601018
2017-06-20 00:00:00-04:00,15.569999694824219,15.609999656677246,15.510000228881836,15.59000015258789,6194300,0.0,0.0,0.0,-0.001281198240180692,-0.001282019676336011,0.07080633414356582,0.12256323759476921
2017-06-21 00:00:00-04:00,15.520000457763672,15.59000015258789,15.5,15.539999961853027,6018900,0.0,0.0,0.0,-0.003207196295412662,-0.0032123503724929433,0.06078090056016979,0.1221656922767067
2017-06-22 00:00:00-04:00,15.680000305175781,15.729999542236328,15.630000114440918,15.680000305175781,5295700,0.0,0.0,0.0,0.009009031123965228,0.00896869190026142,0.11870897823655291,0.12324426759350254
2017-06-23 00:00:00-04:00,15.829999923706055,15.850000381469727,15.760000228881836,15.789999961853027,5237700,0.0,0.0,0.0,0.0070152840903285885,0.006990791466653625,0.13096528948497446,0.1270572008159898
2017-06-26 00:00:00-04:00,15.710000038146973,15.739999771118164,15.649999618530273,15.680000305175781,3805400,0.0,0.0,0.0,-0.006966412725965432,-0.0069907914666535965,0.1084413808797833,0.1204536517217847
2017-06-27 00:00:00-04:00,15.729999542236328,15.850000381469727,15.680000305175781,15.789999961853027,4350100,0.0,0.0,0.0,0.0070152840903285885,0.006990791466653625,0.11372767565937805,0.12278671394390892
2017-06-28 00:00:00-04:00,15.890000343322754,15.920000076293945,15.819999694824219,15.920000076293945,4788000,0.0,0.0,0.0,0.008233066165610259,0.00819935935691397,0.10582076128444481,0.12755561986123762
2017-06-29 00:00:00-04:00,15.739999771118164,15.850000381469727,15.710000038146973,15.729999542236328,5030000,0.0,0.0,0.0,-0.011934706855971866,-0.012006497239698379,0.14953218344781555,0.1328237525192273
2017-06-30 00:00:00-04:00,15.720000267028809,15.779999732971191,15.699999809265137,15.710000038146973,3820300,0.0,0.0,0.0,-0.0012714243274868364,-0.0012722332731452568,0.13855742676941174,0.1208647017793041
2017-07-03 00:00:00-04:00,15.369999885559082,15.430000305175781,15.229999542236328,15.300000190734863,7903600,0.0,0.0,0.0,-0.026098016958405412,-0.02644461383100601,0.228176592253522,0.14487450379161107
2017-07-05 00:00:00-04:00,15.069999694824219,15.1899995803833,15.039999961853027,15.180000305175781,9527500,0.0,0.0,0.0,-0.007843129677328364,-0.007874048793430576,0.20260921215720662,0.13827564233768044
2017-07-06 00:00:00-04:00,15.149999618530273,15.170000076293945,15.079999923706055,15.149999618530273,5154500,0.0,0.0,0.0,-0.001976329778812902,-0.001978285295432147,0.1603158357036329,0.13850328445313154
2017-07-07 00:00:00-04:00,14.949999809265137,14.960000038146973,14.529999732971191,14.729999542236328,19192400,0.0,0.0,0.0,-0.02772277801117795,-0.028114307378282983,0.20606168838670003,0.16027787014184924
2017-07-10 00:00:00-04:00,14.460000038146973,14.899999618530273,14.4399995803833,14.829999923706055,14637900,0.0,0.0,0.0,0.006788892367782351,0.00676595160769758,0.24006133107341784,0.16366318778331748
2017-07-11 00:00:00-04:00,14.850000381469727,15.0,14.760000228881836,14.989999771118164,7774400,0.0,0.0,0.0,0.0107889311014997,0.010731145840265327,0.24032289371787124,0.1677251827318504
2017-07-12 00:00:00-04:00,15.09000015258789,15.119999885559082,15.020000457763672,15.050000190734863,8272900,0.0,0.0,0.0,0.004002696499856073,0.003994707022759573,0.2430650608648203,0.16945065247093027
2017-07-13 00:00:00-04:00,15.039999961853027,15.050000190734863,14.84000015258789,14.869999885559082,7214900,0.0,0.0,0.0,-0.011960153016250086,-0.01203225109232788,0.2540627943962458,0.1720849540857598
2017-07-14 00:00:00-04:00,15.140000343322754,15.220000267028809,15.010000228881836,15.079999923706055,7841800,0.0,0.0,0.0,0.01412239675609639,0.014023604744560185,0.16037481485314917,0.18293847812330633
2017-07-17 00:00:00-04:00,15.270000457763672,15.319999694824219,15.220000267028809,15.220000267028809,7567200,0.0,0.0,0.0,0.009283842442377566,0.009241012457609514,0.1633254991620306,0.18717338912672302
2017-07-18 00:00:00-04:00,15.369999885559082,15.449999809265137,15.319999694824219,15.380000114440918,7794600,0.0,0.0,0.0,0.010512473364321595,0.01045760154025033,0.1627453341023646,0.1883785831591654
2017-07-19 00:00:00-04:00,15.430000305175781,15.479999542236328,15.329999923706055,15.399999618530273,5131300,0.0,0.0,0.0,0.0013003578634942503,0.001299513130431895,0.16510340265143073,0.1884911519180066
2017-07-20 00:00:00-04:00,15.380000114440918,15.529999732971191,15.300000190734863,15.420000076293945,7564100,0.0,0.0,0.0,0.0012987310557857068,0.001297888434088483,0.09147201671032304,0.18832573741169278
2017-07-21 00:00:00-04:00,15.569999694824219,15.630000114440918,15.520000457763672,15.600000381469727,7450400,0.0,0.0,0.0,0.011673171484123834,0.011605565625768607,0.08102564627989896,0.19030318351300513
2017-07-24 00:00:00-04:00,15.65999984741211,15.670000076293945,15.539999961853027,15.579999923706055,5812700,0.0,0.0,0.0,-0.0012820805945253921,-0.0012829031629920343,0.09435704222701105,0.18840800526279922
2017-07-25 00:00:00-04:00,15.619999885559082,15.720000267028809,15.5600004196167,15.59000015258789,6720400,0.0,0.0,0.0,0.0006418632176383721,0.0006416573115476129,0.0811503246959967,0.18692893564588528
2017-07-26 00:00:00-04:00,15.5600004196167,15.789999961853027,15.520000457763672,15.75,9831200,0.0,0.0,0.0,0.010262979207575462,0.010210672414407755,0.0949921599071536,0.1889411468915854
2017-07-27 00:00:00-04:00,15.899999618530273,15.899999618530273,15.649999618530273,15.680000305175781,7377200,0.0,0.0,0.0,-0.004444425068204416,-0.004454330886639369,0.11408836680368778,0.18690990246495953
2017-07-28 00:00:00-04:00,15.760000228881836,15.84000015258789,15.739999771118164,15.8100004196167,5841000,0.0,0.0,0.0,0.008290823463696473,0.008256643377598322,0.10027094715668626,0.18454879251385767
2017-07-31 00:00:00-04:00,15.899999618530273,15.960000038146973,15.859999656677246,15.899999618530273,5672200,0.0,0.0,0.0,0.005692548799802966,0.005676407471777807,0.09493128368561596,0.18540664632625856
2017-08-01 00:00:00-04:00,15.829999923706055,15.920000076293945,15.789999961853027,15.789999961853027,6443600,0.0,0.0,0.0,-0.006918217567065232,-0.006942259382722571,0.12319074937445855,0.1593539489485122
2017-08-02 00:00:00-04:00,15.6899995803833,15.859999656677246,15.65999984741211,15.670000076293945,6322200,0.0,0.0,0.0,-0.007599739445787734,-0.007628764614936434,0.11814395072724669,0.1591643641436607
2017-08-03 00:00:00-04:00,15.720000267028809,15.789999961853027,15.699999809265137,15.720000267028809,5365400,0.0,0.0,0.0,0.00319082262229875,0.003185742750905852,0.11652658374847857,0.1586642228208216
2017-08-04 00:00:00-04:00,15.539999961853027,15.5600004196167,15.3100004196167,15.380000114440918,12170800,0.0,0.0,0.0,-0.02162850806695016,-0.02186583246923599,0.17158818278900845,0.1444096525685255
2017-08-07 00:00:00-04:00,15.270000457763672,15.40999984741211,15.270000457763672,15.329999923706055,4191900,0.0,0.0,0.0,-0.0032509876698840756,-0.0032562836114410597,0.14461850743578517,0.14457638401530534
2017-08-08 00:00:00-04:00,15.510000228881836,15.579999923706055,15.359999656677246,15.5600004196167,7409400,0.0,0.0,0.0,0.015003294002303047,0.014891857810950664,0.21453864101138387,0.14880291877113402
2017-08-09 00:00:00-04:00,15.859999656677246,16.010000228881836,15.829999923706055,15.979999542236328,12546200,0.0,0.0,0.0,0.026992230802907358,0.02663436597419181,0.29268437856363116,0.1734303191018719
2017-08-10 00:00:00-04:00,16.260000228881836,16.280000686645508,16.100000381469727,16.18000030517578,10522600,0.0,0.0,0.0,0.012515692657614652,0.012438018799551007,0.2983684819336685,0.1669581638985885
2017-08-11 00:00:00-04:00,16.09000015258789,16.18000030517578,16.030000686645508,16.170000076293945,6302200,0.0,0.0,0.0,-0.000618061105884915,-0.0006182521843864019,0.19576991656888157,0.16360138758730255
2017-08-14 00:00:00-04:00,16.139999389648438,16.219999313354492,16.079999923706055,16.1299991607666,5294900,0.0,0.0,0.0,-0.002473773366642562,-0.002476838199488573,0.19247356071245666,0.16345535635868289
2017-08-15 00:00:00-04:00,15.710000038146973,15.84000015258789,15.680000305175781,15.739999771118164,8834000,0.0,0.0,0.0,-0.024178512705508526,-0.024475611659922816,0.30186342631176255,0.18689425167634463
2017-08-16 00:00:00-04:00,15.770000457763672,16.18000030517578,15.770000457763672,16.149999618530273,9820000,0.0,0.0,0.0,0.026048275309662472,0.025714797600404456,0.29706418188884115,0.20663243624210356
2017-08-17 00:00:00-04:00,16.18000030517578,16.229999542236328,16.040000915527344,16.1200008392334,6398700,0.0,0.0,0.0,-0.00185750959786124,-0.0018592369081426932,0.28299045931388644,0.20717088602924622
2017-08-18 00:00:00-04:00,16.209999084472656,16.239999771118164,16.040000915527344,16.100000381469727,8798700,0.0,0.0,0.0,-0.0012407231217379522,-0.0012414934559172356,0.28302527946694367,0.204477949239462
2017-08-21 00:00:00-04:00,16.1200008392334,16.190000534057617,16.049999237060547,16.06999969482422,4983000,0.0,0.0,0.0,-0.0018633966419054904,-0.0018651349251711422,0.2828228778195289,0.2045991578023263
2017-08-22 00:00:00-04:00,16.139999389648438,16.15999984741211,15.949999809265137,16.06999969482422,5127300,0.0,0.0,0.0,0.0,0.0,0.19410526531547523,0.2046528783946443
2017-08-23 00:00:00-04:00,16.1200008392334,16.15999984741211,16.040000915527344,16.149999618530273,3175400,0.0,0.0,0.0,0.0049782156331852345,0.004965865289231111,0.04576469378456942,0.20253330380964304
2017-08-24 00:00:00-04:00,16.040000915527344,16.079999923706055,15.949999809265137,16.030000686645508,4151400,0.0,0.0,0.0,-0.007430274595615516,-0.007458016591759543,0.0704714748067818,0.20393522932745292
2017-08-25 00:00:00-04:00,16.18000030517578,16.209999084472656,15.8100004196167,16.110000610351562,11920100,0.0,0.0,0.0,0.004990637572005907,0.004978225618895944,0.08259289501863434,0.20274255006548358
2017-08-28 00:00:00-04:00,16.239999771118164,16.520000457763672,16.209999084472656,16.5,11081500,0.0,0.0,0.0,0.024208527304327987,0.023920145831149615,0.18578419752419073,0.2184502111763158
2017-08-29 00:00:00-04:00,16.670000076293945,16.68000030517578,16.31999969482422,16.420000076293945,12355700,0.0,0.0,0.0,-0.004848480224609375,-0.004860272235849283,0.19740457465157552,0.21745791733060207
2017-08-30 00:00:00-04:00,16.440000534057617,16.5,16.420000076293945,16.459999084472656,3300500,0.0,0.0,0.0,0.0024359931786150923,0.002433030956891282,0.19774374202187697,0.2144502936921905
2017-08-31 00:00:00-04:00,16.459999084472656,16.65999984741211,16.459999084472656,16.649999618530273,6445900,0.0,0.0,0.0,0.011543167960249345,0.011477053887781051,0.17386217150749034,0.2168183530740723
2017-09-01 00:00:00-04:00,16.709999084472656,16.770000457763672,16.549999237060547,16.729999542236328,7278900,0.0,0.0,0.0,0.004804800332669057,0.004793294121529001,0.17404723346045606,0.19638922834972453
2017-09-05 00:00:00-04:00,16.940000534057617,17.010000228881836,16.829999923706055,16.90999984741211,10761400,0.0,0.0,0.0,0.010759133897245698,0.010701666250071979,0.1063612210123856,0.19555089247769952
2017-09-06 00:00:00-04:00,16.989999771118164,17.0,16.829999923706055,16.8700008392334,8542000,0.0,0.0,0.0,-0.0023654055907536,-0.002368207581993889,0.09252728859354187,0.19346086325880626
2017-09-07 00:00:00-04:00,16.989999771118164,17.139999389648438,16.969999313354492,17.100000381469727,9221600,0.0,0.0,0.0,0.013633641422319043,0.013541539511820022,0.10319278857620869,0.1776815664770312
2017-09-08 00:00:00-04:00,17.1200008392334,17.1299991607666,16.920000076293945,17.020000457763672,7804500,0.0,0.0,0.0,-0.004678358007099592,-0.004689335775924461,0.12651025343887792,0.17652729537649153
2017-09-11 00:00:00-04:00,16.850000381469727,16.93000030517578,16.760000228881836,16.770000457763672,7282200,0.0,0.0,0.0,-0.014688601250064104,-0.014797546909161938,0.1850345275132693,0.18669414707749518
2017-09-12 00:00:00-04:00,16.829999923706055,16.920000076293945,16.799999237060547,16.889999389648438,4304100,0.0,0.0,0.0,0.0071555711752655515,0.007130091551149501,0.1739214541125137,0.18683863751994628
2017-09-13 00:00:00-04:00,16.809999465942383,16.829999923706055,16.690000534057617,16.760000228881836,6739200,0.0,0.0,0.0,-0.007696812638505857,-0.007726585972477254,0.18205356734111572,0.16347567918940462
2017-09-14 00:00:00-04:00,16.709999084472656,16.809999465942383,16.700000762939453,16.770000457763672,4091800,0.0,0.0,0.0,0.0005966723595027812,0.0005964944213274929,0.13134995945733044,0.13948794978791595
2017-09-15 00:00:00-04:00,16.719999313354492,16.719999313354492,16.610000610351562,16.6200008392334,4176100,0.0,0.0,0.0,-0.008944520836958625,-0.008984763209006723,0.13641391828382932,0.14422281692288866
2017-09-18 00:00:00-04:00,16.389999389648438,16.40999984741211,16.1200008392334,16.270000457763672,11597600,0.0,0.0,0.0,-0.02105898699135511,-0.021283890556301983,0.16929012112762168,0.1650010148542974
2017-09-19 00:00:00-04:00,16.270000457763672,16.3799991607666,16.25,16.360000610351562,4238800,0.0,0.0,0.0,0.005531662572568985,0.005516419115763166,0.16156232427866418,0.1656374227348757
2017-09-20 00:00:00-04:00,16.309999465942383,16.43000030517578,16.030000686645508,16.190000534057617,10542100,0.0,0.0,0.0,-0.010391202319783521,-0.01044556780572793,0.16412676759880215,0.17046147235496964
2017-09-21 00:00:00-04:00,15.960000038146973,16.110000610351562,15.9399995803833,16.030000686645508,7150200,0.0,0.0,0.0,-0.009882633856344247,-0.009931791219935836,0.15045085519355056,0.17333655722024963
2017-09-22 00:00:00-04:00,16.010000228881836,16.09000015258789,15.979999542236328,16.049999237060547,3621200,0.0,0.0,0.0,0.0012475701533625205,0.001246792584366131,0.16696369195083519,0.17133833229507467
2017-09-25 00:00:00-04:00,15.949999809265137,16.219999313354492,15.90999984741211,16.209999084472656,8925900,0.0,0.0,0.0,0.00996883831886164,0.00991947722755793,0.14520853958924304,0.1741050881679356
2017-09-26 00:00:00-04:00,16.020000457763672,16.020000457763672,15.850000381469727,15.90999984741211,7685300,0.0,0.0,0.0,-0.018507048365469236,-0.018680446509408644,0.1769720149361373,0.16213495586531246
2017-09-27 00:00:00-04:00,15.819999694824219,15.979999542236328,15.819999694824219,15.829999923706055,9022100,0.0,0.0,0.0,-0.005028279350930864,-0.005040963685663553,0.1716747956093287,0.16218149508994323
2017-09-28 00:00:00-04:00,15.880000114440918,15.960000038146973,15.800000190734863,15.920000076293945,4344000,0.0,0.0,0.0,0.005685417120761427,0.00566931613522903,0.1761018728768896,0.16370438152130484
2017-09-29 00:00:00-04:00,15.869999885559082,15.899999618530273,15.710000038146973,15.739999771118164,6330500,0.0,0.0,0.0,-0.011306551778464846,-0.011370956760725867,0.1867703933943754,0.15937950521725844
2017-10-02 00:00:00-04:00,15.75,15.8100004196167,15.65999984741211,15.670000076293945,5121000,0.0,0.0,0.0,-0.004447248782853408,-0.004457167211124492,0.14240518680355796,0.15692114556141165
2017-10-03 00:00:00-04:00,15.6899995803833,15.75,15.680000305175781,15.710000038146973,3838600,0.0,0.0,0.0,0.0025526459258631284,0.0025493934590067693,0.10656904426360525,0.14976493701212096
2017-10-04 00:00:00-04:00,15.720000267028809,15.760000228881836,15.619999885559082,15.6899995803833,6719300,0.0,0.0,0.0,-0.0012731036101277793,-0.0012739146949986406,0.1042860178375618,0.1499374711469362
2017-10-05 00:00:00-04:00,15.760000228881836,15.8100004196167,15.65999984741211,15.6899995803833,4530600,0.0,0.0,0.0,0.0,0.0,0.0846916891277246,0.13637891570950983
2017-10-06 00:00:00-04:00,15.670000076293945,15.930000305175781,15.420000076293945,15.850000381469727,12122400,0.0,0.0,0.0,0.010197629405068298,0.010145984390051939,0.08767791837368778,0.14567686261469004
2017-10-09 00:00:00-04:00,15.949999809265137,16.040000915527344,15.9399995803833,16.020000457763672,5576200,0.0,0.0,0.0,0.010725556605834186,0.010668445823944247,0.09000082124055593,0.14773909991813655
2017-10-10 00:00:00-04:00,16.229999542236328,16.290000915527344,16.149999618530273,16.149999618530273,8355200,0.0,0.0,0.0,0.008114803810982396,0.008082055833524582,0.09130335443928422,0.14858532863635124
2017-10-11 00:00:00-04:00,16.200000762939453,16.280000686645508,16.110000610351562,16.25,6933500,0.0,0.0,0.0,0.0061919742310698744,0.006172882727497803,0.0687339254394823,0.1499381147137745
2017-10-12 00:00:00-04:00,16.219999313354492,16.299999237060547,16.15999984741211,16.260000228881836,4340300,0.0,0.0,0.0,0.0006153987004207107,0.0006152094202916534,0.064784966029151,0.14994160473656767
2017-10-13 00:00:00-04:00,16.3799991607666,16.43000030517578,16.309999465942383,16.40999984741211,6616900,0.0,0.0,0.0,0.009225068660444258,0.009182777607491557,0.06223854512332506,0.15183647488878707
2017-10-16 00:00:00-04:00,16.43000030517578,16.489999771118164,16.149999618530273,16.25,7914300,0.0,0.0,0.0,-0.009750143138321898,-0.009797987027783072,0.12380110636687491,0.13611017181929566
2017-10-17 00:00:00-04:00,16.110000610351562,16.170000076293945,16.020000457763672,16.09000015258789,7724400,0.0,0.0,0.0,-0.009846144456129857,-0.009894938288055702,0.14049002341511935,0.138702303766133
2017-10-18 00:00:00-04:00,16.059999465942383,16.09000015258789,16.010000228881836,16.059999465942383,4124900,0.0,0.0,0.0,-0.00186455477694214,-0.0018662952229747136,0.12648964875226887,0.1341044590235282
2017-10-19 00:00:00-04:00,16.059999465942383,16.309999465942383,16.049999237060547,16.270000457763672,7656600,0.0,0.0,0.0,0.01307602732282942,0.012991274101673767,0.16864219635143396,0.13722829972529513
2017-10-20 00:00:00-04:00,16.170000076293945,16.260000228881836,15.979999542236328,16.079999923706055,8794400,0.0,0.0,0.0,-0.011677967345535833,-0.011746690360217953,0.16311834718682047,0.14413878120248277
2017-10-23 00:00:00-04:00,15.970000267028809,16.15999984741211,15.920000076293945,16.139999389648438,6320400,0.0,0.0,0.0,0.003731310088747497,0.0037243660195481606,0.16131195646203916,0.14013823670721817
2017-10-24 00:00:00-04:00,16.020000457763672,16.100000381469727,15.9399995803833,16.020000457763672,6171700,0.0,0.0,0.0,-0.007434878340932816,-0.007462654810996003,0.15402285374168548,0.12569985743942896
2017-10-25 00:00:00-04:00,16.040000915527344,16.049999237060547,15.9399995803833,16.010000228881836,4316500,0.0,0.0,0.0,-0.000624233994761858,-0.0006244289099212996,0.1537514912252706,0.12415187171408754
2017-10-26 00:00:00-04:00,15.970000267028809,16.0,15.819999694824219,15.850000381469727,6618000,0.0,0.0,0.0,-0.009993744230151314,-0.010044016914022864,0.10368516574936963,0.12803857906986355
2017-10-27 00:00:00-04:00,15.739999771118164,15.930000305175781,15.699999809265137,15.90999984741211,7225600,0.0,0.0,0.0,0.003785455173397345,0.0037783083682247924,0.10089761199339956,0.12170939723195578
2017-10-30 00:00:00-04:00,15.739999771118164,15.960000038146973,15.739999771118164,15.90999984741211,3854300,0.0,0.0,0.0,0.0,0.0,0.09020574038503476,0.12029574857732586
2017-10-31 00:00:00-04:00,15.819999694824219,15.850000381469727,15.710000038146973,15.789999961853027,10656700,0.0,0.0,0.0,-0.0075424190263961854,-0.007571006907348306,0.09055239917889185,0.12362229856086047
2017-11-01 00:00:00-04:00,15.949999809265137,16.239999771118164,15.930000305175781,16.18000030517578,10689100,0.0,0.0,0.0,0.024699198496830554,0.024399104639985934,0.21840709564849053,0.1506983560135431
2017-11-02 00:00:00-04:00,16.18000030517578,16.280000686645508,16.09000015258789,16.170000076293945,5499600,0.0,0.0,0.0,-0.000618061105884915,-0.0006182521843864019,0.19426593267997455,0.1508003144736382
2017-11-03 00:00:00-04:00,16.200000762939453,16.219999313354492,15.84000015258789,15.920000076293945,6779700,0.0,0.0,0.0,-0.015460729673496543,-0.0155814930986855,0.23892614166384124,0.15858924156139267
2017-11-06 00:00:00-05:00,15.9399995803833,16.299999237060547,15.9399995803833,16.270000457763672,9806100,0.0,0.0,0.0,0.02198494847942256,0.021746764157819662,0.28433906922079577,0.17283338744100904
2017-11-07 00:00:00-05:00,16.209999084472656,16.229999542236328,15.970000267028809,16.010000228881836,6467600,0.0,0.0,0.0,-0.01598034551730876,-0.016109408061587012,0.31202573664254274,0.18036318608080706
2017-11-08 00:00:00-05:00,16.139999389648438,16.290000915527344,16.049999237060547,16.059999465942383,6397500,0.0,0.0,0.0,0.003123000396361597,0.003118133959913281,0.24824894428027777,0.179206615556237
2017-11-09 00:00:00-05:00,16.020000457763672,16.100000381469727,15.989999771118164,16.06999969482422,4291500,0.0,0.0,0.0,0.0006226792786041546,0.0006224854943016267,0.24864802999122543,0.17920723333248553
2017-11-10 00:00:00-05:00,16.100000381469727,16.149999618530273,15.850000381469727,15.949999809265137,7895200,0.0,0.0,0.0,-0.007467323449777741,-0.007495343486462856,0.22499963233969547,0.17694017996353054
2017-11-13 00:00:00-05:00,16.040000915527344,16.1200008392334,15.989999771118164,16.09000015258789,5959400,0.0,0.0,0.0,0.008777451096985578,0.008739153215135981,0.15359104511522592,0.17751194204887583
2017-11-14 00:00:00-05:00,16.010000228881836,16.139999389648438,15.930000305175781,16.079999923706055,6728600,0.0,0.0,0.0,-0.0006215182589807133,-0.0006217114815188748,0.09371310017297353,0.17401130333921105
2017-11-15 00:00:00-05:00,16.190000534057617,16.209999084472656,16.0,16.030000686645508,6371300,0.0,0.0,0.0,-0.003109405304588031,-0.0031142495496827233,0.09478302229970487,0.17424660245941287
2017-11-16 00:00:00-05:00,16.100000381469727,16.170000076293945,16.09000015258789,16.1200008392334,4404900,0.0,0.0,0.0,0.005614482141779842,0.005598779683616812,0.10419946941821555,0.16872476540365589
2017-11-17 00:00:00-05:00,16.139999389648438,16.40999984741211,16.100000381469727,16.309999465942383,9025200,0.0,0.0,0.0,0.011786514690902417,0.011717594748633299,0.09937885763541768,0.1684982314951387
2017-11-20 00:00:00-05:00,16.139999389648438,16.170000076293945,15.899999618530273,15.979999542236328,12877700,0.0,0.0,0.0,-0.02023298188299405,-0.02044047219664828,0.19136161650930408,0.18368766708127623
2017-11-21 00:00:00-05:00,16.040000915527344,16.110000610351562,15.989999771118164,16.010000228881836,5835800,0.0,0.0,0.0,0.0018773897061894473,0.001875629612711612,0.19274745924042558,0.18194669295821017
2017-11-22 00:00:00-05:00,16.149999618530273,16.200000762939453,16.1299991607666,16.170000076293945,5600400,0.0,0.0,0.0,0.009993744230151425,0.009944137002452986,0.20497121395858842,0.18531213123583612
2017-11-24 00:00:00-05:00,16.100000381469727,16.18000030517578,16.049999237060547,16.079999923706055,2423800,0.0,0.0,0.0,-0.00556587211893933,-0.005581419301083829,0.20724548192921716,0.18261381562196136
2017-11-27 00:00:00-05:00,16.200000762939453,16.209999084472656,16.059999465942383,16.100000381469727,4960300,0.0,0.0,0.0,0.001243809568318932,0.0012430366780169955,0.1797963659436528,0.18228218535095922
2017-11-28 00:00:00-05:00,16.110000610351562,16.1200008392334,15.819999694824219,15.90999984741211,13159700,0.0,0.0,0.0,-0.011801275127688693,-0.011871462925184212,0.13080328567707766,0.18758205347082854
2017-11-29 00:00:00-05:00,15.760000228881836,15.789999961853027,15.59000015258789,15.640000343322754,9101700,0.0,0.0,0.0,-0.016970427823936984,-0.017116075690257155,0.16892450068988427,0.19547337563268924
2017-11-30 00:00:00-05:00,15.470000267028809,15.5600004196167,15.399999618530273,15.510000228881836,11035900,0.0,0.0,0.0,-0.008312027595090088,-0.008346765123250732,0.10824778264723194,0.1730822715768989
2017-12-01 00:00:00-05:00,15.420000076293945,15.630000114440918,15.329999923706055,15.529999732971191,14631900,0.0,0.0,0.0,0.0012894586585572299,0.0012886280207132638,0.1281855929979264,0.1734245316861578
2017-12-04 00:00:00-05:00,15.449999809265137,15.449999809265137,15.34000015258789,15.4399995803833,6857300,0.0,0.0,0.0,-0.00579524495398509,-0.005812102546827585,0.10815227280659323,0.1667088489107294
2017-12-05 00:00:00-05:00,15.289999961853027,15.289999961853027,15.130000114440918,15.229999542236328,10124000,0.0,0.0,0.0,-0.013601039109727653,-0.013694380569020932,0.11247262964168109,0.1469714510971495
2017-12-06 00:00:00-05:00,15.109999656677246,15.180000305175781,15.020000457763672,15.100000381469727,8124700,0.0,0.0,0.0,-0.008535729788177848,-0.008572367766587277,0.08615476797707289,0.14066355407596656
2017-12-07 00:00:00-05:00,14.920000076293945,14.970000267028809,14.770000457763672,14.869999885559082,11107000,0.0,0.0,0.0,-0.015231820536434793,-0.01534901630780441,0.1048229118333896,0.1452802134537991
2017-12-08 00:00:00-05:00,14.930000305175781,15.010000228881836,14.890000343322754,14.960000038146973,6584400,0.0,0.0,0.0,0.006052464914629407,0.00603422232029278,0.1339073199838844,0.14871150237695327
2017-12-11 00:00:00-05:00,14.880000114440918,14.9399995803833,14.8100004196167,14.850000381469727,6204400,0.0,0.0,0.0,-0.007352918208339165,-0.007380084159357097,0.13316953994596764,0.14867188195260633
2017-12-12 00:00:00-05:00,14.779999732971191,14.880000114440918,14.739999771118164,14.859999656677246,7053000,0.0,0.0,0.0,0.0006733518485291246,0.0006731252488883179,0.13210184525035962,0.14242971784109315
2017-12-13 00:00:00-05:00,14.859999656677246,15.25,14.800000190734863,15.149999618530273,15271600,0.0,0.0,0.0,0.01951547567652323,0.019327490590064392,0.21020078568970618,0.1648112250314122
2017-12-14 00:00:00-05:00,15.050000190734863,15.050000190734863,14.9399995803833,15.020000457763672,7594400,0.0,0.0,0.0,-0.008580802906925311,-0.008617829962927528,0.18175893921557007,0.16603305439697366
2017-12-15 00:00:00-05:00,15.140000343322754,15.170000076293945,15.079999923706055,15.149999618530273,7127000,0.0,0.0,0.0,0.008655070359828487,0.008617829962927445,0.18624297240014426,0.1685055885316784
2017-12-18 00:00:00-05:00,15.199999809265137,15.260000228881836,15.180000305175781,15.220000267028809,4684300,0.0,0.0,0.0,0.004620504967730588,0.0046098632022815045,0.16408397921016732,0.16193190556638323
2017-12-19 00:00:00-05:00,15.199999809265137,15.239999771118164,15.140000343322754,15.220000267028809,5053000,0.0,0.0,0.0,0.0,0.0,0.16526194819910336,0.14948999435143398
2017-12-20 00:00:00-05:00,15.289999961853027,15.329999923706055,15.239999771118164,15.25,4520100,0.0,0.0,0.0,0.001971073090989428,0.0019691330752812947,0.10192123822182929,0.14952584056427382
2017-12-21 00:00:00-05:00,15.220000267028809,15.319999694824219,15.199999809265137,15.220000267028809,3910000,0.0,0.0,0.0,-0.0019671956046682926,-0.0019691330752812336,0.06581009019668257,0.14224116731574962
2017-12-22 00:00:00-05:00,15.34000015258789,15.489999771118164,15.3100004196167,15.399999618530273,8326700,0.0,0.0,0.0,0.011826501205219886,0.011757114670682195,0.08505976608994638,0.15117249868572108
2017-12-26 00:00:00-05:00,15.550000190734863,15.630000114440918,15.529999732971191,15.59000015258789,6380400,0.0,0.0,0.0,0.012337697322342578,0.012262208208412543,0.10737925769246753,0.15934962453887497
2017-12-27 00:00:00-05:00,15.670000076293945,15.779999732971191,15.649999618530273,15.729999542236328,6516600,0.0,0.0,0.0,0.00898007622053787,0.008939995111637572,0.10062536850037931,0.15870871314772853
2017-12-28 00:00:00-05:00,15.850000381469727,15.920000076293945,15.819999694824219,15.880000114440918,10101800,0.0,0.0,0.0,0.00953595528097928,0.00949077505672472,0.09257055015566897,0.14991796439698613
2017-12-29 00:00:00-05:00,16.020000457763672,16.149999618530273,15.930000305175781,15.989999771118164,13888400,0.0,0.0,0.0,0.006926930471317538,0.006903049506205208,0.0350224610677828,0.1473649263445236
2018-01-02 00:00:00-05:00,16.1299991607666,16.229999542236328,16.1200008392334,16.209999084472656,8943200,0.0,0.0,0.0,0.013758556379210418,0.013664766736611456,0.043341386689694096,0.1535707781179106
2018-01-03 00:00:00-05:00,16.190000534057617,16.260000228881836,16.09000015258789,16.170000076293945,9149500,0.0,0.0,0.0,-0.0024675515384220414,-0.0024706009611574803,0.09559973380307461,0.1517191167221481
2018-01-04 00:00:00-05:00,16.209999084472656,16.299999237060547,16.190000534057617,16.229999542236328,7466300,0.0,0.0,0.0,0.0037105420939573808,0.0037036750144579995,0.0972336319659236,0.13952491438771553
2018-01-05 00:00:00-05:00,16.18000030517578,16.290000915527344,16.15999984741211,16.219999313354492,5651500,0.0,0.0,0.0,-0.0006161570649346748,-0.0006163469677096402,0.10247170739530702,0.13337002518820787
2018-01-08 00:00:00-05:00,16.170000076293945,16.190000534057617,16.06999969482422,16.149999618530273,6707000,0.0,0.0,0.0,-0.0043156410473201845,-0.004324980305755261,0.11443947082963826,0.11760496081594077
2018-01-09 00:00:00-05:00,16.010000228881836,16.06999969482422,15.949999809265137,16.030000686645508,6975400,0.0,0.0,0.0,-0.007430274595615516,-0.007458016591759543,0.06609570313902151,0.12428079762377019
2018-01-10 00:00:00-05:00,16.06999969482422,16.100000381469727,16.0,16.020000457763672,8167800,0.0,0.0,0.0,-0.0006238445697739348,-0.0006240392417651399,0.06695777067795106,0.11866332120790041
2018-01-11 00:00:00-05:00,16.010000228881836,16.06999969482422,15.90999984741211,16.010000228881836,5981900,0.0,0.0,0.0,-0.000624233994761858,-0.0006244289099212996,0.04889309402593151,0.11920862689974505
2018-01-12 00:00:00-05:00,16.100000381469727,16.309999465942383,16.079999923706055,16.270000457763672,9850100,0.0,0.0,0.0,0.016239864157703066,0.016109408061587067,0.14554392614254041,0.1139164315540628
2018-01-16 00:00:00-05:00,16.1299991607666,16.25,16.09000015258789,16.25,8985900,0.0,0.0,0.0,-0.0012292844007959491,-0.0012300405906434172,0.14047207059535186,0.10622226320423588
2018-01-17 00:00:00-05:00,16.18000030517578,16.229999542236328,16.020000457763672,16.059999465942383,10718200,0.0,0.0,0.0,-0.011692340557391878,-0.011761233511030434,0.15911707717272555,0.11818650453200799
2018-01-18 00:00:00-05:00,16.079999923706055,16.15999984741211,15.949999809265137,15.970000267028809,8512300,0.0,0.0,0.0,-0.005603935361544132,-0.005619696317143434,0.16498329832796751,0.12178414077516296
2018-01-19 00:00:00-05:00,16.049999237060547,16.1200008392334,16.020000457763672,16.049999237060547,7674700,0.0,0.0,0.0,0.005009328033444227,0.004996823093282695,0.16967335020587426,0.12175336448215954
2018-01-22 00:00:00-05:00,16.06999969482422,16.09000015258789,16.0,16.040000915527344,4588100,0.0,0.0,0.0,-0.0006229484117430406,-0.0006231425247239889,0.09885759926998917,0.12230241768631818
2018-01-23 00:00:00-05:00,15.859999656677246,16.09000015258789,15.789999961853027,16.079999923706055,9722800,0.0,0.0,0.0,0.0024937036094550002,0.002490599490040648,0.10593052527088712,0.1211334391797785
2018-01-24 00:00:00-05:00,16.3799991607666,16.6200008392334,16.350000381469727,16.559999465942383,17237400,0.0,0.0,0.0,0.02985071794239791,0.029413857701085115,0.2188715708787205,0.15196100962090156
2018-01-25 00:00:00-05:00,16.540000915527344,16.639999389648438,16.15999984741211,16.309999465942383,17380100,0.0,0.0,0.0,-0.015096618844351761,-0.015211732818517629,0.2580603379569684,0.16209744192681733
2018-01-26 00:00:00-05:00,16.3799991607666,16.5,16.360000610351562,16.40999984741211,7151800,0.0,0.0,0.0,0.006131231437410012,0.006112511914790176,0.25836999002782296,0.16085311012662667
2018-01-29 00:00:00-05:00,16.290000915527344,16.290000915527344,16.1299991607666,16.209999084472656,7179700,0.0,0.0,0.0,-0.012187737038339641,-0.01226261653511631,0.28466712277055867,0.16605231149355232
2018-01-30 00:00:00-05:00,16.309999465942383,16.31999969482422,16.100000381469727,16.149999618530273,8425000,0.0,0.0,0.0,-0.0037013861401050674,-0.003708253220164504,0.28769825222429163,0.1653735162760754
2018-01-31 00:00:00-05:00,16.260000228881836,16.40999984741211,16.170000076293945,16.350000381469727,12327100,0.0,0.0,0.0,0.012383948462139527,0.012307894626495038,0.18614515351463118,0.16398337721639822
2018-02-01 00:00:00-05:00,16.15999984741211,16.270000457763672,16.1299991607666,16.25,6985200,0.0,0.0,0.0,-0.00611623113985138,-0.006135011898997414,0.1563794925257202,0.165359026373784
2018-02-02 00:00:00-05:00,16.020000457763672,16.020000457763672,15.630000114440918,15.65999984741211,17895900,0.0,0.0,0.0,-0.036307701697716355,-0.036983227956888395,0.2805529349530586,0.20952182329960312
2018-02-05 00:00:00-05:00,15.90999984741211,15.930000305175781,15.720000267028809,15.739999771118164,11728100,0.0,0.0,0.0,0.005108552010572032,0.005095547628986266,0.2953735310891664,0.2108965738761539
2018-02-06 00:00:00-05:00,15.75,15.760000228881836,15.630000114440918,15.649999618530273,10021200,0.0,0.0,0.0,-0.005717925914651811,-0.005734335836744803,0.2948489542721935,0.21121073178014402
2018-02-07 00:00:00-05:00,15.529999732971191,15.579999923706055,15.34000015258789,15.40999984741211,11937300,0.0,0.0,0.0,-0.015335449007551016,-0.015454253180949977,0.2469803987822661,0.21597146982968768
2018-02-08 00:00:00-05:00,15.520000457763672,15.539999961853027,15.40999984741211,15.460000038146973,8688900,0.0,0.0,0.0,0.003244658743021267,0.0032394061965889424,0.2682734067954293,0.2167056964069894
2018-02-09 00:00:00-05:00,15.399999618530273,15.399999618530273,15.260000228881836,15.390000343322754,8531200,0.0,0.0,0.0,-0.0045277939619338126,-0.004538075467779778,0.12936413879520484,0.21689429143138844
2018-02-12 00:00:00-05:00,15.510000228881836,15.680000305175781,15.489999771118164,15.569999694824219,10638800,0.0,0.0,0.0,0.01169586403417866,0.011627996086705226,0.16131342761793382,0.21241173020200194
2018-02-13 00:00:00-05:00,15.59000015258789,15.65999984741211,15.510000228881836,15.619999885559082,5358900,0.0,0.0,0.0,0.0032113161024327486,0.003206170839312633,0.1612502962114406,0.21323946479337802
2018-02-14 00:00:00-05:00,15.65999984741211,15.970000267028809,15.640000343322754,15.90999984741211,14553100,0.0,0.0,0.0,0.018565938794989245,0.018395695674028125,0.1410040568778786,0.22167236904962972
2018-02-15 00:00:00-05:00,15.90999984741211,15.9399995803833,15.6899995803833,15.90999984741211,9021600,0.0,0.0,0.0,0.0,0.0,0.14737119290282058,0.22081034240242944
2018-02-16 00:00:00-05:00,15.829999923706055,15.880000114440918,15.670000076293945,15.729999542236328,7210100,0.0,0.0,0.0,-0.011313658510503366,-0.01137814479013279,0.18127381306145202,0.2233916568630339
2018-02-20 00:00:00-05:00,15.6899995803833,15.729999542236328,15.489999771118164,15.539999961853027,8763800,0.0,0.0,0.0,-0.012078803935952842,-0.012152345484130616,0.19896737776100595,0.2268690223059709
2018-02-21 00:00:00-05:00,15.630000114440918,15.8100004196167,15.520000457763672,15.539999961853027,10420800,0.0,0.0,0.0,0.0,0.0,0.1966664120039754,0.22646131997128988
2018-02-22 00:00:00-05:00,15.630000114440918,15.739999771118164,15.600000381469727,15.65999984741211,5645700,0.0,0.0,0.0,0.007722000376682914,0.007692338334116839,0.13385820175479216,0.19745310540913194
2018-02-23 00:00:00-05:00,15.619999885559082,15.630000114440918,15.5600004196167,15.59000015258789,4306900,0.0,0.0,0.0,-0.004469967784564655,-0.0044799879616239414,0.1309956877684319,0.1921475163424599
2018-02-26 00:00:00-05:00,15.670000076293945,15.6899995803833,15.550000190734863,15.680000305175781,4902400,0.0,0.0,0.0,0.005772941097306639,0.005756341527768587,0.1272362055512042,0.19194595670864212
2018-02-27 00:00:00-05:00,15.640000343322754,15.649999618530273,15.390000343322754,15.479999542236328,7695400,0.0,0.0,0.0,-0.012755150449418995,-0.012837195794718747,0.13110838839975905,0.19234759566267576
2018-02-28 00:00:00-05:00,15.510000228881836,15.569999694824219,15.4399995803833,15.460000038146973,4056400,0.0,0.0,0.0,-0.0012919576667161925,-0.0012927929635454254,0.1309659890719028,0.19229343218222664
2018-03-01 00:00:00-05:00,15.329999923706055,15.609999656677246,15.229999542236328,15.539999961853027,10568600,0.0,0.0,0.0,0.00517463929551476,0.005161296858002699,0.12115378173034712,0.18670773266636162
2018-03-02 00:00:00-05:00,15.609999656677246,15.630000114440918,15.489999771118164,15.5600004196167,6299000,0.0,0.0,0.0,0.001287030747282314,0.0012862032331580704,0.11918208413439701,0.18664001253790247
2018-03-05 00:00:00-05:00,15.489999771118164,15.510000228881836,15.420000076293945,15.489999771118164,4056400,0.0,0.0,0.0,-0.004498756208919152,-0.004508906065225253,0.10761628932166313,0.1368223905944254
2018-03-06 00:00:00-05:00,15.6899995803833,15.899999618530273,15.680000305175781,15.779999732971191,11502800,0.0,0.0,0.0,0.018721753785545303,0.018548658843076188,0.14322948508935168,0.15193555087108948
2018-03-07 00:00:00-05:00,15.649999618530273,15.649999618530273,15.489999771118164,15.529999732971191,8255500,0.0,0.0,0.0,-0.015842839304847534,-0.015969678529540343,0.20165672782665092,0.16111342436517864
2018-03-08 00:00:00-05:00,15.550000190734863,15.569999694824219,15.489999771118164,15.550000190734863,6899900,0.0,0.0,0.0,0.0012878595046728059,0.0012870309249408108,0.19841087490266618,0.15108019668501427
2018-03-09 00:00:00-05:00,15.5,15.739999771118164,15.470000267028809,15.630000114440918,7958800,0.0,0.0,0.0,0.005144689564294813,0.005131500864110377,0.2016175635943431,0.15168811939789373
2018-03-12 00:00:00-04:00,15.539999961853027,15.619999885559082,15.510000228881836,15.609999656677246,4990100,0.0,0.0,0.0,-0.0012796198091638011,-0.001280439221690729,0.19737468331446067,0.1506693125215812
2018-03-13 00:00:00-04:00,15.630000114440918,15.680000305175781,15.529999732971191,15.609999656677246,6471100,0.0,0.0,0.0,0.0,0.0,0.12746759344295325,0.14501630450666456
2018-03-14 00:00:00-04:00,15.609999656677246,15.630000114440918,15.5600004196167,15.609999656677246,4070000,0.0,0.0,0.0,0.0,0.0,0.03924994435576705,0.1445697502888269
2018-03-15 00:00:00-04:00,15.520000457763672,15.520000457763672,15.430000305175781,15.449999809265137,5760300,0.0,0.0,0.0,-0.01024983029667581,-0.01030272153511439,0.08874518832273877,0.1310611558957142
2018-03-16 00:00:00-04:00,15.460000038146973,15.479999542236328,15.279999732971191,15.390000343322754,6681600,0.0,0.0,0.0,-0.0038834606267375005,-0.003891020839497061,0.06840151687081453,0.1312226421537258
2018-03-19 00:00:00-04:00,15.359999656677246,15.420000076293945,15.3100004196167,15.390000343322754,4884300,0.0,0.0,0.0,0.0,0.0,0.07107734674528464,0.1261955015719024
2018-03-20 00:00:00-04:00,15.329999923706055,15.329999923706055,15.1899995803833,15.279999732971191,7426400,0.0,0.0,0.0,-0.007147537875090926,-0.007173203896291791,0.07128204242590407,0.12161665424255254
2018-03-21 00:00:00-04:00,15.510000228881836,15.710000038146973,15.420000076293945,15.649999618530273,12896700,0.0,0.0,0.0,0.02421465261944311,0.023926126348432542,0.21821754719228728,0.1506730628987032
2018-03-22 00:00:00-04:00,15.520000457763672,15.539999961853027,15.399999618530273,15.4399995803833,10591500,0.0,0.0,0.0,-0.01341853311602148,-0.0135093751917171,0.22902298938318882,0.1556436093268792
2018-03-23 00:00:00-04:00,15.680000305175781,15.710000038146973,15.579999923706055,15.579999923706055,9556200,0.0,0.0,0.0,0.009067379995309377,0.009026518126304115,0.23376149034745866,0.1586394477532731
2018-03-26 00:00:00-04:00,15.729999542236328,15.819999694824219,15.710000038146973,15.720000267028809,8509300,0.0,0.0,0.0,0.008985901412601027,0.008945768441939212,0.23629344433474783,0.16058415091690406
2018-03-27 00:00:00-04:00,15.619999885559082,15.630000114440918,15.520000457763672,15.569999694824219,9363400,0.0,0.0,0.0,-0.00954202097052137,-0.009587837741961897,0.24410965007335453,0.15752846233493523
2018-03-28 00:00:00-04:00,15.430000305175781,15.430000305175781,15.319999694824219,15.359999656677246,10915100,0.0,0.0,0.0,-0.01348747862960975,-0.013579260877879803,0.18585884792662605,0.1649727943321625
2018-03-29 00:00:00-04:00,15.3100004196167,15.430000305175781,15.300000190734863,15.40999984741211,6888300,0.0,0.0,0.0,0.0032552208237275337,0.0032499340623654855,0.167611452759838,0.16427130171754206
2018-04-02 00:00:00-04:00,15.619999885559082,15.720000267028809,15.579999923706055,15.649999618530273,9473100,0.0,0.0,0.0,0.015574287702440737,0.015454253180949989,0.19479169023026224,0.1737376375104348
2018-04-03 00:00:00-04:00,15.510000228881836,15.529999732971191,15.40999984741211,15.460000038146973,5832800,0.0,0.0,0.0,-0.012140548563230213,-0.012214846984360992,0.19765314879472184,0.17861258831472537
2018-04-04 00:00:00-04:00,15.380000114440918,15.449999809265137,15.319999694824219,15.380000114440918,8229100,0.0,0.0,0.0,-0.00517463929551476,-0.0051880741083487536,0.1912475510760404,0.16494443426883615
2018-04-05 00:00:00-04:00,15.279999732971191,15.479999542236328,15.270000457763672,15.449999809265137,6121500,0.0,0.0,0.0,0.004551345533378326,0.004541019480065979,0.16662203563495429,0.15666202315376992
2018-04-06 00:00:00-04:00,15.520000457763672,15.550000190734863,15.390000343322754,15.430000305175781,6906700,0.0,0.0,0.0,-0.0012944663000812318,-0.0012953048453060597,0.16623933637640648,0.15660224670606937
2018-04-09 00:00:00-04:00,15.470000267028809,15.600000381469727,15.430000305175781,15.5600004196167,6558300,0.0,0.0,0.0,0.008425153069978375,0.008389859564749717,0.12827862538781623,0.15854726481137432
2018-04-10 00:00:00-04:00,15.65999984741211,15.6899995803833,15.569999694824219,15.619999885559082,7250900,0.0,0.0,0.0,0.0038560067046489177,0.003848591367077204,0.08457525359920606,0.1591206315672399
2018-04-11 00:00:00-04:00,15.670000076293945,15.899999618530273,15.649999618530273,15.6899995803833,13825000,0.0,0.0,0.0,0.004481414554230234,0.004471402915751432,0.05508806096452713,0.1598842176225756
2018-04-12 00:00:00-04:00,15.579999923706055,15.59000015258789,15.5,15.520000457763672,7487100,0.0,0.0,0.0,-0.01083487107495995,-0.010893995750573827,0.11791879085039335,0.16471005580346956
2018-04-13 00:00:00-04:00,15.640000343322754,15.729999542236328,15.640000343322754,15.680000305175781,6159000,0.0,0.0,0.0,0.010309268214748757,0.010256490134848532,0.13207425077945886,0.1643020354372508
2018-04-16 00:00:00-04:00,15.770000457763672,15.8100004196167,15.6899995803833,15.720000267028809,5231200,0.0,0.0,0.0,0.0025510179256709176,0.0025477696026231208,0.12389677713636056,0.16346001092216547
2018-04-17 00:00:00-04:00,15.720000267028809,15.829999923706055,15.6899995803833,15.800000190734863,6926400,0.0,0.0,0.0,0.00508905358442302,0.005076148117122006,0.12531608793767715,0.16399829179228284
2018-04-18 00:00:00-04:00,16.149999618530273,16.260000228881836,16.09000015258789,16.18000030517578,19800200,0.0,0.0,0.0,0.024050639864153345,0.02376597838689438,0.2008395158398,0.1792031090083417
2018-04-19 00:00:00-04:00,16.270000457763672,16.350000381469727,16.100000381469727,16.260000228881836,17017000,0.0,0.0,0.0,0.004944370963977374,0.004932187704396006,0.13766339043133677,0.16096752147521134
2018-04-20 00:00:00-04:00,16.149999618530273,16.219999313354492,16.110000610351562,16.1299991607666,8050500,0.0,0.0,0.0,-0.007995145528000625,-0.00802727808827087,0.18361656244007046,0.1551399544493832
2018-04-23 00:00:00-04:00,15.789999961853027,15.8100004196167,15.630000114440918,15.670000076293945,15510900,0.0,0.0,0.0,-0.028518233627161216,-0.02893277887104737,0.3079010309314942,0.18722931092011916
2018-04-24 00:00:00-04:00,15.6899995803833,15.789999961853027,15.670000076293945,15.760000228881836,7465500,0.0,0.0,0.0,0.005743468548162101,0.00572703771597235,0.30868157704726773,0.18559332486526497
2018-04-25 00:00:00-04:00,15.619999885559082,15.640000343322754,15.550000190734863,15.609999656677246,6278600,0.0,0.0,0.0,-0.009517802666633157,-0.009563386419121965,0.22102144556256673,0.185576496756537
2018-04-26 00:00:00-04:00,15.630000114440918,15.640000343322754,15.470000267028809,15.579999923706055,8415300,0.0,0.0,0.0,-0.0019218279071747668,-0.0019236769878835732,0.20207324905674012,0.1786808668923685
2018-04-27 00:00:00-04:00,15.539999961853027,15.59000015258789,15.489999771118164,15.569999694824219,5690900,0.0,0.0,0.0,-0.0006418632176383721,-0.0006420693000226373,0.2096966762674387,0.17849783071200837
2018-04-30 00:00:00-04:00,15.3100004196167,15.5,15.260000228881836,15.380000114440918,13944300,0.0,0.0,0.0,-0.012202927688332643,-0.012277994727274122,0.1144285208754448,0.1747362887309902
2018-05-01 00:00:00-04:00,15.300000190734863,15.319999694824219,15.119999885559082,15.239999771118164,14157600,0.0,0.0,0.0,-0.009102753074188952,-0.009144436278382866,0.08075930676354603,0.17244180645045135
2018-05-02 00:00:00-04:00,15.4399995803833,15.569999694824219,15.380000114440918,15.420000076293945,10561200,0.0,0.0,0.0,0.011811043824088818,0.011741837842903094,0.14770482520618197,0.17702361018358592
2018-05-03 00:00:00-04:00,15.5600004196167,15.59000015258789,15.4399995803833,15.460000038146973,6541700,0.0,0.0,0.0,0.002594031235740424,0.0025906725438283895,0.15206327160370775,0.17651952644712976
2018-05-04 00:00:00-04:00,15.430000305175781,15.550000190734863,15.40999984741211,15.539999961853027,4829700,0.0,0.0,0.0,0.00517463929551476,0.005161296858002699,0.1595728421223704,0.1773376686932277
2018-05-07 00:00:00-04:00,15.5,15.550000190734863,15.470000267028809,15.520000457763672,3331600,0.0,0.0,0.0,-0.0012869693782785463,-0.0012877982345869722,0.12312516864383734,0.17485264936726286
2018-05-08 00:00:00-04:00,15.489999771118164,15.5600004196167,15.359999656677246,15.510000228881836,9529700,0.0,0.0,0.0,-0.0006443446254431606,-0.000644552304657445,0.08429382708800273,0.17424080156289967
2018-05-09 00:00:00-04:00,15.550000190734863,15.649999618530273,15.520000457763672,15.529999732971191,6852100,0.0,0.0,0.0,0.0012894586585572299,0.0012886280207132638,0.04130558291451396,0.17344663376653932
2018-05-10 00:00:00-04:00,15.729999542236328,15.779999732971191,15.680000305175781,15.739999771118164,8470600,0.0,0.0,0.0,0.01352221775645801,0.013431608481634329,0.09661461456001215,0.1756495065691202
2018-05-11 00:00:00-04:00,15.829999923706055,15.850000381469727,15.680000305175781,15.699999809265137,6681200,0.0,0.0,0.0,-0.002541293674376277,-0.002544528242299422,0.10399421845339184,0.17227636360916807
2018-05-14 00:00:00-04:00,15.680000305175781,15.710000038146973,15.539999961853027,15.5600004196167,7360100,0.0,0.0,0.0,-0.008917158684665694,-0.008957154487645577,0.1302857484589258,0.17491912580627272
2018-05-15 00:00:00-04:00,15.319999694824219,15.359999656677246,15.260000228881836,15.329999923706055,10317400,0.0,0.0,0.0,-0.014781522474811792,-0.01489185781095066,0.17076336850213578,0.18069367170602935
2018-05-16 00:00:00-04:00,15.350000381469727,15.470000267028809,15.319999694824219,15.40999984741211,7638200,0.0,0.0,0.0,0.005218520815668315,0.005204951523200722,0.17806763923052094,0.1561456520572912
2018-05-17 00:00:00-04:00,15.5,15.529999732971191,15.460000038146973,15.470000267028809,4987300,0.0,0.0,0.0,0.003893602868969337,0.0038860424158987726,0.13474356361886797,0.1555345030111601
2018-05-18 00:00:00-04:00,15.430000305175781,15.510000228881836,15.420000076293945,15.479999542236328,3883000,0.0,0.0,0.0,0.0006463655484758579,0.0006461567442357963,0.13792431360462848,0.15446290393026782
2018-05-21 00:00:00-04:00,15.529999732971191,15.5600004196167,15.460000038146973,15.539999961853027,4405100,0.0,0.0,0.0,0.003875996213888122,0.0038685038944571604,0.13187897430219253,0.11959023658674715
2018-05-22 00:00:00-04:00,15.65999984741211,15.6899995803833,15.550000190734863,15.579999923706055,5562600,0.0,0.0,0.0,0.0025740001255609712,0.002570693060945332,0.027399871488337894,0.11795243494338063
2018-05-23 00:00:00-04:00,15.399999618530273,15.529999732971191,15.369999885559082,15.5,7300100,0.0,0.0,0.0,-0.005134783318216152,-0.005148011620485645,0.05978608419163354,0.11450741556442169
2018-05-24 00:00:00-04:00,15.609999656677246,15.720000267028809,15.59000015258789,15.6899995803833,7046000,0.0,0.0,0.0,0.012258037444083936,0.01218351607552712,0.09984945489599706,0.12266296652466097
2018-05-25 00:00:00-04:00,15.649999618530273,15.670000076293945,15.520000457763672,15.529999732971191,5169600,0.0,0.0,0.0,-0.010197568622764774,-0.010249920034518092,0.1374739863027577,0.12828017108618714
2018-05-29 00:00:00-04:00,15.420000076293945,15.510000228881836,15.390000343322754,15.4399995803833,9718200,0.0,0.0,0.0,-0.00579524495398509,-0.005812102546827585,0.14040179177083031,0.12212929094568906
2018-05-30 00:00:00-04:00,15.479999542236328,15.59000015258789,15.470000267028809,15.550000190734863,4684300,0.0,0.0,0.0,0.007124392055769091,0.007099133471768184,0.1515056477186824,0.11924446433790349
2018-05-31 00:00:00-04:00,15.529999732971191,15.600000381469727,15.449999809265137,15.460000038146973,5554400,0.0,0.0,0.0,-0.005787791092215944,-0.005804605264412171,0.15286994285663133,0.1144146395415988
2018-06-01 00:00:00-04:00,15.460000038146973,15.539999961853027,15.40999984741211,15.4399995803833,6197200,0.0,0.0,0.0,-0.0012936906671617843,-0.0012945282073561516,0.10428491815665421,0.11414701765799856
2018-06-04 00:00:00-04:00,15.529999732971191,15.5600004196167,15.4399995803833,15.449999809265137,3993300,0.0,0.0,0.0,0.0006476832353377038,0.0006474735790733823,0.08501461777176432,0.11252353895513305
2018-06-05 00:00:00-04:00,15.470000267028809,15.569999694824219,15.4399995803833,15.520000457763672,6568400,0.0,0.0,0.0,0.004530786366518713,0.004520553251698412,0.0799357058601366,0.11371248019490274
2018-06-06 00:00:00-04:00,15.699999809265137,15.760000228881836,15.649999618530273,15.699999809265137,8717300,0.0,0.0,0.0,0.01159789601754957,0.011531155955390681,0.10404547656635696,0.12083773172769403
2018-06-07 00:00:00-04:00,15.819999694824219,15.90999984741211,15.680000305175781,15.720000267028809,8920000,0.0,0.0,0.0,0.0012739145227167459,0.0012731037820809526,0.08039719159570675,0.12083663028219142
2018-06-08 00:00:00-04:00,15.819999694824219,15.829999923706055,15.720000267028809,15.779999732971191,4128900,0.0,0.0,0.0,0.003816759855165275,0.0038094945081245447,0.06920253922244499,0.11167242194550488
2018-06-11 00:00:00-04:00,15.880000114440918,15.960000038146973,15.880000114440918,15.9399995803833,10123500,0.0,0.0,0.0,0.010139407485400653,0.010088348541556706,0.06981305368494221,0.11658209898760322
2018-06-12 00:00:00-04:00,15.880000114440918,15.960000038146973,15.829999923706055,15.869999885559082,6500900,0.0,0.0,0.0,-0.004391448975341494,-0.004401119710137307,0.10413076659216981,0.1126267017403504
2018-06-13 00:00:00-04:00,15.970000267028809,16.110000610351562,15.829999923706055,16.079999923706055,12232500,0.0,0.0,0.0,0.013232516676831452,0.013145731679002301,0.11154549479994492,0.10410421271277491
2018-06-14 00:00:00-04:00,16.15999984741211,16.280000686645508,16.139999389648438,16.170000076293945,13476500,0.0,0.0,0.0,0.005597024441225784,0.005581419301083842,0.10703216967545566,0.10424814587743772
2018-06-15 00:00:00-04:00,15.960000038146973,15.960000038146973,15.489999771118164,15.600000381469727,24728300,0.0,0.0,0.0,-0.03525044478261119,-0.035886739598577064,0.31232162258314294,0.1692772490073287
2018-06-18 00:00:00-04:00,15.5600004196167,15.59000015258789,15.449999809265137,15.510000228881836,8991600,0.0,0.0,0.0,-0.005769240409429499,-0.005785946763181942,0.29274081550464576,0.1707159385202869
2018-06-19 00:00:00-04:00,15.369999885559082,15.420000076293945,15.329999923706055,15.359999656677246,10823300,0.0,0.0,0.0,-0.009671216633850732,-0.009718286577712716,0.29408648825210704,0.17354616796132596
2018-06-20 00:00:00-04:00,15.359999656677246,15.390000343322754,15.3100004196167,15.34000015258789,7787300,0.0,0.0,0.0,-0.0013020510765872073,-0.0013028994816146442,0.24744839557445558,0.1731731677542098
2018-06-21 00:00:00-04:00,15.369999885559082,15.399999618530273,15.3100004196167,15.359999656677246,7075700,0.0,0.0,0.0,0.0013037486238864915,0.0013028994816145978,0.2326206469679198,0.17250234498268402
2018-06-22 00:00:00-04:00,15.420000076293945,15.520000457763672,15.380000114440918,15.5,7685700,0.0,0.0,0.0,0.00911460588880253,0.009073318557416957,0.11372418115284232,0.16978325245610268
2018-06-25 00:00:00-04:00,15.390000343322754,15.399999618530273,15.329999923706055,15.369999885559082,5508700,0.0,0.0,0.0,-0.008387104157478564,-0.008422473820429571,0.12150874239202655,0.16853640808399087
2018-06-26 00:00:00-04:00,15.329999923706055,15.369999885559082,15.289999961853027,15.329999923706055,6086000,0.0,0.0,0.0,-0.0026024698861975004,-0.0026058621978225466,0.10130053075267488,0.16757506268442413
2018-06-27 00:00:00-04:00,15.239999771118164,15.3100004196167,15.029999732971191,15.119999885559082,12641200,0.0,0.0,0.0,-0.013698632693548318,-0.013793324724405644,0.13948331431408292,0.17158583489655774
2018-06-28 00:00:00-04:00,15.100000381469727,15.109999656677246,14.989999771118164,15.069999694824219,8801000,0.0,0.0,0.0,-0.0033068909466472673,-0.003312370794688747,0.134579382825268,0.17095868783751456
2018-06-29 00:00:00-04:00,15.079999923706055,15.220000267028809,15.039999961853027,15.149999618530273,7990000,0.0,0.0,0.0,0.0053085550979494744,0.0052945143880036545,0.11251581559753225,0.17252061290662368
2018-07-02 00:00:00-04:00,14.960000038146973,15.0,14.84000015258789,14.90999984741211,9148800,0.0,0.0,0.0,-0.015841569449587034,-0.015968388233140573,0.13811755205629925,0.18032276680642775
2018-07-03 00:00:00-04:00,15.050000190734863,15.100000381469727,15.029999732971191,15.029999732971191,4606000,0.0,0.0,0.0,0.008048282145348917,0.008016067455777784,0.1714382498102372,0.18235952165958141
2018-07-05 00:00:00-04:00,15.069999694824219,15.149999618530273,15.039999961853027,15.100000381469727,7141100,0.0,0.0,0.0,0.004657395192428027,0.004646583085278918,0.15396645989284044,0.1773225503658348
2018-07-06 00:00:00-04:00,15.0600004196167,15.100000381469727,15.029999732971191,15.079999923706055,4791300,0.0,0.0,0.0,-0.0013245335932716706,-0.0013254115632443044,0.15209998399673416,0.17694780714252087
2018-07-09 00:00:00-04:00,15.210000038146973,15.25,15.130000114440918,15.170000076293945,6847500,0.0,0.0,0.0,0.005968179910028182,0.005950440869175639,0.15356902303588787,0.1780498216362624
2018-07-10 00:00:00-04:00,15.140000343322754,15.15999984741211,15.079999923706055,15.119999885559082,4298000,0.0,0.0,0.0,-0.0032959914623202913,-0.0033014352071624076,0.07744582754268031,0.17228547801201555
2018-07-11 00:00:00-04:00,14.979999542236328,15.0,14.850000381469727,14.859999656677246,10390800,0.0,0.0,0.0,-0.01719578246360698,-0.017345346996749562,0.1464798411043817,0.1798975769899038
2018-07-12 00:00:00-04:00,14.979999542236328,15.0600004196167,14.9399995803833,15.0,6969000,0.0,0.0,0.0,0.009421288462805988,0.009377184916416492,0.1635212780462205,0.17573493136941123
2018-07-13 00:00:00-04:00,14.880000114440918,14.949999809265137,14.819999694824219,14.880000114440918,8575500,0.0,0.0,0.0,-0.007999992370605447,-0.00803216400634236,0.17034689077891532,0.1730985650529559
2018-07-16 00:00:00-04:00,14.850000381469727,14.880000114440918,14.8100004196167,14.850000381469727,4576500,0.0,0.0,0.0,-0.0020161110712678676,-0.0020181461589623183,0.15359250983825387,0.1281037313269729
2018-07-17 00:00:00-04:00,14.680000305175781,14.760000228881836,14.619999885559082,14.670000076293945,18090700,0.0,0.0,0.0,-0.012121232360397194,-0.012195293581337118,0.16276228097877732,0.13221831041323762
2018-07-18 00:00:00-04:00,14.550000190734863,14.65999984741211,14.5,14.630000114440918,8067500,0.0,0.0,0.0,-0.002726650418882093,-0.0027303745011896256,0.12884018246575168,0.1296681143433892
2018-07-19 00:00:00-04:00,14.359999656677246,14.550000190734863,14.350000381469727,14.420000076293945,16130700,0.0,0.0,0.0,-0.01435406948081197,-0.014458085706733334,0.08725624016247438,0.13630925814081107
2018-07-20 00:00:00-04:00,14.520000457763672,14.619999885559082,14.489999771118164,14.59000015258789,10571800,0.0,0.0,0.0,0.011789186920561745,0.011720235845437537,0.16419789969268195,0.14552369719284722
2018-07-23 00:00:00-04:00,14.520000457763672,14.539999961853027,14.430000305175781,14.470000267028809,6381600,0.0,0.0,0.0,-0.008224803584926388,-0.008258813895730013,0.16565365405325716,0.14003676470965778
2018-07-24 00:00:00-04:00,14.59000015258789,14.680000305175781,14.539999961853027,14.579999923706055,7540200,0.0,0.0,0.0,0.007601911171203568,0.007573162250378276,0.17224009716115596,0.14392439321467954
2018-07-25 00:00:00-04:00,14.680000305175781,14.699999809265137,14.600000381469727,14.680000305175781,7227800,0.0,0.0,0.0,0.00685873676220905,0.0068353226271791615,0.18009133557215604,0.14778502252848968
2018-07-26 00:00:00-04:00,14.569999694824219,14.640000343322754,14.479999542236328,14.489999771118164,8336100,0.0,0.0,0.0,-0.01294281540243758,-0.013027303438167288,0.17277240217736,0.14702218555773505
2018-07-27 00:00:00-04:00,14.5600004196167,14.619999885559082,14.539999961853027,14.569999694824219,5958200,0.0,0.0,0.0,0.0055210438212367485,0.005505858724880745,0.1527165255468264,0.1493696827176728
2018-07-30 00:00:00-04:00,14.5600004196167,14.630000114440918,14.550000190734863,14.579999923706055,3655800,0.0,0.0,0.0,0.0006863575217086471,0.0006861220861073485,0.13548428817451777,0.14740459008528772
2018-07-31 00:00:00-04:00,14.579999923706055,14.6899995803833,14.529999732971191,14.609999656677246,6939100,0.0,0.0,0.0,0.0020575948647580944,0.0020554809157148184,0.12519597680381073,0.1383234650909858
2018-08-01 00:00:00-04:00,14.550000190734863,14.5600004196167,14.470000267028809,14.479999542236328,5023800,0.0,0.0,0.0,-0.008898023100329389,-0.008937846919389522,0.12424206044614342,0.13672444295248987
2018-08-02 00:00:00-04:00,14.479999542236328,14.510000228881836,14.380000114440918,14.430000305175781,8213900,0.0,0.0,0.0,-0.0034529860940054613,-0.0034589614095745292,0.08800891292626035,0.1346378645680135
2018-08-03 00:00:00-04:00,14.529999732971191,14.640000343322754,14.479999542236328,14.5,7564700,0.0,0.0,0.0,0.004850983599710146,0.0048392554920467425,0.08504748394310381,0.1369547647018733
2018-08-06 00:00:00-04:00,14.430000305175781,14.449999809265137,14.380000114440918,14.399999618530273,3546000,0.0,0.0,0.0,-0.006896578032394962,-0.006920469335527393,0.09255540148434782,0.13471750533574897
2018-08-07 00:00:00-04:00,14.5,14.5,14.430000305175781,14.430000305175781,4175600,0.0,0.0,0.0,0.0020833810722398205,0.002081213843480634,0.09263497801130358,0.1356811795387202
2018-08-08 00:00:00-04:00,14.489999771118164,14.529999732971191,14.430000305175781,14.5,5084900,0.0,0.0,0.0,0.004850983599710146,0.0048392554920467425,0.0834273606556659,0.12578227882837634
2018-08-09 00:00:00-04:00,14.529999732971191,14.59000015258789,14.5,14.520000457763672,4021400,0.0,0.0,0.0,0.0013793419147360986,0.0013783914965446054,0.07654907896173836,0.11988008045886227
2018-08-10 00:00:00-04:00,14.420000076293945,14.510000228881836,14.380000114440918,14.40999984741211,6275400,0.0,0.0,0.0,-0.0075757993721512484,-0.0076046415006703096,0.08949928085851584,0.11958871357774332
2018-08-13 00:00:00-04:00,14.350000381469727,14.350000381469727,14.09000015258789,14.100000381469727,12229400,0.0,0.0,0.0,-0.021512801472933774,-0.02174757498369009,0.17090904260453152,0.13899047424250424
2018-08-14 00:00:00-04:00,14.140000343322754,14.210000038146973,14.109999656677246,14.170000076293945,5688600,0.0,0.0,0.0,0.004964517229106846,0.004952234648064442,0.1785859389938648,0.13659897992634426
2018-08-15 00:00:00-04:00,13.880000114440918,13.880000114440918,13.510000228881836,13.569999694824219,25279400,0.0,0.0,0.0,-0.04234300481575237,-0.04326560772900336,0.30662768569570814,0.19878739959722766
2018-08-16 00:00:00-04:00,13.789999961853027,13.949999809265137,13.770000457763672,13.770000457763672,12662800,0.0,0.0,0.0,0.014738450069069264,0.014630894626338249,0.3567194212022381,0.20479678073017477
2018-08-17 00:00:00-04:00,13.819999694824219,13.9399995803833,13.75,13.920000076293945,7177900,0.0,0.0,0.0,0.010893218122276949,0.010834314403048344,0.3884408671860009,0.2040068794808905
2018-08-20 00:00:00-04:00,13.859999656677246,13.899999618530273,13.779999732971191,13.880000114440918,6988000,0.0,0.0,0.0,-0.0028735604621976663,-0.0028776970634790907,0.36536955458829506,0.20281533264103194
2018-08-21 00:00:00-04:00,13.890000343322754,13.920000076293945,13.850000381469727,13.890000343322754,4004600,0.0,0.0,0.0,0.0007204775792062357,0.0007202181598315833,0.3608106047548721,0.19994477873682048
2018-08-22 00:00:00-04:00,13.890000343322754,13.90999984741211,13.819999694824219,13.880000114440918,5324500,0.0,0.0,0.0,-0.0007199588649861033,-0.0007202181598316242,0.12336951036795622,0.19710768544238372
2018-08-23 00:00:00-04:00,13.739999771118164,13.779999732971191,13.619999885559082,13.649999618530273,6917500,0.0,0.0,0.0,-0.016570640779127177,-0.016709469639213086,0.1563298586399579,0.20000176861312985
2018-08-24 00:00:00-04:00,13.850000381469727,13.989999771118164,13.829999923706055,13.920000076293945,8723600,0.0,0.0,0.0,0.019780253868808773,0.019587166702692203,0.2062337319253563,0.21389167771643255
2018-08-27 00:00:00-04:00,13.930000305175781,14.029999732971191,13.930000305175781,13.989999771118164,11768800,0.0,0.0,0.0,0.005028713681074493,0.005016111929840565,0.20676420869973233,0.21521796380033914
2018-08-28 00:00:00-04:00,14.020000457763672,14.050000190734863,13.789999961853027,13.84000015258789,10736800,0.0,0.0,0.0,-0.010721917153990401,-0.010779811102341077,0.22513805565168904,0.216816989726066
2018-08-29 00:00:00-04:00,13.880000114440918,13.90999984741211,13.819999694824219,13.869999885559082,7312200,0.0,0.0,0.0,0.002167610739916226,0.0021652648611127476,0.2260056387991949,0.21611993998627704
2018-08-30 00:00:00-04:00,13.770000457763672,13.770000457763672,13.649999618530273,13.699999809265137,9431000,0.0,0.0,0.0,-0.012256674671709433,-0.012332407163946395,0.20746981903649048,0.21911089675395434
2018-08-31 00:00:00-04:00,13.680000305175781,13.739999771118164,13.619999885559082,13.649999618530273,6536400,0.0,0.0,0.0,-0.0036496490095604406,-0.0036563252273580657,0.1211496798883526,0.21739905073516674
2018-09-04 00:00:00-04:00,13.229999542236328,13.329999923706055,13.170000076293945,13.3100004196167,15857200,0.0,0.0,0.0,-0.024908366916876368,-0.025223829751024805,0.16192216392929426,0.23075384427292664
2018-09-05 00:00:00-04:00,13.369999885559082,13.390000343322754,13.319999694824219,13.350000381469727,6813100,0.0,0.0,0.0,0.0030052562428228846,0.0030007494873261027,0.18506485639271242,0.23108993738234193
2018-09-06 00:00:00-04:00,13.359999656677246,13.4399995803833,13.270000457763672,13.3100004196167,9360100,0.0,0.0,0.0,-0.0029962517385804244,-0.00300074948732608,0.17188526855458267,0.22887072446857668
2018-09-07 00:00:00-04:00,13.319999694824219,13.40999984741211,13.270000457763672,13.319999694824219,7207200,0.0,0.0,0.0,0.0007512603224852921,0.0007509782677047583,0.1770874406378494,0.22867942818096354
2018-09-10 00:00:00-04:00,13.369999885559082,13.380000114440918,13.289999961853027,13.3100004196167,4393500,0.0,0.0,0.0,-0.0007506963541001888,-0.0007509782677047248,0.18022526290330806,0.2286279889753224
2018-09-11 00:00:00-04:00,13.210000038146973,13.3100004196167,13.109999656677246,13.279999732971191,8083200,0.0,0.0,0.0,-0.0022539959203375926,-0.002256539992746858,0.0382391435706464,0.21892302186070772
2018-09-12 00:00:00-04:00,13.25,13.430000305175781,13.229999542236328,13.390000343322754,9092600,0.0,0.0,0.0,0.008283178656883328,0.008249061402619827,0.07185586363238909,0.22081296536100103
2018-09-13 00:00:00-04:00,13.449999809265137,13.5,13.329999923706055,13.350000381469727,10771000,0.0,0.0,0.0,-0.002987301032667533,-0.0029917719225468218,0.0718276117391809,0.16408431758852315
2018-09-14 00:00:00-04:00,13.350000381469727,13.380000114440918,13.220000267028809,13.229999542236328,7632600,0.0,0.0,0.0,-0.0089888266520175,-0.00902946989433451,0.09882004939285631,0.15575230564971054
2018-09-17 00:00:00-04:00,13.329999923706055,13.399999618530273,13.300000190734863,13.3100004196167,6851400,0.0,0.0,0.0,0.006046929716435168,0.006028720407008552,0.11224351343691255,0.15133854013349715
2018-09-18 00:00:00-04:00,13.34000015258789,13.369999885559082,13.25,13.3100004196167,5837200,0.0,0.0,0.0,0.0,0.0,0.11049362644461355,0.15151122341749243
2018-09-19 00:00:00-04:00,13.369999885559082,13.489999771118164,13.34000015258789,13.399999618530273,14142000,0.0,0.0,0.0,0.006761772808130839,0.0067390145555317905,0.10405714670982937,0.15446572235461106
2018-09-20 00:00:00-04:00,13.40999984741211,13.460000038146973,13.359999656677246,13.449999809265137,9186700,0.0,0.0,0.0,0.003731357623750986,0.003724413377842044,0.10214254049250446,0.15566252130332794
2018-09-21 00:00:00-04:00,13.34000015258789,13.539999961853027,13.319999694824219,13.4399995803833,11081500,0.0,0.0,0.0,-0.0007435114515724761,-0.0007437879932949072,0.054331984127869395,0.14515849970951825
2018-09-24 00:00:00-04:00,13.4399995803833,13.529999732971191,13.40999984741211,13.40999984741211,9673700,0.0,0.0,0.0,-0.002232123058618085,-0.0022346179585997525,0.05826032781025818,0.12327701732489192
2018-09-25 00:00:00-04:00,13.569999694824219,13.6899995803833,13.569999694824219,13.59000015258789,11303700,0.0,0.0,0.0,0.013422841702009247,0.013333553476083329,0.09966009061205008,0.13271584154029817
2018-09-26 00:00:00-04:00,13.520000457763672,13.600000381469727,13.449999809265137,13.489999771118164,10004300,0.0,0.0,0.0,-0.007358379716477348,-0.00738558613811967,0.12410415184080667,0.13009897894647943
2018-09-27 00:00:00-04:00,13.359999656677246,13.449999809265137,13.329999923706055,13.40999984741211,6534900,0.0,0.0,0.0,-0.005930313199658643,-0.00594796733796366,0.13124278071143428,0.13045441117256673
2018-09-28 00:00:00-04:00,13.630000114440918,13.84000015258789,13.619999885559082,13.729999542236328,15282500,0.0,0.0,0.0,0.023862766477657615,0.023582500524558025,0.21724886160316734,0.1526323400094202
2018-10-01 00:00:00-04:00,13.529999732971191,13.649999618530273,13.510000228881836,13.619999885559082,9288000,0.0,0.0,0.0,-0.008011628575723129,-0.008043894120531199,0.2316806768261911,0.15484314059434579
2018-10-02 00:00:00-04:00,13.899999618530273,14.020000457763672,13.760000228881836,13.789999961853027,20937700,0.0,0.0,0.0,0.012481650346722217,0.012404396719983104,0.2291460353334124,0.13019614698890908
2018-10-03 00:00:00-04:00,13.84000015258789,13.890000343322754,13.739999771118164,13.779999732971191,8549200,0.0,0.0,0.0,-0.0007251797613849753,-0.0007254428314178678,0.21461766426060094,0.13041311067711228
2018-10-04 00:00:00-04:00,13.850000381469727,13.869999885559082,13.65999984741211,13.710000038146973,9243500,0.0,0.0,0.0,-0.0050798037866961465,-0.005092749850872003,0.21212514312149264,0.1315952625411361
2018-10-05 00:00:00-04:00,13.8100004196167,13.829999923706055,13.699999809265137,13.75,7016000,0.0,0.0,0.0,0.0029175756193822178,0.002913327755937652,0.12657852042912096,0.13165338429055506
2018-10-08 00:00:00-04:00,13.460000038146973,13.529999732971191,13.399999618530273,13.529999732971191,9290300,0.0,0.0,0.0,-0.016000019420276956,-0.01612940166593764,0.16619555206231745,0.14567959416612064
2018-10-09 00:00:00-04:00,13.479999542236328,13.550000190734863,13.40999984741211,13.529999732971191,6392900,0.0,0.0,0.0,0.0,0.0,0.11759361914005413,0.14525970177970512
2018-10-10 00:00:00-04:00,13.489999771118164,13.5,13.390000343322754,13.449999809265137,8632800,0.0,0.0,0.0,-0.005912780878413737,-0.005930330579825367,0.11484546923912826,0.14452218231844702
2018-10-11 00:00:00-04:00,13.59000015258789,13.75,13.5600004196167,13.670000076293945,15833000,0.0,0.0,0.0,0.016356897408820847,0.016224564450163535,0.18877149275453525,0.15470570690322608
2018-10-12 00:00:00-04:00,13.779999732971191,13.8100004196167,13.670000076293945,13.739999771118164,8082000,0.0,0.0,0.0,0.005120679914670134,0.0051076138191556665,0.19192620918546718,0.15039156237751428
2018-10-15 00:00:00-04:00,13.829999923706055,13.880000114440918,13.770000457763672,13.800000190734863,6605800,0.0,0.0,0.0,0.0043668428396062,0.004357335848389261,0.13002222560603693,0.14989980998020488
2018-10-16 00:00:00-04:00,13.90999984741211,13.930000305175781,13.760000228881836,13.779999732971191,7548800,0.0,0.0,0.0,-0.0014493085135679484,-0.0014503597770111755,0.13319008555259115,0.15022515515688273
2018-10-17 00:00:00-04:00,13.789999961853027,13.850000381469727,13.720000267028809,13.739999771118164,7074500,0.0,0.0,0.0,-0.0029027549077029757,-0.002906976071378157,0.1206308473618304,0.14989016849408185
2018-10-18 00:00:00-04:00,13.699999809265137,13.779999732971191,13.649999618530273,13.699999809265137,6018300,0.0,0.0,0.0,-0.002911205423533403,-0.0029154512243101086,0.06315122665765356,0.15031253486446444
2018-10-19 00:00:00-04:00,13.800000190734863,13.829999923706055,13.720000267028809,13.739999771118164,4864500,0.0,0.0,0.0,0.002919705285395313,0.002915451224310057,0.05418039836720833,0.15032317018447533
2018-10-22 00:00:00-04:00,13.6899995803833,13.699999809265137,13.640000343322754,13.680000305175781,4819900,0.0,0.0,0.0,-0.004366773430994009,-0.004376335633561164,0.04449182596274162,0.15114826602446582
2018-10-23 00:00:00-04:00,13.890000343322754,13.920000076293945,13.819999694824219,13.829999923706055,8088400,0.0,0.0,0.0,0.010964884150881371,0.010905205657537335,0.1010183470443564,0.14870963780232466
2018-10-24 00:00:00-04:00,13.850000381469727,13.880000114440918,13.760000228881836,13.789999961853027,6600700,0.0,0.0,0.0,-0.002892260453629003,-0.0028964511211800503,0.10099452535360018,0.14623775226034078
2018-10-25 00:00:00-04:00,13.770000457763672,13.789999961853027,13.710000038146973,13.739999771118164,6665100,0.0,0.0,0.0,-0.0036258296499765974,-0.0036324189027959982,0.10273585285457845,0.14498331787393362
2018-10-26 00:00:00-04:00,13.800000190734863,13.880000114440918,13.770000457763672,13.8100004196167,7874600,0.0,0.0,0.0,0.005094661547642598,0.005081727670052793,0.1069055042805699,0.11917842505298172
2018-10-29 00:00:00-04:00,13.800000190734863,13.800000190734863,13.529999732971191,13.59000015258789,9774000,0.0,0.0,0.0,-0.01593050400753826,-0.01605875841518342,0.161365181005567,0.12939544583087756
2018-10-30 00:00:00-04:00,13.569999694824219,13.630000114440918,13.5600004196167,13.609999656677246,5980400,0.0,0.0,0.0,0.0014716338384697103,0.0014705520465967408,0.12624091193769765,0.12083977362774401
2018-10-31 00:00:00-04:00,13.4399995803833,13.470000267028809,13.390000343322754,13.40999984741211,9383800,0.0,0.0,0.0,-0.014695063505531736,-0.014804105522680033,0.15011712235351055,0.13075478197811435
2018-11-01 00:00:00-04:00,13.720000267028809,13.920000076293945,13.6899995803833,13.829999923706055,11926200,0.0,0.0,0.0,0.03131991656025246,0.03083945424518997,0.30413677442663734,0.1736898933544022
2018-11-02 00:00:00-04:00,13.90999984741211,14.010000228881836,13.819999694824219,13.859999656677246,9784100,0.0,0.0,0.0,0.0021691781009895994,0.0021668288308827983,0.30263483989021533,0.1735715687171544
2018-11-05 00:00:00-05:00,13.770000457763672,13.829999923706055,13.720000267028809,13.760000228881836,5178600,0.0,0.0,0.0,-0.007214966109124976,-0.00724111985194358,0.27743452490826487,0.16512101353257536
2018-11-06 00:00:00-05:00,13.710000038146973,13.729999542236328,13.609999656677246,13.649999618530273,5159700,0.0,0.0,0.0,-0.00799423027048174,-0.008026355454583611,0.2878259553376794,0.168106505061351
2018-11-07 00:00:00-05:00,13.75,13.770000457763672,13.670000076293945,13.670000076293945,4207800,0.0,0.0,0.0,0.0014652350419497306,0.0014641626325124335,0.25421263821030515,0.16640827196369024
2018-11-08 00:00:00-05:00,13.5600004196167,13.619999885559082,13.510000228881836,13.5600004196167,5517700,0.0,0.0,0.0,-0.008046792689343385,-0.008079342859547357,0.08346026290912513,0.15863769043370662
2018-11-09 00:00:00-05:00,13.369999885559082,13.369999885559082,13.25,13.319999694824219,12229900,0.0,0.0,0.0,-0.01769916794731663,-0.017857671256285172,0.10773371292038311,0.16855745928037452
2018-11-12 00:00:00-05:00,13.220000267028809,13.220000267028809,13.149999618530273,13.170000076293945,6019000,0.0,0.0,0.0,-0.01126123288040004,-0.011325120652948164,0.10992494075653692,0.17046338304538625
2018-11-13 00:00:00-05:00,13.15999984741211,13.239999771118164,13.109999656677246,13.149999618530273,10762200,0.0,0.0,0.0,-0.0015186376346096875,-0.0015197919335315185,0.12156764089524862,0.17045908374823054
2018-11-14 00:00:00-05:00,13.15999984741211,13.34000015258789,13.140000343322754,13.279999732971191,11375200,0.0,0.0,0.0,0.009885940548449046,0.009837394326028122,0.16664759378478555,0.1758030044248995
2018-11-15 00:00:00-05:00,13.3100004196167,13.479999542236328,13.300000190734863,13.420000076293945,7407400,0.0,0.0,0.0,0.010542194739293853,0.010487013287931838,0.1993890847152399,0.18092743125268645
2018-11-16 00:00:00-05:00,13.520000457763672,13.550000190734863,13.470000267028809,13.529999732971191,8750900,0.0,0.0,0.0,0.008196695681958799,0.008163285218014057,0.1495418626799333,0.1833852914905045
2018-11-19 00:00:00-05:00,13.529999732971191,13.569999694824219,13.489999771118164,13.550000190734863,6232000,0.0,0.0,0.0,0.0014782304625573506,0.0014771389554407784,0.08590334102315886,0.18301136526045977
2018-11-20 00:00:00-05:00,13.529999732971191,13.539999961853027,13.359999656677246,13.449999809265137,6923900,0.0,0.0,0.0,-0.007380101849600251,-0.007407469535266164,0.12022778400004225,0.1794325797927347
2018-11-21 00:00:00-05:00,13.579999923706055,13.670000076293945,13.579999923706055,13.600000381469727,5733300,0.0,0.0,0.0,0.011152459058122899,0.011090728924433276,0.12404815460340098,0.18466206799228532
2018-11-23 00:00:00-05:00,13.430000305175781,13.449999809265137,13.399999618530273,13.420000076293945,3310600,0.0,0.0,0.0,-0.013235316185802093,-0.013323683562621993,0.16331829945711995,0.18980875599338157
2018-11-26 00:00:00-05:00,13.430000305175781,13.460000038146973,13.359999656677246,13.390000343322754,5100000,0.0,0.0,0.0,-0.00223544953805066,-0.00223795188531214,0.14642218573503774,0.1884089440214214
2018-11-27 00:00:00-05:00,13.399999618530273,13.420000076293945,13.229999542236328,13.289999961853027,7165200,0.0,0.0,0.0,-0.007468288193106298,-0.00749631548851399,0.14663890324828052,0.1820870503847918
2018-11-28 00:00:00-05:00,13.3100004196167,13.529999732971191,13.260000228881836,13.430000305175781,8932300,0.0,0.0,0.0,0.010534262131271843,0.010479163403782148,0.17225496292697692,0.18654103575980674
2018-11-29 00:00:00-05:00,13.470000267028809,13.520000457763672,13.399999618530273,13.430000305175781,6868200,0.0,0.0,0.0,0.0,0.0,0.1411272017161762,0.1789531359901176
2018-11-30 00:00:00-05:00,13.300000190734863,13.319999694824219,13.199999809265137,13.319999694824219,7261100,0.0,0.0,0.0,-0.008190663280116972,-0.008224391057436522,0.11984882272781287,0.13787458262772156
2018-12-03 00:00:00-05:00,13.630000114440918,13.649999618530273,13.479999542236328,13.489999771118164,11951200,0.0,0.0,0.0,0.012762768782945466,0.012682011051738216,0.15575092558967588,0.14680030655258608
2018-12-04 00:00:00-05:00,13.739999771118164,13.770000457763672,13.619999885559082,13.619999885559082,10209800,0.0,0.0,0.0,0.00963677662317286,0.00959063906606313,0.1400579537765812,0.14996496924425493
2018-12-06 00:00:00-05:00,13.539999961853027,13.609999656677246,13.520000457763672,13.600000381469727,6372500,0.0,0.0,0.0,-0.0014683923830689505,-0.0014694715276988171,0.13575601619297673,0.14738852171056344
2018-12-07 00:00:00-05:00,13.640000343322754,13.760000228881836,13.630000114440918,13.729999542236328,8447800,0.0,0.0,0.0,0.00955876155295754,0.009513365648229997,0.1413003919816018,0.15130731263119743
2018-12-10 00:00:00-05:00,13.630000114440918,13.710000038146973,13.600000381469727,13.649999618530273,6420800,0.0,0.0,0.0,-0.005826651593101584,-0.0058436927550124034,0.12837177479460007,0.14988887180979035
2018-12-11 00:00:00-05:00,13.760000228881836,13.819999694824219,13.630000114440918,13.65999984741211,6799500,0.0,0.0,0.0,0.0007326175209749763,0.0007323492877591972,0.10910795847117528,0.13383273563066314
2018-12-12 00:00:00-05:00,13.800000190734863,13.890000343322754,13.789999961853027,13.819999694824219,7022100,0.0,0.0,0.0,0.011713019707128458,0.011644953285112388,0.11824497313910082,0.1300375365397837
2018-12-13 00:00:00-05:00,13.84000015258789,13.880000114440918,13.800000190734863,13.859999656677246,4870500,0.0,0.0,0.0,0.0028943533094294427,0.002890172733655763,0.11187857953264861,0.12919492546480352
2018-12-14 00:00:00-05:00,13.619999885559082,13.739999771118164,13.600000381469727,13.699999809265137,8673700,0.0,0.0,0.0,-0.01154400082073792,-0.011611150079169066,0.14031169096601012,0.1355452278470029
2018-12-17 00:00:00-05:00,13.710000038146973,13.8100004196167,13.680000305175781,13.770000457763672,6517300,0.0,0.0,0.0,0.005109536457890584,0.005096527072285677,0.13507762270142643,0.13211615988010386
2018-12-18 00:00:00-05:00,13.75,13.819999694824219,13.720000267028809,13.75,6808500,0.0,0.0,0.0,-0.0014524660202458461,-0.0014535218715317525,0.13702289474362772,0.12987665997568973
2018-12-19 00:00:00-05:00,13.8100004196167,13.930000305175781,13.649999618530273,13.6899995803833,16736200,0.0,0.0,0.0,-0.0043636668812144785,-0.00437321546355262,0.10391195814360686,0.1311443201945003
2018-12-20 00:00:00-05:00,13.880000114440918,13.9399995803833,13.800000190734863,13.850000381469727,13577600,0.0,0.0,0.0,0.011687421913123774,0.011619651527260095,0.14133103899336272,0.13330651370471605
2018-12-21 00:00:00-05:00,13.819999694824219,13.84000015258789,13.710000038146973,13.739999771118164,7224400,0.0,0.0,0.0,-0.007942282117099131,-0.00797399004015124,0.12425991860693596,0.13219504748401903
2018-12-24 00:00:00-05:00,13.789999961853027,13.90999984741211,13.789999961853027,13.869999885559082,6303900,0.0,0.0,0.0,0.009461434978636829,0.009416955939636403,0.13734475864046808,0.12517852145203975
2018-12-26 00:00:00-05:00,14.100000381469727,14.239999771118164,14.050000190734863,14.109999656677246,15133000,0.0,0.0,0.0,0.01730351644545025,0.01715551545707477,0.17224400601322265,0.13583312512043086
2018-12-27 00:00:00-05:00,14.25,14.34000015258789,14.210000038146973,14.300000190734863,13958600,0.0,0.0,0.0,0.013465665391969361,0.01337580907111641,0.15536691944456302,0.13546149173854827
2018-12-28 00:00:00-05:00,14.399999618530273,14.449999809265137,14.329999923706055,14.420000076293945,11445300,0.0,0.0,0.0,0.008391600276818956,0.008356586543681408,0.15324902361796552,0.13423646503083178
2018-12-31 00:00:00-05:00,14.420000076293945,14.5600004196167,14.40999984741211,14.520000457763672,10897200,0.0,0.0,0.0,0.006934839177575647,0.006910903775427993,0.06709126844954764,0.1340290895896071
2019-01-02 00:00:00-05:00,14.460000038146973,14.65999984741211,14.449999809265137,14.5600004196167,12310400,0.0,0.0,0.0,0.0027548182225876072,0.002751030665294551,0.09034628258351994,0.12629462832173277
2019-01-03 00:00:00-05:00,14.6899995803833,14.789999961853027,14.630000114440918,14.75,12933200,0.0,0.0,0.0,0.013049421353540147,0.012965011197461017,0.07096842864484788,0.1265474993295726
2019-01-04 00:00:00-05:00,14.729999542236328,14.789999961853027,14.630000114440918,14.729999542236328,17854300,0.0,0.0,0.0,-0.0013559632382150744,-0.001356883388253912,0.08728066118231617,0.12665067719423556
2019-01-07 00:00:00-05:00,14.760000228881836,14.779999732971191,14.65999984741211,14.670000076293945,7432300,0.0,0.0,0.0,-0.004073283625728674,-0.004081602042006633,0.10780434139904786,0.12845485458178352
2019-01-08 00:00:00-05:00,14.649999618530273,14.729999542236328,14.640000343322754,14.6899995803833,6776400,0.0,0.0,0.0,0.0013632927052040777,0.001362364265431697,0.10367396531698163,0.12688746544404644
2019-01-09 00:00:00-05:00,14.680000305175781,14.8100004196167,14.65999984741211,14.779999732971191,11011300,0.0,0.0,0.0,0.006126627308286281,0.00610793583215372,0.1072113572427072,0.12235345006973682
2019-01-10 00:00:00-05:00,14.680000305175781,14.720000267028809,14.59000015258789,14.600000381469727,8700300,0.0,0.0,0.0,-0.012178576099695193,-0.012253342610799838,0.10815297921180132,0.13488587631183058
2019-01-11 00:00:00-05:00,14.619999885559082,14.699999809265137,14.600000381469727,14.640000343322754,4941900,0.0,0.0,0.0,0.0027397233430073165,0.002735977141819197,0.11352108826327713,0.13123347481890862
2019-01-14 00:00:00-05:00,14.670000076293945,14.699999809265137,14.619999885559082,14.65999984741211,4370100,0.0,0.0,0.0,0.0013660863128652778,0.001365154065881493,0.1114092422780175,0.1313492917429917
2019-01-15 00:00:00-05:00,14.710000038146973,14.739999771118164,14.59000015258789,14.600000381469727,15520800,0.0,0.0,0.0,-0.0040927330536756346,-0.004101131207700607,0.11355612091707666,0.12291748673665413
2019-01-16 00:00:00-05:00,14.649999618530273,14.6899995803833,14.609999656677246,14.630000114440918,6583500,0.0,0.0,0.0,0.0020547761772162776,0.0020526680120248387,0.09983829210432887,0.1227711236471883
2019-01-17 00:00:00-05:00,14.550000190734863,14.600000381469727,14.510000228881836,14.569999694824219,7610100,0.0,0.0,0.0,-0.004101190645752206,-0.004109623592754809,0.05403032636288113,0.12441197093490328
2019-01-18 00:00:00-05:00,14.449999809265137,14.5,14.369999885559082,14.369999885559082,9390900,0.0,0.0,0.0,-0.013726823160894353,-0.013821907134567653,0.10028463731556186,0.1356259090370807
2019-01-22 00:00:00-05:00,14.329999923706055,14.40999984741211,14.300000190734863,14.390000343322754,8544400,0.0,0.0,0.0,0.0013918203147496033,0.0013908526306461923,0.10036667020670428,0.13118810115436907
2019-01-23 00:00:00-05:00,14.350000381469727,14.430000305175781,14.319999694824219,14.420000076293945,5687200,0.0,0.0,0.0,0.0020847624916917606,0.0020825923899427923,0.10810685500847583,0.12588439847360935
2019-01-24 00:00:00-05:00,14.399999618530273,14.420000076293945,14.329999923706055,14.359999656677246,3809100,0.0,0.0,0.0,-0.004160916733650932,-0.004169597435837189,0.10049349073191201,0.12510288062614466
2019-01-25 00:00:00-05:00,14.579999923706055,14.760000228881836,14.579999923706055,14.739999771118164,10686800,0.0,0.0,0.0,0.026462404145269014,0.026118331521442308,0.2358893410574166,0.14311651229902986
2019-01-28 00:00:00-05:00,14.65999984741211,14.800000190734863,14.649999618530273,14.789999961853027,7751300,0.0,0.0,0.0,0.003392143250424917,0.0033864029102171444,0.188696727468479,0.13695702346181793
2019-01-29 00:00:00-05:00,14.880000114440918,14.90999984741211,14.84000015258789,14.880000114440918,6481700,0.0,0.0,0.0,0.006085203030427477,0.006066762952400119,0.18463390234008983,0.13570612154315886
2019-01-30 00:00:00-05:00,14.920000076293945,15.119999885559082,14.880000114440918,15.050000190734863,12468900,0.0,0.0,0.0,0.011424736222210186,0.011359966772429784,0.1815746895973011,0.13894187744456268
2019-01-31 00:00:00-05:00,15.170000076293945,15.1899995803833,15.029999732971191,15.050000190734863,8510800,0.0,0.0,0.0,0.0,0.0,0.16471300235257927,0.13904283105925713
2019-02-01 00:00:00-05:00,15.050000190734863,15.079999923706055,14.90999984741211,14.920000076293945,6654200,0.0,0.0,0.0,-0.008637881248729107,-0.008675403979147522,0.11868564831354055,0.13684212455063027
2019-02-04 00:00:00-05:00,14.829999923706055,14.930000305175781,14.819999694824219,14.880000114440918,5917700,0.0,0.0,0.0,-0.0026809625769762535,-0.002684562793282275,0.12339530614793695,0.13717479142910044
2019-02-05 00:00:00-05:00,14.90999984741211,14.930000305175781,14.84000015258789,14.869999885559082,5944400,0.0,0.0,0.0,-0.0006720583874277875,-0.0006722843198980557,0.11576225795719891,0.13618475674731872
2019-02-06 00:00:00-05:00,14.850000381469727,14.859999656677246,14.670000076293945,14.680000305175781,7820600,0.0,0.0,0.0,-0.012777376048793254,-0.012859708801059418,0.08796398148586988,0.1442964780144614
2019-02-07 00:00:00-05:00,14.699999809265137,14.779999732971191,14.6899995803833,14.770000457763672,7336300,0.0,0.0,0.0,0.006130800457555763,0.00611208356117875,0.11601136411547058,0.14429882688953938
2019-02-08 00:00:00-05:00,14.789999961853027,14.869999885559082,14.760000228881836,14.829999923706055,5287500,0.0,0.0,0.0,0.0040622521383095744,0.0040540234691836315,0.11717568713759441,0.13746527191582109
2019-02-11 00:00:00-05:00,14.720000267028809,14.800000190734863,14.710000038146973,14.720000267028809,3485500,0.0,0.0,0.0,-0.007417374055505466,-0.007445019563998459,0.1255073450565607,0.14028052120000883
2019-02-12 00:00:00-05:00,14.75,14.760000228881836,14.699999809265137,14.729999542236328,4314000,0.0,0.0,0.0,0.0006792985751444824,0.0006790679563008437,0.12685892377966193,0.14023308027981532
2019-02-13 00:00:00-05:00,14.739999771118164,14.84000015258789,14.579999923706055,14.59000015258789,7914500,0.0,0.0,0.0,-0.009504371622484298,-0.009549826404492074,0.11014824912570571,0.14374044779203796
2019-02-14 00:00:00-05:00,14.569999694824219,14.670000076293945,14.550000190734863,14.649999618530273,6544000,0.0,0.0,0.0,0.0041123691099989035,0.004103936431103826,0.10232825046438061,0.1443141285119038
2019-02-15 00:00:00-05:00,14.699999809265137,14.829999923706055,14.630000114440918,14.819999694824219,6509700,0.0,0.0,0.0,0.011604101073075634,0.011537289851595814,0.13686260501920366,0.1489333616379652
2019-02-19 00:00:00-05:00,14.84000015258789,15.020000457763672,14.84000015258789,15.020000457763672,7941300,0.0,0.0,0.0,0.01349532841146428,0.013405077537147793,0.14664845990038103,0.14478114645904178
2019-02-20 00:00:00-05:00,15.069999694824219,15.210000038146973,15.029999732971191,15.069999694824219,9502300,0.0,0.0,0.0,0.003328843910567425,0.0033233155749239217,0.14396239189512133,0.14479147222032204
2019-02-21 00:00:00-05:00,14.949999809265137,14.970000267028809,14.829999923706055,14.829999923706055,7577900,0.0,0.0,0.0,-0.01592566529384809,-0.016053841382581733,0.18498862310623126,0.15867794150189388
2019-02-22 00:00:00-05:00,14.920000076293945,14.989999771118164,14.899999618530273,14.949999809265137,4114000,0.0,0.0,0.0,0.008091698326124774,0.008059136073237981,0.18818784802338048,0.15889187493643267
2019-02-25 00:00:00-05:00,14.970000267028809,14.989999771118164,14.859999656677246,14.899999618530273,5508200,0.0,0.0,0.0,-0.003344494406205656,-0.003350099729092432,0.18049502530159078,0.13095437000881768
2019-02-26 00:00:00-05:00,14.9399995803833,14.949999809265137,14.829999923706055,14.9399995803833,4878700,0.0,0.0,0.0,0.0026845612669199603,0.0026809642684590866,0.14705153729998108,0.1307762550308645
2019-02-27 00:00:00-05:00,14.869999885559082,14.869999885559082,14.729999542236328,14.75,6797800,0.0,0.0,0.0,-0.012717509084322676,-0.012799068832048286,0.16056913066822828,0.13707579781241575
2019-02-28 00:00:00-05:00,14.75,14.75,14.609999656677246,14.630000114440918,5919700,0.0,0.0,0.0,-0.008135585461632733,-0.008168859931450249,0.1318072886155458,0.13218751190390904
2019-03-01 00:00:00-05:00,14.489999771118164,14.550000190734863,14.199999809265137,14.199999809265137,17580500,0.0,0.0,0.0,-0.029391681600285047,-0.029832271679196307,0.193110038067948,0.1651709856664709
2019-03-04 00:00:00-05:00,14.15999984741211,14.1899995803833,14.119999885559082,14.149999618530273,9028900,0.0,0.0,0.0,-0.003521140239892029,-0.0035273540449272923,0.19271973976929793,0.163786028008371
2019-03-05 00:00:00-05:00,14.149999618530273,14.210000038146973,14.109999656677246,14.199999809265137,7148400,0.0,0.0,0.0,0.003533582479351205,0.003527354044927447,0.19636017008775936,0.1652219803347
2019-03-06 00:00:00-05:00,14.170000076293945,14.170000076293945,14.109999656677246,14.149999618530273,6302700,0.0,0.0,0.0,-0.003521140239892029,-0.0035273540449272923,0.19931070093108874,0.16516276857725332
2019-03-07 00:00:00-05:00,14.069999694824219,14.140000343322754,14.050000190734863,14.09000015258789,6009600,0.0,0.0,0.0,-0.004240245057237302,-0.00424926039014947,0.2013073638214329,0.16078885338912868
2019-03-08 00:00:00-05:00,14.319999694824219,14.420000076293945,14.300000190734863,14.40999984741211,8970900,0.0,0.0,0.0,0.022711120749380864,0.022457062682297323,0.18208766244762914,0.18136386220873515
2019-03-11 00:00:00-04:00,14.359999656677246,14.369999885559082,14.260000228881836,14.369999885559082,6610200,0.0,0.0,0.0,-0.0027758474862309424,-0.0027797072953467043,0.18047781703098498,0.18036851142063015
2019-03-12 00:00:00-04:00,14.460000038146973,14.510000228881836,14.40999984741211,14.479999542236328,7795500,0.0,0.0,0.0,0.0076548126341871026,0.007625663217000327,0.1833899257145561,0.1817537066291117
2019-03-13 00:00:00-04:00,14.510000228881836,14.550000190734863,14.479999542236328,14.510000228881836,4718600,0.0,0.0,0.0,0.0020718706901887707,0.002069727326115221,0.1730095848817238,0.18196697121453176
2019-03-14 00:00:00-04:00,14.25,14.270000457763672,14.199999809265137,14.239999771118164,7676200,0.0,0.0,0.0,-0.018607887905214615,-0.01878319275950492,0.23920046223662403,0.19048579444631752
2019-03-15 00:00:00-04:00,14.390000343322754,14.430000305175781,14.329999923706055,14.329999923706055,5630100,0.0,0.0,0.0,0.0063202355361291485,0.006300346605342068,0.16857962783329622,0.19145272013480263
2019-03-18 00:00:00-04:00,14.40999984741211,14.470000267028809,14.359999656677246,14.390000343322754,4620400,0.0,0.0,0.0,0.004187049541950261,0.004178308241693612,0.17135835117894357,0.18671032313436556
2019-03-19 00:00:00-04:00,14.460000038146973,14.479999542236328,14.390000343322754,14.399999618530273,4290600,0.0,0.0,0.0,0.0006948766482941515,0.0006946353332989451,0.15930283233675935,0.17851008356855663
2019-03-20 00:00:00-04:00,14.449999809265137,14.59000015258789,14.319999694824219,14.539999961853027,13562700,0.0,0.0,0.0,0.009722246321631767,0.009675289390783798,0.1770669405181533,0.18246170153316324
2019-03-21 00:00:00-04:00,14.5600004196167,14.5600004196167,14.420000076293945,14.5,8086100,0.0,0.0,0.0,-0.0027510290204931787,-0.0027548200552563735,0.07695269320834308,0.17469017176313556
2019-03-22 00:00:00-04:00,14.449999809265137,14.489999771118164,14.40999984741211,14.449999809265137,4447000,0.0,0.0,0.0,-0.0034482890161974256,-0.0034542480677321134,0.08617198930292423,0.17143832378517943
2019-03-25 00:00:00-04:00,14.539999961853027,14.609999656677246,14.520000457763672,14.5600004196167,7324600,0.0,0.0,0.0,0.007612499086749658,0.007583670229571251,0.09538674248790034,0.1743831250598754
2019-03-26 00:00:00-04:00,14.539999961853027,14.539999961853027,14.430000305175781,14.470000267028809,4877600,0.0,0.0,0.0,-0.0061813289831114115,-0.006200512491014932,0.11370827086011973,0.17467342121445387
2019-03-27 00:00:00-04:00,14.420000076293945,14.4399995803833,14.3100004196167,14.319999694824219,8431500,0.0,0.0,0.0,-0.010366314404732901,-0.010420418876011401,0.10567818357535386,0.1728678157167548
2019-03-28 00:00:00-04:00,14.170000076293945,14.170000076293945,14.039999961853027,14.069999694824219,15698100,0.0,0.0,0.0,-0.01745810093071154,-0.01761229078486493,0.146826754341119,0.1806617038120988
2019-03-29 00:00:00-04:00,14.239999771118164,14.25,14.170000076293945,14.180000305175781,8460300,0.0,0.0,0.0,0.007818096143387132,0.007787693189069063,0.17757468294753162,0.15144884920149393
2019-04-01 00:00:00-04:00,14.239999771118164,14.25,14.140000343322754,14.149999618530273,7036700,0.0,0.0,0.0,-0.002115704231300808,-0.0021179454952904337,0.1497256178856862,0.15110058271059457
2019-04-02 00:00:00-04:00,14.069999694824219,14.170000076293945,14.050000190734863,14.15999984741211,5549900,0.0,0.0,0.0,0.0007067299753662493,0.0007064803593377047,0.15606770796943617,0.15056669957866156
2019-04-03 00:00:00-04:00,14.100000381469727,14.220000267028809,14.100000381469727,14.199999809265137,7056000,0.0,0.0,0.0,0.0028248560935075773,0.002820873685589742,0.1517108369217457,0.15033818577120878
2019-04-04 00:00:00-04:00,14.020000457763672,14.229999542236328,13.970000267028809,14.220000267028809,12111900,0.0,0.0,0.0,0.0014084829600224946,0.001407491978309592,0.058006905032266416,0.14945046717783414
2019-04-05 00:00:00-04:00,14.210000038146973,14.239999771118164,14.130000114440918,14.170000076293945,6309000,0.0,0.0,0.0,-0.003516187749362909,-0.0035223840667147717,0.04140110024375784,0.12470376098412672
2019-04-08 00:00:00-04:00,14.300000190734863,14.3100004196167,14.25,14.3100004196167,7111000,0.0,0.0,0.0,0.009880052404302342,0.009831563804901156,0.07731648537257865,0.13003542407240423
2019-04-09 00:00:00-04:00,14.350000381469727,14.350000381469727,14.260000228881836,14.279999732971191,5532200,0.0,0.0,0.0,-0.0020964839808377267,-0.0020986846797366424,0.08320326370920506,0.1268126765455659
2019-04-10 00:00:00-04:00,14.25,14.34000015258789,14.25,14.279999732971191,4843400,0.0,0.0,0.0,0.0,0.0,0.08321445017871874,0.12643236112055753
2019-04-11 00:00:00-04:00,14.119999885559082,14.170000076293945,13.970000267028809,14.020000457763672,13575400,0.0,0.0,0.0,-0.018207232497855386,-0.018375023954737047,0.16013076448766841,0.1256883729295326
2019-04-12 00:00:00-04:00,14.09000015258789,14.170000076293945,14.039999961853027,14.050000190734863,7310300,0.0,0.0,0.0,0.0021397811691639124,0.0021374950979851522,0.16350899459350754,0.12342578861443826
2019-04-15 00:00:00-04:00,13.960000038146973,14.100000381469727,13.920000076293945,14.0600004196167,10212400,0.0,0.0,0.0,0.0007117600531016954,0.0007115068720440855,0.13283182201494897,0.12211414041795929
2019-04-16 00:00:00-04:00,13.989999771118164,14.079999923706055,13.970000267028809,14.069999694824219,11775600,0.0,0.0,0.0,0.000711185982154694,0.0007109332092426885,0.1361423143202052,0.12211738857405625
2019-04-17 00:00:00-04:00,14.100000381469727,14.109999656677246,13.989999771118164,14.050000190734863,6225500,0.0,0.0,0.0,-0.001421428892902754,-0.0014224400812867233,0.13458081081317408,0.1151926160890737
2019-04-18 00:00:00-04:00,14.029999732971191,14.079999923706055,14.029999732971191,14.0600004196167,5079900,0.0,0.0,0.0,0.0007117600531016954,0.0007115068720440855,0.020220729453071705,0.11542412041681906
2019-04-22 00:00:00-04:00,14.079999923706055,14.100000381469727,14.039999961853027,14.079999923706055,5204700,0.0,0.0,0.0,0.0014224397932058874,0.0014214290840583216,0.017116753712625624,0.11563638227154081
2019-04-23 00:00:00-04:00,13.859999656677246,13.930000305175781,13.829999923706055,13.90999984741211,7054100,0.0,0.0,0.0,-0.012073869120391212,-0.012147350345595014,0.08985250954523082,0.11668781008200492
2019-04-24 00:00:00-04:00,13.920000076293945,14.050000190734863,13.920000076293945,14.0,4857000,0.0,0.0,0.0,0.006470176389299809,0.006449334649561323,0.10865856319582051,0.1196460038298317
2019-04-25 00:00:00-04:00,14.020000457763672,14.079999923706055,13.979999542236328,14.0,4324500,0.0,0.0,0.0,0.0,0.0,0.10876180133715141,0.11517288310572736
2019-04-26 00:00:00-04:00,14.09000015258789,14.140000343322754,14.039999961853027,14.100000381469727,6323600,0.0,0.0,0.0,0.007142884390694659,0.007117494823454055,0.12268935092407138,0.10108554370426534
2019-04-29 00:00:00-04:00,14.010000228881836,14.010000228881836,13.949999809265137,13.989999771118164,3615300,0.0,0.0,0.0,-0.007801461515995811,-0.007832052121711638,0.13555795523467973,0.1005246216582814
2019-04-30 00:00:00-04:00,13.9399995803833,14.039999961853027,13.90999984741211,14.020000457763672,6561500,0.0,0.0,0.0,0.0021444379654274037,0.0021421419402034786,0.09580291479881561,0.10084056318933426
2019-05-01 00:00:00-04:00,13.890000343322754,13.930000305175781,13.6899995803833,13.75,21701200,0.0,0.0,0.0,-0.01925823458972553,-0.019446090144624405,0.16347474614583105,0.1207590859905003
2019-05-02 00:00:00-04:00,13.720000267028809,13.75,13.649999618530273,13.710000038146973,6896100,0.0,0.0,0.0,-0.002909088134765647,-0.0029133277559377077,0.1607720190623547,0.11978430982857673
2019-05-03 00:00:00-04:00,13.869999885559082,14.029999732971191,13.859999656677246,13.960000038146973,11477000,0.0,0.0,0.0,0.018234865011261592,0.018070603710175055,0.21865981868354442,0.1389791464032006
2019-05-06 00:00:00-04:00,13.869999885559082,13.989999771118164,13.859999656677246,13.979999542236328,5917700,0.0,0.0,0.0,0.0014326292288471265,0.001431603994663613,0.21275371666586412,0.13884695519315637
2019-05-07 00:00:00-04:00,13.949999809265137,13.979999542236328,13.920000076293945,13.979999542236328,4725300,0.0,0.0,0.0,0.0,0.0,0.21188979087473628,0.1332357658833882
2019-05-08 00:00:00-04:00,13.960000038146973,13.979999542236328,13.890000343322754,13.890000343322754,4686900,0.0,0.0,0.0,-0.006437711148821523,-0.00645852257796816,0.15125963370278914,0.13453722572884125
2019-05-09 00:00:00-04:00,13.779999732971191,13.880000114440918,13.770000457763672,13.829999923706055,4295000,0.0,0.0,0.0,-0.0043196845308605125,-0.004329041323400367,0.15447873335607798,0.1348360511962498
2019-05-10 00:00:00-04:00,13.829999923706055,13.869999885559082,13.8100004196167,13.84000015258789,3084100,0.0,0.0,0.0,0.0007230823526394037,0.0007228210545474934,0.05492286082141704,0.11974683693084096
2019-05-13 00:00:00-04:00,13.859999656677246,13.869999885559082,13.800000190734863,13.84000015258789,5973300,0.0,0.0,0.0,0.0,0.0,0.05050561345664873,0.11933321535931884
2019-05-14 00:00:00-04:00,13.869999885559082,13.920000076293945,13.829999923706055,13.859999656677246,7100100,0.0,0.0,0.0,0.001445050857576513,0.0014440077763354022,0.054967837905910845,0.11947867783032158
2019-05-15 00:00:00-04:00,13.880000114440918,13.890000343322754,13.829999923706055,13.850000381469727,5351000,0.0,0.0,0.0,-0.0007214484455417836,-0.0007217088147077227,0.03562081527954192,0.11936414451517413
2019-05-16 00:00:00-04:00,13.8100004196167,13.819999694824219,13.600000381469727,13.649999618530273,11341600,0.0,0.0,0.0,-0.014440487901143939,-0.014545766491819396,0.10586387074935509,0.12888599944999088
2019-05-17 00:00:00-04:00,13.529999732971191,13.539999961853027,13.489999771118164,13.520000457763672,7504700,0.0,0.0,0.0,-0.00952374830766467,-0.009569389211390986,0.11049978009065578,0.13173874724420298
2019-05-20 00:00:00-04:00,13.520000457763672,13.569999694824219,13.5,13.550000190734863,4386500,0.0,0.0,0.0,0.0022189150854625694,0.0022164569290063604,0.1172940265458576,0.13203704907515115
2019-05-21 00:00:00-04:00,13.510000228881836,13.5600004196167,13.470000267028809,13.529999732971191,3969700,0.0,0.0,0.0,-0.0014760485226670284,-0.0014771389554408753,0.1100392432059224,0.12642887322622026
2019-05-22 00:00:00-04:00,13.550000190734863,13.579999923706055,13.520000457763672,13.539999961853027,4528100,0.0,0.0,0.0,0.0007391152312787863,0.0007388422201324141,0.11386231169081364,0.1233234650768815
2019-05-23 00:00:00-04:00,13.609999656677246,13.720000267028809,13.600000381469727,13.680000305175781,6396000,0.0,0.0,0.0,0.01033975950643895,0.010286669835800254,0.11342356667413715,0.13040574451341222
2019-05-24 00:00:00-04:00,13.65999984741211,13.670000076293945,13.609999656677246,13.649999618530273,3010600,0.0,0.0,0.0,-0.0021930326006028844,-0.0021954408181070703,0.0796997556350375,0.12671523854572175
2019-05-28 00:00:00-04:00,13.449999809265137,13.460000038146973,13.390000343322754,13.460000038146973,9200700,0.0,0.0,0.0,-0.013919383567261856,-0.014017166633787492,0.13741294297506565,0.13242493893052418
2019-05-29 00:00:00-04:00,13.550000190734863,13.569999694824219,13.489999771118164,13.520000457763672,5309000,0.0,0.0,0.0,0.004457683465575846,0.004447777422396373,0.14327131813499433,0.1336103302486486
2019-05-30 00:00:00-04:00,13.550000190734863,13.65999984741211,13.529999732971191,13.600000381469727,4695300,0.0,0.0,0.0,0.005917153919925866,0.005899716318173401,0.14978439329798515,0.11901981708920568
2019-05-31 00:00:00-04:00,13.609999656677246,13.760000228881836,13.600000381469727,13.649999618530273,8236000,0.0,0.0,0.0,0.0036764143866254706,0.003669672893217726,0.12947912362867872,0.11956211520968792
2019-06-03 00:00:00-04:00,13.770000457763672,13.899999618530273,13.75,13.869999885559082,13206800,0.0,0.0,0.0,0.016117236130186452,0.01598873239130446,0.17191211352994692,0.1153971083321455
2019-06-04 00:00:00-04:00,13.829999923706055,13.920000076293945,13.789999961853027,13.890000343322754,9326000,0.0,0.0,0.0,0.0014419940828187539,0.001440955407740295,0.09063767385322441,0.11539897610805919
2019-06-05 00:00:00-04:00,14.010000228881836,14.029999732971191,13.829999923706055,13.880000114440918,16061100,0.0,0.0,0.0,-0.0007199588649861033,-0.0007202181598316242,0.10383940146438816,0.11540263541219212
2019-06-06 00:00:00-04:00,14.0,14.010000228881836,13.920000076293945,13.920000076293945,7343800,0.0,0.0,0.0,0.0028818416083016274,0.00287769706347912,0.10490850958742463,0.11359203184086873
2019-06-07 00:00:00-04:00,14.0600004196167,14.199999809265137,14.039999961853027,14.0600004196167,15937400,0.0,0.0,0.0,0.010057495873234679,0.01000725584007332,0.1106864542917171,0.11751498404882361
2019-06-10 00:00:00-04:00,13.829999923706055,13.850000381469727,13.720000267028809,13.779999732971191,11276100,0.0,0.0,0.0,-0.019914699736057417,-0.02011567001971925,0.17762970801493858,0.13873143632374796
2019-06-11 00:00:00-04:00,13.779999732971191,13.869999885559082,13.770000457763672,13.8100004196167,5760700,0.0,0.0,0.0,0.0021771180861291928,0.002174751598674711,0.178406723427182,0.13898408269196166
2019-06-12 00:00:00-04:00,13.84000015258789,13.899999618530273,13.819999694824219,13.84000015258789,5578300,0.0,0.0,0.0,0.0021723194829579295,0.002169963408470619,0.179973311325268,0.1391132821490017
2019-06-13 00:00:00-04:00,13.880000114440918,13.989999771118164,13.859999656677246,13.960000038146973,6789200,0.0,0.0,0.0,0.008670511866767816,0.008633138852157498,0.19121773648424678,0.1424537343444078
2019-06-14 00:00:00-04:00,14.010000228881836,14.050000190734863,13.850000381469727,13.90999984741211,9711100,0.0,0.0,0.0,-0.0035816755442860115,-0.0035881051011203095,0.17246123295709995,0.13226589231615465
2019-06-17 00:00:00-04:00,13.970000267028809,13.970000267028809,13.880000114440918,13.899999618530273,3905800,0.0,0.0,0.0,-0.0007189237233310442,-0.0007191822729167422,0.07221436842461083,0.12656437839677975
2019-06-18 00:00:00-04:00,14.010000228881836,14.140000343322754,13.9399995803833,14.050000190734863,12976700,0.0,0.0,0.0,0.010791408368430622,0.010733596662409327,0.09708318569509498,0.13086938280311117
2019-06-19 00:00:00-04:00,14.020000457763672,14.170000076293945,14.0,14.170000076293945,13454000,0.0,0.0,0.0,0.008540917005696258,0.008504649731587434,0.1021304596104424,0.1323193521281181
2019-06-20 00:00:00-04:00,14.390000343322754,14.539999961853027,14.350000381469727,14.449999809265137,21668700,0.0,0.0,0.0,0.019760037506254102,0.019567342272019443,0.1487282820097026,0.14579415940365983
2019-06-21 00:00:00-04:00,14.359999656677246,14.399999618530273,14.25,14.359999656677246,12708800,0.0,0.0,0.0,-0.006228384344350246,-0.006247861646988522,0.1612082561520228,0.14703658351888177
2019-06-24 00:00:00-04:00,14.350000381469727,14.489999771118164,14.350000381469727,14.460000038146973,14157600,0.0,0.0,0.0,0.006963815032072551,0.006939679656913723,0.14847072206942746,0.1467779629367619
2019-06-25 00:00:00-04:00,14.430000305175781,14.510000228881836,14.300000190734863,14.380000114440918,24459400,0.0,0.0,0.0,-0.005532498167012956,-0.0055478591174820836,0.17222484547490005,0.1366826675707818
2019-06-26 00:00:00-04:00,14.3100004196167,14.380000114440918,14.260000228881836,14.319999694824219,9171200,0.0,0.0,0.0,-0.0041724908998049814,-0.0041812200298984034,0.17792163392978996,0.13916255481100062
2019-06-27 00:00:00-04:00,14.220000267028809,14.289999961853027,14.199999809265137,14.279999732971191,10633600,0.0,0.0,0.0,-0.0027932934850189994,-0.0027972020093996125,0.08527849281596174,0.14010186423934526
2019-06-28 00:00:00-04:00,14.279999732971191,14.359999656677246,14.25,14.329999923706055,15532400,0.0,0.0,0.0,0.003501413982481827,0.003495298304067082,0.08539417881794076,0.14008341027927965
2019-07-01 00:00:00-04:00,14.239999771118164,14.329999923706055,14.170000076293945,14.180000305175781,10278000,0.0,0.0,0.0,-0.010467524028533348,-0.010522693890463498,0.08011404577181673,0.13749520900955842
2019-07-02 00:00:00-04:00,14.140000343322754,14.319999694824219,14.119999885559082,14.289999961853027,13887100,0.0,0.0,0.0,0.007757380416775872,0.007727446646743351,0.11213549267221672,0.1394912792689121
2019-07-03 00:00:00-04:00,14.34000015258789,14.359999656677246,14.289999961853027,14.319999694824219,8250800,0.0,0.0,0.0,0.002099351508136893,0.002097150949052688,0.11061405059552311,0.1392664510110561
2019-07-05 00:00:00-04:00,14.09000015258789,14.100000381469727,13.949999809265137,14.0600004196167,17275100,0.0,0.0,0.0,-0.01815637435393891,-0.018323223994107567,0.17197640547083023,0.15574219992336097
2019-07-08 00:00:00-04:00,14.119999885559082,14.130000114440918,14.039999961853027,14.050000190734863,9461900,0.0,0.0,0.0,-0.0007112538110513045,-0.0007115068720440172,0.16428990725704293,0.15165711198774925
2019-07-09 00:00:00-04:00,14.09000015258789,14.170000076293945,14.050000190734863,14.140000343322754,8468400,0.0,0.0,0.0,0.006405704723565719,0.006385275393487877,0.1654340966385247,0.13348821664452926
2019-07-10 00:00:00-04:00,14.270000457763672,14.289999961853027,14.149999618530273,14.260000228881836,14062800,0.0,0.0,0.0,0.00848655464253567,0.008450746288091617,0.1677969766290583,0.1358804648467718
2019-07-11 00:00:00-04:00,14.229999542236328,14.279999732971191,14.140000343322754,14.170000076293945,8932500,0.0,0.0,0.0,-0.006311371047919567,-0.006331371949992273,0.1705834750466796,0.13874588474269595
2019-07-12 00:00:00-04:00,14.180000305175781,14.289999961853027,14.140000343322754,14.260000228881836,7983500,0.0,0.0,0.0,0.006351457452598019,0.006331371949992305,0.09827047058328217,0.1373301155129773
2019-07-15 00:00:00-04:00,14.289999961853027,14.430000305175781,14.279999732971191,14.420000076293945,17348900,0.0,0.0,0.0,0.011220185472932132,0.011157706110875841,0.10717663815017797,0.1406494233231743
2019-07-16 00:00:00-04:00,14.510000228881836,14.699999809265137,14.5,14.539999961853027,39105500,0.0,0.0,0.0,0.008321767331774144,0.00828733233413994,0.10934160262763316,0.14212179625508628
2019-07-17 00:00:00-04:00,14.75,14.979999542236328,14.739999771118164,14.9399995803833,27911800,0.0,0.0,0.0,0.027510290204931787,0.027138682136092006,0.1925659201979165,0.16580189331258827
2019-07-18 00:00:00-04:00,15.069999694824219,15.319999694824219,15.010000228881836,15.289999961853027,38277100,0.0,0.0,0.0,0.023427067690770853,0.023156865828197103,0.15071078482963057,0.1800558327113078
2019-07-19 00:00:00-04:00,15.399999618530273,15.539999961853027,15.029999732971191,15.170000076293945,41873600,0.0,0.0,0.0,-0.007848259375962674,-0.007879219056368531,0.22137019697477547,0.17432212815187373
2019-07-22 00:00:00-04:00,15.300000190734863,15.390000343322754,15.279999732971191,15.350000381469727,18109200,0.0,0.0,0.0,0.011865544118029758,0.01179570049494824,0.22117765583267665,0.1741500358122812
2019-07-23 00:00:00-04:00,15.40999984741211,15.489999771118164,15.329999923706055,15.34000015258789,23827100,0.0,0.0,0.0,-0.0006514806927241379,-0.0006516929984843777,0.24057705741438148,0.17417864009582024
2019-07-24 00:00:00-04:00,15.539999961853027,15.59000015258789,15.479999542236328,15.520000457763672,15739900,0.0,0.0,0.0,0.01173404846058057,0.011665738363984664,0.19319697020048868,0.17372312974964513
2019-07-25 00:00:00-04:00,15.470000267028809,15.479999542236328,15.270000457763672,15.359999656677246,19998700,0.0,0.0,0.0,-0.010309329662834377,-0.010362838882370162,0.16690727549254827,0.1787871466525936
2019-07-26 00:00:00-04:00,15.420000076293945,15.430000305175781,15.289999961853027,15.3100004196167,10282900,0.0,0.0,0.0,-0.0032551587355544864,-0.0032604682901777367,0.15435281959155117,0.17901260174673161
2019-07-29 00:00:00-04:00,15.359999656677246,15.430000305175781,15.300000190734863,15.399999618530273,10652800,0.0,0.0,0.0,0.005878458291761923,0.00586124757121538,0.13452173435245962,0.17920306037047842
2019-07-30 00:00:00-04:00,15.449999809265137,15.550000190734863,15.390000343322754,15.5,9505400,0.0,0.0,0.0,0.006493531425117771,0.006472539276379328,0.13953854898722262,0.1714030007180095
2019-07-31 00:00:00-04:00,15.390000343322754,15.430000305175781,15.15999984741211,15.210000038146973,28741400,0.0,0.0,0.0,-0.018709674958259814,-0.018886915145980197,0.1710534744997996,0.18955011864039073
2019-08-01 00:00:00-04:00,15.0,15.34000015258789,14.979999542236328,15.34000015258789,28690700,0.0,0.0,0.0,0.008547016049630152,0.008510697106948678,0.17928409254500816,0.19043679179982048
2019-08-02 00:00:00-04:00,15.09000015258789,15.270000457763672,15.079999923706055,15.1899995803833,20157500,0.0,0.0,0.0,-0.009778394440190685,-0.009826516903024152,0.19180986216717616,0.17981801337355605
2019-08-05 00:00:00-04:00,15.369999885559082,15.489999771118164,15.220000267028809,15.329999923706055,31227100,0.0,0.0,0.0,0.009216612718248696,0.00917439892380342,0.2011514071618299,0.1798701049177758
2019-08-06 00:00:00-04:00,15.399999618530273,15.430000305175781,15.319999694824219,15.380000114440918,12926200,0.0,0.0,0.0,0.0032615910622115774,0.0032562836114411074,0.19493441908459297,0.17975820271155835
2019-08-07 00:00:00-04:00,15.850000381469727,16.149999618530273,15.829999923706055,15.970000267028809,49867900,0.0,0.0,0.0,0.03836151808828103,0.0376440074291828,0.2799118406274448,0.21655989021615182
2019-08-08 00:00:00-04:00,15.779999732971191,15.989999771118164,15.739999771118164,15.890000343322754,23338200,0.0,0.0,0.0,-0.005009387750056549,-0.005021976792733412,0.29993500428691766,0.2156442016911013
2019-08-09 00:00:00-04:00,15.850000381469727,15.970000267028809,15.779999732971191,15.890000343322754,14846700,0.0,0.0,0.0,0.0,0.0,0.27175099554691823,0.21661739025766172
2019-08-12 00:00:00-04:00,15.859999656677246,16.06999969482422,15.84000015258789,15.979999542236328,20240600,0.0,0.0,0.0,0.005663889047767823,0.005647909537251839,0.2728774781248755,0.21557141001170557
2019-08-13 00:00:00-04:00,16.18000030517578,16.190000534057617,15.470000267028809,15.869999885559082,37868000,0.0,0.0,0.0,-0.0068835832182916334,-0.006907384364921423,0.2937496829293621,0.21940729298805162
2019-08-14 00:00:00-04:00,16.1200008392334,16.219999313354492,15.979999542236328,16.079999923706055,36647600,0.0,0.0,0.0,0.013232516676831452,0.013145731679002301,0.13038548093767927,0.20490019815041893
2019-08-15 00:00:00-04:00,16.1299991607666,16.18000030517578,16.059999465942383,16.1299991607666,17036100,0.0,0.0,0.0,0.003109405304588142,0.0031045811015953406,0.11732509866719835,0.19127683854885807
2019-08-16 00:00:00-04:00,16.100000381469727,16.139999389648438,15.970000267028809,16.020000457763672,16397500,0.0,0.0,0.0,-0.006819510770371462,-0.00684286989304314,0.13677663378765897,0.1905546105485585
2019-08-19 00:00:00-04:00,15.869999885559082,15.9399995803833,15.779999732971191,15.789999961853027,14617900,0.0,0.0,0.0,-0.014357084228370343,-0.01446114436306779,0.16973845015323855,0.1966403540289743
2019-08-20 00:00:00-04:00,15.90999984741211,16.09000015258789,15.90999984741211,16.049999237060547,12223200,0.0,0.0,0.0,0.01646607193386007,0.01633197618919902,0.20720233400317858,0.20344211191984607
2019-08-21 00:00:00-04:00,15.989999771118164,16.100000381469727,15.949999809265137,16.049999237060547,12414200,0.0,0.0,0.0,0.0,0.0,0.18323177873142873,0.20049992696942137
2019-08-22 00:00:00-04:00,15.979999542236328,16.049999237060547,15.949999809265137,15.970000267028809,7001000,0.0,0.0,0.0,-0.004984359740467514,-0.004996823093282677,0.18269634670818014,0.19711247785716363
2019-08-23 00:00:00-04:00,16.040000915527344,16.360000610351562,15.979999542236328,16.350000381469727,25967100,0.0,0.0,0.0,0.023794621671075156,0.023515941727171294,0.24857196542541637,0.21044319997008512
2019-08-26 00:00:00-04:00,16.5,16.6299991607666,16.450000762939453,16.520000457763672,22948400,0.0,0.0,0.0,0.010397557940525548,0.010343875127753177,0.18666013597361372,0.21176369756506325
2019-08-27 00:00:00-04:00,16.84000015258789,17.040000915527344,16.770000457763672,17.030000686645508,38834200,0.0,0.0,0.0,0.030871683701567898,0.030404739191858876,0.24209126467435216,0.23281545221730368
2019-08-28 00:00:00-04:00,17.149999618530273,17.25,17.010000228881836,17.170000076293945,30866900,0.0,0.0,0.0,0.00822075067549588,0.00818714435847297,0.22263873112813004,0.21571527211352143
2019-08-29 00:00:00-04:00,17.360000610351562,17.40999984741211,16.8799991607666,17.06999969482422,52495100,0.0,0.0,0.0,-0.005824134014291271,-0.005841160424381455,0.2271042533069593,0.21960762058605612
2019-08-30 00:00:00-04:00,17.09000015258789,17.260000228881836,17.0,17.149999618530273,28392700,0.0,0.0,0.0,0.0046865802657460875,0.004675632440368514,0.21254118212431367,0.21218354563467987
2019-09-03 00:00:00-04:00,17.59000015258789,17.940000534057617,17.520000457763672,17.889999389648438,40436900,0.0,0.0,0.0,0.04314867566052927,0.042243712034898864,0.3197420079765343,0.249542234988065
2019-09-04 00:00:00-04:00,18.079999923706055,18.350000381469727,18.049999237060547,18.34000015258789,34319900,0.0,0.0,0.0,0.02515376066473385,0.024842611744554252,0.30549524869675887,0.2561947278410686
2019-09-05 00:00:00-04:00,17.979999542236328,17.979999542236328,17.290000915527344,17.40999984741211,53305900,0.0,0.0,0.0,-0.05070884936958697,-0.052039730132553544,0.5650316755667858,0.31005551322837616
2019-09-06 00:00:00-04:00,17.489999771118164,17.59000015258789,16.799999237060547,16.8700008392334,68358100,0.0,0.0,0.0,-0.03101660039698273,-0.03150779871075057,0.6165890476674618,0.33350039354957145
2019-09-09 00:00:00-04:00,16.93000030517578,17.010000228881836,16.799999237060547,16.829999923706055,26030000,0.0,0.0,0.0,-0.002371127062087419,-0.0023739426354617323,0.6139797128461911,0.33390882007162825
2019-09-10 00:00:00-04:00,16.959999084472656,17.010000228881836,16.850000381469727,16.850000381469727,22611900,0.0,0.0,0.0,0.0011883813341853067,0.001187675768020038,0.46997982073668165,0.33382898955332757
2019-09-11 00:00:00-04:00,16.799999237060547,16.979999542236328,16.790000915527344,16.950000762939453,16979400,0.0,0.0,0.0,0.005934740605685551,0.0059171994001119745,0.3880895122914691,0.3319597423825802
2019-09-12 00:00:00-04:00,16.979999542236328,17.110000610351562,16.850000381469727,16.920000076293945,29348700,0.0,0.0,0.0,-0.0017699519348166604,-0.0017715201504598399,0.23144011539245885,0.3303974854033443
2019-09-13 00:00:00-04:00,16.899999618530273,16.940000534057617,16.280000686645508,16.309999465942383,42317000,0.0,0.0,0.0,-0.03605204536648998,-0.036717974798436255,0.26639076553052277,0.3579371616673238
2019-09-16 00:00:00-04:00,16.709999084472656,16.84000015258789,16.600000381469727,16.739999771118164,21190000,0.0,0.0,0.0,0.026364213320404062,0.026022667499839686,0.35769021391620376,0.3678157233906389
2019-09-17 00:00:00-04:00,16.729999542236328,16.920000076293945,16.65999984741211,16.860000610351562,12763400,0.0,0.0,0.0,0.007168509012792201,0.007142937386290011,0.36234425774165224,0.36266485348212996
2019-09-18 00:00:00-04:00,16.75,16.84000015258789,16.3799991607666,16.549999237060547,28967300,0.0,0.0,0.0,-0.0183867949032388,-0.018557933050858774,0.37937876614499877,0.36725308637346854
2019-09-19 00:00:00-04:00,16.719999313354492,16.75,16.610000610351562,16.6200008392334,10522200,0.0,0.0,0.0,0.004229704253768007,0.004220784198681668,0.384490388151032,0.3672864353899773
2019-09-20 00:00:00-04:00,16.649999618530273,16.799999237060547,16.610000610351562,16.799999237060547,14256300,0.0,0.0,0.0,0.010830227962578709,0.010772001073457589,0.25562874058129087,0.3675863054114145
2019-09-23 00:00:00-04:00,17.290000915527344,17.510000228881836,17.260000228881836,17.510000228881836,24136900,0.0,0.0,0.0,0.04226196571813157,0.04139331837310352,0.3446643304279102,0.38691718819025395
2019-09-24 00:00:00-04:00,17.200000762939453,17.459999084472656,17.06999969482422,17.440000534057617,27612500,0.0,0.0,0.0,-0.003997698110178138,-0.0040057102658501865,0.3577218596025025,0.38699443153120516
2019-09-25 00:00:00-04:00,17.290000915527344,17.350000381469727,16.670000076293945,16.709999084472656,29406000,0.0,0.0,0.0,-0.04185788000174551,-0.0427591612852908,0.4803859518438341,0.4032810237710172
2019-09-26 00:00:00-04:00,16.760000228881836,16.889999389648438,16.6299991607666,16.670000076293945,20319100,0.0,0.0,0.0,-0.002393716958122294,-0.002396586478688068,0.4810048208897879,0.40194572330939526
2019-09-27 00:00:00-04:00,16.260000228881836,16.489999771118164,16.190000534057617,16.360000610351562,25234800,0.0,0.0,0.0,-0.018596248621691736,-0.018771332857270954,0.4883067603948975,0.4064386385988235
2019-09-30 00:00:00-04:00,16.030000686645508,16.100000381469727,15.829999923706055,15.920000076293945,29218300,0.0,0.0,0.0,-0.026894897166398257,-0.02726318327358288,0.261507583445667,0.41511166496363594
2019-10-01 00:00:00-04:00,15.960000038146973,16.209999084472656,15.90999984741211,16.149999618530273,23278100,0.0,0.0,0.0,0.014447207357669134,0.014343840839678504,0.3461412894152195,0.38375331572464183
2019-10-02 00:00:00-04:00,16.329999923706055,16.540000915527344,16.270000457763672,16.43000030517578,21300800,0.0,0.0,0.0,0.017337504226578426,0.01718892457522979,0.3107061057853923,0.37659134375214504
2019-10-03 00:00:00-04:00,16.3799991607666,16.649999618530273,16.3700008392334,16.43000030517578,24412700,0.0,0.0,0.0,0.0,0.0,0.31157068722958997,0.3361915571668667
2019-10-04 00:00:00-04:00,16.299999237060547,16.459999084472656,16.25,16.40999984741211,17200800,0.0,0.0,0.0,-0.0012173132922810304,-0.0012180548199488895,0.2785321112037634,0.3190821600287869
2019-10-07 00:00:00-04:00,16.3799991607666,16.459999084472656,16.280000686645508,16.299999237060547,8379500,0.0,0.0,0.0,-0.0067032669941742284,-0.006725834796915429,0.1668385742820302,0.3196650856553609
2019-10-08 00:00:00-04:00,16.600000381469727,16.65999984741211,16.489999771118164,16.610000610351562,19817200,0.0,0.0,0.0,0.01901849004913947,0.018839899364619026,0.18563557169850306,0.3277471983863745
2019-10-09 00:00:00-04:00,16.68000030517578,16.68000030517578,16.540000915527344,16.600000381469727,15428500,0.0,0.0,0.0,-0.0006020607173008452,-0.0006022420286317759,0.15603286904493993,0.32686151666977553
2019-10-10 00:00:00-04:00,16.469999313354492,16.489999771118164,16.290000915527344,16.3700008392334,15056500,0.0,0.0,0.0,-0.01385539379222378,-0.013952275693010599,0.19412967243870688,0.3301161636735554
2019-10-11 00:00:00-04:00,16.3799991607666,16.420000076293945,16.209999084472656,16.3700008392334,28111900,0.0,0.0,0.0,0.0,0.0,0.19410656898184872,0.3037397283818656
2019-10-14 00:00:00-04:00,16.43000030517578,16.549999237060547,16.399999618530273,16.489999771118164,10405900,0.0,0.0,0.0,0.007330416965964259,0.007303680041878186,0.19107050250649366,0.2892956701160621
2019-10-15 00:00:00-04:00,16.389999389648438,16.389999389648438,16.209999084472656,16.270000457763672,19735000,0.0,0.0,0.0,-0.013341377586906678,-0.013431173325078958,0.1464139559821154,0.29115116877926595
2019-10-16 00:00:00-04:00,16.25,16.290000915527344,16.149999618530273,16.260000228881836,15305800,0.0,0.0,0.0,-0.0006146422003979746,-0.0006148311703518025,0.14639507960026063,0.28433102354851836
2019-10-17 00:00:00-04:00,16.399999618530273,16.5,16.360000610351562,16.399999618530273,14232300,0.0,0.0,0.0,0.00861004844266633,0.008573193373765223,0.13872051195913152,0.28576614997632394
2019-10-18 00:00:00-04:00,16.3799991607666,16.450000762939453,16.350000381469727,16.40999984741211,15861600,0.0,0.0,0.0,0.0006097700679539297,0.0006095842337263057,0.13867814082675048,0.2826720271321573
2019-10-21 00:00:00-04:00,16.649999618530273,16.68000030517578,16.3799991607666,16.40999984741211,17748700,0.0,0.0,0.0,0.0,0.0,0.12509388543171068,0.23212768097136485
2019-10-22 00:00:00-04:00,16.399999618530273,16.459999084472656,16.290000915527344,16.3700008392334,12066000,0.0,0.0,0.0,-0.002437477669143262,-0.0024404531539389475,0.06791606065402829,0.2321169349189483
2019-10-23 00:00:00-04:00,16.43000030517578,16.469999313354492,16.3799991607666,16.389999389648438,8500100,0.0,0.0,0.0,0.0012216584844093603,0.0012209128668813,0.06599181062608026,0.18144904559136416
2019-10-24 00:00:00-04:00,16.610000610351562,16.690000534057617,16.56999969482422,16.649999618530273,14917400,0.0,0.0,0.0,0.015863345855036792,0.015738837998885768,0.11581165788665003,0.19079351406110281
2019-10-25 00:00:00-04:00,17.079999923706055,17.110000610351562,16.68000030517578,16.889999389648438,25824800,0.0,0.0,0.0,0.014414400998007393,0.014311501167490425,0.1370033757025221,0.183958976804778
2019-10-28 00:00:00-04:00,16.799999237060547,16.809999465942383,16.6200008392334,16.68000030517578,13873300,0.0,0.0,0.0,-0.012433338783976566,-0.012511279456337558,0.1888566730458346,0.159756973132484
2019-10-29 00:00:00-04:00,16.530000686645508,16.739999771118164,16.5,16.649999618530273,13722400,0.0,0.0,0.0,-0.0017986022839698856,-0.0018002217111527802,0.18767921269821844,0.15378080412652503
2019-10-30 00:00:00-04:00,16.68000030517578,16.729999542236328,16.440000534057617,16.729999542236328,15563700,0.0,0.0,0.0,0.004804800332669057,0.004793294121529001,0.18671622411127237,0.14277880050069003
2019-10-31 00:00:00-04:00,16.860000610351562,17.0,16.809999465942383,16.920000076293945,15539200,0.0,0.0,0.0,0.011356876225725232,0.011292871050288738,0.1710172351235146,0.1473997617224595
2019-11-01 00:00:00-04:00,16.860000610351562,16.93000030517578,16.81999969482422,16.920000076293945,13063200,0.0,0.0,0.0,0.0,0.0,0.13955643892702344,0.14716402869145734
2019-11-04 00:00:00-05:00,16.940000534057617,16.969999313354492,16.790000915527344,16.850000381469727,12990100,0.0,0.0,0.0,-0.004137097784195243,-0.004145679249652263,0.09769633515512827,0.14552287425666888
2019-11-05 00:00:00-05:00,16.59000015258789,16.6299991607666,16.389999389648438,16.440000534057617,22623300,0.0,0.0,0.0,-0.02433233460712525,-0.024633257324233545,0.21459179735790906,0.15792843865077097
2019-11-06 00:00:00-05:00,16.43000030517578,16.5,16.389999389648438,16.469999313354492,11238000,0.0,0.0,0.0,0.0018247432069560254,0.0018230803855777415,0.20920995877380752,0.15813572244090487
2019-11-07 00:00:00-05:00,16.440000534057617,16.459999084472656,15.84000015258789,16.0,31701700,0.0,0.0,0.0,-0.028536692953799903,-0.02895178025908636,0.2269907019203838,0.1816148101415473
2019-11-08 00:00:00-05:00,15.770000457763672,15.880000114440918,15.699999809265137,15.699999809265137,20152000,0.0,0.0,0.0,-0.018750011920928955,-0.018928022034236346,0.20777471369657244,0.19203277320625234
2019-11-11 00:00:00-05:00,15.739999771118164,15.800000190734863,15.569999694824219,15.75,14980600,0.0,0.0,0.0,0.0031847255632038163,0.003179665066097077,0.23600133337375667,0.18990833081034542
2019-11-12 00:00:00-05:00,15.6899995803833,15.729999542236328,15.550000190734863,15.720000267028809,13814100,0.0,0.0,0.0,-0.0019047449505518177,-0.0019065612840162773,0.22345823043030422,0.18531239238877495
2019-11-13 00:00:00-05:00,15.819999694824219,15.899999618530273,15.760000228881836,15.829999923706055,12072600,0.0,0.0,0.0,0.0069974335120057685,0.006973065085715437,0.24131020082596363,0.18783073261034083
2019-11-14 00:00:00-05:00,15.869999885559082,15.970000267028809,15.770000457763672,15.899999618530273,9138200,0.0,0.0,0.0,0.004421964318483074,0.0044122161610376485,0.16392481559274882,0.1854818972047186
2019-11-15 00:00:00-05:00,15.8100004196167,15.899999618530273,15.789999961853027,15.850000381469727,9714200,0.0,0.0,0.0,-0.0031446061798816594,-0.003149560843598851,0.06824108611995429,0.1853992003284692
2019-11-18 00:00:00-05:00,15.880000114440918,15.9399995803833,15.84000015258789,15.920000076293945,7973100,0.0,0.0,0.0,0.0044163844252052,0.004406660817790266,0.07022091634196213,0.18658556387375122
2019-11-19 00:00:00-05:00,15.880000114440918,16.059999465942383,15.869999885559082,16.020000457763672,8924100,0.0,0.0,0.0,0.0062814309667393875,0.006261785006153892,0.06417663955750895,0.1885292256366757
2019-11-20 00:00:00-05:00,15.970000267028809,16.049999237060547,15.920000076293945,16.040000915527344,11728200,0.0,0.0,0.0,0.001248467989523716,0.0012476893014073574,0.058858297610352064,0.188533463347635
2019-11-21 00:00:00-05:00,16.0,16.059999465942383,15.949999809265137,15.989999771118164,8195400,0.0,0.0,0.0,-0.003117278151822056,-0.0031221469843296214,0.06812318585809528,0.17773048434753017
2019-11-22 00:00:00-05:00,15.979999542236328,16.010000228881836,15.880000114440918,15.899999618530273,7817900,0.0,0.0,0.0,-0.005628527446914222,-0.005644427297422881,0.07932038689787078,0.16716457458840694
2019-11-25 00:00:00-05:00,15.8100004196167,15.890000343322754,15.770000457763672,15.779999732971191,8820900,0.0,0.0,0.0,-0.007547162794848794,-0.0075757867386285205,0.08839057292490718,0.16436926854759584
2019-11-26 00:00:00-05:00,15.819999694824219,15.989999771118164,15.720000267028809,15.989999771118164,11241900,0.0,0.0,0.0,0.01330798743349737,0.013220214036051406,0.13196278857019947,0.1739572309955444
2019-11-27 00:00:00-05:00,15.850000381469727,15.899999618530273,15.819999694824219,15.84000015258789,14422300,0.0,0.0,0.0,-0.00938083931690914,-0.009425116512448073,0.14481462357458766,0.17392553426159157
2019-11-29 00:00:00-05:00,15.789999961853027,15.930000305175781,15.760000228881836,15.920000076293945,6371700,0.0,0.0,0.0,0.005050500185316276,0.005037789189216557,0.15385287375891765,0.16853600437995392
2019-12-02 00:00:00-05:00,15.800000190734863,15.869999885559082,15.770000457763672,15.800000190734863,9176400,0.0,0.0,0.0,-0.0075376812175881325,-0.007566233103822386,0.15813411636918287,0.16888746672214397
2019-12-03 00:00:00-05:00,16.020000457763672,16.079999923706055,16.0,16.049999237060547,13075000,0.0,0.0,0.0,0.015822724259983545,0.015698849936107585,0.18413494534073976,0.1820261264382785
2019-12-04 00:00:00-05:00,15.949999809265137,15.949999809265137,15.699999809265137,15.760000228881836,15133700,0.0,0.0,0.0,-0.018068474888714214,-0.01823370308816322,0.21109410257374775,0.17314170450913047
2019-12-05 00:00:00-05:00,15.739999771118164,15.899999618530273,15.739999771118164,15.850000381469727,9086900,0.0,0.0,0.0,0.005710669497514198,0.005694425438087976,0.20873214219504055,0.17483714849835524
2019-12-06 00:00:00-05:00,15.609999656677246,15.609999656677246,15.4399995803833,15.479999542236328,19251900,0.0,0.0,0.0,-0.023343900967091935,-0.023620685800495995,0.2585230499076564,0.16502426957386812
2019-12-09 00:00:00-05:00,15.5,15.539999961853027,15.479999542236328,15.5,6661200,0.0,0.0,0.0,0.0012920192735859093,0.0012911853349168536,0.26168298326147593,0.15223683889723
2019-12-10 00:00:00-05:00,15.59000015258789,15.619999885559082,15.520000457763672,15.569999694824219,5864300,0.0,0.0,0.0,0.004516109343497998,0.004505942320462993,0.2169875387361464,0.15274798141066065
2019-12-11 00:00:00-05:00,15.59000015258789,15.850000381469727,15.5600004196167,15.75,12812500,0.0,0.0,0.0,0.011560713468454109,0.01149439902597812,0.2149296589117623,0.15851072652157402
2019-12-12 00:00:00-05:00,15.960000038146973,15.960000038146973,15.670000076293945,15.850000381469727,15770000,0.0,0.0,0.0,0.0063492305695065365,0.006329159119137984,0.21605331956920912,0.15815525483798107
2019-12-13 00:00:00-05:00,15.779999732971191,15.859999656677246,15.739999771118164,15.84000015258789,11151500,0.0,0.0,0.0,-0.0006309292518079657,-0.0006311283714263588,0.07522499313419831,0.15734324598386865
2019-12-16 00:00:00-05:00,15.890000343322754,15.949999809265137,15.850000381469727,15.90999984741211,9578700,0.0,0.0,0.0,0.004419172610473865,0.004409436739650969,0.06958005045454822,0.15771919279087274
2019-12-17 00:00:00-05:00,15.899999618530273,15.930000305175781,15.84000015258789,15.880000114440918,5861100,0.0,0.0,0.0,-0.0018855897711445024,-0.0018873697334080572,0.08656252360016319,0.15708892142113623
2019-12-18 00:00:00-05:00,15.819999694824219,15.899999618530273,15.819999694824219,15.899999618530273,4444100,0.0,0.0,0.0,0.0012594146061226663,0.0012586222087823539,0.054581824018603085,0.1553943106409685
2019-12-19 00:00:00-05:00,15.869999885559082,16.0,15.84000015258789,15.9399995803833,8032800,0.0,0.0,0.0,0.0025157209316162277,0.002512561802928182,0.03964666376405673,0.15562998824801152
2019-12-20 00:00:00-05:00,16.06999969482422,16.1200008392334,15.960000038146973,16.040000915527344,11676700,0.0,0.0,0.0,0.0062736096472117975,0.0062540124788244104,0.049373735529641596,0.15691336169074094
2019-12-23 00:00:00-05:00,16.15999984741211,16.299999237060547,16.15999984741211,16.280000686645508,12807100,0.0,0.0,0.0,0.014962578392737846,0.014851743235504504,0.1028012106664549,0.163643055361368
2019-12-24 00:00:00-05:00,16.459999084472656,16.610000610351562,16.450000762939453,16.579999923706055,11735300,0.0,0.0,0.0,0.01842747078669582,0.018259742353948272,0.1212447210379098,0.17097044377617554
2019-12-26 00:00:00-05:00,16.780000686645508,16.860000610351562,16.579999923706055,16.729999542236328,16455000,0.0,0.0,0.0,0.009047021665893107,0.009006342531302957,0.10231278017378928,0.16805225554913505
2019-12-27 00:00:00-05:00,16.700000762939453,16.790000915527344,16.56999969482422,16.579999923706055,12694400,0.0,0.0,0.0,-0.008965906911807542,-0.009006342531302896,0.16820898728844394,0.16767517825859637
2019-12-30 00:00:00-05:00,16.700000762939453,16.780000686645508,16.670000076293945,16.739999771118164,10850400,0.0,0.0,0.0,0.00965017178216887,0.009603906282995112,0.16779783138896362,0.16944737692211517
2019-12-31 00:00:00-05:00,16.770000457763672,16.809999465942383,16.639999389648438,16.68000030517578,11183800,0.0,0.0,0.0,-0.0035841975366033285,-0.0035906361620683847,0.17515961347678377,0.16688163859942423
2020-01-02 00:00:00-05:00,16.84000015258789,16.899999618530273,16.75,16.809999465942383,13485100,0.0,0.0,0.0,0.007793714531663554,0.007763500423779995,0.13518547676445405,0.16087572762366323
2020-01-03 00:00:00-05:00,16.920000076293945,16.950000762939453,16.799999237060547,16.84000015258789,13524500,0.0,0.0,0.0,0.0017846928970040032,0.0017831022249285935,0.12331296969948433,0.14172647918396597
2020-01-06 00:00:00-05:00,17.170000076293945,17.18000030517578,16.81999969482422,16.940000534057617,18059200,0.0,0.0,0.0,0.005938264879074673,0.005920702875112154,0.08400009962600222,0.14177889035762792
2020-01-07 00:00:00-05:00,16.979999542236328,17.209999084472656,16.93000030517578,17.170000076293945,15375800,0.0,0.0,0.0,0.013577304308457272,0.01348595860249737,0.10233518556242611,0.10542826139373374
2020-01-08 00:00:00-05:00,17.15999984741211,17.190000534057617,16.860000610351562,16.93000030517578,29922400,0.0,0.0,0.0,-0.013977854982628934,-0.014076465182044903,0.16520442160122426,0.12506829104963496
2020-01-09 00:00:00-05:00,16.719999313354492,16.760000228881836,16.6200008392334,16.719999313354492,14782900,0.0,0.0,0.0,-0.012404074898751727,-0.01248164758154436,0.18897802293639093,0.13863759223491182
2020-01-10 00:00:00-05:00,16.799999237060547,16.959999084472656,16.780000686645508,16.889999389648438,9397800,0.0,0.0,0.0,0.010167469095418102,0.010116128093608468,0.2054577231060203,0.13766203280215802
2020-01-13 00:00:00-05:00,16.84000015258789,16.850000381469727,16.729999542236328,16.780000686645508,10629200,0.0,0.0,0.0,-0.006512652870215407,-0.00653395272331772,0.20431807816525432,0.1416875748033594
2020-01-14 00:00:00-05:00,16.600000381469727,16.68000030517578,16.540000915527344,16.6200008392334,12168600,0.0,0.0,0.0,-0.00953515142221939,-0.00958090203683874,0.1542733365265443,0.14800894037550086
2020-01-15 00:00:00-05:00,16.729999542236328,16.850000381469727,16.700000762939453,16.809999465942383,10948900,0.0,0.0,0.0,0.011431926420874206,0.011367075727598812,0.17957673435038612,0.15130453664790786
2020-01-16 00:00:00-05:00,16.780000686645508,16.829999923706055,16.719999313354492,16.770000457763672,8376500,0.0,0.0,0.0,-0.0023794770642170393,-0.002382312518592069,0.15289252263312655,0.15151732110267752
2020-01-17 00:00:00-05:00,16.829999923706055,16.889999389648438,16.739999771118164,16.81999969482422,12339200,0.0,0.0,0.0,0.0029814690337350847,0.0029770332694776165,0.1317085624000216,0.15141235212690252
2020-01-21 00:00:00-05:00,16.5,16.709999084472656,16.459999084472656,16.639999389648438,13645100,0.0,0.0,0.0,-0.010701564116625373,-0.01075923768789581,0.14575733788060038,0.1588944479582579
2020-01-22 00:00:00-05:00,16.709999084472656,16.75,16.6200008392334,16.65999984741211,7441800,0.0,0.0,0.0,0.0012019506308464933,0.0012012288664791963,0.1279655761869486,0.15818766485062258
2020-01-23 00:00:00-05:00,16.579999923706055,16.690000534057617,16.559999465942383,16.610000610351562,10803400,0.0,0.0,0.0,-0.003001154712994447,-0.00300566720852654,0.08370321935423378,0.15128235366146897
2020-01-24 00:00:00-05:00,16.690000534057617,16.950000762939453,16.68000030517578,16.90999984741211,16075000,0.0,0.0,0.0,0.0180613621936645,0.01790019351572597,0.1675275262216374,0.1507290563976551
2020-01-27 00:00:00-05:00,17.040000915527344,17.059999465942383,16.84000015258789,16.889999389648438,11885600,0.0,0.0,0.0,-0.0011827591924391534,-0.0011834592041107337,0.16814126415078087,0.14785793941868558
2020-01-28 00:00:00-05:00,16.579999923706055,16.610000610351562,16.280000686645508,16.31999969482422,27626300,0.0,0.0,0.0,-0.033747762902440415,-0.03433036384638385,0.297755296226837,0.18929882834901812
2020-01-29 00:00:00-05:00,16.280000686645508,16.43000030517578,16.270000457763672,16.40999984741211,9593700,0.0,0.0,0.0,0.005514715335223519,0.0054995649670652146,0.30377246809611547,0.18684680867885126
2020-01-30 00:00:00-05:00,16.729999542236328,16.850000381469727,16.59000015258789,16.68000030517578,22673800,0.0,0.0,0.0,0.016453410132496238,0.016319519422981082,0.33321818356769684,0.19636505730986617
2020-01-31 00:00:00-05:00,16.690000534057617,16.899999618530273,16.68000030517578,16.81999969482422,17223400,0.0,0.0,0.0,0.008393248626320293,0.008358221174665703,0.3081973877989838,0.19668896129643548
2020-02-03 00:00:00-05:00,16.610000610351562,16.6200008392334,16.43000030517578,16.5,17729200,0.0,0.0,0.0,-0.01902495247503999,-0.019208255494641335,0.3341178616321029,0.2078813634246196
2020-02-04 00:00:00-05:00,16.520000457763672,16.540000915527344,16.360000610351562,16.450000762939453,13522300,0.0,0.0,0.0,-0.003030256791548336,-0.003034857315857081,0.21429207003502593,0.20637931475641236
2020-02-05 00:00:00-05:00,16.450000762939453,16.479999542236328,16.389999389648438,16.459999084472656,8713900,0.0,0.0,0.0,0.0006078006729171026,0.0006076160368989126,0.2115469584463264,0.19890716256173746
2020-02-06 00:00:00-05:00,16.649999618530273,16.65999984741211,16.549999237060547,16.6299991607666,10583500,0.0,0.0,0.0,0.01032807325331575,0.010275103112231078,0.1856588176717438,0.19826053938345456
2020-02-07 00:00:00-05:00,16.610000610351562,16.639999389648438,16.469999313354492,16.540000915527344,11066400,0.0,0.0,0.0,-0.005411800948948997,-0.005426497791946095,0.16889791689330863,0.19435656186621272
2020-02-10 00:00:00-05:00,16.59000015258789,16.65999984741211,16.540000915527344,16.610000610351562,7382700,0.0,0.0,0.0,0.004232145764786699,0.0042232154233710194,0.09861759627968823,0.19116398435823367
2020-02-11 00:00:00-05:00,16.540000915527344,16.549999237060547,16.399999618530273,16.479999542236328,10832400,0.0,0.0,0.0,-0.007826674493570773,-0.007857463666829614,0.11631513402933749,0.19174391374271524
2020-02-12 00:00:00-05:00,16.350000381469727,16.399999618530273,16.299999237060547,16.329999923706055,10358700,0.0,0.0,0.0,-0.009101918852961188,-0.00914359439404098,0.13419905588601688,0.19148909517580898
2020-02-13 00:00:00-05:00,16.530000686645508,16.549999237060547,16.450000762939453,16.459999084472656,7589200,0.0,0.0,0.0,0.007960756973298233,0.007929237317214576,0.12143732443751942,0.1889250565376835
2020-02-14 00:00:00-05:00,16.610000610351562,16.6200008392334,16.540000915527344,16.559999465942383,8611200,0.0,0.0,0.0,0.00607535765685796,0.006056977079680068,0.1284603535352223,0.19047396849673162
2020-02-18 00:00:00-05:00,16.780000686645508,17.020000457763672,16.729999542236328,17.010000228881836,18474100,0.0,0.0,0.0,0.02717395999105765,0.02681130315623565,0.23342698925995917,0.21430843998807997
2020-02-19 00:00:00-05:00,17.040000915527344,17.239999771118164,16.989999771118164,17.229999542236328,16491200,0.0,0.0,0.0,0.012933527947927237,0.01285060410851757,0.20744619280697474,0.21412758128981324
2020-02-20 00:00:00-05:00,17.09000015258789,17.200000762939453,17.06999969482422,17.139999389648438,13454300,0.0,0.0,0.0,-0.005223456470052179,-0.0052371464121531664,0.18692733973835488,0.2155874440506171
2020-02-21 00:00:00-05:00,17.270000457763672,17.40999984741211,17.239999771118164,17.280000686645508,18315900,0.0,0.0,0.0,0.008168103966305962,0.008134925552481569,0.18680568212800028,0.21613307579700958
2020-02-24 00:00:00-05:00,17.559999465942383,17.690000534057617,17.299999237060547,17.399999618530273,29339000,0.0,0.0,0.0,0.006944382356275369,0.006920381184597074,0.18580580063047014,0.20869661680315843
2020-02-25 00:00:00-05:00,17.1299991607666,17.200000762939453,16.670000076293945,16.709999084472656,42614700,0.0,0.0,0.0,-0.039655203976142306,-0.04046289647882344,0.3391140648135367,0.2548603200970717
2020-02-26 00:00:00-05:00,16.700000762939453,16.81999969482422,16.600000381469727,16.68000030517578,22335000,0.0,0.0,0.0,-0.0017952591825544095,-0.0017968725916014498,0.3093248991089746,0.22262741147688428
2020-02-27 00:00:00-05:00,16.790000915527344,16.84000015258789,16.450000762939453,16.469999313354492,40098600,0.0,0.0,0.0,-0.012589987288916693,-0.012669912727643126,0.31209975134309653,0.22718721010039467
2020-02-28 00:00:00-05:00,15.890000343322754,15.890000343322754,15.279999732971191,15.529999732971191,68662300,0.0,0.0,0.0,-0.057073443811325064,-0.0587668825326576,0.4251887682319063,0.2969657571006265
2020-03-02 00:00:00-05:00,15.609999656677246,15.710000038146973,15.529999732971191,15.5600004196167,29297900,0.0,0.0,0.0,0.0019317892570089867,0.0019299257516893274,0.40559517688122126,0.29443860541239697
2020-03-03 00:00:00-05:00,15.729999542236328,16.309999465942383,15.699999809265137,16.020000457763672,51453100,0.0,0.0,0.0,0.02956298365950194,0.029134424496824685,0.5005750879658327,0.310986514175224
2020-03-04 00:00:00-05:00,16.010000228881836,16.110000610351562,15.9399995803833,16.09000015258789,15904600,0.0,0.0,0.0,0.0043695189028720716,0.0043600002729666625,0.5072522513828794,0.3115458979004369
2020-03-05 00:00:00-05:00,16.1200008392334,16.299999237060547,16.100000381469727,16.299999237060547,16084000,0.0,0.0,0.0,0.013051527811134278,0.012967090518923257,0.5211582744431127,0.3154616308840512
2020-03-06 00:00:00-05:00,16.239999771118164,16.260000228881836,15.890000343322754,16.18000030517578,27540500,0.0,0.0,0.0,-0.007361898006223777,-0.007389130514971912,0.22110470624788642,0.3138042027949814
2020-03-09 00:00:00-04:00,15.779999732971191,15.949999809265137,15.630000114440918,15.880000114440918,34389000,0.0,0.0,0.0,-0.018541420585690416,-0.01871546746604564,0.2940543822109155,0.3195596759915527
2020-03-10 00:00:00-04:00,15.880000114440918,15.890000343322754,15.6899995803833,15.729999542236328,26387300,0.0,0.0,0.0,-0.009445879793677281,-0.009490775056724732,0.1964142109726821,0.31980179656679075
2020-03-11 00:00:00-04:00,15.800000190734863,15.859999656677246,15.550000190734863,15.630000114440918,26548100,0.0,0.0,0.0,-0.006357242892913173,-0.006377536213610849,0.1833733397063844,0.3195209427529852
2020-03-12 00:00:00-04:00,15.0,15.130000114440918,14.479999542236328,14.619999885559082,60548700,0.0,0.0,0.0,-0.06461933598763525,-0.06680170526132466,0.3922517818891593,0.3882359766148381
2020-03-13 00:00:00-04:00,14.670000076293945,14.6899995803833,13.470000267028809,13.6899995803833,66736000,0.0,0.0,0.0,-0.06361151247985919,-0.0657248378449086,0.4634537330540038,0.4361637734127293
2020-03-16 00:00:00-04:00,11.829999923706055,12.40999984741211,11.680000305175781,12.0,56056800,0.0,0.0,0.0,-0.12344774522892887,-0.13175895886102737,0.7646906467219359,0.5920305421404011
2020-03-17 00:00:00-04:00,11.640000343322754,12.380000114440918,11.520000457763672,11.880000114440918,55691200,0.0,0.0,0.0,-0.009999990463256836,-0.010050326220427584,0.7626871882511079,0.5710074064700886
2020-03-18 00:00:00-04:00,11.4399995803833,11.619999885559082,10.859999656677246,11.210000038146973,63234600,0.0,0.0,0.0,-0.05639731227607614,-0.058050083080562774,0.6402973630986863,0.5755956507704183
2020-03-19 00:00:00-04:00,11.34000015258789,11.4399995803833,11.039999961853027,11.319999694824219,52642200,0.0,0.0,0.0,0.009812636601509661,0.009764805329035302,0.8244909192461656,0.5833470688017937
2020-03-20 00:00:00-04:00,11.720000267028809,11.930000305175781,11.520000457763672,11.619999885559082,41231800,0.0,0.0,0.0,0.02650178434828332,0.02615669575910398,0.9592033999906024,0.5984615373867858
2020-03-23 00:00:00-04:00,11.970000267028809,12.390000343322754,11.869999885559082,12.3100004196167,47133100,0.0,0.0,0.0,0.05938042520251008,0.05768423270867782,0.6843392788432856,0.6548270308281618
2020-03-24 00:00:00-04:00,13.229999542236328,13.380000114440918,12.869999885559082,13.289999961853027,41209400,0.0,0.0,0.0,0.07961003321126148,0.0765998955709754,0.8330441863536868,0.7308764571952677
2020-03-25 00:00:00-04:00,13.260000228881836,13.649999618530273,13.1899995803833,13.510000228881836,40503400,0.0,0.0,0.0,0.01655381998948724,0.016418299058965576,0.47454567489530664,0.73660508197729
2020-03-26 00:00:00-04:00,13.59000015258789,13.710000038146973,13.350000381469727,13.529999732971191,35076400,0.0,0.0,0.0,0.0014803481680629726,0.001479253532874597,0.5086020235082099,0.737498093498736
2020-03-27 00:00:00-04:00,13.510000228881836,13.529999732971191,13.289999961853027,13.4399995803833,19555600,0.0,0.0,0.0,-0.006651896109692412,-0.006674118573120212,0.597241771127599,0.7150368058989441
2020-03-30 00:00:00-04:00,13.0600004196167,13.270000457763672,12.880000114440918,13.15999984741211,26617500,0.0,0.0,0.0,-0.020833314115565327,-0.02105338957117585,0.620315344774611,0.7161644981881421
2020-03-31 00:00:00-04:00,13.119999885559082,13.319999694824219,12.949999809265137,13.050000190734863,23214800,0.0,0.0,0.0,-0.008358636622543547,-0.008393765917945934,0.21894810468191267,0.7027675729390974
2020-04-01 00:00:00-04:00,13.0,13.140000343322754,12.869999885559082,13.020000457763672,17824200,0.0,0.0,0.0,-0.002298830079136005,-0.002301476445477974,0.13441694084787326,0.7014517919333608
2020-04-02 00:00:00-04:00,13.420000076293945,13.59000015258789,13.350000381469727,13.529999732971191,20635400,0.0,0.0,0.0,0.03917044986764284,0.03842275050771986,0.3626499100575548,0.7185457822423991
2020-04-03 00:00:00-04:00,13.479999542236328,13.539999961853027,13.329999923706055,13.460000038146973,15810600,0.0,0.0,0.0,-0.005173665647134951,-0.0051870953959618285,0.3610371741784348,0.7186244714837029
2020-04-06 00:00:00-04:00,13.569999694824219,14.09000015258789,13.470000267028809,14.029999732971191,33922500,0.0,0.0,0.0,0.04234767408683382,0.04147554803098667,0.4021150803878339,0.7391683946958845
2020-04-07 00:00:00-04:00,14.210000038146973,14.229999542236328,13.869999885559082,13.989999771118164,22812200,0.0,0.0,0.0,-0.0028510308349489755,-0.002855102764666267,0.3851077835421718,0.7390268046943127
2020-04-08 00:00:00-04:00,14.029999732971191,14.079999923706055,13.869999885559082,13.9399995803833,14213700,0.0,0.0,0.0,-0.0035739951074257315,-0.003580397086252104,0.38864777241197895,0.7390144152462758
2020-04-09 00:00:00-04:00,14.3100004196167,14.520000457763672,14.1899995803833,14.34000015258789,30312900,0.0,0.0,0.0,0.02869444650252939,0.028290470581442906,0.3511874885329235,0.7123279007786749
2020-04-13 00:00:00-04:00,14.1899995803833,14.489999771118164,14.130000114440918,14.399999618530273,19793700,0.0,0.0,0.0,0.0041840631313769805,0.004175334278809523,0.32806746459982106,0.6714871739870977
2020-04-14 00:00:00-04:00,14.579999923706055,14.800000190734863,14.460000038146973,14.649999618530273,25722500,0.0,0.0,0.0,0.01736111157102349,0.017212129333185423,0.22156797163139913,0.47633488879199315
2020-04-15 00:00:00-04:00,14.489999771118164,14.5,14.25,14.489999771118164,18239700,0.0,0.0,0.0,-0.010921491575312525,-0.010981568887443843,0.2533476002808866,0.4768704800433036
2020-04-16 00:00:00-04:00,14.369999885559082,14.510000228881836,14.180000305175781,14.510000228881836,19663900,0.0,0.0,0.0,0.0013802938633260542,0.0013793421334287823,0.24233954425069393,0.408765525369273
2020-04-17 00:00:00-04:00,14.270000457763672,14.3100004196167,14.069999694824219,14.149999618530273,17462400,0.0,0.0,0.0,-0.02481051720695282,-0.02512348553991687,0.25385058481401285,0.4305670859766355
2020-04-20 00:00:00-04:00,14.199999809265137,14.399999618530273,14.1899995803833,14.260000228881836,18226800,0.0,0.0,0.0,0.007773894934068437,0.007743833906514411,0.26103769273687233,0.4270646696222144
2020-04-21 00:00:00-04:00,13.65999984741211,13.920000076293945,13.550000190734863,13.880000114440918,24274300,0.0,0.0,0.0,-0.026647973937004243,-0.027009467713088046,0.2434417869572059,0.40542632385240773
2020-04-22 00:00:00-04:00,14.010000228881836,14.140000343322754,13.930000305175781,14.09000015258789,19255100,0.0,0.0,0.0,0.015129685620714595,0.015016373416424268,0.30423923601000635,0.30233013044409607
2020-04-23 00:00:00-04:00,14.25,14.40999984741211,14.09000015258789,14.210000038146973,21764500,0.0,0.0,0.0,0.008516670281017769,0.008480608053419708,0.31820812005736,0.29891240962513516
2020-04-24 00:00:00-04:00,14.279999732971191,14.329999923706055,14.010000228881836,14.210000038146973,15127500,0.0,0.0,0.0,0.0,0.0,0.259322863967897,0.2990384118573236
2020-04-27 00:00:00-04:00,14.210000038146973,14.229999542236328,14.010000228881836,14.210000038146973,11423500,0.0,0.0,0.0,0.0,0.0,0.25221910879953047,0.29722910077828685
2020-04-28 00:00:00-04:00,14.1899995803833,14.1899995803833,13.970000267028809,14.100000381469727,11221300,0.0,0.0,0.0,-0.007741003264035928,-0.0077711203548125425,0.13992281082498645,0.28678148241684825
2020-04-29 00:00:00-04:00,14.180000305175781,14.359999656677246,14.069999694824219,14.279999732971191,16889500,0.0,0.0,0.0,0.012765911108628014,0.012685113773228902,0.1276764529975377,0.2848862064243218
2020-04-30 00:00:00-04:00,14.069999694824219,14.170000076293945,13.760000228881836,13.979999542236328,26829100,0.0,0.0,0.0,-0.021008417110974453,-0.02123223415046058,0.196541328244922,0.2983739746285965
2020-05-01 00:00:00-04:00,13.899999618530273,14.020000457763672,13.75,13.920000076293945,16724400,0.0,0.0,0.0,-0.004291807432547645,-0.004301043674320657,0.19449465000130997,0.2682698868597264
2020-05-04 00:00:00-04:00,13.8100004196167,13.880000114440918,13.729999542236328,13.770000457763672,17912800,0.0,0.0,0.0,-0.010775834605470047,-0.010834314403048408,0.19538363217280513,0.27085852127956533
2020-05-05 00:00:00-04:00,13.920000076293945,14.029999732971191,13.819999694824219,13.930000305175781,16678400,0.0,0.0,0.0,0.011619451132399927,0.011552463715411163,0.23093691832371768,0.22756151393233398
2020-05-06 00:00:00-04:00,13.949999809265137,14.0,13.880000114440918,13.920000076293945,10596000,0.0,0.0,0.0,-0.0007178915048637879,-0.000718149312362759,0.19192203519720014,0.22736524509239878
2020-05-07 00:00:00-04:00,14.0600004196167,14.399999618530273,14.029999732971191,14.260000228881836,37394800,0.0,0.0,0.0,0.024425298184223232,0.02413177064960887,0.22232434752573663,0.24296532150256206
2020-05-08 00:00:00-04:00,14.359999656677246,14.600000381469727,14.350000381469727,14.4399995803833,31528200,0.0,0.0,0.0,0.012622675218258328,0.012543673368582166,0.21462839138450274,0.22491139049725833
2020-05-11 00:00:00-04:00,14.5,14.520000457763672,14.3100004196167,14.4399995803833,18529400,0.0,0.0,0.0,0.0,0.0,0.1649006464223418,0.22447833877824033
2020-05-12 00:00:00-04:00,14.510000228881836,14.579999923706055,14.390000343322754,14.420000076293945,19816600,0.0,0.0,0.0,-0.0013850072486515375,-0.0013859672577063288,0.1799725879454073,0.21517820206155286
2020-05-13 00:00:00-04:00,14.449999809265137,14.569999694824219,14.380000114440918,14.550000190734863,19797900,0.0,0.0,0.0,0.009015264476637252,0.008974869578781578,0.1664727142193,0.21425675852513926
2020-05-14 00:00:00-04:00,14.489999771118164,14.829999923706055,14.470000267028809,14.8100004196167,33095800,0.0,0.0,0.0,0.01786943130402152,0.01771164988661585,0.13070679267802407,0.22317512770141537
2020-05-15 00:00:00-04:00,15.420000076293945,15.609999656677246,15.239999771118164,15.510000228881836,54736200,0.0,0.0,0.0,0.04726534702442997,0.04618233533245419,0.3152571713430333,0.25630130198942713
2020-05-18 00:00:00-04:00,15.949999809265137,16.040000915527344,15.739999771118164,15.789999961853027,48078100,0.0,0.0,0.0,0.01805285163373438,0.0178918339061595,0.28759274298169785,0.2604876812034049
2020-05-19 00:00:00-04:00,16.149999618530273,16.31999969482422,16.079999923706055,16.170000076293945,48516900,0.0,0.0,0.0,0.02406587177700814,0.023780852455599456,0.22949386747797815,0.23951637685054925
2020-05-20 00:00:00-04:00,16.270000457763672,16.450000762939453,16.209999084472656,16.360000610351562,39047900,0.0,0.0,0.0,0.011750187579539162,0.011681690174897228,0.21940334932280314,0.23843733668843636
2020-05-21 00:00:00-04:00,16.1299991607666,16.149999618530273,15.710000038146973,15.960000038146973,37580300,0.0,0.0,0.0,-0.024449911814275582,-0.02475377407032916,0.412344121081652,0.264095660804255
2020-05-22 00:00:00-04:00,15.960000038146973,16.09000015258789,15.920000076293945,16.040000915527344,25203400,0.0,0.0,0.0,0.005012586290047416,0.005000065104307523,0.3000403707895398,0.26319463062224585
2020-05-26 00:00:00-04:00,16.280000686645508,16.280000686645508,15.859999656677246,15.970000267028809,30607200,0.0,0.0,0.0,-0.004364129956549556,-0.004373680568558697,0.28950123628049124,0.2650088244196355
2020-05-27 00:00:00-04:00,15.75,16.200000762939453,15.720000267028809,16.149999618530273,36109000,0.0,0.0,0.0,0.01127109257932113,0.011208047100676077,0.23903558325901877,0.2605014052144527
2020-05-28 00:00:00-04:00,16.239999771118164,16.34000015258789,16.100000381469727,16.190000534057617,30242900,0.0,0.0,0.0,0.00247683693326195,0.0024737746281762113,0.21808353199780126,0.26000775054712894
2020-05-29 00:00:00-04:00,16.549999237060547,16.700000762939453,16.489999771118164,16.65999984741211,42236400,0.0,0.0,0.0,0.029030222226725133,0.02861682690333445,0.20125652701740732,0.2504841356278041
2020-06-01 00:00:00-04:00,16.860000610351562,17.100000381469727,16.829999923706055,17.100000381469727,31234900,0.0,0.0,0.0,0.026410596523862795,0.02606785823702546,0.2316869417266609,0.25269702375774655
2020-06-02 00:00:00-04:00,17.059999465942383,17.06999969482422,16.56999969482422,16.84000015258789,32202600,0.0,0.0,0.0,-0.015204691408286952,-0.015321467941565815,0.2885683198246217,0.25806533028807277
2020-06-03 00:00:00-04:00,16.5,16.559999465942383,16.270000457763672,16.479999542236328,36302900,0.0,0.0,0.0,-0.02137770825947638,-0.021609521170815795,0.3674835899651139,0.28126116702517784
2020-06-04 00:00:00-04:00,16.540000915527344,16.639999389648438,16.360000610351562,16.540000915527344,20272500,0.0,0.0,0.0,0.003640860130926571,0.0036342482434585962,0.36721916229353907,0.2797699305614717
2020-06-05 00:00:00-04:00,16.18000030517578,16.229999542236328,16.040000915527344,16.200000762939453,27360400,0.0,0.0,0.0,-0.02055623541524154,-0.02077045561449672,0.32482481164981064,0.2917685326548192
2020-06-08 00:00:00-04:00,16.350000381469727,16.600000381469727,16.270000457763672,16.59000015258789,25594800,0.0,0.0,0.0,0.02407403526428431,0.02378882406657012,0.31050914877187313,0.29769714706034756
2020-06-09 00:00:00-04:00,16.43000030517578,16.56999969482422,16.360000610351562,16.420000076293945,18582700,0.0,0.0,0.0,-0.010247141333957543,-0.010300004729249754,0.30303945722776826,0.30312485117821153
2020-06-10 00:00:00-04:00,16.700000762939453,16.959999084472656,16.360000610351562,16.959999084472656,40557000,0.0,0.0,0.0,0.03288666295186715,0.03235746771150489,0.35711680717019245,0.31529171820447804
2020-06-11 00:00:00-04:00,16.75,16.8799991607666,16.280000686645508,16.440000534057617,41000100,0.0,0.0,0.0,-0.03066029354276978,-0.031140154268900582,0.4436813302182096,0.34427185687076395
2020-06-12 00:00:00-04:00,16.440000534057617,16.549999237060547,16.209999084472656,16.280000686645508,31220600,0.0,0.0,0.0,-0.009732350499663811,-0.00978001936165398,0.419465445179193,0.34595714163132846
2020-06-15 00:00:00-04:00,15.869999885559082,16.280000686645508,15.789999961853027,16.229999542236328,28946300,0.0,0.0,0.0,-0.0030713232371172294,-0.00307604942992204,0.3675223082665302,0.30843730888361137
2020-06-16 00:00:00-04:00,16.200000762939453,16.3799991607666,16.18000030517578,16.260000228881836,23368000,0.0,0.0,0.0,0.0018484711948041355,0.0018467648743243795,0.36493385897345987,0.3028787041127521
2020-06-17 00:00:00-04:00,16.34000015258789,16.40999984741211,16.25,16.329999923706055,13485700,0.0,0.0,0.0,0.004305024221333165,0.0042957841143243,0.22277272873574894,0.29137697819755265
2020-06-18 00:00:00-04:00,16.200000762939453,16.260000228881836,16.1200008392334,16.209999084472656,15444900,0.0,0.0,0.0,-0.007348489883284959,-0.007375623041949104,0.09421942121765588,0.28961016378936844
2020-06-19 00:00:00-04:00,16.43000030517578,16.600000381469727,16.360000610351562,16.489999771118164,26968800,0.0,0.0,0.0,0.01727333142873011,0.017125843423055613,0.14847437194488697,0.28121759223359
2020-06-22 00:00:00-04:00,16.719999313354492,16.809999465942383,16.459999084472656,16.5,26625400,0.0,0.0,0.0,0.0006064420267215542,0.0006062582150659881,0.1417660576393408,0.28098136029977844
2020-06-23 00:00:00-04:00,16.729999542236328,16.770000457763672,16.639999389648438,16.760000228881836,25742500,0.0,0.0,0.0,0.01575758962920215,0.01563472780383606,0.16504404631101507,0.2844088431624666
2020-06-24 00:00:00-04:00,16.360000610351562,16.6200008392334,16.239999771118164,16.280000686645508,25976500,0.0,0.0,0.0,-0.028639590434441864,-0.029057705958735143,0.2991153540258705,0.30289577984553884
2020-06-25 00:00:00-04:00,16.5,16.610000610351562,16.40999984741211,16.59000015258789,16699800,0.0,0.0,0.0,0.019041735434119245,0.01886271064829959,0.3189029822367212,0.3099024508861286
2020-06-26 00:00:00-04:00,16.489999771118164,16.739999771118164,16.290000915527344,16.6299991607666,26029200,0.0,0.0,0.0,0.00241103121222519,0.00240812933987262,0.299146252974507,0.2923337388736618
2020-06-29 00:00:00-04:00,16.579999923706055,16.65999984741211,16.489999771118164,16.649999618530273,13861900,0.0,0.0,0.0,0.001202673407877164,0.0012019507755499145,0.2990218531782775,0.27541404673825814
2020-06-30 00:00:00-04:00,16.649999618530273,17.010000228881836,16.649999618530273,17.010000228881836,37872900,0.0,0.0,0.0,0.021621658774749086,0.021391226348134788,0.31834851409113535,0.2815133760173404
2020-07-01 00:00:00-04:00,17.010000228881836,17.030000686645508,16.610000610351562,16.81999969482422,36577100,0.0,0.0,0.0,-0.01116993130517474,-0.011232783462316242,0.21633840946636224,0.2731256956426229
2020-07-02 00:00:00-04:00,16.700000762939453,16.889999389648438,16.670000076293945,16.709999084472656,18564100,0.0,0.0,0.0,-0.0065398699374180636,-0.006561348583064165,0.19937618316002903,0.2742885764141113
2020-07-06 00:00:00-04:00,17.079999923706055,17.15999984741211,16.950000762939453,17.049999237060547,24977600,0.0,0.0,0.0,0.020347107792712427,0.020142871164230712,0.2408568307378918,0.270744437530622
2020-07-07 00:00:00-04:00,16.93000030517578,17.1200008392334,16.920000076293945,17.010000228881836,25945200,0.0,0.0,0.0,-0.002345982989357953,-0.0023487391188501652,0.2457353904101336,0.259069354994938
2020-07-08 00:00:00-04:00,17.329999923706055,17.489999771118164,17.299999237060547,17.489999771118164,37782400,0.0,0.0,0.0,0.02821866759421443,0.027827856080578004,0.27732440135121883,0.27184373086412505
2020-07-09 00:00:00-04:00,17.700000762939453,17.739999771118164,17.219999313354492,17.3799991607666,40376200,0.0,0.0,0.0,-0.0062893431555791635,-0.00630920439413298,0.26025736553774903,0.249982640415054
2020-07-10 00:00:00-04:00,17.489999771118164,17.530000686645508,17.299999237060547,17.43000030517578,20454500,0.0,0.0,0.0,0.0028769359507250236,0.002872805490642447,0.23773894600646672,0.21952999193553321
2020-07-13 00:00:00-04:00,17.989999771118164,18.079999923706055,17.709999084472656,17.729999542236328,49876300,0.0,0.0,0.0,0.017211659885712383,0.017065217226942198,0.2288212914026728,0.21960708179821592
2020-07-14 00:00:00-04:00,17.709999084472656,18.0,17.670000076293945,17.969999313354492,35495200,0.0,0.0,0.0,0.013536366458805515,0.013445568317287734,0.21094952781788331,0.22005941901847179
2020-07-15 00:00:00-04:00,17.889999389648438,18.170000076293945,17.829999923706055,18.170000076293945,36148500,0.0,0.0,0.0,0.011129703426912219,0.011068224022166147,0.14960431774164812,0.2206520092137176
2020-07-16 00:00:00-04:00,17.979999542236328,18.059999465942383,17.780000686645508,17.780000686645508,29567000,0.0,0.0,0.0,-0.02146391788722457,-0.021697617902235865,0.24641683838806389,0.24079165887201912
2020-07-17 00:00:00-04:00,17.979999542236328,18.06999969482422,17.889999389648438,18.010000228881836,34200100,0.0,0.0,0.0,0.012935856769065168,0.01285290319172155,0.25211757667866286,0.23845037249733297
2020-07-20 00:00:00-04:00,18.360000610351562,18.56999969482422,18.229999542236328,18.530000686645508,41717100,0.0,0.0,0.0,0.028872873467806537,0.028463905456688657,0.293097177552162,0.24942237196244488
2020-07-21 00:00:00-04:00,19.520000457763672,19.8799991607666,19.420000076293945,19.670000076293945,75095800,0.0,0.0,0.0,0.06152182123069383,0.05970355892651301,0.47892761656307126,0.3167107476517719
2020-07-22 00:00:00-04:00,20.649999618530273,21.450000762939453,20.510000228881836,21.440000534057617,125780300,0.0,0.0,0.0,0.08998477127088855,0.08616372483234123,0.6845066560008313,0.4277964182832062
2020-07-23 00:00:00-04:00,21.100000381469727,21.510000228881836,20.719999313354492,21.030000686645508,95257100,0.0,0.0,0.0,-0.01912312673504002,-0.01930833874663565,0.6725754961033,0.41678457295760657
2020-07-24 00:00:00-04:00,21.34000015258789,21.360000610351562,20.93000030517578,21.209999084472656,49831700,0.0,0.0,0.0,0.008559124676655427,0.008522703046329797,0.6822036559029746,0.4164964369514619
2020-07-27 00:00:00-04:00,22.559999465942383,22.850000381469727,22.420000076293945,22.829999923706055,94894600,0.0,0.0,0.0,0.07637910934278924,0.07360273178817667,0.7407278348837928,0.47145372625135556
2020-07-28 00:00:00-04:00,22.309999465942383,22.969999313354492,22.06999969482422,22.770000457763672,94721800,0.0,0.0,0.0,-0.0026280975095440695,-0.0026315570204211874,0.7811067682592892,0.473281207498544
2020-07-29 00:00:00-04:00,22.68000030517578,23.25,21.709999084472656,22.56999969482422,83963400,0.0,0.0,0.0,-0.008783520374118448,-0.008822322871312025,0.6026477397328347,0.4808908516202963
2020-07-30 00:00:00-04:00,21.700000762939453,22.010000228881836,21.399999618530273,21.760000228881836,60066500,0.0,0.0,0.0,-0.03588832418673593,-0.03654814480193389,0.6638756244692906,0.5058576494878733
2020-07-31 00:00:00-04:00,22.209999084472656,22.670000076293945,22.110000610351562,22.649999618530273,49107700,0.0,0.0,0.0,0.04090070681466029,0.04008640258090378,0.7054441143028256,0.5090428440622782
2020-08-03 00:00:00-04:00,22.59000015258789,22.780000686645508,22.3799991607666,22.739999771118164,40947500,0.0,0.0,0.0,0.0039735167374688185,0.003965643170113367,0.4390319493582061,0.5104180870784332
2020-08-04 00:00:00-04:00,22.700000762939453,24.25,22.6200008392334,24.25,75735400,0.0,0.0,0.0,0.06640282515744222,0.06429113912626655,0.643645386993973,0.537107629259252
2020-08-05 00:00:00-04:00,25.1200008392334,25.280000686645508,24.610000610351562,25.049999237060547,92505800,0.0,0.0,0.0,0.03298965926022879,0.03245717969071639,0.6211937756507011,0.5385275829208225
2020-08-06 00:00:00-04:00,26.309999465942383,26.899999618530273,25.8799991607666,26.8799991607666,108854600,0.0,0.0,0.0,0.07305389139488017,0.07050868735925907,0.4403231896785924,0.5628796925156371
2020-08-07 00:00:00-04:00,26.280000686645508,26.3799991607666,25.479999542236328,26.190000534057617,123705200,0.0,0.0,0.0,-0.02566959256889001,-0.026004805522185783,0.6623737127104946,0.5848530158636058
2020-08-10 00:00:00-04:00,26.59000015258789,27.389999389648438,26.56999969482422,27.0,81732500,0.0,0.0,0.0,0.030927814029215295,0.030459187093047173,0.6216545621235775,0.5856400902112789
2020-08-11 00:00:00-04:00,25.229999542236328,25.520000457763672,23.059999465942383,23.329999923706055,165630300,0.0,0.0,0.0,-0.13592592875162757,-0.14609678324119812,1.289534714908097,0.8108807414267947
2020-08-12 00:00:00-04:00,24.149999618530273,24.420000076293945,23.389999389648438,23.420000076293945,80515000,0.0,0.0,0.0,0.0038577005093103356,0.003850278664081087,1.25160011786383,0.8116810749575689
2020-08-13 00:00:00-04:00,24.649999618530273,25.809999465942383,24.56999969482422,25.450000762939453,95485000,0.0,0.0,0.0,0.08667808198260007,0.08312541154729385,1.3113816813762824,0.8392385645483394
2020-08-14 00:00:00-04:00,25.110000610351562,25.229999542236328,23.979999542236328,24.579999923706055,73263600,0.0,0.0,0.0,-0.03418470778595428,-0.03478267194052053,1.319964300133302,0.8604889314166649
2020-08-17 00:00:00-04:00,25.479999542236328,25.670000076293945,25.239999771118164,25.6200008392334,49360400,0.0,0.0,0.0,0.04231085918451605,0.04144022819156547,1.3443025873081942,0.8642423682215653
2020-08-18 00:00:00-04:00,26.420000076293945,26.489999771118164,25.229999542236328,25.8799991607666,58275800,0.0,0.0,0.0,0.010148255777378878,0.010097107979273602,0.7197050204912483,0.848847547048949
2020-08-19 00:00:00-04:00,25.940000534057617,26.049999237060547,24.700000762939453,24.8799991607666,72926400,0.0,0.0,0.0,-0.03863987760540477,-0.03940620306509232,0.8395666767580837,0.820873331231875
2020-08-20 00:00:00-04:00,24.93000030517578,25.639999389648438,24.8799991607666,25.610000610351562,43984000,0.0,0.0,0.0,0.029340895265627776,0.02891868990424966,0.583245425775031,0.8170512591469998
2020-08-21 00:00:00-04:00,24.8700008392334,25.020000457763672,24.420000076293945,24.899999618530273,55295500,0.0,0.0,0.0,-0.027723583557210274,-0.028115135893389383,0.559453324866719,0.8286688313495191
2020-08-24 00:00:00-04:00,25.079999923706055,25.100000381469727,24.520000457763672,24.600000381469727,37090400,0.0,0.0,0.0,-0.012048162315524302,-0.012121329705375982,0.4396177552157194,0.7924963011167401
2020-08-25 00:00:00-04:00,24.729999542236328,24.770000457763672,24.260000228881836,24.760000228881836,34800100,0.0,0.0,0.0,0.006504058737032858,0.006482998615194865,0.430927988726526,0.792000204607171
2020-08-26 00:00:00-04:00,24.6299991607666,25.56999969482422,24.610000610351562,25.56999969482422,55145500,0.0,0.0,0.0,0.03271403305552245,0.032190320307768736,0.41406403703170674,0.7958246412746173
2020-08-27 00:00:00-04:00,25.889999389648438,25.899999618530273,24.68000030517578,25.15999984741211,63820700,0.0,0.0,0.0,-0.01603440955437707,-0.01616435160064173,0.3746800503796476,0.7845127821740611
2020-08-28 00:00:00-04:00,25.610000610351562,25.809999465942383,25.469999313354492,25.610000610351562,35855800,0.0,0.0,0.0,0.01788556302339317,0.01772749827644364,0.323993606900811,0.7761061052180009
2020-08-31 00:00:00-04:00,26.040000915527344,26.420000076293945,25.950000762939453,26.229999542236328,36721100,0.0,0.0,0.0,0.024209250960898432,0.023920852382887374,0.29944996597932366,0.7782670204285226
2020-09-01 00:00:00-04:00,26.729999542236328,26.75,25.670000076293945,26.139999389648438,48967200,0.0,0.0,0.0,-0.0034311915424538597,-0.00343709158012666,0.32069742970766946,0.7480567779118124
2020-09-02 00:00:00-04:00,25.719999313354492,25.729999542236328,25.200000762939453,25.549999237060547,43041000,0.0,0.0,0.0,-0.02257077912639638,-0.022829398057673676,0.32574628902114716,0.7463305544541493
2020-09-03 00:00:00-04:00,25.389999389648438,25.510000228881836,24.639999389648438,24.739999771118164,64081600,0.0,0.0,0.0,-0.03170252407551821,-0.032215929076216204,0.387506455122557,0.7057128728617705
2020-09-04 00:00:00-04:00,24.850000381469727,25.139999389648438,24.469999313354492,25.059999465942383,48439300,0.0,0.0,0.0,0.012934506781919763,0.012851570443911333,0.3718756953491919,0.7026846128962841
2020-09-08 00:00:00-04:00,24.440000534057617,25.09000015258789,24.049999237060547,24.75,44508500,0.0,0.0,0.0,-0.0123702902054601,-0.012447439142064781,0.27421879240619457,0.6931407351634019
2020-09-09 00:00:00-04:00,24.979999542236328,25.25,24.8799991607666,25.18000030517578,28197200,0.0,0.0,0.0,0.017373749704072017,0.017224551721270687,0.34347419639400617,0.4874939942157405
2020-09-10 00:00:00-04:00,25.530000686645508,25.56999969482422,24.84000015258789,24.860000610351562,47518600,0.0,0.0,0.0,-0.012708486534785401,-0.012789930101854008,0.32227244719717335,0.4912089541330678
2020-09-11 00:00:00-04:00,25.030000686645508,25.170000076293945,24.729999542236328,24.899999618530273,27839300,0.0,0.0,0.0,0.0016089705227946283,0.0016076775164765823,0.22123652134810015,0.3802943825566966
2020-09-14 00:00:00-04:00,25.1299991607666,25.420000076293945,25.1299991607666,25.290000915527344,26044300,0.0,0.0,0.0,0.015662702930599126,0.015541308732440978,0.23086111184504599,0.36306155279504815
2020-09-15 00:00:00-04:00,25.440000534057617,25.5,25.139999389648438,25.229999542236328,26323700,0.0,0.0,0.0,-0.0023725334566586653,-0.0023753523736927728,0.20085135977331336,0.32985398967832924
2020-09-16 00:00:00-04:00,25.459999084472656,25.540000915527344,25.0,25.229999542236328,36289000,0.0,0.0,0.0,0.0,0.0,0.16151557048372764,0.32744221907506915
2020-09-17 00:00:00-04:00,24.649999618530273,25.239999771118164,24.510000228881836,25.229999542236328,28618600,0.0,0.0,0.0,0.0,0.0,0.11478627379493395,0.2958393915799694
2020-09-18 00:00:00-04:00,24.979999542236328,25.260000228881836,24.920000076293945,24.93000030517578,23915500,0.0,0.0,0.0,-0.011890576397289743,-0.01196183473256732,0.15713822710891015,0.27891791751055545
2020-09-21 00:00:00-04:00,24.200000762939453,24.34000015258789,22.059999465942383,23.030000686645508,99141400,0.0,0.0,0.0,-0.07621338127845145,-0.0792741661289169,0.5215866106996618,0.37621774110284545
2020-09-22 00:00:00-04:00,22.809999465942383,22.979999542236328,22.459999084472656,22.790000915527344,32002300,0.0,0.0,0.0,-0.010421179503365519,-0.010475860217936837,0.5092863849247246,0.3757785347863659
2020-09-23 00:00:00-04:00,21.93000030517578,22.06999969482422,21.020000457763672,21.170000076293945,98246400,0.0,0.0,0.0,-0.07108384265705114,-0.07373679467927492,0.5809906010377199,0.4431543963432377
2020-09-24 00:00:00-04:00,20.579999923706055,21.729999542236328,20.450000762939453,21.559999465942383,72093000,0.0,0.0,0.0,0.018422266804106302,0.018254632519390045,0.6583268865226211,0.4286538231394302
2020-09-25 00:00:00-04:00,21.15999984741211,21.540000915527344,21.110000610351562,21.299999237060547,34913100,0.0,0.0,0.0,-0.01205938011698704,-0.012132684373409553,0.6580315367452311,0.42791385334662146
2020-09-28 00:00:00-04:00,21.729999542236328,22.079999923706055,21.5,22.020000457763672,31756800,0.0,0.0,0.0,0.03380287542219129,0.033244115186449624,0.6373160073950805,0.444078080339422
2020-09-29 00:00:00-04:00,22.239999771118164,22.709999084472656,22.170000076293945,22.5,33327200,0.0,0.0,0.0,0.021798343880919058,0.02156415712729978,0.6706340576923685,0.44189782156288065
2020-09-30 00:00:00-04:00,22.270000457763672,22.3799991607666,21.530000686645508,21.639999389648438,43717700,0.0,0.0,0.0,-0.03822224934895835,-0.03897188343687979,0.4662632348807448,0.4549620478619236
2020-10-01 00:00:00-04:00,22.010000228881836,22.5,21.760000228881836,22.09000015258789,35290700,0.0,0.0,0.0,0.020794860241757362,0.02058159856608617,0.47092768318621786,0.46376238777730366
2020-10-02 00:00:00-04:00,22.25,22.520000457763672,22.040000915527344,22.1299991607666,25735100,0.0,0.0,0.0,0.0018107291943147974,0.0018090918004937877,0.4486265177376639,0.45510206602559256
2020-10-05 00:00:00-04:00,22.31999969482422,22.809999465942383,22.299999237060547,22.6200008392334,22288100,0.0,0.0,0.0,0.0221419655241335,0.021900391649287136,0.41255658538797557,0.4610907359327091
2020-10-06 00:00:00-04:00,22.6200008392334,22.729999542236328,21.6200008392334,21.729999542236328,31902000,0.0,0.0,0.0,-0.039345767638231166,-0.040140734587000404,0.48407910893585393,0.47672278040683297
2020-10-07 00:00:00-04:00,21.979999542236328,22.31999969482422,21.889999389648438,22.09000015258789,18967300,0.0,0.0,0.0,0.016566986559380048,0.01643125113721944,0.4087493627493167,0.4762054571376439
2020-10-08 00:00:00-04:00,22.389999389648438,22.530000686645508,22.010000228881836,22.18000030517578,20342200,0.0,0.0,0.0,0.004074248617755183,0.004065971341692532,0.38290078988160964,0.4768354602105941
2020-10-09 00:00:00-04:00,22.799999237060547,23.420000076293945,22.770000457763672,23.40999984741211,39187400,0.0,0.0,0.0,0.0554553437922769,0.05397227930348167,0.5447896547769132,0.5231601299456319
2020-10-12 00:00:00-04:00,23.34000015258789,23.5,23.059999465942383,23.329999923706055,25221700,0.0,0.0,0.0,-0.003417339779047346,-0.0034231922216238957,0.5443766219185068,0.5187134717843188
2020-10-13 00:00:00-04:00,22.700000762939453,22.700000762939453,22.270000457763672,22.489999771118164,42797000,0.0,0.0,0.0,-0.036005150250101425,-0.03666932696895585,0.5268214999128382,0.5313221694992157
2020-10-14 00:00:00-04:00,22.799999237060547,22.920000076293945,22.469999313354492,22.540000915527344,26307900,0.0,0.0,0.0,0.002223261223567974,0.0022207934353489023,0.5207925952302364,0.5316686771794419
2020-10-15 00:00:00-04:00,22.049999237060547,22.6200008392334,22.0,22.59000015258789,24000900,0.0,0.0,0.0,0.0022182446774481335,0.0022157880050531495,0.5210471891203446,0.5320078988384876
2020-10-16 00:00:00-04:00,22.760000228881836,22.809999465942383,22.420000076293945,22.420000076293945,19144100,0.0,0.0,0.0,-0.007525457067093955,-0.007553916187622071,0.25264736237932134,0.5314798773018979
2020-10-19 00:00:00-04:00,23.040000915527344,23.06999969482422,22.520000457763672,22.579999923706055,25444600,0.0,0.0,0.0,0.007136478450831429,0.007111134295732405,0.27605241435356825,0.46043550627989527
2020-10-20 00:00:00-04:00,22.860000610351562,23.190000534057617,22.809999465942383,23.020000457763672,26084700,0.0,0.0,0.0,0.019486294753954914,0.01929886783652539,0.15600809065069232,0.4641821189518661
2020-10-21 00:00:00-04:00,23.309999465942383,23.530000686645508,23.170000076293945,23.290000915527344,23803600,0.0,0.0,0.0,0.011728951016272138,0.011660700026926105,0.16098708966662295,0.37910043673376276
2020-10-22 00:00:00-04:00,23.049999237060547,23.09000015258789,22.670000076293945,22.959999084472656,19961800,0.0,0.0,0.0,-0.014169249380951099,-0.014270591629658482,0.22026733206482638,0.3815021371031033
2020-10-23 00:00:00-04:00,23.020000457763672,23.030000686645508,22.700000762939453,22.940000534057617,18614000,0.0,0.0,0.0,-0.000871017038871047,-0.0008713965946277414,0.20407462236304444,0.37752573827211405
2020-10-26 00:00:00-04:00,22.65999984741211,22.809999465942383,22.520000457763672,22.610000610351562,17609200,0.0,0.0,0.0,-0.014385349434326455,-0.014489821697212985,0.24141624597874797,0.3656066166204437
2020-10-27 00:00:00-04:00,22.610000610351562,22.799999237060547,22.510000228881836,22.729999542236328,15354700,0.0,0.0,0.0,0.005307338728236299,0.0052933044406269225,0.1850421651512893,0.35811739365297135
2020-10-28 00:00:00-04:00,21.81999969482422,21.8799991607666,21.420000076293945,21.780000686645508,38142200,0.0,0.0,0.0,-0.041794935095601504,-0.042693468694029124,0.28777758574281126,0.36345882486779774
2020-10-29 00:00:00-04:00,21.290000915527344,21.940000534057617,21.270000457763672,21.709999084472656,23123500,0.0,0.0,0.0,-0.0032140312197406207,-0.0032192073118046177,0.2958089172978177,0.35564829571790313
2020-10-30 00:00:00-04:00,22.040000915527344,22.1200008392334,21.780000686645508,21.989999771118164,22088900,0.0,0.0,0.0,0.012897314530324833,0.012814852438785895,0.33854744757697336,0.35882011409651016
2020-11-02 00:00:00-05:00,22.270000457763672,22.440000534057617,22.09000015258789,22.40999984741211,18599000,0.0,0.0,0.0,0.019099594391336794,0.01891948684569709,0.38103590282071687,0.3564765903658169
2020-11-03 00:00:00-05:00,22.6299991607666,22.649999618530273,22.3799991607666,22.440000534057617,18196000,0.0,0.0,0.0,0.0013387187349298557,0.0013378234499383484,0.3775681387261761,0.3251365364684098
2020-11-04 00:00:00-05:00,22.350000381469727,22.5,22.100000381469727,22.239999771118164,31130600,0.0,0.0,0.0,-0.008912689758447612,-0.008952645362922272,0.1831992982154795,0.32236346018278966
2020-11-05 00:00:00-05:00,23.020000457763672,23.65999984741211,23.0,23.610000610351562,57395800,0.0,0.0,0.0,0.061600757793736305,0.059777917857889565,0.42941948922819506,0.38861084759618564
2020-11-06 00:00:00-05:00,23.920000076293945,23.959999084472656,23.479999542236328,23.790000915527344,32804500,0.0,0.0,0.0,0.0076239009115850465,0.007594985849749132,0.4343555394207733,0.3373579155409252
2020-11-09 00:00:00-05:00,22.780000686645508,22.790000915527344,21.920000076293945,22.5,70212000,0.0,0.0,0.0,-0.05422450045747507,-0.055750053588196236,0.6575607580685134,0.3902737509451349
2020-11-10 00:00:00-05:00,22.6200008392334,22.780000686645508,22.399999618530273,22.43000030517578,25237900,0.0,0.0,0.0,-0.0031110975477430802,-0.003115947072560725,0.6583815487952899,0.3685899526728265
2020-11-11 00:00:00-05:00,22.229999542236328,22.579999923706055,22.200000762939453,22.520000457763672,17925600,0.0,0.0,0.0,0.004012490029575488,0.004004461460659437,0.6529944038493303,0.36877986615674924
2020-11-12 00:00:00-05:00,22.540000915527344,22.700000762939453,22.5,22.549999237060547,14122400,0.0,0.0,0.0,0.0013320949683433003,0.0013312085169785665,0.407227205805888,0.36872934067807034
2020-11-13 00:00:00-05:00,23.040000915527344,23.09000015258789,22.8799991607666,22.899999618530273,15632800,0.0,0.0,0.0,0.015521081743298026,0.01540186178667548,0.4305726328185256,0.37141694345686216
2020-11-16 00:00:00-05:00,22.8700008392334,23.100000381469727,22.81999969482422,23.020000457763672,19862900,0.0,0.0,0.0,0.005240211407527617,0.005226529277085934,0.10945507371752469,0.37108393143473434
2020-11-17 00:00:00-05:00,22.850000381469727,22.899999618530273,22.649999618530273,22.739999771118164,15381500,0.0,0.0,0.0,-0.012163365815706428,-0.012237944921987421,0.15781110978342278,0.3674149071270194
2020-11-18 00:00:00-05:00,22.719999313354492,22.979999542236328,22.540000915527344,22.549999237060547,16177200,0.0,0.0,0.0,-0.008355344589709879,-0.008390446141773979,0.17523213408998992,0.36556428694056237
2020-11-19 00:00:00-05:00,22.1200008392334,22.450000762939453,22.079999923706055,22.420000076293945,14985300,0.0,0.0,0.0,-0.00576492971906406,-0.005781611068496433,0.1798200945176013,0.3628662195660095
2020-11-20 00:00:00-05:00,22.709999084472656,22.809999465942383,22.469999313354492,22.489999771118164,15523500,0.0,0.0,0.0,0.003122198688046973,0.003117334747219848,0.118785323433228,0.3631531948007191
2020-11-23 00:00:00-05:00,22.360000610351562,22.3700008392334,21.780000686645508,21.93000030517578,30528400,0.0,0.0,0.0,-0.024899932042753425,-0.02521517944847404,0.16242679819347272,0.370241401583177
2020-11-24 00:00:00-05:00,21.5,21.690000534057617,21.40999984741211,21.6299991607666,31397000,0.0,0.0,0.0,-0.013679942555147817,-0.013774375180244207,0.16427376428006601,0.37190029584894346
2020-11-25 00:00:00-05:00,21.719999313354492,21.850000381469727,21.639999389648438,21.719999313354492,13571300,0.0,0.0,0.0,0.004160894871930276,0.0041522622867641275,0.19324058519058324,0.34157392909262146
2020-11-27 00:00:00-05:00,20.950000762939453,21.170000076293945,20.90999984741211,21.049999237060547,19804400,0.0,0.0,0.0,-0.030847149975828825,-0.031332939567985704,0.25267181001800293,0.35876088545243734
2020-11-30 00:00:00-05:00,20.670000076293945,21.09000015258789,20.600000381469727,21.049999237060547,20580000,0.0,0.0,0.0,0.0,0.0,0.24128124195097564,0.35489144814322393
2020-12-01 00:00:00-05:00,21.93000030517578,22.3700008392334,21.850000381469727,22.299999237060547,32621000,0.0,0.0,0.0,0.05938242495511625,0.057686120369305836,0.5389126289291731,0.41095221607193655
2020-12-02 00:00:00-05:00,22.100000381469727,22.389999389648438,21.979999542236328,22.329999923706055,19383700,0.0,0.0,0.0,0.0013453223171258077,0.0013444181818687102,0.5183687619885806,0.41095248739419027
2020-12-03 00:00:00-05:00,22.34000015258789,22.440000534057617,22.06999969482422,22.43000030517578,18680400,0.0,0.0,0.0,0.004478297438933909,0.0044682997024040275,0.5182715254037419,0.4098181297258366
2020-12-04 00:00:00-05:00,22.40999984741211,22.59000015258789,22.25,22.479999542236328,20904000,0.0,0.0,0.0,0.0022291233339399863,0.0022266425245237725,0.4081019246918303,0.341340639199831
2020-12-07 00:00:00-05:00,22.260000228881836,23.040000915527344,22.25,22.81999969482422,28112500,0.0,0.0,0.0,0.015124562255843577,0.015011326398420108,0.39035129133811775,0.34522872100045554
2020-12-08 00:00:00-05:00,22.920000076293945,23.1200008392334,22.729999542236328,22.81999969482422,16554600,0.0,0.0,0.0,0.0,0.0,0.09660942923711677,0.28443520420156354
2020-12-09 00:00:00-05:00,22.540000915527344,22.56999969482422,21.93000030517578,22.229999542236328,31349900,0.0,0.0,0.0,-0.025854520616917842,-0.026194623676810684,0.24061750892181993,0.29969060559762994
2020-12-10 00:00:00-05:00,22.3799991607666,22.579999923706055,22.190000534057617,22.31999969482422,13565700,0.0,0.0,0.0,0.004048589943373315,0.004040416456413055,0.2400417968061528,0.29969749210111446
2020-12-11 00:00:00-05:00,22.229999542236328,22.43000030517578,22.190000534057617,22.260000228881836,10762000,0.0,0.0,0.0,-0.002688148152452552,-0.0026917677107584676,0.23854957802441135,0.2997505957013045
2020-12-14 00:00:00-05:00,22.350000381469727,22.530000686645508,22.1200008392334,22.15999984741211,16111100,0.0,0.0,0.0,-0.004492380073742197,-0.004502501136253644,0.18516304841557757,0.2939429897470624
2020-12-15 00:00:00-05:00,22.65999984741211,22.829999923706055,22.600000381469727,22.799999237060547,17245200,0.0,0.0,0.0,0.028880839081917964,0.028471647504789834,0.3121224134465825,0.31250446085828854
2020-12-16 00:00:00-05:00,23.219999313354492,23.649999618530273,22.959999084472656,23.6200008392334,45978800,0.0,0.0,0.0,0.03596498375491031,0.03533334380170426,0.2980077809667196,0.33421194778436975
2020-12-17 00:00:00-05:00,24.09000015258789,24.270000457763672,23.950000762939453,24.149999618530273,39546200,0.0,0.0,0.0,0.022438558868149272,0.022190518002891492,0.2943377343091496,0.33926243059973804
2020-12-18 00:00:00-05:00,24.020000457763672,24.1299991607666,23.8700008392334,23.959999084472656,29676300,0.0,0.0,0.0,-0.00786751706247768,-0.00789862926614286,0.31653779358699025,0.3401171332498766
2020-12-21 00:00:00-05:00,24.1200008392334,24.5,24.100000381469727,24.3799991607666,44728900,0.0,0.0,0.0,0.017529219212955915,0.017377354593507036,0.2656947072192659,0.34370684681807084
2020-12-22 00:00:00-05:00,24.020000457763672,24.1299991607666,23.309999465942383,23.43000030517578,41845300,0.0,0.0,0.0,-0.0389663202745143,-0.039745824085392366,0.4705904725433691,0.3626415536581509
2020-12-23 00:00:00-05:00,23.700000762939453,23.979999542236328,23.68000030517578,23.799999237060547,24702500,0.0,0.0,0.0,0.015791674223880836,0.01566828307644337,0.4066228188845444,0.3591319287884611
2020-12-24 00:00:00-05:00,23.719999313354492,24.030000686645508,23.68000030517578,23.959999084472656,10558600,0.0,0.0,0.0,0.006722682879878539,0.0067001864154418245,0.3699897414670121,0.3591645507961387
2020-12-28 00:00:00-05:00,24.670000076293945,24.84000015258789,24.3700008392334,24.43000030517578,29575600,0.0,0.0,0.0,0.019616078408271287,0.019426162724903516,0.3904101793465728,0.3359834714520677
2020-12-29 00:00:00-05:00,24.360000610351562,24.530000686645508,24.110000610351562,24.389999389648438,23871500,0.0,0.0,0.0,-0.0016373686053073877,-0.001638710558330093,0.3722860526217619,0.3365299731606389
2020-12-30 00:00:00-05:00,24.420000076293945,24.770000457763672,24.3700008392334,24.760000228881836,18836200,0.0,0.0,0.0,0.0151701864900593,0.015056269857247045,0.1357474525472101,0.27776757837553384
2020-12-31 00:00:00-05:00,24.610000610351562,24.729999542236328,24.3700008392334,24.56999969482422,24639700,0.0,0.0,0.0,-0.00767368870360452,-0.007703282947990295,0.18001040961166503,0.2813321919075359
2021-01-04 00:00:00-05:00,25.540000915527344,25.610000610351562,24.8700008392334,25.350000381469727,54026000,0.0,0.0,0.0,0.03174606008683911,0.03125257097288657,0.2546670368195381,0.2969542027772722
2021-01-05 00:00:00-05:00,25.459999084472656,25.739999771118164,25.280000686645508,25.670000076293945,32882000,0.0,0.0,0.0,0.012623261933287111,0.012544252769846992,0.24519314942722328,0.2973542081458498
2021-01-06 00:00:00-05:00,25.34000015258789,25.399999618530273,24.719999313354492,25.34000015258789,54978700,0.0,0.0,0.0,-0.012855470304840688,-0.012938816940539891,0.2880557040991817,0.30351768272549656
2021-01-07 00:00:00-05:00,25.219999313354492,25.3700008392334,25.049999237060547,25.260000228881836,27335800,0.0,0.0,0.0,-0.0031570609007232076,-0.003162054931230928,0.287906485634619,0.30447146385107937
2021-01-08 00:00:00-05:00,24.729999542236328,24.760000228881836,22.739999771118164,23.510000228881836,107226800,0.0,0.0,0.0,-0.06927949264224798,-0.07179625369589579,0.6048533215533795,0.3902717620992954
2021-01-11 00:00:00-05:00,22.950000762939453,23.489999771118164,22.920000076293945,23.209999084472656,42339700,0.0,0.0,0.0,-0.012760575988452372,-0.012842691446526194,0.49168856511530634,0.3942680428554663
2021-01-12 00:00:00-05:00,23.549999237060547,23.829999923706055,23.3799991607666,23.719999313354492,28423100,0.0,0.0,0.0,0.021973298104221994,0.02173536434060699,0.5302492187984658,0.39984568143259225
2021-01-13 00:00:00-05:00,23.579999923706055,23.739999771118164,23.3799991607666,23.440000534057617,23619500,0.0,0.0,0.0,-0.011804333364345165,-0.011874557688728993,0.5305963985689257,0.4026141568045006
2021-01-14 00:00:00-05:00,23.610000610351562,24.06999969482422,23.59000015258789,23.709999084472656,35838300,0.0,0.0,0.0,0.011518709226253643,0.011452873970920664,0.5606222906805817,0.3924708580739827
2021-01-15 00:00:00-05:00,23.170000076293945,23.360000610351562,22.84000015258789,22.950000762939453,41576400,0.0,0.0,0.0,-0.03205391610626063,-0.0325788917136575,0.34030041776733005,0.3892363160753971
2021-01-19 00:00:00-05:00,23.479999542236328,23.520000457763672,23.219999313354492,23.3799991607666,26077100,0.0,0.0,0.0,0.018736313007950978,0.01856295039846396,0.36540173478943566,0.3864730472645909
2021-01-20 00:00:00-05:00,23.649999618530273,24.049999237060547,23.6200008392334,24.010000228881836,26653500,0.0,0.0,0.0,0.026946154436670033,0.026589499617366136,0.38403633651623265,0.3982418370577766
2021-01-21 00:00:00-05:00,24.010000228881836,24.209999084472656,23.84000015258789,24.149999618530273,19571500,0.0,0.0,0.0,0.00583087831377993,0.005813944536800727,0.36193782098807187,0.3937109699658411
2021-01-22 00:00:00-05:00,23.520000457763672,23.780000686645508,23.3799991607666,23.65999984741211,19320600,0.0,0.0,0.0,-0.020289845915450355,-0.020498512201685318,0.4008224646691132,0.3744138651248189
2021-01-25 00:00:00-05:00,23.84000015258789,23.889999389648438,23.3700008392334,23.549999237060547,22030500,0.0,0.0,0.0,-0.004649222783642326,-0.004660064035201876,0.2973239051701942,0.37053868309919347
2021-01-26 00:00:00-05:00,23.649999618530273,23.829999923706055,23.549999237060547,23.649999618530273,13923900,0.0,0.0,0.0,0.004246300836917127,0.004237310742297258,0.27290914024380486,0.37002330090605473
2021-01-27 00:00:00-05:00,23.34000015258789,23.6200008392334,22.940000534057617,23.420000076293945,36774400,0.0,0.0,0.0,-0.009725139363474633,-0.009772737380931727,0.17004948693845326,0.36358692709172935
2021-01-28 00:00:00-05:00,24.530000686645508,25.100000381469727,23.829999923706055,24.719999313354492,152066900,0.0,0.0,0.0,0.055508079966934964,0.054022243385355835,0.46965115265833546,0.41673919684976163
2021-01-29 00:00:00-05:00,25.309999465942383,25.479999542236328,24.780000686645508,24.989999771118164,113552000,0.0,0.0,0.0,0.010922348918424474,0.010863130875356132,0.41248359297571924,0.4150933743046542
2021-02-01 00:00:00-05:00,27.760000228881836,27.979999542236328,26.100000381469727,26.760000228881836,280615000,0.0,0.0,0.0,0.07082835029911938,0.06843250812523653,0.5531371245985504,0.4820021636581203
2021-02-02 00:00:00-05:00,25.540000915527344,25.549999237060547,24.40999984741211,24.540000915527344,124327400,0.0,0.0,0.0,-0.08295961488664216,-0.08660376722284319,0.9654979288179593,0.5620160309869818
2021-02-03 00:00:00-05:00,25.0,25.100000381469727,24.790000915527344,24.93000030517578,54593300,0.0,0.0,0.0,0.01589239507328921,0.015767433186456025,0.9513650565675956,0.5631871799146696
2021-02-04 00:00:00-05:00,24.3799991607666,24.540000915527344,24.059999465942383,24.479999542236328,51529200,0.0,0.0,0.0,-0.018050571898550194,-0.018215470832144615,0.890755631294927,0.564954325848741
2021-02-05 00:00:00-05:00,24.739999771118164,25.139999389648438,24.649999618530273,24.950000762939453,33704000,0.0,0.0,0.0,0.019199396629571597,0.0190174138316341,0.8994397106932629,0.5694390203070586
2021-02-08 00:00:00-05:00,25.510000228881836,25.6299991607666,25.3700008392334,25.389999389648438,40683200,0.0,0.0,0.0,0.01763521496009557,0.01748151890127076,0.6953167461280413,0.5096215781817411
2021-02-09 00:00:00-05:00,25.559999465942383,25.6200008392334,25.139999389648438,25.280000686645508,31182500,0.0,0.0,0.0,-0.004332363357510638,-0.0043417752372669535,0.2623650664811889,0.5067389987470569
2021-02-10 00:00:00-05:00,25.440000534057617,25.459999084472656,24.90999984741211,25.06999969482422,36120100,0.0,0.0,0.0,-0.008307001033121986,-0.008341696443011618,0.2615280022207597,0.5044978557975047
2021-02-11 00:00:00-05:00,25.260000228881836,25.34000015258789,24.90999984741211,25.09000015258789,29925500,0.0,0.0,0.0,0.0007977845236193382,0.000797466462697754,0.201284035093523,0.5014829166853769
2021-02-12 00:00:00-05:00,25.1299991607666,25.489999771118164,25.049999237060547,25.309999465942383,24872400,0.0,0.0,0.0,0.008768406218275793,0.008730186996423231,0.1653326838124741,0.5010224375201145
2021-02-16 00:00:00-05:00,25.15999984741211,25.700000762939453,25.049999237060547,25.260000228881836,45946600,0.0,0.0,0.0,-0.0019754736513458715,-0.0019774274729922863,0.10167798084239384,0.48358889470499306
2021-02-17 00:00:00-05:00,25.15999984741211,25.440000534057617,24.93000030517578,25.399999618530273,32220600,0.0,0.0,0.0,0.005542335248610364,0.005527033022613976,0.10544590194716826,0.48096984262769193
2021-02-18 00:00:00-05:00,25.229999542236328,25.3799991607666,24.950000762939453,25.059999465942383,22250900,0.0,0.0,0.0,-0.013385832980085888,-0.013476230849233542,0.135471307363684,0.4774008877423384
2021-02-19 00:00:00-05:00,25.420000076293945,25.6200008392334,25.200000762939453,25.260000228881836,39603400,0.0,0.0,0.0,0.007980876584265717,0.007949197826619452,0.14737965176753823,0.4776563083946855
2021-02-22 00:00:00-05:00,25.489999771118164,26.280000686645508,25.43000030517578,26.270000457763672,55307700,0.0,0.0,0.0,0.03998417338599314,0.03920549513940439,0.3160187875770925,0.48703369124510976
2021-02-23 00:00:00-05:00,25.829999923706055,25.850000381469727,25.290000915527344,25.709999084472656,40191400,0.0,0.0,0.0,-0.021317143644187353,-0.021547635454766602,0.37700084394887134,0.4952538486407769
2021-02-24 00:00:00-05:00,25.479999542236328,25.969999313354492,25.3700008392334,25.940000534057617,24093100,0.0,0.0,0.0,0.008945992134393732,0.008906213808465088,0.3787842523498691,0.49545720051154873
2021-02-25 00:00:00-05:00,25.809999465942383,26.020000457763672,25.399999618530273,25.399999618530273,38674000,0.0,0.0,0.0,-0.02081730548996541,-0.02103704047048877,0.40367554524636606,0.5013875292812116
2021-02-26 00:00:00-05:00,25.0,25.010000228881836,24.270000457763672,24.65999984741211,54587100,0.0,0.0,0.0,-0.029133849694167102,-0.029566667457467246,0.457032049170968,0.4766868218428105
2021-03-01 00:00:00-05:00,24.959999084472656,25.040000915527344,24.549999237060547,24.600000381469727,35637500,0.0,0.0,0.0,-0.002433068382548198,-0.002436033103313816,0.24896432763322313,0.47509834389144523
2021-03-02 00:00:00-05:00,24.5,24.989999771118164,24.440000534057617,24.799999237060547,29101900,0.0,0.0,0.0,0.008130034654042939,0.00809716396203186,0.27321403698985436,0.39605297563581915
2021-03-03 00:00:00-05:00,24.309999465942383,24.610000610351562,23.989999771118164,24.280000686645508,41733400,0.0,0.0,0.0,-0.02096768412952066,-0.021190627935658526,0.24374270702149062,0.2731326661855133
2021-03-04 00:00:00-05:00,24.110000610351562,24.43000030517578,23.270000457763672,23.559999465942383,63992600,0.0,0.0,0.0,-0.029654085681271813,-0.030102658356184486,0.26832969420887987,0.28471954087317114
2021-03-05 00:00:00-05:00,23.59000015258789,23.59000015258789,23.049999237060547,23.360000610351562,30560500,0.0,0.0,0.0,-0.008488915964532717,-0.008525152027315925,0.2371210566794488,0.2798499445222669
2021-03-08 00:00:00-05:00,23.43000030517578,23.56999969482422,23.280000686645508,23.31999969482422,18703100,0.0,0.0,0.0,-0.0017123679144775972,-0.001713835692237878,0.23875031395500151,0.26825407383583105
2021-03-09 00:00:00-05:00,24.040000915527344,24.270000457763672,24.010000228881836,24.049999237060547,29024000,0.0,0.0,0.0,0.03130358283831147,0.03082361643286398,0.37225948910341544,0.28615014961383706
2021-03-10 00:00:00-05:00,24.18000030517578,24.350000381469727,24.030000686645508,24.31999969482422,20388800,0.0,0.0,0.0,0.011226630616586686,0.011164079720904349,0.36015190418713894,0.2901689282432031
2021-03-11 00:00:00-05:00,24.18000030517578,24.329999923706055,23.979999542236328,24.25,23587800,0.0,0.0,0.0,-0.0028782769614555948,-0.0028824271661277443,0.25296835471601214,0.2891864458438188
2021-03-12 00:00:00-05:00,23.639999389648438,24.079999923706055,23.56999969482422,24.030000686645508,23409800,0.0,0.0,0.0,-0.009072136633174965,-0.009113539060603745,0.2550819234268526,0.29026460801651766
2021-03-15 00:00:00-04:00,24.270000457763672,24.40999984741211,24.1299991607666,24.329999923706055,21915600,0.0,0.0,0.0,0.012484362400674742,0.012407075336745513,0.24866474942425112,0.29238459263569194
2021-03-16 00:00:00-04:00,24.06999969482422,24.280000686645508,23.979999542236328,24.100000381469727,19951200,0.0,0.0,0.0,-0.0094533309888023,-0.009498297334405513,0.17038041120832673,0.29364224181054355
2021-03-17 00:00:00-04:00,24.1200008392334,24.6299991607666,24.040000915527344,24.420000076293945,45692600,0.0,0.0,0.0,0.013277995425687417,0.013190615481570307,0.17895270358464554,0.29759966073337324
2021-03-18 00:00:00-04:00,24.0,24.469999313354492,23.989999771118164,24.100000381469727,40297600,0.0,0.0,0.0,-0.013104000566112273,-0.013190615481570208,0.2052457584269473,0.2974557717218463
2021-03-19 00:00:00-04:00,24.260000228881836,24.3799991607666,24.1200008392334,24.309999465942383,22871500,0.0,0.0,0.0,0.008713654819446415,0.00867591003416399,0.20091783856302667,0.29778604506510753
2021-03-22 00:00:00-04:00,23.790000915527344,23.959999084472656,23.709999084472656,23.940000534057617,23781000,0.0,0.0,0.0,-0.015220030440688537,-0.015337043921394618,0.20926744649537316,0.2568337243270897
2021-03-23 00:00:00-04:00,23.489999771118164,23.540000915527344,23.209999084472656,23.219999313354492,28806800,0.0,0.0,0.0,-0.030075238289106743,-0.03053677573954964,0.2856324371410386,0.26614849168947186
2021-03-24 00:00:00-04:00,23.469999313354492,23.510000228881836,23.219999313354492,23.239999771118164,18289600,0.0,0.0,0.0,0.0008613461823907542,0.0008609754366461416,0.2391461783738341,0.26206729871779766
2021-03-25 00:00:00-04:00,23.079999923706055,23.3799991607666,23.030000686645508,23.290000915527344,29613100,0.0,0.0,0.0,0.0021515122591060365,0.0021492010710447793,0.2500040605075992,0.25671599830416564
2021-03-26 00:00:00-04:00,23.200000762939453,23.309999465942383,23.09000015258789,23.229999542236328,14587600,0.0,0.0,0.0,-0.00257627183050102,-0.002579596129532767,0.2167491130542276,0.23922003466637556
2021-03-29 00:00:00-04:00,23.09000015258789,23.139999389648438,22.700000762939453,22.90999984741211,27664900,0.0,0.0,0.0,-0.01377527770684639,-0.013871037271520498,0.21435472057867683,0.24231055399120338
2021-03-30 00:00:00-04:00,22.440000534057617,22.489999771118164,22.1299991607666,22.260000228881836,31973600,0.0,0.0,0.0,-0.02837187354253501,-0.028782133675484278,0.20372247440689847,0.2535711243860643
2021-03-31 00:00:00-04:00,22.309999465942383,22.760000228881836,22.260000228881836,22.700000762939453,24331300,0.0,0.0,0.0,0.019766420913452043,0.019573601967422374,0.28537502030280687,0.26122705011587005
2021-04-01 00:00:00-04:00,22.8700008392334,23.149999618530273,22.799999237060547,23.149999618530273,21555400,0.0,0.0,0.0,0.019823737465485047,0.01962980595704512,0.3348524662656978,0.25377972934788323
2021-04-05 00:00:00-04:00,23.040000915527344,23.200000762939453,22.889999389648438,23.09000015258789,13959600,0.0,0.0,0.0,-0.002591769629851637,-0.0025951340792679154,0.3348570026823298,0.252255157043191
2021-04-06 00:00:00-04:00,23.280000686645508,23.479999542236328,23.25,23.34000015258789,18963100,0.0,0.0,0.0,0.01082719784962749,0.01076900342122182,0.32113145225201234,0.2553383612628324
2021-04-07 00:00:00-04:00,23.25,23.469999313354492,23.200000762939453,23.329999923706055,12932700,0.0,0.0,0.0,-0.00042845881818587284,-0.0004285506328921304,0.16996169905592978,0.22732193129329886
2021-04-08 00:00:00-04:00,23.68000030517578,23.780000686645508,23.579999923706055,23.6200008392334,16756100,0.0,0.0,0.0,0.012430386475598132,0.012353763536711119,0.14862937594066286,0.22824846645628352
2021-04-09 00:00:00-04:00,23.290000915527344,23.489999771118164,23.25,23.40999984741211,15692800,0.0,0.0,0.0,-0.008890812208290577,-0.008930571315087328,0.14461086349457175,0.22977147387143243
2021-04-12 00:00:00-04:00,23.280000686645508,23.31999969482422,22.93000030517578,23.040000915527344,22788400,0.0,0.0,0.0,-0.01580516592466652,-0.015931399420635328,0.19443503328665962,0.2338584160521317
2021-04-13 00:00:00-04:00,23.510000228881836,23.65999984741211,23.469999313354492,23.510000228881836,18876600,0.0,0.0,0.0,0.020399274942638712,0.02019399672336827,0.2364987647472715,0.24190839704771316
2021-04-14 00:00:00-04:00,23.43000030517578,23.649999618530273,23.43000030517578,23.59000015258789,11107100,0.0,0.0,0.0,0.00340280403773785,0.003397027600425219,0.23605234466596295,0.24067552426627098
2021-04-15 00:00:00-04:00,23.780000686645508,24.1299991607666,23.760000228881836,24.030000686645508,29376600,0.0,0.0,0.0,0.018651993692732072,0.018480178434975476,0.25613927839950884,0.24559752494453901
2021-04-16 00:00:00-04:00,24.200000762939453,24.219999313354492,24.059999465942383,24.09000015258789,20854500,0.0,0.0,0.0,0.002496856605406883,0.0024937446379674766,0.23300252296149074,0.24134562267487683
2021-04-19 00:00:00-04:00,23.93000030517578,24.049999237060547,23.790000915527344,23.979999542236328,16333300,0.0,0.0,0.0,-0.004566235353043235,-0.004576692450882173,0.17326253767995134,0.2396493112199037
2021-04-20 00:00:00-04:00,23.899999618530273,24.219999313354492,23.899999618530273,23.959999084472656,20911600,0.0,0.0,0.0,-0.0008340474622797744,-0.0008343954733830826,0.14062640713862226,0.23334651910209386
2021-04-21 00:00:00-04:00,24.149999618530273,24.739999771118164,24.1200008392334,24.700000762939453,32992900,0.0,0.0,0.0,0.03088487924635852,0.030417539485577294,0.23740449876780365,0.22892498295546543
2021-04-22 00:00:00-04:00,24.43000030517578,24.469999313354492,24.110000610351562,24.209999084472656,25916400,0.0,0.0,0.0,-0.019838124021518633,-0.02003754138828357,0.29292065472838286,0.24307512288820954
2021-04-23 00:00:00-04:00,24.329999923706055,24.389999389648438,23.979999542236328,24.139999389648438,18439900,0.0,0.0,0.0,-0.0028913547076139245,-0.0028955427483254646,0.2944084521871219,0.24373507693838542
2021-04-26 00:00:00-04:00,24.329999923706055,24.329999923706055,24.18000030517578,24.299999237060547,11054500,0.0,0.0,0.0,0.006627997160626231,0.006606128564257937,0.2928724058575003,0.24367999989064004
2021-04-27 00:00:00-04:00,24.450000762939453,24.530000686645508,24.350000381469727,24.389999389648438,12866200,0.0,0.0,0.0,0.0037037100993249084,0.003696868253347248,0.2911014306950861,0.2361048785909006
2021-04-28 00:00:00-04:00,24.100000381469727,24.399999618530273,23.969999313354492,24.399999618530273,20534500,0.0,0.0,0.0,0.00041001349455060954,0.0004099294619866249,0.16477895050052443,0.2050572187862358
2021-04-29 00:00:00-04:00,24.219999313354492,24.270000457763672,23.860000610351562,24.25,23251500,0.0,0.0,0.0,-0.006147525445711843,-0.0061664992816587,0.08070590816584605,0.20034628490193832
2021-04-30 00:00:00-04:00,24.209999084472656,24.270000457763672,23.950000762939453,24.010000228881836,16806800,0.0,0.0,0.0,-0.00989689777806857,-0.009946197617559169,0.1088107051162234,0.19572198964368615
2021-05-03 00:00:00-04:00,24.610000610351562,25.049999237060547,24.510000228881836,24.959999084472656,36331500,0.0,0.0,0.0,0.03956679910598493,0.03880408705551184,0.31373817539065674,0.23596935482336603
2021-05-04 00:00:00-04:00,25.0,25.15999984741211,24.209999084472656,24.56999969482422,37719400,0.0,0.0,0.0,-0.015624976119933076,-0.015748332709023857,0.34885812248168735,0.24435855094297607
2021-05-05 00:00:00-04:00,24.5,24.600000381469727,24.469999313354492,24.56999969482422,7161100,0.0,0.0,0.0,0.0,0.0,0.3489629141380079,0.244290925858911
2021-05-06 00:00:00-04:00,24.899999618530273,25.479999542236328,24.899999618530273,25.3700008392334,32473600,0.0,0.0,0.0,0.032560079541950726,0.03204123257852464,0.3995028575021467,0.2645320594762407
2021-05-07 00:00:00-04:00,25.280000686645508,25.5,25.170000076293945,25.469999313354492,25364400,0.0,0.0,0.0,0.003941603106549785,0.003933855341428456,0.3684359234040797,0.26031256395632346
2021-05-10 00:00:00-04:00,25.799999237060547,25.8700008392334,25.260000228881836,25.350000381469727,28424200,0.0,0.0,0.0,-0.004711383396930335,-0.004722516947066487,0.2850533547251089,0.25175686602427205
2021-05-11 00:00:00-04:00,25.229999542236328,25.670000076293945,25.190000534057617,25.670000076293945,23444100,0.0,0.0,0.0,0.012623261933287111,0.012544252769846992,0.23313459294026698,0.24687602861571253
2021-05-12 00:00:00-04:00,25.399999618530273,25.56999969482422,25.049999237060547,25.09000015258789,35338100,0.0,0.0,0.0,-0.02259446521161801,-0.022853631395201756,0.32460691919483264,0.26501437289599017
2021-05-13 00:00:00-04:00,24.969999313354492,25.190000534057617,24.920000076293945,25.15999984741211,25131000,0.0,0.0,0.0,0.00278994397762089,0.0027860593075855755,0.21040909401082777,0.25866744670953434
2021-05-14 00:00:00-04:00,25.389999389648438,25.5,25.290000915527344,25.459999084472656,22955700,0.0,0.0,0.0,0.011923658143082383,0.01185313140228154,0.23031867049869714,0.2608572568338649
2021-05-17 00:00:00-04:00,25.559999465942383,26.25,25.549999237060547,26.190000534057617,41874700,0.0,0.0,0.0,0.028672485303825823,0.028269121741462164,0.29895269736277336,0.27456762721006656
2021-05-18 00:00:00-04:00,26.3700008392334,26.389999389648438,25.979999542236328,26.149999618530273,28338900,0.0,0.0,0.0,-0.0015273354223619418,-0.0015285029881025884,0.2981164200114523,0.2747591764755496
2021-05-19 00:00:00-04:00,25.690000534057617,26.200000762939453,25.489999771118164,25.729999542236328,43585700,0.0,0.0,0.0,-0.016061188620298372,-0.01619156742057497,0.2631604295067045,0.26539465408619745
2021-05-20 00:00:00-04:00,25.809999465942383,25.979999542236328,25.649999618530273,25.790000915527344,20364600,0.0,0.0,0.0,0.0023319616929071696,0.002329246889963728,0.26344016536437564,0.25235073939422625
2021-05-21 00:00:00-04:00,25.979999542236328,25.989999771118164,25.229999542236328,25.530000686645508,31146300,0.0,0.0,0.0,-0.010081435426599672,-0.010132597243543148,0.27349058663411935,0.25594968314561284
2021-05-24 00:00:00-04:00,25.729999542236328,25.889999389648438,25.649999618530273,25.75,15601800,0.0,0.0,0.0,0.008617285837738908,0.008580368960720267,0.15588352330160749,0.25642832695195766
2021-05-25 00:00:00-04:00,25.530000686645508,26.010000228881836,25.510000228881836,25.989999771118164,24282100,0.0,0.0,0.0,0.009320379460899586,0.009277212737119046,0.1808690731229439,0.2573987806306423
2021-05-26 00:00:00-04:00,25.8700008392334,25.959999084472656,25.600000381469727,25.670000076293945,23720300,0.0,0.0,0.0,-0.012312416223251521,-0.012388841991709757,0.16245090606229298,0.2631934187194307
2021-05-27 00:00:00-04:00,25.670000076293945,25.8700008392334,25.530000686645508,25.850000381469727,18584800,0.0,0.0,0.0,0.0070120882213011715,0.006987617856332976,0.17064558362658147,0.26148609220333296
2021-05-28 00:00:00-04:00,25.6299991607666,25.950000762939453,25.6200008392334,25.899999618530273,22529800,0.0,0.0,0.0,0.001934206434147212,0.0019323382654436645,0.14268684638345783,0.2568820420298912
2021-06-01 00:00:00-04:00,26.3799991607666,26.43000030517578,25.829999923706055,25.84000015258789,26118400,0.0,0.0,0.0,-0.0023165817307370107,-0.002319269157425875,0.13611768358916243,0.22019634618210399
2021-06-02 00:00:00-04:00,25.959999084472656,26.149999618530273,25.889999389648438,26.149999618530273,14522800,0.0,0.0,0.0,0.011996883286060411,0.01192549110367404,0.1476039268695821,0.2128713580599346
2021-06-03 00:00:00-04:00,25.440000534057617,25.489999771118164,25.06999969482422,25.459999084472656,31455700,0.0,0.0,0.0,-0.026386254077368054,-0.0267406187533596,0.23631089101189662,0.2373409163788495
2021-06-04 00:00:00-04:00,25.719999313354492,25.829999923706055,25.700000762939453,25.780000686645508,19065400,0.0,0.0,0.0,0.012568798652000446,0.012490466976035362,0.2517838350788224,0.2123684156363586
2021-06-07 00:00:00-04:00,25.799999237060547,25.93000030517578,25.719999313354492,25.899999618530273,17188700,0.0,0.0,0.0,0.004654729584508077,0.004643929831076067,0.25413022058290724,0.21251948858321337
2021-06-08 00:00:00-04:00,25.719999313354492,25.799999237060547,25.510000228881836,25.610000610351562,23460100,0.0,0.0,0.0,-0.011196873067566782,-0.011260029932949197,0.26695426271649164,0.21601800906949725
2021-06-09 00:00:00-04:00,25.829999923706055,25.969999313354492,25.719999313354492,25.780000686645508,21620900,0.0,0.0,0.0,0.0066380348396100075,0.006616100101873249,0.25195659878994475,0.2126170708175009
2021-06-10 00:00:00-04:00,25.739999771118164,26.010000228881836,25.65999984741211,25.969999313354492,24057200,0.0,0.0,0.0,0.007370000839736379,0.007342975088851299,0.1426750537898072,0.1957606094876917
2021-06-11 00:00:00-04:00,26.139999389648438,26.209999084472656,25.8700008392334,25.8700008392334,24834400,0.0,0.0,0.0,-0.003850538188873598,-0.003857970596359521,0.1273995720588677,0.1967307677425806
2021-06-14 00:00:00-04:00,25.59000015258789,25.989999771118164,25.559999465942383,25.84000015258789,22004400,0.0,0.0,0.0,-0.0011596708802579236,-0.0011603438188416777,0.12269533988522666,0.19295132630840786
2021-06-15 00:00:00-04:00,25.68000030517578,25.709999084472656,25.40999984741211,25.649999618530273,18546700,0.0,0.0,0.0,-0.007352961800915048,-0.007380128074840898,0.10290209110170069,0.16418911940143577
2021-06-16 00:00:00-04:00,25.719999313354492,25.809999465942383,25.25,25.260000228881836,41137100,0.0,0.0,0.0,-0.015204654793315897,-0.01532143076128068,0.13141982030873905,0.1717849560862154
2021-06-17 00:00:00-04:00,24.360000610351562,24.469999313354492,23.889999389648438,24.049999237060547,74182600,0.0,0.0,0.0,-0.047901859891426146,-0.049087161154668185,0.3029570441319277,0.23331530056256405
2021-06-18 00:00:00-04:00,24.09000015258789,24.219999313354492,23.8700008392334,23.8799991607666,34088200,0.0,0.0,0.0,-0.007068610465150393,-0.007093711448091927,0.2962194652245946,0.23270924569956541
2021-06-21 00:00:00-04:00,24.079999923706055,24.139999389648438,23.950000762939453,24.079999923706055,20624800,0.0,0.0,0.0,0.008375241623460372,0.008340363891643427,0.3314240729696819,0.23524266038522323
2021-06-22 00:00:00-04:00,23.959999084472656,24.0,23.84000015258789,23.850000381469727,17654500,0.0,0.0,0.0,-0.009551476036754436,-0.009597383943379131,0.3290761958681649,0.23235645426842824
2021-06-23 00:00:00-04:00,24.049999237060547,24.3799991607666,23.90999984741211,23.93000030517578,18042000,0.0,0.0,0.0,0.003354294441362482,0.003348681344247447,0.3513768057798179,0.228853689415676
2021-06-24 00:00:00-04:00,24.200000762939453,24.270000457763672,23.979999542236328,24.040000915527344,20312400,0.0,0.0,0.0,0.004596765940189762,0.004586233077371019,0.1239088743641007,0.22859809492682537
2021-06-25 00:00:00-04:00,24.329999923706055,24.329999923706055,24.079999923706055,24.18000030517578,12456400,0.0,0.0,0.0,0.0058236016770703,0.005806710057140289,0.11110090940002497,0.22793364136404948
2021-06-28 00:00:00-04:00,24.229999542236328,24.309999465942383,24.15999984741211,24.209999084472656,13712200,0.0,0.0,0.0,0.0012406442894234981,0.0012398753262378706,0.09820891313753329,0.22773828358148715
2021-06-29 00:00:00-04:00,23.850000381469727,23.969999313354492,23.75,23.889999389648438,19437900,0.0,0.0,0.0,-0.013217666539667605,-0.013305797344578572,0.12344802903253375,0.23040564389972162
2021-06-30 00:00:00-04:00,23.989999771118164,24.25,23.950000762939453,24.219999313354492,19309700,0.0,0.0,0.0,0.013813308168146854,0.01371877398528865,0.1571602078606084,0.23214247694765602
2021-07-01 00:00:00-04:00,24.34000015258789,24.360000610351562,24.059999465942383,24.110000610351562,14288000,0.0,0.0,0.0,-0.004541647651586822,-0.0045519922662285005,0.16259743275443417,0.2162641057197852
2021-07-02 00:00:00-04:00,24.479999542236328,24.6299991607666,24.299999237060547,24.549999237060547,21322000,0.0,0.0,0.0,0.018249631504367203,0.018085105655199565,0.2058189999061877,0.22241222777675068
2021-07-06 00:00:00-04:00,24.649999618530273,24.690000534057617,24.110000610351562,24.229999542236328,23825300,0.0,0.0,0.0,-0.013034611192213386,-0.013120307227565317,0.23662720742910628,0.22388545889783723
2021-07-07 00:00:00-04:00,24.389999389648438,24.440000534057617,24.079999923706055,24.239999771118164,24910700,0.0,0.0,0.0,0.0004127209686655142,0.0004126358227933784,0.2054746543738123,0.22219310831795536
2021-07-08 00:00:00-04:00,24.239999771118164,24.260000228881836,23.920000076293945,24.010000228881836,22355000,0.0,0.0,0.0,-0.009488430049837349,-0.009533731992860707,0.19436672076686987,0.2206199713200856
2021-07-09 00:00:00-04:00,24.06999969482422,24.290000915527344,24.049999237060547,24.190000534057617,11456600,0.0,0.0,0.0,0.007496888940436541,0.007468926933622296,0.20184824338481863,0.22070300461143752
2021-07-12 00:00:00-04:00,24.200000762939453,24.34000015258789,24.049999237060547,24.280000686645508,13849900,0.0,0.0,0.0,0.0037205519057834646,0.003713647772034672,0.13893972414145628,0.2221524595609647
2021-07-13 00:00:00-04:00,24.149999618530273,24.309999465942383,24.049999237060547,24.079999923706055,16394600,0.0,0.0,0.0,-0.008237263479545898,-0.008271377199322834,0.11790707282324554,0.2227641633116294
2021-07-14 00:00:00-04:00,24.510000228881836,24.530000686645508,24.149999618530273,24.329999923706055,26679000,0.0,0.0,0.0,0.010382059833558444,0.010328536387366949,0.1447792006748414,0.22746305013136559
2021-07-15 00:00:00-04:00,24.3799991607666,24.440000534057617,24.280000686645508,24.3799991607666,13954900,0.0,0.0,0.0,0.002055044686285923,0.0020529359704638925,0.11291290353278284,0.222921870090611
2021-07-16 00:00:00-04:00,24.15999984741211,24.229999542236328,23.719999313354492,23.770000457763672,32457000,0.0,0.0,0.0,-0.025020456275673952,-0.025338788999952875,0.21899431495972665,0.168029182655297
2021-07-19 00:00:00-04:00,23.469999313354492,23.510000228881836,23.18000030517578,23.290000915527344,36393400,0.0,0.0,0.0,-0.020193501598337216,-0.020400177424005798,0.23508641022227492,0.1807763288245209
2021-07-20 00:00:00-04:00,23.239999771118164,23.350000381469727,23.0,23.139999389648438,25553500,0.0,0.0,0.0,-0.006440597680651083,-0.006461427817080981,0.23541562251700301,0.17800945229141624
2021-07-21 00:00:00-04:00,23.190000534057617,23.459999084472656,23.18000030517578,23.420000076293945,17069000,0.0,0.0,0.0,0.01210028928396456,0.012027666038153903,0.24395714204091626,0.18225347986939305
2021-07-22 00:00:00-04:00,23.31999969482422,23.600000381469727,23.18000030517578,23.559999465942383,14275000,0.0,0.0,0.0,0.005977770674311156,0.005959974688193254,0.2549769869230998,0.18329043762213817
2021-07-23 00:00:00-04:00,23.350000381469727,23.40999984741211,23.170000076293945,23.350000381469727,13999100,0.0,0.0,0.0,-0.00891337390632052,-0.008953335663465902,0.20233330740924393,0.18436783231914097
2021-07-26 00:00:00-04:00,23.350000381469727,23.450000762939453,23.31999969482422,23.360000610351562,11047700,0.0,0.0,0.0,0.00042827531984857004,0.00042818363615008384,0.13776937839635747,0.18255348008920771
2021-07-27 00:00:00-04:00,23.299999237060547,23.309999465942383,22.690000534057617,22.959999084472656,27749000,0.0,0.0,0.0,-0.017123352543991444,-0.017271652511608816,0.1850674612081104,0.190162326984184
2021-07-28 00:00:00-04:00,22.899999618530273,23.18000030517578,22.809999465942383,23.170000076293945,19356600,0.0,0.0,0.0,0.009146385025917025,0.009104810160594322,0.1721207502332365,0.19013733077402764
2021-07-29 00:00:00-04:00,23.639999389648438,23.90999984741211,23.639999389648438,23.719999313354492,28655100,0.0,0.0,0.0,0.023737558707359385,0.023460203444493854,0.25217273459840234,0.20350449661303685
2021-07-30 00:00:00-04:00,23.670000076293945,23.739999771118164,23.489999771118164,23.6299991607666,13908400,0.0,0.0,0.0,-0.0037942729845367174,-0.0038014894983430816,0.24129669602670542,0.20334747823526242
2021-08-02 00:00:00-04:00,23.469999313354492,23.670000076293945,23.469999313354492,23.530000686645508,14364300,0.0,0.0,0.0,-0.004231844167270404,-0.004240823762250366,0.24601362670339352,0.19047962921046563
2021-08-03 00:00:00-04:00,23.65999984741211,23.719999313354492,23.559999465942383,23.68000030517578,11872500,0.0,0.0,0.0,0.0063748242308978575,0.006354590982320281,0.1818611351441991,0.18808033428548881
2021-08-04 00:00:00-04:00,24.020000457763672,24.06999969482422,23.459999084472656,23.540000915527344,23504500,0.0,0.0,0.0,-0.005912136310988081,-0.005929682178755231,0.19748422981685848,0.1887530895556579
2021-08-05 00:00:00-04:00,23.549999237060547,23.56999969482422,23.239999771118164,23.299999237060547,14401700,0.0,0.0,0.0,-0.010195482970796643,-0.0102478128970686,0.09681134470487013,0.1891713268212798
2021-08-06 00:00:00-04:00,22.670000076293945,22.690000534057617,22.420000076293945,22.520000457763672,35763900,0.0,0.0,0.0,-0.033476343555248866,-0.034049504228998745,0.2338439919231347,0.21733400307624384
2021-08-09 00:00:00-04:00,22.09000015258789,22.15999984741211,21.530000686645508,21.75,44597700,0.0,0.0,0.0,-0.03419184911686879,-0.03479006606377996,0.2829834356630713,0.24104451549519443
2021-08-10 00:00:00-04:00,21.600000381469727,21.760000228881836,21.549999237060547,21.6200008392334,17390800,0.0,0.0,0.0,-0.005976972908809275,-0.005994906506175655,0.23185221158837693,0.24082213820392925
2021-08-11 00:00:00-04:00,21.770000457763672,21.860000610351562,21.6299991607666,21.84000015258789,15281500,0.0,0.0,0.0,0.010175731027505908,0.010124306834811792,0.3019978251895994,0.24064540057410286
2021-08-12 00:00:00-04:00,21.6299991607666,21.6299991607666,21.31999969482422,21.5,17854300,0.0,0.0,0.0,-0.015567772445624461,-0.01569022272971224,0.29930892597030717,0.24165543126178443
2021-08-13 00:00:00-04:00,21.760000228881836,22.09000015258789,21.700000762939453,21.969999313354492,20165300,0.0,0.0,0.0,0.02186043317927866,0.021624920009122958,0.3474527131407963,0.2502579069352094
2021-08-16 00:00:00-04:00,22.0,22.149999618530273,21.889999389648438,22.100000381469727,13542400,0.0,0.0,0.0,0.005917208565237031,0.005899770642040399,0.23013499835829998,0.24468820474864825
2021-08-17 00:00:00-04:00,22.030000686645508,22.149999618530273,21.84000015258789,21.899999618530273,17660400,0.0,0.0,0.0,-0.00904980812159395,-0.00909100638103462,0.23879440418093031,0.2454189733250832
2021-08-18 00:00:00-04:00,21.8799991607666,21.8799991607666,21.579999923706055,21.760000228881836,19311700,0.0,0.0,0.0,-0.006392666305344519,-0.006413186897537406,0.23491089784658176,0.23939670374428648
2021-08-19 00:00:00-04:00,21.670000076293945,21.690000534057617,21.43000030517578,21.510000228881836,16659700,0.0,0.0,0.0,-0.011488970467388948,-0.011555478585852314,0.2198934999043357,0.23819232027391748
2021-08-20 00:00:00-04:00,21.450000762939453,21.540000915527344,21.200000762939453,21.350000381469727,16170000,0.0,0.0,0.0,-0.007438393570878499,-0.007466196378288356,0.10743016121875783,0.2378817429377269
2021-08-23 00:00:00-04:00,21.850000381469727,21.950000762939453,21.719999313354492,21.8799991607666,17623900,0.0,0.0,0.0,0.024824298352559948,0.02452118165552351,0.23918854771290457,0.25920159126128256
2021-08-24 00:00:00-04:00,22.100000381469727,22.200000762939453,21.979999542236328,22.079999923706055,17851300,0.0,0.0,0.0,0.009140803044365597,0.009099278755961289,0.2398370933615039,0.2571673742171458
2021-08-25 00:00:00-04:00,22.079999923706055,22.1299991607666,21.84000015258789,22.09000015258789,15318900,0.0,0.0,0.0,0.0004529089183147317,0.00045280638602794376,0.22995298797801905,0.25408030966557255
2021-08-26 00:00:00-04:00,21.899999618530273,21.979999542236328,21.709999084472656,21.850000381469727,15730700,0.0,0.0,0.0,-0.01086463419920114,-0.01092408533941312,0.22748738032281632,0.23617595915031822
2021-08-27 00:00:00-04:00,21.709999084472656,22.350000381469727,21.6200008392334,22.329999923706055,38222000,0.0,0.0,0.0,0.02196794205291641,0.021730123435242037,0.2362847132145173,0.2535282006468316
2021-08-30 00:00:00-04:00,22.350000381469727,22.3799991607666,22.149999618530273,22.260000228881836,12848400,0.0,0.0,0.0,-0.0031347825823280218,-0.003139706305808204,0.1996232126271196,0.2534703943206945
2021-08-31 00:00:00-04:00,22.309999465942383,22.3799991607666,22.049999237060547,22.139999389648438,17200000,0.0,0.0,0.0,-0.005390873225495252,-0.00540545641693235,0.2004667204310301,0.25134678450703984
2021-09-01 00:00:00-04:00,22.360000610351562,22.479999542236328,22.309999465942383,22.3700008392334,17441700,0.0,0.0,0.0,0.010388502977669356,0.010334913305389716,0.21206225741308862,0.25566868034832213
2021-09-02 00:00:00-04:00,22.270000457763672,22.270000457763672,22.040000915527344,22.139999389648438,16640000,0.0,0.0,0.0,-0.010281691593930331,-0.010334913305389715,0.20975947538453904,0.2557036254135607
2021-09-03 00:00:00-04:00,22.600000381469727,23.040000915527344,22.540000915527344,22.8799991607666,28096100,0.0,0.0,0.0,0.03342365815349346,0.03287723011914585,0.2800192244774361,0.2582157623082524
2021-09-07 00:00:00-04:00,22.670000076293945,22.75,22.3799991607666,22.510000228881836,22419700,0.0,0.0,0.0,-0.016171282581129653,-0.016303464745167345,0.3167649443355652,0.23234375060300014
2021-09-08 00:00:00-04:00,22.469999313354492,22.489999771118164,22.139999389648438,22.170000076293945,23791200,0.0,0.0,0.0,-0.015104404670402749,-0.01521963801711299,0.33856009495613915,0.2385812824240299
2021-09-09 00:00:00-04:00,22.440000534057617,22.450000762939453,22.170000076293945,22.270000457763672,18791200,0.0,0.0,0.0,0.004510617100838665,0.004500474754912914,0.33015807202830944,0.23664556538699347
2021-09-10 00:00:00-04:00,22.309999465942383,22.3799991607666,21.989999771118164,21.989999771118164,17930300,0.0,0.0,0.0,-0.012572998692862436,-0.01265270766622886,0.3347060325105818,0.23407609925456918
2021-09-13 00:00:00-04:00,21.799999237060547,22.100000381469727,21.770000457763672,21.989999771118164,18019700,0.0,0.0,0.0,0.0,0.0,0.15030205268698407,0.22101959496487958
2021-09-14 00:00:00-04:00,22.040000915527344,22.190000534057617,21.8700008392334,22.100000381469727,19070100,0.0,0.0,0.0,0.005002301568735712,0.0049898316265617445,0.15176609098015423,0.22072589829671838
2021-09-15 00:00:00-04:00,22.059999465942383,22.149999618530273,21.950000762939453,22.06999969482422,13448200,0.0,0.0,0.0,-0.001357497109849004,-0.00135841934376503,0.11263877409675421,0.21817495235456336
2021-09-16 00:00:00-04:00,21.34000015258789,21.350000381469727,20.93000030517578,21.25,52910400,0.0,0.0,0.0,-0.03715449506854873,-0.03786231107058967,0.26807242570757994,0.2552020588121076
2021-09-17 00:00:00-04:00,20.989999771118164,21.010000228881836,20.68000030517578,20.739999771118164,44713900,0.0,0.0,0.0,-0.024000010770909963,-0.024292703604813032,0.2885767323359198,0.2656324309456322
2021-09-20 00:00:00-04:00,20.639999389648438,20.850000381469727,20.520000457763672,20.59000015258789,24491900,0.0,0.0,0.0,-0.00723238284405181,-0.00725866331513817,0.27464764807686576,0.26557428136053185
2021-09-21 00:00:00-04:00,20.8700008392334,21.049999237060547,20.719999313354492,20.84000015258789,23205400,0.0,0.0,0.0,0.012141816325755395,0.012068695756567108,0.30683617779935596,0.252270807522392
2021-09-22 00:00:00-04:00,21.09000015258789,21.440000534057617,20.920000076293945,20.989999771118164,46929100,0.0,0.0,0.0,0.007197678379654349,0.007171898721172171,0.32983710101103325,0.25119279648529097
2021-09-23 00:00:00-04:00,20.940000534057617,21.049999237060547,20.8799991607666,20.90999984741211,22303100,0.0,0.0,0.0,-0.0038113351395140382,-0.0038186167850362274,0.223478432571252,0.2510044118766765
2021-09-24 00:00:00-04:00,20.510000228881836,20.829999923706055,20.479999542236328,20.709999084472656,23093600,0.0,0.0,0.0,-0.009564838086988603,-0.009610874942703969,0.15001786616265989,0.2504801641329143
2021-09-27 00:00:00-04:00,20.969999313354492,21.15999984741211,20.8799991607666,20.940000534057617,17405500,0.0,0.0,0.0,0.011105816501817412,0.011044599746100855,0.1527402273442703,0.23908251670034716
2021-09-28 00:00:00-04:00,20.829999923706055,20.8799991607666,20.59000015258789,20.780000686645508,29154800,0.0,0.0,0.0,-0.007640871219266709,-0.007670212231918003,0.1459393982077847,0.23962556459514756
2021-09-29 00:00:00-04:00,20.149999618530273,20.229999542236328,19.829999923706055,19.950000762939453,56579700,0.0,0.0,0.0,-0.039942247174200696,-0.0407618371362059,0.2955008607967882,0.27268133646494264
2021-09-30 00:00:00-04:00,20.190000534057617,20.59000015258789,20.139999389648438,20.520000457763672,61442900,0.0,0.0,0.0,0.02857141218175241,0.028170861032288816,0.4065758394300144,0.2932044011136316
2021-10-01 00:00:00-04:00,20.809999465942383,20.920000076293945,20.68000030517578,20.829999923706055,29866000,0.0,0.0,0.0,0.015107186112420123,0.01499420899944549,0.4208456073582945,0.29992861267065724
2021-10-04 00:00:00-04:00,20.760000228881836,21.030000686645508,20.700000762939453,20.979999542236328,25183900,0.0,0.0,0.0,0.007201133897247969,0.007175329538915473,0.41608183520439007,0.27087377829681686
2021-10-05 00:00:00-04:00,20.84000015258789,20.979999542236328,20.709999084472656,20.920000076293945,21548900,0.0,0.0,0.0,-0.0028598411464020312,-0.002863938305440504,0.41143168474170005,0.26715746305509974
2021-10-06 00:00:00-04:00,20.75,21.010000228881836,20.649999618530273,20.959999084472656,22553300,0.0,0.0,0.0,0.0019119984719329075,0.0019101729294404908,0.19597218309470316,0.2641829101501977
2021-10-07 00:00:00-04:00,20.790000915527344,21.100000381469727,20.780000686645508,20.899999618530273,19484300,0.0,0.0,0.0,-0.0028625700650355412,-0.0028666750544756965,0.12081262477332304,0.26281802890930045
2021-10-08 00:00:00-04:00,21.389999389648438,21.440000534057617,20.940000534057617,20.950000762939453,33300400,0.0,0.0,0.0,0.002392399297694192,0.0023895420666786636,0.06684268015090954,0.2609790658217183
2021-10-11 00:00:00-04:00,20.969999313354492,21.1299991607666,20.8799991607666,20.8799991607666,15152000,0.0,0.0,0.0,-0.0033413651371643205,-0.003346959964037014,0.04517036429429665,0.2608597347892517
2021-10-12 00:00:00-04:00,20.850000381469727,21.09000015258789,20.799999237060547,20.93000030517578,23052100,0.0,0.0,0.0,0.002394690920444642,0.0023918282174241793,0.046569330655696094,0.26003370799532083
2021-10-13 00:00:00-04:00,21.09000015258789,21.530000686645508,21.079999923706055,21.329999923706055,37984700,0.0,0.0,0.0,0.01911130495451352,0.01893097786773079,0.14493702607295628,0.27122728128904605
2021-10-14 00:00:00-04:00,21.6200008392334,21.84000015258789,21.489999771118164,21.799999237060547,28993800,0.0,0.0,0.0,0.02203466080804506,0.02179540589139836,0.17935044492857705,0.24864938876409223
2021-10-15 00:00:00-04:00,21.59000015258789,21.700000762939453,21.469999313354492,21.579999923706055,23904000,0.0,0.0,0.0,-0.010091711974947626,-0.010142978503232154,0.22283999807053484,0.23429569030839914
2021-10-18 00:00:00-04:00,21.56999969482422,21.579999923706055,21.299999237060547,21.489999771118164,16090900,0.0,0.0,0.0,-0.004170535352459592,-0.004179256290789545,0.2251011041641263,0.23292776056058334
2021-10-19 00:00:00-04:00,22.229999542236328,22.309999465942383,21.850000381469727,21.889999389648438,39515000,0.0,0.0,0.0,0.018613290962797402,0.018442183648306475,0.23844325893628096,0.23765961139738936
2021-10-20 00:00:00-04:00,22.200000762939453,22.610000610351562,22.1200008392334,22.530000686645508,31563900,0.0,0.0,0.0,0.02923715462960308,0.02881790126898971,0.27348967011519065,0.25555652293029346
2021-10-21 00:00:00-04:00,22.3700008392334,22.440000534057617,22.219999313354492,22.350000381469727,15172900,0.0,0.0,0.0,-0.007989360838434156,-0.008021446793520353,0.28099130225036917,0.25760084574685227
2021-10-22 00:00:00-04:00,22.59000015258789,22.979999542236328,22.389999389648438,22.540000915527344,39030000,0.0,0.0,0.0,0.008501142318330546,0.00846521110194954,0.24646130264466654,0.2534331100588637
2021-10-25 00:00:00-04:00,22.649999618530273,22.790000915527344,22.549999237060547,22.739999771118164,14958300,0.0,0.0,0.0,0.008873063330403275,0.008833929027701717,0.21894748848429835,0.252768411593291
2021-10-26 00:00:00-04:00,22.3799991607666,22.399999618530273,22.100000381469727,22.3700008392334,21431500,0.0,0.0,0.0,-0.01627084149555258,-0.016404665239166717,0.2788753013580042,0.2599094636171591
2021-10-27 00:00:00-04:00,22.350000381469727,22.459999084472656,22.170000076293945,22.290000915527344,19097700,0.0,0.0,0.0,-0.003576214604594341,-0.003582624546825828,0.17216132145711488,0.20493832941945767
2021-10-28 00:00:00-04:00,22.3700008392334,22.450000762939453,22.170000076293945,22.270000457763672,12812500,0.0,0.0,0.0,-0.000897283846665986,-0.0008976866467854491,0.16402750061254656,0.18712485111403782
2021-10-29 00:00:00-04:00,22.06999969482422,22.149999618530273,21.889999389648438,22.09000015258789,19160400,0.0,0.0,0.0,-0.00808263589922964,-0.008115477484866844,0.14694925763825784,0.18724626925232454
2021-11-01 00:00:00-04:00,22.239999771118164,22.309999465942383,22.139999389648438,22.229999542236328,17311100,0.0,0.0,0.0,0.0063376816967579686,0.006317683044366185,0.13344888167139446,0.18701465925371039
2021-11-02 00:00:00-04:00,21.93000030517578,21.950000762939453,21.639999389648438,21.799999237060547,24915000,0.0,0.0,0.0,-0.019343243995970094,-0.019532772586126904,0.15113554099627138,0.2023463543339981
2021-11-03 00:00:00-04:00,21.40999984741211,21.84000015258789,21.309999465942383,21.809999465942383,37161000,0.0,0.0,0.0,0.0004587261115511776,0.0004586209288939264,0.15634407912399717,0.20243372335166654
2021-11-04 00:00:00-04:00,22.100000381469727,22.260000228881836,21.979999542236328,22.0,27818200,0.0,0.0,0.0,0.008711624883545488,0.008673897631601823,0.18227227898759676,0.20286456546124318
2021-11-05 00:00:00-04:00,22.25,22.360000610351562,22.030000686645508,22.350000381469727,22311000,0.0,0.0,0.0,0.015909108248624015,0.015783884769258634,0.2121451530821711,0.208243738357874
2021-11-08 00:00:00-05:00,22.540000915527344,22.690000534057617,22.459999084472656,22.649999618530273,16458800,0.0,0.0,0.0,0.013422784426852852,0.013333496959537956,0.2259151264979802,0.20962785840096348
2021-11-09 00:00:00-05:00,22.520000457763672,22.6299991607666,22.229999542236328,22.530000686645508,18973700,0.0,0.0,0.0,-0.0052979661768556285,-0.005312050166017576,0.14130482129986865,0.21224873319779178
2021-11-10 00:00:00-05:00,23.149999618530273,23.260000228881836,22.690000534057617,22.8700008392334,46183400,0.0,0.0,0.0,0.015090996104115684,0.014978259809414094,0.1391404981764438,0.20884827772553596
2021-11-11 00:00:00-05:00,23.219999313354492,23.3799991607666,23.170000076293945,23.350000381469727,23239900,0.0,0.0,0.0,0.020988173354715922,0.020770955721430607,0.1601013249470983,0.20765098275447375
2021-11-12 00:00:00-05:00,23.18000030517578,23.5,23.1299991607666,23.420000076293945,24315800,0.0,0.0,0.0,0.0029978455537744697,0.0029933609752726452,0.16646782007942665,0.2013731042016206
2021-11-15 00:00:00-05:00,23.190000534057617,23.309999465942383,23.049999237060547,23.239999771118164,20072200,0.0,0.0,0.0,-0.007685751690410081,-0.00771543929211752,0.19893802779792472,0.20367884202165168
2021-11-16 00:00:00-05:00,23.149999618530273,23.290000915527344,22.90999984741211,22.959999084472656,21687300,0.0,0.0,0.0,-0.012048222435590672,-0.012121390558613868,0.22542757797315527,0.20358066980723366
2021-11-17 00:00:00-05:00,23.219999313354492,23.329999923706055,23.09000015258789,23.170000076293945,15596200,0.0,0.0,0.0,0.009146385025917025,0.009104810160594322,0.21022094123556476,0.17962217781977927
2021-11-18 00:00:00-05:00,23.020000457763672,23.110000610351562,22.920000076293945,22.959999084472656,12880600,0.0,0.0,0.0,-0.009063486885187766,-0.00910481016059434,0.14277234827889634,0.18041054970084525
2021-11-19 00:00:00-05:00,23.0,23.1200008392334,22.719999313354492,22.75,23754300,0.0,0.0,0.0,-0.009146301953238067,-0.009188386179521153,0.1346600548099739,0.18207646127759425
2021-11-22 00:00:00-05:00,22.670000076293945,22.770000457763672,22.299999237060547,22.34000015258789,26721800,0.0,0.0,0.0,-0.018021971314817975,-0.018186344925650046,0.16132776934484755,0.19055472441007626
2021-11-23 00:00:00-05:00,21.709999084472656,21.93000030517578,21.530000686645508,21.920000076293945,32566000,0.0,0.0,0.0,-0.018800361388775166,-0.018979334910931348,0.17865044276847433,0.193464611688674
2021-11-24 00:00:00-05:00,21.729999542236328,21.829999923706055,21.670000076293945,21.790000915527344,20225400,0.0,0.0,0.0,-0.005930618627469464,-0.005948274587909813,0.09253890872336308,0.1940688773669067
2021-11-26 00:00:00-05:00,21.790000915527344,21.790000915527344,21.200000762939453,21.3700008392334,23137100,0.0,0.0,0.0,-0.0192748994330999,-0.019463082369845064,0.09895876514218437,0.20454232039551568
2021-11-29 00:00:00-05:00,21.309999465942383,21.3700008392334,21.049999237060547,21.15999984741211,22115700,0.0,0.0,0.0,-0.00982690611016479,-0.009875508823672384,0.09684942488517216,0.20532458440914123
2021-11-30 00:00:00-05:00,21.200000762939453,21.56999969482422,20.989999771118164,21.059999465942383,29616200,0.0,0.0,0.0,-0.004725915982554119,-0.004737118431982799,0.1103322933222068,0.20305997773754433
2021-12-01 00:00:00-05:00,20.979999542236328,21.079999923706055,20.520000457763672,20.56999969482422,41829500,0.0,0.0,0.0,-0.023266846322127277,-0.023541792518066297,0.13102664902132813,0.20776826701826595
2021-12-02 00:00:00-05:00,20.739999771118164,20.760000228881836,20.549999237060547,20.690000534057617,25783200,0.0,0.0,0.0,0.005833779339510237,0.0058168287409043,0.18449114164845976,0.20975915796031372
2021-12-03 00:00:00-05:00,20.709999084472656,20.8700008392334,20.3799991607666,20.850000381469727,22835100,0.0,0.0,0.0,0.007733196872022008,0.0077034489709144165,0.20023997546594408,0.20909016290597937
2021-12-06 00:00:00-05:00,20.540000915527344,20.760000228881836,20.469999313354492,20.709999084472656,18193200,0.0,0.0,0.0,-0.006714690380605237,-0.006737335340246666,0.19655225188176462,0.19763862575197613
2021-12-07 00:00:00-05:00,20.68000030517578,20.90999984741211,20.670000076293945,20.809999465942383,18763300,0.0,0.0,0.0,0.0048286038575782175,0.004816983541560178,0.20648107561196252,0.18995108073285807
2021-12-08 00:00:00-05:00,20.700000762939453,20.799999237060547,20.6299991607666,20.760000228881836,14075400,0.0,0.0,0.0,-0.0024026544134407857,-0.002405545419209538,0.09746786744741508,0.189998897222032
2021-12-09 00:00:00-05:00,20.459999084472656,20.489999771118164,20.270000457763672,20.299999237060547,23767500,0.0,0.0,0.0,-0.022158043677731998,-0.02240722085830783,0.1869752866231487,0.1862907134823597
2021-12-10 00:00:00-05:00,20.520000457763672,20.540000915527344,20.399999618530273,20.5,17760800,0.0,0.0,0.0,0.009852254702272356,0.009804037679845936,0.19557647657616495,0.16831792445590552
2021-12-13 00:00:00-05:00,20.649999618530273,20.739999771118164,20.59000015258789,20.610000610351562,16422300,0.0,0.0,0.0,0.005365883431783569,0.005351538372345495,0.20108865319542626,0.17027632528965242
2021-12-14 00:00:00-05:00,20.1299991607666,20.350000381469727,20.09000015258789,20.309999465942383,19912400,0.0,0.0,0.0,-0.014556095852733764,-0.014663075219718592,0.2130176267008579,0.17273829964810447
2021-12-15 00:00:00-05:00,20.170000076293945,20.469999313354492,19.799999237060547,20.40999984741211,44633700,0.0,0.0,0.0,0.004923701826650362,0.00491162004863038,0.22422328930375426,0.17618623912155362
2021-12-16 00:00:00-05:00,20.610000610351562,20.84000015258789,20.600000381469727,20.790000915527344,26368200,0.0,0.0,0.0,0.01861837682293843,0.018447176561210255,0.19303337195775122,0.18955211775300487
2021-12-17 00:00:00-05:00,20.850000381469727,20.90999984741211,20.68000030517578,20.68000030517578,19873600,0.0,0.0,0.0,-0.005291034415944029,-0.005305081509552227,0.19813502579320616,0.18904068107820762
2021-12-20 00:00:00-05:00,20.600000381469727,20.65999984741211,20.520000457763672,20.56999969482422,12493200,0.0,0.0,0.0,-0.005319178371773647,-0.0053333755683760975,0.20056732398497265,0.18845430988119174
2021-12-21 00:00:00-05:00,20.8799991607666,20.93000030517578,20.739999771118164,20.770000457763672,11231500,0.0,0.0,0.0,0.009722934657591553,0.009675971098775943,0.16248374219834621,0.18867586384611285
2021-12-22 00:00:00-05:00,20.979999542236328,21.1200008392334,20.860000610351562,21.100000381469727,16909900,0.0,0.0,0.0,0.015888296409868552,0.01576339863347711,0.18166661802806677,0.19169054864864626
2021-12-23 00:00:00-05:00,21.100000381469727,21.209999084472656,20.950000762939453,21.15999984741211,12824500,0.0,0.0,0.0,0.0028435765335377283,0.002839541217796124,0.1479956580262424,0.19173432511835264
2021-12-27 00:00:00-05:00,21.190000534057617,21.3799991607666,21.15999984741211,21.329999923706055,15165500,0.0,0.0,0.0,0.008034030128536873,0.008001929127470933,0.12639665426306718,0.18222921094356637
2021-12-28 00:00:00-05:00,21.40999984741211,21.510000228881836,21.25,21.270000457763672,14845500,0.0,0.0,0.0,-0.002812914493998675,-0.0028168781727118,0.11244708391448212,0.17889869952987497
2021-12-29 00:00:00-05:00,20.899999618530273,21.149999618530273,20.889999389648438,21.110000610351562,11755700,0.0,0.0,0.0,-0.007522324587149187,-0.007550759960569532,0.14540001591713964,0.1802153249608017
2021-12-30 00:00:00-05:00,21.209999084472656,21.3700008392334,21.200000762939453,21.34000015258789,11646600,0.0,0.0,0.0,0.010895288279790138,0.010836362250789723,0.12028874558133187,0.1610433004371152
2021-12-31 00:00:00-05:00,21.5,21.59000015258789,21.3700008392334,21.510000228881836,15618500,0.0,0.0,0.0,0.007966264061780137,0.007934700896425981,0.12708611150128743,0.16191181337572402
2022-01-03 00:00:00-05:00,21.040000915527344,21.25,20.969999313354492,21.18000030517578,18043600,0.0,0.0,0.0,-0.01534169782401762,-0.015460599338418845,0.1725772070534693,0.17149889877380167
2022-01-04 00:00:00-05:00,21.229999542236328,21.3700008392334,21.190000534057617,21.31999969482422,12946900,0.0,0.0,0.0,0.006609980530275283,0.006588230401645197,0.18037900715685978,0.17023031526713447
2022-01-05 00:00:00-05:00,21.389999389648438,21.510000228881836,21.0,21.0,22571400,0.0,0.0,0.0,-0.015009366763823362,-0.015123147260159663,0.20724401497196257,0.1794136127298114
2022-01-06 00:00:00-05:00,20.3799991607666,20.6299991607666,20.350000381469727,20.510000228881836,27161100,0.0,0.0,0.0,-0.023333322434198278,-0.02360985447960987,0.22538958160650277,0.19831625671457292
2022-01-07 00:00:00-05:00,20.520000457763672,20.75,20.3700008392334,20.6200008392334,23522200,0.0,0.0,0.0,0.005363267144027795,0.005348936044970844,0.21439187972269166,0.18189117799580654
2022-01-10 00:00:00-05:00,20.600000381469727,20.829999923706055,20.56999969482422,20.760000228881836,17015100,0.0,0.0,0.0,0.0067894948569575675,0.006766550034040491,0.22612174717247444,0.18019656889891086
2022-01-11 00:00:00-05:00,20.84000015258789,21.09000015258789,20.770000457763672,21.049999237060547,23681500,0.0,0.0,0.0,0.013969123554018914,0.013872454561410808,0.2522316068019471,0.1856612359206428
2022-01-12 00:00:00-05:00,21.18000030517578,21.479999542236328,21.170000076293945,21.450000762939453,23394800,0.0,0.0,0.0,0.01900244847394883,0.018824157058062944,0.2609130793209068,0.18628897828531552
2022-01-13 00:00:00-05:00,21.450000762939453,21.479999542236328,21.260000228881836,21.329999923706055,25395100,0.0,0.0,0.0,-0.005594444520521047,-0.0056101520358766135,0.14846414677149944,0.1884276183962663
2022-01-14 00:00:00-05:00,21.239999771118164,21.329999923706055,21.100000381469727,21.200000762939453,22448800,0.0,0.0,0.0,-0.006094662973820331,-0.0061133112407454615,0.1798033207270192,0.18023787458043977
2022-01-18 00:00:00-05:00,21.6299991607666,21.850000381469727,21.530000686645508,21.690000534057617,33206300,0.0,0.0,0.0,0.0231131959190658,0.022850131795403312,0.21949012733373818,0.19463423814657493
2022-01-19 00:00:00-05:00,22.010000228881836,22.389999389648438,21.950000762939453,22.3700008392334,43721600,0.0,0.0,0.0,0.03135086622556993,0.03086946355697941,0.27303956316337435,0.21739387309494995
2022-01-20 00:00:00-05:00,22.65999984741211,22.84000015258789,22.559999465942383,22.6200008392334,44986900,0.0,0.0,0.0,0.011175681297317608,0.011113694771302862,0.2666138829751983,0.21793571193845085
2022-01-21 00:00:00-05:00,22.690000534057617,22.709999084472656,22.34000015258789,22.3799991607666,40713800,0.0,0.0,0.0,-0.010610153384721599,-0.01066684240484155,0.2875858180380847,0.2196434350282508
2022-01-24 00:00:00-05:00,22.020000457763672,22.149999618530273,21.780000686645508,22.110000610351562,37822400,0.0,0.0,0.0,-0.012064278844494458,-0.012137642909939074,0.3105598135948978,0.22609970922160427
2022-01-25 00:00:00-05:00,21.829999923706055,22.170000076293945,21.809999465942383,22.020000457763672,30586800,0.0,0.0,0.0,-0.004070563098300117,-0.004078870391506586,0.28975356697971866,0.22610679226759928
2022-01-26 00:00:00-05:00,21.8799991607666,22.1200008392334,21.65999984741211,21.719999313354492,42075700,0.0,0.0,0.0,-0.013624029889763523,-0.013717688630853663,0.16164572593170656,0.23213800641293497
2022-01-27 00:00:00-05:00,21.06999969482422,21.299999237060547,20.8700008392334,21.020000457763672,45559800,0.0,0.0,0.0,-0.032228309287304024,-0.03275907622588649,0.16741683359997045,0.25934810481480436
2022-01-28 00:00:00-05:00,20.780000686645508,20.899999618530273,20.479999542236328,20.709999084472656,29449400,0.0,0.0,0.0,-0.014747924193147077,-0.01485775602586064,0.16386929466136443,0.26091505752202016
2022-01-31 00:00:00-05:00,20.75,20.850000381469727,20.65999984741211,20.799999237060547,19718300,0.0,0.0,0.0,0.004345734262024559,0.004336318827016421,0.21728526836526335,0.2595097034152804
2022-02-01 00:00:00-05:00,21.170000076293945,21.25,20.81999969482422,20.940000534057617,34540500,0.0,0.0,0.0,0.006730831833283046,0.0067082809190844505,0.25292948122392556,0.2557515464514288
2022-02-02 00:00:00-05:00,20.959999084472656,21.100000381469727,20.770000457763672,20.93000030517578,19816500,0.0,0.0,0.0,-0.00047756583700042654,-0.00047767990788377847,0.2579207143004149,0.2543917503601445
2022-02-03 00:00:00-05:00,20.700000762939453,20.81999969482422,20.34000015258789,20.709999084472656,28800600,0.0,0.0,0.0,-0.01051128607240015,-0.010566919838217162,0.1483696812391244,0.2515447319906825
2022-02-04 00:00:00-05:00,20.65999984741211,20.959999084472656,20.65999984741211,20.790000915527344,24572200,0.0,0.0,0.0,0.0038629567644292706,0.0038555147063560956,0.10845483705752587,0.23701585737415432
2022-02-07 00:00:00-05:00,21.139999389648438,21.360000610351562,21.09000015258789,21.270000457763672,22888000,0.0,0.0,0.0,0.023088000052844393,0.0228255048268801,0.19458475593312932,0.24957572757994106
2022-02-08 00:00:00-05:00,21.270000457763672,21.5,21.229999542236328,21.450000762939453,16005800,0.0,0.0,0.0,0.008462637578838361,0.008427030208588307,0.19619568980990074,0.2501010195656623
2022-02-09 00:00:00-05:00,21.440000534057617,21.59000015258789,21.360000610351562,21.530000686645508,17908300,0.0,0.0,0.0,0.003729600040121017,0.003722662326472144,0.19116002885292183,0.24607670744048601
2022-02-10 00:00:00-05:00,21.530000686645508,21.920000076293945,21.40999984741211,21.420000076293945,36468000,0.0,0.0,0.0,-0.00510917820916712,-0.0051222746873588075,0.1641966701813666,0.2377383487247972
2022-02-11 00:00:00-05:00,21.299999237060547,21.899999618530273,21.280000686645508,21.829999923706055,47248800,0.0,0.0,0.0,0.019140982537430906,0.01896009848552831,0.18181809821864423,0.2460368505915508
2022-02-14 00:00:00-05:00,22.049999237060547,22.1299991607666,21.920000076293945,22.049999237060547,27999300,0.0,0.0,0.0,0.010077843065660508,0.010027400225485839,0.14109674261023508,0.2463105794316353
2022-02-15 00:00:00-05:00,21.40999984741211,21.649999618530273,21.31999969482422,21.610000610351562,26993200,0.0,0.0,0.0,-0.019954586935742702,-0.020156368529690622,0.23728350172666104,0.24497523290336087
2022-02-16 00:00:00-05:00,21.610000610351562,21.8799991607666,21.610000610351562,21.8700008392334,24804900,0.0,0.0,0.0,0.012031477165127535,0.011959674299667183,0.2490559297094416,0.22048245656138019
2022-02-17 00:00:00-05:00,21.889999389648438,22.110000610351562,21.84000015258789,22.040000915527344,33941000,0.0,0.0,0.0,0.007773208494303185,0.007743152761663879,0.23842226841379954,0.21830270376663732
2022-02-18 00:00:00-05:00,22.149999618530273,22.239999771118164,22.059999465942383,22.1200008392334,23016900,0.0,0.0,0.0,0.0036297604529451633,0.0036231887700944195,0.20718218149188267,0.21600795576661896
2022-02-22 00:00:00-05:00,22.389999389648438,22.520000457763672,22.290000915527344,22.309999465942383,38336300,0.0,0.0,0.0,0.00858944934450423,0.008552769912243036,0.20409470710562497,0.21376686685701693
2022-02-23 00:00:00-05:00,22.399999618530273,22.729999542236328,22.389999389648438,22.729999542236328,35427200,0.0,0.0,0.0,0.01882564259739672,0.018650633218863337,0.090290486427936,0.22249329553646344
2022-02-24 00:00:00-05:00,23.389999389648438,23.399999618530273,22.030000686645508,22.309999465942383,85973300,0.0,0.0,0.0,-0.018477786394738405,-0.01865063321886341,0.2188818665762248,0.22753189875342295
2022-02-25 00:00:00-05:00,22.18000030517578,22.420000076293945,22.059999465942383,22.399999618530273,37032300,0.0,0.0,0.0,0.004034072377513187,0.00402595732469225,0.21649089504978694,0.189616349474103
2022-02-28 00:00:00-05:00,22.709999084472656,22.719999313354492,22.360000610351562,22.6200008392334,42783700,0.0,0.0,0.0,0.009821483234362605,0.009773565958266223,0.22145428048876928,0.17840712059692349
2022-03-01 00:00:00-05:00,22.84000015258789,23.610000610351562,22.84000015258789,23.540000915527344,60537600,0.0,0.0,0.0,0.04067197357032115,0.03986663293517854,0.34236317196235755,0.21983172594041125
2022-03-02 00:00:00-05:00,23.209999084472656,23.459999084472656,23.040000915527344,23.3700008392334,56523200,0.0,0.0,0.0,-0.007221753172567236,-0.0072479562630599565,0.3544600603570786,0.22498514015610183
2022-03-03 00:00:00-05:00,23.299999237060547,23.34000015258789,23.06999969482422,23.290000915527344,44272400,0.0,0.0,0.0,-0.00342318873911851,-0.0034290612553413355,0.3017910904835748,0.22627962445603658
2022-03-04 00:00:00-05:00,23.389999389648438,23.790000915527344,23.350000381469727,23.639999389648438,61566100,0.0,0.0,0.0,0.015027842866581986,0.01491604351316408,0.3009984227957838,0.2204682877135355
2022-03-07 00:00:00-05:00,23.540000915527344,23.770000457763672,23.43000030517578,23.700000762939453,51534300,0.0,0.0,0.0,0.002538129223357277,0.002534913613319958,0.30713590843692323,0.22074669315271725
2022-03-08 00:00:00-05:00,24.270000457763672,24.899999618530273,24.0,24.450000762939453,114432100,0.0,0.0,0.0,0.03164556860153356,0.031155166792324992,0.2510125158573612,0.23104190724685944
2022-03-09 00:00:00-05:00,23.950000762939453,24.170000076293945,23.479999542236328,23.799999237060547,58012900,0.0,0.0,0.0,-0.02658492865424189,-0.026944698503799158,0.34400854576727813,0.2599650742371662
2022-03-10 00:00:00-05:00,24.0,24.09000015258789,23.719999313354492,24.010000228881836,37767600,0.0,0.0,0.0,0.008823571367778893,0.008784871144783941,0.3386623778704102,0.26017574763593526
2022-03-11 00:00:00-05:00,23.75,24.030000686645508,23.68000030517578,23.8700008392334,32083100,0.0,0.0,0.0,-0.00583087831377993,-0.005847944256694762,0.33712884898280576,0.26058178171475455
2022-03-14 00:00:00-04:00,23.3700008392334,23.3700008392334,23.030000686645508,23.15999984741211,31301100,0.0,0.0,0.0,-0.029744489604470847,-0.030195829392867347,0.40555316477657183,0.2835472175946962
2022-03-15 00:00:00-04:00,22.8700008392334,23.149999618530273,22.75,23.0,25150000,0.0,0.0,0.0,-0.006908456324104306,-0.006932430187221161,0.2541381834453158,0.28442246782416164
2022-03-16 00:00:00-04:00,22.969999313354492,23.149999618530273,22.600000381469727,23.110000610351562,32895300,0.0,0.0,0.0,0.004782635232676524,0.004771234767851567,0.2381713502961336,0.2720796939342349
2022-03-17 00:00:00-04:00,23.34000015258789,23.600000381469727,23.329999923706055,23.329999923706055,24339600,0.0,0.0,0.0,0.009519658483087667,0.009474632066129642,0.24089511255689278,0.27117968393577724
2022-03-18 00:00:00-04:00,23.1299991607666,23.260000228881836,22.940000534057617,23.020000457763672,23821900,0.0,0.0,0.0,-0.013287589668073085,-0.013376659583917882,0.2470134266610889,0.2768932611781715
2022-03-21 00:00:00-04:00,23.059999465942383,23.3799991607666,23.049999237060547,23.280000686645508,26595700,0.0,0.0,0.0,0.011294536216837958,0.011231229179105674,0.1701457642681302,0.27870432139967555
2022-03-22 00:00:00-04:00,22.950000762939453,22.979999542236328,22.700000762939453,22.8799991607666,18807000,0.0,0.0,0.0,-0.017182195622028718,-0.017331522526503503,0.21121192184848336,0.28639451160056895
2022-03-23 00:00:00-04:00,23.1200008392334,23.290000915527344,22.959999084472656,23.239999771118164,20826700,0.0,0.0,0.0,0.015734292987600762,0.015611792303279297,0.24207403726491686,0.2841031778990856
2022-03-24 00:00:00-04:00,23.579999923706055,23.889999389648438,23.549999237060547,23.610000610351562,32930600,0.0,0.0,0.0,0.015920862430180538,0.015795454813727194,0.25954294334746386,0.2785896107534176
2022-03-25 00:00:00-04:00,23.479999542236328,23.56999969482422,23.31999969482422,23.479999542236328,17899400,0.0,0.0,0.0,-0.005506186563088766,-0.005521401484823548,0.23439104491064244,0.2801653473135871
2022-03-28 00:00:00-04:00,23.1299991607666,23.229999542236328,22.899999618530273,22.93000030517578,21405200,0.0,0.0,0.0,-0.023424158764194014,-0.023702865285167136,0.2898430172127832,0.29320021109191385
2022-03-29 00:00:00-04:00,22.350000381469727,22.940000534057617,22.209999084472656,22.90999984741211,30815100,0.0,0.0,0.0,-0.0008722397513076796,-0.0008726203737450021,0.2608599413172923,0.2526262863036541
2022-03-30 00:00:00-04:00,22.979999542236328,23.15999984741211,22.90999984741211,22.940000534057617,25616600,0.0,0.0,0.0,0.0013095018265090186,0.0013086451767669184,0.224968523861507,0.25175835078442965
2022-03-31 00:00:00-04:00,23.110000610351562,23.190000534057617,22.860000610351562,22.8799991607666,27145300,0.0,0.0,0.0,-0.0026155785481318805,-0.00261900515003773,0.15770514336793884,0.2516634034091786
2022-04-01 00:00:00-04:00,22.59000015258789,22.920000076293945,22.56999969482422,22.739999771118164,47311800,0.0,0.0,0.0,-0.006118854667114704,-0.006137651574589424,0.15758995239842152,0.24517011709172287
2022-04-04 00:00:00-04:00,22.670000076293945,22.81999969482422,22.43000030517578,22.6299991607666,34757100,0.0,0.0,0.0,-0.004837318006100988,-0.0048490556967736125,0.047394057238433054,0.24482668802559696
2022-04-05 00:00:00-04:00,22.899999618530273,23.040000915527344,22.360000610351562,22.360000610351562,42303300,0.0,0.0,0.0,-0.011931001344583914,-0.012002746976972477,0.07723327021442163,0.2115426785480825
2022-04-06 00:00:00-04:00,22.530000686645508,22.700000762939453,22.3799991607666,22.56999969482422,32631200,0.0,0.0,0.0,0.009391729818443606,0.009347901724662894,0.12457232426052703,0.19965272317316118
2022-04-07 00:00:00-04:00,22.440000534057617,22.790000915527344,22.389999389648438,22.700000762939453,33647600,0.0,0.0,0.0,0.0057599056213122335,0.005743380788881472,0.140335096517949,0.19761885069116716
2022-04-08 00:00:00-04:00,22.56999969482422,22.920000076293945,22.559999465942383,22.81999969482422,30242700,0.0,0.0,0.0,0.0052862963811295405,0.005272372963733649,0.14028549209725152,0.19923660135349672
2022-04-11 00:00:00-04:00,23.399999618530273,23.40999984741211,22.90999984741211,23.149999618530273,40735800,0.0,0.0,0.0,0.014460995973672341,0.014357432993311457,0.15780771933923582,0.1788429252875219
2022-04-12 00:00:00-04:00,23.399999618530273,23.65999984741211,23.229999542236328,23.469999313354492,40646600,0.0,0.0,0.0,0.01382288121370312,0.013728216552556356,0.06862652117567256,0.18324744284303357
2022-04-13 00:00:00-04:00,23.670000076293945,23.860000610351562,23.59000015258789,23.75,32672500,0.0,0.0,0.0,0.011930153167332591,0.011859549874024839,0.07015390376947035,0.18688553149440915
2022-04-14 00:00:00-04:00,23.600000381469727,23.68000030517578,23.3700008392334,23.639999389648438,31607200,0.0,0.0,0.0,-0.004631604646381571,-0.004642363761347106,0.12745836178647274,0.1855095631025887
2022-04-18 00:00:00-04:00,24.040000915527344,24.15999984741211,23.81999969482422,23.8700008392334,45390300,0.0,0.0,0.0,0.00972933398998621,0.009682308789935106,0.12499640120585366,0.18037025839693618
2022-04-19 00:00:00-04:00,23.579999923706055,23.6299991607666,23.139999389648438,23.239999771118164,35867300,0.0,0.0,0.0,-0.026393005696076388,-0.026747553374143865,0.26824263262412673,0.2025193760728813
2022-04-20 00:00:00-04:00,23.100000381469727,23.299999237060547,23.079999923706055,23.280000686645508,23415500,0.0,0.0,0.0,0.0017212098072847404,0.0017197302232241608,0.24416671406364437,0.19210656361500728
2022-04-21 00:00:00-04:00,22.93000030517578,22.940000534057617,22.549999237060547,22.790000915527344,37513500,0.0,0.0,0.0,-0.02104809951312636,-0.021272768928399032,0.24187867256681156,0.19878168041227784
2022-04-22 00:00:00-04:00,22.360000610351562,22.530000686645508,22.270000457763672,22.309999465942383,32779500,0.0,0.0,0.0,-0.021061932000973504,-0.021286898923516245,0.2547157817010485,0.20060843693017558
2022-04-25 00:00:00-04:00,21.809999465942383,21.920000076293945,21.649999618530273,21.829999923706055,38780900,0.0,0.0,0.0,-0.021514995684741134,-0.021749817439463526,0.17566454389228472,0.2112882663984297
2022-04-26 00:00:00-04:00,21.84000015258789,21.940000534057617,21.600000381469727,21.649999618530273,30841200,0.0,0.0,0.0,-0.008245547677731002,-0.00827973023828993,0.16578935192864652,0.1988577484028827
2022-04-27 00:00:00-04:00,21.760000228881836,21.81999969482422,21.459999084472656,21.489999771118164,30704200,0.0,0.0,0.0,-0.007390293313223162,-0.007417736824851376,0.11656444736502936,0.19936808134010806
2022-04-28 00:00:00-04:00,21.229999542236328,21.450000762939453,21.190000534057617,21.420000076293945,28124600,0.0,0.0,0.0,-0.0032573148240929717,-0.0032626314223868818,0.13376130523573482,0.19868056182700783
2022-04-29 00:00:00-04:00,21.31999969482422,21.440000534057617,20.989999771118164,21.040000915527344,32119200,0.0,0.0,0.0,-0.01774039026205032,-0.017899637198246388,0.1215674061347639,0.2050922461804061
2022-05-02 00:00:00-04:00,20.6299991607666,21.020000457763672,20.420000076293945,20.8700008392334,38907800,0.0,0.0,0.0,-0.008079851183299458,-0.008112670081627363,0.08450974875029661,0.20546562527183548
2022-05-03 00:00:00-04:00,20.850000381469727,21.09000015258789,20.770000457763672,20.829999923706055,29437700,0.0,0.0,0.0,-0.0019166705279736185,-0.0019185096913525892,0.0985726814997567,0.2056072460314508
2022-05-04 00:00:00-04:00,20.709999084472656,21.299999237060547,20.510000228881836,21.280000686645508,53388000,0.0,0.0,0.0,0.02160349325912958,0.021373445130434033,0.23050350005427492,0.22234684511998626
2022-05-05 00:00:00-04:00,21.31999969482422,21.329999923706055,20.600000381469727,20.780000686645508,38950600,0.0,0.0,0.0,-0.023496239843346478,-0.023776678025962544,0.2780169713536864,0.22977824592454138
2022-05-06 00:00:00-04:00,20.709999084472656,20.850000381469727,20.559999465942383,20.65999984741211,36791400,0.0,0.0,0.0,-0.005774823641392812,-0.0057915624088318044,0.2582580927136752,0.2268945413588003
2022-05-09 00:00:00-04:00,20.3799991607666,20.399999618530273,20.010000228881836,20.030000686645508,40850900,0.0,0.0,0.0,-0.03049366725167313,-0.030968272347244596,0.32381879593312335,0.24130625296139704
2022-05-10 00:00:00-04:00,20.290000915527344,20.329999923706055,19.540000915527344,19.549999237060547,48854500,0.0,0.0,0.0,-0.02396412546830262,-0.02425593655224234,0.3352833329050893,0.23575569319961984
2022-05-11 00:00:00-04:00,20.079999923706055,20.280000686645508,19.850000381469727,19.8700008392334,35527500,0.0,0.0,0.0,0.016368369036364516,0.016235851393591804,0.3022417695802203,0.23907500763397693
2022-05-12 00:00:00-04:00,19.5,19.530000686645508,19.020000457763672,19.1200008392334,35998000,0.0,0.0,0.0,-0.03774534314659528,-0.03847614728371545,0.34580393929980163,0.24848805598774507
2022-05-13 00:00:00-04:00,19.059999465942383,19.469999313354492,19.010000228881836,19.420000076293945,32770800,0.0,0.0,0.0,0.015690335977651237,0.01556851527559181,0.4139179844478882,0.2649587261527807
2022-05-16 00:00:00-04:00,19.6299991607666,20.020000457763672,19.6200008392334,19.93000030517578,36114000,0.0,0.0,0.0,0.026261597676531245,0.025922682745279414,0.44903218196119316,0.2866107613867663
2022-05-17 00:00:00-04:00,20.010000228881836,20.100000381469727,19.860000610351562,19.920000076293945,23772600,0.0,0.0,0.0,-0.0005017676231163781,-0.0005018935506161721,0.4006668672179459,0.28022445566787724
2022-05-18 00:00:00-04:00,19.93000030517578,19.969999313354492,19.719999313354492,19.729999542236328,22132300,0.0,0.0,0.0,-0.009538179384031675,-0.009583959153348276,0.39247229590642263,0.2781370963202332
2022-05-19 00:00:00-04:00,20.110000610351562,20.299999237060547,20.100000381469727,20.270000457763672,24877300,0.0,0.0,0.0,0.027369535127020894,0.027001686214096134,0.26003665949124166,0.3004302027553209
2022-05-20 00:00:00-04:00,20.15999984741211,20.209999084472656,19.940000534057617,20.06999969482422,19639300,0.0,0.0,0.0,-0.009866835639998683,-0.009915835444540203,0.2969720869320494,0.2954099187462494
2022-05-23 00:00:00-04:00,20.209999084472656,20.25,20.0,20.100000381469727,17547600,0.0,0.0,0.0,0.0014948025461727354,0.0014936864409462317,0.24125353661413232,0.2896999494247364
2022-05-24 00:00:00-04:00,20.280000686645508,20.5,20.239999771118164,20.389999389648438,22182500,0.0,0.0,0.0,0.014427811078355113,0.014324720608872406,0.25519226812849266,0.2963556482214535
2022-05-25 00:00:00-04:00,20.209999084472656,20.360000610351562,20.1299991607666,20.34000015258789,18273500,0.0,0.0,0.0,-0.002452145098441272,-0.002455156530218931,0.23424820640228264,0.2958652360544163
2022-05-26 00:00:00-04:00,20.139999389648438,20.3799991607666,20.1299991607666,20.309999465942383,14581000,0.0,0.0,0.0,-0.001474960001005221,-0.0014760488252873805,0.14087963584536023,0.29587880870190686
2022-05-27 00:00:00-04:00,20.6200008392334,20.649999618530273,20.329999923706055,20.360000610351562,22191600,0.0,0.0,0.0,0.002461897869225682,0.00245887236330674,0.10732690990297324,0.29071455145746183
2022-05-31 00:00:00-04:00,20.15999984741211,20.280000686645508,19.84000015258789,19.84000015258789,29473000,0.0,0.0,0.0,-0.025540296766950465,-0.025872112112647498,0.23046459999289087,0.3023449228955582
2022-06-01 00:00:00-04:00,20.190000534057617,20.280000686645508,19.989999771118164,20.1299991607666,25934500,0.0,0.0,0.0,0.014616885380461353,0.014511088413370237,0.23134256235657719,0.30829973849989617
2022-06-02 00:00:00-04:00,20.350000381469727,20.600000381469727,20.350000381469727,20.59000015258789,21958300,0.0,0.0,0.0,0.02285151569791566,0.022594330489455826,0.2930372076738788,0.3095708670309684
2022-06-03 00:00:00-04:00,20.530000686645508,20.579999923706055,20.149999618530273,20.229999542236328,21579000,0.0,0.0,0.0,-0.017484245152194156,-0.017638899898782825,0.32706848888626744,0.3045917374187033
2022-06-06 00:00:00-04:00,20.610000610351562,20.639999389648438,20.31999969482422,20.3700008392334,18624300,0.0,0.0,0.0,0.006920479494068932,0.006896642886501344,0.331219566471956,0.3053757816679927
2022-06-07 00:00:00-04:00,20.270000457763672,20.56999969482422,20.229999542236328,20.520000457763672,17528900,0.0,0.0,0.0,0.007363751219949366,0.007336771172546582,0.23927856661418118,0.28499536033796896
2022-06-08 00:00:00-04:00,20.360000610351562,20.5,20.280000686645508,20.350000381469727,15871300,0.0,0.0,0.0,-0.008284603923077727,-0.008319111976694769,0.2475611379921904,0.27163577667975763
2022-06-09 00:00:00-04:00,20.280000686645508,20.299999237060547,19.8799991607666,19.969999313354492,22778300,0.0,0.0,0.0,-0.018673270810415032,-0.01884981759017279,0.20130646537538666,0.27575088730962793
2022-06-10 00:00:00-04:00,19.790000915527344,20.299999237060547,19.65999984741211,20.190000534057617,32953700,0.0,0.0,0.0,0.011016586292819985,0.010956345732464467,0.20083912335104823,0.238043142399628
2022-06-13 00:00:00-04:00,19.690000534057617,19.709999084472656,19.34000015258789,19.5,44676100,0.0,0.0,0.0,-0.03417535987152087,-0.03477299320663543,0.2964868633279669,0.26643645826123086
2022-06-14 00:00:00-04:00,19.559999465942383,19.59000015258789,19.280000686645508,19.3700008392334,23906600,0.0,0.0,0.0,-0.006666623629056456,-0.0066889448243443155,0.2639923948683045,0.24901459858535802
2022-06-15 00:00:00-04:00,19.899999618530273,20.15999984741211,19.670000076293945,19.959999084472656,42638700,0.0,0.0,0.0,0.03045938150112182,0.030004704269856804,0.400430021005578,0.2734001830702181
2022-06-16 00:00:00-04:00,19.93000030517578,20.270000457763672,19.81999969482422,20.239999771118164,27706400,0.0,0.0,0.0,0.01402809115674386,0.013930608095660088,0.39008435626505694,0.27501253938375336
2022-06-17 00:00:00-04:00,20.100000381469727,20.139999389648438,19.899999618530273,19.979999542236328,20090000,0.0,0.0,0.0,-0.012845861256028712,-0.012929082801561163,0.39567407002591354,0.26139454033733694
2022-06-21 00:00:00-04:00,20.09000015258789,20.25,19.959999084472656,19.979999542236328,19273900,0.0,0.0,0.0,0.0,0.0,0.27601465680740567,0.2590869335301881
2022-06-22 00:00:00-04:00,19.81999969482422,19.93000030517578,19.700000762939453,19.760000228881836,21420700,0.0,0.0,0.0,-0.011010976896642544,-0.011072046406501989,0.28899610354502414,0.2618554748582532
2022-06-23 00:00:00-04:00,19.739999771118164,19.84000015258789,19.290000915527344,19.3700008392334,29995400,0.0,0.0,0.0,-0.019736810988412956,-0.019934183157453787,0.20966408673927245,0.26371308974137964
2022-06-24 00:00:00-04:00,19.270000457763672,19.579999923706055,19.149999618530273,19.510000228881836,16678500,0.0,0.0,0.0,0.007227639833906174,0.007201645621176987,0.17088908134800038,0.2659320333596464
2022-06-27 00:00:00-04:00,19.690000534057617,19.700000762939453,19.469999313354492,19.489999771118164,15467000,0.0,0.0,0.0,-0.001025138776475476,-0.0010256645906166857,0.1671689670083031,0.2659474239652922
2022-06-28 00:00:00-04:00,19.520000457763672,19.530000686645508,19.18000030517578,19.190000534057617,18319400,0.0,0.0,0.0,-0.01539247001455124,-0.015512163926313152,0.1742577520103702,0.26956823158203047
2022-06-29 00:00:00-04:00,19.260000228881836,19.290000915527344,19.030000686645508,19.139999389648438,15636300,0.0,0.0,0.0,-0.0026055832734573903,-0.002608983713592473,0.17528407857532283,0.25587250571729714
2022-06-30 00:00:00-04:00,18.989999771118164,19.079999923706055,18.639999389648438,18.639999389648438,33205700,0.0,0.0,0.0,-0.026123302818411687,-0.026470577622749326,0.20877632293438336,0.2622628977572331
2022-07-01 00:00:00-04:00,18.100000381469727,18.3799991607666,17.989999771118164,18.309999465942383,42504300,0.0,0.0,0.0,-0.017703859147619738,-0.01786244699438089,0.16848460457240144,0.24684688300870417
2022-07-05 00:00:00-04:00,18.030000686645508,18.09000015258789,17.59000015258789,17.729999542236328,35121200,0.0,0.0,0.0,-0.03167667616729797,-0.03218923525135899,0.17649673228809698,0.2605655064420559
2022-07-06 00:00:00-04:00,17.799999237060547,17.850000381469727,17.479999542236328,17.690000534057617,27849900,0.0,0.0,0.0,-0.0022560072877286785,-0.002258555906025622,0.212893604279283,0.25632390305077174
2022-07-07 00:00:00-04:00,17.809999465942383,17.979999542236328,17.700000762939453,17.75,17741800,0.0,0.0,0.0,0.0033917164573775693,0.0033859775599281404,0.23940197106647393,0.25376648516942585
2022-07-08 00:00:00-04:00,17.799999237060547,17.940000534057617,17.6299991607666,17.790000915527344,14195800,0.0,0.0,0.0,0.0022535727057657606,0.002251037219349816,0.24015555279195122,0.2558638280176353
2022-07-11 00:00:00-04:00,17.709999084472656,17.829999923706055,17.579999923706055,17.579999923706055,20437900,0.0,0.0,0.0,-0.011804439629792163,-0.011874665223558682,0.23044808766204003,0.2526985367741093
2022-07-12 00:00:00-04:00,17.5,17.649999618530273,17.40999984741211,17.440000534057617,17349300,0.0,0.0,0.0,-0.007963560310353168,-0.007995438813813158,0.10372703544019105,0.24435894049470053
2022-07-13 00:00:00-04:00,17.5,17.899999618530273,17.420000076293945,17.690000534057617,27337000,0.0,0.0,0.0,0.014334861946350808,0.014233089258093695,0.16359692866996087,0.23372262563564178
2022-07-14 00:00:00-04:00,16.90999984741211,17.059999465942383,16.729999542236328,17.0,33596000,0.0,0.0,0.0,-0.03900511663237072,-0.03978619430528052,0.31538172775572987,0.26351890435901554
2022-07-15 00:00:00-04:00,17.149999618530273,17.260000228881836,16.989999771118164,17.190000534057617,20381300,0.0,0.0,0.0,0.011176502003389155,0.011114506406465446,0.33984943399086265,0.23513294596711606
2022-07-18 00:00:00-04:00,17.440000534057617,17.540000915527344,17.190000534057617,17.219999313354492,20458800,0.0,0.0,0.0,0.0017451296314645592,0.0017436086620180528,0.3405212671235635,0.22411450213823475
2022-07-19 00:00:00-04:00,17.299999237060547,17.389999389648438,17.270000457763672,17.290000915527344,24751100,0.0,0.0,0.0,0.004065133853899949,0.00405689352176145,0.3422756289167128,0.22723318541466989
2022-07-20 00:00:00-04:00,17.579999923706055,17.6200008392334,17.190000534057617,17.190000534057617,18738600,0.0,0.0,0.0,-0.005783711750987908,-0.005800502183779526,0.3119597779099019,0.22575713078421636
2022-07-21 00:00:00-04:00,17.06999969482422,17.399999618530273,17.059999465942383,17.399999618530273,20773900,0.0,0.0,0.0,0.012216351247726687,0.012142333834254037,0.11705279148029425,0.23566066380335704
2022-07-22 00:00:00-04:00,17.280000686645508,17.479999542236328,17.06999969482422,17.139999389648438,24517600,0.0,0.0,0.0,-0.014942542217354249,-0.01505530673707864,0.1634541170492126,0.23261181993437832
2022-07-25 00:00:00-04:00,17.059999465942383,17.079999923706055,16.8799991607666,16.979999542236328,25644400,0.0,0.0,0.0,-0.009334880578160343,-0.009378723635647368,0.17237911810591647,0.22749947359462175
2022-07-26 00:00:00-04:00,17.15999984741211,17.260000228881836,17.110000610351562,17.15999984741211,28040100,0.0,0.0,0.0,0.010600724972226638,0.010544931243538364,0.19360884183922816,0.23504604861336337
2022-07-27 00:00:00-04:00,17.170000076293945,17.649999618530273,17.010000228881836,17.600000381469727,37994300,0.0,0.0,0.0,0.025641056991266398,0.025317838550774147,0.2647471761471168,0.25787626826061616
2022-07-28 00:00:00-04:00,18.15999984741211,18.440000534057617,18.059999465942383,18.43000030517578,31578200,0.0,0.0,0.0,0.04715908555206205,0.04608086452185218,0.40512056213530123,0.3159022348546735
2022-07-29 00:00:00-04:00,18.43000030517578,18.729999542236328,18.34000015258789,18.700000762939453,17388900,0.0,0.0,0.0,0.014650051725058733,0.014543776419067152,0.3293219582422532,0.307126036723458
2022-08-01 00:00:00-04:00,18.719999313354492,18.850000381469727,18.649999618530273,18.790000915527344,25229200,0.0,0.0,0.0,0.004812842188020472,0.004801297490111466,0.26508708811279663,0.29989729921356667
2022-08-02 00:00:00-04:00,18.729999542236328,18.829999923706055,18.399999618530273,18.40999984741211,27922100,0.0,0.0,0.0,-0.020223579010111514,-0.02043087519288204,0.39609100737768504,0.28552190060584126
2022-08-03 00:00:00-04:00,18.450000762939453,18.540000915527344,18.299999237060547,18.489999771118164,15163900,0.0,0.0,0.0,0.0043454603133687986,0.004336046063680275,0.386785821597304,0.28516689100333864
2022-08-04 00:00:00-04:00,18.469999313354492,18.690000534057617,18.399999618530273,18.639999389648438,14091100,0.0,0.0,0.0,0.008112472708873497,0.008079743492910954,0.21061570695788367,0.2858833789030312
2022-08-05 00:00:00-04:00,18.15999984741211,18.440000534057617,18.110000610351562,18.329999923706055,15896200,0.0,0.0,0.0,-0.01663087318095824,-0.016770718823893076,0.212495230567768,0.29393481034034125
2022-08-08 00:00:00-04:00,18.770000457763672,19.110000610351562,18.739999771118164,19.030000686645508,20739800,0.0,0.0,0.0,0.0381888033744151,0.037477659700953854,0.37149516491391105,0.3162837315668671
2022-08-09 00:00:00-04:00,19.020000457763672,19.06999969482422,18.829999923706055,18.93000030517578,20591600,0.0,0.0,0.0,-0.0052548806022851835,-0.005268736047814007,0.3255087899475673,0.3150505982384006
2022-08-10 00:00:00-04:00,19.0,19.219999313354492,18.90999984741211,18.950000762939453,27189100,0.0,0.0,0.0,0.0010565482008049187,0.0010559904465828494,0.32723707286308346,0.31295633212248536
2022-08-11 00:00:00-04:00,18.8700008392334,18.989999771118164,18.65999984741211,18.670000076293945,16253800,0.0,0.0,0.0,-0.014775761233377094,-0.014886010149014507,0.35324691228592586,0.27917121142257006
2022-08-12 00:00:00-04:00,18.81999969482422,19.209999084472656,18.809999465942383,19.170000076293945,16767400,0.0,0.0,0.0,0.02678093186699404,0.02642859939733757,0.3549236432726835,0.2891833388513936
2022-08-15 00:00:00-04:00,18.670000076293945,18.799999237060547,18.549999237060547,18.68000030517578,19897300,0.0,0.0,0.0,-0.025560759998332405,-0.025893111899684917,0.3129517004279226,0.30956324249403244
2022-08-16 00:00:00-04:00,18.5,18.639999389648438,18.489999771118164,18.56999969482422,20876800,0.0,0.0,0.0,-0.005888683541460327,-0.005906090206921602,0.3132013737263958,0.3116540045677119
2022-08-17 00:00:00-04:00,18.360000610351562,18.420000076293945,18.149999618530273,18.25,23675400,0.0,0.0,0.0,-0.017232078625903702,-0.01738227890230757,0.3225577400958489,0.3188689792474909
2022-08-18 00:00:00-04:00,18.290000915527344,18.350000381469727,17.959999084472656,18.040000915527344,20007500,0.0,0.0,0.0,-0.01150679914918662,-0.011573514644171418,0.31861798093116184,0.3210698872082365
2022-08-19 00:00:00-04:00,17.760000228881836,17.780000686645508,17.530000686645508,17.549999237060547,19196700,0.0,0.0,0.0,-0.027161954190647708,-0.02753765894478868,0.14399885770625037,0.33235353228128767
2022-08-22 00:00:00-04:00,17.469999313354492,17.600000381469727,17.31999969482422,17.5,21747500,0.0,0.0,0.0,-0.0028489595005202206,-0.0028530255100719555,0.1535585606584513,0.330369366800303
2022-08-23 00:00:00-04:00,17.399999618530273,17.770000457763672,17.399999618530273,17.6200008392334,20127000,0.0,0.0,0.0,0.006857190813337022,0.006833787208155199,0.20753937684765766,0.3292991698626203
2022-08-24 00:00:00-04:00,17.510000228881836,17.729999542236328,17.469999313354492,17.6299991607666,16954800,0.0,0.0,0.0,0.0005674416036882679,0.0005672806695790645,0.20897301606262428,0.3167336611096112
2022-08-25 00:00:00-04:00,17.719999313354492,17.770000457763672,17.610000610351562,17.729999542236328,16618700,0.0,0.0,0.0,0.005672171652297386,0.005656145460319542,0.21999048158997017,0.2653454996340386
2022-08-26 00:00:00-04:00,17.81999969482422,17.90999984741211,17.350000381469727,17.360000610351562,19412700,0.0,0.0,0.0,-0.020868524615770934,-0.02108934987681857,0.17758330046840465,0.2660887880081637
2022-08-29 00:00:00-04:00,17.239999771118164,17.43000030517578,17.219999313354492,17.290000915527344,18893500,0.0,0.0,0.0,-0.004032240343498583,-0.00404039174424258,0.17808554891692208,0.26423531203482653
2022-08-30 00:00:00-04:00,17.219999313354492,17.229999542236328,16.920000076293945,16.959999084472656,21271900,0.0,0.0,0.0,-0.019086281872797817,-0.019270776264270612,0.18842616394575054,0.2633396460721035
2022-08-31 00:00:00-04:00,16.700000762939453,16.81999969482422,16.579999923706055,16.579999923706055,18799800,0.0,0.0,0.0,-0.02240561210374714,-0.022660431276606392,0.19648990855459933,0.2691999151586196
2022-09-01 00:00:00-04:00,16.389999389648438,16.479999542236328,16.190000534057617,16.3799991607666,18413800,0.0,0.0,0.0,-0.012062772247272036,-0.012136117915912252,0.12102983118747603,0.26536542376899735
2022-09-02 00:00:00-04:00,16.6299991607666,16.860000610351562,16.479999542236328,16.56999969482422,15875200,0.0,0.0,0.0,0.01159954479806724,0.011532785831431852,0.2158654368101469,0.26968764535501205
2022-09-06 00:00:00-04:00,16.81999969482422,16.860000610351562,16.530000686645508,16.540000915527344,10812400,0.0,0.0,0.0,-0.0018104272691232826,-0.0018120680732417534,0.21975596178273304,0.21719581446082498
2022-09-07 00:00:00-04:00,16.639999389648438,17.020000457763672,16.610000610351562,17.0,15468400,0.0,0.0,0.0,0.027811309492783653,0.027431599108354094,0.31318034540746714,0.24978355449901088
2022-09-08 00:00:00-04:00,17.059999465942383,17.1299991607666,16.8799991607666,17.030000686645508,13095400,0.0,0.0,0.0,0.001764746273265061,0.001763190938139622,0.2395468766845045,0.2500330372162877
2022-09-09 00:00:00-04:00,17.1299991607666,17.389999389648438,17.110000610351562,17.31999969482422,9813500,0.0,0.0,0.0,0.01702871382771698,0.01688535052008428,0.18922209370829762,0.259212260560114
2022-09-12 00:00:00-04:00,18.170000076293945,18.43000030517578,17.989999771118164,18.170000076293945,30176800,0.0,0.0,0.0,0.049076235360658416,0.047910001092535875,0.32879568459363206,0.30237922131608713
2022-09-13 00:00:00-04:00,18.040000915527344,18.200000762939453,17.81999969482422,17.829999923706055,20777200,0.0,0.0,0.0,-0.01871217122511093,-0.018889459010892035,0.40784993060155544,0.29637066687445285
2022-09-14 00:00:00-04:00,18.059999465942383,18.149999618530273,17.920000076293945,18.0,16309300,0.0,0.0,0.0,0.009534496748254018,0.009489330300080595,0.3931681393566204,0.2988446286252628
2022-09-15 00:00:00-04:00,17.860000610351562,18.049999237060547,17.610000610351562,17.6299991607666,17477300,0.0,0.0,0.0,-0.02055560217963326,-0.020769809088962046,0.455784947410693,0.301403168090706
2022-09-16 00:00:00-04:00,17.56999969482422,18.079999923706055,17.450000762939453,17.989999771118164,21175800,0.0,0.0,0.0,0.02041977467320022,0.020214086432513288,0.460963417316257,0.30864328342219877
2022-09-19 00:00:00-04:00,17.719999313354492,18.0,17.700000762939453,17.989999771118164,16756500,0.0,0.0,0.0,0.0,0.0,0.28210252176665224,0.29147534912900236
2022-09-20 00:00:00-04:00,17.65999984741211,17.780000686645508,17.559999465942383,17.729999542236328,10478800,0.0,0.0,0.0,-0.014452486503043205,-0.014557940972193728,0.2673067223863332,0.2965828833252714
2022-09-21 00:00:00-04:00,18.020000457763672,18.360000610351562,17.81999969482422,18.059999465942383,36671600,0.0,0.0,0.0,0.018612517328042255,0.01844142415002013,0.2960884363283607,0.3026317422236315
2022-09-22 00:00:00-04:00,18.1299991607666,18.18000030517578,17.899999618530273,18.09000015258789,12553400,0.0,0.0,0.0,0.0016611676374678197,0.00165978942459192,0.22967471313801693,0.3026164950766148
2022-09-23 00:00:00-04:00,17.639999389648438,17.649999618530273,17.299999237060547,17.360000610351562,23917100,0.0,0.0,0.0,-0.04035376097727106,-0.04119056345143051,0.35031860358952244,0.3363412654159036
2022-09-26 00:00:00-04:00,17.3700008392334,17.540000915527344,16.889999389648438,16.920000076293945,19179200,0.0,0.0,0.0,-0.02534565199238814,-0.025672385703527957,0.36475180703708854,0.34022998822163525
2022-09-27 00:00:00-04:00,17.15999984741211,17.299999237060547,16.8700008392334,16.899999618530273,18080200,0.0,0.0,0.0,-0.0011820601461872693,-0.0011827593303213135,0.3711846819449245,0.3400507254931041
2022-09-28 00:00:00-04:00,16.989999771118164,17.489999771118164,16.989999771118164,17.450000762939453,22513400,0.0,0.0,0.0,0.032544447149343236,0.032026093013039464,0.44339233537535705,0.3526282256105764
2022-09-29 00:00:00-04:00,17.280000686645508,17.3799991607666,17.030000686645508,17.3700008392334,16727300,0.0,0.0,0.0,-0.004584522648042544,-0.004595063801775083,0.43830655082194636,0.342012400594456
2022-09-30 00:00:00-04:00,17.40999984741211,17.770000457763672,17.399999618530273,17.5,14446100,0.0,0.0,0.0,0.007484119429227221,0.007456252361349455,0.33337128691299484,0.3379497684396605
2022-10-03 00:00:00-04:00,18.469999313354492,19.100000381469727,18.399999618530273,19.100000381469727,40558200,0.0,0.0,0.0,0.09142859322684149,0.08748747409535258,0.6318538537789906,0.45999991053246114
2022-10-04 00:00:00-04:00,19.299999237060547,19.559999465942383,19.209999084472656,19.360000610351562,22227800,0.0,0.0,0.0,0.013612577156494776,0.01352075835003318,0.6010048509577205,0.45910834319952143
2022-10-05 00:00:00-04:00,18.690000534057617,19.110000610351562,18.3700008392334,18.989999771118164,23878400,0.0,0.0,0.0,-0.019111612994245686,-0.019296600603415728,0.6831873384917103,0.4628435609263856
2022-10-06 00:00:00-04:00,18.860000610351562,19.059999465942383,18.75,19.040000915527344,11261200,0.0,0.0,0.0,0.0026330250137878153,0.0026295646761989137,0.6701080278243475,0.46274984132009434
2022-10-07 00:00:00-04:00,18.790000915527344,18.8799991607666,18.420000076293945,18.5,24621100,0.0,0.0,0.0,-0.028361391258493462,-0.02877134536335833,0.7528353897880503,0.4762373359197152
2022-10-10 00:00:00-04:00,18.209999084472656,18.239999771118164,17.979999542236328,18.09000015258789,17979100,0.0,0.0,0.0,-0.022162153914168092,-0.02241142424214504,0.28429659984171335,0.4528041348745043
2022-10-11 00:00:00-04:00,17.889999389648438,18.079999923706055,17.559999465942383,17.68000030517578,23821900,0.0,0.0,0.0,-0.022664446874173017,-0.02292523337156332,0.19005939582603784,0.45519937683015493
2022-10-12 00:00:00-04:00,17.530000686645508,17.68000030517578,17.3700008392334,17.59000015258789,21216900,0.0,0.0,0.0,-0.005090506280225782,-0.005103507046408771,0.20964048436324234,0.45407737286082606
2022-10-13 00:00:00-04:00,17.139999389648438,17.520000457763672,17.040000915527344,17.389999389648438,26705300,0.0,0.0,0.0,-0.0113701399206656,-0.011435274155818242,0.14997512202411337,0.44992143187444467
2022-10-14 00:00:00-04:00,17.18000030517578,17.200000762939453,16.65999984741211,16.809999465942383,24627300,0.0,0.0,0.0,-0.033352498220977855,-0.03392137761805321,0.17409284384679222,0.45747921322992346
2022-10-17 00:00:00-04:00,17.329999923706055,17.450000762939453,17.110000610351562,17.1200008392334,17937400,0.0,0.0,0.0,0.018441486207009694,0.018273504083946634,0.3112140392730606,0.4637253913709181
2022-10-18 00:00:00-04:00,17.360000610351562,17.40999984741211,17.079999923706055,17.229999542236328,11236300,0.0,0.0,0.0,0.006425157570719708,0.006404604237772808,0.3099076335885695,0.46225715282910645
2022-10-19 00:00:00-04:00,16.989999771118164,17.079999923706055,16.90999984741211,17.010000228881836,9941300,0.0,0.0,0.0,-0.01276838764941357,-0.012850604108517563,0.3148201432075433,0.45796637442098925
2022-10-20 00:00:00-04:00,17.059999465942383,17.5,17.030000686645508,17.170000076293945,17615600,0.0,0.0,0.0,0.009406222531404884,0.009362259489336331,0.3289121637636074,0.4597452195188667
2022-10-21 00:00:00-04:00,17.209999084472656,17.780000686645508,17.1299991607666,17.760000228881836,28680300,0.0,0.0,0.0,0.0343622684895899,0.03378507109868589,0.27374052838486246,0.4540080293783589
2022-10-24 00:00:00-04:00,17.65999984741211,17.770000457763672,17.510000228881836,17.68000030517578,12953800,0.0,0.0,0.0,-0.004504500150622537,-0.004514675980943847,0.28364908462493355,0.4435598044829477
2022-10-25 00:00:00-04:00,17.709999084472656,17.899999618530273,17.700000762939453,17.860000610351562,13857100,0.0,0.0,0.0,0.010181012560451563,0.010129535152001249,0.2847674944317188,0.44412215353050877
2022-10-26 00:00:00-04:00,17.899999618530273,18.1200008392334,17.899999618530273,17.979999542236328,17092700,0.0,0.0,0.0,0.006718864937508062,0.006696393961298202,0.22554279054885745,0.43069228862220815
2022-10-27 00:00:00-04:00,18.020000457763672,18.100000381469727,17.889999389648438,17.979999542236328,14108100,0.0,0.0,0.0,0.0,0.0,0.23977821325790286,0.4300928390049755
2022-10-28 00:00:00-04:00,17.700000762939453,17.850000381469727,17.489999771118164,17.739999771118164,10708900,0.0,0.0,0.0,-0.013348152237400601,-0.013438039604457028,0.1478713382764381,0.43295915669012874
2022-10-31 00:00:00-04:00,17.459999084472656,17.719999313354492,17.40999984741211,17.6200008392334,10005000,0.0,0.0,0.0,-0.006764314173223984,-0.006787295841789639,0.15281247101034418,0.2710420981459013
2022-11-01 00:00:00-04:00,18.31999969482422,18.3700008392334,17.940000534057617,18.049999237060547,20107600,0.0,0.0,0.0,0.02440399417403527,0.024110974373151687,0.23009569940255437,0.2827369697963825
2022-11-02 00:00:00-04:00,18.239999771118164,18.489999771118164,17.729999542236328,17.729999542236328,24802300,0.0,0.0,0.0,-0.01772851569806111,-0.017887548243253126,0.26297043277548016,0.2817550215926407
2022-11-03 00:00:00-04:00,17.459999084472656,18.0,17.440000534057617,17.940000534057617,19125300,0.0,0.0,0.0,0.011844387887378405,0.011774792132225367,0.2832572921445371,0.2861801964683376
2022-11-04 00:00:00-04:00,18.739999771118164,19.260000228881836,18.670000076293945,19.260000228881836,34818900,0.0,0.0,0.0,0.0735785761164447,0.07099753185402387,0.5642335200555354,0.3791566038373858
2022-11-07 00:00:00-05:00,19.219999313354492,19.34000015258789,19.1299991607666,19.149999618530273,12869700,0.0,0.0,0.0,-0.00571135041767068,-0.0057277225472068495,0.5614744750582551,0.36946369880930746
2022-11-08 00:00:00-05:00,19.260000228881836,19.90999984741211,19.209999084472656,19.700000762939453,31329600,0.0,0.0,0.0,0.028720686964242903,0.02831597876526842,0.5657463208216099,0.3669473981493825
2022-11-09 00:00:00-05:00,19.65999984741211,19.899999618530273,19.329999923706055,19.360000610351562,17422800,0.0,0.0,0.0,-0.01725889032590877,-0.017409561096978977,0.5638772295062489,0.3741524909156064
2022-11-10 00:00:00-05:00,19.979999542236328,20.06999969482422,19.760000228881836,19.969999313354492,21968300,0.0,0.0,0.0,0.03150819647581882,0.031021999669017922,0.567108999090799,0.38008395083448687
2022-11-11 00:00:00-05:00,19.760000228881836,19.950000762939453,19.65999984741211,19.950000762939453,12472200,0.0,0.0,0.0,-0.0010014296996828653,-0.0010019314654212811,0.3447198715448984,0.35049098513298377
2022-11-14 00:00:00-05:00,19.950000762939453,20.329999923706055,19.93000030517578,20.239999771118164,14503000,0.0,0.0,0.0,0.014536290580872357,0.0144316515324229,0.32622601295248294,0.3493421517521271
2022-11-15 00:00:00-05:00,20.079999923706055,20.110000610351562,19.700000762939453,19.8799991607666,23955400,0.0,0.0,0.0,-0.017786591621669512,-0.017946674097406256,0.33668507201775594,0.3617212053482588
2022-11-16 00:00:00-05:00,19.950000762939453,20.0,19.700000762939453,19.739999771118164,10180600,0.0,0.0,0.0,-0.007042223116625057,-0.007067136602956454,0.3063107208053021,0.3580348638020968
2022-11-17 00:00:00-05:00,19.25,19.329999923706055,19.1299991607666,19.290000915527344,12895400,0.0,0.0,0.0,-0.022796294873783096,-0.023060148031633115,0.2335096942196749,0.373901862626782
2022-11-18 00:00:00-05:00,19.309999465942383,19.459999084472656,19.18000030517578,19.25,15315800,0.0,0.0,0.0,-0.0020736606339476493,-0.0020758136450845757,0.23194587595335703,0.35945796419023485
2022-11-21 00:00:00-05:00,19.209999084472656,19.25,19.020000457763672,19.200000762939453,10468100,0.0,0.0,0.0,-0.0025973629641842244,-0.0026007419636282767,0.14842793483813316,0.3589035635190607
2022-11-22 00:00:00-05:00,19.43000030517578,19.520000457763672,19.25,19.43000030517578,10140100,0.0,0.0,0.0,0.011979142348800487,0.011907960325605841,0.19800010950797042,0.35934623888569456
2022-11-23 00:00:00-05:00,19.530000686645508,19.8799991607666,19.5,19.809999465942383,12773600,0.0,0.0,0.0,0.0195573419865247,0.01936855465569726,0.2576119222556023,0.36328518288906514
2022-11-25 00:00:00-05:00,19.59000015258789,19.760000228881836,19.559999465942383,19.719999313354492,7784800,0.0,0.0,0.0,-0.004543167845240004,-0.00455351939673111,0.1698682239188124,0.3644872167704203
2022-11-28 00:00:00-05:00,19.65999984741211,19.690000534057617,19.200000762939453,19.260000228881836,20269200,0.0,0.0,0.0,-0.023326526394001568,-0.023602896100965307,0.2629225691759958,0.3727313451285384
2022-11-29 00:00:00-05:00,19.5,19.75,19.5,19.559999465942383,11253000,0.0,0.0,0.0,0.015576284189793288,0.01545621904934023,0.28166831971482226,0.37231181130183205
2022-11-30 00:00:00-05:00,20.1200008392334,20.43000030517578,19.809999465942383,20.43000030517578,26502100,0.0,0.0,0.0,0.044478571727378347,0.04351778646404895,0.4072641630425022,0.3921281617176683
2022-12-01 00:00:00-05:00,20.6299991607666,20.979999542236328,20.59000015258789,20.979999542236328,24949600,0.0,0.0,0.0,0.026921156575862026,0.026565157381940114,0.4208817104799323,0.38754722445247
2022-12-02 00:00:00-05:00,20.729999542236328,21.389999389648438,20.670000076293945,21.290000915527344,23150100,0.0,0.0,0.0,0.014776042900617403,0.014667940758979982,0.39511728216881187,0.38799932989460884
2022-12-05 00:00:00-05:00,20.90999984741211,20.950000762939453,20.399999618530273,20.440000534057617,24402700,0.0,0.0,0.0,-0.03992486354708413,-0.04074373044451378,0.5015891392656443,0.34359502348280296
2022-12-06 00:00:00-05:00,20.6200008392334,20.75,20.270000457763672,20.440000534057617,16489600,0.0,0.0,0.0,0.0,0.0,0.5074624128133133,0.34222585000429245
2022-12-07 00:00:00-05:00,20.670000076293945,21.010000228881836,20.65999984741211,20.920000076293945,22573400,0.0,0.0,0.0,0.023483342940062046,0.02321185138009337,0.43190422520954785,0.337577008834843
2022-12-08 00:00:00-05:00,21.31999969482422,21.3700008392334,21.139999389648438,21.209999084472656,17948300,0.0,0.0,0.0,0.013862285235234362,0.01376708256803864,0.3989371606720747,0.330534484537969
2022-12-09 00:00:00-05:00,21.450000762939453,21.799999237060547,21.260000228881836,21.559999465942383,18975700,0.0,0.0,0.0,0.016501668862680674,0.01636699585833582,0.4024714763028698,0.3185131216215059
2022-12-12 00:00:00-05:00,21.579999923706055,21.6200008392334,21.260000228881836,21.459999084472656,20222300,0.0,0.0,0.0,-0.0046382367322269635,-0.004649026729521568,0.18667610290001893,0.31953489938738217
2022-12-13 00:00:00-05:00,22.09000015258789,22.200000762939453,21.690000534057617,21.829999923706055,24657100,0.0,0.0,0.0,0.017241419152767445,0.017094472526426666,0.16867027909406457,0.3208765746563461
2022-12-14 00:00:00-05:00,21.93000030517578,22.139999389648438,21.520000457763672,21.989999771118164,24341100,0.0,0.0,0.0,0.007329356297356648,0.007302627091279094,0.1444100035534187,0.31049436210641096
2022-12-15 00:00:00-05:00,21.450000762939453,21.56999969482422,21.149999618530273,21.239999771118164,19921900,0.0,0.0,0.0,-0.034106412360451976,-0.03470160856046182,0.33740032740865183,0.33830779376028164
2022-12-16 00:00:00-05:00,21.15999984741211,21.399999618530273,21.1299991607666,21.3700008392334,15976000,0.0,0.0,0.0,0.006120577660834403,0.006101923004865943,0.31352021999704965,0.32329861483255623
2022-12-19 00:00:00-05:00,21.350000381469727,21.3799991607666,21.010000228881836,21.1200008392334,12704600,0.0,0.0,0.0,-0.011698642497992906,-0.011767610028133237,0.3217152486592986,0.32799351552509065
2022-12-20 00:00:00-05:00,21.950000762939453,22.31999969482422,21.860000610351562,22.229999542236328,28496700,0.0,0.0,0.0,0.052556754682554274,0.051222208809457256,0.5064862299874692,0.36744180860576975
2022-12-21 00:00:00-05:00,22.09000015258789,22.270000457763672,22.010000228881836,22.06999969482422,11637000,0.0,0.0,0.0,-0.0071974741658502595,-0.007223500942931487,0.5110224817587925,0.37070628750375667
2022-12-22 00:00:00-05:00,21.649999618530273,21.790000915527344,21.520000457763672,21.690000534057617,15133500,0.0,0.0,0.0,-0.017217905121028054,-0.01736785697993603,0.44780263761843525,0.3766575037479585
2022-12-23 00:00:00-05:00,21.780000686645508,21.950000762939453,21.690000534057617,21.850000381469727,10922300,0.0,0.0,0.0,0.00737666406051396,0.007349589539088331,0.44817541297901226,0.3751050967103717
2022-12-27 00:00:00-05:00,21.959999084472656,22.350000381469727,21.920000076293945,22.110000610351562,12346900,0.0,0.0,0.0,0.011899323768540304,0.011829083474413594,0.42423862440445265,0.3598484893711891
2022-12-28 00:00:00-05:00,21.93000030517578,21.969999313354492,21.600000381469727,21.600000381469727,10915100,0.0,0.0,0.0,-0.02306649546825712,-0.023336690123826626,0.24038452449124484,0.37374606480889844
2022-12-29 00:00:00-05:00,22.059999465942383,22.139999389648438,21.950000762939453,21.969999313354492,11896400,0.0,0.0,0.0,0.01712957987733099,0.016984522791985462,0.28782172460941713,0.347333341911645
2022-12-30 00:00:00-05:00,21.920000076293945,22.030000686645508,21.639999389648438,22.020000457763672,14251000,0.0,0.0,0.0,0.0022758828389579655,0.002273296940334623,0.2482101364862611,0.33648507913540143
2023-01-03 00:00:00-05:00,22.450000762939453,22.540000915527344,22.030000686645508,22.049999237060547,18122100,0.0,0.0,0.0,0.0013623423557331815,0.0013614152093510648,0.24537296353927163,0.3334207046199867
2023-01-04 00:00:00-05:00,22.280000686645508,22.360000610351562,21.700000762939453,21.889999389648438,17246400,0.0,0.0,0.0,-0.00725622915864732,-0.007282683640320702,0.23369989070412941,0.29718041635288317
2023-01-05 00:00:00-05:00,21.5,21.530000686645508,21.270000457763672,21.389999389648438,16539900,0.0,0.0,0.0,-0.022841480764793642,-0.023106389092226027,0.2324185724129805,0.3115605904870668
2023-01-06 00:00:00-05:00,21.709999084472656,22.0,21.610000610351562,21.920000076293945,17021400,0.0,0.0,0.0,0.024777966422102837,0.024475971000499086,0.27435860139196344,0.31275108074655267
2023-01-09 00:00:00-05:00,22.0,22.139999389648438,21.690000534057617,21.739999771118164,15588200,0.0,0.0,0.0,-0.008211692725788255,-0.008245594395457963,0.2781443267413074,0.3119481763461342
2023-01-10 00:00:00-05:00,21.739999771118164,21.8700008392334,21.639999389648438,21.729999542236328,10051200,0.0,0.0,0.0,-0.00045999213372216463,-0.0004600979625585736,0.2768754010641721,0.30683797003131763
2023-01-11 00:00:00-05:00,21.860000610351562,21.8799991607666,21.360000610351562,21.549999237060547,13848000,0.0,0.0,0.0,-0.008283493279690024,-0.008317992055828179,0.27801113028412017,0.30792930937722185
2023-01-12 00:00:00-05:00,22.0,22.06999969482422,21.690000534057617,21.8799991607666,18514100,0.0,0.0,0.0,0.015313222059819775,0.015197158051058217,0.2351420213431465,0.30660269238865745
2023-01-13 00:00:00-05:00,21.8799991607666,22.350000381469727,21.860000610351562,22.329999923706055,18425400,0.0,0.0,0.0,0.02056676326324358,0.020358123237818337,0.21329169280946528,0.3141414652036184
2023-01-17 00:00:00-05:00,22.200000762939453,22.209999084472656,21.920000076293945,22.010000228881836,23059400,0.0,0.0,0.0,-0.01433048347145316,-0.014434156498046557,0.23796918738806494,0.2919273018183938
2023-01-18 00:00:00-05:00,22.299999237060547,22.399999618530273,21.549999237060547,21.56999969482422,24553500,0.0,0.0,0.0,-0.01999093727769441,-0.020193459684456908,0.28859948933043644,0.3015248778026061
2023-01-19 00:00:00-05:00,21.649999618530273,22.030000686645508,21.56999969482422,21.959999084472656,15361200,0.0,0.0,0.0,0.018080639553371025,0.017919128697742315,0.3086619067980655,0.30388827958152287
2023-01-20 00:00:00-05:00,22.010000228881836,22.06999969482422,21.809999465942383,22.020000457763672,14299700,0.0,0.0,0.0,0.002732303087090715,0.002728577132426053,0.29189279234050913,0.23868927088851669
2023-01-23 00:00:00-05:00,21.18000030517578,21.6200008392334,20.93000030517578,21.579999923706055,30123300,0.0,0.0,0.0,-0.01998185853363521,-0.020184195788486625,0.26495802889076303,0.24768581112815366
2023-01-24 00:00:00-05:00,21.5,21.829999923706055,21.350000381469727,21.760000228881836,15461600,0.0,0.0,0.0,0.008341070704919185,0.008306476211620641,0.272590250217089,0.242049821438238
2023-01-25 00:00:00-05:00,21.6299991607666,22.020000457763672,21.579999923706055,21.969999313354492,12824900,0.0,0.0,0.0,0.009650693118740339,0.009604422636531655,0.22804921170762116,0.24306760150605108
2023-01-26 00:00:00-05:00,22.190000534057617,22.219999313354492,21.809999465942383,21.989999771118164,18177800,0.0,0.0,0.0,0.0009103531355831862,0.0009099390154787528,0.18945479276615168,0.23926369800833455
2023-01-27 00:00:00-05:00,21.709999084472656,21.790000915527344,21.43000030517578,21.68000030517578,15244100,0.0,0.0,0.0,-0.014097292822601082,-0.01419760351039983,0.21230899729361197,0.22980819565099256
2023-01-30 00:00:00-05:00,21.799999237060547,21.81999969482422,21.649999618530273,21.65999984741211,8337100,0.0,0.0,0.0,-0.0009225303266668927,-0.0009229561196601442,0.15062146967422285,0.22102363613119436
2023-01-31 00:00:00-05:00,21.579999923706055,21.860000610351562,21.540000915527344,21.829999923706055,10471400,0.0,0.0,0.0,0.007848572368030604,0.00781793253878089,0.14909604780248595,0.22286892207735542
2023-02-01 00:00:00-05:00,21.799999237060547,22.110000610351562,21.489999771118164,22.079999923706055,23818200,0.0,0.0,0.0,0.011452130136222038,0.011387050886613008,0.15630044473530205,0.22673509118876642
2023-02-02 00:00:00-05:00,22.5,22.520000457763672,21.540000915527344,21.56999969482422,22808400,0.0,0.0,0.0,-0.023097836532792626,-0.023368771700646537,0.23209249525086764,0.24018607578996296
2023-02-03 00:00:00-05:00,20.860000610351562,21.059999465942383,20.5,20.56999969482422,36695700,0.0,0.0,0.0,-0.046360686794073236,-0.04746975742400474,0.3851478608426648,0.28021078067713817
2023-02-06 00:00:00-05:00,20.549999237060547,20.649999618530273,20.3700008392334,20.479999542236328,15824800,0.0,0.0,0.0,-0.004375311323438491,-0.004384911009336613,0.38065282071282414,0.2620515979146871
2023-02-07 00:00:00-05:00,20.40999984741211,20.639999389648438,20.270000457763672,20.3799991607666,16209500,0.0,0.0,0.0,-0.004882831235591301,-0.004894791204251021,0.35068441162653485,0.26148325060469557
2023-02-08 00:00:00-05:00,20.59000015258789,20.639999389648438,20.420000076293945,20.479999542236328,10688500,0.0,0.0,0.0,0.004906790264360694,0.004894791204251099,0.32341809352740974,0.2628905348800108
2023-02-09 00:00:00-05:00,20.65999984741211,20.68000030517578,20.149999618530273,20.18000030517578,19233500,0.0,0.0,0.0,-0.01464840057451433,-0.014756747771417361,0.31515531026879984,0.2655999034797061
2023-02-10 00:00:00-05:00,20.40999984741211,20.450000762939453,20.149999618530273,20.239999771118164,11028700,0.0,0.0,0.0,0.0029732143228458074,0.0029688030627258756,0.12273459605084804,0.2577211629185915
2023-02-13 00:00:00-05:00,20.149999618530273,20.25,20.040000915527344,20.200000762939453,12376300,0.0,0.0,0.0,-0.0019762356043001583,-0.0019781909344353987,0.12247525739419984,0.2414033991977153
2023-02-14 00:00:00-05:00,19.950000762939453,20.219999313354492,19.8700008392334,20.1200008392334,14586500,0.0,0.0,0.0,-0.003960392113094846,-0.00396825523349915,0.12162373130177925,0.2388163884779024
2023-02-15 00:00:00-05:00,19.780000686645508,19.950000762939453,19.770000457763672,19.889999389648438,13249500,0.0,0.0,0.0,-0.011431483100958206,-0.011497324763411837,0.1136392034376196,0.23325872859137164
2023-02-16 00:00:00-05:00,19.739999771118164,20.020000457763672,19.709999084472656,19.84000015258789,16692900,0.0,0.0,0.0,-0.002513787762435493,-0.0025169526318787223,0.08258079749593623,0.21845562635173443
2023-02-17 00:00:00-05:00,19.59000015258789,20.059999465942383,19.549999237060547,20.010000228881836,15129100,0.0,0.0,0.0,0.00856855216665764,0.008532050486365952,0.11348049156422033,0.2221367251390992
2023-02-21 00:00:00-05:00,20.1299991607666,20.209999084472656,20.0,20.06999969482422,11158700,0.0,0.0,0.0,0.0029984740257913423,0.002993987568662412,0.11960204148321237,0.216034454920253
2023-02-22 00:00:00-05:00,20.030000686645508,20.049999237060547,19.709999084472656,19.75,15142700,0.0,0.0,0.0,-0.015944180353263393,-0.016072656255546207,0.16002643744964692,0.21553227689472607
2023-02-23 00:00:00-05:00,19.84000015258789,19.889999389648438,19.549999237060547,19.6299991607666,13610700,0.0,0.0,0.0,-0.006075991859918917,-0.006094525811354991,0.1476918756894003,0.2087222831263602
2023-02-24 00:00:00-05:00,19.270000457763672,19.360000610351562,19.059999465942383,19.09000015258789,24859800,0.0,0.0,0.0,-0.027508865576417185,-0.027894319805040004,0.23032542194074568,0.22110000416854092
2023-02-27 00:00:00-05:00,19.09000015258789,19.139999389648438,18.889999389648438,18.93000030517578,26063800,0.0,0.0,0.0,-0.008381343432855792,-0.008416664388227075,0.18170010927610739,0.21957584128491053
2023-02-28 00:00:00-05:00,18.979999542236328,19.309999465942383,18.899999618530273,19.219999313354492,14396100,0.0,0.0,0.0,0.015319545879744156,0.01520338647406433,0.24974135327888905,0.232405433819533
2023-03-01 00:00:00-05:00,19.280000686645508,19.469999313354492,19.219999313354492,19.290000915527344,14873100,0.0,0.0,0.0,0.0036421230319301223,0.003635506562304663,0.2517516436356802,0.22957835618673056
2023-03-02 00:00:00-05:00,19.049999237060547,19.25,19.020000457763672,19.239999771118164,8914300,0.0,0.0,0.0,-0.0025920757924345894,-0.0025954410374627846,0.2516805621824845,0.22060293988840615
2023-03-03 00:00:00-05:00,19.299999237060547,19.559999465942383,19.149999618530273,19.549999237060547,12419200,0.0,0.0,0.0,0.01611223854626731,0.015983814064923087,0.17177450697010296,0.22594607424852833
2023-03-06 00:00:00-05:00,19.459999084472656,19.489999771118164,19.280000686645508,19.31999969482422,7902900,0.0,0.0,0.0,-0.0117646829264485,-0.011834434417814092,0.1889740562212785,0.1673258045409331
2023-03-07 00:00:00-05:00,18.979999542236328,18.989999771118164,18.40999984741211,18.450000762939453,26097500,0.0,0.0,0.0,-0.04503100132645632,-0.04607640115025668,0.36645930401461535,0.22410873379870547
2023-03-08 00:00:00-05:00,18.43000030517578,18.600000381469727,18.389999389648438,18.399999618530273,13896600,0.0,0.0,0.0,-0.002710089015801942,-0.00271376795537785,0.3564641190059969,0.2242705324722252
2023-03-09 00:00:00-05:00,18.489999771118164,18.65999984741211,18.3799991607666,18.440000534057617,11895500,0.0,0.0,0.0,0.002173962845469779,0.002171603207467767,0.3635628949018444,0.22287473532165875
2023-03-10 00:00:00-05:00,18.889999389648438,19.110000610351562,18.75,18.860000610351562,21470100,0.0,0.0,0.0,0.02277657614587536,0.0225210624771787,0.39353326991201787,0.2405809150788869
2023-03-13 00:00:00-04:00,19.709999084472656,20.15999984741211,19.68000030517578,20.0,37152300,0.0,0.0,0.0,0.06044535274419527,0.05868896398645517,0.6111529901301664,0.3301663405387829
2023-03-14 00:00:00-04:00,20.049999237060547,20.209999084472656,19.8700008392334,19.889999389648438,29462900,0.0,0.0,0.0,-0.005500030517578081,-0.005515211374463655,0.4364194570105624,0.33062711597631583
2023-03-15 00:00:00-04:00,20.389999389648438,20.440000534057617,19.8700008392334,20.0,50880500,0.0,0.0,0.0,0.00553044815118553,0.0055152113744637,0.41838021627692507,0.331051966793692
2023-03-16 00:00:00-04:00,20.149999618530273,20.18000030517578,19.719999313354492,19.920000076293945,27757800,0.0,0.0,0.0,-0.003999996185302779,-0.004008017567521535,0.4342383232708027,0.32871928584165877
2023-03-17 00:00:00-04:00,20.18000030517578,20.780000686645508,20.149999618530273,20.6299991607666,29318300,0.0,0.0,0.0,0.035642524184404945,0.03502203041644779,0.4562167702156098,0.3515335129393337
2023-03-20 00:00:00-04:00,20.579999923706055,20.75,20.450000762939453,20.690000534057617,14306300,0.0,0.0,0.0,0.0029084525318412435,0.002904231166888555,0.2652171574672884,0.35074356499154663
2023-03-21 00:00:00-04:00,20.690000534057617,20.700000762939453,20.360000610351562,20.540000915527344,15198000,0.0,0.0,0.0,-0.007249860544148445,-0.007276268496495915,0.27061409997551666,0.35220214117544457
2023-03-22 00:00:00-04:00,20.520000457763672,21.209999084472656,20.510000228881836,21.100000381469727,25323500,0.0,0.0,0.0,0.027263848149054803,0.026898809487844576,0.3069223654729654,0.35735492267659236
2023-03-23 00:00:00-04:00,21.110000610351562,21.350000381469727,21.020000457763672,21.280000686645508,19286800,0.0,0.0,0.0,0.008530819996281025,0.008494638179464529,0.2803022493429628,0.3558947984489957
2023-03-24 00:00:00-04:00,21.520000457763672,21.579999923706055,21.200000762939453,21.219999313354492,15746900,0.0,0.0,0.0,-0.0028196133155516945,-0.0028235959131948886,0.2131392784957055,0.3369306919573283
2023-03-27 00:00:00-04:00,21.079999923706055,21.239999771118164,21.0,21.219999313354492,11703600,0.0,0.0,0.0,0.0,0.0,0.2165351942648441,0.3336433916194396
2023-03-28 00:00:00-04:00,21.139999389648438,21.489999771118164,21.1200008392334,21.43000030517578,11221300,0.0,0.0,0.0,0.009896371282591243,0.009847722898648242,0.18688632323004406,0.3321720994670011
2023-03-29 00:00:00-04:00,21.31999969482422,21.530000686645508,21.299999237060547,21.440000534057617,11804300,0.0,0.0,0.0,0.00046664623142445016,0.00046653738593204164,0.08952043579501806,0.3326192479810208
2023-03-30 00:00:00-04:00,21.68000030517578,21.959999084472656,21.559999465942383,21.940000534057617,14724400,0.0,0.0,0.0,0.023320894941478487,0.02305311807681197,0.1701331988174678,0.3369439069164478
2023-03-31 00:00:00-04:00,22.030000686645508,22.200000762939453,21.989999771118164,22.1200008392334,18212400,0.0,0.0,0.0,0.008204206964187,0.008170735405343747,0.15026506074229865,0.33520985996638947
2023-04-03 00:00:00-04:00,21.959999084472656,22.239999771118164,21.920000076293945,22.059999465942383,18134900,0.0,0.0,0.0,-0.002712539376788503,-0.0027162249781250676,0.16066651514759714,0.3302050698633099
2023-04-04 00:00:00-04:00,22.1299991607666,23.0,22.100000381469727,22.969999313354492,35724700,0.0,0.0,0.0,0.04125112735460501,0.040422997191827494,0.288974762728431,0.2899642386258862
2023-04-05 00:00:00-04:00,22.81999969482422,22.979999542236328,22.639999389648438,22.940000534057617,20676800,0.0,0.0,0.0,-0.0013059982670280412,-0.0013068518260100862,0.2944676421012717,0.28911432998556647
2023-04-06 00:00:00-04:00,22.790000915527344,22.979999542236328,22.579999923706055,22.889999389648438,13297400,0.0,0.0,0.0,-0.0021796487901099004,-0.0021820276819284057,0.2978895625138199,0.29132978411397414
2023-04-10 00:00:00-04:00,22.81999969482422,22.889999389648438,22.719999313354492,22.8799991607666,12751600,0.0,0.0,0.0,-0.00043688200736069494,-0.0004369774681092741,0.30494000318360104,0.2905607718198818
2023-04-11 00:00:00-04:00,22.899999618530273,23.100000381469727,22.850000381469727,23.040000915527344,14526500,0.0,0.0,0.0,0.006993083943600098,0.0069687457323044065,0.29317639575279675,0.22069212389854465
2023-04-12 00:00:00-04:00,23.3700008392334,23.469999313354492,23.049999237060547,23.43000030517578,21592400,0.0,0.0,0.0,0.016927056169759425,0.01678538998058609,0.1284989517799052,0.21792882682157005
2023-04-13 00:00:00-04:00,23.690000534057617,23.860000610351562,23.559999465942383,23.739999771118164,30298700,0.0,0.0,0.0,0.013230877588759737,0.013144113995627064,0.13207842229903677,0.21833925995253783
2023-04-14 00:00:00-04:00,23.84000015258789,23.889999389648438,23.100000381469727,23.309999465942383,34948600,0.0,0.0,0.0,-0.018112902667291264,-0.01827894940376169,0.22018570604749133,0.23438164558022878
2023-04-17 00:00:00-04:00,23.290000915527344,23.329999923706055,22.790000915527344,23.020000457763672,24471600,0.0,0.0,0.0,-0.012440970176872845,-0.01251900695735781,0.24906226305545456,0.22090095276221472
2023-04-18 00:00:00-04:00,22.93000030517578,23.270000457763672,22.899999618530273,23.149999618530273,14353800,0.0,0.0,0.0,0.0056472266803435645,0.005631340874856109,0.24730785440570252,0.2206743414380058
2023-04-19 00:00:00-04:00,23.079999923706055,23.31999969482422,23.059999465942383,23.229999542236328,18571300,0.0,0.0,0.0,0.00345572030342578,0.003449763022537314,0.20822708164985268,0.21553890842032147
2023-04-20 00:00:00-04:00,23.229999542236328,23.420000076293945,23.049999237060547,23.170000076293945,15332300,0.0,0.0,0.0,-0.0025828440432507094,-0.00258618533953143,0.162245473109445,0.20261138403754314
2023-04-21 00:00:00-04:00,23.18000030517578,23.31999969482422,22.8799991607666,22.979999542236328,17623900,0.0,0.0,0.0,-0.00820028197807443,-0.008234089236555579,0.12106465466932463,0.20714218964928233
2023-04-24 00:00:00-04:00,22.93000030517578,23.18000030517578,22.84000015258789,23.079999923706055,13576600,0.0,0.0,0.0,0.004351626782495455,0.004342185833749431,0.09231070989496946,0.205601295093366
2023-04-25 00:00:00-04:00,22.93000030517578,23.030000686645508,22.6299991607666,22.989999771118164,22711400,0.0,0.0,0.0,-0.0038994866934747296,-0.003907109514891158,0.0834531602827894,0.20714029218989863
2023-04-26 00:00:00-04:00,23.1200008392334,23.1200008392334,22.709999084472656,22.829999923706055,20916800,0.0,0.0,0.0,-0.006959541061549501,-0.006983871619501813,0.07805235258189513,0.20950536560467317
2023-04-27 00:00:00-04:00,22.59000015258789,22.93000030517578,22.520000457763672,22.889999389648438,16054200,0.0,0.0,0.0,0.0026280975095440695,0.002624650100048796,0.0896404195008799,0.20926473536200432
2023-04-28 00:00:00-04:00,22.8799991607666,23.030000686645508,22.75,23.0,14213300,0.0,0.0,0.0,0.004805618754245566,0.004794108629225355,0.08415253152814015,0.19572186643606657
2023-05-01 00:00:00-04:00,23.690000534057617,23.709999084472656,22.860000610351562,22.889999389648438,30354800,0.0,0.0,0.0,-0.004782635232676635,-0.00479410862922529,0.08057059445811517,0.1960715709520442
2023-05-02 00:00:00-04:00,22.670000076293945,23.40999984741211,22.639999389648438,23.350000381469727,27235300,0.0,0.0,0.0,0.0200961557049808,0.019896893152015097,0.16936598794445257,0.20561759964654416
2023-05-03 00:00:00-04:00,23.290000915527344,23.530000686645508,23.15999984741211,23.43000030517578,20545300,0.0,0.0,0.0,0.0034261208736228177,0.0034202650927660744,0.14450583705302592,0.14781829330119764
2023-05-04 00:00:00-04:00,23.420000076293945,23.940000534057617,23.420000076293945,23.940000534057617,31012600,0.0,0.0,0.0,0.021766974914173343,0.021533456893292408,0.18181731916967186,0.16470104848785014
2023-05-05 00:00:00-04:00,23.3799991607666,23.59000015258789,23.1200008392334,23.56999969482422,26200200,0.0,0.0,0.0,-0.015455339639906307,-0.015576018437594371,0.2541933059723088,0.1757405203749642
2023-05-08 00:00:00-04:00,23.5,23.600000381469727,23.43000030517578,23.489999771118164,11445900,0.0,0.0,0.0,-0.0033941419067401446,-0.0033999150733811704,0.25099429454032207,0.17648982011956252
2023-05-09 00:00:00-04:00,23.399999618530273,23.579999923706055,23.3700008392334,23.479999542236328,11470300,0.0,0.0,0.0,-0.0004257228173383254,-0.00042581346302446413,0.21432116807593876,0.17531841093572226
2023-05-10 00:00:00-04:00,23.600000381469727,23.65999984741211,23.170000076293945,23.309999465942383,18265600,0.0,0.0,0.0,-0.007240207819772082,-0.007266545327427216,0.220575878011973,0.16699682992655282
2023-05-11 00:00:00-04:00,22.6299991607666,22.719999313354492,22.170000076293945,22.200000762939453,29635300,0.0,0.0,0.0,-0.04761899306882089,-0.04879010689169558,0.3044613145408319,0.22990442929964383
2023-05-12 00:00:00-04:00,22.059999465942383,22.190000534057617,21.90999984741211,22.020000457763672,18629900,0.0,0.0,0.0,-0.008108121576115956,-0.008141171161800504,0.3079538441897531,0.22399091658074255
2023-05-15 00:00:00-04:00,22.139999389648438,22.239999771118164,22.020000457763672,22.100000381469727,11308600,0.0,0.0,0.0,0.0036330573134866206,0.0036264737017060447,0.3258008150584188,0.22202227247370038
2023-05-16 00:00:00-04:00,22.0,22.110000610351562,21.700000762939453,21.809999465942383,17266300,0.0,0.0,0.0,-0.013122213145774553,-0.013209070058066583,0.3095665469790551,0.22350345789917853
2023-05-17 00:00:00-04:00,21.920000076293945,21.920000076293945,21.6200008392334,21.81999969482422,14587600,0.0,0.0,0.0,0.0004585157783911775,0.00045841069215289915,0.3253498296489068,0.22262785166734644
2023-05-18 00:00:00-04:00,21.610000610351562,21.6299991607666,21.420000076293945,21.559999465942383,17283500,0.0,0.0,0.0,-0.011915684350055633,-0.011987245148832213,0.11892507656321051,0.22483250355423962
2023-05-19 00:00:00-04:00,21.700000762939453,22.059999465942383,21.579999923706055,21.860000610351562,20547900,0.0,0.0,0.0,0.01391471019668078,0.013818789399289018,0.17947951137783447,0.232278637183338
2023-05-22 00:00:00-04:00,21.860000610351562,21.950000762939453,21.670000076293945,21.670000076293945,12665500,0.0,0.0,0.0,-0.008691698479077137,-0.008729691600338601,0.17900526462839983,0.23187006003506147
2023-05-23 00:00:00-04:00,21.559999465942383,21.709999084472656,21.469999313354492,21.510000228881836,15236300,0.0,0.0,0.0,-0.007383472397267887,-0.007410865148628799,0.16435794434883683,0.23236976208473137
2023-05-24 00:00:00-04:00,21.40999984741211,21.440000534057617,21.139999389648438,21.15999984741211,19508500,0.0,0.0,0.0,-0.016271519188538863,-0.016405354141405565,0.18550606692609123,0.23666937150454345
2023-05-25 00:00:00-04:00,21.18000030517578,21.190000534057617,20.84000015258789,20.860000610351562,14846600,0.0,0.0,0.0,-0.01417765780831215,-0.014279120946901725,0.1906215555868356,0.23823757304373652
2023-05-26 00:00:00-04:00,21.260000228881836,21.43000030517578,21.139999389648438,21.3799991607666,13685100,0.0,0.0,0.0,0.02492802182167697,0.0246223875116503,0.2660999884697194,0.2585325679108815
2023-05-30 00:00:00-04:00,21.25,21.3700008392334,21.1299991607666,21.299999237060547,9121100,0.0,0.0,0.0,-0.0037418113585737656,-0.0037488294470740683,0.26328131171895924,0.258491446959664
2023-05-31 00:00:00-04:00,21.399999618530273,21.690000534057617,21.190000534057617,21.610000610351562,18058500,0.0,0.0,0.0,0.014554055605393357,0.014449161866109957,0.28699480928267346,0.252469613054865
2023-06-01 00:00:00-04:00,21.59000015258789,21.969999313354492,21.579999923706055,21.950000762939453,17940600,0.0,0.0,0.0,0.015733463349604238,0.015610975516506347,0.25319422244663203,0.2607489435483665
2023-06-02 00:00:00-04:00,21.969999313354492,22.0,21.649999618530273,21.690000534057617,13007000,0.0,0.0,0.0,-0.01184511252140008,-0.011915824818161887,0.24087846928513987,0.24500767860217612
2023-06-05 00:00:00-04:00,21.520000457763672,21.75,21.459999084472656,21.639999389648438,10411300,0.0,0.0,0.0,-0.002305262479393111,-0.002307923687584806,0.19251001151134936,0.24185480315496805
2023-06-06 00:00:00-04:00,21.6299991607666,21.709999084472656,21.43000030517578,21.649999618530273,9406900,0.0,0.0,0.0,0.00046211779870097835,0.0004620110551551691,0.18616029757061647,0.24240160245512282
2023-06-07 00:00:00-04:00,21.700000762939453,22.09000015258789,21.5,21.510000228881836,16744500,0.0,0.0,0.0,-0.006466484624258917,-0.0064874829082936505,0.16483561662705234,0.24218233535448894
2023-06-08 00:00:00-04:00,22.010000228881836,22.360000610351562,22.010000228881836,22.299999237060547,20397100,0.0,0.0,0.0,0.03672705717213187,0.0360686903331848,0.3055170913556796,0.28201784660486934
2023-06-09 00:00:00-04:00,22.260000228881836,22.520000457763672,22.209999084472656,22.270000457763672,10972800,0.0,0.0,0.0,-0.0013452367857941239,-0.0013461424290932872,0.28078689506759785,0.2249307013699796
2023-06-12 00:00:00-04:00,22.059999465942383,22.1200008392334,21.920000076293945,22.079999923706055,12277700,0.0,0.0,0.0,-0.008531680743247616,-0.008568283870894864,0.2947058342416442,0.22514441786397305
2023-06-13 00:00:00-04:00,22.110000610351562,22.209999084472656,21.65999984741211,21.739999771118164,14921900,0.0,0.0,0.0,-0.01539855768852838,-0.015518346788632795,0.3270145470659671,0.2313786858715794
2023-06-14 00:00:00-04:00,21.959999084472656,22.110000610351562,21.889999389648438,21.969999313354492,11298600,0.0,0.0,0.0,0.010579555872023638,0.010523983977820006,0.3248892018942888,0.22982058180714418
2023-06-15 00:00:00-04:00,21.670000076293945,21.950000762939453,21.670000076293945,21.940000534057617,11361000,0.0,0.0,0.0,-0.001365442887321322,-0.001366375953923411,0.153481286488537,0.2299123554574507
2023-06-16 00:00:00-04:00,22.079999923706055,22.219999313354492,21.920000076293945,22.18000030517578,10974100,0.0,0.0,0.0,0.010938913640663461,0.010879516492456677,0.1845309901841117,0.22801558754571996
2023-06-20 00:00:00-04:00,21.40999984741211,21.450000762939453,21.170000076293945,21.260000228881836,24042200,0.0,0.0,0.0,-0.041478812607557036,-0.04236361200162772,0.3479128702930036,0.26913666786275997
2023-06-21 00:00:00-04:00,20.950000762939453,20.969999313354492,20.649999618530273,20.84000015258789,19678000,0.0,0.0,0.0,-0.019755412595121813,-0.019953159472603545,0.35555766122686144,0.2759704289749443
2023-06-22 00:00:00-04:00,20.6299991607666,20.709999084472656,20.459999084472656,20.530000686645508,17066500,0.0,0.0,0.0,-0.014875214187744956,-0.014986959730242713,0.3143150012700857,0.27924010828977697
2023-06-23 00:00:00-04:00,20.649999618530273,20.829999923706055,20.459999084472656,20.579999923706055,13003800,0.0,0.0,0.0,0.00243542305836697,0.0024324622219155574,0.3244087560619241,0.2745772955244567
2023-06-26 00:00:00-04:00,20.850000381469727,21.0,20.739999771118164,20.899999618530273,12880100,0.0,0.0,0.0,0.015549062002454761,0.015429414019910421,0.34634476256499414,0.2762792370280186
2023-06-27 00:00:00-04:00,21.170000076293945,21.200000762939453,20.889999389648438,20.979999542236328,14341700,0.0,0.0,0.0,0.0038277476156087786,0.003820440430475565,0.2301861588527931,0.2610014852111788
2023-06-28 00:00:00-04:00,20.860000610351562,20.989999771118164,20.709999084472656,20.84000015258789,8188400,0.0,0.0,0.0,-0.0066729929791750076,-0.006695356942058868,0.18240893314053563,0.2616440246186947
2023-06-29 00:00:00-04:00,20.559999465942383,20.81999969482422,20.450000762939453,20.719999313354492,13780900,0.0,0.0,0.0,-0.005758197617791172,-0.00577483995502213,0.14252646259907562,0.2555312098016186
2023-06-30 00:00:00-04:00,20.649999618530273,20.969999313354492,20.56999969482422,20.889999389648438,10504600,0.0,0.0,0.0,0.008204637158669037,0.008171162099050524,0.1496589539397946,0.24994672387144337
2023-07-03 00:00:00-04:00,21.049999237060547,21.18000030517578,21.0,21.010000228881836,9135000,0.0,0.0,0.0,0.005744415640953182,0.005727979399786133,0.10852191391896324,0.24888378993910704
2023-07-05 00:00:00-04:00,21.31999969482422,21.350000381469727,21.100000381469727,21.209999084472656,13299400,0.0,0.0,0.0,0.009519221961544089,0.009474199660842347,0.12404792824709084,0.2518812970530999
2023-07-06 00:00:00-04:00,21.020000457763672,21.030000686645508,20.670000076293945,20.829999923706055,12544400,0.0,0.0,0.0,-0.017916038527544753,-0.018078473801513645,0.1853077276974743,0.2589288954402186
2023-07-07 00:00:00-04:00,20.920000076293945,21.239999771118164,20.920000076293945,21.18000030517578,10657900,0.0,0.0,0.0,0.016802706805169043,0.016663102971752188,0.2091427501263368,0.26643444711757347
2023-07-10 00:00:00-04:00,21.049999237060547,21.25,21.049999237060547,21.239999771118164,8670800,0.0,0.0,0.0,0.002832835933799238,0.002828831015819545,0.2065621848245866,0.22774442185275906
2023-07-11 00:00:00-04:00,21.25,21.299999237060547,21.1200008392334,21.200000762939453,6763100,0.0,0.0,0.0,-0.0018831924957504187,-0.001884967932080847,0.20819178775012773,0.22772147576905405
2023-07-12 00:00:00-04:00,21.90999984741211,22.15999984741211,21.8799991607666,22.149999618530273,24114700,0.0,0.0,0.0,0.04481126516049705,0.04383626160335874,0.3743368358863572,0.2810287983799423
2023-07-13 00:00:00-04:00,22.489999771118164,22.780000686645508,22.40999984741211,22.780000686645508,22406700,0.0,0.0,0.0,0.028442486634996822,0.028045508892472388,0.3027107506459949,0.291427690800529
2023-07-14 00:00:00-04:00,22.790000915527344,22.959999084472656,22.709999084472656,22.860000610351562,16802400,0.0,0.0,0.0,0.003511849047175497,0.003505696904700156,0.32074728436842115,0.2899044387561391
2023-07-17 00:00:00-04:00,22.690000534057617,22.81999969482422,22.56999969482422,22.790000915527344,9095900,0.0,0.0,0.0,-0.0030621038038171067,-0.00306680163628808,0.3377438446869807,0.2902393505570394
2023-07-18 00:00:00-04:00,22.809999465942383,23.100000381469727,22.729999542236328,22.989999771118164,14763800,0.0,0.0,0.0,0.008775728282422124,0.008737445389457765,0.31301202487949736,0.28946227751682374
2023-07-19 00:00:00-04:00,23.0,23.15999984741211,22.920000076293945,23.100000381469727,12889300,0.0,0.0,0.0,0.0047847155914177986,0.004773305222211231,0.18952353886820808,0.23970207827884216
2023-07-20 00:00:00-04:00,23.100000381469727,23.1299991607666,22.670000076293945,22.68000030517578,16215100,0.0,0.0,0.0,-0.018181821184334646,-0.01834914172631516,0.16813393268287408,0.23766698708678646
2023-07-21 00:00:00-04:00,22.68000030517578,22.709999084472656,22.559999465942383,22.56999969482422,11279000,0.0,0.0,0.0,-0.004850115029604307,-0.004861915007131095,0.1649665042078992,0.2294358682590382
2023-07-24 00:00:00-04:00,22.399999618530273,22.459999084472656,22.260000228881836,22.329999923706055,15105400,0.0,0.0,0.0,-0.01063357440687962,-0.010690514872732683,0.17502307435865475,0.2358569917465712
2023-07-25 00:00:00-04:00,22.56999969482422,22.690000534057617,22.459999084472656,22.6200008392334,10753400,0.0,0.0,0.0,0.012987054031266432,0.012903445353952134,0.19574787631385046,0.23439159910810145
2023-07-26 00:00:00-04:00,22.579999923706055,22.969999313354492,22.5,22.90999984741211,24549800,0.0,0.0,0.0,0.01282046849776064,0.012738982015724116,0.22278862738056213,0.23643590233773612
2023-07-27 00:00:00-04:00,22.5,22.520000457763672,22.059999465942383,22.110000610351562,27325200,0.0,0.0,0.0,-0.034919216167123346,-0.035543467330504626,0.3142981771050071,0.27264788460366784
2023-07-28 00:00:00-04:00,22.260000228881836,22.389999389648438,22.190000534057617,22.31999969482422,10628300,0.0,0.0,0.0,0.009497923051812851,0.0094531013657787,0.3305808113676788,0.27144801821875986
2023-07-31 00:00:00-04:00,22.479999542236328,22.790000915527344,22.479999542236328,22.690000534057617,14038900,0.0,0.0,0.0,0.016577098758616904,0.016441198488526182,0.3423008730958845,0.2748293555754895
2023-08-01 00:00:00-04:00,22.309999465942383,22.440000534057617,22.139999389648438,22.290000915527344,11580400,0.0,0.0,0.0,-0.01762889418754643,-0.017786133857653083,0.35693169222050525,0.28549722389292853
2023-08-02 00:00:00-04:00,22.190000534057617,22.219999313354492,21.700000762939453,21.75,16396700,0.0,0.0,0.0,-0.024226150441796324,-0.024524430936539946,0.3521104074829755,0.30020612874707886
2023-08-03 00:00:00-04:00,21.649999618530273,21.75,21.579999923706055,21.6299991607666,16330500,0.0,0.0,0.0,-0.0055172799647539295,-0.005532556369236299,0.27523169116193513,0.2927436774041098
2023-08-04 00:00:00-04:00,21.68000030517578,21.829999923706055,21.59000015258789,21.65999984741211,12397000,0.0,0.0,0.0,0.0013869943508793003,0.0013860333627021002,0.2549675019538721,0.28750526945369326
2023-08-07 00:00:00-04:00,21.59000015258789,21.600000381469727,21.15999984741211,21.209999084472656,11803100,0.0,0.0,0.0,-0.020775658638484185,-0.02099450911646004,0.17212506996845003,0.29783763363810495
2023-08-08 00:00:00-04:00,20.8700008392334,20.989999771118164,20.799999237060547,20.899999618530273,16557900,0.0,0.0,0.0,-0.01461572274038081,-0.014723584693073772,0.16870371259161093,0.3023546923219695
2023-08-09 00:00:00-04:00,20.850000381469727,21.0,20.75,20.799999237060547,11966200,0.0,0.0,0.0,-0.0047847073346865,-0.004796190691134923,0.1392742548887639,0.25049212628516415
2023-08-10 00:00:00-04:00,20.8799991607666,21.100000381469727,20.770000457763672,20.829999923706055,13574900,0.0,0.0,0.0,0.0014423407570156588,0.0014413015826949588,0.15738773330340355,0.2222555454236098
2023-08-11 00:00:00-04:00,20.81999969482422,20.959999084472656,20.760000228881836,20.799999237060547,8428800,0.0,0.0,0.0,-0.0014402634064037967,-0.001441301582694991,0.14838743144788688,0.2206152304106919
2023-08-14 00:00:00-04:00,20.700000762939453,20.809999465942383,20.520000457763672,20.719999313354492,10036200,0.0,0.0,0.0,-0.0038461503192516178,-0.0038535657754703747,0.09636459435450313,0.22055943154401889
2023-08-15 00:00:00-04:00,20.6299991607666,20.829999923706055,20.520000457763672,20.670000076293945,11894800,0.0,0.0,0.0,-0.002413090671693263,-0.0024160068672957127,0.03829626382410126,0.21502775761484863
2023-08-16 00:00:00-04:00,20.739999771118164,20.84000015258789,20.549999237060547,20.559999465942383,13151800,0.0,0.0,0.0,-0.005321751811589004,-0.005335962773325072,0.040687520433187664,0.21176078183422714
2023-08-17 00:00:00-04:00,21.059999465942383,21.079999923706055,20.709999084472656,20.799999237060547,16299600,0.0,0.0,0.0,0.01167314092180427,0.011605535416091326,0.1085141972376639,0.21495554698105523
2023-08-18 00:00:00-04:00,20.84000015258789,20.940000534057617,20.780000686645508,20.8700008392334,10430300,0.0,0.0,0.0,0.0033654617663698705,0.003359811274047518,0.11059145975960047,0.2166126874783147
2023-08-21 00:00:00-04:00,21.309999465942383,21.3799991607666,21.010000228881836,21.360000610351562,12346300,0.0,0.0,0.0,0.023478665616391226,0.023207281364967268,0.18503657449092142,0.2354066725767291
2023-08-22 00:00:00-04:00,21.3700008392334,21.489999771118164,21.280000686645508,21.459999084472656,12962900,0.0,0.0,0.0,0.004681576370022755,0.004670651874008071,0.1706305905994095,0.23012760664829823
2023-08-23 00:00:00-04:00,22.049999237060547,22.34000015258789,22.030000686645508,22.290000915527344,25176900,0.0,0.0,0.0,0.03867669461622825,0.03794749393071992,0.2349104514043356,0.2681596810316628
2023-08-24 00:00:00-04:00,22.200000762939453,22.309999465942383,22.059999465942383,22.110000610351562,13804100,0.0,0.0,0.0,-0.008075383480598775,-0.00810816599665181,0.29417529327862024,0.2387549659770561
2023-08-25 00:00:00-04:00,22.110000610351562,22.360000610351562,21.93000030517578,22.219999313354492,22742100,0.0,0.0,0.0,0.004975065579664983,0.004962730834764236,0.2912597351522494,0.23692821246319043
2023-08-28 00:00:00-04:00,22.079999923706055,22.34000015258789,22.040000915527344,22.219999313354492,7536600,0.0,0.0,0.0,0.0,0.0,0.2843738091755877,0.22859466190790217
2023-08-29 00:00:00-04:00,22.239999771118164,22.739999771118164,22.190000534057617,22.709999084472656,19726900,0.0,0.0,0.0,0.022052195601269364,0.021812562494279257,0.2978256802450561,0.23353246902560024
2023-08-30 00:00:00-04:00,22.850000381469727,22.940000534057617,22.549999237060547,22.56999969482422,13091200,0.0,0.0,0.0,-0.006164658533348799,-0.006183738495482204,0.1914117534138103,0.21574205048011363
2023-08-31 00:00:00-04:00,22.530000686645508,22.6200008392334,22.34000015258789,22.389999389648438,10536600,0.0,0.0,0.0,-0.007975201932194032,-0.008007173957486602,0.19106215827705034,0.2170412220387895
2023-09-01 00:00:00-04:00,22.610000610351562,22.700000762939453,22.149999618530273,22.170000076293945,12818500,0.0,0.0,0.0,-0.009825784696367856,-0.009874376281121158,0.2075436307160102,0.22094940344806852
2023-09-05 00:00:00-04:00,21.81999969482422,21.889999389648438,21.559999465942383,21.59000015258789,15054100,0.0,0.0,0.0,-0.02616147594542595,-0.0265097754752926,0.27623864793530883,0.22876102257481204
2023-09-06 00:00:00-04:00,21.15999984741211,21.40999984741211,21.100000381469727,21.239999771118164,14534100,0.0,0.0,0.0,-0.01621122644724826,-0.01634406599648512,0.12926380861226106,0.230269389117809
2023-09-07 00:00:00-04:00,21.079999923706055,21.170000076293945,21.010000228881836,21.049999237060547,10926900,0.0,0.0,0.0,-0.008945411304381312,-0.008985661713521812,0.12087240441986752,0.23209958813466305
2023-09-08 00:00:00-04:00,21.059999465942383,21.239999771118164,20.959999084472656,21.010000228881836,11661200,0.0,0.0,0.0,-0.0019001904811610792,-0.0019019981333787603,0.14473086005000668,0.23226066504122633
2023-09-11 00:00:00-04:00,21.239999771118164,21.270000457763672,21.040000915527344,21.15999984741211,8858900,0.0,0.0,0.0,0.007139439166881756,0.0071140740280942255,0.20347518913706292,0.23328921534123145
2023-09-12 00:00:00-04:00,21.0,21.219999313354492,20.969999313354492,21.1299991607666,8738500,0.0,0.0,0.0,-0.001417801836571253,-0.0014188078686102948,0.1393838402772783,0.232784371538514
2023-09-13 00:00:00-04:00,21.010000228881836,21.110000610351562,20.90999984741211,20.93000030517578,11886100,0.0,0.0,0.0,-0.009465161549185974,-0.009510240871649442,0.10755890640971365,0.2355183703284655
2023-09-14 00:00:00-04:00,20.600000381469727,20.860000610351562,20.450000762939453,20.729999542236328,26204900,0.0,0.0,0.0,-0.00955569804220191,-0.009601646673186854,0.10977790242802535,0.23743279038642628
2023-09-15 00:00:00-04:00,21.190000534057617,21.350000381469727,21.100000381469727,21.110000610351562,22811300,0.0,0.0,0.0,0.018330973299878872,0.01816498640763631,0.1886402042499452,0.24269954756795137
2023-09-18 00:00:00-04:00,21.219999313354492,21.31999969482422,21.049999237060547,21.299999237060547,11481300,0.0,0.0,0.0,0.009000408394863602,0.008960146123484742,0.19286723926946028,0.2442931333242203
2023-09-19 00:00:00-04:00,21.3700008392334,21.399999618530273,21.170000076293945,21.270000457763672,10111200,0.0,0.0,0.0,-0.001408393444666367,-0.001409386162915251,0.19285865678224043,0.22963149938050156
2023-09-20 00:00:00-04:00,21.31999969482422,21.6299991607666,21.299999237060547,21.34000015258789,17354000,0.0,0.0,0.0,0.0032910057977300067,0.00328560229022039,0.16722343068307638,0.22929926334234646
2023-09-21 00:00:00-04:00,21.040000915527344,21.520000457763672,21.0,21.440000534057617,12395300,0.0,0.0,0.0,0.004686053456171013,0.0046751080880744365,0.11825247854445853,0.17916166460723207
2023-09-22 00:00:00-04:00,21.649999618530273,21.75,21.559999465942383,21.579999923706055,11348500,0.0,0.0,0.0,0.006529822115724615,0.006508595182583239,0.06186328134365411,0.17996391092461902
2023-09-25 00:00:00-04:00,21.479999542236328,21.559999465942383,21.1299991607666,21.200000762939453,14549100,0.0,0.0,0.0,-0.017608858299816954,-0.01776573862891176,0.15541928952283995,0.1874655173765617
2023-09-26 00:00:00-04:00,21.0,21.15999984741211,20.940000534057617,20.959999084472656,18268200,0.0,0.0,0.0,-0.011320833482532322,-0.011385401892575343,0.17245190032993632,0.18992977277899245
2023-09-27 00:00:00-04:00,20.709999084472656,20.799999237060547,20.540000915527344,20.700000762939453,15643800,0.0,0.0,0.0,-0.012404500614974334,-0.012482078644799628,0.17303939363611415,0.16815222407156097
2023-09-28 00:00:00-04:00,20.639999389648438,20.84000015258789,20.530000686645508,20.739999771118164,14007700,0.0,0.0,0.0,0.0019323191644671223,0.0019304546373117692,0.16312222894453224,0.16958360722560795
2023-09-29 00:00:00-04:00,21.389999389648438,21.43000030517578,20.270000457763672,20.34000015258789,36658600,0.0,0.0,0.0,-0.019286384905717324,-0.01947479364333615,0.13256425235341587,0.17752197165978428
2023-10-02 00:00:00-04:00,19.690000534057617,19.739999771118164,19.399999618530273,19.420000076293945,41002700,0.0,0.0,0.0,-0.045231075191358494,-0.04628593133047046,0.2765175632879139,0.22824181120974227
2023-10-03 00:00:00-04:00,19.260000228881836,19.6200008392334,19.209999084472656,19.440000534057617,32235800,0.0,0.0,0.0,0.0010298896851235195,0.0010293597125860454,0.3056071587990829,0.21732252750908013
2023-10-04 00:00:00-04:00,19.40999984741211,19.420000076293945,18.969999313354492,19.309999465942383,25141000,0.0,0.0,0.0,-0.006687297558839123,-0.006709757721018669,0.3110674718274512,0.21348345988667036
2023-10-05 00:00:00-04:00,19.31999969482422,19.399999618530273,18.979999542236328,19.25,16430500,0.0,0.0,0.0,-0.00310717077171363,-0.0031120080495803657,0.2968998236810711,0.2129359070103305
2023-10-06 00:00:00-04:00,19.65999984741211,19.81999969482422,19.260000228881836,19.729999542236328,28298500,0.0,0.0,0.0,0.024935041155133897,0.02462923609932792,0.40113673104825465,0.23701338681665007
2023-10-09 00:00:00-04:00,19.84000015258789,20.079999923706055,19.799999237060547,20.059999465942383,13077400,0.0,0.0,0.0,0.016725794797897375,0.01658745907765608,0.2159911686044609,0.24478457570750858
2023-10-10 00:00:00-04:00,19.969999313354492,20.079999923706055,19.8799991607666,19.979999542236328,12115000,0.0,0.0,0.0,-0.003988032195209046,-0.003996005601464775,0.22678153139048396,0.2447967007168374
2023-10-11 00:00:00-04:00,20.190000534057617,20.270000457763672,20.06999969482422,20.18000030517578,20080500,0.0,0.0,0.0,0.010010048424508922,0.009960279738835103,0.19920296753559338,0.2473847257906412
2023-10-12 00:00:00-04:00,20.239999771118164,20.31999969482422,19.93000030517578,19.959999084472656,16915500,0.0,0.0,0.0,-0.010901943378400225,-0.010961805032934244,0.23356295624033732,0.24799666571964543
2023-10-13 00:00:00-04:00,20.489999771118164,20.90999984741211,20.469999313354492,20.780000686645508,28957500,0.0,0.0,0.0,0.04108224648220293,0.0402607936994432,0.32164824012651505,0.28312127747041843
2023-10-16 00:00:00-04:00,20.719999313354492,20.829999923706055,20.65999984741211,20.68000030517578,11982500,0.0,0.0,0.0,-0.00481233773654266,-0.0048239543173790615,0.33192540869858567,0.2811241897852987
2023-10-17 00:00:00-04:00,20.790000915527344,21.09000015258789,20.729999542236328,20.920000076293945,16482000,0.0,0.0,0.0,0.011605404621686466,0.011538578446382624,0.3197797470046349,0.2848447681739732
2023-10-18 00:00:00-04:00,21.209999084472656,21.329999923706055,20.780000686645508,20.950000762939453,20065700,0.0,0.0,0.0,0.0014340672340391603,0.0014330399416435829,0.32450437975331686,0.2845779011312689
2023-10-19 00:00:00-04:00,20.940000534057617,21.15999984741211,20.75,21.110000610351562,20356700,0.0,0.0,0.0,0.007637223942022375,0.007608207987836562,0.281453230582799,0.28551944449606026
2023-10-20 00:00:00-04:00,21.15999984741211,21.719999313354492,21.15999984741211,21.399999618530273,35245700,0.0,0.0,0.0,0.013737517754334183,0.013644013428977081,0.12081661631652396,0.289038386026509
2023-10-23 00:00:00-04:00,21.200000762939453,21.270000457763672,21.0,21.049999237060547,14074100,0.0,0.0,0.0,-0.016355158304146022,-0.016490380317882285,0.19214940274007788,0.28807302868234325
2023-10-24 00:00:00-04:00,20.920000076293945,21.09000015258789,20.860000610351562,21.020000457763672,11491700,0.0,0.0,0.0,-0.001425120208273456,-0.0014261366579008485,0.1798743700802414,0.2851320505758996
2023-10-25 00:00:00-04:00,20.90999984741211,21.079999923706055,20.670000076293945,20.940000534057617,17639800,0.0,0.0,0.0,-0.003805895431201467,-0.003813156279759781,0.18290930315604884,0.2816645369678529
2023-10-26 00:00:00-04:00,20.90999984741211,20.969999313354492,20.56999969482422,20.850000381469727,14326600,0.0,0.0,0.0,-0.004298001446633726,-0.004307264405854238,0.17054773720272232,0.2821785152592042
2023-10-27 00:00:00-04:00,20.920000076293945,21.190000534057617,20.760000228881836,21.18000030517578,18630000,0.0,0.0,0.0,0.015827334180738895,0.01570338804121698,0.1832038437888472,0.27714548896591645
2023-10-30 00:00:00-04:00,21.59000015258789,21.610000610351562,21.229999542236328,21.34000015258789,15304600,0.0,0.0,0.0,0.0075542891929520906,0.007525898441992864,0.138432051963961,0.21341277622069987
2023-10-31 00:00:00-04:00,21.139999389648438,21.360000610351562,20.84000015258789,20.979999542236328,17624900,0.0,0.0,0.0,-0.016869756690601756,-0.01701367187482942,0.19836962304334152,0.22666453228989186
2023-11-01 00:00:00-04:00,20.81999969482422,21.09000015258789,20.65999984741211,20.969999313354492,25224400,0.0,0.0,0.0,-0.00047665534318552805,-0.0004767689794552799,0.19607698994138048,0.2238663717347835
2023-11-02 00:00:00-04:00,21.06999969482422,21.100000381469727,20.770000457763672,20.8700008392334,12232500,0.0,0.0,0.0,-0.004768644606364392,-0.004780050868107644,0.1968065787856983,0.2246644239420622
2023-11-03 00:00:00-04:00,21.030000686645508,21.350000381469727,20.989999771118164,21.219999313354492,21259900,0.0,0.0,0.0,0.016770410160364513,0.01663133952588658,0.20156457508629874,0.2163580558638912
2023-11-06 00:00:00-05:00,21.219999313354492,21.229999542236328,21.06999969482422,21.079999923706055,10278200,0.0,0.0,0.0,-0.006597520932073331,-0.006619380773520128,0.19503800642930674,0.21360529186247543
2023-11-07 00:00:00-05:00,20.729999542236328,20.760000228881836,20.56999969482422,20.729999542236328,16082200,0.0,0.0,0.0,-0.01660343371615125,-0.016742815688400123,0.1937974545150293,0.22321826235667042
2023-11-08 00:00:00-05:00,20.809999465942383,20.940000534057617,20.6200008392334,20.649999618530273,14361200,0.0,0.0,0.0,-0.0038591377459058496,-0.0038666034315727725,0.19324079318925788,0.22199114935802788
2023-11-09 00:00:00-05:00,20.75,21.06999969482422,20.649999618530273,20.690000534057617,18732000,0.0,0.0,0.0,0.001937090376091355,0.0019352166358746752,0.1952532291869545,0.21730296807983396
2023-11-10 00:00:00-05:00,20.549999237060547,20.600000381469727,20.34000015258789,20.34000015258789,14049800,0.0,0.0,0.0,-0.016916402727665147,-0.01706111944752918,0.1305549020708222,0.17117676783727706
2023-11-13 00:00:00-05:00,20.18000030517578,20.489999771118164,20.100000381469727,20.43000030517578,11091100,0.0,0.0,0.0,0.004424786229730637,0.004415025644883836,0.16025601106393753,0.17159818516951267
2023-11-14 00:00:00-05:00,20.920000076293945,21.239999771118164,20.8700008392334,21.170000076293945,21723900,0.0,0.0,0.0,0.03622123152541956,0.03558066498348402,0.3116069547317895,0.21217776130755894
2023-11-15 00:00:00-05:00,21.360000610351562,21.520000457763672,21.239999771118164,21.450000762939453,18585600,0.0,0.0,0.0,0.013226295967710078,0.013139592191653653,0.3067802696743969,0.2168130273278334
2023-11-16 00:00:00-05:00,21.8799991607666,22.059999465942383,21.729999542236328,21.760000228881836,20259200,0.0,0.0,0.0,0.014452189040384145,0.014348751563910436,0.30462547251494415,0.2207815170416162
2023-11-17 00:00:00-05:00,21.790000915527344,21.860000610351562,21.68000030517578,21.75,12296000,0.0,0.0,0.0,-0.00045956933716218007,-0.00045967497151545617,0.22371772012363272,0.2161399024143514
2023-11-20 00:00:00-05:00,21.420000076293945,21.610000610351562,21.3799991607666,21.479999542236328,9559600,0.0,0.0,0.0,-0.012413814150053826,-0.012491509205187244,0.28939481883681845,0.21238711384764142
2023-11-21 00:00:00-05:00,21.8799991607666,22.0,21.739999771118164,21.770000457763672,15213000,0.0,0.0,0.0,0.013500974008733735,0.013410647944220297,0.1878538875402982,0.2166038482465431
2023-11-22 00:00:00-05:00,21.700000762939453,21.81999969482422,21.56999969482422,21.670000076293945,11143900,0.0,0.0,0.0,-0.004593494688424071,-0.004604077204741012,0.18522289323153301,0.2168940881471746
2023-11-24 00:00:00-05:00,22.020000457763672,22.290000915527344,22.0,22.270000457763672,10803300,0.0,0.0,0.0,0.027688065498721492,0.027311682755462616,0.2524709676217738,0.23400375625584663
2023-11-27 00:00:00-05:00,22.670000076293945,22.709999084472656,22.5,22.559999465942383,19785600,0.0,0.0,0.0,0.013021957890333669,0.012937901132643448,0.2531046718033325,0.2322332664710984
2023-11-28 00:00:00-05:00,22.68000030517578,22.920000076293945,22.59000015258789,22.920000076293945,17064400,0.0,0.0,0.0,0.015957474240858804,0.01583149221815389,0.1834522985099478,0.23617537581650414
2023-11-29 00:00:00-05:00,22.959999084472656,23.1299991607666,22.81999969482422,22.8799991607666,16675200,0.0,0.0,0.0,-0.0017452406367448603,-0.001746765343429887,0.2112548316187899,0.22453443444636992
2023-11-30 00:00:00-05:00,22.969999313354492,23.149999618530273,22.850000381469727,23.1299991607666,14364300,0.0,0.0,0.0,0.010926573827357844,0.010867310128203213,0.16763651657992362,0.2248720170965943
2023-12-01 00:00:00-05:00,23.09000015258789,23.3700008392334,23.049999237060547,23.329999923706055,22107800,0.0,0.0,0.0,0.00864681237337428,0.008609642803112707,0.10743938878913756,0.22216162079993004
2023-12-04 00:00:00-05:00,22.75,22.920000076293945,22.360000610351562,22.459999084472656,30668300,0.0,0.0,0.0,-0.037291077671602335,-0.038004174215405605,0.3404712858889089,0.2650958737147682
2023-12-05 00:00:00-05:00,22.280000686645508,22.3799991607666,21.950000762939453,22.1200008392334,27205100,0.0,0.0,0.0,-0.015137945641071293,-0.01525369395356496,0.3152539944631946,0.27085741139415037
2023-12-06 00:00:00-05:00,22.170000076293945,22.200000762939453,21.8700008392334,21.93000030517578,13374500,0.0,0.0,0.0,-0.00858953557183506,-0.008626638248459334,0.31190266278050915,0.26476687342214694
2023-12-07 00:00:00-05:00,21.889999389648438,21.90999984741211,21.600000381469727,21.790000915527344,16758500,0.0,0.0,0.0,-0.006383921007761972,-0.0064043853732329206,0.2654697742814767,0.26577779593313045
2023-12-08 00:00:00-05:00,21.350000381469727,21.559999465942383,21.020000457763672,21.100000381469727,28746500,0.0,0.0,0.0,-0.03166592496863685,-0.03217813241131352,0.2208408047257477,0.2926696244102184
2023-12-11 00:00:00-05:00,20.969999313354492,21.0,20.809999465942383,20.90999984741211,22883700,0.0,0.0,0.0,-0.009004764484482064,-0.009045552417976848,0.1637245314995321,0.28749613735643287
2023-12-12 00:00:00-05:00,20.969999313354492,20.979999542236328,20.780000686645508,20.84000015258789,12118700,0.0,0.0,0.0,-0.003347665965329094,-0.0033532819361358074,0.17987142233129227,0.28778506427722106
2023-12-13 00:00:00-05:00,20.75,21.780000686645508,20.610000610351562,21.770000457763672,35068000,0.0,0.0,0.0,0.044625734086681135,0.043658672066684154,0.4433906883141604,0.3025375249359945
2023-12-14 00:00:00-05:00,21.989999771118164,22.18000030517578,21.989999771118164,22.149999618530273,21384100,0.0,0.0,0.0,0.017455174679662733,0.017304582995308956,0.4577471222310192,0.3050602805142425
2023-12-15 00:00:00-05:00,21.979999542236328,22.030000686645508,21.75,21.829999923706055,13078000,0.0,0.0,0.0,-0.014446939067055964,-0.014552312202095217,0.38462433549308245,0.30638546839040093
2023-12-18 00:00:00-05:00,21.8799991607666,21.8799991607666,21.65999984741211,21.799999237060547,12927400,0.0,0.0,0.0,-0.0013742870705615307,-0.001375232269119707,0.3680062751433682,0.30643421689751543
2023-12-19 00:00:00-05:00,21.90999984741211,22.1299991607666,21.889999389648438,22.030000686645508,12752700,0.0,0.0,0.0,0.010550525579558379,0.010495257185087887,0.35252271405955876,0.30464269590088167
2023-12-20 00:00:00-05:00,22.260000228881836,22.309999465942383,22.040000915527344,22.040000915527344,12523600,0.0,0.0,0.0,0.0004539368393163823,0.00045383384115793156,0.19358758928179892,0.30129337718532995
2023-12-21 00:00:00-05:00,22.280000686645508,22.420000076293945,22.200000762939453,22.309999465942383,17063600,0.0,0.0,0.0,0.012250387440992494,0.012175958682337302,0.17044642541010804,0.3032298886228178
2023-12-22 00:00:00-05:00,22.40999984741211,22.530000686645508,22.049999237060547,22.1200008392334,17235800,0.0,0.0,0.0,-0.008516299025422613,-0.008552769912242937,0.13754300271500752,0.2888564286878702
2023-12-26 00:00:00-05:00,22.209999084472656,22.219999313354492,22.040000915527344,22.200000762939453,11861700,0.0,0.0,0.0,0.0036166329417204324,0.0036101086507148382,0.1327721265706813,0.2850591315085375
2023-12-27 00:00:00-05:00,22.100000381469727,22.399999618530273,22.09000015258789,22.229999542236328,13898400,0.0,0.0,0.0,0.0013512963182846782,0.0013503841390719122,0.11798111507763656,0.27840953569441224
2023-12-28 00:00:00-05:00,22.170000076293945,22.25,21.959999084472656,21.989999771118164,11257800,0.0,0.0,0.0,-0.01079621124877539,-0.010854913225728166,0.1491668353942164,0.2804129708437872
2023-12-29 00:00:00-05:00,21.6200008392334,21.950000762939453,21.559999465942383,21.780000686645508,13161200,0.0,0.0,0.0,-0.00954975382712242,-0.00959564512698126,0.10678527659268434,0.277458784785444
2024-01-02 00:00:00-05:00,21.889999389648438,21.989999771118164,21.639999389648438,21.649999618530273,13277800,0.0,0.0,0.0,-0.005968827548979094,-0.005986712202587652,0.10261834870457809,0.2742529217713308
2024-01-03 00:00:00-05:00,21.079999923706055,21.219999313354492,20.90999984741211,21.059999465942383,26373800,0.0,0.0,0.0,-0.02725173962972771,-0.027629955481682022,0.16698066126094802,0.25982565321188755
2024-01-04 00:00:00-05:00,20.920000076293945,21.100000381469727,20.770000457763672,21.079999923706055,11972000,0.0,0.0,0.0,0.0009496893765841286,0.0009492387069363449,0.16520849611589455,0.25617865160748643
2024-01-05 00:00:00-05:00,21.149999618530273,21.530000686645508,21.030000686645508,21.209999084472656,21401800,0.0,0.0,0.0,0.006166943132689839,0.006148005357794671,0.2030103806193926,0.2567143474824477
2024-01-08 00:00:00-05:00,21.06999969482422,21.25,21.0,21.1299991607666,9527900,0.0,0.0,0.0,-0.0037718023177388815,-0.003778933501358441,0.20281693227434738,0.2562282016732029
2024-01-09 00:00:00-05:00,21.219999313354492,21.25,20.959999084472656,21.0,10772300,0.0,0.0,0.0,-0.006152350493604297,-0.006171354186917352,0.20282075678667338,0.23104248082846487
2024-01-10 00:00:00-05:00,20.93000030517578,21.020000457763672,20.850000381469727,20.940000534057617,12093700,0.0,0.0,0.0,-0.0028571174258277265,-0.0028612067768482973,0.07644383343467248,0.22893424149742375
2024-01-11 00:00:00-05:00,20.969999313354492,21.06999969482422,20.56999969482422,20.81999969482422,21816100,0.0,0.0,0.0,-0.005730698957634894,-0.0057471824175704435,0.07962343377787588,0.22957517909624026
2024-01-12 00:00:00-05:00,21.389999389648438,21.540000915527344,21.110000610351562,21.190000534057617,18914500,0.0,0.0,0.0,0.01777141424864581,0.01761534895448865,0.16048087566727018,0.17331505715496057
2024-01-16 00:00:00-05:00,21.139999389648438,21.170000076293945,20.920000076293945,20.959999084472656,16953000,0.0,0.0,0.0,-0.010854244633703103,-0.010913581710391978,0.17752735843800707,0.16142359076574525
2024-01-17 00:00:00-05:00,20.780000686645508,20.799999237060547,20.610000610351562,20.649999618530273,18249100,0.0,0.0,0.0,-0.014790051502055368,-0.014900514839169486,0.20067232302236074,0.16175877507806025
2024-01-18 00:00:00-05:00,20.559999465942383,20.84000015258789,20.540000915527344,20.809999465942383,10585900,0.0,0.0,0.0,0.00774817677325923,0.007718313808102571,0.21568330780023315,0.16595586394961087
2024-01-19 00:00:00-05:00,20.770000457763672,20.770000457763672,20.559999465942383,20.670000076293945,12574500,0.0,0.0,0.0,-0.006727505681946799,-0.006750237357309888,0.2171221895767732,0.1594595623689353
2024-01-22 00:00:00-05:00,20.1200008392334,20.40999984741211,20.06999969482422,20.219999313354492,18292200,0.0,0.0,0.0,-0.021770718978155745,-0.022011197751128666,0.17485952350662057,0.1718614441281519
2024-01-23 00:00:00-05:00,20.440000534057617,20.559999465942383,20.399999618530273,20.530000686645508,13096700,0.0,0.0,0.0,0.01533142353206074,0.015215084843203719,0.2448199412959145,0.17607963697141177
2024-01-24 00:00:00-05:00,20.979999542236328,21.0,20.700000762939453,20.709999084472656,24238800,0.0,0.0,0.0,0.008767578753381855,0.00872936672367459,0.2366496841022423,0.18093852059273294
2024-01-25 00:00:00-05:00,20.950000762939453,21.06999969482422,20.790000915527344,20.940000534057617,15755400,0.0,0.0,0.0,0.011105816501817412,0.011044599746100855,0.24406120152907615,0.18656043187758564
2024-01-26 00:00:00-05:00,20.809999465942383,20.920000076293945,20.770000457763672,20.860000610351562,7980600,0.0,0.0,0.0,-0.003820435609633299,-0.003827752114525743,0.23882266834595647,0.18591730580469915
2024-01-29 00:00:00-05:00,21.030000686645508,21.25,20.84000015258789,21.209999084472656,14309400,0.0,0.0,0.0,0.01677844985044774,0.016639246579649946,0.12980323953614192,0.19627457532192133
2024-01-30 00:00:00-05:00,21.290000915527344,21.329999923706055,20.989999771118164,21.190000534057617,10734400,0.0,0.0,0.0,-0.0009428831342892519,-0.0009433279282061501,0.1360573849033474,0.19409294606811703
2024-01-31 00:00:00-05:00,21.200000762939453,21.350000381469727,20.84000015258789,20.90999984741211,19870400,0.0,0.0,0.0,-0.01321381215613826,-0.013301891340314983,0.19038076656148584,0.19806698330930894
2024-02-01 00:00:00-05:00,20.940000534057617,21.280000686645508,20.8799991607666,21.209999084472656,28714400,0.0,0.0,0.0,0.014347165913426663,0.01424521926852119,0.20124822541039075,0.18110316222283837
2024-02-02 00:00:00-05:00,20.610000610351562,20.790000915527344,20.5,20.75,24324400,0.0,0.0,0.0,-0.021687840845283746,-0.02192647873499161,0.2666681329074809,0.1973202968020667
2024-02-05 00:00:00-05:00,20.440000534057617,20.549999237060547,20.3799991607666,20.469999313354492,16531700,0.0,0.0,0.0,-0.013494008994964224,-0.013585880547501285,0.22293744593985287,0.20054088096950864
2024-02-06 00:00:00-05:00,20.43000030517578,20.579999923706055,20.389999389648438,20.510000228881836,9007500,0.0,0.0,0.0,0.0019541239310765235,0.0019522171146072176,0.22876724264459455,0.20078543895794523
2024-02-07 00:00:00-05:00,20.43000030517578,20.540000915527344,20.31999969482422,20.329999923706055,12084100,0.0,0.0,0.0,-0.008776221509851911,-0.008814959356334272,0.222548065740578,0.20182042628876856
2024-02-08 00:00:00-05:00,20.440000534057617,20.709999084472656,20.3799991607666,20.649999618530273,16547600,0.0,0.0,0.0,0.015740270340634854,0.015617677046452567,0.23046638557138768,0.21081060169054214
2024-02-09 00:00:00-05:00,20.559999465942383,20.719999313354492,20.459999084472656,20.68000030517578,10620900,0.0,0.0,0.0,0.0014528177820685162,0.0014517634633463602,0.17939687929496465,0.21003846231094833
2024-02-12 00:00:00-05:00,20.6299991607666,20.84000015258789,20.600000381469727,20.760000228881836,11006500,0.0,0.0,0.0,0.003868468207228748,0.0038610049255467117,0.13864546149813822,0.19975975885827874
2024-02-13 00:00:00-05:00,20.43000030517578,20.440000534057617,20.110000610351562,20.200000762939453,22824200,0.0,0.0,0.0,-0.026974925807722205,-0.02734542714638625,0.2542826251764871,0.2177476368084071
2024-02-14 00:00:00-05:00,20.229999542236328,20.549999237060547,20.209999084472656,20.440000534057617,13085100,0.0,0.0,0.0,0.011881176339284538,0.011811149287128673,0.266403126024769,0.21715221220168715
2024-02-15 00:00:00-05:00,20.84000015258789,21.079999923706055,20.829999923706055,20.940000534057617,26720400,0.0,0.0,0.0,0.024461838891192134,0.0241674394830078,0.301313748124876,0.23301706950687776
2024-02-16 00:00:00-05:00,21.06999969482422,21.5,20.90999984741211,21.389999389648438,20251800,0.0,0.0,0.0,0.021489916146798738,0.02126226361330422,0.32752946178561665,0.24286598519384425
2024-02-20 00:00:00-05:00,21.170000076293945,21.190000534057617,21.030000686645508,21.06999969482422,9047200,0.0,0.0,0.0,-0.014960247964246332,-0.015073281227681763,0.3639270580881124,0.23517142234467364
2024-02-21 00:00:00-05:00,21.09000015258789,21.100000381469727,20.81999969482422,20.959999084472656,9408700,0.0,0.0,0.0,-0.005220721971751274,-0.005234397559096341,0.27136719320095415,0.23119252185856684
2024-02-22 00:00:00-05:00,20.920000076293945,20.969999313354492,20.799999237060547,20.81999969482422,16728600,0.0,0.0,0.0,-0.006679360484903363,-0.006701767244096555,0.2843022396675792,0.23093321122622026
2024-02-23 00:00:00-05:00,20.799999237060547,21.040000915527344,20.690000534057617,20.989999771118164,15186500,0.0,0.0,0.0,0.008165229528615647,0.008132074399209868,0.22764897828264177,0.22934978315470253
2024-02-26 00:00:00-05:00,20.610000610351562,20.690000534057617,20.540000915527344,20.6200008392334,14409300,0.0,0.0,0.0,-0.017627390944228494,-0.017784603639430158,0.1605622339981348,0.23766051164230795
2024-02-27 00:00:00-05:00,20.719999313354492,20.739999771118164,20.510000228881836,20.56999969482422,10175100,0.0,0.0,0.0,-0.0024248856631491345,-0.0024278304598822848,0.1467813180526244,0.22878325468759528
2024-02-28 00:00:00-05:00,20.510000228881836,20.559999465942383,20.450000762939453,20.549999237060547,8303800,0.0,0.0,0.0,-0.0009723120107145711,-0.0009727850126661692,0.1490181937226952,0.22878244395782737
2024-02-29 00:00:00-05:00,20.75,20.790000915527344,20.6200008392334,20.729999542236328,10459600,0.0,0.0,0.0,0.008759139263186055,0.008721000549268587,0.16978702800055767,0.2270650817838026
2024-03-01 00:00:00-05:00,20.799999237060547,21.280000686645508,20.639999389648438,21.170000076293945,23570200,0.0,0.0,0.0,0.021225303607032897,0.021003184385140598,0.22849513858279705,0.23416534128366873
2024-03-04 00:00:00-05:00,21.43000030517578,21.899999618530273,21.389999389648438,21.860000610351562,26016600,0.0,0.0,0.0,0.03259331750453209,0.032073421918679006,0.2375770118463516,0.24640971608783643
2024-03-05 00:00:00-05:00,21.959999084472656,22.059999465942383,21.639999389648438,21.670000076293945,22277000,0.0,0.0,0.0,-0.008691698479077137,-0.008729691600338601,0.26397526337397337,0.24278071601439824
2024-03-06 00:00:00-05:00,21.860000610351562,22.229999542236328,21.860000610351562,22.100000381469727,31037700,0.0,0.0,0.0,0.019843115074382744,0.019648806715795646,0.24741541055100746,0.24999169127881182
2024-03-07 00:00:00-05:00,22.139999389648438,22.40999984741211,22.1200008392334,22.239999771118164,18890500,0.0,0.0,0.0,0.0063348139018957195,0.006314833306151426,0.2516730619259318,0.24557852838449692
2024-03-08 00:00:00-05:00,22.229999542236328,22.450000762939453,22.1200008392334,22.229999542236328,27245900,0.0,0.0,0.0,-0.0004496505838468279,-0.0004497517069851264,0.2607633626349682,0.24255477992460378
2024-03-11 00:00:00-04:00,22.329999923706055,22.440000534057617,22.239999771118164,22.350000381469727,15364500,0.0,0.0,0.0,0.00539814852471765,0.005383630743627326,0.16613404199006887,0.24245188548387428
2024-03-12 00:00:00-04:00,22.209999084472656,22.219999313354492,21.969999313354492,22.09000015258789,16339600,0.0,0.0,0.0,-0.011633119661930813,-0.011701313787993627,0.1814409971654638,0.24872709775543037
2024-03-13 00:00:00-04:00,22.309999465942383,22.8799991607666,22.260000228881836,22.790000915527344,27121500,0.0,0.0,0.0,0.0316885811726646,0.03119685909033884,0.25256735720342305,0.2413101961126899
2024-03-14 00:00:00-04:00,22.90999984741211,22.940000534057617,22.6200008392334,22.729999542236328,14705300,0.0,0.0,0.0,-0.0026327938078376523,-0.002636265704652774,0.2603220410395663,0.24224335000966915
2024-03-15 00:00:00-04:00,23.049999237060547,23.280000686645508,22.969999313354492,23.030000686645508,28077900,0.0,0.0,0.0,0.013198466803825637,0.013112125922589582,0.26208435531077834,0.2336558866334976
2024-03-18 00:00:00-04:00,23.1299991607666,23.1299991607666,22.850000381469727,22.90999984741211,11920400,0.0,0.0,0.0,-0.005210631161769119,-0.00522425384277056,0.27708164746914027,0.22761074516894325
2024-03-19 00:00:00-04:00,22.790000915527344,22.84000015258789,22.6200008392334,22.790000915527344,13406900,0.0,0.0,0.0,-0.0052378407980793185,-0.00525160637516634,0.25566847357872574,0.21960807913334787
2024-03-20 00:00:00-04:00,22.709999084472656,23.450000762939453,22.700000762939453,23.290000915527344,31945100,0.0,0.0,0.0,0.02193944624457389,0.021702239776219594,0.19759728644570748,0.2255303102026058
2024-03-21 00:00:00-04:00,23.139999389648438,23.15999984741211,22.530000686645508,22.649999618530273,31163600,0.0,0.0,0.0,-0.027479659589467187,-0.027864288119026755,0.3036660070066317,0.2509357848122317
2024-03-22 00:00:00-04:00,22.649999618530273,22.81999969482422,22.520000457763672,22.559999465942383,17183600,0.0,0.0,0.0,-0.0039735167374687075,-0.003981432130021171,0.2780472936191827,0.25217736994795265
2024-03-25 00:00:00-04:00,22.600000381469727,22.729999542236328,22.549999237060547,22.579999923706055,10066700,0.0,0.0,0.0,0.0008865451346249387,0.0008861523855964276,0.27972857854523653,0.23962965495744923
2024-03-26 00:00:00-04:00,22.610000610351562,22.6200008392334,22.290000915527344,22.34000015258789,18183600,0.0,0.0,0.0,-0.010628865010145372,-0.010685754871378213,0.2852843258679584,0.244564538536104
2024-03-27 00:00:00-04:00,22.34000015258789,22.559999465942383,22.34000015258789,22.510000228881836,12551800,0.0,0.0,0.0,0.007609672118746635,0.007580864615338322,0.2125324582278274,0.24403165769431318
2024-03-28 00:00:00-04:00,22.479999542236328,22.799999237060547,22.420000076293945,22.75,29105400,0.0,0.0,0.0,0.010661917755568462,0.01060548031031173,0.1367835957130918,0.24454674986436375
2024-04-01 00:00:00-04:00,23.190000534057617,23.200000762939453,22.6299991607666,22.860000610351562,22490700,0.0,0.0,0.0,0.004835191663804972,0.004823539669248262,0.13114487269340755,0.23671621459995207
2024-04-02 00:00:00-04:00,23.329999923706055,23.899999618530273,23.239999771118164,23.84000015258789,58416700,0.0,0.0,0.0,0.042869620125581376,0.041976163531440173,0.3107786969184897,0.2552888704601789
2024-04-03 00:00:00-04:00,24.270000457763672,24.760000228881836,24.170000076293945,24.729999542236328,61360100,0.0,0.0,0.0,0.0373321889241609,0.036652214425217,0.28529171156674965,0.275313880369083
2024-04-04 00:00:00-04:00,24.56999969482422,24.950000762939453,24.389999389648438,24.489999771118164,54231400,0.0,0.0,0.0,-0.009704802893678588,-0.009752201404718963,0.35351871834067305,0.2766766427051549
2024-04-05 00:00:00-04:00,24.489999771118164,25.139999389648438,24.389999389648438,25.030000686645508,43238200,0.0,0.0,0.0,0.022049853841329403,0.021810271258437482,0.3494738019547055,0.2830144127566474
2024-04-08 00:00:00-04:00,25.360000610351562,25.489999771118164,24.899999618530273,25.399999618530273,40708900,0.0,0.0,0.0,0.014782218207535891,0.01467402612941437,0.3298006549552659,0.2835204543022933
2024-04-09 00:00:00-04:00,25.75,25.899999618530273,25.260000228881836,25.719999313354492,40950600,0.0,0.0,0.0,0.012598413371265105,0.012519713666472526,0.2707665331226219,0.28418684529832067
2024-04-10 00:00:00-04:00,25.329999923706055,26.079999923706055,25.170000076293945,25.450000762939453,50614100,0.0,0.0,0.0,-0.010497611105100169,-0.010553099697964186,0.2377147334243321,0.2832158425287485
2024-04-11 00:00:00-04:00,25.690000534057617,26.040000915527344,25.3799991607666,26.010000228881836,28595200,0.0,0.0,0.0,0.022003907628869612,0.021765315285817193,0.21225937974441705,0.2740727527537888
2024-04-12 00:00:00-04:00,26.799999237060547,27.239999771118164,25.520000457763672,25.6299991607666,117678300,0.0,0.0,0.0,-0.014609806411815307,-0.014717580628526523,0.25929157240668443,0.2826847724756114
2024-04-15 00:00:00-04:00,26.209999084472656,26.420000076293945,25.690000534057617,26.40999984741211,51965100,0.0,0.0,0.0,0.03043311401427995,0.029979212899588388,0.3148863159924088,0.2947302978781248
2024-04-16 00:00:00-04:00,26.06999969482422,26.06999969482422,25.549999237060547,25.799999237060547,56256200,0.0,0.0,0.0,-0.023097334868456443,-0.02336825817511027,0.3776579385019173,0.310976396557695
2024-04-17 00:00:00-04:00,26.1299991607666,26.34000015258789,25.709999084472656,25.850000381469727,46667300,0.0,0.0,0.0,0.001938028910378975,0.0019361533552127088,0.3642042345690454,0.30852816343175293
2024-04-18 00:00:00-04:00,26.110000610351562,26.15999984741211,25.739999771118164,25.860000610351562,26818200,0.0,0.0,0.0,0.00038685604387866945,0.00038678123437237795,0.3245661987800343,0.3036678052205582
2024-04-19 00:00:00-04:00,25.93000030517578,26.31999969482422,25.899999618530273,26.200000762939453,29321200,0.0,0.0,0.0,0.013147724074368039,0.013062042941017501,0.31070928281469845,0.27848864438335047
2024-04-22 00:00:00-04:00,24.950000762939453,25.190000534057617,24.790000915527344,24.93000030517578,37156900,0.0,0.0,0.0,-0.048473298503109885,-0.04968753011010381,0.3913088842173527,0.34057701023618936
2024-04-23 00:00:00-04:00,24.65999984741211,25.040000915527344,24.6299991607666,24.989999771118164,37046800,0.0,0.0,0.0,0.002406717417084314,0.002403825911150651,0.3843649939498661,0.34036278258052854
2024-04-24 00:00:00-04:00,24.8799991607666,25.049999237060547,24.780000686645508,24.899999618530273,19783600,0.0,0.0,0.0,-0.0036014467151739282,-0.0036079475373314903,0.37902448439738556,0.33689662892069355
2024-04-25 00:00:00-04:00,24.860000610351562,25.219999313354492,24.809999465942383,25.059999465942383,32678400,0.0,0.0,0.0,0.006425696781659385,0.006405140006171654,0.3889609586128109,0.3368316589417422
2024-04-26 00:00:00-04:00,25.190000534057617,25.219999313354492,24.75,24.889999389648438,26821300,0.0,0.0,0.0,-0.006783722263241976,-0.006806836299222894,0.35096762008117005,0.33903579953045965
2024-04-29 00:00:00-04:00,24.8700008392334,25.079999923706055,24.68000030517578,24.829999923706055,23922200,0.0,0.0,0.0,-0.002410585271743204,-0.0024134954101178666,0.08276865589644644,0.3399780112954491
2024-04-30 00:00:00-04:00,24.239999771118164,24.3700008392334,24.020000457763672,24.049999237060547,32400100,0.0,0.0,0.0,-0.03141364031583482,-0.031917631618707906,0.2255332737698534,0.3304992427056902
2024-05-01 00:00:00-04:00,24.18000030517578,24.649999618530273,24.09000015258789,24.270000457763672,42815400,0.0,0.0,0.0,0.009147660194687601,0.009106073771091114,0.25575572854135464,0.30300287515396074
2024-05-02 00:00:00-04:00,23.950000762939453,24.469999313354492,23.920000076293945,24.360000610351562,24968800,0.0,0.0,0.0,0.003708288046574859,0.0037014292973722783,0.2487342132905436,0.301490204017852
2024-05-03 00:00:00-04:00,24.209999084472656,24.299999237060547,23.8700008392334,24.219999313354492,26859100,0.0,0.0,0.0,-0.005747179535684377,-0.005763758122584349,0.2485191790720386,0.29035321566866806
2024-05-06 00:00:00-04:00,24.989999771118164,25.1299991607666,24.829999923706055,25.06999969482422,27627400,0.0,0.0,0.0,0.035094979585777786,0.03449319022266049,0.3827740412105449,0.3134769776522815
2024-05-07 00:00:00-04:00,25.030000686645508,25.100000381469727,24.8799991607666,24.920000076293945,14811500,0.0,0.0,0.0,-0.0059832317653055744,-0.006001203016447769,0.26746692693876994,0.31012619463645014
2024-05-08 00:00:00-04:00,24.889999389648438,25.1200008392334,24.81999969482422,24.950000762939453,16967400,0.0,0.0,0.0,0.0012038798777551651,0.001203155795455609,0.26984010004805253,0.30834796771903106
2024-05-09 00:00:00-04:00,25.31999969482422,25.8799991607666,25.299999237060547,25.860000610351562,32734900,0.0,0.0,0.0,0.036472938660740084,0.03582354416959691,0.34479134418205926,0.3263019644456528
2024-05-10 00:00:00-04:00,25.979999542236328,26.049999237060547,25.6200008392334,25.770000457763672,24489700,0.0,0.0,0.0,-0.0034802842406687073,-0.003486354518153023,0.3376558477589847,0.32209688016613036
2024-05-13 00:00:00-04:00,25.829999923706055,25.93000030517578,25.649999618530273,25.799999237060547,15222900,0.0,0.0,0.0,0.0011640969640664967,0.0011634199285679959,0.2759134717349436,0.3021195260657086
2024-05-14 00:00:00-04:00,26.0,26.270000457763672,25.860000610351562,26.1299991607666,20065000,0.0,0.0,0.0,0.012790695095526328,0.012709585058626346,0.2565936217799694,0.294046212638699
2024-05-15 00:00:00-04:00,26.579999923706055,27.18000030517578,26.06999969482422,27.1200008392334,39872400,0.0,0.0,0.0,0.037887551100776795,0.03718744660247767,0.30775833941215136,0.3222305471839698
2024-05-16 00:00:00-04:00,26.979999542236328,27.170000076293945,26.790000915527344,27.059999465942383,19821300,0.0,0.0,0.0,-0.002212439949640932,-0.0022148910107907117,0.2739759479137572,0.3225989104486686
2024-05-17 00:00:00-04:00,27.860000610351562,28.84000015258789,27.549999237060547,28.790000915527344,52708100,0.0,0.0,0.0,0.0639320577874487,0.06197153341768162,0.4428790423609336,0.38852799520749226
2024-05-20 00:00:00-04:00,28.93000030517578,29.559999465942383,28.40999984741211,28.979999542236328,58184700,0.0,0.0,0.0,0.006599465809899119,0.006577784672418787,0.4276369203807303,0.3332305167803183
2024-05-21 00:00:00-04:00,29.100000381469727,29.510000228881836,28.81999969482422,29.270000457763672,30700300,0.0,0.0,0.0,0.010006933061012857,0.009957195246452494,0.43257978750427634,0.3327027609304758
2024-05-22 00:00:00-04:00,29.059999465942383,29.059999465942383,28.110000610351562,28.219999313354492,48609700,0.0,0.0,0.0,-0.035872945951071045,-0.03653219425034808,0.5702854905081796,0.3658751986317547
2024-05-23 00:00:00-04:00,28.110000610351562,28.280000686645508,27.469999313354492,27.549999237060547,39911200,0.0,0.0,0.0,-0.023742030212484222,-0.024028414186771853,0.6145092280596528,0.38132989947032964
2024-05-24 00:00:00-04:00,27.93000030517578,27.989999771118164,27.610000610351562,27.739999771118164,14534600,0.0,0.0,0.0,0.0068965713001554185,0.006872898729697024,0.33496633581673174,0.37879789027529454
2024-05-28 00:00:00-04:00,29.299999237060547,29.34000015258789,28.690000534057617,29.239999771118164,31041700,0.0,0.0,0.0,0.05407354046057855,0.052662220418163395,0.5554026224732775,0.4141644244126468
2024-05-29 00:00:00-04:00,29.06999969482422,29.469999313354492,28.979999542236328,29.170000076293945,20708400,0.0,0.0,0.0,-0.002393970429964254,-0.002396840558758001,0.5514865482366192,0.38909889635675626
2024-05-30 00:00:00-04:00,28.829999923706055,29.049999237060547,28.31999969482422,28.420000076293945,22224700,0.0,0.0,0.0,-0.025711347207349355,-0.026047661141652977,0.513495180687758,0.40923834738451714
2024-05-31 00:00:00-04:00,28.770000457763672,28.860000610351562,27.579999923706055,27.760000228881836,31957600,0.0,0.0,0.0,-0.023223076905008022,-0.023496981469843924,0.5118780355004352,0.42408510732038684
2024-06-03 00:00:00-04:00,27.81999969482422,28.149999618530273,27.559999465942383,27.889999389648438,18156000,0.0,0.0,0.0,0.004682966847793679,0.004672035871526707,0.5107645018743924,0.42157222566348473
2024-06-04 00:00:00-04:00,27.309999465942383,27.309999465942383,26.84000015258789,27.020000457763672,28858400,0.0,0.0,0.0,-0.031193938720833092,-0.0316908302814401,0.24965337021478295,0.4294273306655191
2024-06-05 00:00:00-04:00,27.1200008392334,27.459999084472656,26.899999618530273,27.399999618530273,18175300,0.0,0.0,0.0,0.014063625252730638,0.013965649998058195,0.3213968351295295,0.4290830343508823
2024-06-06 00:00:00-04:00,27.81999969482422,28.6299991607666,27.690000534057617,28.530000686645508,27650000,0.0,0.0,0.0,0.04124091546888309,0.04041318982112738,0.46463086472330406,0.447408920086261
2024-06-07 00:00:00-04:00,27.290000915527344,27.299999237060547,26.610000610351562,26.670000076293945,43868900,0.0,0.0,0.0,-0.0651945518957594,-0.06741684823831069,0.6583096369878528,0.5011930911408163
2024-06-10 00:00:00-04:00,27.06999969482422,27.239999771118164,26.850000381469727,27.1200008392334,17066900,0.0,0.0,0.0,0.016872919447024737,0.01673215296279032,0.6776690882561669,0.5034350488764198
2024-06-11 00:00:00-04:00,26.729999542236328,26.809999465942383,26.559999465942383,26.709999084472656,13338900,0.0,0.0,0.0,-0.015118058336031082,-0.0152335011720857,0.6472120388571254,0.5075377406734584
2024-06-12 00:00:00-04:00,27.5,27.56999969482422,26.940000534057617,27.030000686645508,27934800,0.0,0.0,0.0,0.011980592030752968,0.011909392846152429,0.6441924452696698,0.5073220444015809
2024-06-13 00:00:00-04:00,26.790000915527344,26.93000030517578,26.170000076293945,26.43000030517578,21680300,0.0,0.0,0.0,-0.022197571817531014,-0.022447645528680005,0.521374669928142,0.4959338966267156
2024-06-14 00:00:00-04:00,26.6299991607666,27.030000686645508,26.5,27.010000228881836,25973300,0.0,0.0,0.0,0.02194475660268802,0.021707436115725273,0.31696724861401887,0.5024088689294991
2024-06-17 00:00:00-04:00,26.899999618530273,26.940000534057617,26.559999465942383,26.920000076293945,15016000,0.0,0.0,0.0,-0.0033321048435850376,-0.00333766866786462,0.29146690574428624,0.4427562377972087
2024-06-18 00:00:00-04:00,26.649999618530273,27.010000228881836,26.649999618530273,26.959999084472656,12033500,0.0,0.0,0.0,0.0014858472535419498,0.001484744474750262,0.2646358193208126,0.4416594120451469
2024-06-20 00:00:00-04:00,27.510000228881836,28.1200008392334,27.40999984741211,28.0,22898000,0.0,0.0,0.0,0.038575702924497524,0.03785025808982753,0.3731008474618807,0.46409381136858285
2024-06-21 00:00:00-04:00,27.549999237060547,27.56999969482422,26.90999984741211,26.979999542236328,26827500,0.0,0.0,0.0,-0.03642858777727398,-0.037108676362372285,0.4497724905440246,0.46463861434664655
2024-06-24 00:00:00-04:00,27.059999465942383,27.139999389648438,26.8799991607666,27.0,12836300,0.0,0.0,0.0,0.0007413068236847842,0.0007410321914974585,0.4221522238441562,0.45740015870594897
2024-06-25 00:00:00-04:00,26.780000686645508,26.790000915527344,26.34000015258789,26.399999618530273,14711300,0.0,0.0,0.0,-0.022222236350730618,-0.022472870301669556,0.45235397915397435,0.46270832144969937
2024-06-26 00:00:00-04:00,26.15999984741211,26.450000762939453,26.09000015258789,26.309999465942383,13855700,0.0,0.0,0.0,-0.0034090967381953385,-0.0034149209491134867,0.45023740627607767,0.4124661594928855
2024-06-27 00:00:00-04:00,26.559999465942383,26.65999984741211,26.350000381469727,26.450000762939453,11124600,0.0,0.0,0.0,0.005321220062292298,0.005307112395353845,0.278846816025068,0.4140045456230755
2024-06-28 00:00:00-04:00,26.8799991607666,26.889999389648438,26.540000915527344,26.56999969482422,10426500,0.0,0.0,0.0,0.0045368214904895066,0.004526561137094811,0.17919663194146748,0.4073741717888751
2024-07-01 00:00:00-04:00,26.719999313354492,26.920000076293945,26.600000381469727,26.850000381469727,12587300,0.0,0.0,0.0,0.010538226942473417,0.010483086876317658,0.20389952723112986,0.4027946752887723
2024-07-02 00:00:00-04:00,26.850000381469727,27.229999542236328,26.780000686645508,26.969999313354492,12172000,0.0,0.0,0.0,0.004469233898692249,0.004459276529722472,0.07916306975944051,0.4027528898747553
2024-07-03 00:00:00-04:00,27.709999084472656,28.010000228881836,27.68000030517578,27.84000015258789,16834200,0.0,0.0,0.0,0.03225809645470057,0.031748729255070995,0.1891482899450951,0.40340436039213634
2024-07-05 00:00:00-04:00,28.15999984741211,28.75,28.079999923706055,28.479999542236328,23018600,0.0,0.0,0.0,0.022988483697581552,0.022728229523506394,0.1947349204605023,0.4082162882380135
2024-07-08 00:00:00-04:00,28.350000381469727,28.510000228881836,27.790000915527344,28.1299991607666,19742900,0.0,0.0,0.0,-0.012289339434527369,-0.01236547780295309,0.27255309420766294,0.3839060006692025
2024-07-09 00:00:00-04:00,28.31999969482422,28.43000030517578,27.8700008392334,28.1200008392334,14005300,0.0,0.0,0.0,-0.0003554326993066015,-0.00035549588048001653,0.2858565193527217,0.2982512761685097
2024-07-10 00:00:00-04:00,28.290000915527344,28.459999084472656,27.989999771118164,28.15999984741211,13142600,0.0,0.0,0.0,0.0014224397932058874,0.0014214290840583216,0.2899658027463563,0.29360066298943205
2024-07-11 00:00:00-04:00,28.75,28.90999984741211,28.479999542236328,28.68000030517578,20141500,0.0,0.0,0.0,0.01846592544678094,0.0182975005008997,0.23002192338932048,0.291757360394346
2024-07-12 00:00:00-04:00,28.0,28.309999465942383,27.940000534057617,28.1200008392334,15380000,0.0,0.0,0.0,-0.019525783123556018,-0.019718929584958005,0.230761745582886,0.30121410091533696
2024-07-15 00:00:00-04:00,28.09000015258789,28.389999389648438,27.8700008392334,28.030000686645508,13426700,0.0,0.0,0.0,-0.003200574320834315,-0.003205707113675248,0.21483440758283742,0.28811137557389943
2024-07-16 00:00:00-04:00,28.030000686645508,28.68000030517578,27.979999542236328,28.610000610351562,17280200,0.0,0.0,0.0,0.02069211236168056,0.020480938722019146,0.26312005322137716,0.2870570261735179
2024-07-17 00:00:00-04:00,28.25,28.360000610351562,27.43000030517578,27.670000076293945,34443400,0.0,0.0,0.0,-0.032855662845302724,-0.03340753183940827,0.3711206451059544,0.31364322968375646
2024-07-18 00:00:00-04:00,27.760000228881836,27.790000915527344,27.139999389648438,27.200000762939453,15566200,0.0,0.0,0.0,-0.01698588045025562,-0.017131795204918997,0.32235988208900973,0.3204805800127993
2024-07-19 00:00:00-04:00,26.399999618530273,26.739999771118164,26.3700008392334,26.690000534057617,20111200,0.0,0.0,0.0,-0.01875000788884984,-0.01892801792511109,0.3210167803525097,0.2939779825957484
2024-07-22 00:00:00-04:00,26.440000534057617,26.65999984741211,26.309999465942383,26.6299991607666,12069800,0.0,0.0,0.0,-0.0022480843795582572,-0.00225061511482943,0.3223971553985711,0.2648319035537057
2024-07-23 00:00:00-04:00,26.489999771118164,26.68000030517578,26.420000076293945,26.68000030517578,10184500,0.0,0.0,0.0,0.0018776247084095754,0.0018758641745402164,0.2212494522353137,0.26493440248324607
2024-07-24 00:00:00-04:00,26.729999542236328,26.889999389648438,26.40999984741211,26.43000030517578,12474500,0.0,0.0,0.0,-0.009370314735397511,-0.009414492323030117,0.14261452272993,0.2546636513863812
2024-07-25 00:00:00-04:00,25.239999771118164,25.540000915527344,25.170000076293945,25.40999984741211,31711400,0.0,0.0,0.0,-0.03859252538729352,-0.03935694883572573,0.25563551754708747,0.28948144471557646
2024-07-26 00:00:00-04:00,25.389999389648438,25.530000686645508,25.209999084472656,25.479999542236328,12442400,0.0,0.0,0.0,0.0027548089431157496,0.00275102141131568,0.27240794014085207,0.28881251241232353
2024-07-29 00:00:00-04:00,25.540000915527344,25.579999923706055,24.93000030517578,25.440000534057617,16616700,0.0,0.0,0.0,-0.0015698198154363574,-0.0015710532736032182,0.2735254786180069,0.2878730226261828
2024-07-30 00:00:00-04:00,25.56999969482422,25.940000534057617,25.329999923706055,25.829999923706055,14896300,0.0,0.0,0.0,0.015330164365614962,0.015213844689301877,0.319907931528101,0.2911283712889496
2024-07-31 00:00:00-04:00,26.229999542236328,26.5,26.059999465942383,26.389999389648438,23227900,0.0,0.0,0.0,0.021680196190338785,0.021448523233040435,0.3726665077441046,0.3022225611543575
2024-08-01 00:00:00-04:00,26.530000686645508,26.559999465942383,25.75,26.030000686645508,19796800,0.0,0.0,0.0,-0.013641482051118925,-0.01373538200161541,0.22176205997656312,0.2783803318374115
2024-08-02 00:00:00-04:00,26.440000534057617,26.5,25.5,26.040000915527344,25325000,0.0,0.0,0.0,0.00038418089197223004,0.00038410711338896154,0.22384288646009,0.26120030154224166
2024-08-05 00:00:00-04:00,24.6299991607666,25.040000915527344,24.540000915527344,24.860000610351562,36392900,0.0,0.0,0.0,-0.04531491027990564,-0.04637374186475212,0.42386280297185425,0.298216784867695
2024-08-06 00:00:00-04:00,24.530000686645508,24.889999389648438,24.479999542236328,24.639999389648438,18308000,0.0,0.0,0.0,-0.008849606407954735,-0.008888996739558716,0.3863711378831272,0.29761173247154465
2024-08-07 00:00:00-04:00,24.68000030517578,24.770000457763672,24.25,24.329999923706055,12709900,0.0,0.0,0.0,-0.012581147468397114,-0.012660960234923154,0.27451708867648544,0.2968709107498729
2024-08-08 00:00:00-04:00,24.719999313354492,25.18000030517578,24.639999389648438,25.010000228881836,17704400,0.0,0.0,0.0,0.027949046745093575,0.027565600381506468,0.4182138759906186,0.30935481285683675
2024-08-09 00:00:00-04:00,25.100000381469727,25.25,24.8799991607666,25.0,15934000,0.0,0.0,0.0,-0.00039984921192792733,-0.00039992917293967575,0.4172971827893213,0.30622290062757707
2024-08-12 00:00:00-04:00,25.3799991607666,25.600000381469727,25.1200008392334,25.489999771118164,15323100,0.0,0.0,0.0,0.019599990844726634,0.019410384540543796,0.28283610766004,0.31910051932160816
2024-08-13 00:00:00-04:00,25.209999084472656,25.440000534057617,25.110000610351562,25.420000076293945,11860500,0.0,0.0,0.0,-0.002746163022862569,-0.002749940646101162,0.2666691755795384,0.30505173865000507
2024-08-14 00:00:00-04:00,25.260000228881836,25.40999984741211,24.799999237060547,25.1299991607666,14114400,0.0,0.0,0.0,-0.01140837587163468,-0.011473950602821515,0.2614999117340648,0.28881209736159447
2024-08-15 00:00:00-04:00,25.799999237060547,26.020000457763672,25.459999084472656,25.860000610351562,17206000,0.0,0.0,0.0,0.0290490041370417,0.028635078786037986,0.26721189099154435,0.3082912576536271
2024-08-16 00:00:00-04:00,25.860000610351562,26.440000534057617,25.770000457763672,26.43000030517578,19315700,0.0,0.0,0.0,0.02204175101976036,0.02180234321690567,0.2763563273750445,0.313457359601724
2024-08-19 00:00:00-04:00,26.450000762939453,26.899999618530273,26.3700008392334,26.829999923706055,20102800,0.0,0.0,0.0,0.015134302455983795,0.015020921431161585,0.26965121561469846,0.3180654168506107
2024-08-20 00:00:00-04:00,27.299999237060547,27.360000610351562,26.729999542236328,26.8700008392334,20454500,0.0,0.0,0.0,0.0014909025583709212,0.0014897922665725654,0.25805177838269905,0.3180472327279564
2024-08-21 00:00:00-04:00,26.920000076293945,27.139999389648438,26.65999984741211,26.950000762939453,18449500,0.0,0.0,0.0,0.0029772951696096506,0.002972871803948092,0.18955092155655126,0.31595378761249077
2024-08-22 00:00:00-04:00,26.920000076293945,26.93000030517578,26.260000228881836,26.389999389648438,23972700,0.0,0.0,0.0,-0.020779271147966183,-0.02099819827735298,0.25971704068571994,0.29161445497820665
2024-08-23 00:00:00-04:00,26.709999084472656,27.270000457763672,26.6299991607666,27.200000762939453,21713300,0.0,0.0,0.0,0.030693497234741907,0.03023187396410141,0.30117205308349937,0.308857206788544
2024-08-26 00:00:00-04:00,27.399999618530273,27.420000076293945,27.1299991607666,27.31999969482422,8812400,0.0,0.0,0.0,0.004411725313194337,0.0044020221809768076,0.2898755630678609,0.30829658859706693
2024-08-27 00:00:00-04:00,27.25,27.459999084472656,27.100000381469727,27.360000610351562,10591700,0.0,0.0,0.0,0.0014641623709432672,0.0014630915303479248,0.2898888051419553,0.3053037555332371
2024-08-28 00:00:00-04:00,26.860000610351562,26.860000610351562,26.530000686645508,26.690000534057617,11564200,0.0,0.0,0.0,-0.024488306335799348,-0.024793131636435872,0.35318741318566593,0.3118671860445586
2024-08-29 00:00:00-04:00,26.709999084472656,27.049999237060547,26.6299991607666,26.809999465942383,11793800,0.0,0.0,0.0,0.004496025833032213,0.004485948901692838,0.31032827527489565,0.3073799348800518
2024-08-30 00:00:00-04:00,26.68000030517578,26.799999237060547,26.190000534057617,26.350000381469727,15762100,0.0,0.0,0.0,-0.017157743141957504,-0.01730664286337691,0.21595637572363685,0.31456571682292234
2024-09-03 00:00:00-04:00,25.829999923706055,25.850000381469727,25.270000457763672,25.579999923706055,17149100,0.0,0.0,0.0,-0.029222028334586425,-0.029657496296266423,0.24175987278260855,0.2872941111937711
2024-09-04 00:00:00-04:00,25.6200008392334,25.8799991607666,25.579999923706055,25.68000030517578,11322400,0.0,0.0,0.0,0.003909319068333916,0.0039016975374181057,0.2513956077478189,0.2847067224749
2024-09-05 00:00:00-04:00,26.3799991607666,26.610000610351562,26.149999618530273,26.229999542236328,14573600,0.0,0.0,0.0,0.02141741551886578,0.021191285721317035,0.3162665415723947,0.2868313693199549
2024-09-06 00:00:00-04:00,26.25,26.350000381469727,25.270000457763672,25.479999542236328,23805400,0.0,0.0,0.0,-0.028593214376246068,-0.029009963688514148,0.3502232155608985,0.2941378515385552
2024-09-09 00:00:00-04:00,25.719999313354492,25.8799991607666,25.59000015258789,25.850000381469727,8774800,0.0,0.0,0.0,0.014521226290450828,0.014416802973132147,0.37997721893654357,0.2978772345651357
2024-09-10 00:00:00-04:00,25.959999084472656,25.959999084472656,25.579999923706055,25.940000534057617,9395400,0.0,0.0,0.0,0.003481630609661668,0.0034755837649989947,0.3044344040443021,0.2905359152593325
2024-09-11 00:00:00-04:00,26.049999237060547,26.219999313354492,25.6200008392334,26.1200008392334,11052200,0.0,0.0,0.0,0.00693910182998847,0.006915137061659103,0.30579440817076825,0.2908981018326622
2024-09-12 00:00:00-04:00,26.639999389648438,27.280000686645508,26.56999969482422,27.270000457763672,22524200,0.0,0.0,0.0,0.04402754906511808,0.043085877105698125,0.4125148152523576,0.3230070613145229
2024-09-13 00:00:00-04:00,27.8700008392334,28.209999084472656,27.760000228881836,28.020000457763672,28629400,0.0,0.0,0.0,0.027502749813356875,0.02713134360205051,0.2637971062966691,0.3214781337463899
2024-09-16 00:00:00-04:00,28.270000457763672,28.290000915527344,27.899999618530273,28.06999969482422,14701600,0.0,0.0,0.0,0.0017844124283978857,0.0017828222559418767,0.29227620681830013,0.31454509360076155
2024-09-17 00:00:00-04:00,28.020000457763672,28.270000457763672,27.84000015258789,27.959999084472656,15504300,0.0,0.0,0.0,-0.0039187962788558295,-0.003926494880409435,0.3171041314729375,0.31221987245143856
2024-09-18 00:00:00-04:00,27.950000762939453,28.5,27.09000015258789,27.239999771118164,35165900,0.0,0.0,0.0,-0.025751049246433566,-0.026088411742531757,0.4344157832777095,0.3276873904622063
2024-09-19 00:00:00-04:00,28.25,28.389999389648438,27.920000076293945,28.09000015258789,18852800,0.0,0.0,0.0,0.031204125866805654,0.03072717366936483,0.3741271671981735,0.344940795037696
2024-09-20 00:00:00-04:00,28.399999618530273,28.600000381469727,28.18000030517578,28.40999984741211,21649400,0.0,0.0,0.0,0.011391943506085633,0.011327543946915186,0.3312651619753497,0.335159611142425
2024-09-23 00:00:00-04:00,28.229999542236328,28.299999237060547,27.93000030517578,27.979999542236328,24206300,0.0,0.0,0.0,-0.015135526486634299,-0.015251237618228289,0.35585598828612724,0.32593014991993213
2024-09-24 00:00:00-04:00,28.270000457763672,29.440000534057617,28.170000076293945,29.3799991607666,41629900,0.0,0.0,0.0,0.05003572699909986,0.04882418930399898,0.49971522086496506,0.36856968224559933
2024-09-25 00:00:00-04:00,29.100000381469727,29.420000076293945,28.799999237060547,29.059999465942383,26627000,0.0,0.0,0.0,-0.010891753028078321,-0.010951502416565584,0.43960708142877125,0.37224199444052547
2024-09-26 00:00:00-04:00,29.31999969482422,29.459999084472656,28.940000534057617,29.260000228881836,23692000,0.0,0.0,0.0,0.006882338837405966,0.006858763649944185,0.41020059597942704,0.35757322924037305
2024-09-27 00:00:00-04:00,29.34000015258789,29.469999313354492,28.59000015258789,28.860000610351562,27109600,0.0,0.0,0.0,-0.013670526842150976,-0.013764828919896546,0.4366377713464993,0.36357343821633087
2024-09-30 00:00:00-04:00,28.510000228881836,28.540000915527344,28.170000076293945,28.40999984741211,16578100,0.0,0.0,0.0,-0.015592541698632001,-0.01571538399925266,0.43787321789636713,0.3624094988303226
2024-10-01 00:00:00-04:00,28.780000686645508,29.059999465942383,28.549999237060547,28.579999923706055,23796400,0.0,0.0,0.0,0.005983811235726888,0.0059659793370593775,0.1744172878574658,0.340466240021107
2024-10-02 00:00:00-04:00,29.1299991607666,29.459999084472656,28.68000030517578,29.0,21103100,0.0,0.0,0.0,0.014695594031320258,0.01458866015424002,0.2142418824508218,0.34183180502344707
2024-10-03 00:00:00-04:00,28.90999984741211,29.3700008392334,28.790000915527344,29.229999542236328,18907400,0.0,0.0,0.0,0.007931018697804326,0.007899733475932062,0.21658568660604108,0.33725088121900804
2024-10-04 00:00:00-04:00,29.229999542236328,30.06999969482422,28.979999542236328,29.360000610351562,39083200,0.0,0.0,0.0,0.004447522071541199,0.004437661072449421,0.1803988317780811,0.31223159387551014
2024-10-07 00:00:00-04:00,29.010000228881836,29.079999923706055,28.709999084472656,28.93000030517578,20872000,0.0,0.0,0.0,-0.014645786656563464,-0.014754094998046592,0.1741039020716792,0.3203364993835
2024-10-08 00:00:00-04:00,28.40999984741211,28.530000686645508,27.469999313354492,28.010000228881836,39037200,0.0,0.0,0.0,-0.03180090102278188,-0.03231753209335895,0.3021769183135876,0.3471358507521234
2024-10-09 00:00:00-04:00,27.6200008392334,27.989999771118164,27.559999465942383,27.860000610351562,20157900,0.0,0.0,0.0,-0.005355216612087155,-0.005369607183981486,0.2542791818026407,0.3485289403183382
2024-10-10 00:00:00-04:00,27.969999313354492,28.43000030517578,27.920000076293945,28.3799991607666,18329100,0.0,0.0,0.0,0.018664699893144565,0.018492651901130898,0.30307493615769937,0.31981555267130035
2024-10-11 00:00:00-04:00,28.600000381469727,28.8700008392334,28.59000015258789,28.799999237060547,17096600,0.0,0.0,0.0,0.01479915745996796,0.014690718490347069,0.3324756419838792,0.30949130987572965
2024-10-14 00:00:00-04:00,28.469999313354492,28.760000228881836,28.299999237060547,28.540000915527344,13515700,0.0,0.0,0.0,-0.009027719736833584,-0.009068716523513187,0.32304739346567474,0.3117554219297621
2024-10-15 00:00:00-04:00,28.520000457763672,28.899999618530273,28.420000076293945,28.709999084472656,16871700,0.0,0.0,0.0,0.005956487858864268,0.005938818116742258,0.192414085955194,0.31165443080698074
2024-10-16 00:00:00-04:00,29.1200008392334,29.350000381469727,28.770000457763672,28.90999984741211,17789700,0.0,0.0,0.0,0.0069662406589074966,0.006942088506047378,0.16907600819295748,0.2948901084662568
2024-10-17 00:00:00-04:00,28.920000076293945,29.200000762939453,28.549999237060547,28.889999389648438,15369500,0.0,0.0,0.0,-0.0006918179823325321,-0.0006920573988209944,0.14202689516877426,0.2757460611394869
2024-10-18 00:00:00-04:00,29.469999313354492,30.719999313354492,29.420000076293945,30.639999389648438,45090400,0.0,0.0,0.0,0.060574594564617446,0.05881083160089804,0.43631417100674247,0.34548273752409964
2024-10-21 00:00:00-04:00,31.1299991607666,31.229999542236328,30.510000228881836,30.850000381469727,36669700,0.0,0.0,0.0,0.006853818407458467,0.006830437764403722,0.39936469946407405,0.33806135080478233
2024-10-22 00:00:00-04:00,31.399999618530273,31.799999237060547,31.239999771118164,31.739999771118164,37066100,0.0,0.0,0.0,0.028849250523284242,0.02844094517041102,0.39639862257402636,0.3077183480416758
2024-10-23 00:00:00-04:00,31.100000381469727,31.110000610351562,30.479999542236328,30.709999084472656,37351700,0.0,0.0,0.0,-0.03245118758894128,-0.032989403246411336,0.5501895096900978,0.3302880581323529
2024-10-24 00:00:00-04:00,31.190000534057617,31.229999542236328,30.299999237060547,30.690000534057617,29251500,0.0,0.0,0.0,-0.0006512064803397832,-0.0006514186073771351,0.5501276460967532,0.33018655841237854
2024-10-25 00:00:00-04:00,30.579999923706055,31.020000457763672,30.469999313354492,30.6299991607666,19517500,0.0,0.0,0.0,-0.001955078926259124,-0.0019569925877093177,0.3492839708550955,0.32511342729634635
2024-10-28 00:00:00-04:00,30.709999084472656,30.989999771118164,30.6200008392334,30.729999542236328,16296900,0.0,0.0,0.0,0.003264785641842849,0.0032594678004638517,0.34584313159646335,0.31747472757911926
2024-10-29 00:00:00-04:00,31.170000076293945,31.510000228881836,31.059999465942383,31.389999389648438,22508800,0.0,0.0,0.0,0.021477379018668197,0.021249990163640715,0.3082252979747574,0.3233893592738762
2024-10-30 00:00:00-04:00,30.739999771118164,30.979999542236328,30.450000762939453,30.809999465942383,20900100,0.0,0.0,0.0,-0.01847721997399343,-0.01865005613505044,0.2265823314794152,0.3313942974568703
2024-10-31 00:00:00-04:00,30.34000015258789,30.360000610351562,29.6200008392334,29.809999465942383,33075000,0.0,0.0,0.0,-0.03245699504491739,-0.03299540550007601,0.32843077125713477,0.35404192111207283
2024-11-01 00:00:00-04:00,30.059999465942383,30.190000534057617,29.479999542236328,29.540000915527344,22164900,0.0,0.0,0.0,-0.009057314835698271,-0.00909858167856085,0.32729333943441036,0.3556492804768721
2024-11-04 00:00:00-05:00,29.799999237060547,29.889999389648438,29.43000030517578,29.6299991607666,13044500,0.0,0.0,0.0,0.0030466568195652854,0.003042025165665929,0.3268636376399654,0.35114488206120864
2024-11-05 00:00:00-05:00,29.950000762939453,30.020000457763672,29.690000534057617,29.75,12188500,0.0,0.0,0.0,0.004049977814116534,0.004041798729938372,0.24374085419113742,0.3284789452170797
2024-11-06 00:00:00-05:00,28.190000534057617,28.649999618530273,28.110000610351562,28.43000030517578,33038000,0.0,0.0,0.0,-0.044369737641150264,-0.0453841955944434,0.34491530807158016,0.36871507988168917
2024-11-07 00:00:00-05:00,28.920000076293945,29.299999237060547,28.790000915527344,29.110000610351562,21432200,0.0,0.0,0.0,0.02391840653803956,0.023636842327411596,0.40065631452157413,0.3724553460810403
2024-11-08 00:00:00-05:00,28.969999313354492,29.030000686645508,28.43000030517578,28.479999542236328,20235200,0.0,0.0,0.0,-0.0216420836450002,-0.021879708253994736,0.4192397936492147,0.3776633012070579
2024-11-11 00:00:00-05:00,27.969999313354492,28.020000457763672,27.719999313354492,27.969999313354492,24582600,0.0,0.0,0.0,-0.017907311695194994,-0.018069587806100955,0.41396568515611526,0.38168165087635575
2024-11-12 00:00:00-05:00,28.0,28.09000015258789,27.790000915527344,28.06999969482422,16561200,0.0,0.0,0.0,0.003575272932594631,0.0035688968373245892,0.4128769682734452,0.38122126463806066
2024-11-13 00:00:00-05:00,28.25,28.280000686645508,27.600000381469727,27.610000610351562,16530500,0.0,0.0,0.0,-0.01638756998481461,-0.01652333145359554,0.30542164236672403,0.3838711016909035
2024-11-14 00:00:00-05:00,27.59000015258789,27.940000534057617,27.510000228881836,27.809999465942383,18059900,0.0,0.0,0.0,0.007243710654458946,0.0072176009938351455,0.21234661583660908,0.3852667308046644
2024-11-15 00:00:00-05:00,28.040000915527344,28.079999923706055,27.5,27.56999969482422,18838400,0.0,0.0,0.0,-0.008629981148042809,-0.008667435075495323,0.18148340817415737,0.3075592504401877
2024-11-18 00:00:00-05:00,28.18000030517578,28.5,28.15999984741211,28.3799991607666,15731300,0.0,0.0,0.0,0.029379741563597017,0.02895642819401945,0.2778445405087206,0.3288162719269076
2024-11-19 00:00:00-05:00,28.459999084472656,28.530000686645508,28.290000915527344,28.5,12751100,0.0,0.0,0.0,0.004228359506059931,0.004219445114005378,0.27796302319211486,0.30713348534244567
2024-11-20 00:00:00-05:00,28.389999389648438,28.450000762939453,28.049999237060547,28.100000381469727,11137900,0.0,0.0,0.0,-0.014035074334395548,-0.014134497359469733,0.26785472636252317,0.29203927004867203
2024-11-21 00:00:00-05:00,28.270000457763672,28.299999237060547,27.920000076293945,28.040000915527344,11030500,0.0,0.0,0.0,-0.0021352122821304276,-0.0021374950979851375,0.2681748594658628,0.2918428657776056
2024-11-22 00:00:00-05:00,28.270000457763672,28.549999237060547,28.200000762939453,28.469999313354492,13173900,0.0,0.0,0.0,0.015335177738494021,0.015218782354583418,0.26360103741089025,0.3000574798186889
2024-11-25 00:00:00-05:00,27.719999313354492,27.739999771118164,27.399999618530273,27.6299991607666,22478400,0.0,0.0,0.0,-0.02950474790471347,-0.029948768610400717,0.27366349001042395,0.31257459468084625
2024-11-26 00:00:00-05:00,27.799999237060547,27.829999923706055,27.600000381469727,27.799999237060547,10484700,0.0,0.0,0.0,0.006152735485252414,0.006133884691392979,0.27815438601074266,0.2997515018065471
2024-11-27 00:00:00-05:00,27.75,27.84000015258789,27.31999969482422,27.450000762939453,22858600,0.0,0.0,0.0,-0.012589873515338357,-0.012669797503399584,0.2753185051724991,0.29718842210209523
2024-11-29 00:00:00-05:00,27.969999313354492,28.020000457763672,27.81999969482422,27.920000076293945,9663900,0.0,0.0,0.0,0.017122014582565903,0.016977084877436717,0.3167743685380293,0.28975459714331236
2024-12-02 00:00:00-05:00,27.850000381469727,27.8700008392334,27.610000610351562,27.790000915527344,9925400,0.0,0.0,0.0,-0.004656130387226565,-0.004667003927862229,0.28302845450797615,0.2889766452763728
2024-12-03 00:00:00-05:00,28.229999542236328,28.329999923706055,27.989999771118164,28.280000686645508,14543600,0.0,0.0,0.0,0.017632232996595,0.017478588609722526,0.2115142291531003,0.2974643256073534
2024-12-04 00:00:00-05:00,28.360000610351562,28.690000534057617,28.299999237060547,28.530000686645508,22762400,0.0,0.0,0.0,0.008840169516617369,0.00880132398427599,0.2135024392622013,0.29927136408517263
2024-12-05 00:00:00-05:00,28.489999771118164,28.59000015258789,28.260000228881836,28.559999465942383,16123000,0.0,0.0,0.0,0.0010514818988740515,0.0010509294789879833,0.15577181194350884,0.2537994476757807
2024-12-06 00:00:00-05:00,28.31999969482422,28.5,28.079999923706055,28.25,13195500,0.0,0.0,0.0,-0.010854323240168662,-0.010913661179437118,0.17762099413182528,0.24064421539109196
2024-12-09 00:00:00-05:00,29.209999084472656,29.43000030517578,28.950000762939453,28.979999542236328,37481100,0.0,0.0,0.0,0.025840691760578016,0.025512463504238383,0.2264946853982936,0.24659325116534164
2024-12-10 00:00:00-05:00,29.170000076293945,29.25,28.969999313354492,28.989999771118164,43997000,0.0,0.0,0.0,0.00034507346583145804,0.0003450139416761249,0.21557939418280828,0.23634470624730972
2024-12-11 00:00:00-05:00,28.950000762939453,29.34000015258789,28.899999618530273,29.040000915527344,23582300,0.0,0.0,0.0,0.0017247721560520457,0.0017232864446540175,0.2135961313444466,0.2362617604192238
2024-12-12 00:00:00-05:00,28.6200008392334,28.639999389648438,28.1200008392334,28.200000762939453,34794100,0.0,0.0,0.0,-0.028925624177193243,-0.02935221648436049,0.3172089303112314,0.25268768518222773
2024-12-13 00:00:00-05:00,27.84000015258789,27.8700008392334,27.59000015258789,27.75,20326700,0.0,0.0,0.0,-0.01595747343137821,-0.0160861648062145,0.3276994462118207,0.2586515989861303
2024-12-16 00:00:00-05:00,27.90999984741211,27.90999984741211,27.760000228881836,27.799999237060547,9124900,0.0,0.0,0.0,0.0018017743084881577,0.0018001530602822508,0.21899985949321266,0.25666848317681734
2024-12-17 00:00:00-05:00,27.709999084472656,27.84000015258789,27.469999313354492,27.809999465942383,17504700,0.0,0.0,0.0,0.00035972047324750456,0.0003596557893496845,0.21903589577081498,0.2330002504262988
2024-12-18 00:00:00-05:00,27.559999465942383,27.639999389648438,26.770000457763672,26.850000381469727,27794500,0.0,0.0,0.0,-0.03451992459217135,-0.035129813879763286,0.2624199434814033,0.2606231442178444
2024-12-19 00:00:00-05:00,26.56999969482422,26.649999618530273,26.190000534057617,26.520000457763672,31083900,0.0,0.0,0.0,-0.012290499777191877,-0.012366652583577019,0.23358612944491758,0.25970193524351426
2024-12-20 00:00:00-05:00,26.610000610351562,27.059999465942383,26.579999923706055,26.920000076293945,17487600,0.0,0.0,0.0,0.01508294161485102,0.014970325031890788,0.2968493673808792,0.2673322885183089
2024-12-23 00:00:00-05:00,26.93000030517578,27.06999969482422,26.790000915527344,26.989999771118164,14473900,0.0,0.0,0.0,0.0026002858330547163,0.0025969109390413343,0.29820782222545006,0.2601684292690649
2024-12-24 00:00:00-05:00,27.0,27.049999237060547,26.8799991607666,27.020000457763672,3967700,0.0,0.0,0.0,0.0011115482363808216,0.0011109309240458646,0.29922483241805625,0.23999372439808397
2024-12-26 00:00:00-05:00,27.1200008392334,27.209999084472656,26.93000030517578,27.139999389648438,8244000,0.0,0.0,0.0,0.004441115094440562,0.004431282444005689,0.1551954853304574,0.23939267791481972
2024-12-27 00:00:00-05:00,26.889999389648438,26.959999084472656,26.719999313354492,26.760000228881836,9643500,0.0,0.0,0.0,-0.01400144323184982,-0.014100388104558497,0.1653924638797919,0.24034242964504193
2024-12-30 00:00:00-05:00,26.600000381469727,26.610000610351562,26.239999771118164,26.43000030517578,18853900,0.0,0.0,0.0,-0.012331835608502262,-0.012408503650395161,0.13968895707710108,0.23325856888339022
2024-12-31 00:00:00-05:00,26.229999542236328,26.440000534057617,26.219999313354492,26.329999923706055,8008400,0.0,0.0,0.0,-0.003783593655507622,-0.003790769552152574,0.12864942781499772,0.23317885723436554
2025-01-02 00:00:00-05:00,26.719999313354492,26.959999084472656,26.700000762939453,26.93000030517578,12368000,0.0,0.0,0.0,0.02278770919894768,0.022531947545081178,0.2380865538350002,0.2397352842603112
2025-01-03 00:00:00-05:00,27.190000534057617,27.229999542236328,26.90999984741211,26.979999542236328,8637600,0.0,0.0,0.0,0.001856637077383816,0.0018549156571376919,0.23534556827369582,0.2366802550311317
2025-01-06 00:00:00-05:00,27.1299991607666,27.489999771118164,27.06999969482422,27.239999771118164,13037000,0.0,0.0,0.0,0.00963677662317286,0.00959063906606313,0.21238429276283324,0.2404095313993552
2025-01-07 00:00:00-05:00,27.639999389648438,27.68000030517578,27.309999465942383,27.329999923706055,17407700,0.0,0.0,0.0,0.003303970387081856,0.0032985242694996164,0.16117077967072826,0.2389402068703461
2025-01-08 00:00:00-05:00,27.610000610351562,27.649999618530273,27.149999618530273,27.399999618530273,12926300,0.0,0.0,0.0,0.0025612768027671873,0.002558002323377295,0.13991296482850402,0.21681578636089835
2025-01-10 00:00:00-05:00,27.93000030517578,27.940000534057617,27.549999237060547,27.610000610351562,24079100,0.0,0.0,0.0,0.0076642698812035,0.007635048576468728,0.05458992832084429,0.21972071052349562
2025-01-13 00:00:00-05:00,27.0,27.190000534057617,26.8700008392334,26.959999084472656,16965400,0.0,0.0,0.0,-0.023542249601950616,-0.023823795962864006,0.2134655206723999,0.23150450395948366
2025-01-14 00:00:00-05:00,27.030000686645508,27.309999465942383,27.010000228881836,27.200000762939453,11798000,0.0,0.0,0.0,0.008902139711311152,0.00886274926581948,0.21141368909688235,0.21498583639052848
2025-01-15 00:00:00-05:00,27.690000534057617,27.979999542236328,27.469999313354492,27.959999084472656,19890700,0.0,0.0,0.0,0.027941113978523058,0.027557883270230673,0.29365618234187296,0.23219877883943127
2025-01-16 00:00:00-05:00,27.979999542236328,28.200000762939453,27.8799991607666,28.040000915527344,20900100,0.0,0.0,0.0,0.0028612959110974057,0.0028572101957236107,0.29352587685361914,0.23230925914841938
2025-01-17 00:00:00-05:00,27.5,27.760000228881836,27.440000534057617,27.610000610351562,18974600,0.0,0.0,0.0,-0.015335245760911054,-0.015454046768909673,0.3231360706678637,0.23904628386415416
2025-01-21 00:00:00-05:00,27.940000534057617,28.06999969482422,27.850000381469727,28.040000915527344,15214400,0.0,0.0,0.0,0.015574078075701436,0.015454046768909557,0.25433516491188857,0.20791116733329032
2025-01-22 00:00:00-05:00,27.959999084472656,28.15999984741211,27.81999969482422,28.049999237060547,21195100,0.0,0.0,0.0,0.0003565735095132361,0.0003565099522874926,0.2595830467260768,0.20090713688372616
2025-01-23 00:00:00-05:00,27.520000457763672,27.780000686645508,27.40999984741211,27.770000457763672,23481100,0.0,0.0,0.0,-0.009982131440735675,-0.010032286966621637,0.19068623298398812,0.20042227975024063
2025-01-24 00:00:00-05:00,27.940000534057617,28.079999923706055,27.809999465942383,27.90999984741211,13750100,0.0,0.0,0.0,0.00504138953333344,0.005028724278274428,0.19428137300950096,0.2007658603462599
2025-01-27 00:00:00-05:00,27.5,27.739999771118164,27.049999237060547,27.459999084472656,22691500,0.0,0.0,0.0,-0.016123280738074897,-0.016254675081664408,0.1980225541293144,0.21057768285736062
2025-01-28 00:00:00-05:00,27.530000686645508,27.760000228881836,27.389999389648438,27.6299991607666,15636500,0.0,0.0,0.0,0.006190826000066041,0.006171741561906741,0.15499523097160373,0.21105991624774456
2025-01-29 00:00:00-05:00,28.059999465942383,28.209999084472656,27.850000381469727,28.0,28857800,0.0,0.0,0.0,0.013391272185009129,0.013302401613871232,0.1947835131121567,0.20764318160580927
2025-01-30 00:00:00-05:00,28.649999618530273,28.899999618530273,28.530000686645508,28.719999313354492,38787700,0.0,0.0,0.0,0.02571426119123177,0.02538921009654936,0.2420700510747194,0.21572779326522631
2025-01-31 00:00:00-05:00,28.770000457763672,28.850000381469727,28.389999389648438,28.510000228881836,26107000,0.0,0.0,0.0,-0.007311946013000337,-0.007338809319048007,0.2628559951923596,0.21782405571078267
2025-02-03 00:00:00-05:00,28.549999237060547,28.850000381469727,28.200000762939453,28.670000076293945,31728900,0.0,0.0,0.0,0.005612060544637254,0.005596371603680323,0.19176395589559533,0.20649083265597498
2025-02-04 00:00:00-05:00,29.110000610351562,29.479999542236328,29.020000457763672,29.219999313354492,41977300,0.0,0.0,0.0,0.019183789173245147,0.019002100267005564,0.2028359095337782,0.21400169500153096
2025-02-05 00:00:00-05:00,29.360000610351562,29.6299991607666,29.309999465942383,29.350000381469727,34873700,0.0,0.0,0.0,0.004449044187890161,0.004439176447978981,0.20696965491415054,0.21300569175785802
2025-02-06 00:00:00-05:00,29.239999771118164,29.40999984741211,28.90999984741211,29.3799991607666,17723200,0.0,0.0,0.0,0.0010221049031335916,0.0010215829095749245,0.15235172765820185,0.21323326594929004
2025-02-07 00:00:00-05:00,29.56999969482422,29.739999771118164,28.940000534057617,29.030000686645508,26954000,0.0,0.0,0.0,-0.011912814299480101,-0.011984340491444357,0.17657341653532313,0.2203374666275809
2025-02-10 00:00:00-05:00,29.149999618530273,29.360000610351562,29.079999923706055,29.200000762939453,14171300,0.0,0.0,0.0,0.005856013512674396,0.005838933712798144,0.17675078602551136,0.2199212192148947
2025-02-11 00:00:00-05:00,28.860000610351562,29.110000610351562,28.81999969482422,29.0,13779100,0.0,0.0,0.0,-0.0068493410175966,-0.006872905415825161,0.12113206003747051,0.20042500318977938
2025-02-12 00:00:00-05:00,29.200000762939453,29.469999313354492,29.06999969482422,29.34000015258789,16716600,0.0,0.0,0.0,0.011724143192685776,0.011655947929039448,0.15093656843313086,0.20163771379587783
2025-02-13 00:00:00-05:00,29.190000534057617,29.479999542236328,29.1200008392334,29.459999084472656,17030700,0.0,0.0,0.0,0.0040899431240861706,0.0040816020420066275,0.15382993021586813,0.18054455149070112
2025-02-14 00:00:00-05:00,30.239999771118164,30.280000686645508,29.200000762939453,29.309999465942383,34965900,0.0,0.0,0.0,-0.005091636903998831,-0.0051046434557229965,0.12357239878137621,0.18263220351500614
2025-02-18 00:00:00-05:00,29.6200008392334,29.959999084472656,29.56999969482422,29.90999984741211,20511100,0.0,0.0,0.0,0.020470842456579152,0.020264131038491645,0.18230668169338185,0.1810461197567372
2025-02-19 00:00:00-05:00,29.75,29.84000015258789,29.530000686645508,29.809999465942383,13660600,0.0,0.0,0.0,-0.0033433761945799167,-0.0033489777656936777,0.16934795407683054,0.17752218187642166
2025-02-20 00:00:00-05:00,29.979999542236328,30.1299991607666,29.8799991607666,29.950000762939453,15420400,0.0,0.0,0.0,0.004696454193399813,0.004685460260634214,0.16036977788373286,0.17729299761689907
2025-02-21 00:00:00-05:00,30.020000457763672,30.030000686645508,29.579999923706055,29.59000015258789,15515800,0.0,0.0,0.0,-0.012020053461802682,-0.012092878466372733,0.19735781459151294,0.17945859222932764
2025-02-24 00:00:00-05:00,29.56999969482422,29.6200008392334,29.209999084472656,29.440000534057617,13995200,0.0,0.0,0.0,-0.005069267244229958,-0.005082159567637323,0.1973147857421056,0.18168697810359236
2025-02-25 00:00:00-05:00,29.170000076293945,29.299999237060547,28.469999313354492,28.829999923706055,22142400,0.0,0.0,0.0,-0.020720129051828073,-0.020937802997247252,0.15204023650774523,0.1886155127793181
2025-02-26 00:00:00-05:00,28.780000686645508,29.100000381469727,28.65999984741211,28.940000534057617,10231000,0.0,0.0,0.0,0.0038154911773382594,0.0038082306533260744,0.1710563496777347,0.18818769272874708
2025-02-27 00:00:00-05:00,28.940000534057617,28.940000534057617,28.3799991607666,28.399999618530273,16680000,0.0,0.0,0.0,-0.018659326384318886,-0.01883560792217051,0.16027704828243508,0.19748613689850053
2025-02-28 00:00:00-05:00,28.18000030517578,28.399999618530273,28.040000915527344,28.309999465942383,13692000,0.0,0.0,0.0,-0.0031690194998864607,-0.0031740514759475277,0.1672605410638682,0.17438633506809104
2025-03-03 00:00:00-05:00,28.860000610351562,28.989999771118164,28.65999984741211,28.75,16522000,0.0,0.0,0.0,0.015542230390606315,0.015422686984179377,0.2428454153860613,0.18154863014548597
2025-03-04 00:00:00-05:00,29.040000915527344,29.139999389648438,28.639999389648438,29.0,13767900,0.0,0.0,0.0,0.008695652173912993,0.008658062743114531,0.20731223224919224,0.1830283729973906
2025-03-05 00:00:00-05:00,29.229999542236328,29.780000686645508,29.209999084472656,29.770000457763672,25486300,0.0,0.0,0.0,0.026551739922885176,0.026205360417887732,0.2763979558722574,0.1944442161303373
2025-03-06 00:00:00-05:00,29.5,29.829999923706055,29.469999313354492,29.690000534057617,16888500,0.0,0.0,0.0,-0.0026872664587141992,-0.002690883640899095,0.2001122171216184,0.19441726564928755
2025-03-07 00:00:00-05:00,29.389999389648438,29.68000030517578,29.219999313354492,29.59000015258789,18786400,0.0,0.0,0.0,-0.003368150207845755,-0.0033738351946060122,0.20087779827528165,0.19492885894294182
2025-03-10 00:00:00-04:00,29.559999465942383,29.579999923706055,29.059999465942383,29.110000610351562,15889000,0.0,0.0,0.0,-0.016221680965228025,-0.016354692844249803,0.2545709258632446,0.19910219903551074
2025-03-11 00:00:00-04:00,29.59000015258789,30.020000457763672,29.579999923706055,29.959999084472656,23227800,0.0,0.0,0.0,0.029199534740608435,0.028781349366088733,0.31899589394728683,0.22361227386555155
2025-03-12 00:00:00-04:00,30.020000457763672,30.34000015258789,29.940000534057617,30.219999313354492,18764800,0.0,0.0,0.0,0.00867824555497343,0.008640806032338614,0.27044465047485794,0.22282521309449888
2025-03-13 00:00:00-04:00,30.200000762939453,30.899999618530273,30.1299991607666,30.739999771118164,37624000,0.0,0.0,0.0,0.017207163123060587,0.017060796541682164,0.2802331788311457,0.22676319980768286
2025-03-14 00:00:00-04:00,30.90999984741211,30.93000030517578,30.510000228881836,30.709999084472656,23520700,0.0,0.0,0.0,-0.0009759494752402675,-0.000976426024012958,0.2750710234547011,0.22698419803233214
2025-03-17 00:00:00-04:00,30.420000076293945,30.850000381469727,30.420000076293945,30.809999465942383,20973700,0.0,0.0,0.0,0.0032562808352634143,0.0032509906339674966,0.19072746048569494,0.22536730543642586
2025-03-18 00:00:00-04:00,31.100000381469727,31.149999618530273,30.81999969482422,30.850000381469727,20424600,0.0,0.0,0.0,0.001298309517063112,0.001297467442032613,0.11529904753492182,0.21524462004263625
2025-03-19 00:00:00-04:00,30.68000030517578,30.8799991607666,30.450000762939453,30.75,23258500,0.0,0.0,0.0,-0.0032415034111245022,-0.0032467684641770416,0.12755904476394972,0.21521366865755542
2025-03-20 00:00:00-04:00,30.270000457763672,30.540000915527344,30.229999542236328,30.5,12842100,0.0,0.0,0.0,-0.008130081300813052,-0.008163310639160981,0.06996545113019309,0.2176007676398209
2025-03-21 00:00:00-04:00,30.209999084472656,30.25,29.719999313354492,30.020000457763672,17198900,0.0,0.0,0.0,-0.015737689909387842,-0.01586284215942688,0.12163091694741442,0.2209256071740813
2025-03-24 00:00:00-04:00,30.1299991607666,30.239999771118164,29.920000076293945,29.959999084472656,17493700,0.0,0.0,0.0,-0.001998713270355723,-0.002000713363243436,0.1050855461773139,0.22010858303127975
2025-03-25 00:00:00-04:00,30.549999237060547,30.760000228881836,30.520000457763672,30.579999923706055,19168000,0.0,0.0,0.0,0.02069428765619441,0.02048306991532369,0.2162622456385687,0.21502121806594943
2025-03-26 00:00:00-04:00,30.709999084472656,30.760000228881836,30.479999542236328,30.530000686645508,13616800,0.0,0.0,0.0,-0.00163503064700099,-0.0016363687683878664,0.21583306270236724,0.21562921982320035
2025-03-27 00:00:00-04:00,30.770000457763672,31.3799991607666,30.68000030517578,31.31999969482422,34298400,0.0,0.0,0.0,0.025876154287945097,0.0255470321411718,0.27543697957907015,0.2148885330031645
2025-03-28 00:00:00-04:00,31.389999389648438,31.40999984741211,30.860000610351562,31.0,25160200,0.0,0.0,0.0,-0.010217104021144063,-0.010269656893657188,0.2503410306372822,0.2198379481626446
2025-03-31 00:00:00-04:00,30.770000457763672,31.020000457763672,30.479999542236328,30.989999771118164,18403300,0.0,0.0,0.0,-0.0003225880284463134,-0.0003226400711568997,0.24699816091021493,0.21659113739831384
2025-04-01 00:00:00-04:00,30.8700008392334,30.90999984741211,30.440000534057617,30.6299991607666,22261800,0.0,0.0,0.0,-0.011616670313340016,-0.011684670968372052,0.23954465982245104,0.22248001585046437
2025-04-02 00:00:00-04:00,30.739999771118164,30.969999313354492,30.639999389648438,30.760000228881836,20976600,0.0,0.0,0.0,0.0042442400155775495,0.004235258632717788,0.24000766036160792,0.20428093194903932
2025-04-03 00:00:00-04:00,28.950000762939453,29.510000228881836,28.860000610351562,28.889999389648438,46008100,0.0,0.0,0.0,-0.060793264802305735,-0.062719658726933,0.41352767975663574,0.3017576619230205
2025-04-04 00:00:00-04:00,27.959999084472656,28.020000457763672,26.56999969482422,27.079999923706055,73174500,0.0,0.0,0.0,-0.06265141932093365,-0.06470004812468182,0.5225680718813098,0.3725123052149716
2025-04-07 00:00:00-04:00,27.299999237060547,27.84000015258789,26.920000076293945,27.139999389648438,37531600,0.0,0.0,0.0,0.0022156375964337283,0.00221318669099888,0.5307419839818177,0.37033334610721114
2025-04-08 00:00:00-04:00,27.6299991607666,27.780000686645508,26.959999084472656,27.139999389648438,19629400,0.0,0.0,0.0,0.0,0.0,0.5559962826309176,0.3503844645051443
2025-04-09 00:00:00-04:00,27.610000610351562,28.239999771118164,27.450000762939453,28.059999465942383,38180100,0.0,0.0,0.0,0.03389830865821053,0.03333642372389378,0.675818566927554,0.37380272798707137
2025-04-10 00:00:00-04:00,28.110000610351562,28.420000076293945,27.809999465942383,28.280000686645508,23059800,0.0,0.0,0.0,0.007840385776562542,0.007809809667010393,0.5652060596882507,0.36838289337236285
2025-04-11 00:00:00-04:00,28.790000915527344,29.3700008392334,28.68000030517578,29.190000534057617,36908500,0.0,0.0,0.0,0.032178211644875665,0.03167133785331028,0.2622515414938242,0.39003496894087625
2025-04-14 00:00:00-04:00,29.100000381469727,29.459999084472656,28.8799991607666,29.3799991607666,29268900,0.0,0.0,0.0,0.006509031285809819,0.0064879390190120245,0.2503326706187729,0.39081326793257015
2025-04-15 00:00:00-04:00,29.360000610351562,29.459999084472656,29.200000762939453,29.40999984741211,24273700,0.0,0.0,0.0,0.0010211261913706249,0.0010206051966586737,0.24627108480206267,0.39078273091659393
2025-04-16 00:00:00-04:00,29.850000381469727,30.020000457763672,29.700000762939453,29.760000228881836,21282500,0.0,0.0,0.0,0.01190072707533596,0.011830470278208832,0.19034492546554954,0.39387685689715596
2025-04-17 00:00:00-04:00,29.540000915527344,29.690000534057617,29.170000076293945,29.549999237060547,13649400,0.0,0.0,0.0,-0.007056484885960668,-0.007081499622300191,0.23455649565980097,0.3936496182891559
2025-04-21 00:00:00-04:00,29.950000762939453,30.010000228881836,29.549999237060547,29.790000915527344,17295400,0.0,0.0,0.0,0.008121884421770087,0.008089079424384766,0.11686294341061178,0.3911319251992282
2025-04-22 00:00:00-04:00,29.790000915527344,30.149999618530273,29.5,29.5,27253600,0.0,0.0,0.0,-0.009734840772569031,-0.009782534112123396,0.1484031983479774,0.3925939911483142
2025-04-23 00:00:00-04:00,29.809999465942383,30.6200008392334,29.709999084472656,30.559999465942383,31975000,0.0,0.0,0.0,0.03593218528618247,0.03530168347683808,0.29017365700482967,0.40695573734350776
2025-04-24 00:00:00-04:00,30.309999465942383,30.59000015258789,30.1299991607666,30.559999465942383,15405500,0.0,0.0,0.0,0.0,0.0,0.29195682258371786,0.406894776332728
2025-04-25 00:00:00-04:00,29.959999084472656,30.100000381469727,29.790000915527344,30.049999237060547,19326000,0.0,0.0,0.0,-0.01668848945662471,-0.016829311230396073,0.3241851983771303,0.3994868579359568
2025-04-28 00:00:00-04:00,30.079999923706055,30.200000762939453,29.829999923706055,30.190000534057617,18288000,0.0,0.0,0.0,0.004658945109869084,0.0046481258164158415,0.3220173562373879,0.39879974495371084
2025-04-29 00:00:00-04:00,30.450000762939453,30.5,29.81999969482422,29.829999923706055,24967300,0.0,0.0,0.0,-0.011924498310142195,-0.01199616543959947,0.3277261169838591,0.40065383352516126
2025-04-30 00:00:00-04:00,29.68000030517578,29.809999465942383,29.440000534057617,29.600000381469727,22126700,0.0,0.0,0.0,-0.007710343373267925,-0.007740221751527114,0.13778118043642942,0.39959672870779717
2025-05-01 00:00:00-04:00,29.40999984741211,29.549999237060547,29.170000076293945,29.389999389648438,14830500,0.0,0.0,0.0,-0.007094628010638648,-0.0071199145540005665,0.12593398707982076,0.39949878581640563
2025-05-02 00:00:00-04:00,29.6200008392334,29.649999618530273,29.040000915527344,29.1200008392334,14040900,0.0,0.0,0.0,-0.009186749099087677,-0.009229207515191816,0.10123515397429081,0.33560318184325755
2025-05-05 00:00:00-04:00,29.549999237060547,29.559999465942383,29.25,29.479999542236328,10052300,0.0,0.0,0.0,0.012362592466615085,0.012286799644882733,0.15436932335593467,0.24009925887863387
2025-05-06 00:00:00-04:00,30.200000762939453,30.239999771118164,30.0,30.219999313354492,17870800,0.0,0.0,0.0,0.02510175653354252,0.02479188232983862,0.24345629773732833,0.2508866233498579
2025-05-07 00:00:00-04:00,29.770000457763672,29.8700008392334,29.31999969482422,29.489999771118164,14080800,0.0,0.0,0.0,-0.024156173356156718,-0.024452719057186843,0.3073485422372054,0.27170729498526847
2025-05-08 00:00:00-04:00,29.600000381469727,29.780000686645508,29.360000610351562,29.459999084472656,13209300,0.0,0.0,0.0,-0.0010173172898729765,-0.001017835108327347,0.3022371206558257,0.2485373718459693
2025-05-09 00:00:00-04:00,29.700000762939453,29.889999389648438,29.649999618530273,29.799999237060547,8963000,0.0,0.0,0.0,0.01154107817902461,0.011474987951843166,0.29561255249863316,0.24992486276977746
2025-05-12 00:00:00-04:00,29.670000076293945,29.739999771118164,29.43000030517578,29.6299991607666,14642000,0.0,0.0,0.0,-0.005704700692828357,-0.005721034647662995,0.2941871939377203,0.22574430660157618
2025-05-13 00:00:00-04:00,29.690000534057617,30.010000228881836,29.610000610351562,29.93000030517578,13094100,0.0,0.0,0.0,0.010124912349184667,0.010073998799224554,0.22947267754488304,0.2273073305495946
2025-05-14 00:00:00-04:00,29.43000030517578,29.510000228881836,29.15999984741211,29.25,14048500,0.0,0.0,0.0,-0.02271968921624734,-0.02298175838305948,0.22073284908513977,0.24243033992459584
2025-05-15 00:00:00-04:00,29.25,29.6200008392334,29.18000030517578,29.610000610351562,10062200,0.0,0.0,0.0,0.012307713174412482,0.012232589048655644,0.2420223547219971,0.24270308887938716
2025-05-16 00:00:00-04:00,29.200000762939453,29.3799991607666,29.100000381469727,29.299999237060547,9275600,0.0,0.0,0.0,-0.010469482164841337,-0.010524672742388998,0.23251373178659862,0.24428988079484384
2025-05-19 00:00:00-04:00,29.43000030517578,29.530000686645508,29.309999465942383,29.420000076293945,11078100,0.0,0.0,0.0,0.0040955918893545995,0.004087227782427475,0.2364833114507538,0.24285995667839516
2025-05-20 00:00:00-04:00,29.530000686645508,30.1299991607666,29.5,30.1299991607666,14474100,0.0,0.0,0.0,0.024133211510245944,0.023846607521902867,0.2933202727624833,0.25524471999602966
2025-05-21 00:00:00-04:00,30.18000030517578,30.530000686645508,30.100000381469727,30.510000228881836,19504900,0.0,0.0,0.0,0.012612050404901654,0.012533180941978625,0.2031438682208426,0.2247310977361061
2025-05-22 00:00:00-04:00,30.010000228881836,30.110000610351562,29.780000686645508,30.030000686645508,15320500,0.0,0.0,0.0,-0.015732531584249032,-0.015857601369884206,0.25993907577987985,0.23157778451389327
2025-05-23 00:00:00-04:00,30.190000534057617,30.5,30.020000457763672,30.450000762939453,15098100,0.0,0.0,0.0,0.01398601620681017,0.013889114350831632,0.23754774582225016,0.22920310290338197
2025-05-27 00:00:00-04:00,30.040000915527344,30.25,29.979999542236328,30.229999542236328,12301000,0.0,0.0,0.0,-0.0072249988568435786,-0.00725122556271703,0.2611490809272303,0.23040088159166094
2025-05-28 00:00:00-04:00,30.149999618530273,30.229999542236328,29.959999084472656,29.979999542236328,11211700,0.0,0.0,0.0,-0.008269930657812563,-0.008304316243188347,0.21275558844698753,0.2282120767366366
2025-05-29 00:00:00-04:00,30.290000915527344,30.31999969482422,30.049999237060547,30.299999237060547,12160600,0.0,0.0,0.0,0.01067377250534629,0.010617209930320008,0.20529981814160092,0.2289302144141755
2025-05-30 00:00:00-04:00,30.1200008392334,30.190000534057617,29.780000686645508,30.0,14305400,0.0,0.0,0.0,-0.009900965168791576,-0.00995030567364789,0.18239304753798175,0.2305012211975898
2025-06-02 00:00:00-04:00,30.850000381469727,31.600000381469727,30.719999313354492,31.59000015258789,37873300,0.0,0.0,0.0,0.053000005086263124,0.051643237982097814,0.423622788046277,0.2912776918741089
2025-06-03 00:00:00-04:00,31.270000457763672,31.469999313354492,31.06999969482422,31.440000534057617,23158800,0.0,0.0,0.0,-0.004748325983087609,-0.004759635096682046,0.4184755327762448,0.29127943663619044
2025-06-04 00:00:00-04:00,31.31999969482422,31.43000030517578,31.229999542236328,31.34000015258789,19730500,0.0,0.0,0.0,-0.0031806736568404936,-0.003185742750905992,0.4073049879186714,0.2804056231553484
2025-06-05 00:00:00-04:00,32.630001068115234,32.779998779296875,32.09000015258789,32.45000076293945,51807500,0.0,0.0,0.0,0.03541801547374601,0.03480522486466474,0.44883006140802983,0.286466385022918
2025-06-06 00:00:00-04:00,32.91999816894531,32.97999954223633,32.54999923706055,32.689998626708984,30260200,0.0,0.0,0.0,0.0073959278313369126,0.007368712065274228,0.40519246362568917,0.28569907597175037
2025-06-09 00:00:00-04:00,33.099998474121094,33.540000915527344,33.0,33.38999938964844,33931400,0.0,0.0,0.0,0.021413300469444563,0.021187256949486834,0.27108131509032607,0.2906352278819709
2025-06-10 00:00:00-04:00,33.310001373291016,33.36000061035156,33.0099983215332,33.22999954223633,29120900,0.0,0.0,0.0,-0.004791849366182155,-0.0048033670852029595,0.27124336256728304,0.2901711385953991
2025-06-11 00:00:00-04:00,32.91999816894531,33.040000915527344,32.75,32.95000076293945,34712100,0.0,0.0,0.0,-0.008426084356124908,-0.008461784487912426,0.29068514617972063,0.2940398190153079
2025-06-12 00:00:00-04:00,32.849998474121094,33.060001373291016,32.790000915527344,33.060001373291016,21111600,0.0,0.0,0.0,0.0033384099485449514,0.0033328498292545306,0.18558042172260247,0.27544399821523347
2025-06-13 00:00:00-04:00,33.02000045776367,33.060001373291016,32.790000915527344,32.970001220703125,21713100,0.0,0.0,0.0,-0.002722327551401782,-0.002726039823928857,0.1870765249511249,0.27624834083455446
2025-06-16 00:00:00-04:00,33.099998474121094,33.150001525878906,32.900001525878906,33.029998779296875,14883300,0.0,0.0,0.0,0.001819762098039357,0.0018181083369897906,0.07637008231505923,0.2701859293034635
2025-06-17 00:00:00-04:00,33.630001068115234,33.869998931884766,33.45000076293945,33.7400016784668,26824900,0.0,0.0,0.0,0.021495698619733217,0.021267924419618955,0.17869360480104185,0.27544437033842784
2025-06-18 00:00:00-04:00,33.7400016784668,33.75,33.209999084472656,33.27000045776367,21945600,0.0,0.0,0.0,-0.013930088835860555,-0.014028023075472853,0.20359856221142955,0.2772006237477182
2025-06-20 00:00:00-04:00,32.779998779296875,32.790000915527344,32.56999969482422,32.720001220703125,25415200,0.0,0.0,0.0,-0.016531386519178848,-0.01666955474733934,0.24083320210442385,0.2859077595195424
2025-06-23 00:00:00-04:00,32.810001373291016,33.04999923706055,32.779998779296875,32.959999084472656,18661900,0.0,0.0,0.0,0.0073348977633189705,0.0073081282222503385,0.24929855754232874,0.27674036960129605
2025-06-24 00:00:00-04:00,32.54999923706055,32.630001068115234,32.060001373291016,32.61000061035156,20982400,0.0,0.0,0.0,-0.010618886038925246,-0.010675668746421943,0.2591424422551082,0.2796831249670458
2025-06-25 00:00:00-04:00,32.529998779296875,33.0099983215332,32.4900016784668,33.0099983215332,12254300,0.0,0.0,0.0,0.012266105602422694,0.012191486499951557,0.20880867535025915,0.27825238997214463
2025-06-26 00:00:00-04:00,33.130001068115234,33.369998931884766,33.0,33.34000015258789,15255200,0.0,0.0,0.0,0.00999702659298296,0.009947386881490999,0.20835069182849617,0.27461966917008795
2025-06-27 00:00:00-04:00,32.560001373291016,32.900001525878906,32.529998779296875,32.619998931884766,17596300,0.0,0.0,0.0,-0.021595717378760648,-0.02183231745068457,0.23571974774015417,0.28996212444465547
2025-06-30 00:00:00-04:00,32.720001220703125,32.81999969482422,32.619998931884766,32.810001373291016,10565300,0.0,0.0,0.0,0.005824722490120227,0.005807824380192147,0.232773422341159,0.2854069965374264
2025-07-01 00:00:00-04:00,32.93000030517578,33.119998931884766,32.709999084472656,32.72999954223633,13436400,0.0,0.0,0.0,-0.002438336717651368,-0.0024413143018457303,0.2178568893166124,0.2214995592160198
2025-07-02 00:00:00-04:00,33.029998779296875,33.2400016784668,32.93000030517578,33.2400016784668,13673500,0.0,0.0,0.0,0.015582100316632763,0.015461945955605991,0.2297869286925311,0.22517307038578638
2025-07-03 00:00:00-04:00,33.41999816894531,33.54999923706055,33.290000915527344,33.5099983215332,10356200,0.0,0.0,0.0,0.008122642281372494,0.008089831178045962,0.22575692733381378,0.2247104516994568
2025-07-07 00:00:00-04:00,33.060001373291016,33.439998626708984,33.02000045776367,33.43000030517578,12133000,0.0,0.0,0.0,-0.0023872879846137396,-0.0023901420998760146,0.12097355234074145,0.19089854704239312
2025-07-08 00:00:00-04:00,33.33000183105469,33.36000061035156,32.970001220703125,33.290000915527344,17473100,0.0,0.0,0.0,-0.004187836924032684,-0.004196630472301611,0.13627944378916487,0.19062777093055822
2025-07-09 00:00:00-04:00,33.09000015258789,33.13999938964844,32.959999084472656,33.0,17764100,0.0,0.0,0.0,-0.008711351984135307,-0.008749517622025365,0.15749610071718673,0.1773240160931569
2025-07-10 00:00:00-04:00,33.310001373291016,33.7599983215332,33.11000061035156,33.75,44301500,0.0,0.0,0.0,0.022727272727272707,0.022472855852058576,0.19972674968703164,0.19461057644982027
2025-07-11 00:00:00-04:00,34.20000076293945,35.06999969482422,34.150001525878906,35.029998779296875,57917800,0.0,0.0,0.0,0.03792588975694455,0.03722438504349314,0.32166935462144547,0.2313904993780043
2025-07-14 00:00:00-04:00,35.220001220703125,35.290000915527344,34.61000061035156,34.630001068115234,40685400,0.0,0.0,0.0,-0.011418718958621343,-0.011484413104062265,0.34730947882858015,0.23710301721670762
2025-07-15 00:00:00-04:00,34.689998626708984,34.720001220703125,34.130001068115234,34.2599983215332,34082300,0.0,0.0,0.0,-0.010684456689858512,-0.010741945354022519,0.36349378857431974,0.24104842344183544
2025-07-16 00:00:00-04:00,34.38999938964844,34.56999969482422,34.04999923706055,34.40999984741211,26483200,0.0,0.0,0.0,0.004378328465492798,0.004368771471036469,0.3413986758697168,0.24118993265263833
2025-07-17 00:00:00-04:00,34.29999923706055,34.68000030517578,34.16999816894531,34.650001525878906,14813500,0.0,0.0,0.0,0.006974765461524646,0.006950554297837001,0.3177906461805486,0.23104237708625477
2025-07-18 00:00:00-04:00,34.790000915527344,34.86000061035156,34.599998474121094,34.61000061035156,18305300,0.0,0.0,0.0,-0.0011544275257092673,-0.001155094390446068,0.1340787815247254,0.22412322162363074
2025-07-21 00:00:00-04:00,35.11000061035156,35.4900016784668,35.09000015258789,35.349998474121094,28710500,0.0,0.0,0.0,0.021381041627263286,0.021155673895315214,0.18667470687020163,0.2227882406625778
2025-07-22 00:00:00-04:00,35.54999923706055,35.720001220703125,35.16999816894531,35.720001220703125,25205300,0.0,0.0,0.0,0.010466839110414794,0.01041244100482785,0.1333532014753535,0.22369194832447697
2025-07-23 00:00:00-04:00,35.7599983215332,35.90999984741211,35.470001220703125,35.689998626708984,21882800,0.0,0.0,0.0,-0.0008399382130129807,-0.0008402911587627416,0.14766807461762152,0.21775925799042556
2025-07-24 00:00:00-04:00,35.36000061035156,35.54999923706055,35.2400016784668,35.4900016784668,11319800,0.0,0.0,0.0,-0.005603725299460183,-0.005619485071273472,0.17435477541997266,0.2186645591342071
2025-07-25 00:00:00-04:00,35.279998779296875,35.38999938964844,34.47999954223633,34.65999984741211,24958300,0.0,0.0,0.0,-0.023386920028191538,-0.023664734067441445,0.26857314954246614,0.2372683577246373
2025-07-28 00:00:00-04:00,34.650001525878906,34.689998626708984,34.43000030517578,34.63999938964844,16543400,0.0,0.0,0.0,-0.0005770472548102257,-0.0005772138106541781,0.1959418375412339,0.2206350804590369
2025-07-29 00:00:00-04:00,34.63999938964844,34.779998779296875,34.47999954223633,34.65999984741211,10705700,0.0,0.0,0.0,0.0005773804306026253,0.0005772138106541174,0.15909251807863212,0.22056171123891175
2025-07-30 00:00:00-04:00,34.119998931884766,34.29999923706055,33.400001525878906,33.5099983215332,35325600,0.0,0.0,0.0,-0.03317950175827167,-0.033742428224356504,0.23902579990862644,0.25466985802166914
2025-07-31 00:00:00-04:00,33.29999923706055,33.349998474121094,33.099998474121094,33.31999969482422,15454400,0.0,0.0,0.0,-0.005669908571343973,-0.005686043520978185,0.2389070861335343,0.24999257320592871
2025-08-01 00:00:00-04:00,33.7599983215332,33.77000045776367,33.38999938964844,33.59000015258789,16787200,0.0,0.0,0.0,0.008103255109141339,0.00807060002715474,0.2522867344409539,0.24998447227379617
2025-08-04 00:00:00-04:00,33.93000030517578,34.04999923706055,33.849998474121094,33.97999954223633,9725800,0.0,0.0,0.0,0.011610580169002738,0.011543694605364354,0.28229717791403824,0.252956069114647
2025-08-05 00:00:00-04:00,34.0099983215332,34.40999984741211,33.9900016784668,34.349998474121094,16451200,0.0,0.0,0.0,0.010888726806039806,0.010829871474622343,0.3010362777042108,0.25456119791315784
2025-08-06 00:00:00-04:00,34.38999938964844,34.470001220703125,34.290000915527344,34.349998474121094,8747600,0.0,0.0,0.0,0.0,0.0,0.1195480898298823,0.25170210435631546
2025-08-07 00:00:00-04:00,34.849998474121094,34.9900016784668,34.52000045776367,34.7599983215332,21996100,0.0,0.0,0.0,0.011935949508731447,0.011865277863036768,0.07921148130057233,0.2427427589656528
2025-08-08 00:00:00-04:00,34.779998779296875,34.88999938964844,34.5099983215332,34.880001068115234,15786100,0.0,0.0,0.0,0.0034523231408700727,0.003446377553465318,0.08718762962263843,0.20166144740625863
2025-08-11 00:00:00-04:00,34.34000015258789,34.43000030517578,34.18000030517578,34.18000030517578,10749300,0.0,0.0,0.0,-0.02006882859815462,-0.02027294304741366,0.2051437600554327,0.21023490934244946
2025-08-12 00:00:00-04:00,34.2400016784668,34.529998779296875,34.11000061035156,34.40999984741211,12098000,0.0,0.0,0.0,0.006729067881298345,0.00670652875904893,0.194678750833977,0.2082001134619053
2025-08-13 00:00:00-04:00,34.869998931884766,35.040000915527344,34.849998474121094,35.0,13185600,0.0,0.0,0.0,0.01714618294693948,0.017000846114430014,0.22766612243231127,0.21629210903223
2025-08-14 00:00:00-04:00,34.650001525878906,34.75,34.349998474121094,34.5,15819700,0.0,0.0,0.0,-0.014285714285714235,-0.014388737452099556,0.2444048344291943,0.2215260653341591
2025-08-15 00:00:00-04:00,34.34000015258789,34.52000045776367,34.220001220703125,34.5,13881700,0.0,0.0,0.0,0.0,0.0,0.24129099813876692,0.22149272454834276
2025-08-18 00:00:00-04:00,34.65999984741211,34.68000030517578,34.470001220703125,34.54999923706055,8670800,0.0,0.0,0.0,0.001449253248131832,0.001448204094180743,0.1811856091328468,0.2067009605351155
2025-08-19 00:00:00-04:00,34.470001220703125,34.540000915527344,33.849998474121094,33.869998931884766,18812900,0.0,0.0,0.0,-0.0196816301068502,-0.019877892837546717,0.23008194962414694,0.21203158581528436
2025-08-20 00:00:00-04:00,34.209999084472656,34.45000076293945,34.20000076293945,34.43000030517578,10903400,0.0,0.0,0.0,0.01653384679513037,0.01639865092014321,0.22670795460729776,0.22261629614575557
2025-08-21 00:00:00-04:00,34.47999954223633,34.689998626708984,34.45000076293945,34.61000061035156,10597900,0.0,0.0,0.0,0.005228007655542211,0.005214389068282988,0.20814313209271734,0.22341680891671695
2025-08-22 00:00:00-04:00,34.459999084472656,35.470001220703125,34.400001525878906,35.34000015258789,26003300,0.0,0.0,0.0,0.021092156294790554,0.02087279592688653,0.2527241020057495,0.2204941679746032
2025-08-25 00:00:00-04:00,35.06999969482422,35.349998474121094,35.02000045776367,35.02000045776367,10286400,0.0,0.0,0.0,-0.009054886628255598,-0.009096131280062541,0.27208415831494176,0.22336602670282826
2025-08-26 00:00:00-04:00,34.900001525878906,35.099998474121094,34.880001068115234,35.02000045776367,13836600,0.0,0.0,0.0,0.0,0.0,0.19427538072365105,0.22337758657704895
2025-08-27 00:00:00-04:00,34.72999954223633,35.08000183105469,34.61000061035156,34.9900016784668,10084200,0.0,0.0,0.0,-0.0008566184724371206,-0.0008569855797029969,0.17767522474116038,0.18463217253830583
2025-08-28 00:00:00-04:00,35.40999984741211,35.52000045776367,35.22999954223633,35.52000045776367,21079100,0.0,0.0,0.0,0.015147149296167228,0.015033576661964702,0.19738234074592217,0.18758531751181862
2025-08-29 00:00:00-04:00,35.349998474121094,36.290000915527344,35.31999969482422,36.189998626708984,28952900,0.0,0.0,0.0,0.018862560819558505,0.01868686861749196,0.18645155231333266,0.19500446074791405
2025-09-02 00:00:00-04:00,36.630001068115234,37.16999816894531,36.43000030517578,37.150001525878906,35875300,0.0,0.0,0.0,0.02652674594083626,0.026181012608271836,0.1907085730368498,0.20956627496330552
2025-09-03 00:00:00-04:00,37.33000183105469,37.63999938964844,37.18000030517578,37.34000015258789,27291200,0.0,0.0,0.0,0.005114363900540653,0.005101329962798735,0.17319469786256886,0.2082488148426468
2025-09-04 00:00:00-04:00,37.20000076293945,37.220001220703125,36.630001068115234,36.93000030517578,45258500,0.0,0.0,0.0,-0.010980177979021621,-0.011040905071922692,0.22974830748882719,0.21477541943017225
2025-09-05 00:00:00-04:00,37.40999984741211,37.599998474121094,36.970001220703125,37.209999084472656,25435500,0.0,0.0,0.0,0.007581878607719084,0.007553280626094922,0.22727272398391227,0.21311450627135173
2025-09-08 00:00:00-04:00,37.56999969482422,37.83000183105469,37.36000061035156,37.5099983215332,25019700,0.0,0.0,0.0,0.008062328525714202,0.008030001592418071,0.21138483554405854,0.21372911103788614
2025-09-09 00:00:00-04:00,37.43000030517578,37.58000183105469,37.0099983215332,37.18000030517578,24001200,0.0,0.0,0.0,-0.008797601469578864,-0.008836528845252052,0.14772943000749958,0.200415029027415
2025-09-10 00:00:00-04:00,37.349998474121094,37.4900016784668,37.2400016784668,37.40999984741211,17743600,0.0,0.0,0.0,0.0061861092078665525,0.006167053779894362,0.15015335453729795,0.20033667019578472
2025-09-11 00:00:00-04:00,37.369998931884766,37.91999816894531,37.33000183105469,37.790000915527344,19051500,0.0,0.0,0.0,0.010157740434781681,0.010106497306851361,0.12135747468424016,0.1958622468686627
2025-09-12 00:00:00-04:00,38.2400016784668,38.45000076293945,38.150001525878906,38.34000015258789,19902300,0.0,0.0,0.0,0.014554094303674825,0.014449200009253257,0.14058373271040636,0.18686527368802233
2025-09-15 00:00:00-04:00,38.29999923706055,38.790000915527344,38.25,38.7599983215332,22225100,0.0,0.0,0.0,0.010954568786483598,0.010895002121107753,0.1446550616881825,0.1867463946098895
2025-09-16 00:00:00-04:00,39.0,39.0099983215332,38.34000015258789,38.599998474121094,25319700,0.0,0.0,0.0,-0.004127963218285791,-0.0041365067782248004,0.11383351283816484,0.18953941814331474
2025-09-17 00:00:00-04:00,38.040000915527344,38.34000015258789,37.349998474121094,37.790000915527344,31045500,0.0,0.0,0.0,-0.020984393539207113,-0.021207695352136225,0.23413031768546722,0.19188828652075138
2025-09-18 00:00:00-04:00,37.849998474121094,38.0,37.61000061035156,37.9900016784668,13289200,0.0,0.0,0.0,0.005292425458959915,0.005278469793232357,0.22600228101596634,0.1874594351517928
2025-09-19 00:00:00-04:00,38.2599983215332,39.119998931884766,38.189998626708984,39.040000915527344,36776300,0.0,0.0,0.0,0.027638831025788013,0.02726377361456036,0.2860511385628248,0.2039757485292544
2025-09-22 00:00:00-04:00,39.5,40.04999923706055,39.34000015258789,40.040000915527344,32055400,0.0,0.0,0.0,0.02561475349766895,0.025292192316438686,0.32551000275637026,0.20895020053209762
2025-09-23 00:00:00-04:00,40.310001373291016,40.36000061035156,39.790000915527344,39.959999084472656,28492600,0.0,0.0,0.0,-0.0019980476829525307,-0.0020000464430800094,0.32137683655917715,0.20348217244710617
2025-09-24 00:00:00-04:00,40.130001068115234,40.15999984741211,39.63999938964844,39.81999969482422,31533200,0.0,0.0,0.0,-0.0035034883097091463,-0.003509639897089632,0.23832306788370958,0.20538275545635074
2025-09-25 00:00:00-04:00,40.459999084472656,41.060001373291016,40.119998931884766,41.029998779296875,36395800,0.0,0.0,0.0,0.03038671757272593,0.029934185730448495,0.2678169273184739,0.21992297846628836
2025-09-26 00:00:00-04:00,41.22999954223633,42.33000183105469,41.09000015258789,41.86000061035156,44578500,0.0,0.0,0.0,0.020229145887118438,0.020027254896019548,0.25155367862721273,0.22280851482530725
2025-09-29 00:00:00-04:00,42.459999084472656,42.75,42.18000030517578,42.5,41290300,0.0,0.0,0.0,0.015289043963610638,0.015173344331734808,0.2318002931114836,0.22092292797827062
2025-09-30 00:00:00-04:00,41.790000915527344,42.459999084472656,41.70000076293945,42.369998931884766,34884200,0.0,0.0,0.0,-0.003058848661534941,-0.0030635365011373863,0.23594462468799565,0.2131232853601749
2025-10-01 00:00:00-04:00,43.029998779296875,43.400001525878906,42.869998931884766,42.90999984741211,44341800,0.0,0.0,0.0,0.012744888580135783,0.012664356018201166,0.1936618863904217,0.21409846440021246
2025-10-02 00:00:00-04:00,43.56999969482422,43.59000015258789,41.65999984741211,42.529998779296875,58242300,0.0,0.0,0.0,-0.008855769505162425,-0.008895214884059359,0.1990565317672497,0.21184495752159707
2025-10-03 00:00:00-04:00,43.33000183105469,43.95000076293945,43.04999923706055,43.52000045776367,47523500,0.0,0.0,0.0,0.02327772647265447,0.023010932502778317,0.21229675672303228,0.21944157214976567
2025-10-06 00:00:00-04:00,44.0099983215332,44.2599983215332,43.88999938964844,44.060001373291016,34114000,0.0,0.0,0.0,0.012408109141713197,0.012331759476699369,0.20687808173409256,0.2200117153095504
2025-10-07 00:00:00-04:00,43.970001220703125,43.9900016784668,42.95000076293945,43.38999938964844,42769100,0.0,0.0,0.0,-0.0152065810885047,-0.015323386799235299,0.25709194850890155,0.227612330532508
2025-10-08 00:00:00-04:00,44.43000030517578,45.0099983215332,44.279998779296875,44.560001373291016,59455700,0.0,0.0,0.0,0.02696478451487838,0.026607640694328676,0.3006498499452195,0.2373402301976858
2025-10-09 00:00:00-04:00,46.27000045776367,46.349998474121094,42.810001373291016,44.709999084472656,110701700,0.0,0.0,0.0,0.003366196287227785,0.003360543330927138,0.2690657330054637,0.2380818575936394
2025-10-10 00:00:00-04:00,45.47999954223633,46.0,44.880001068115234,45.43000030517578,67017000,0.0,0.0,0.0,0.016103807547452442,0.015975516719932505,0.25126632673324856,0.23866310355879947
2025-10-13 00:00:00-04:00,46.939998626708984,47.439998626708984,46.58000183105469,47.2599983215332,57830400,0.0,0.0,0.0,0.04028170821185162,0.039491549754364294,0.33944045038798953,0.26383322243979634
2025-10-14 00:00:00-04:00,45.9900016784668,47.2599983215332,45.77000045776367,46.79999923706055,57821500,0.0,0.0,0.0,-0.009733370732327495,-0.009781049621695043,0.31045092106154193,0.26854872541920677
2025-10-15 00:00:00-04:00,47.75,48.40999984741211,47.41999816894531,48.33000183105469,41672900,0.0,0.0,0.0,0.032692363652487844,0.032169337122019005,0.3261619316514828,0.2541079874778701
2025-10-16 00:00:00-04:00,48.099998474121094,49.25,48.0,49.16999816894531,48853000,0.0,0.0,0.0,0.017380432569131132,0.01723112044108693,0.304982138851382,0.2531835720291076
2025-10-17 00:00:00-04:00,48.459999084472656,48.59000015258789,45.880001068115234,46.9900016784668,86492600,0.0,0.0,0.0,-0.04433590749766092,-0.045348795350198624,0.54936886261589,0.31877694223653436
2025-10-20 00:00:00-04:00,47.7599983215332,47.83000183105469,47.060001373291016,47.720001220703125,35933500,0.0,0.0,0.0,0.015535209962991958,0.01541577397586674,0.47926790143786563,0.31399179658456294
2025-10-21 00:00:00-04:00,45.189998626708984,45.380001068115234,43.310001373291016,43.790000915527344,81395300,0.0,0.0,0.0,-0.08235541082657738,-0.08594512108971902,0.7782583732202475,0.45099088135270177
2025-10-22 00:00:00-04:00,43.7400016784668,44.130001068115234,43.279998779296875,43.880001068115234,43270000,0.0,0.0,0.0,0.0020552672004163774,0.002053158028231007,0.6925546761785935,0.45003457020588683
2025-10-23 00:00:00-04:00,44.720001220703125,44.869998931884766,44.16999816894531,44.18000030517578,24565600,0.0,0.0,0.0,0.00683681015856985,0.006813545150764124,0.6616456422380892,0.44025178271208587
2025-10-24 00:00:00-04:00,44.08000183105469,44.38999938964844,43.84000015258789,43.9900016784668,24014000,0.0,0.0,0.0,-0.004300557387880488,-0.004309831383254102,0.6309360838681473,0.4369162400647511
2025-10-27 00:00:00-04:00,42.970001220703125,43.060001373291016,41.70000076293945,42.400001525878906,42914100,0.0,0.0,0.0,-0.0361445804028282,-0.036813975290650565,0.5920189781992019,0.45526152369918765
2025-10-28 00:00:00-04:00,42.36000061035156,42.90999984741211,42.22999954223633,42.70000076293945,27782000,0.0,0.0,0.0,0.007075453449628899,0.0070505398763918104,0.2868549240644941,0.45569595300622145
2025-10-29 00:00:00-04:00,43.84000015258789,43.939998626708984,42.83000183105469,43.22999954223633,27351700,0.0,0.0,0.0,0.012412149176280085,0.012335749988499413,0.31106663966755044,0.4555816879636257
2025-10-30 00:00:00-04:00,43.68000030517578,44.439998626708984,43.540000915527344,44.34000015258789,30333200,0.0,0.0,0.0,0.02567662785346725,0.025352519538967458,0.3709241246203583,0.46234184707719417
2025-10-31 00:00:00-04:00,44.47999954223633,44.52000045776367,43.88999938964844,44.0099983215332,21310900,0.0,0.0,0.0,-0.007442531121313656,-0.007470364944785579,0.3743774086256508,0.4568577091193607
2025-11-03 00:00:00-05:00,44.25,44.36000061035156,43.560001373291016,43.7599983215332,17946700,0.0,0.0,0.0,-0.00568052736956548,-0.005696722927157656,0.2167531699654265,0.4553572906776525
2025-11-04 00:00:00-05:00,43.040000915527344,43.439998626708984,42.5099983215332,42.7400016784668,26679100,0.0,0.0,0.0,-0.023308882134131403,-0.023584830594968447,0.30159113600641685,0.4598460341444381
2025-11-05 00:00:00-05:00,43.4900016784668,43.790000915527344,43.349998474121094,43.650001525878906,16178500,0.0,0.0,0.0,0.021291525776204745,0.02106802808017644,0.32931278962435306,0.4558002764610407
2025-11-06 00:00:00-05:00,43.65999984741211,43.900001525878906,43.2400016784668,43.54999923706055,15957900,0.0,0.0,0.0,-0.0022910031001733833,-0.0022936314629347283,0.2545830795313329,0.4555847855212356
2025-11-07 00:00:00-05:00,44.02000045776367,44.22999954223633,43.5099983215332,43.91999816894531,16493100,0.0,0.0,0.0,0.008495957252965924,0.008460069730783726,0.26395226247377884,0.45260659707761436
2025-11-10 00:00:00-05:00,45.16999816894531,45.869998931884766,45.0099983215332,45.790000915527344,20763800,0.0,0.0,0.0,0.042577477790157525,0.0416959911524555,0.3928347520526923,0.4554678560896434
2025-11-11 00:00:00-05:00,46.279998779296875,46.47999954223633,45.599998474121094,46.45000076293945,19693700,0.0,0.0,0.0,0.014413623809042209,0.014310735021759313,0.2660724429064523,0.45751270578790193
2025-11-12 00:00:00-05:00,47.099998474121094,48.70000076293945,46.88999938964844,48.31999969482422,51559700,0.0,0.0,0.0,0.040258318647365066,0.03946906562602686,0.3153193236436322,0.46539719310986144
2025-11-13 00:00:00-05:00,48.290000915527344,48.41999816894531,47.209999084472656,47.41999816894531,39328400,0.0,0.0,0.0,-0.01862585951082507,-0.01880150528712995,0.40021931344918327,0.46553060025519477
2025-11-14 00:00:00-05:00,45.77000045776367,46.709999084472656,45.400001525878906,45.959999084472656,31793500,0.0,0.0,0.0,-0.030788678634508848,-0.031272608963240994,0.5311770552636725,0.45121973353534334
2025-11-17 00:00:00-05:00,45.810001373291016,46.2599983215332,44.95000076293945,45.470001220703125,23582000,0.0,0.0,0.0,-0.010661398466717431,-0.01071863837720475,0.4511806963650954,0.448278435843488
2025-11-18 00:00:00-05:00,45.869998931884766,46.439998626708984,45.59000015258789,46.099998474121094,20909400,0.0,0.0,0.0,0.013855228425442068,0.013760122220017004,0.4499884242861965,0.33552009931191784
2025-11-19 00:00:00-05:00,46.79999923706055,47.5,45.689998626708984,46.45000076293945,30797100,0.0,0.0,0.0,0.007592240789657145,0.0075635647815318246,0.2926800980410057,0.3359357326329158
2025-11-20 00:00:00-05:00,46.2599983215332,46.63999938964844,45.540000915527344,45.779998779296875,28460400,0.0,0.0,0.0,-0.014424154416314727,-0.014529193824938934,0.284219471761399,0.3412030444687384
2025-11-21 00:00:00-05:00,44.900001525878906,45.95000076293945,44.7599983215332,45.29999923706055,26351900,0.0,0.0,0.0,-0.010484918196489779,-0.010540272212812087,0.20101364668293045,0.34341644752242045
2025-11-24 00:00:00-05:00,45.40999984741211,46.63999938964844,45.36000061035156,46.630001068115234,21486800,0.0,0.0,0.0,0.029359864314668638,0.02893711807935294,0.2856812602059031,0.3259733670463444
2025-11-25 00:00:00-05:00,46.54999923706055,46.77000045776367,45.970001220703125,46.66999816894531,24006600,0.0,0.0,0.0,0.0008577546625325727,0.0008573870012291349,0.2755362770594681,0.3261865582887161
2025-11-26 00:00:00-05:00,47.310001373291016,48.45000076293945,47.150001525878906,48.400001525878906,26280300,0.0,0.0,0.0,0.03706885418488737,0.03639832452136947,0.3719226664387803,0.34515506262960094
2025-11-28 00:00:00-05:00,49.66999816894531,51.27000045776367,49.58000183105469,51.209999084472656,41350000,0.0,0.0,0.0,0.05805779896703678,0.056434962347547926,0.4404242398311149,0.3864479376283887
2025-12-01 00:00:00-05:00,51.9900016784668,53.36000061035156,51.61000061035156,52.52000045776367,66064100,0.0,0.0,0.0,0.025580968496603962,0.025259250554025885,0.3278619764769124,0.3872830193376739
2025-12-02 00:00:00-05:00,52.83000183105469,53.20000076293945,51.77000045776367,53.130001068115234,43952700,0.0,0.0,0.0,0.011614634520845435,0.011547702416074961,0.3538490066850871,0.3833404111251328
2025-12-03 00:00:00-05:00,52.9900016784668,53.38999938964844,52.41999816894531,53.06999969482422,33817700,0.0,0.0,0.0,-0.0011293313021788487,-0.001129969477293223,0.3631284859218044,0.36542891079368084
2025-12-04 00:00:00-05:00,52.279998779296875,52.36000061035156,51.13999938964844,51.7599983215332,48740300,0.0,0.0,0.0,-0.024684405140834698,-0.024994173324595026,0.48968518238697906,0.38442220936916865
2025-12-05 00:00:00-05:00,52.709999084472656,53.81999969482422,52.529998779296875,52.95000076293945,43566000,0.0,0.0,0.0,0.022990774343035092,0.022730468691322527,0.3265059565270592,0.38519398901667595
2025-12-08 00:00:00-05:00,52.88999938964844,52.970001220703125,52.2599983215332,52.709999084472656,19711200,0.0,0.0,0.0,-0.004532609537463483,-0.004542912958116647,0.2851880093332875,0.38867240010483806
2025-12-09 00:00:00-05:00,53.38999938964844,55.189998626708984,53.36000061035156,55.16999816894531,59738900,0.0,0.0,0.0,0.046670444454576465,0.04561412059704479,0.4368168776393604,0.39354106814274936
2025-12-10 00:00:00-05:00,55.130001068115234,56.220001220703125,54.47999954223633,56.06999969482422,54915000,0.0,0.0,0.0,0.01631324190229,0.016181610597796367,0.43171736334516,0.3939036757232111
2025-12-11 00:00:00-05:00,56.77000045776367,58.29999923706055,56.470001220703125,57.619998931884766,67910900,0.0,0.0,0.0,0.027644002951610958,0.02726880642633444,0.29460138706667166,0.38334676216383873
2025-12-12 00:00:00-05:00,58.529998779296875,58.560001373291016,55.130001068115234,56.099998474121094,78667400,0.0,0.0,0.0,-0.026379737694208094,-0.026733925789768735,0.4498185322317343,0.39168586001894845
2025-12-15 00:00:00-05:00,57.84000015258789,58.20000076293945,57.02000045776367,58.11000061035156,43227800,0.0,0.0,0.0,0.03582891605884231,0.03520199126101393,0.44794313231477445,0.3735079627165464
2025-12-16 00:00:00-05:00,57.61000061035156,57.9900016784668,57.099998474121094,57.72999954223633,32461300,0.0,0.0,0.0,-0.006539340287797901,-0.006560815446944308,0.40576161480913303,0.37045674669824885
2025-12-17 00:00:00-05:00,59.27000045776367,60.63999938964844,59.04999923706055,60.2599983215332,65128000,0.0,0.0,0.0,0.043824680397682725,0.04289154470495538,0.47628321291288495,0.38706704584111923
2025-12-18 00:00:00-05:00,59.81999969482422,60.029998779296875,58.58000183105469,59.31999969482422,47603400,0.0,0.0,0.0,-0.015599048338723387,-0.015721993723244575,0.5015197835402748,0.40049072635008026
2025-12-19 00:00:00-05:00,59.790000915527344,61.15999984741211,59.689998626708984,60.93000030517578,42432456,0.0,0.0,0.0,0.027140940974954786,0.026779157143869015,0.41952761604622973,0.390337283500846
