date,open,high,low,close,volume,dividends,stock_splits,capital_gains,returns,log_returns,realized_vol_5d,realized_vol_20d
2011-09-19 00:00:00-04:00,24.549999237060547,24.549999237060547,24.549999237060547,24.549999237060547,100,0.0,0.0,0.0,,,,
2011-09-20 00:00:00-04:00,24.989999771118164,25.079999923706055,24.65999984741211,25.079999923706055,1200,0.0,0.0,0.0,0.021588623344860336,0.021358889559131008,,
2011-09-21 00:00:00-04:00,24.959999084472656,25.110000610351562,24.34000015258789,24.34000015258789,4400,0.0,0.0,0.0,-0.02950557310084767,-0.029949618894297772,,
2011-09-22 00:00:00-04:00,24.0,24.0,24.0,24.0,100,0.0,0.0,0.0,-0.013968781859343582,-0.01406726348045313,,
2011-09-23 00:00:00-04:00,24.43000030517578,24.43000030517578,23.0,23.0,300,0.0,0.0,0.0,-0.04166666666666663,-0.04255961441879589,,
2011-09-26 00:00:00-04:00,23.31999969482422,23.459999084472656,23.260000228881836,23.459999084472656,1000,0.0,0.0,0.0,0.019999960194463373,0.01980258827114304,0.4551668019875699,
2011-09-27 00:00:00-04:00,23.479999542236328,23.479999542236328,23.389999389648438,23.389999389648438,300,0.0,0.0,0.0,-0.0029837893246359437,-0.0029882496987569747,0.37920800059927334,
2011-09-28 00:00:00-04:00,23.260000228881836,23.260000228881836,22.709999084472656,22.709999084472656,2200,0.0,0.0,0.0,-0.029072266905518784,-0.029503238697911032,0.3780755796319833,
2011-09-29 00:00:00-04:00,22.829999923706055,22.90999984741211,22.829999923706055,22.90999984741211,1600,0.0,0.0,0.0,0.008806727036646977,0.008768174001461274,0.409694385383956,
2011-09-30 00:00:00-04:00,22.600000381469727,22.600000381469727,22.1299991607666,22.1299991607666,600,0.0,0.0,0.0,-0.03404629820342908,-0.03463937366501121,0.3733559396279559,
2011-10-03 00:00:00-04:00,22.010000228881836,22.010000228881836,21.719999313354492,21.719999313354492,1600,0.0,0.0,0.0,-0.01852688038682726,-0.01870065268785379,0.2844421371681374,
2011-10-04 00:00:00-04:00,21.959999084472656,21.969999313354492,21.690000534057617,21.690000534057617,1900,0.0,0.0,0.0,-0.0013811593114751997,-0.0013821139911414269,0.2889575158471021,
2011-10-05 00:00:00-04:00,21.690000534057617,21.690000534057617,21.65999984741211,21.65999984741211,1000,0.0,0.0,0.0,-0.0013831574876358443,-0.0013841149329205593,0.26925341496643873,
2011-10-06 00:00:00-04:00,22.09000015258789,22.09000015258789,21.59000015258789,21.59000015258789,200,0.0,0.0,0.0,-0.0032317495529706752,-0.0032369829339167554,0.22875123952144222,
2011-10-07 00:00:00-04:00,21.719999313354492,21.729999542236328,21.719999313354492,21.729999542236328,1100,0.0,0.0,0.0,0.006484455241268616,0.006463521608119332,0.14516301182060998,
2011-10-10 00:00:00-04:00,22.18000030517578,22.18000030517578,21.920000076293945,21.920000076293945,2200,0.0,0.0,0.0,0.008743697103551051,0.008705692358016558,0.08538325351397154,
2011-10-11 00:00:00-04:00,21.920000076293945,21.920000076293945,21.920000076293945,21.920000076293945,0,0.0,0.0,0.0,0.0,0.0,0.0826121093247984,
2011-10-12 00:00:00-04:00,22.729999542236328,22.84000015258789,22.729999542236328,22.829999923706055,2300,0.0,0.0,0.0,0.041514591434525405,0.04067599163949762,0.28394083562723715,
2011-10-13 00:00:00-04:00,22.950000762939453,22.950000762939453,22.950000762939453,22.950000762939453,500,0.0,0.0,0.0,0.0052562785648015975,0.005242512550227131,0.26334636485310875,
2011-10-14 00:00:00-04:00,24.399999618530273,24.399999618530273,23.139999389648438,23.280000686645508,3800,0.0,0.0,0.0,0.014379081164953567,0.014276682608215739,0.2580859560556893,
2011-10-17 00:00:00-04:00,22.799999237060547,23.239999771118164,22.799999237060547,23.0,2000,0.0,0.0,0.0,-0.012027520549263926,-0.01210043642916887,0.3194590745468507,0.3287985651604501
2011-10-18 00:00:00-04:00,22.770000457763672,22.899999618530273,22.770000457763672,22.799999237060547,1700,0.0,0.0,0.0,-0.008695685345193604,-0.008733713431011871,0.34151040117307724,0.3160231928964568
2011-10-19 00:00:00-04:00,23.040000915527344,23.040000915527344,22.520000457763672,22.520000457763672,4100,0.0,0.0,0.0,-0.01228064862571343,-0.012356678899664726,0.18945505780242836,0.30366670890934977
2011-10-20 00:00:00-04:00,22.700000762939453,22.700000762939453,22.1200008392334,22.299999237060547,8600,0.0,0.0,0.0,-0.00976914814525598,-0.009817179344932155,0.17960688569934805,0.3021459734635926
2011-10-21 00:00:00-04:00,22.84000015258789,22.84000015258789,22.579999923706055,22.579999923706055,1500,0.0,0.0,0.0,0.012556085032513042,0.01247791108914661,0.16678994770183445,0.2709846168705579
2011-10-24 00:00:00-04:00,22.850000381469727,22.850000381469727,22.59000015258789,22.59000015258789,1600,0.0,0.0,0.0,0.0004428799342615086,0.0004427818918896876,0.16203066895739907,0.2597503452985214
2011-10-25 00:00:00-04:00,22.719999313354492,22.799999237060547,22.610000610351562,22.700000762939453,3300,0.0,0.0,0.0,0.004869438229683221,0.004857620862446665,0.16349907325934798,0.2607537895164516
2011-10-26 00:00:00-04:00,22.510000228881836,22.510000228881836,22.479999542236328,22.479999542236328,500,0.0,0.0,0.0,-0.00969168340568094,-0.009738953434686509,0.15276289328517556,0.24183172194833824
2011-10-27 00:00:00-04:00,22.719999313354492,23.079999923706055,22.690000534057617,23.079999923706055,1600,0.0,0.0,0.0,0.026690408971869584,0.02634043367193123,0.21660505197864394,0.25861070184685403
2011-10-28 00:00:00-04:00,22.989999771118164,22.989999771118164,22.610000610351562,22.610000610351562,2000,0.0,0.0,0.0,-0.020363921789780637,-0.020574125049628803,0.27996634237315327,0.2381212523147746
2011-10-31 00:00:00-04:00,22.329999923706055,22.329999923706055,22.209999084472656,22.209999084472656,600,0.0,0.0,0.0,-0.017691354050462627,-0.017849716599706817,0.3079497911204675,0.23722093282150752
2011-11-01 00:00:00-04:00,21.959999084472656,22.229999542236328,21.959999084472656,22.209999084472656,2400,0.0,0.0,0.0,0.0,0.0,0.301751838204201,0.2370706005148426
2011-11-02 00:00:00-04:00,22.209999084472656,22.209999084472656,22.209999084472656,22.209999084472656,0,0.0,0.0,0.0,0.0,0.0,0.2984892129309689,0.23691452657583315
2011-11-03 00:00:00-04:00,22.639999389648438,22.770000457763672,22.56999969482422,22.770000457763672,900,0.0,0.0,0.0,0.025213930498651838,0.02490130349452142,0.2895124203502756,0.25071832668529886
2011-11-04 00:00:00-04:00,22.739999771118164,22.739999771118164,22.5,22.520000457763672,1000,0.0,0.0,0.0,-0.010979358584718879,-0.01104007658098139,0.25925588321185317,0.25492569863953385
2011-11-07 00:00:00-05:00,22.5,22.5,22.149999618530273,22.25,1800,0.0,0.0,0.0,-0.01198936288967034,-0.012061814986223815,0.23798863389320282,0.25815518492992573
2011-11-08 00:00:00-05:00,22.290000915527344,22.290000915527344,22.270000457763672,22.270000457763672,400,0.0,0.0,0.0,0.0008988969781424938,0.0008984932121983788,0.23796734003856057,0.25813464569325334
2011-11-09 00:00:00-05:00,22.200000762939453,22.25,21.8799991607666,21.959999084472656,2500,0.0,0.0,0.0,-0.013920133224916253,-0.014017926873799175,0.2598025809228083,0.2136702536283899
2011-11-10 00:00:00-05:00,21.739999771118164,21.739999771118164,21.59000015258789,21.59000015258789,1600,0.0,0.0,0.0,-0.01684876809245328,-0.01699232335640638,0.10777261125725254,0.2182702290051256
2011-11-11 00:00:00-05:00,21.59000015258789,21.59000015258789,21.59000015258789,21.59000015258789,0,0.0,0.0,0.0,0.0,0.0,0.13084740860489594,0.20888602138972037
2011-11-14 00:00:00-05:00,21.799999237060547,21.799999237060547,21.709999084472656,21.709999084472656,1200,0.0,0.0,0.0,0.005558079251350989,0.005542690125190687,0.15697661350580835,0.20889153349801695
2011-11-15 00:00:00-05:00,21.93000030517578,21.93000030517578,21.93000030517578,21.93000030517578,100,0.0,0.0,0.0,0.010133635650886541,0.01008263462626814,0.18879482224028926,0.21250457536480843
2011-11-16 00:00:00-05:00,22.229999542236328,22.229999542236328,21.920000076293945,21.920000076293945,300,0.0,0.0,0.0,-0.00045600678261170646,-0.0004561107853230967,0.16211272374728836,0.20892801397561442
2011-11-17 00:00:00-05:00,21.770000457763672,21.770000457763672,21.600000381469727,21.600000381469727,1000,0.0,0.0,0.0,-0.014598526172921567,-0.014706133209623379,0.14781769538630996,0.21221195873301002
2011-11-18 00:00:00-05:00,21.600000381469727,21.600000381469727,21.600000381469727,21.600000381469727,0,0.0,0.0,0.0,0.0,0.0,0.14781769538630996,0.20575672849833107
2011-11-21 00:00:00-05:00,21.1200008392334,21.170000076293945,21.1200008392334,21.170000076293945,1400,0.0,0.0,0.0,-0.01990742118433808,-0.02010824360011004,0.1926369761158473,0.2148522338471183
2011-11-22 00:00:00-05:00,21.25,21.25,21.25,21.25,300,0.0,0.0,0.0,0.0037789288340928096,0.003771806619781207,0.1644821213382561,0.2143463733414312
2011-11-23 00:00:00-05:00,20.81999969482422,20.889999389648438,20.670000076293945,20.670000076293945,500,0.0,0.0,0.0,-0.027294114056755525,-0.027673517985701775,0.2093060009613522,0.22994681420438887
2011-11-25 00:00:00-05:00,20.5,20.530000686645508,20.5,20.530000686645508,200,0.0,0.0,0.0,-0.0067730715593465884,-0.006796112907924952,0.2096258163148995,0.19915711022016577
2011-11-28 00:00:00-05:00,20.610000610351562,20.8700008392334,20.610000610351562,20.8700008392334,300,0.0,0.0,0.0,0.01656113693211214,0.016425496824738754,0.2805618489687298,0.20625398254220778
2011-11-29 00:00:00-05:00,20.719999313354492,20.719999313354492,20.719999313354492,20.719999313354492,300,0.0,0.0,0.0,-0.007187423088020117,-0.007213377049517978,0.25640772105797127,0.20023129171470674
2011-11-30 00:00:00-05:00,21.139999389648438,21.139999389648438,20.84000015258789,20.84000015258789,2200,0.0,0.0,0.0,0.005791546486975774,0.005774839955022102,0.2607069468070987,0.20257362447018304
2011-12-01 00:00:00-05:00,20.75,20.75,20.75,20.75,100,0.0,0.0,0.0,-0.00431862533248184,-0.004327977530334628,0.162796649533613,0.20227664048015762
2011-12-02 00:00:00-05:00,20.969999313354492,20.969999313354492,20.969999313354492,20.969999313354492,400,0.0,0.0,0.0,0.010602376547204528,0.010546565492938286,0.15845136901591897,0.18040967139731723
2011-12-05 00:00:00-05:00,20.969999313354492,20.969999313354492,20.969999313354492,20.969999313354492,0,0.0,0.0,0.0,0.0,0.0,0.11542735285874267,0.1790186000014418
2011-12-06 00:00:00-05:00,20.969999313354492,20.969999313354492,20.969999313354492,20.969999313354492,0,0.0,0.0,0.0,0.0,0.0,0.09237284635276322,0.17651755078853038
2011-12-07 00:00:00-05:00,20.920000076293945,20.920000076293945,20.829999923706055,20.829999923706055,2400,0.0,0.0,0.0,-0.006676175213762625,-0.006698560559460247,0.10518027405719205,0.17640384301277906
2011-12-08 00:00:00-05:00,21.0,21.0,20.8799991607666,20.8799991607666,200,0.0,0.0,0.0,0.0024003474432874317,0.0023974712110814474,0.09873456668018384,0.17282098841505505
2011-12-09 00:00:00-05:00,20.420000076293945,20.420000076293945,20.420000076293945,20.420000076293945,1000,0.0,0.0,0.0,-0.0220306083793812,-0.02227690634851099,0.15820342365453574,0.1793962048989978
2011-12-12 00:00:00-05:00,20.420000076293945,20.420000076293945,20.420000076293945,20.420000076293945,0,0.0,0.0,0.0,0.0,0.0,0.15820342365453574,0.1793962048989978
2011-12-13 00:00:00-05:00,20.600000381469727,20.729999542236328,20.600000381469727,20.649999618530273,2200,0.0,0.0,0.0,0.01126344472952967,0.011200484461175572,0.1972032356420306,0.18397306225954946
2011-12-14 00:00:00-05:00,20.649999618530273,20.649999618530273,20.649999618530273,20.649999618530273,0,0.0,0.0,0.0,0.0,0.0,0.19506499375298975,0.17821699390692436
2011-12-15 00:00:00-05:00,20.649999618530273,20.649999618530273,20.649999618530273,20.649999618530273,0,0.0,0.0,0.0,0.0,0.0,0.1926361113552767,0.17830869452896772
2011-12-16 00:00:00-05:00,20.780000686645508,20.780000686645508,20.780000686645508,20.780000686645508,200,0.0,0.0,0.0,0.006295451356743698,0.006275717780725317,0.08126869324786137,0.1755607827010796
2011-12-19 00:00:00-05:00,20.899999618530273,20.899999618530273,20.81999969482422,20.81999969482422,300,0.0,0.0,0.0,0.0019248800219924256,0.001923029814347587,0.07706887673784558,0.1759658948221231
2011-12-20 00:00:00-05:00,20.81999969482422,20.81999969482422,20.81999969482422,20.81999969482422,0,0.0,0.0,0.0,0.0,0.0,0.043345765435663576,0.16243176232088175
2011-12-21 00:00:00-05:00,21.049999237060547,21.329999923706055,21.049999237060547,21.329999923706055,1100,0.0,0.0,0.0,0.02449568858584672,0.0242004803774175,0.16445810827078655,0.1851993765857789
2011-12-22 00:00:00-05:00,21.3700008392334,22.440000534057617,21.229999542236328,21.34000015258789,5900,0.0,0.0,0.0,0.00046883398582298064,0.00046872411750850787,0.16331264597705483,0.15402534095682768
2011-12-23 00:00:00-05:00,21.280000686645508,21.31999969482422,21.280000686645508,21.31999969482422,300,0.0,0.0,0.0,-0.0009372285670413705,-0.000937668040347558,0.17210101870110872,0.1511635361488544
2011-12-27 00:00:00-05:00,21.40999984741211,21.920000076293945,21.40999984741211,21.920000076293945,7800,0.0,0.0,0.0,0.028142607413610188,0.027753880576795342,0.23124581346974957,0.17039518993225988
2011-12-28 00:00:00-05:00,22.030000686645508,22.030000686645508,21.729999542236328,21.729999542236328,800,0.0,0.0,0.0,-0.008667907545451992,-0.008705692358016515,0.2620245182931239,0.171589749285003
2011-12-29 00:00:00-05:00,21.790000915527344,21.809999465942383,21.670000076293945,21.809999465942383,1700,0.0,0.0,0.0,0.0036815428159839847,0.003674782524352645,0.22151100270204388,0.1712057931338772
2011-12-30 00:00:00-05:00,21.850000381469727,22.059999465942383,21.850000381469727,22.059999465942383,1200,0.0,0.0,0.0,0.011462632100949444,0.011397433889321323,0.22253665199123915,0.1722360503377163
2012-01-03 00:00:00-05:00,22.0,22.3799991607666,22.0,22.290000915527344,3500,0.0,0.0,0.0,0.010426176570858647,0.01037219885519785,0.21223488181425562,0.17213565034463565
2012-01-04 00:00:00-05:00,22.100000381469727,22.190000534057617,22.100000381469727,22.15999984741211,900,0.0,0.0,0.0,-0.005832259433631304,-0.005849333477885188,0.1459869933794877,0.1747592675458398
2012-01-05 00:00:00-05:00,21.770000457763672,21.90999984741211,21.770000457763672,21.850000381469727,1800,0.0,0.0,0.0,-0.013989145671342795,-0.014087915993180142,0.17330721235103466,0.18453548165240927
2012-01-06 00:00:00-05:00,22.1299991607666,22.1299991607666,21.489999771118164,21.5,1300,0.0,0.0,0.0,-0.016018323815067292,-0.016148003866550582,0.20811195286271042,0.1932179427398309
2012-01-09 00:00:00-05:00,21.93000030517578,22.139999389648438,21.739999771118164,22.139999389648438,1000,0.0,0.0,0.0,0.029767413472020277,0.029332964579052004,0.3050747320137855,0.2175123198024751
2012-01-10 00:00:00-05:00,22.0,22.06999969482422,22.0,22.06999969482422,500,0.0,0.0,0.0,-0.0031616845868995824,-0.003166693271653619,0.2932855548620264,0.1981361367547231
2012-01-11 00:00:00-05:00,21.829999923706055,21.850000381469727,21.700000762939453,21.729999542236328,2500,0.0,0.0,0.0,-0.015405534992718017,-0.015525433238654079,0.30893825846864065,0.20944939869586168
2012-01-12 00:00:00-05:00,20.850000381469727,21.290000915527344,20.850000381469727,21.290000915527344,1900,0.0,0.0,0.0,-0.020248441600459466,-0.02045625129428074,0.32478261069225045,0.22279399554190912
2012-01-13 00:00:00-05:00,21.15999984741211,21.15999984741211,21.15999984741211,21.15999984741211,1100,0.0,0.0,0.0,-0.0061062030307580395,-0.006124922129129987,0.3109519179303941,0.22443128601525936
2012-01-17 00:00:00-05:00,21.209999084472656,21.209999084472656,21.200000762939453,21.200000762939453,1800,0.0,0.0,0.0,0.0018904024487615967,0.0018886178867254765,0.14371562519749898,0.22438469716839446
2012-01-18 00:00:00-05:00,21.110000610351562,21.15999984741211,21.110000610351562,21.15999984741211,2000,0.0,0.0,0.0,-0.0018868355701793238,-0.001888617886725481,0.14700566547782748,0.2239008089836952
2012-01-19 00:00:00-05:00,21.3799991607666,21.3799991607666,21.3799991607666,21.3799991607666,1000,0.0,0.0,0.0,0.01039694305013894,0.01034326656474857,0.17953086118241965,0.2263707675576584
2012-01-20 00:00:00-05:00,21.34000015258789,21.34000015258789,21.34000015258789,21.34000015258789,200,0.0,0.0,0.0,-0.0018708610733769726,-0.0018726133197690218,0.09876744929934923,0.22662411956034523
2012-01-23 00:00:00-05:00,21.34000015258789,21.34000015258789,21.34000015258789,21.34000015258789,0,0.0,0.0,0.0,0.0,0.0,0.08101418416822433,0.2094436060118252
2012-01-24 00:00:00-05:00,21.34000015258789,21.34000015258789,21.34000015258789,21.34000015258789,0,0.0,0.0,0.0,0.0,0.0,0.08185028331116416,0.2094394336970763
2012-01-25 00:00:00-05:00,21.68000030517578,21.829999923706055,21.68000030517578,21.829999923706055,5900,0.0,0.0,0.0,0.022961563618299374,0.022701914043009645,0.1665945432394579,0.22453319090236046
2012-01-26 00:00:00-05:00,21.989999771118164,21.989999771118164,21.75,21.75,600,0.0,0.0,0.0,-0.003664678148678324,-0.0036714095322466895,0.1745167553989923,0.20123464688007267
2012-01-27 00:00:00-05:00,21.75,21.75,21.75,21.75,0,0.0,0.0,0.0,0.0,0.0,0.17137656389891767,0.1987991188318115
2012-01-30 00:00:00-05:00,21.649999618530273,21.65999984741211,21.100000381469727,21.100000381469727,10500,0.0,0.0,0.0,-0.029885039932426416,-0.030340698973538544,0.29818701505260803,0.2248257888812617
2012-01-31 00:00:00-05:00,21.399999618530273,21.399999618530273,21.399999618530273,21.399999618530273,100,0.0,0.0,0.0,0.014217973063356482,0.014117845640962929,0.32077648751626436,0.22714306738214612
2012-02-01 00:00:00-05:00,21.399999618530273,21.399999618530273,21.399999618530273,21.399999618530273,0,0.0,0.0,0.0,0.0,0.0,0.2552235033188225,0.22290640644633875
2012-02-02 00:00:00-05:00,21.399999618530273,21.399999618530273,21.399999618530273,21.399999618530273,0,0.0,0.0,0.0,0.0,0.0,0.2567275273418016,0.22251732886074357
2012-02-03 00:00:00-05:00,21.809999465942383,22.040000915527344,21.809999465942383,22.040000915527344,700,0.0,0.0,0.0,0.029906603196520276,0.02946812162194855,0.35042040401741714,0.24377169461938658
2012-02-06 00:00:00-05:00,22.049999237060547,22.06999969482422,22.0,22.06999969482422,2400,0.0,0.0,0.0,0.0013611060821572263,0.0013601806169494834,0.2076800082926055,0.23578519943212867
2012-02-07 00:00:00-05:00,21.989999771118164,21.989999771118164,21.389999389648438,21.899999618530273,4700,0.0,0.0,0.0,-0.007702767496359009,-0.007732587037269506,0.2306627795920677,0.212374959096299
2012-02-08 00:00:00-05:00,21.950000762939453,22.020000457763672,21.93000030517578,22.020000457763672,13900,0.0,0.0,0.0,0.00547949047139995,0.00546453267932867,0.2268582089832846,0.21313061420424062
2012-02-09 00:00:00-05:00,22.079999923706055,22.200000762939453,22.079999923706055,22.079999923706055,7300,0.0,0.0,0.0,0.0027247713303850674,0.0027210658704780798,0.22325886741560946,0.20535522563191935
2012-02-10 00:00:00-05:00,22.079999923706055,22.079999923706055,22.079999923706055,22.079999923706055,0,0.0,0.0,0.0,0.0,0.0,0.0785509786944926,0.1897077297500881
2012-02-13 00:00:00-05:00,21.959999084472656,22.200000762939453,21.959999084472656,22.200000762939453,2000,0.0,0.0,0.0,0.005434820636233795,0.005420105291322367,0.0866838000664039,0.18766719045341615
2012-02-14 00:00:00-05:00,22.280000686645508,22.360000610351562,22.270000457763672,22.270000457763672,11000,0.0,0.0,0.0,0.003153139298133434,0.0031481785795723608,0.03596637263233146,0.18766915626387126
2012-02-15 00:00:00-05:00,22.420000076293945,22.420000076293945,22.299999237060547,22.360000610351562,1700,0.0,0.0,0.0,0.00404131794961482,0.004033173759031883,0.03183504507023558,0.18699666118450703
2012-02-16 00:00:00-05:00,22.56999969482422,22.56999969482422,22.31999969482422,22.31999969482422,700,0.0,0.0,0.0,-0.0017889496616929623,-0.0017905517431194655,0.0472980497351805,0.1854509987784242
2012-02-17 00:00:00-05:00,22.31999969482422,22.639999389648438,22.31999969482422,22.459999084472656,500,0.0,0.0,0.0,0.006272374173952322,0.006252784707365365,0.050065084443591965,0.185322100647969
2012-02-21 00:00:00-05:00,22.420000076293945,22.420000076293945,22.31999969482422,22.3700008392334,1500,0.0,0.0,0.0,-0.0040070458106775675,-0.004015095529666423,0.0678649731062397,0.18661637406740209
2012-02-22 00:00:00-05:00,22.690000534057617,22.690000534057617,22.350000381469727,22.350000381469727,300,0.0,0.0,0.0,-0.0008940749670690584,-0.0008944748904845401,0.06786464848507134,0.18679738014632538
2012-02-23 00:00:00-05:00,22.540000915527344,22.8799991607666,22.489999771118164,22.8799991607666,4600,0.0,0.0,0.0,0.023713591510105436,0.023436791704240616,0.17980875742456867,0.1879120764019742
2012-02-24 00:00:00-05:00,22.84000015258789,22.84000015258789,22.59000015258789,22.59000015258789,800,0.0,0.0,0.0,-0.01267478229090091,-0.012755792597237888,0.21713591798288914,0.1943904897353819
2012-02-27 00:00:00-05:00,22.549999237060547,22.799999237060547,22.079999923706055,22.170000076293945,1700,0.0,0.0,0.0,-0.018592300728507594,-0.01876731016504258,0.25774580639664774,0.20763803777720422
2012-02-28 00:00:00-05:00,22.959999084472656,23.010000228881836,22.850000381469727,22.969999313354492,15800,0.0,0.0,0.0,0.03608476474097877,0.03544895973832821,0.3738779283109752,0.20936950274097224
2012-02-29 00:00:00-05:00,23.18000030517578,23.18000030517578,21.299999237060547,21.299999237060547,3900,0.0,0.0,0.0,-0.0727035318335002,-0.07548194991123779,0.6765937181249692,0.34095335872149013
2012-03-01 00:00:00-05:00,23.290000915527344,23.360000610351562,22.850000381469727,23.360000610351562,12000,0.0,0.0,0.0,0.09671368296139438,0.09231814719146432,1.012787543871984,0.483868074184896
2012-03-02 00:00:00-05:00,23.100000381469727,23.299999237060547,23.100000381469727,23.299999237060547,1300,0.0,0.0,0.0,-0.0025685518717164513,-0.0025718562606176364,1.0036954686579889,0.48429357259723393
2012-03-05 00:00:00-05:00,23.350000381469727,23.350000381469727,23.200000762939453,23.200000762939453,3600,0.0,0.0,0.0,-0.0042917801457279525,-0.004301016269886785,0.9849771689833382,0.4758233745238319
2012-03-06 00:00:00-05:00,22.829999923706055,23.190000534057617,22.829999923706055,23.190000534057617,1300,0.0,0.0,0.0,-0.000431044334179953,-0.00043113726049350074,0.9593457495562774,0.4759471424227434
2012-03-07 00:00:00-05:00,23.239999771118164,23.399999618530273,23.239999771118164,23.399999618530273,1100,0.0,0.0,0.0,0.009055587737665016,0.009014831764439119,0.6883555108959621,0.4747123236275294
2012-03-08 00:00:00-05:00,23.489999771118164,23.5,23.040000915527344,23.5,1300,0.0,0.0,0.0,0.004273520645296847,0.004264415088582771,0.08628581453801618,0.4746728804102847
2012-03-09 00:00:00-05:00,23.450000762939453,23.59000015258789,23.1200008392334,23.59000015258789,5400,0.0,0.0,0.0,0.003829793727144315,0.0038224787377997994,0.08040087147941626,0.4746597233153859
2012-03-12 00:00:00-04:00,23.530000686645508,23.530000686645508,23.030000686645508,23.030000686645508,1900,0.0,0.0,0.0,-0.02373884961085726,-0.02402515624005666,0.2052700237354631,0.4845119314195005
2012-03-13 00:00:00-04:00,23.459999084472656,23.479999542236328,23.219999313354492,23.219999313354492,600,0.0,0.0,0.0,0.00825004867755652,0.008216203050591994,0.21678621145740964,0.48483764957732056
2012-03-14 00:00:00-04:00,24.790000915527344,24.790000915527344,23.440000534057617,23.5,2600,0.0,0.0,0.0,0.012058600125990138,0.01198647445166489,0.2252794614779037,0.4859809072201564
2012-03-15 00:00:00-04:00,23.709999084472656,23.90999984741211,23.700000762939453,23.90999984741211,2000,0.0,0.0,0.0,0.017446802017536678,0.017296353938359793,0.25502751124150946,0.4886366453718047
2012-03-16 00:00:00-04:00,23.860000610351562,23.940000534057617,23.700000762939453,23.940000534057617,4100,0.0,0.0,0.0,0.001254733870220237,0.0012539473495250556,0.25551654458097434,0.48829420128569984
2012-03-19 00:00:00-04:00,23.950000762939453,23.950000762939453,23.610000610351562,23.6200008392334,1500,0.0,0.0,0.0,-0.013366737163141629,-0.013456876138155832,0.18893178436738645,0.492018774232132
2012-03-20 00:00:00-04:00,23.3700008392334,23.459999084472656,23.34000015258789,23.34000015258789,3000,0.0,0.0,0.0,-0.011854389360580364,-0.011925212903819088,0.21945253764045197,0.49427813147318944
2012-03-21 00:00:00-04:00,23.34000015258789,23.34000015258789,23.34000015258789,23.34000015258789,0,0.0,0.0,0.0,0.0,0.0,0.19710304070005857,0.4942050098583373
2012-03-22 00:00:00-04:00,23.329999923706055,23.639999389648438,23.329999923706055,23.510000228881836,4200,0.0,0.0,0.0,0.007283636468832455,0.00725723889146483,0.14157690676373852,0.48831140547515217
2012-03-23 00:00:00-04:00,23.6200008392334,23.90999984741211,23.6200008392334,23.899999618530273,3200,0.0,0.0,0.0,0.01658865954281552,0.01645257068890044,0.20190404048076735,0.4878532816769262
2012-03-26 00:00:00-04:00,23.68000030517578,24.030000686645508,23.68000030517578,24.010000228881836,8700,0.0,0.0,0.0,0.004602536071434793,0.004591976789544589,0.16548689981432368,0.48096947622851965
2012-03-27 00:00:00-04:00,23.850000381469727,24.280000686645508,23.520000457763672,23.780000686645508,6100,0.0,0.0,0.0,-0.00957932278399809,-0.009625499628381362,0.15262942953212127,0.4682467701076515
2012-03-28 00:00:00-04:00,23.65999984741211,24.280000686645508,23.540000915527344,23.540000915527344,400,0.0,0.0,0.0,-0.010092504801858304,-0.01014377941301113,0.18230506010908964,0.37992597412457674
2012-03-29 00:00:00-04:00,23.489999771118164,23.639999389648438,23.34000015258789,23.639999389648438,1400,0.0,0.0,0.0,0.004248023374337828,0.004239025994762686,0.17772753747527767,0.16669151712095795
2012-03-30 00:00:00-04:00,23.540000915527344,24.200000762939453,23.540000915527344,24.100000381469727,2400,0.0,0.0,0.0,0.019458587296864227,0.01927168960592553,0.1938652268422261,0.17894086612794732
2012-04-02 00:00:00-04:00,24.450000762939453,24.579999923706055,24.25,24.34000015258789,5800,0.0,0.0,0.0,0.009958496569265618,0.009909237503170335,0.20240988559869288,0.17970743073865986
2012-04-03 00:00:00-04:00,24.350000381469727,24.600000381469727,24.280000686645508,24.600000381469727,1700,0.0,0.0,0.0,0.010682014266717,0.010625364616817743,0.17337809899579634,0.18165333549636745
2012-04-04 00:00:00-04:00,24.389999389648438,24.389999389648438,24.389999389648438,24.389999389648438,500,0.0,0.0,0.0,-0.008536625551415655,-0.008573271242052172,0.1638913315720032,0.18460758243197206
2012-04-05 00:00:00-04:00,24.43000030517578,24.43000030517578,24.399999618530273,24.420000076293945,700,0.0,0.0,0.0,0.0012300404836516066,0.001229284603634416,0.16860470453039225,0.18445675166722705
2012-04-09 00:00:00-04:00,24.399999618530273,24.65999984741211,24.299999237060547,24.65999984741211,9400,0.0,0.0,0.0,0.009828000424584316,0.009780019741731585,0.1320923812498522,0.18646973094810518
2012-04-10 00:00:00-04:00,24.770000457763672,24.770000457763672,24.09000015258789,24.139999389648438,5400,0.0,0.0,0.0,-0.021086798904349613,-0.02131230116297128,0.21257998891358992,0.18173813374566145
2012-04-11 00:00:00-04:00,24.420000076293945,24.420000076293945,23.799999237060547,23.799999237060547,2800,0.0,0.0,0.0,-0.014084513719320402,-0.014184641764410005,0.19455179650458573,0.1893653380341477
2012-04-12 00:00:00-04:00,24.239999771118164,24.540000915527344,24.110000610351562,24.110000610351562,4400,0.0,0.0,0.0,0.013025268202878415,0.0129411688872171,0.23628473798704988,0.1901231930483521
2012-04-13 00:00:00-04:00,24.579999923706055,24.579999923706055,24.110000610351562,24.3700008392334,8500,0.0,0.0,0.0,0.010783916312727237,0.010726184565900283,0.2541280100679441,0.1840143140621534
2012-04-16 00:00:00-04:00,24.200000762939453,24.200000762939453,23.920000076293945,23.950000762939453,7800,0.0,0.0,0.0,-0.01723430700986206,-0.01738454636183314,0.25871639551366354,0.1950691891743275
2012-04-17 00:00:00-04:00,24.399999618530273,24.399999618530273,24.15999984741211,24.15999984741211,1300,0.0,0.0,0.0,0.008768228717454196,0.008730011038456944,0.2324830147359792,0.19058492285744957
2012-04-18 00:00:00-04:00,23.950000762939453,23.989999771118164,23.729999542236328,23.8700008392334,7500,0.0,0.0,0.0,-0.012003270281881862,-0.012075891241652023,0.22473802001505566,0.19072085657209578
2012-04-19 00:00:00-04:00,23.950000762939453,24.040000915527344,23.860000610351562,24.0,3400,0.0,0.0,0.0,0.005446131386511288,0.005431354838707293,0.2039643440687114,0.1912484295434012
2012-04-20 00:00:00-04:00,24.0,24.3700008392334,23.8799991607666,23.959999084472656,4900,0.0,0.0,0.0,-0.001666704813639286,-0.0016680953113547977,0.17654087645094754,0.19027272055785785
2012-04-23 00:00:00-04:00,23.899999618530273,24.040000915527344,23.899999618530273,24.040000915527344,400,0.0,0.0,0.0,0.00333897471250455,0.003333412713915429,0.12836069536221897,0.1815012926796746
2012-04-24 00:00:00-04:00,24.309999465942383,24.309999465942383,24.1200008392334,24.200000762939453,1000,0.0,0.0,0.0,0.006655567442543919,0.006633516938557656,0.12072325921048191,0.1822832499412296
2012-04-25 00:00:00-04:00,24.34000015258789,24.34000015258789,24.25,24.309999465942383,1900,0.0,0.0,0.0,0.00454540080723409,0.004535101670328761,0.05108558120814783,0.17883125724590468
2012-04-26 00:00:00-04:00,24.540000915527344,24.540000915527344,24.139999389648438,24.18000030517578,5900,0.0,0.0,0.0,-0.005347559178219052,-0.005361908551745991,0.07783088594427631,0.17563482611904468
2012-04-27 00:00:00-04:00,24.510000228881836,24.579999923706055,24.3700008392334,24.530000686645508,9800,0.0,0.0,0.0,0.014474788132852412,0.01437102845482219,0.11286397591504041,0.18148793807323982
2012-04-30 00:00:00-04:00,24.309999465942383,24.600000381469727,24.260000228881836,24.459999084472656,3300,0.0,0.0,0.0,-0.002853713828510518,-0.002857793433015765,0.12553546766439228,0.1697802485419302
2012-05-01 00:00:00-04:00,24.190000534057617,24.59000015258789,24.18000030517578,24.530000686645508,4500,0.0,0.0,0.0,0.0028618808173745958,0.002857793433015752,0.12236706451899322,0.16653861916874907
2012-05-02 00:00:00-04:00,24.479999542236328,24.799999237060547,24.15999984741211,24.15999984741211,12000,0.0,0.0,0.0,-0.015083604927693006,-0.015198519511578589,0.17296819347635756,0.1705891917325436
2012-05-03 00:00:00-04:00,24.020000457763672,24.200000762939453,24.020000457763672,24.09000015258789,2000,0.0,0.0,0.0,-0.0028973383802283204,-0.002901543790034208,0.17010852922189504,0.16837777891266312
2012-05-04 00:00:00-04:00,24.010000228881836,24.1299991607666,23.90999984741211,23.90999984741211,8300,0.0,0.0,0.0,-0.007471992695543661,-0.0075000478723830505,0.10607069279300305,0.16997313414987128
2012-05-07 00:00:00-04:00,23.649999618530273,24.200000762939453,23.649999618530273,24.15999984741211,1900,0.0,0.0,0.0,0.010455876269152675,0.010401591662417279,0.15468556972095926,0.17051738282973034
2012-05-08 00:00:00-04:00,23.65999984741211,23.770000457763672,23.450000762939453,23.450000762939453,1900,0.0,0.0,0.0,-0.02938737950980197,-0.029827839323870956,0.234207923205884,0.18540225383817277
2012-05-09 00:00:00-04:00,23.209999084472656,23.549999237060547,23.209999084472656,23.5,800,0.0,0.0,0.0,0.0021321635579460985,0.0021298937230939943,0.23733417295828452,0.17951063079120694
2012-05-10 00:00:00-04:00,24.200000762939453,24.200000762939453,23.709999084472656,23.950000762939453,10100,0.0,0.0,0.0,0.019148968635721353,0.018967934562319926,0.2964280626280865,0.18682996534287677
2012-05-11 00:00:00-04:00,23.770000457763672,23.770000457763672,22.969999313354492,23.149999618530273,6300,0.0,0.0,0.0,-0.03340296947493682,-0.03397359165836426,0.37792240224251494,0.2157639919324941
2012-05-14 00:00:00-04:00,22.329999923706055,22.889999389648438,22.329999923706055,22.649999618530273,12200,0.0,0.0,0.0,-0.021598272494129045,-0.02183492896695667,0.35678639781001004,0.22023276919694426
2012-05-15 00:00:00-04:00,22.850000381469727,23.049999237060547,22.75,23.049999237060547,600,0.0,0.0,0.0,0.017660027605608697,0.01750590125621901,0.3734530012630292,0.22847821493123693
2012-05-16 00:00:00-04:00,22.959999084472656,23.0,22.639999389648438,23.0,14400,0.0,0.0,0.0,-0.0021691643694354834,-0.0021715204141817684,0.3708142997733755,0.22555815604169718
2012-05-17 00:00:00-04:00,22.889999389648438,23.15999984741211,22.700000762939453,22.700000762939453,900,0.0,0.0,0.0,-0.01304344508958899,-0.01312925783212572,0.30910240850409604,0.22726781425313575
2012-05-18 00:00:00-04:00,22.700000762939453,22.84000015258789,22.25,22.459999084472656,4600,0.0,0.0,0.0,-0.01057276081059122,-0.010629049549298641,0.23656256592255656,0.22893253475114447
2012-05-21 00:00:00-04:00,22.84000015258789,23.100000381469727,22.84000015258789,23.100000381469727,2000,0.0,0.0,0.0,0.028495161312785733,0.028096725493863273,0.28919119703795926,0.2543600735466096
2012-05-22 00:00:00-04:00,22.75,22.829999923706055,22.010000228881836,22.010000228881836,2700,0.0,0.0,0.0,-0.04718615301245899,-0.04833572810422549,0.42960256981115497,0.2984112690096068
2012-05-23 00:00:00-04:00,22.239999771118164,22.239999771118164,22.190000534057617,22.190000534057617,400,0.0,0.0,0.0,0.008178114643523804,0.008144855074629632,0.4457843818221301,0.3001552518520994
2012-05-24 00:00:00-04:00,22.299999237060547,22.440000534057617,22.260000228881836,22.31999969482422,1600,0.0,0.0,0.0,0.0058584568561446115,0.005841362828367182,0.44935795549118035,0.3023043434522416
2012-05-25 00:00:00-04:00,22.40999984741211,22.469999313354492,22.149999618530273,22.149999618530273,600,0.0,0.0,0.0,-0.007616490977523038,-0.007645644571325109,0.44672048465053454,0.294645950410482
2012-05-29 00:00:00-04:00,22.520000457763672,22.6299991607666,22.520000457763672,22.520000457763672,2800,0.0,0.0,0.0,0.016704327115376616,0.016566344329438067,0.4007321407162274,0.3044837398560823
2012-05-30 00:00:00-04:00,22.700000762939453,22.969999313354492,22.700000762939453,22.969999313354492,700,0.0,0.0,0.0,0.01998218678702046,0.01978516320938977,0.17132349744693304,0.31542910842177435
2012-05-31 00:00:00-04:00,22.389999389648438,22.770000457763672,22.329999923706055,22.389999389648438,16200,0.0,0.0,0.0,-0.025250323946193975,-0.02557458345720701,0.2958690912445725,0.32254022339521504
2012-06-01 00:00:00-04:00,22.1299991607666,22.270000457763672,22.1299991607666,22.270000457763672,4300,0.0,0.0,0.0,-0.005359487948009667,-0.0053739015262081235,0.2972140794954772,0.3225875836687573
2012-06-04 00:00:00-04:00,22.31999969482422,22.31999969482422,22.31999969482422,22.31999969482422,200,0.0,0.0,0.0,0.0022451385735431373,0.0022426220159124538,0.2900971677149683,0.3229333029162639
2012-06-05 00:00:00-04:00,22.3700008392334,22.3700008392334,22.190000534057617,22.190000534057617,1300,0.0,0.0,0.0,-0.005824335239428602,-0.005841362828367088,0.2589282032129005,0.31892391985411156
2012-06-06 00:00:00-04:00,22.65999984741211,22.829999923706055,22.65999984741211,22.829999923706055,4800,0.0,0.0,0.0,0.028841792440074787,0.02843369618788277,0.31060909127509545,0.32449763416046
2012-06-07 00:00:00-04:00,23.18000030517578,23.65999984741211,23.170000076293945,23.65999984741211,4000,0.0,0.0,0.0,0.036355669140594404,0.03571039490117266,0.3163233514156384,0.35075055182817594
2012-06-08 00:00:00-04:00,23.229999542236328,23.239999771118164,23.1299991607666,23.239999771118164,1300,0.0,0.0,0.0,-0.01775148262901971,-0.017910929965953927,0.3657001711825213,0.3492838674144554
2012-06-11 00:00:00-04:00,23.440000534057617,23.440000534057617,23.18000030517578,23.18000030517578,800,0.0,0.0,0.0,-0.0025817326391263107,-0.0025850710580108517,0.3726677316335797,0.32817633201031726
2012-06-12 00:00:00-04:00,23.200000762939453,23.200000762939453,23.059999465942383,23.170000076293945,6400,0.0,0.0,0.0,-0.0004314162532432775,-0.00043150934000878383,0.36205494673321875,0.3179108469864862
2012-06-13 00:00:00-04:00,22.850000381469727,23.079999923706055,22.850000381469727,22.889999389648438,41200,0.0,0.0,0.0,-0.012084621740333423,-0.012158234437150518,0.33555724294577866,0.3151631801746999
2012-06-14 00:00:00-04:00,23.09000015258789,23.40999984741211,22.700000762939453,22.780000686645508,24400,0.0,0.0,0.0,-0.004805535427522711,-0.004817119138416931,0.11434088285636092,0.31552476321485196
2012-06-15 00:00:00-04:00,18.270000457763672,23.5,18.270000457763672,22.959999084472656,5200,0.0,0.0,0.0,0.00790159755933062,0.007870543414973109,0.11491481557875638,0.313047898578658
2012-06-18 00:00:00-04:00,23.100000381469727,23.350000381469727,23.100000381469727,23.1200008392334,23500,0.0,0.0,0.0,0.006968717819721082,0.006944548526718014,0.13260534102080007,0.31081371464562574
2012-06-19 00:00:00-04:00,23.850000381469727,24.049999237060547,23.739999771118164,23.829999923706055,54600,0.0,0.0,0.0,0.03070930184690246,0.030247207805859946,0.2582443503018041,0.31344009111883775
2012-06-20 00:00:00-04:00,23.809999465942383,24.149999618530273,23.729999542236328,23.959999084472656,50900,0.0,0.0,0.0,0.005455273234695968,0.005440447127532329,0.206899412689871,0.25463188280343296
2012-06-21 00:00:00-04:00,23.950000762939453,24.049999237060547,23.350000381469727,23.56999969482422,115600,0.0,0.0,0.0,-0.016277103695766737,-0.016411031036187154,0.2641022526208777,0.26439678321550925
2012-06-22 00:00:00-04:00,23.889999389648438,24.399999618530273,23.290000915527344,23.329999923706055,25600,0.0,0.0,0.0,-0.010182425720220323,-0.010234621237272689,0.28994423308137046,0.2683209833299957
2012-06-25 00:00:00-04:00,24.399999618530273,24.6299991607666,24.290000915527344,24.6200008392334,25500,0.0,0.0,0.0,0.05529365279665299,0.05381907208064136,0.4731741193476665,0.3243936668455699
2012-06-26 00:00:00-04:00,24.59000015258789,24.59000015258789,24.239999771118164,24.239999771118164,7100,0.0,0.0,0.0,-0.01543464886929169,-0.015555003084978583,0.477747661124206,0.3296817924362758
2012-06-27 00:00:00-04:00,24.639999389648438,24.649999618530273,24.190000534057617,24.239999771118164,13300,0.0,0.0,0.0,0.0,0.0,0.4781056241348956,0.3243309981215762
2012-06-28 00:00:00-04:00,24.0,24.280000686645508,22.799999237060547,24.0,18100,0.0,0.0,0.0,-0.009900980750178201,-0.00995032141084811,0.46411647851214005,0.31096908572672793
2012-06-29 00:00:00-04:00,24.34000015258789,24.690000534057617,24.299999237060547,24.3799991607666,54700,0.0,0.0,0.0,0.01583329836527514,0.01570925928215232,0.4507472904650725,0.31191692659340753
2012-07-02 00:00:00-04:00,24.780000686645508,24.809999465942383,24.15999984741211,24.719999313354492,45400,0.0,0.0,0.0,0.013945863998840347,0.013849515182470021,0.22131837683959468,0.31344878439132495
2012-07-03 00:00:00-04:00,24.8799991607666,25.200000762939453,24.84000015258789,25.200000762939453,18700,0.0,0.0,0.0,0.019417534907683054,0.01923141998018453,0.19626373090625357,0.31437025647133593
2012-07-05 00:00:00-04:00,25.489999771118164,26.0,25.110000610351562,26.0,67400,0.0,0.0,0.0,0.03174600050953447,0.03125251322872968,0.24057527017725738,0.31725572501942123
2012-07-06 00:00:00-04:00,25.670000076293945,25.700000762939453,25.3700008392334,25.3799991607666,28400,0.0,0.0,0.0,-0.023846186124361513,-0.02413510880196279,0.3317228961715918,0.31459960937226145
2012-07-09 00:00:00-04:00,26.219999313354492,26.860000610351562,25.989999771118164,26.270000457763672,75600,0.0,0.0,0.0,0.035067034138159814,0.03446619190326866,0.3733389691432367,0.3226001033940767
2012-07-10 00:00:00-04:00,25.989999771118164,26.1200008392334,25.81999969482422,25.940000534057617,21800,0.0,0.0,0.0,-0.012561854509162362,-0.012641421646301615,0.4233265758563749,0.32815795069320525
2012-07-11 00:00:00-04:00,26.3700008392334,26.40999984741211,25.0,25.559999465942383,33300,0.0,0.0,0.0,-0.014649231314252109,-0.014757590861425494,0.4439825840100587,0.3355595018654038
2012-07-12 00:00:00-04:00,25.75,25.90999984741211,25.639999389648438,25.860000610351562,41800,0.0,0.0,0.0,0.011737134220558998,0.011668788330798959,0.38106095525283745,0.3299583845071195
2012-07-13 00:00:00-04:00,26.260000228881836,26.790000915527344,25.899999618530273,26.200000762939453,66600,0.0,0.0,0.0,0.013147724074368039,0.013062042941017501,0.327100381963275,0.3280777192037518
2012-07-16 00:00:00-04:00,26.729999542236328,26.979999542236328,26.479999542236328,26.959999084472656,132800,0.0,0.0,0.0,0.02900756867947263,0.02859481219849908,0.29507838465881003,0.33709083802821643
2012-07-17 00:00:00-04:00,26.959999084472656,26.959999084472656,26.399999618530273,26.65999984741211,79100,0.0,0.0,0.0,-0.011127568518106035,-0.01118994305829046,0.28972467173673927,0.34406818696874025
2012-07-18 00:00:00-04:00,26.610000610351562,26.979999542236328,26.459999084472656,26.950000762939453,177400,0.0,0.0,0.0,0.010877753832976733,0.010819016637361699,0.22710872705262747,0.33325671022686787
2012-07-19 00:00:00-04:00,27.239999771118164,27.579999923706055,26.81999969482422,27.059999465942383,124100,0.0,0.0,0.0,0.004081584411463002,0.004073277342140501,0.2314287856956828,0.333342787821991
2012-07-20 00:00:00-04:00,27.329999923706055,27.489999771118164,27.170000076293945,27.489999771118164,85500,0.0,0.0,0.0,0.015890625042952244,0.01576569084456278,0.23516742340787233,0.32385661263637466
2012-07-23 00:00:00-04:00,26.799999237060547,26.989999771118164,26.360000610351562,26.559999465942383,117400,0.0,0.0,0.0,-0.03383049519530623,-0.03441598935050898,0.3190750720108114,0.3511170874150427
2012-07-24 00:00:00-04:00,25.889999389648438,25.93000030517578,25.1299991607666,25.540000915527344,203500,0.0,0.0,0.0,-0.03840356065228734,-0.039160418049446435,0.4096964203189095,0.3364674865601463
2012-07-25 00:00:00-04:00,26.260000228881836,26.479999542236328,26.059999465942383,26.450000762939453,71400,0.0,0.0,0.0,0.03563037646012246,0.03501030069770446,0.5084001510669557,0.3498322855233346
2012-07-26 00:00:00-04:00,26.520000457763672,26.520000457763672,25.559999465942383,25.579999923706055,42500,0.0,0.0,0.0,-0.03289228030769675,-0.03344539398076547,0.5411651682021894,0.3742069976233474
2012-07-27 00:00:00-04:00,26.139999389648438,26.299999237060547,26.020000457763672,26.260000228881836,37600,0.0,0.0,0.0,0.026583280187800096,0.02623608442250356,0.5783384574873965,0.3799439709847402
2012-07-30 00:00:00-04:00,26.829999923706055,26.8799991607666,26.639999389648438,26.8700008392334,59200,0.0,0.0,0.0,0.02322926904169087,0.02296357626986158,0.5630697688783365,0.3836855915621586
2012-07-31 00:00:00-04:00,26.969999313354492,27.030000686645508,26.6200008392334,26.75,44500,0.0,0.0,0.0,-0.004465978246572355,-0.004475980518483825,0.44584576811116916,0.3836552248397525
2012-08-01 00:00:00-04:00,26.65999984741211,26.729999542236328,26.200000762939453,26.559999465942383,77800,0.0,0.0,0.0,-0.007102823703088457,-0.007128168841373626,0.3882639220096045,0.38127471069942476
2012-08-02 00:00:00-04:00,26.219999313354492,26.540000915527344,26.200000762939453,26.479999542236328,45700,0.0,0.0,0.0,-0.003012045380823114,-0.003016590718982364,0.26054060465831996,0.3660629726176143
2012-08-03 00:00:00-04:00,26.540000915527344,26.780000686645508,26.540000915527344,26.639999389648438,48200,0.0,0.0,0.0,0.0060422904145789325,0.006024108979433843,0.19642294785216355,0.35415519986124183
2012-08-06 00:00:00-04:00,26.059999465942383,26.329999923706055,25.889999389648438,25.979999542236328,60800,0.0,0.0,0.0,-0.02477476961461822,-0.02508682913848894,0.1788632342410893,0.34512105127769394
2012-08-07 00:00:00-04:00,26.260000228881836,26.34000015258789,25.75,25.799999237060547,40600,0.0,0.0,0.0,-0.006928418335156228,-0.006952531266329826,0.1778091731947238,0.3430459118534769
2012-08-08 00:00:00-04:00,25.950000762939453,26.059999465942383,25.75,26.030000686645508,24500,0.0,0.0,0.0,0.008914785131255876,0.008875283029204258,0.2113114522396189,0.339926543619366
2012-08-09 00:00:00-04:00,26.170000076293945,26.700000762939453,26.149999618530273,26.700000762939453,97900,0.0,0.0,0.0,0.02573953356204428,0.025413848595235926,0.2995324583419799,0.34922807551896096
2012-08-10 00:00:00-04:00,26.809999465942383,27.09000015258789,26.799999237060547,27.010000228881836,70600,0.0,0.0,0.0,0.011610466557464338,0.011543582297775835,0.3070172587945168,0.348609418805202
2012-08-13 00:00:00-04:00,26.969999313354492,26.969999313354492,26.18000030517578,26.229999542236328,25300,0.0,0.0,0.0,-0.02887821843894145,-0.02930339985162133,0.3307921232731052,0.34914122472912673
2012-08-14 00:00:00-04:00,26.3700008392334,26.3700008392334,26.079999923706055,26.209999084472656,40100,0.0,0.0,0.0,-0.0007625031686129269,-0.0007627940220144914,0.3230043939256768,0.3471418170761536
2012-08-15 00:00:00-04:00,26.43000030517578,26.739999771118164,26.420000076293945,26.719999313354492,23000,0.0,0.0,0.0,0.019458231464951403,0.019271340565778772,0.3425794091263584,0.35221112840955493
2012-08-16 00:00:00-04:00,26.639999389648438,26.65999984741211,26.440000534057617,26.440000534057617,36500,0.0,0.0,0.0,-0.010478996500457693,-0.010534287788297467,0.30134229517540007,0.3536563253179055
2012-08-17 00:00:00-04:00,26.670000076293945,26.780000686645508,26.600000381469727,26.729999542236328,28700,0.0,0.0,0.0,0.010968192220917716,0.010908477843026563,0.29956949259867,0.3509741645768169
2012-08-20 00:00:00-04:00,26.889999389648438,27.309999465942383,26.8700008392334,27.260000228881836,24300,0.0,0.0,0.0,0.01982793474455735,0.019633921639276058,0.20970897197449934,0.33611035497530845
2012-08-21 00:00:00-04:00,27.6200008392334,28.0,27.6200008392334,27.959999084472656,45300,0.0,0.0,0.0,0.025678607839818568,0.025354449956787706,0.22511972645916228,0.31121673218713325
2012-08-22 00:00:00-04:00,27.920000076293945,28.040000915527344,27.790000915527344,28.020000457763672,69200,0.0,0.0,0.0,0.0021459719333229987,0.0021436726244676144,0.2278045596649599,0.28901092050520855
2012-08-23 00:00:00-04:00,28.09000015258789,28.1200008392334,27.600000381469727,27.639999389648438,47300,0.0,0.0,0.0,-0.013561779511318539,-0.013654580428609085,0.2453246892376817,0.2642120684817034
2012-08-24 00:00:00-04:00,27.920000076293945,28.030000686645508,27.799999237060547,27.959999084472656,29900,0.0,0.0,0.0,0.011577413237717549,0.011510907804141485,0.2456686518906755,0.25231050360426016
2012-08-27 00:00:00-04:00,28.1299991607666,28.170000076293945,27.75,27.860000610351562,45900,0.0,0.0,0.0,-0.0035764834547733493,-0.003582894361957922,0.2375362924069557,0.24190072294119275
2012-08-28 00:00:00-04:00,27.75,28.09000015258789,27.649999618530273,28.09000015258789,42500,0.0,0.0,0.0,0.008255546920227674,0.008221656288790957,0.1585112395669685,0.2416604347549317
2012-08-29 00:00:00-04:00,28.100000381469727,28.360000610351562,27.979999542236328,28.34000015258789,18600,0.0,0.0,0.0,0.008899964351796852,0.008860593098463009,0.16860374886188534,0.23984553508306303
2012-08-30 00:00:00-04:00,28.290000915527344,28.6200008392334,28.260000228881836,28.540000915527344,27600,0.0,0.0,0.0,0.007057189903409089,0.007032404480711111,0.09271700519555866,0.23896054431699018
2012-08-31 00:00:00-04:00,28.3700008392334,28.459999084472656,28.270000457763672,28.420000076293945,32700,0.0,0.0,0.0,-0.004204654358231363,-0.004213518773962922,0.10459073650185327,0.24048319501090043
2012-09-04 00:00:00-04:00,28.68000030517578,28.8799991607666,28.639999389648438,28.850000381469727,45200,0.0,0.0,0.0,0.01513020070448401,0.015016880823158631,0.11135663283680461,0.2193791685308324
2012-09-05 00:00:00-04:00,28.760000228881836,28.760000228881836,28.43000030517578,28.530000686645508,29100,0.0,0.0,0.0,-0.011091843694731929,-0.011153816883730357,0.16814509058579022,0.22293712262667104
2012-09-06 00:00:00-04:00,28.399999618530273,28.600000381469727,28.3700008392334,28.43000030517578,39700,0.0,0.0,0.0,-0.003505095655904955,-0.003511252895703552,0.16448089038919966,0.2244982122930856
2012-09-07 00:00:00-04:00,28.239999771118164,28.579999923706055,28.170000076293945,28.270000457763672,23200,0.0,0.0,0.0,-0.005627852469033634,-0.0056437484991365945,0.15800804338403032,0.21245284170305362
2012-09-10 00:00:00-04:00,28.200000762939453,28.290000915527344,27.959999084472656,27.979999542236328,33100,0.0,0.0,0.0,-0.01025825648501899,-0.010311235021112452,0.16912130094528469,0.21479265720835874
2012-09-11 00:00:00-04:00,27.959999084472656,27.979999542236328,27.670000076293945,27.670000076293945,30500,0.0,0.0,0.0,-0.011079323481561598,-0.011141156320831572,0.05583478796097046,0.18872815279808097
2012-09-12 00:00:00-04:00,27.989999771118164,28.459999084472656,27.989999771118164,28.43000030517578,26400,0.0,0.0,0.0,0.027466578488843485,0.027096139841080502,0.25406030828003545,0.2074471759720763
2012-09-13 00:00:00-04:00,28.459999084472656,28.59000015258789,28.309999465942383,28.549999237060547,19200,0.0,0.0,0.0,0.0042208558071283875,0.004211972981900302,0.25441654526760404,0.19943410116936777
2012-09-14 00:00:00-04:00,28.729999542236328,28.860000610351562,28.489999771118164,28.5,16200,0.0,0.0,0.0,-0.0017512868089902822,-0.0017528221044909684,0.24954955158739325,0.1937068959180489
2012-09-17 00:00:00-04:00,28.049999237060547,28.049999237060547,27.200000762939453,27.280000686645508,72400,0.0,0.0,0.0,-0.04280699345103478,-0.0437502291290539,0.4059471675325016,0.2525358136845635
2012-09-18 00:00:00-04:00,27.030000686645508,27.3700008392334,26.860000610351562,27.0,37300,0.0,0.0,0.0,-0.010263954530711494,-0.010316992141221835,0.40519189350361257,0.24549249816529062
2012-09-19 00:00:00-04:00,27.360000610351562,27.489999771118164,27.299999237060547,27.40999984741211,10400,0.0,0.0,0.0,0.015185179533781845,0.015071038743495937,0.3494554252247404,0.23324826914968538
2012-09-20 00:00:00-04:00,27.3799991607666,27.40999984741211,26.719999313354492,26.739999771118164,38300,0.0,0.0,0.0,-0.024443636629833954,-0.024747341633558066,0.3502900440142199,0.24732994787525395
2012-09-21 00:00:00-04:00,26.850000381469727,27.0,26.690000534057617,26.920000076293945,23600,0.0,0.0,0.0,0.006731499877206337,0.006708944496359049,0.3716937438582002,0.24546907449479807
2012-09-24 00:00:00-04:00,26.59000015258789,26.770000457763672,26.5,26.739999771118164,18500,0.0,0.0,0.0,-0.0066864897721263805,-0.006708944496359102,0.24433057007182232,0.24138282323777238
2012-09-25 00:00:00-04:00,27.020000457763672,27.020000457763672,26.68000030517578,26.75,21600,0.0,0.0,0.0,0.0003739801408912946,0.00037391022774861226,0.23846341947370875,0.24147341533300848
2012-09-26 00:00:00-04:00,26.489999771118164,26.5,26.049999237060547,26.1299991607666,38700,0.0,0.0,0.0,-0.02317760146666914,-0.023450425927114524,0.2215680189202157,0.24954836936974104
2012-09-27 00:00:00-04:00,25.969999313354492,26.200000762939453,25.959999084472656,25.959999084472656,21100,0.0,0.0,0.0,-0.006505935007804942,-0.006527190845859272,0.17719957431693134,0.2453588097569954
2012-09-28 00:00:00-04:00,25.93000030517578,26.770000457763672,25.93000030517578,26.579999923706055,20800,0.0,0.0,0.0,0.023882929934471164,0.02360219384570579,0.27096467045187683,0.2623357662552361
2012-10-01 00:00:00-04:00,26.3700008392334,26.459999084472656,26.059999465942383,26.06999969482422,29300,0.0,0.0,0.0,-0.01918736758260786,-0.019373834175351278,0.2966715694358069,0.26825387446725657
2012-10-02 00:00:00-04:00,25.739999771118164,25.93000030517578,25.670000076293945,25.739999771118164,17200,0.0,0.0,0.0,-0.012658225069775209,-0.012739022963484139,0.2964392966948687,0.2597371218092517
2012-10-03 00:00:00-04:00,25.6299991607666,25.899999618530273,25.450000762939453,25.799999237060547,63200,0.0,0.0,0.0,0.00233098160357037,0.0023282690803622915,0.2652844005324723,0.2603143856171078
2012-10-04 00:00:00-04:00,26.229999542236328,26.309999465942383,25.920000076293945,25.920000076293945,24400,0.0,0.0,0.0,0.004651195456665924,0.004640412071238591,0.2663010681226988,0.26248999163575015
2012-10-05 00:00:00-04:00,25.989999771118164,26.040000915527344,25.850000381469727,25.90999984741211,11600,0.0,0.0,0.0,-0.0003858112983179396,-0.0003858857426451519,0.16422579076570953,0.26284528853316674
2012-10-08 00:00:00-04:00,25.649999618530273,25.860000610351562,25.649999618530273,25.829999923706055,8800,0.0,0.0,0.0,-0.003087608034627043,-0.003092384530814071,0.10655963077334002,0.2618904512689405
2012-10-09 00:00:00-04:00,26.09000015258789,26.110000610351562,25.889999389648438,25.889999389648438,7600,0.0,0.0,0.0,0.0023228597026558884,0.0023201660345923206,0.047187220275900256,0.2613103456118824
2012-10-10 00:00:00-04:00,25.81999969482422,25.84000015258789,25.6299991607666,25.639999389648438,13700,0.0,0.0,0.0,-0.009656238157346508,-0.009703161940840515,0.0878048711587612,0.23549787637177794
2012-10-11 00:00:00-04:00,26.059999465942383,26.190000534057617,25.950000762939453,26.06999969482422,8400,0.0,0.0,0.0,0.016770683128385144,0.016631607991590597,0.15522618925898052,0.2460254673093721
2012-10-12 00:00:00-04:00,25.790000915527344,25.790000915527344,25.510000228881836,25.700000762939453,5900,0.0,0.0,0.0,-0.01419251769144525,-0.014294194651862694,0.19091584619212806,0.2481908796396438
2012-10-15 00:00:00-04:00,25.280000686645508,25.329999923706055,25.1200008392334,25.25,10000,0.0,0.0,0.0,-0.01750975679301825,-0.01766486586616489,0.22291785660629376,0.21052061837579986
2012-10-16 00:00:00-04:00,25.440000534057617,25.510000228881836,25.299999237060547,25.299999237060547,7400,0.0,0.0,0.0,0.0019801678043780413,0.001978209856395602,0.22227396126488955,0.21000105236354746
2012-10-17 00:00:00-04:00,25.40999984741211,25.540000915527344,25.3700008392334,25.530000686645508,7000,0.0,0.0,0.0,0.009090966660901811,0.009049892571260418,0.23449999418844597,0.203966352757951
2012-10-18 00:00:00-04:00,25.719999313354492,26.049999237060547,25.719999313354492,26.049999237060547,21900,0.0,0.0,0.0,0.02036813695375428,0.020163480762847404,0.2521790675760986,0.20486696300376012
2012-10-19 00:00:00-04:00,25.969999313354492,26.100000381469727,25.75,25.770000457763672,29800,0.0,0.0,0.0,-0.010748513915444957,-0.010806696484165856,0.24094842972039487,0.2052562235512357
2012-10-22 00:00:00-04:00,25.950000762939453,26.020000457763672,25.84000015258789,25.90999984741211,10800,0.0,0.0,0.0,0.005432649870452666,0.005417946257161271,0.17924588205443992,0.20617144666377743
2012-10-23 00:00:00-04:00,25.65999984741211,25.940000534057617,25.579999923706055,25.940000534057617,7400,0.0,0.0,0.0,0.001157880618378515,0.001157210791618396,0.1802756852179157,0.20628445627213546
2012-10-24 00:00:00-04:00,26.020000457763672,26.15999984741211,26.020000457763672,26.09000015258789,11700,0.0,0.0,0.0,0.005782560348575716,0.005765905520670833,0.17711783194097228,0.19087732469731078
2012-10-25 00:00:00-04:00,26.079999923706055,26.110000610351562,25.979999542236328,26.06999969482422,14600,0.0,0.0,0.0,-0.000766594773733198,-0.0007668887577607702,0.10656731309930537,0.18936719893188486
2012-10-26 00:00:00-04:00,26.030000686645508,26.079999923706055,25.950000762939453,26.059999465942383,9700,0.0,0.0,0.0,-0.00038359144606436857,-0.0003836650360827182,0.05009688139555421,0.16758785171950136
2012-10-31 00:00:00-04:00,26.100000381469727,26.100000381469727,25.739999771118164,25.950000762939453,20200,0.0,0.0,0.0,-0.004220978712861645,-0.0042299121910521565,0.05769550383044631,0.15382299678523353
2012-11-01 00:00:00-04:00,26.149999618530273,26.25,26.100000381469727,26.100000381469727,6400,0.0,0.0,0.0,0.005780331950683282,0.005763689932084499,0.06998039415177884,0.14780073634448365
2012-11-02 00:00:00-04:00,25.790000915527344,25.790000915527344,25.6200008392334,25.6200008392334,5900,0.0,0.0,0.0,-0.018390786790069003,-0.018561999718795106,0.1432046511273033,0.16241486397323235
2012-11-05 00:00:00-05:00,25.59000015258789,25.600000381469727,25.3799991607666,25.3799991607666,7600,0.0,0.0,0.0,-0.009367746705896574,-0.00941190000603158,0.1454972491199787,0.16435807735192265
2012-11-06 00:00:00-05:00,25.540000915527344,25.610000610351562,25.540000915527344,25.540000915527344,2100,0.0,0.0,0.0,0.0063042458649122946,0.006284457231676039,0.16607391811935943,0.166393274278428
2012-11-07 00:00:00-05:00,25.450000762939453,25.530000686645508,25.3799991607666,25.489999771118164,11800,0.0,0.0,0.0,-0.00195775812908372,-0.0019596770424509086,0.16664241874019878,0.16622349329790947
2012-11-08 00:00:00-05:00,25.450000762939453,25.489999771118164,25.309999465942383,25.309999465942383,11700,0.0,0.0,0.0,-0.007061604817263811,-0.007086655952368568,0.1449911966522188,0.16736118639297887
2012-11-09 00:00:00-05:00,24.90999984741211,24.959999084472656,24.68000030517578,24.68000030517578,24400,0.0,0.0,0.0,-0.024891314660608344,-0.02520634205388172,0.18227309518806248,0.18547364770815006
2012-11-12 00:00:00-05:00,24.290000915527344,24.290000915527344,23.920000076293945,23.940000534057617,25300,0.0,0.0,0.0,-0.02998378289983139,-0.030442488964496146,0.24447783385438274,0.1971318150325201
2012-11-13 00:00:00-05:00,24.020000457763672,24.059999465942383,23.719999313354492,23.90999984741211,17100,0.0,0.0,0.0,-0.001253161486058807,-0.001253947349525039,0.21372178167743397,0.19373570532770895
2012-11-14 00:00:00-05:00,24.15999984741211,24.170000076293945,23.969999313354492,23.979999542236328,5900,0.0,0.0,0.0,0.002927632591841922,0.0029233554215008957,0.2317223054305044,0.1876661912985959
2012-11-15 00:00:00-05:00,24.030000686645508,24.100000381469727,23.81999969482422,23.829999923706055,99200,0.0,0.0,0.0,-0.006255196888810488,-0.006274842600915438,0.23288432333683037,0.18732922488308196
2012-11-16 00:00:00-05:00,23.579999923706055,23.65999984741211,23.440000534057617,23.59000015258789,14200,0.0,0.0,0.0,-0.010071329076229318,-0.010122388021145337,0.20255651806683236,0.18333769662334876
2012-11-19 00:00:00-05:00,23.799999237060547,23.90999984741211,23.799999237060547,23.829999923706055,7200,0.0,0.0,0.0,0.010173792690367334,0.010122388021145326,0.12554811344634548,0.168419220839708
2012-11-20 00:00:00-05:00,23.639999389648438,24.1200008392334,23.610000610351562,24.079999923706055,5500,0.0,0.0,0.0,0.010490977792714906,0.010436329363208579,0.14894532867407526,0.17454651092618415
2012-11-21 00:00:00-05:00,24.1299991607666,24.1299991607666,23.969999313354492,24.0,3700,0.0,0.0,0.0,-0.0033222559783855354,-0.003327786924321495,0.15163204283406087,0.17145784701725197
2012-11-23 00:00:00-05:00,24.010000228881836,24.149999618530273,24.010000228881836,24.059999465942383,1500,0.0,0.0,0.0,0.002499977747599358,0.0024968580016785816,0.14046708101782207,0.17203419174486168
2012-11-26 00:00:00-05:00,24.260000228881836,24.309999465942383,24.1299991607666,24.299999237060547,20200,0.0,0.0,0.0,0.009975053052594163,0.009925630600192775,0.09803020437060535,0.17570320465320807
2012-11-27 00:00:00-05:00,24.420000076293945,24.610000610351562,24.40999984741211,24.610000610351562,5700,0.0,0.0,0.0,0.012757258560659679,0.012676570254104605,0.10638055797047746,0.1848042543383337
2012-11-28 00:00:00-05:00,24.520000457763672,24.549999237060547,24.459999084472656,24.530000686645508,10100,0.0,0.0,0.0,-0.0032507079123113014,-0.003256002941452874,0.11785408785773298,0.1845845597946051
2012-11-29 00:00:00-05:00,24.56999969482422,24.68000030517578,24.540000915527344,24.670000076293945,17600,0.0,0.0,0.0,0.00570727214551825,0.0056910473713763145,0.09986590720480551,0.18703011591820567
2012-11-30 00:00:00-05:00,24.440000534057617,24.520000457763672,24.360000610351562,24.510000228881836,8100,0.0,0.0,0.0,-0.006485603847478649,-0.006506726755519878,0.13221901503057262,0.18491888519220606
2012-12-03 00:00:00-05:00,24.700000762939453,24.809999465942383,24.6200008392334,24.790000915527344,7600,0.0,0.0,0.0,0.011423936516963495,0.011359176100089862,0.1368423120330376,0.18243001458869368
2012-12-04 00:00:00-05:00,24.639999389648438,24.75,24.510000228881836,24.739999771118164,4200,0.0,0.0,0.0,-0.0020169884051057796,-0.0020190252655624148,0.11611019786383353,0.18012053160650782
2012-12-05 00:00:00-05:00,24.889999389648438,25.110000610351562,24.889999389648438,25.110000610351562,4700,0.0,0.0,0.0,0.01495557165143313,0.014844839763751623,0.1423486068262699,0.18738173280127485
2012-12-06 00:00:00-05:00,25.190000534057617,25.190000534057617,25.09000015258789,25.09000015258789,13900,0.0,0.0,0.0,-0.0007965136311237631,-0.000796831016651837,0.14691279284251008,0.18733041534075554
2012-12-07 00:00:00-05:00,25.100000381469727,25.280000686645508,25.010000228881836,25.170000076293945,17100,0.0,0.0,0.0,0.0031885182630340125,0.0031834457184177468,0.11929242683859263,0.18626132382948238
2012-12-10 00:00:00-05:00,24.979999542236328,25.170000076293945,24.799999237060547,25.170000076293945,25300,0.0,0.0,0.0,0.0,0.0,0.10984799949657058,0.16187770938773519
2012-12-11 00:00:00-05:00,25.06999969482422,25.18000030517578,24.950000762939453,25.010000228881836,7400,0.0,0.0,0.0,-0.006356767855666523,-0.006377058137230077,0.125679374483497,0.11746760786715646
2012-12-12 00:00:00-05:00,24.8700008392334,25.010000228881836,24.8700008392334,25.010000228881836,3400,0.0,0.0,0.0,0.0,0.0,0.05502853603536955,0.11706046519942034
2012-12-13 00:00:00-05:00,25.0,25.020000457763672,24.93000030517578,24.93000030517578,1600,0.0,0.0,0.0,-0.0031987174319842993,-0.0032038442643671245,0.0576199184099527,0.1186185542511832
2012-12-14 00:00:00-05:00,25.09000015258789,25.149999618530273,25.09000015258789,25.149999618530273,4700,0.0,0.0,0.0,0.008824681534753909,0.008785971601192454,0.08994294996915321,0.1168121549001388
2012-12-17 00:00:00-05:00,25.18000030517578,25.25,25.059999465942383,25.18000030517578,11200,0.0,0.0,0.0,0.0011928702624472987,0.0011921593580041334,0.0904622495879699,0.10686584500459902
2012-12-18 00:00:00-05:00,24.809999465942383,24.989999771118164,24.75,24.75,13900,0.0,0.0,0.0,-0.01707705718682595,-0.01722455172127066,0.15062168400262235,0.12569713183873427
2012-12-19 00:00:00-05:00,24.780000686645508,24.799999237060547,24.3700008392334,24.40999984741211,9700,0.0,0.0,0.0,-0.01373737990254098,-0.013832610860870743,0.16925408840650877,0.1330084440162573
2012-12-20 00:00:00-05:00,24.09000015258789,24.190000534057617,24.0,24.040000915527344,12900,0.0,0.0,0.0,-0.01515767858245165,-0.015273730403322288,0.1828755225361073,0.14395642349158913
2012-12-21 00:00:00-05:00,24.209999084472656,24.399999618530273,24.209999084472656,24.360000610351562,8100,0.0,0.0,0.0,0.013311134885087839,0.013223320146672596,0.2085939273848467,0.15125475215533365
2012-12-24 00:00:00-05:00,24.459999084472656,24.479999542236328,24.40999984741211,24.479999542236328,5300,0.0,0.0,0.0,0.004926064403864228,0.004913971047449857,0.21848421652885433,0.14816214822861398
2012-12-26 00:00:00-05:00,24.5,25.989999771118164,24.219999313354492,24.219999313354492,3400,0.0,0.0,0.0,-0.01062092458103392,-0.010677729170034279,0.20113852811353508,0.1455394559432548
2012-12-27 00:00:00-05:00,24.260000228881836,24.329999923706055,24.15999984741211,24.260000228881836,7200,0.0,0.0,0.0,0.0016515655103792604,0.0016502031758452804,0.18441117803288795,0.14546629866795724
2012-12-28 00:00:00-05:00,24.219999313354492,24.34000015258789,24.170000076293945,24.229999542236328,5300,0.0,0.0,0.0,-0.0012366317544297845,-0.0012373970144394272,0.1387574846763108,0.14360425662734824
2012-12-31 00:00:00-05:00,24.040000915527344,24.110000610351562,24.030000686645508,24.06999969482422,4600,0.0,0.0,0.0,-0.006603378061696086,-0.006625276819697929,0.09935498404729635,0.14366603907163772
2013-01-02 00:00:00-05:00,24.5,24.5,23.729999542236328,23.889999389648438,5300,0.0,0.0,0.0,-0.007478201390026862,-0.007506303326996555,0.07881970896803366,0.1377656629216584
2013-01-03 00:00:00-05:00,23.6299991607666,23.850000381469727,23.59000015258789,23.850000381469727,6400,0.0,0.0,0.0,-0.0016742992549444446,-0.0016757024604179783,0.061234967164924554,0.13776425352209318
2013-01-04 00:00:00-05:00,23.729999542236328,23.729999542236328,23.280000686645508,23.450000762939453,12200,0.0,0.0,0.0,-0.016771472206811966,-0.016913705901868616,0.09949834850427206,0.13253471188955596
2013-01-07 00:00:00-05:00,23.6299991607666,23.649999618530273,23.440000534057617,23.600000381469727,4600,0.0,0.0,0.0,0.0063965720106642365,0.0063762007685164036,0.13469177736906046,0.13678618396338985
2013-01-08 00:00:00-05:00,23.719999313354492,23.799999237060547,23.649999618530273,23.739999771118164,9100,0.0,0.0,0.0,0.005932177431588581,0.0059146513447967935,0.1545523972311961,0.1387704446209449
2013-01-09 00:00:00-05:00,23.780000686645508,23.780000686645508,23.65999984741211,23.75,5800,0.0,0.0,0.0,0.000421239636825943,0.0004211509403175755,0.14931353919600923,0.13889455094163042
2013-01-10 00:00:00-05:00,23.760000228881836,23.850000381469727,23.59000015258789,23.59000015258789,15000,0.0,0.0,0.0,-0.006736835680509867,-0.006759630592737171,0.1546855038655896,0.13902784523563885
2013-01-11 00:00:00-05:00,23.40999984741211,23.610000610351562,23.190000534057617,23.479999542236328,21500,0.0,0.0,0.0,-0.004663018636712257,-0.004673924423914967,0.0949318235169037,0.1387308675140832
2013-01-14 00:00:00-05:00,23.139999389648438,24.09000015258789,23.139999389648438,24.059999465942383,17600,0.0,0.0,0.0,0.024701871167532863,0.02440171288562596,0.20007738957615187,0.17027227569600734
2013-01-15 00:00:00-05:00,24.1200008392334,24.15999984741211,23.979999542236328,23.979999542236328,7200,0.0,0.0,0.0,-0.0033250176841981283,-0.003330557839650333,0.20497789599553118,0.16569311691370586
2013-01-16 00:00:00-05:00,24.149999618530273,24.360000610351562,24.149999618530273,24.360000610351562,12300,0.0,0.0,0.0,0.015846583626740074,0.01572233738720507,0.22535506476031403,0.1775617981591373
2013-01-17 00:00:00-05:00,24.280000686645508,24.309999465942383,24.079999923706055,24.1299991607666,35300,0.0,0.0,0.0,-0.009441766987773548,-0.009486623039907455,0.2349680139543439,0.17066637937485396
2013-01-18 00:00:00-05:00,24.110000610351562,24.200000762939453,24.06999969482422,24.190000534057617,3900,0.0,0.0,0.0,0.0024865882875193535,0.002483501842283777,0.22230673882559948,0.1644795354584108
2013-01-22 00:00:00-05:00,24.469999313354492,24.6299991607666,24.469999313354492,24.559999465942383,15700,0.0,0.0,0.0,0.015295532191652361,0.015179734834369307,0.17826326812579918,0.16376428688492398
2013-01-23 00:00:00-05:00,24.469999313354492,24.56999969482422,24.309999465942383,24.3799991607666,5400,0.0,0.0,0.0,-0.007329002813106333,-0.0073559919038266456,0.19070462868304314,0.15972567631915546
2013-01-24 00:00:00-05:00,24.15999984741211,24.3799991607666,24.110000610351562,24.3799991607666,6900,0.0,0.0,0.0,0.0,0.0,0.15529316051335293,0.1587008772278414
2013-01-25 00:00:00-05:00,24.239999771118164,24.399999618530273,24.239999771118164,24.34000015258789,10300,0.0,0.0,0.0,-0.0016406484641344754,-0.001641995801699104,0.13305511014567412,0.15397905919809923
2013-01-28 00:00:00-05:00,24.290000915527344,24.5,24.290000915527344,24.5,13300,0.0,0.0,0.0,0.006573535185253387,0.006552023722282512,0.13754408972017618,0.15553892098548702
2013-01-29 00:00:00-05:00,24.56999969482422,24.579999923706055,24.450000762939453,24.530000686645508,4400,0.0,0.0,0.0,0.001224517822265625,0.001223768711787494,0.07970611181233146,0.15541184089480284
2013-01-30 00:00:00-05:00,24.850000381469727,25.020000457763672,24.809999465942383,25.010000228881836,11500,0.0,0.0,0.0,0.019567856860992494,0.01937886777867159,0.13700577299111788,0.1665534566090915
2013-01-31 00:00:00-05:00,24.850000381469727,24.889999389648438,24.65999984741211,24.889999389648438,8600,0.0,0.0,0.0,-0.0047981142796960086,-0.0048096621835992176,0.15179390889080913,0.16479959831425678
2013-02-01 00:00:00-05:00,25.010000228881836,25.010000228881836,24.940000534057617,24.940000534057617,7400,0.0,0.0,0.0,0.002008884919056042,0.002006869808046475,0.14502966050179253,0.16419731855417197
2013-02-04 00:00:00-05:00,25.200000762939453,25.31999969482422,25.149999618530273,25.18000030517578,41600,0.0,0.0,0.0,0.009623086045664753,0.009577079070382116,0.14879335475650554,0.14964861127106902
2013-02-05 00:00:00-05:00,25.06999969482422,25.270000457763672,25.020000457763672,25.270000457763672,5700,0.0,0.0,0.0,0.0035742713064776943,0.003567898779038587,0.14541123037276638,0.1492857789849422
2013-02-06 00:00:00-05:00,25.020000457763672,25.1200008392334,24.979999542236328,25.09000015258789,8000,0.0,0.0,0.0,-0.007123082782552137,-0.007148573055055888,0.10678976349131646,0.1535570213116195
2013-02-07 00:00:00-05:00,25.040000915527344,25.06999969482422,24.8799991607666,24.8799991607666,8300,0.0,0.0,0.0,-0.008369907953134414,-0.00840513232022048,0.12042465951264539,0.1584656650005149
2013-02-08 00:00:00-05:00,24.950000762939453,24.950000762939453,24.200000762939453,24.260000228881836,13300,0.0,0.0,0.0,-0.024919572057801598,-0.025235321189292528,0.20985361767946453,0.18349744363718348
2013-02-11 00:00:00-05:00,23.969999313354492,23.989999771118164,23.889999389648438,23.959999084472656,9300,0.0,0.0,0.0,-0.012366081680907137,-0.012443177913848892,0.16329538864789891,0.18886780161804576
2013-02-12 00:00:00-05:00,24.010000228881836,24.020000457763672,23.81999969482422,23.860000610351562,41600,0.0,0.0,0.0,-0.004173559179553532,-0.0041822927862862225,0.12882009355596935,0.16757990905183998
2013-02-13 00:00:00-05:00,23.75,23.93000030517578,23.75,23.920000076293945,3900,0.0,0.0,0.0,0.002514646454633951,0.0025114900216726414,0.1626595978556009,0.1674935131625797
2013-02-14 00:00:00-05:00,23.670000076293945,23.809999465942383,23.6200008392334,23.799999237060547,3600,0.0,0.0,0.0,-0.005016757477033895,-0.00502938365082826,0.16579085253078688,0.15725341573622661
2013-02-15 00:00:00-05:00,23.850000381469727,23.8799991607666,23.799999237060547,23.860000610351562,7600,0.0,0.0,0.0,0.002521066185480425,0.0025178936291555655,0.09837041938976128,0.15456272117365547
2013-02-19 00:00:00-05:00,24.139999389648438,24.440000534057617,24.1299991607666,24.420000076293945,13700,0.0,0.0,0.0,0.023470220101311723,0.0231990295564942,0.18298741185672793,0.17637918348584136
2013-02-20 00:00:00-05:00,24.530000686645508,24.639999389648438,24.40999984741211,24.549999237060547,9000,0.0,0.0,0.0,0.005323470940231445,0.00530935135676679,0.16856229685970986,0.16869281185237125
2013-02-21 00:00:00-05:00,24.520000457763672,24.579999923706055,24.420000076293945,24.5,3300,0.0,0.0,0.0,-0.002036628864129142,-0.0020387056128842954,0.17697393034283182,0.16666318200811117
2013-02-22 00:00:00-05:00,24.770000457763672,24.799999237060547,24.15999984741211,24.15999984741211,7800,0.0,0.0,0.0,-0.013877557248485384,-0.013974750799791125,0.21516331669500185,0.17410587513098358
2013-02-25 00:00:00-05:00,24.149999618530273,24.149999618530273,23.899999618530273,24.040000915527344,4500,0.0,0.0,0.0,-0.004966843238520147,-0.004979219000384009,0.22281958728497342,0.1748201150810688
2013-02-26 00:00:00-05:00,23.989999771118164,24.110000610351562,23.81999969482422,23.940000534057617,5000,0.0,0.0,0.0,-0.004159749486745468,-0.004168425312508229,0.10920357587483491,0.17315297260849974
2013-02-27 00:00:00-05:00,24.1200008392334,24.1299991607666,23.899999618530273,24.010000228881836,9100,0.0,0.0,0.0,0.0029239637954325826,0.002919697327935099,0.09702505266594558,0.17356003599656672
2013-02-28 00:00:00-05:00,24.15999984741211,24.389999389648438,24.15999984741211,24.170000076293945,8800,0.0,0.0,0.0,0.006663883627108236,0.006641778106014162,0.12587922140747662,0.15866969868809375
2013-03-01 00:00:00-05:00,23.989999771118164,24.1200008392334,23.93000030517578,24.110000610351562,20000,0.0,0.0,0.0,-0.0024823941147286144,-0.002485480363581001,0.07948169535522932,0.15827453020380844
2013-03-04 00:00:00-05:00,24.049999237060547,24.139999389648438,24.049999237060547,24.1200008392334,1800,0.0,0.0,0.0,0.00041477514013599226,0.0004146891447059108,0.06843375889095482,0.1579007063929714
2013-03-05 00:00:00-05:00,24.5,24.520000457763672,24.34000015258789,24.360000610351562,2900,0.0,0.0,0.0,0.009950238920712673,0.00990106124410684,0.0782755857084783,0.15821371046064006
2013-03-06 00:00:00-05:00,24.329999923706055,24.510000228881836,24.309999465942383,24.459999084472656,9900,0.0,0.0,0.0,0.00410502757042619,0.004096624932274185,0.07818265515074647,0.15845526715156516
2013-03-07 00:00:00-05:00,24.459999084472656,24.530000686645508,24.389999389648438,24.489999771118164,5600,0.0,0.0,0.0,0.0012265203503034616,0.0012257687886929097,0.07478491041923892,0.15734942004197158
2013-03-08 00:00:00-05:00,24.520000457763672,24.579999923706055,24.170000076293945,24.389999389648438,6200,0.0,0.0,0.0,-0.004083314920552139,-0.004091674414981565,0.0821936488751294,0.15546979374597011
2013-03-11 00:00:00-04:00,24.440000534057617,24.510000228881836,24.43000030517578,24.450000762939453,1100,0.0,0.0,0.0,0.002460080967303435,0.0024570599217839015,0.080467120862959,0.12730513616254677
2013-03-12 00:00:00-04:00,24.309999465942383,24.40999984741211,24.309999465942383,24.40999984741211,1300,0.0,0.0,0.0,-0.0016360292138712929,-0.0016373689711196735,0.05198676012312035,0.11839697287715946
2013-03-13 00:00:00-04:00,24.06999969482422,24.09000015258789,24.0,24.059999465942383,6500,0.0,0.0,0.0,-0.014338401624645392,-0.014442189804204423,0.1061615620967138,0.12924056132837686
2013-03-14 00:00:00-04:00,23.950000762939453,24.1200008392334,23.56999969482422,24.1200008392334,10400,0.0,0.0,0.0,0.002493822719154659,0.002490718303447809,0.10986310816315116,0.12923616767828944
2013-03-15 00:00:00-04:00,23.670000076293945,23.889999389648438,23.469999313354492,23.5,17300,0.0,0.0,0.0,-0.02570484318661015,-0.026040985502958695,0.19628074727458547,0.1584094818775343
2013-03-18 00:00:00-04:00,23.670000076293945,23.700000762939453,23.6299991607666,23.700000762939453,4600,0.0,0.0,0.0,0.008510670763381079,0.008474659182509905,0.2187383272221404,0.16136713320307827
2013-03-19 00:00:00-04:00,23.649999618530273,23.770000457763672,23.649999618530273,23.670000076293945,5500,0.0,0.0,0.0,-0.0012658517164446659,-0.001266653583496633,0.21923321547234062,0.13476049336954551
2013-03-20 00:00:00-04:00,23.739999771118164,23.899999618530273,23.65999984741211,23.899999618530273,4000,0.0,0.0,0.0,0.009716921905153608,0.00967001622726202,0.22833920544755965,0.13856989022462346
2013-03-21 00:00:00-04:00,25.0,25.0,23.889999389648438,24.040000915527344,5400,0.0,0.0,0.0,0.005857794946930728,0.00584070477411794,0.2330148755354935,0.1408314976488066
2013-03-22 00:00:00-04:00,24.100000381469727,24.139999389648438,23.93000030517578,23.969999313354492,9300,0.0,0.0,0.0,-0.0029118801791574445,-0.002916127950250691,0.09118599943583314,0.1325763713566957
2013-03-25 00:00:00-04:00,23.030000686645508,24.149999618530273,23.030000686645508,24.030000686645508,8700,0.0,0.0,0.0,0.002503186274919411,0.002500058522632991,0.08188721022113248,0.13178386841220086
2013-03-26 00:00:00-04:00,24.200000762939453,24.56999969482422,24.170000076293945,24.170000076293945,1000,0.0,0.0,0.0,0.005826025203829577,0.005809119549058655,0.07500040274756416,0.1323567524468451
2013-03-27 00:00:00-04:00,24.06999969482422,24.200000762939453,24.06999969482422,24.15999984741211,10800,0.0,0.0,0.0,-0.0004137455047691363,-0.0004138311210568785,0.061265413738214224,0.13207984702823158
2013-03-28 00:00:00-04:00,24.049999237060547,24.229999542236328,23.510000228881836,24.229999542236328,20900,0.0,0.0,0.0,0.0028973383802284314,0.0028931491851101774,0.053107520055688154,0.13035515733676406
2013-04-01 00:00:00-04:00,23.65999984741211,23.68000030517578,23.110000610351562,23.110000610351562,22400,0.0,0.0,0.0,-0.04622364643187249,-0.047326065238998925,0.3491141577291265,0.21014678091675143
2013-04-02 00:00:00-04:00,23.15999984741211,23.709999084472656,23.15999984741211,23.6200008392334,19300,0.0,0.0,0.0,0.02206837799274619,0.021828395602840667,0.40596009932372185,0.22687933724065934
2013-04-03 00:00:00-04:00,23.559999465942383,23.6200008392334,23.030000686645508,23.200000762939453,10000,0.0,0.0,0.0,-0.01778154366516005,-0.017941534742257167,0.40759762309911984,0.23053684863639926
2013-04-04 00:00:00-04:00,23.010000228881836,23.149999618530273,22.100000381469727,23.149999618530273,21900,0.0,0.0,0.0,-0.002155221670899876,-0.0021575475035160215,0.4057684642023962,0.22928509776063327
2013-04-05 00:00:00-04:00,23.110000610351562,23.149999618530273,23.100000381469727,23.100000381469727,2400,0.0,0.0,0.0,-0.0021597942930644543,-0.0021621300124802754,0.3985485970543031,0.22884085203656188
2013-04-08 00:00:00-04:00,23.110000610351562,23.219999313354492,22.799999237060547,22.850000381469727,9900,0.0,0.0,0.0,-0.010822510643789585,-0.010881500006857538,0.2389213011692844,0.23057918454235732
2013-04-09 00:00:00-04:00,22.420000076293945,23.360000610351562,22.420000076293945,23.350000381469727,4300,0.0,0.0,0.0,0.021881837709091467,0.021645866417208247,0.23772975835758722,0.24660053648182842
2013-04-10 00:00:00-04:00,23.290000915527344,23.290000915527344,23.290000915527344,23.290000915527344,100,0.0,0.0,0.0,-0.0025695702339258997,-0.002572877245800353,0.19577333751648685,0.2465953440862219
2013-04-11 00:00:00-04:00,22.670000076293945,23.350000381469727,22.670000076293945,23.190000534057617,3800,0.0,0.0,0.0,-0.0042937044885669184,-0.004302948909047661,0.198402071927237,0.2425987715024166
2013-04-12 00:00:00-04:00,23.059999465942383,23.479999542236328,23.059999465942383,23.440000534057617,6600,0.0,0.0,0.0,0.010780508591745841,0.010722813195748119,0.20884784501766476,0.24626665671490952
2013-04-15 00:00:00-04:00,22.610000610351562,24.059999465942383,22.610000610351562,23.06999969482422,1700,0.0,0.0,0.0,-0.015785018378979943,-0.015910928535429796,0.23129753511572163,0.23551805984937088
2013-04-16 00:00:00-04:00,22.729999542236328,23.270000457763672,22.31999969482422,23.270000457763672,2600,0.0,0.0,0.0,0.008669300632211163,0.008631938028628265,0.17088807696167518,0.2356020439775099
2013-04-17 00:00:00-04:00,23.290000915527344,23.299999237060547,22.989999771118164,23.25,8000,0.0,0.0,0.0,-0.0008594953747411704,-0.0008598649526729611,0.17010083378059931,0.23559600990820492
2013-04-18 00:00:00-04:00,23.5,23.5,23.309999465942383,23.3799991607666,5800,0.0,0.0,0.0,0.005591361753402246,0.005575788115201482,0.1699470112419684,0.23360273562473788
2013-04-19 00:00:00-04:00,23.25,23.25,23.1299991607666,23.1299991607666,500,0.0,0.0,0.0,-0.010692900298282293,-0.0107504801885486,0.165822792260795,0.2345487482205111
2013-04-22 00:00:00-04:00,22.510000228881836,23.020000457763672,22.510000228881836,22.979999542236328,2600,0.0,0.0,0.0,-0.006485068048973641,-0.006506187459499,0.1281565966932726,0.23511111850070857
2013-04-23 00:00:00-04:00,22.260000228881836,23.030000686645508,22.260000228881836,22.809999465942383,2700,0.0,0.0,0.0,-0.0073977406301288795,-0.007425239617533556,0.10176018665592786,0.2352219836381633
2013-04-24 00:00:00-04:00,22.709999084472656,22.75,22.510000228881836,22.600000381469727,7200,0.0,0.0,0.0,-0.009206448460737815,-0.009249089725554164,0.10293936534865555,0.2342180765408078
2013-04-25 00:00:00-04:00,22.510000228881836,23.09000015258789,22.510000228881836,23.09000015258789,7800,0.0,0.0,0.0,0.021681405435724166,0.021449706817369726,0.21543134106815698,0.2503407081612439
2013-04-26 00:00:00-04:00,23.799999237060547,23.799999237060547,22.829999923706055,23.200000762939453,15600,0.0,0.0,0.0,0.004763993487424623,0.004752681582783839,0.20576748805026096,0.2509261936834735
2013-04-29 00:00:00-04:00,23.799999237060547,23.799999237060547,23.100000381469727,23.56999969482422,15200,0.0,0.0,0.0,0.015948229298156535,0.015822392442818616,0.21789044676637215,0.19701815619225918
2013-04-30 00:00:00-04:00,23.149999618530273,24.200000762939453,23.100000381469727,23.510000228881836,14100,0.0,0.0,0.0,-0.0025455861993735063,-0.0025488317129156906,0.2024516767163308,0.18092070582914066
2013-05-01 00:00:00-04:00,23.90999984741211,23.90999984741211,22.979999542236328,23.09000015258789,12800,0.0,0.0,0.0,-0.017864741480435153,-0.01802624231268678,0.2479805558412545,0.18102831904109679
2013-05-02 00:00:00-04:00,23.09000015258789,23.09000015258789,23.010000228881836,23.010000228881836,1600,0.0,0.0,0.0,-0.0034647000076822865,-0.0034707159804673376,0.19646493344150331,0.1812777025450948
2013-05-03 00:00:00-04:00,23.229999542236328,23.469999313354492,23.229999542236328,23.469999313354492,2900,0.0,0.0,0.0,0.01999126813980956,0.019794066612291633,0.24624934445751695,0.1947226176261728
2013-05-06 00:00:00-04:00,23.200000762939453,23.229999542236328,23.0,23.030000686645508,10900,0.0,0.0,0.0,-0.01874727906185425,-0.018925236958769034,0.2492742125704705,0.20289235094775887
2013-05-07 00:00:00-04:00,23.229999542236328,23.3700008392334,23.010000228881836,23.18000030517578,10300,0.0,0.0,0.0,0.006513226837081776,0.006492107429227097,0.2617904976506931,0.18818141322831666
2013-05-08 00:00:00-04:00,23.0,23.299999237060547,23.0,23.209999084472656,3000,0.0,0.0,0.0,0.0012941664754928528,0.0012933297638779884,0.224635533774627,0.18806274080850155
2013-05-09 00:00:00-04:00,23.219999313354492,23.59000015258789,22.809999465942383,23.420000076293945,12500,0.0,0.0,0.0,0.009047867303096035,0.009007180586250276,0.2261150211169024,0.19007401878101218
2013-05-10 00:00:00-04:00,23.6299991607666,23.6299991607666,23.100000381469727,23.1200008392334,7500,0.0,0.0,0.0,-0.012809531856671996,-0.01289228132401354,0.19414308232378966,0.19169080701558405
2013-05-13 00:00:00-04:00,23.5,23.600000381469727,23.190000534057617,23.31999969482422,4900,0.0,0.0,0.0,0.008650469218471457,0.008613268292653143,0.1447623104293336,0.18557384693738313
2013-05-14 00:00:00-04:00,23.200000762939453,23.360000610351562,23.200000762939453,23.31999969482422,400,0.0,0.0,0.0,0.0,0.0,0.14082926910826102,0.1831116298867064
2013-05-15 00:00:00-04:00,23.6299991607666,23.6299991607666,23.200000762939453,23.200000762939453,2700,0.0,0.0,0.0,-0.00514575186342725,-0.005159036838266495,0.14790667204485763,0.18406101328304364
2013-05-16 00:00:00-04:00,23.479999542236328,23.610000610351562,23.280000686645508,23.510000228881836,18700,0.0,0.0,0.0,0.013362045506377207,0.013273560729902935,0.16661532903857998,0.18921117727981596
2013-05-17 00:00:00-04:00,23.5,23.6200008392334,23.280000686645508,23.579999923706055,9000,0.0,0.0,0.0,0.002977443391864565,0.002973019586200667,0.11501086559540882,0.1848054612349518
2013-05-20 00:00:00-04:00,23.40999984741211,23.600000381469727,23.270000457763672,23.579999923706055,20400,0.0,0.0,0.0,0.0,0.0,0.10906960726964328,0.1827306818806375
2013-05-21 00:00:00-04:00,23.3799991607666,23.56999969482422,23.329999923706055,23.329999923706055,9800,0.0,0.0,0.0,-0.010602205292997602,-0.010658809110557655,0.143360290516965,0.1851044917768964
2013-05-22 00:00:00-04:00,23.239999771118164,23.84000015258789,23.239999771118164,23.84000015258789,8200,0.0,0.0,0.0,0.021860275634361104,0.02162476583451693,0.1984889298251758,0.1945638232253108
2013-05-23 00:00:00-04:00,24.030000686645508,24.030000686645508,23.399999618530273,23.829999923706055,11700,0.0,0.0,0.0,-0.0004194726853116171,-0.0004195606885893196,0.18802128865730092,0.1814064138298094
2013-05-24 00:00:00-04:00,23.940000534057617,23.950000762939453,23.889999389648438,23.940000534057617,3400,0.0,0.0,0.0,0.004616055841533351,0.004605434528939575,0.18849817943340694,0.18137338652795626
2013-05-28 00:00:00-04:00,24.059999465942383,24.559999465942383,24.059999465942383,24.549999237060547,20400,0.0,0.0,0.0,0.02548031284022456,0.025161100725567712,0.24151622363390854,0.1940637717164126
2013-05-29 00:00:00-04:00,24.690000534057617,24.790000915527344,24.389999389648438,24.68000030517578,21600,0.0,0.0,0.0,0.005295359354593687,0.00528138823892862,0.182842261365863,0.19356431184156578
2013-05-30 00:00:00-04:00,24.850000381469727,24.850000381469727,24.399999618530273,24.639999389648438,8300,0.0,0.0,0.0,-0.001620782618829808,-0.0016220975079368942,0.17370329637502557,0.17893041951205338
2013-05-31 00:00:00-04:00,24.899999618530273,25.059999465942383,24.770000457763672,24.770000457763672,19300,0.0,0.0,0.0,0.0052760175054975544,0.005262148087278857,0.16346222461310556,0.17722033824518443
2013-06-03 00:00:00-04:00,25.299999237060547,25.399999618530273,25.100000381469727,25.389999389648438,17100,0.0,0.0,0.0,0.02503023497887913,0.024722109695697495,0.1987704001198508,0.1841133884069954
2013-06-04 00:00:00-04:00,24.90999984741211,25.34000015258789,24.860000610351562,25.1299991607666,12700,0.0,0.0,0.0,-0.010240261328554379,-0.010293053517711676,0.20654510475363907,0.1722666153818457
2013-06-05 00:00:00-04:00,24.610000610351562,25.010000228881836,24.610000610351562,24.719999313354492,23300,0.0,0.0,0.0,-0.01631515563487196,-0.01644971334725402,0.2543782514327581,0.18702817657344936
2013-06-06 00:00:00-04:00,24.719999313354492,24.770000457763672,24.520000457763672,24.75,12200,0.0,0.0,0.0,0.0012136200436421163,0.00121288420213145,0.2537365155278991,0.18703977693212634
2013-06-07 00:00:00-04:00,24.940000534057617,25.25,24.899999618530273,25.229999542236328,16900,0.0,0.0,0.0,0.0193939208984375,0.019208255494641384,0.2864380727919161,0.19471714275886026
2013-06-10 00:00:00-04:00,25.079999923706055,25.229999542236328,24.860000610351562,25.1200008392334,10100,0.0,0.0,0.0,-0.004359837693171054,-0.0043693695003704834,0.21684872473579644,0.1873272400972281
2013-06-11 00:00:00-04:00,25.09000015258789,25.229999542236328,25.0,25.229999542236328,11300,0.0,0.0,0.0,0.0043789291133753405,0.004369369500370553,0.20671126566707884,0.1866003290960789
2013-06-12 00:00:00-04:00,25.229999542236328,25.229999542236328,24.56999969482422,24.93000030517578,19300,0.0,0.0,0.0,-0.011890576397289743,-0.01196183473256732,0.18476971091738673,0.19459097420084157
2013-06-13 00:00:00-04:00,24.700000762939453,24.84000015258789,24.469999313354492,24.84000015258789,10200,0.0,0.0,0.0,-0.003610114379710039,-0.0036166465686656214,0.18877734445306127,0.19376960494680834
2013-06-14 00:00:00-04:00,24.84000015258789,24.84000015258789,24.579999923706055,24.690000534057617,2300,0.0,0.0,0.0,-0.006038631948826589,-0.006056938220496703,0.09271410560464298,0.19289726583679764
2013-06-17 00:00:00-04:00,24.389999389648438,24.510000228881836,23.860000610351562,24.489999771118164,21700,0.0,0.0,0.0,-0.008100476250033739,-0.008133463369465204,0.09657855255056577,0.19652373286975322
2013-06-18 00:00:00-04:00,24.540000915527344,24.59000015258789,24.440000534057617,24.530000686645508,6400,0.0,0.0,0.0,0.0016333571213225095,0.0016320246443228329,0.08027904473669682,0.19639234412821974
2013-06-19 00:00:00-04:00,24.530000686645508,24.93000030517578,24.43000030517578,24.719999313354492,8400,0.0,0.0,0.0,0.007745561410131607,0.00771571855009896,0.1015735618193195,0.191453088881618
2013-06-20 00:00:00-04:00,24.3700008392334,24.459999084472656,24.309999465942383,24.309999465942383,2800,0.0,0.0,0.0,-0.016585754805851227,-0.01672483845317513,0.14821677026764984,0.18976237096082457
2013-06-21 00:00:00-04:00,23.959999084472656,24.200000762939453,23.959999084472656,24.020000457763672,1400,0.0,0.0,0.0,-0.011929206686532079,-0.01200093064995034,0.15820978692795987,0.19525823620478702
2013-06-24 00:00:00-04:00,23.829999923706055,24.100000381469727,22.549999237060547,23.600000381469727,12300,0.0,0.0,0.0,-0.017485431652362604,-0.017640107513906565,0.1805736000226615,0.20457042005551626
2013-06-25 00:00:00-04:00,23.450000762939453,24.239999771118164,23.450000762939453,24.229999542236328,12400,0.0,0.0,0.0,0.026694879262004756,0.026344787740464587,0.30421718123072156,0.2066617355350571
2013-06-26 00:00:00-04:00,23.799999237060547,24.1200008392334,23.799999237060547,24.1200008392334,800,0.0,0.0,0.0,-0.004539773218368626,-0.004550109282928384,0.29083728828029637,0.2059032893704556
2013-06-27 00:00:00-04:00,23.790000915527344,24.200000762939453,23.790000915527344,24.0,1900,0.0,0.0,0.0,-0.004975158999091178,-0.004987576305126313,0.2722011872514452,0.20636659308887678
2013-06-28 00:00:00-04:00,24.06999969482422,24.06999969482422,23.540000915527344,23.549999237060547,9700,0.0,0.0,0.0,-0.018750031789143917,-0.018928042282099176,0.2908394183511036,0.21380082443936224
2013-07-01 00:00:00-04:00,23.649999618530273,23.649999618530273,23.360000610351562,23.59000015258789,1400,0.0,0.0,0.0,0.001698552731347558,0.001697111822066494,0.2647313720806446,0.18860160181609617
2013-07-02 00:00:00-04:00,23.139999389648438,23.65999984741211,23.139999389648438,23.56999969482422,5500,0.0,0.0,0.0,-0.0008478362710598875,-0.0008481958875094306,0.12555450093593146,0.18715896025114506
2013-07-03 00:00:00-04:00,23.040000915527344,23.649999618530273,23.040000915527344,23.649999618530273,600,0.0,0.0,0.0,0.0033941419067400336,0.0033883948077399646,0.14099372384217368,0.18174552919368958
2013-07-05 00:00:00-04:00,23.520000457763672,23.520000457763672,23.479999542236328,23.479999542236328,300,0.0,0.0,0.0,-0.007188164018436027,-0.007214123344145601,0.1429228860654089,0.1821309247316959
2013-07-08 00:00:00-04:00,23.68000030517578,23.68000030517578,23.65999984741211,23.65999984741211,200,0.0,0.0,0.0,0.007666111954218513,0.007636876637050373,0.08734662214248111,0.167548246264879
2013-07-09 00:00:00-04:00,23.889999389648438,24.1299991607666,23.889999389648438,24.1299991607666,6300,0.0,0.0,0.0,0.019864721740727287,0.019669992756222974,0.16120719679930468,0.18625764549648594
2013-07-10 00:00:00-04:00,24.889999389648438,24.889999389648438,24.139999389648438,24.209999084472656,1800,0.0,0.0,0.0,0.0033153720053222813,0.0033098882766131473,0.15496843609741406,0.1858165769615357
2013-07-11 00:00:00-04:00,23.6299991607666,24.25,23.6299991607666,24.25,12700,0.0,0.0,0.0,0.001652247709212018,0.0016508842496077882,0.15687789307485311,0.1824400018785657
2013-07-12 00:00:00-04:00,23.809999465942383,23.809999465942383,23.649999618530273,23.649999618530273,2200,0.0,0.0,0.0,-0.024742283771947537,-0.025053518575348575,0.2593001404445132,0.20048756666100562
2013-07-15 00:00:00-04:00,23.65999984741211,23.780000686645508,23.649999618530273,23.75,1200,0.0,0.0,0.0,0.004228346007725703,0.004219431672506549,0.25531057638339827,0.20131048445621041
2013-07-16 00:00:00-04:00,24.149999618530273,24.290000915527344,24.139999389648438,24.190000534057617,1200,0.0,0.0,0.0,0.018526338276110277,0.018356816218905066,0.24913752200569253,0.21225745364062723
2013-07-17 00:00:00-04:00,23.959999084472656,24.139999389648438,23.940000534057617,23.940000534057617,1500,0.0,0.0,0.0,-0.010334848883034153,-0.01038862426155726,0.2584247398345752,0.21487400380808097
2013-07-18 00:00:00-04:00,23.8799991607666,23.8799991607666,23.739999771118164,23.850000381469727,3100,0.0,0.0,0.0,-0.003759404786138343,-0.0037664891091100904,0.25627643348223167,0.21243837506916066
2013-07-19 00:00:00-04:00,23.829999923706055,23.829999923706055,23.829999923706055,23.829999923706055,200,0.0,0.0,0.0,-0.0008385936035125718,-0.0008389454198295245,0.1721695140177182,0.20503307806435953
2013-07-22 00:00:00-04:00,24.0,24.190000534057617,24.0,24.110000610351562,1600,0.0,0.0,0.0,0.011749923942171892,0.011681429599307664,0.18713198711593287,0.20539407243159086
2013-07-23 00:00:00-04:00,24.010000228881836,24.020000457763672,23.709999084472656,23.760000228881836,3100,0.0,0.0,0.0,-0.014516813463681721,-0.014623213380848012,0.1602829953544483,0.2022371526085482
2013-07-24 00:00:00-04:00,24.0,24.0,22.899999618530273,23.479999542236328,2700,0.0,0.0,0.0,-0.011784540570212165,-0.011854528663519987,0.16443151792065314,0.18091935346440718
2013-07-25 00:00:00-04:00,23.239999771118164,23.239999771118164,22.950000762939453,23.040000915527344,5800,0.0,0.0,0.0,-0.01873929451819223,-0.018917099899878557,0.19548480098066326,0.19082412663363646
2013-07-26 00:00:00-04:00,22.780000686645508,23.100000381469727,22.780000686645508,23.010000228881836,8200,0.0,0.0,0.0,-0.001302113083914369,-0.0013029615697857007,0.19461618282278892,0.1905657473351101
2013-07-29 00:00:00-04:00,22.989999771118164,23.0,22.989999771118164,23.0,600,0.0,0.0,0.0,-0.00043460359766900325,-0.00043469806518416283,0.12921752570315279,0.1800594051937959
2013-07-30 00:00:00-04:00,23.0,23.0,22.639999389648438,22.639999389648438,8300,0.0,0.0,0.0,-0.015652200450067988,-0.0157759895531592,0.13228951104372172,0.18686231827282376
2013-07-31 00:00:00-04:00,22.690000534057617,22.739999771118164,22.690000534057617,22.709999084472656,1600,0.0,0.0,0.0,0.003091859395377261,0.0030870894276341515,0.1566107691821595,0.18770231855551317
2013-08-01 00:00:00-04:00,22.549999237060547,22.65999984741211,22.440000534057617,22.489999771118164,10600,0.0,0.0,0.0,-0.009687332550572858,-0.009734560009449535,0.12173521605023646,0.18865141055644308
2013-08-02 00:00:00-04:00,22.649999618530273,22.719999313354492,22.239999771118164,22.25,7300,0.0,0.0,0.0,-0.010671399446894325,-0.01072874718192586,0.12295559119208581,0.19021186526666894
2013-08-05 00:00:00-04:00,22.280000686645508,22.280000686645508,22.280000686645508,22.280000686645508,300,0.0,0.0,0.0,0.0013483454672138517,0.001347437265752259,0.12914817535317505,0.18697571180516492
2013-08-06 00:00:00-04:00,22.200000762939453,22.200000762939453,21.93000030517578,21.93000030517578,4800,0.0,0.0,0.0,-0.015709172831377627,-0.01583386953230043,0.12940806853718784,0.171438211742642
2013-08-07 00:00:00-04:00,22.389999389648438,22.389999389648438,21.940000534057617,21.940000534057617,6900,0.0,0.0,0.0,0.00045600678261159544,0.0004559028431155779,0.1181902312594175,0.16995628158494908
2013-08-08 00:00:00-04:00,21.5,22.399999618530273,21.5,22.280000686645508,9300,0.0,0.0,0.0,0.015496816057962493,0.01537796668918475,0.1921974609465353,0.1835492336973361
2013-08-09 00:00:00-04:00,22.389999389648438,22.389999389648438,22.200000762939453,22.200000762939453,1600,0.0,0.0,0.0,-0.0035906607379059263,-0.003597122633126276,0.17766852969495536,0.16667739960787845
2013-08-12 00:00:00-04:00,22.479999542236328,23.0,22.450000762939453,22.979999542236328,7600,0.0,0.0,0.0,0.03513507894103318,0.034531929255644044,0.31071158084441686,0.2140802304160916
2013-08-13 00:00:00-04:00,23.299999237060547,23.299999237060547,22.920000076293945,23.030000686645508,28900,0.0,0.0,0.0,0.0021758548914363463,0.00217349114733717,0.25086957950733524,0.20121292041844185
2013-08-14 00:00:00-04:00,22.899999618530273,23.139999389648438,22.8700008392334,23.1299991607666,6800,0.0,0.0,0.0,0.004342096011272778,0.004332696312161747,0.24301336309582017,0.20025777188960542
2013-08-15 00:00:00-04:00,23.190000534057617,23.440000534057617,23.190000534057617,23.420000076293945,12800,0.0,0.0,0.0,0.012537869695181225,0.012459921467193727,0.24023487347979733,0.2062412799663907
2013-08-16 00:00:00-04:00,23.389999389648438,23.440000534057617,23.25,23.25,2200,0.0,0.0,0.0,-0.007258756436385405,-0.007285229393846666,0.2544164671516535,0.20750022348633748
2013-08-19 00:00:00-04:00,25.389999389648438,25.389999389648438,23.5,23.8700008392334,11000,0.0,0.0,0.0,0.026666702762726757,0.02631734347587288,0.20215807549811038,0.2257533276013844
2013-08-20 00:00:00-04:00,23.670000076293945,23.75,23.56999969482422,23.6200008392334,8600,0.0,0.0,0.0,-0.010473397201942847,-0.010528629209396137,0.24026013498603738,0.2228384057587003
2013-08-21 00:00:00-04:00,24.030000686645508,24.030000686645508,23.75,23.780000686645508,5500,0.0,0.0,0.0,0.006773913705639956,0.006751073837709485,0.24035698899951122,0.2197611808345628
2013-08-22 00:00:00-04:00,23.81999969482422,23.829999923706055,23.729999542236328,23.829999923706055,4600,0.0,0.0,0.0,0.0021025750890169004,0.002100367771506784,0.23281397921563995,0.20738144246882417
2013-08-23 00:00:00-04:00,24.190000534057617,24.190000534057617,23.979999542236328,24.100000381469727,22700,0.0,0.0,0.0,0.011330275225686304,0.011266568416170186,0.2151118733895624,0.20973597486167223
2013-08-26 00:00:00-04:00,25.0,25.399999618530273,24.780000686645508,25.030000686645508,17600,0.0,0.0,0.0,0.03858922367033868,0.03786327655135482,0.2873338050169706,0.24544649511412978
2013-08-27 00:00:00-04:00,25.100000381469727,25.40999984741211,24.700000762939453,24.770000457763672,18200,0.0,0.0,0.0,-0.010387543817390155,-0.010441870894747178,0.28695512639184256,0.2404159712596453
2013-08-28 00:00:00-04:00,23.829999923706055,24.889999389648438,23.829999923706055,24.889999389648438,10800,0.0,0.0,0.0,0.004844526833553298,0.004832829875705012,0.2885095290711149,0.24034933837920147
2013-08-29 00:00:00-04:00,24.8799991607666,24.8799991607666,24.649999618530273,24.649999618530273,5000,0.0,0.0,0.0,-0.009642417718096818,-0.009689206844287559,0.31754561437665063,0.24031372661045336
2013-08-30 00:00:00-04:00,24.56999969482422,24.600000381469727,24.40999984741211,24.510000228881836,3800,0.0,0.0,0.0,-0.005679488511764363,-0.005695678134928381,0.3256114003707021,0.23670402943432275
2013-09-03 00:00:00-04:00,25.200000762939453,25.229999542236328,24.809999465942383,24.889999389648438,8300,0.0,0.0,0.0,0.015503841583763833,0.01538488497921576,0.17591794501548116,0.23916537901605064
2013-09-04 00:00:00-04:00,24.59000015258789,24.709999084472656,24.239999771118164,24.34000015258789,6100,0.0,0.0,0.0,-0.022097197691747894,-0.02234499802914239,0.22716019966282427,0.247659808429675
2013-09-05 00:00:00-04:00,24.06999969482422,24.540000915527344,24.040000915527344,24.540000915527344,11200,0.0,0.0,0.0,0.008216958162927002,0.008183382761918552,0.23597520723966273,0.24716104653005308
2013-09-06 00:00:00-04:00,24.34000015258789,25.219999313354492,24.25,24.489999771118164,11100,0.0,0.0,0.0,-0.002037536370976367,-0.0020396149721715177,0.22800179298645087,0.24580361907191978
2013-09-09 00:00:00-04:00,24.520000457763672,24.579999923706055,24.270000457763672,24.290000915527344,19300,0.0,0.0,0.0,-0.008166551958350143,-0.008200080912532166,0.23172062518321374,0.24841115763747093
2013-09-10 00:00:00-04:00,24.1299991607666,24.440000534057617,24.1299991607666,24.3799991607666,1700,0.0,0.0,0.0,0.0037051561073315753,0.003698308924484065,0.1873788348456978,0.22071933246094344
2013-09-11 00:00:00-04:00,24.450000762939453,24.450000762939453,24.360000610351562,24.3799991607666,2000,0.0,0.0,0.0,0.0,0.0,0.09769608137080607,0.22096891842108118
2013-09-12 00:00:00-04:00,24.3799991607666,24.920000076293945,24.170000076293945,24.90999984741211,11700,0.0,0.0,0.0,0.021739159347405,0.0215062335184234,0.17937323785019507,0.23083797278891266
2013-09-13 00:00:00-04:00,25.0,25.0,24.469999313354492,24.489999771118164,17000,0.0,0.0,0.0,-0.01686070168071796,-0.01700446153037546,0.2296680154393214,0.23952529461403618
2013-09-16 00:00:00-04:00,24.350000381469727,24.360000610351562,24.010000228881836,24.110000610351562,11200,0.0,0.0,0.0,-0.015516503238793278,-0.015638144109779845,0.25121770744709965,0.24563164089649317
2013-09-17 00:00:00-04:00,24.329999923706055,24.329999923706055,24.030000686645508,24.190000534057617,2900,0.0,0.0,0.0,0.0033181220108184917,0.00331262919118914,0.25073807292570716,0.2277794763715413
2013-09-18 00:00:00-04:00,24.049999237060547,24.329999923706055,24.049999237060547,24.329999923706055,3100,0.0,0.0,0.0,0.005787490142934448,0.005770806960078859,0.25617436205176447,0.22442896759651898
2013-09-19 00:00:00-04:00,24.59000015258789,24.59000015258789,24.079999923706055,24.079999923706055,8900,0.0,0.0,0.0,-0.010275380221288488,-0.010328536387366975,0.16838462268072205,0.22733280019862936
2013-09-20 00:00:00-04:00,23.8799991607666,23.8799991607666,23.719999313354492,23.739999771118164,5100,0.0,0.0,0.0,-0.014119607710345927,-0.01422023773193447,0.1588270439351952,0.2332437738110275
2013-09-23 00:00:00-04:00,23.780000686645508,23.799999237060547,23.719999313354492,23.729999542236328,1500,0.0,0.0,0.0,-0.00042123963682605403,-0.00042132838316506283,0.13753786020685552,0.22931097546186444
2013-09-24 00:00:00-04:00,23.829999923706055,23.860000610351562,23.729999542236328,23.729999542236328,14100,0.0,0.0,0.0,0.0,0.0,0.12950151576770874,0.176506429794596
2013-09-25 00:00:00-04:00,23.729999542236328,23.899999618530273,23.729999542236328,23.850000381469727,2700,0.0,0.0,0.0,0.005056925476117691,0.0050441821717202885,0.12615258132819898,0.1759869335734422
2013-09-26 00:00:00-04:00,23.799999237060547,23.850000381469727,23.09000015258789,23.790000915527344,9800,0.0,0.0,0.0,-0.00251570083784991,-0.0025188705303173064,0.11298920641050773,0.17421370017961169
2013-09-27 00:00:00-04:00,23.860000610351562,23.860000610351562,23.829999923706055,23.829999923706055,500,0.0,0.0,0.0,0.0016813369751744744,0.0016799251104877636,0.04491081277302333,0.17242567741118253
2013-09-30 00:00:00-04:00,24.0,24.0,23.0,23.1299991607666,17200,0.0,0.0,0.0,-0.02937476983552545,-0.029814847949040258,0.22040405444021421,0.1983629180921272
2013-10-01 00:00:00-04:00,23.110000610351562,23.110000610351562,22.979999542236328,23.049999237060547,7300,0.0,0.0,0.0,-0.0034587084569268622,-0.00346470361668675,0.21676856962115507,0.18617765552733287
2013-10-02 00:00:00-04:00,23.100000381469727,23.209999084472656,23.100000381469727,23.1200008392334,4300,0.0,0.0,0.0,0.003036945964852711,0.0030323437598669166,0.2108335595110915,0.17435817913449933
2013-10-03 00:00:00-04:00,23.280000686645508,23.399999618530273,23.280000686645508,23.3700008392334,6700,0.0,0.0,0.0,0.010813148396420669,0.01075510435828203,0.24386128845129798,0.17670442656648205
2013-10-04 00:00:00-04:00,23.34000015258789,23.5,23.34000015258789,23.479999542236328,2600,0.0,0.0,0.0,0.004706833506752162,0.0046957910025176115,0.24877654477557656,0.17849069367993
2013-10-07 00:00:00-04:00,23.649999618530273,23.649999618530273,23.3799991607666,23.510000228881836,5000,0.0,0.0,0.0,0.0012777124033389597,0.0012768968234898757,0.08258653991294991,0.17733793383304475
2013-10-08 00:00:00-04:00,23.520000457763672,23.559999465942383,23.34000015258789,23.489999771118164,2800,0.0,0.0,0.0,-0.000850721291746348,-0.0008510833604654065,0.07036004723791334,0.17627434038914427
2013-10-09 00:00:00-04:00,23.3799991607666,23.40999984741211,23.280000686645508,23.290000915527344,8300,0.0,0.0,0.0,-0.008514212751790984,-0.008550665720883442,0.11305429788310495,0.1777070162327559
2013-10-10 00:00:00-04:00,23.450000762939453,23.450000762939453,23.360000610351562,23.360000610351562,1500,0.0,0.0,0.0,0.003005568573316353,0.0030010608819503034,0.08172200683511076,0.1552204488689104
2013-10-11 00:00:00-04:00,23.229999542236328,23.229999542236328,22.950000762939453,22.950000762939453,7700,0.0,0.0,0.0,-0.017551362872414655,-0.01770721433798661,0.1350456041165165,0.15604609261250982
2013-10-14 00:00:00-04:00,23.030000686645508,23.1299991607666,22.770000457763672,22.829999923706055,3000,0.0,0.0,0.0,-0.005228794564015038,-0.005242512550227154,0.12494993953972602,0.1494042989983687
2013-10-15 00:00:00-04:00,23.010000228881836,23.110000610351562,22.770000457763672,22.770000457763672,22500,0.0,0.0,0.0,-0.0026280975095440695,-0.0026315570204211874,0.12106637476988538,0.1477188190781681
2013-10-16 00:00:00-04:00,23.170000076293945,23.18000030517578,23.09000015258789,23.149999618530273,1700,0.0,0.0,0.0,0.016688588191795084,0.01655086387461464,0.1981628497870215,0.16078874730647902
2013-10-17 00:00:00-04:00,23.219999313354492,23.329999923706055,23.190000534057617,23.329999923706055,2700,0.0,0.0,0.0,0.007775391280425925,0.007745318709062006,0.20714330199950867,0.1618754698419971
2013-10-18 00:00:00-04:00,23.3700008392334,23.3700008392334,23.280000686645508,23.280000686645508,3100,0.0,0.0,0.0,-0.0021431306139757522,-0.0021454304048123003,0.14548461936735535,0.15495701312419016
2013-10-21 00:00:00-04:00,23.399999618530273,23.459999084472656,23.389999389648438,23.440000534057617,1500,0.0,0.0,0.0,0.006872845476499245,0.006849335134521119,0.1271337514257472,0.15741952962594277
2013-10-22 00:00:00-04:00,23.149999618530273,23.420000076293945,23.149999618530273,23.350000381469727,13600,0.0,0.0,0.0,-0.003839596865926831,-0.003846987040900212,0.13209535400261038,0.15782541857802265
2013-10-23 00:00:00-04:00,23.530000686645508,23.559999465942383,23.450000762939453,23.469999313354492,2800,0.0,0.0,0.0,0.005139140467851799,0.005125980154686037,0.08523787444250847,0.15786586936130775
2013-10-24 00:00:00-04:00,23.469999313354492,23.469999313354492,23.469999313354492,23.469999313354492,300,0.0,0.0,0.0,0.0,0.0,0.07348366579384305,0.15774633023284748
2013-10-25 00:00:00-04:00,23.479999542236328,23.479999542236328,23.200000762939453,23.200000762939453,5700,0.0,0.0,0.0,-0.011503986293745161,-0.011570669049040447,0.11732943869775399,0.16206845028488193
2013-10-28 00:00:00-04:00,23.010000228881836,23.010000228881836,22.860000610351562,22.860000610351562,8800,0.0,0.0,0.0,-0.014655178508917066,-0.014763626491377293,0.12912843072745417,0.1342752848533936
2013-10-29 00:00:00-04:00,22.739999771118164,23.0,22.540000915527344,22.959999084472656,3300,0.0,0.0,0.0,0.004374386327698154,0.004364846510272889,0.14576189864318945,0.13490431059173802
2013-10-30 00:00:00-04:00,23.09000015258789,23.100000381469727,23.020000457763672,23.040000915527344,3000,0.0,0.0,0.0,0.00348440044620002,0.003478343987639033,0.14006756957168792,0.1350542700360242
2013-10-31 00:00:00-04:00,23.0,23.0,22.84000015258789,22.84000015258789,1900,0.0,0.0,0.0,-0.008680588324311511,-0.008718484095579345,0.13933223951493412,0.13177435702850743
2013-11-01 00:00:00-04:00,22.8700008392334,22.8799991607666,22.600000381469727,22.600000381469727,9700,0.0,0.0,0.0,-0.010507870819386644,-0.010563468311108748,0.1367365704863396,0.13391107249518006
2013-11-04 00:00:00-05:00,22.75,22.75,22.709999084472656,22.709999084472656,200,0.0,0.0,0.0,0.004867199165762948,0.004855392646193241,0.12099592715491853,0.13562683433757286
2013-11-05 00:00:00-05:00,22.6200008392334,22.6200008392334,22.540000915527344,22.559999465942383,3100,0.0,0.0,0.0,-0.0066050032838984585,-0.00662691284653347,0.11347247397598718,0.1366857934720434
2013-11-06 00:00:00-05:00,22.670000076293945,22.739999771118164,22.670000076293945,22.739999771118164,400,0.0,0.0,0.0,0.007978737120429402,0.007947075300134524,0.13357627691219137,0.13875455278629298
2013-11-07 00:00:00-05:00,22.600000381469727,22.75,22.600000381469727,22.639999389648438,2300,0.0,0.0,0.0,-0.004397554198603659,-0.004407251881235112,0.12441885170758732,0.13829598288264225
2013-11-08 00:00:00-05:00,22.799999237060547,23.18000030517578,22.799999237060547,23.15999984741211,2600,0.0,0.0,0.0,0.022968218718302014,0.02270841974038022,0.18694388616873384,0.15030126254619705
2013-11-11 00:00:00-05:00,22.719999313354492,23.31999969482422,22.719999313354492,23.229999542236328,3100,0.0,0.0,0.0,0.0030224393473836653,0.0030178809602354486,0.18746104800001964,0.14897943526038887
2013-11-12 00:00:00-05:00,23.399999618530273,23.489999771118164,23.399999618530273,23.459999084472656,1600,0.0,0.0,0.0,0.009900970588404334,0.009852277123686323,0.15994730386481787,0.15164672971621326
2013-11-13 00:00:00-05:00,23.5,23.5,23.420000076293945,23.5,2700,0.0,0.0,0.0,0.001705068929598541,0.0017036169498206343,0.1658321154738068,0.14072447992288312
2013-11-14 00:00:00-05:00,23.520000457763672,23.520000457763672,23.420000076293945,23.469999313354492,5700,0.0,0.0,0.0,-0.0012766249636386728,-0.0012774405434878577,0.15378845312333916,0.13841232727758454
2013-11-15 00:00:00-05:00,23.350000381469727,23.350000381469727,22.889999389648438,22.889999389648438,8000,0.0,0.0,0.0,-0.024712396279280346,-0.02502287330670102,0.20948810632613202,0.1644985661635513
2013-11-18 00:00:00-05:00,23.030000686645508,23.059999465942383,22.989999771118164,22.989999771118164,1300,0.0,0.0,0.0,0.0043687367468847604,0.004359221519452996,0.21183661171957743,0.1631856835943467
2013-11-19 00:00:00-05:00,22.90999984741211,22.950000762939453,22.809999465942383,22.940000534057617,3600,0.0,0.0,0.0,-0.0021748254701315917,-0.0021771938375245705,0.18469451055188044,0.16289717708026102
2013-11-20 00:00:00-05:00,23.0,23.0,22.889999389648438,22.969999313354492,12800,0.0,0.0,0.0,0.0013077061289661351,0.0013068518260099685,0.18388434348419133,0.16159597162593636
2013-11-21 00:00:00-05:00,22.829999923706055,23.149999618530273,22.829999923706055,23.149999618530273,3200,0.0,0.0,0.0,0.007836321748217578,0.007805777246206206,0.20419903865349426,0.1646221109390885
2013-11-22 00:00:00-05:00,23.200000762939453,23.510000228881836,23.200000762939453,23.489999771118164,8600,0.0,0.0,0.0,0.014686831887277485,0.014580024872953536,0.10262689772433978,0.1679057265095
2013-11-25 00:00:00-05:00,23.0,23.549999237060547,23.0,23.479999542236328,6100,0.0,0.0,0.0,-0.0004257228173383254,-0.00042581346302446413,0.11043539994337649,0.1579786871824059
2013-11-26 00:00:00-05:00,23.40999984741211,23.450000762939453,23.399999618530273,23.450000762939453,500,0.0,0.0,0.0,-0.001277631170431337,-0.0012784480369787364,0.10728787747264604,0.15783453120226462
2013-11-27 00:00:00-05:00,23.389999389648438,23.389999389648438,23.299999237060547,23.299999237060547,1800,0.0,0.0,0.0,-0.006396653347490289,-0.00641719959954752,0.1323967015543728,0.1597431354662264
2013-11-29 00:00:00-05:00,23.450000762939453,23.479999542236328,23.40999984741211,23.43000030517578,1900,0.0,0.0,0.0,0.0055794451661808075,0.005563937717233713,0.12797461999748092,0.15673539837021827
2013-12-02 00:00:00-05:00,23.59000015258789,23.59000015258789,23.299999237060547,23.299999237060547,19800,0.0,0.0,0.0,-0.005548487683396108,-0.005563937717233752,0.07597605063987327,0.1527074679819542
2013-12-03 00:00:00-05:00,23.25,23.43000030517578,23.25,23.3700008392334,9500,0.0,0.0,0.0,0.0030043607066523315,0.002999856634008764,0.08293865274050699,0.15231671947174857
2013-12-04 00:00:00-05:00,23.3700008392334,23.5,23.3700008392334,23.469999313354492,900,0.0,0.0,0.0,0.004278924712455057,0.004269796145144887,0.09049864794783147,0.14953113884270575
2013-12-05 00:00:00-05:00,23.459999084472656,23.459999084472656,23.350000381469727,23.389999389648438,1900,0.0,0.0,0.0,-0.003408603581020797,-0.003414426105089816,0.07850224168209055,0.14897624800440554
2013-12-06 00:00:00-05:00,23.350000381469727,23.350000381469727,23.329999923706055,23.329999923706055,1700,0.0,0.0,0.0,-0.002565176037111705,-0.0025684717384048157,0.06768854065935732,0.14816174347702382
2013-12-09 00:00:00-05:00,23.530000686645508,23.729999542236328,23.530000686645508,23.719999313354492,3500,0.0,0.0,0.0,0.01671664770354986,0.016578462418437804,0.12798239392441857,0.1374462643790664
2013-12-10 00:00:00-05:00,23.770000457763672,23.770000457763672,23.559999465942383,23.600000381469727,8300,0.0,0.0,0.0,-0.005058977038722157,-0.005071816986032927,0.14236166313813992,0.13903364959476278
2013-12-11 00:00:00-05:00,23.6200008392334,23.690000534057617,23.530000686645508,23.690000534057617,1200,0.0,0.0,0.0,0.003813565725980128,0.003806312518746869,0.1419284903151825,0.1353958440854336
2013-12-12 00:00:00-05:00,23.34000015258789,23.420000076293945,23.31999969482422,23.420000076293945,10100,0.0,0.0,0.0,-0.011397233080493563,-0.011462679287070584,0.16941985888602978,0.14171843757095093
2013-12-13 00:00:00-05:00,23.25,23.420000076293945,23.25,23.420000076293945,1000,0.0,0.0,0.0,0.0,0.0,0.16765469462514745,0.14165417566951582
2013-12-16 00:00:00-05:00,23.43000030517578,23.489999771118164,23.43000030517578,23.489999771118164,4200,0.0,0.0,0.0,0.002988885337155578,0.00298442749981045,0.10050202109504341,0.10782447064589923
2013-12-17 00:00:00-05:00,23.56999969482422,23.690000534057617,23.56999969482422,23.65999984741211,5200,0.0,0.0,0.0,0.00723712549810096,0.007211063174025863,0.1134647677978196,0.10937106571459569
2013-12-18 00:00:00-05:00,23.75,23.760000228881836,23.40999984741211,23.40999984741211,1700,0.0,0.0,0.0,-0.010566356788347386,-0.010622577116293563,0.13169626206751056,0.11686896278594924
2013-12-19 00:00:00-05:00,23.389999389648438,23.520000457763672,23.389999389648438,23.520000457763672,4200,0.0,0.0,0.0,0.004698872749617777,0.004687867508412226,0.10976317396119693,0.11758959894901273
2013-12-20 00:00:00-05:00,23.6200008392334,23.719999313354492,23.610000610351562,23.690000534057617,11800,0.0,0.0,0.0,0.007227894259578038,0.007201898221115341,0.11784353714610606,0.11715387542336417
2013-12-23 00:00:00-05:00,23.56999969482422,23.600000381469727,23.489999771118164,23.489999771118164,4900,0.0,0.0,0.0,-0.00844241276617641,-0.008478251787260128,0.13966302852467827,0.1103552373730767
2013-12-24 00:00:00-05:00,23.489999771118164,23.489999771118164,23.489999771118164,23.489999771118164,0,0.0,0.0,0.0,0.0,0.0,0.12479754673282617,0.11034262794089914
2013-12-26 00:00:00-05:00,23.399999618530273,23.399999618530273,23.190000534057617,23.190000534057617,2000,0.0,0.0,0.0,-0.012771359726848841,-0.01285361462993102,0.13550501881668608,0.1193442066193014
2013-12-27 00:00:00-05:00,23.229999542236328,23.299999237060547,23.229999542236328,23.270000457763672,800,0.0,0.0,0.0,0.003449759459408508,0.0034438226889467217,0.13194077387387532,0.11803580736102863
2013-12-30 00:00:00-05:00,23.219999313354492,23.229999542236328,23.219999313354492,23.229999542236328,300,0.0,0.0,0.0,-0.0017189907494822299,-0.0017204699094318587,0.10449485836269802,0.11625853527226927
2013-12-31 00:00:00-05:00,23.100000381469727,23.100000381469727,22.809999465942383,22.809999465942383,1800,0.0,0.0,0.0,-0.018080072517018708,-0.018245514193620617,0.14532975662762296,0.131168514880199
2014-01-02 00:00:00-05:00,22.5,22.809999465942383,22.5,22.670000076293945,5700,0.0,0.0,0.0,-0.00613763230715858,-0.006156544998133643,0.13607089465648203,0.1314533160274989
2014-01-03 00:00:00-05:00,22.520000457763672,22.68000030517578,22.520000457763672,22.68000030517578,3100,0.0,0.0,0.0,0.0004411216959938624,0.00044102443042144245,0.13338515058633668,0.1299176428566044
2014-01-06 00:00:00-05:00,22.670000076293945,22.709999084472656,22.65999984741211,22.709999084472656,2100,0.0,0.0,0.0,0.0013226974820643722,0.001321823488351143,0.12614816490747438,0.13016731976631193
2014-01-07 00:00:00-05:00,22.549999237060547,22.68000030517578,22.520000457763672,22.520000457763672,2700,0.0,0.0,0.0,-0.008366298298923769,-0.008401492205151543,0.12462294231908569,0.1324401131809171
2014-01-08 00:00:00-05:00,22.43000030517578,22.450000762939453,22.3700008392334,22.43000030517578,3700,0.0,0.0,0.0,-0.003996454296556817,-0.004004461460659354,0.06619818009125981,0.11317972968519333
2014-01-09 00:00:00-05:00,22.299999237060547,22.459999084472656,22.299999237060547,22.450000762939453,2100,0.0,0.0,0.0,0.00089168334781764,0.0008912860343888893,0.06634123289726848,0.1135524568082874
2014-01-10 00:00:00-05:00,22.559999465942383,22.600000381469727,22.40999984741211,22.40999984741211,2500,0.0,0.0,0.0,-0.0017817779139400747,-0.00178336716828681,0.06311003403494102,0.11115741071213957
2014-01-13 00:00:00-05:00,22.280000686645508,22.75,22.280000686645508,22.739999771118164,3300,0.0,0.0,0.0,0.014725565638241678,0.014618197253309666,0.13892347010964354,0.12232010909947852
2014-01-14 00:00:00-05:00,22.639999389648438,22.709999084472656,22.639999389648438,22.709999084472656,800,0.0,0.0,0.0,-0.001319291422492097,-0.001320162453601026,0.11879583459136472,0.12220314875194381
2014-01-15 00:00:00-05:00,22.700000762939453,22.989999771118164,22.700000762939453,22.959999084472656,6200,0.0,0.0,0.0,0.011008366802222058,0.010948215772856014,0.12117146293316962,0.12923214020364002
2014-01-16 00:00:00-05:00,23.100000381469727,23.100000381469727,23.020000457763672,23.020000457763672,3100,0.0,0.0,0.0,0.002613300334650015,0.0026098916027324816,0.11834157356410481,0.1262801182809513
2014-01-17 00:00:00-05:00,22.940000534057617,23.040000915527344,22.899999618530273,23.040000915527344,800,0.0,0.0,0.0,0.0008688295988685812,0.0008684523849066044,0.10989734755862099,0.12163736009541574
2014-01-21 00:00:00-05:00,22.760000228881836,22.760000228881836,22.520000457763672,22.530000686645508,6100,0.0,0.0,0.0,-0.022135425721191315,-0.022384090643024723,0.1951361401908966,0.14134011092836518
2014-01-22 00:00:00-05:00,22.559999465942383,22.559999465942383,22.479999542236328,22.559999465942383,1600,0.0,0.0,0.0,0.0013315037009589137,0.001330618035996359,0.19644446113303787,0.13767554990641687
2014-01-23 00:00:00-05:00,22.559999465942383,22.559999465942383,22.559999465942383,22.559999465942383,0,0.0,0.0,0.0,0.0,0.0,0.16636553945791682,0.13601663025625607
2014-01-24 00:00:00-05:00,22.450000762939453,22.5,22.40999984741211,22.5,3200,0.0,0.0,0.0,-0.002659550858277293,-0.0026630937467166794,0.15824314052388055,0.13582992599879
2014-01-27 00:00:00-05:00,22.5,22.540000915527344,22.469999313354492,22.540000915527344,800,0.0,0.0,0.0,0.001777818467882053,0.0017762400191496542,0.16031097595912291,0.13040136414791573
2014-01-28 00:00:00-05:00,22.530000686645508,22.530000686645508,22.459999084472656,22.520000457763672,2100,0.0,0.0,0.0,-0.0008873317192233943,-0.000887725631050909,0.02834813008929919,0.12917015315457556
2014-01-29 00:00:00-05:00,22.31999969482422,22.3700008392334,22.280000686645508,22.3700008392334,2400,0.0,0.0,0.0,-0.0066607289290068206,-0.006683010580414151,0.050931098346204295,0.1304130367068903
2014-01-30 00:00:00-05:00,22.280000686645508,22.540000915527344,22.229999542236328,22.540000915527344,7300,0.0,0.0,0.0,0.007599466692723267,0.007570736211465089,0.08437436168008092,0.1194249434226192
2014-01-31 00:00:00-05:00,22.100000381469727,22.549999237060547,22.100000381469727,22.5,500,0.0,0.0,0.0,-0.0017746634384467885,-0.0017762400191495356,0.08294868412948908,0.11771828803026743
2014-02-03 00:00:00-05:00,22.209999084472656,22.75,22.200000762939453,22.68000030517578,2800,0.0,0.0,0.0,0.008000013563367991,0.007968183104898996,0.10107919932927797,0.12139258121986299
2014-02-04 00:00:00-05:00,22.700000762939453,22.90999984741211,22.700000762939453,22.8799991607666,4700,0.0,0.0,0.0,0.008818291574060444,0.00877963751654155,0.11110506330026321,0.12530572326180336
2014-02-05 00:00:00-05:00,22.8700008392334,22.8799991607666,22.8700008392334,22.8799991607666,1700,0.0,0.0,0.0,0.0,0.0,0.07942083715638291,0.12098508209489761
2014-02-06 00:00:00-05:00,22.989999771118164,23.489999771118164,22.989999771118164,23.06999969482422,10700,0.0,0.0,0.0,0.008304219450471884,0.008269929125594856,0.08127354653104414,0.12235997934196861
2014-02-07 00:00:00-05:00,23.100000381469727,23.100000381469727,23.049999237060547,23.059999465942383,3000,0.0,0.0,0.0,-0.0004334732992683499,-0.00043356727597751655,0.07488015304240235,0.12252846493061532
2014-02-10 00:00:00-05:00,23.43000030517578,23.43000030517578,23.09000015258789,23.09000015258789,2600,0.0,0.0,0.0,0.0013009838395623419,0.0013001382933687771,0.07269181810769969,0.12196414736538222
2014-02-11 00:00:00-05:00,22.75,23.469999313354492,22.75,23.170000076293945,6900,0.0,0.0,0.0,0.0034647000076821755,0.0034587117622736545,0.05663262233119358,0.11193552183770127
2014-02-12 00:00:00-05:00,22.75,23.100000381469727,22.75,23.06999969482422,2300,0.0,0.0,0.0,-0.004315942215815549,-0.004325282779664995,0.07429961559812844,0.11324291053265613
2014-02-13 00:00:00-05:00,23.18000030517578,23.3799991607666,23.170000076293945,23.290000915527344,4700,0.0,0.0,0.0,0.009536247230748085,0.009491064248729286,0.08141079352233764,0.11159326680293226
2014-02-14 00:00:00-05:00,23.5,23.5,21.510000228881836,23.270000457763672,9100,0.0,0.0,0.0,-0.0008587572768337104,-0.0008591262201009007,0.08223403661915568,0.11149969327954659
2014-02-18 00:00:00-05:00,23.280000686645508,23.649999618530273,22.200000762939453,23.610000610351562,12100,0.0,0.0,0.0,0.014611093506637918,0.0145053799627834,0.12170328288227523,0.1221592345242902
2014-02-19 00:00:00-05:00,23.299999237060547,23.649999618530273,23.299999237060547,23.600000381469727,5300,0.0,0.0,0.0,-0.00042355902682400526,-0.0004236487532858037,0.12678619670144314,0.08598573829261939
2014-02-20 00:00:00-05:00,23.299999237060547,23.690000534057617,23.299999237060547,23.690000534057617,6000,0.0,0.0,0.0,0.003813565725980128,0.003806312518746869,0.10575770013918004,0.08605231631894854
2014-02-21 00:00:00-05:00,23.6200008392334,23.8700008392334,23.6200008392334,23.8700008392334,1100,0.0,0.0,0.0,0.007598155386995709,0.00756943479495567,0.10172628069791834,0.08738697489949825
2014-02-24 00:00:00-05:00,23.989999771118164,24.100000381469727,23.40999984741211,24.010000228881836,27400,0.0,0.0,0.0,0.005865076863270646,0.005847944256694781,0.08779083226388476,0.08548918212333806
2014-02-25 00:00:00-05:00,24.139999389648438,24.209999084472656,24.139999389648438,24.209999084472656,1400,0.0,0.0,0.0,0.008329814814005632,0.00829531336795141,0.055788423969006566,0.08712360765822033
2014-02-26 00:00:00-05:00,24.25,24.329999923706055,24.239999771118164,24.290000915527344,1900,0.0,0.0,0.0,0.003304495418424036,0.0032990475717293508,0.03532697290674592,0.08551951220656392
2014-02-27 00:00:00-05:00,24.309999465942383,24.719999313354492,23.0,24.059999465942383,12900,0.0,0.0,0.0,-0.009468976571257892,-0.009514092355989597,0.11590774378697191,0.09051239414789775
2014-02-28 00:00:00-05:00,23.75,24.59000015258789,23.75,24.59000015258789,2600,0.0,0.0,0.0,0.02202829170448406,0.021789174083759372,0.17905619256799502,0.11100518693415966
2014-03-03 00:00:00-05:00,25.489999771118164,25.829999923706055,24.309999465942383,24.489999771118164,30500,0.0,0.0,0.0,-0.004066709265929114,-0.00407500081523756,0.19291482727148218,0.11297277842601593
2014-03-04 00:00:00-05:00,24.979999542236328,25.5,23.110000610351562,24.68000030517578,9000,0.0,0.0,0.0,0.007758290560773817,0.0077283497843483335,0.19215260151029961,0.11287014828475506
2014-03-05 00:00:00-05:00,24.68000030517578,24.850000381469727,23.170000076293945,24.690000534057617,8300,0.0,0.0,0.0,0.00040519565470753527,0.00040511358511698424,0.19382433668245252,0.11231140787702149
2014-03-06 00:00:00-05:00,25.09000015258789,25.09000015258789,24.739999771118164,24.790000915527344,4100,0.0,0.0,0.0,0.004050238125016925,0.004042057990804263,0.15803581191772467,0.11139228271151397
2014-03-07 00:00:00-05:00,25.0,25.06999969482422,24.799999237060547,25.049999237060547,7300,0.0,0.0,0.0,0.010488031945587784,0.010433414095793203,0.09182673109287806,0.11276232439806105
2014-03-10 00:00:00-04:00,25.219999313354492,25.299999237060547,24.5,24.5,5100,0.0,0.0,0.0,-0.021956058036394777,-0.02220067952352722,0.20525372962330507,0.14549340153552304
2014-03-11 00:00:00-04:00,24.65999984741211,24.719999313354492,24.540000915527344,24.6299991607666,8300,0.0,0.0,0.0,0.005306088194555247,0.005292060508139148,0.20020266545096885,0.1455409302236259
2014-03-12 00:00:00-04:00,23.899999618530273,24.219999313354492,23.520000457763672,24.200000762939453,25800,0.0,0.0,0.0,-0.01745831962966926,-0.017612513369756493,0.2334176338324126,0.16307041757956345
2014-03-13 00:00:00-04:00,24.25,24.469999313354492,24.110000610351562,24.329999923706055,2900,0.0,0.0,0.0,0.005371865978024415,0.005357488970570072,0.23642773049056579,0.16153333669906653
2014-03-14 00:00:00-04:00,23.65999984741211,24.260000228881836,23.610000610351562,24.139999389648438,6400,0.0,0.0,0.0,-0.007809310918759582,-0.00783996327407507,0.20044357716885647,0.1635356051422046
2014-03-17 00:00:00-04:00,24.459999084472656,24.459999084472656,23.649999618530273,24.190000534057617,6300,0.0,0.0,0.0,0.0020712984951698488,0.002069156313996207,0.15789711892120767,0.16322367150481168
2014-03-18 00:00:00-04:00,25.239999771118164,26.510000228881836,24.3700008392334,24.489999771118164,21900,0.0,0.0,0.0,0.012401787120185137,0.012325514918590725,0.18561106967288124,0.16113306999626661
2014-03-19 00:00:00-04:00,24.649999618530273,24.889999389648438,24.3799991607666,24.889999389648438,7600,0.0,0.0,0.0,0.016333181799454533,0.016201230239395282,0.1492861568142095,0.16875329394995553
2014-03-20 00:00:00-04:00,24.350000381469727,24.75,23.760000228881836,24.489999771118164,5600,0.0,0.0,0.0,-0.016070696196827994,-0.016201230239395337,0.21511648432614347,0.18133341222105906
2014-03-21 00:00:00-04:00,24.139999389648438,24.420000076293945,24.139999389648438,24.350000381469727,2600,0.0,0.0,0.0,-0.005716594159120514,-0.005732996423439341,0.20993185362068095,0.18177155181555116
2014-03-24 00:00:00-04:00,24.549999237060547,24.549999237060547,24.139999389648438,24.459999084472656,4300,0.0,0.0,0.0,0.004517400463231125,0.004507227634746527,0.21084447844233878,0.18136136966101363
2014-03-25 00:00:00-04:00,24.770000457763672,24.770000457763672,24.0,24.770000457763672,3300,0.0,0.0,0.0,0.012673809684964565,0.012594169152382973,0.21167333335424432,0.1843240867908646
2014-03-26 00:00:00-04:00,24.31999969482422,24.799999237060547,24.06999969482422,24.06999969482422,11100,0.0,0.0,0.0,-0.028260022204402158,-0.028667022865533687,0.25777180699730434,0.21159808289947374
2014-03-27 00:00:00-04:00,24.399999618530273,24.639999389648438,23.719999313354492,24.639999389648438,2800,0.0,0.0,0.0,0.023680918240592597,0.02340487477825492,0.313859629215634,0.22498667000447292
2014-03-28 00:00:00-04:00,24.329999923706055,24.649999618530273,24.329999923706055,24.6200008392334,3900,0.0,0.0,0.0,-0.0008116295012344787,-0.0008119590507849396,0.3087638296300007,0.21124845227077496
2014-03-31 00:00:00-04:00,24.440000534057617,24.639999389648438,24.389999389648438,24.579999923706055,3600,0.0,0.0,0.0,-0.0016247325005610547,-0.0016260538097868816,0.3091390065207795,0.2107799723573866
2014-04-01 00:00:00-04:00,24.579999923706055,25.579999923706055,24.579999923706055,25.540000915527344,14500,0.0,0.0,0.0,0.03905618367782915,0.038312785417210074,0.411114295595388,0.25097726144606086
2014-04-02 00:00:00-04:00,25.540000915527344,25.540000915527344,24.979999542236328,24.979999542236328,11700,0.0,0.0,0.0,-0.021926442960718773,-0.022170400078970986,0.378642906425389,0.2647993440276662
2014-04-03 00:00:00-04:00,24.90999984741211,25.1200008392334,24.850000381469727,24.979999542236328,6800,0.0,0.0,0.0,0.0,0.0,0.3519591593293037,0.26451304078516263
2014-04-04 00:00:00-04:00,25.110000610351562,25.15999984741211,25.079999923706055,25.09000015258789,1300,0.0,0.0,0.0,0.004403547332559876,0.0043938800877282485,0.35040214168894024,0.26234272911107587
2014-04-07 00:00:00-04:00,25.31999969482422,25.31999969482422,25.049999237060547,25.059999465942383,13800,0.0,0.0,0.0,-0.0011957228562397004,-0.001196438303188545,0.3499826845257822,0.2490942527836318
2014-04-08 00:00:00-04:00,24.969999313354492,25.420000076293945,24.969999313354492,25.34000015258789,6800,0.0,0.0,0.0,0.011173211995716192,0.011111252757850479,0.19684452446589093,0.2512237784189412
2014-04-09 00:00:00-04:00,25.579999923706055,25.600000381469727,24.950000762939453,25.56999969482422,9200,0.0,0.0,0.0,0.009076540680795553,0.009035596453565503,0.08621832873115119,0.24209977792250598
2014-04-10 00:00:00-04:00,25.850000381469727,25.850000381469727,25.3700008392334,25.399999618530273,4900,0.0,0.0,0.0,-0.0066484191757091304,-0.006670618362182408,0.1165823356350347,0.24420120575700202
2014-04-11 00:00:00-04:00,25.600000381469727,25.600000381469727,25.010000228881836,25.18000030517578,5900,0.0,0.0,0.0,-0.00866139041962799,-0.008699118270027686,0.1431065829584017,0.244685735948737
2014-04-14 00:00:00-04:00,25.270000457763672,25.350000381469727,25.270000457763672,25.280000686645508,1700,0.0,0.0,0.0,0.003971420979259177,0.003963555704296674,0.14338449232956937,0.24476299592137213
2014-04-15 00:00:00-04:00,25.520000457763672,25.75,25.280000686645508,25.56999969482422,27000,0.0,0.0,0.0,0.011471479442320742,0.011406180927913307,0.14462546056062503,0.24427648340519895
2014-04-16 00:00:00-04:00,25.40999984741211,25.950000762939453,25.40999984741211,25.8700008392334,16100,0.0,0.0,0.0,0.011732543918250515,0.011664251270166834,0.15392586950999457,0.2412917417542294
2014-04-17 00:00:00-04:00,26.149999618530273,26.329999923706055,25.719999313354492,25.860000610351562,30600,0.0,0.0,0.0,-0.00038655696008593754,-0.00038663169248714,0.1362037153047457,0.23191706977820858
2014-04-21 00:00:00-04:00,25.420000076293945,25.600000381469727,25.09000015258789,25.09000015258789,4300,0.0,0.0,0.0,-0.029775732389404785,-0.030228030485907068,0.2714934231710345,0.25793604095973044
2014-04-22 00:00:00-04:00,25.170000076293945,25.75,25.170000076293945,25.329999923706055,12000,0.0,0.0,0.0,0.00956555478910226,0.009520094541631718,0.2801897115312525,0.2593060760443234
2014-04-23 00:00:00-04:00,25.440000534057617,25.59000015258789,25.3799991607666,25.59000015258789,5500,0.0,0.0,0.0,0.010264517554873898,0.010212195132906663,0.27733453875628555,0.2581136931666819
2014-04-24 00:00:00-04:00,25.860000610351562,25.860000610351562,25.469999313354492,25.530000686645508,3100,0.0,0.0,0.0,-0.0023446450013527853,-0.0023473979854661017,0.25804751303428314,0.23334787679180927
2014-04-25 00:00:00-04:00,25.860000610351562,25.860000610351562,25.65999984741211,25.770000457763672,15500,0.0,0.0,0.0,0.009400695834830275,0.009356784278681618,0.27215116565116526,0.22182436262534336
2014-04-28 00:00:00-04:00,25.959999084472656,26.489999771118164,25.770000457763672,25.790000915527344,5100,0.0,0.0,0.0,0.0007761139855799737,0.0007758129648615244,0.09334058134586556,0.22159693113546197
2014-04-29 00:00:00-04:00,25.600000381469727,26.0,25.600000381469727,25.979999542236328,10700,0.0,0.0,0.0,0.007367143077323224,0.007340138230036455,0.0885374372678596,0.22172067967472794
2014-04-30 00:00:00-04:00,26.790000915527344,26.790000915527344,25.90999984741211,26.06999969482422,5600,0.0,0.0,0.0,0.0034642091675780584,0.003458222616791846,0.07575108391505048,0.17593629378750386
2014-05-01 00:00:00-04:00,25.68000030517578,25.760000228881836,25.0,25.399999618530273,9900,0.0,0.0,0.0,-0.025700041585614675,-0.02603605723339878,0.22608503532096952,0.18285672632457745
2014-05-02 00:00:00-04:00,25.209999084472656,25.540000915527344,25.209999084472656,25.479999542236328,3500,0.0,0.0,0.0,0.0031496033428162207,0.003144653732357566,0.2119916019971402,0.18299336582491152
2014-05-05 00:00:00-04:00,25.40999984741211,25.520000457763672,25.40999984741211,25.489999771118164,3300,0.0,0.0,0.0,0.0003924736680336327,0.0003923966703892893,0.21167084611216178,0.1825733531168978
2014-05-06 00:00:00-04:00,25.260000228881836,25.440000534057617,25.200000762939453,25.3700008392334,5200,0.0,0.0,0.0,-0.00470768665995569,-0.004718802717798998,0.19364357800803103,0.18351961178429937
2014-05-07 00:00:00-04:00,25.329999923706055,25.329999923706055,25.190000534057617,25.190000534057617,1600,0.0,0.0,0.0,-0.007095005881805894,-0.007120295125251169,0.1796701089660893,0.18110513101432907
2014-05-08 00:00:00-04:00,25.360000610351562,25.450000762939453,25.360000610351562,25.40999984741211,1900,0.0,0.0,0.0,0.008733597010331495,0.008695679761345351,0.10002402363257326,0.18087522996873218
2014-05-09 00:00:00-04:00,25.15999984741211,25.59000015258789,25.15999984741211,25.530000686645508,4600,0.0,0.0,0.0,0.00472258323313679,0.004711466821985312,0.10360982985490559,0.18004310322704153
2014-05-12 00:00:00-04:00,25.700000762939453,25.700000762939453,24.3799991607666,25.25,6200,0.0,0.0,0.0,-0.010967515829013452,-0.011028102427656204,0.13138879319561256,0.18174643429380202
2014-05-13 00:00:00-04:00,25.75,25.75,25.299999237060547,25.450000762939453,3800,0.0,0.0,0.0,0.007920822294631868,0.007889617253137112,0.14413194054613965,0.18336635973369456
2014-05-14 00:00:00-04:00,25.469999313354492,25.510000228881836,25.270000457763672,25.510000228881836,5600,0.0,0.0,0.0,0.002357542795430989,0.002354768151453783,0.12663911359593163,0.17886588030137657
2014-05-15 00:00:00-04:00,25.600000381469727,25.600000381469727,25.360000610351562,25.420000076293945,7200,0.0,0.0,0.0,-0.0035280341740645538,-0.0035342723633163325,0.11860354914186926,0.17365216699807876
2014-05-16 00:00:00-04:00,25.200000762939453,25.989999771118164,25.100000381469727,25.459999084472656,4600,0.0,0.0,0.0,0.0015735251006554485,0.001572288407176436,0.11284002190605774,0.17385624691506768
2014-05-19 00:00:00-04:00,25.56999969482422,25.81999969482422,25.489999771118164,25.770000457763672,5600,0.0,0.0,0.0,0.01217601667079693,0.012102485257886833,0.09637371305484554,0.1416653964588199
2014-05-20 00:00:00-04:00,25.600000381469727,26.0,25.600000381469727,25.65999984741211,2300,0.0,0.0,0.0,-0.00426855290638628,-0.004277689186743639,0.10444173588913135,0.1395536730623926
2014-05-21 00:00:00-04:00,26.399999618530273,26.399999618530273,25.700000762939453,25.700000762939453,2300,0.0,0.0,0.0,0.0015588821420580157,0.0015576683465706076,0.10426044771616035,0.13497343685937935
2014-05-22 00:00:00-04:00,26.389999389648438,26.5,26.25,26.280000686645508,9500,0.0,0.0,0.0,0.022568089746613618,0.02231719815693922,0.16927051274988195,0.15596120715627487
2014-05-23 00:00:00-04:00,27.0,27.309999465942383,26.110000610351562,26.31999969482422,5700,0.0,0.0,0.0,0.0015220322349167592,0.0015208751178189123,0.1693695406570455,0.15314613218232978
2014-05-27 00:00:00-04:00,26.31999969482422,26.600000381469727,25.110000610351562,25.709999084472656,18700,0.0,0.0,0.0,-0.023176315251687396,-0.023449109194270484,0.259486600969386,0.17575233921505168
2014-05-28 00:00:00-04:00,25.520000457763672,25.81999969482422,25.520000457763672,25.81999969482422,800,0.0,0.0,0.0,0.004278514751795415,0.004269387931118654,0.25846664106581774,0.1743489635452583
2014-05-29 00:00:00-04:00,25.739999771118164,25.739999771118164,25.739999771118164,25.739999771118164,600,0.0,0.0,0.0,-0.0030983704357707698,-0.003103180323227623,0.26033775553125316,0.1740500434989076
2014-05-30 00:00:00-04:00,25.729999542236328,25.75,25.549999237060547,25.549999237060547,5700,0.0,0.0,0.0,-0.007381528195303577,-0.0074089064868432765,0.17146362334933754,0.14938166033899455
2014-06-02 00:00:00-04:00,25.450000762939453,25.610000610351562,25.420000076293945,25.5,5100,0.0,0.0,0.0,-0.001956917360217414,-0.0019588346246885197,0.16401371104771914,0.14920587969893365
2014-06-03 00:00:00-04:00,25.18000030517578,25.450000762939453,25.18000030517578,25.360000610351562,5400,0.0,0.0,0.0,-0.005490172143076011,-0.005505298527864974,0.07059601621743639,0.1504986798256361
2014-06-04 00:00:00-04:00,25.3799991607666,25.420000076293945,25.309999465942383,25.309999465942383,1000,0.0,0.0,0.0,-0.0019716539118997956,-0.00197360018013965,0.0378621170128846,0.14972627993799972
2014-06-05 00:00:00-04:00,25.31999969482422,25.31999969482422,24.81999969482422,25.229999542236328,29500,0.0,0.0,0.0,-0.0031608030578469393,-0.003165808947035239,0.03777304784892192,0.14792055684346295
2014-06-06 00:00:00-04:00,25.260000228881836,25.40999984741211,25.219999313354492,25.40999984741211,16100,0.0,0.0,0.0,0.0071343760777502485,0.007109046817698897,0.07646956436222316,0.14679012042858763
2014-06-09 00:00:00-04:00,25.200000762939453,25.59000015258789,24.920000076293945,25.59000015258789,15900,0.0,0.0,0.0,0.007083837318248243,0.007058864807451454,0.09475449504099036,0.14802313043360898
2014-06-10 00:00:00-04:00,25.309999465942383,25.540000915527344,25.309999465942383,25.530000686645508,5400,0.0,0.0,0.0,-0.0023446450013527853,-0.0023473979854661017,0.08376229309680407,0.14248781070048308
2014-06-11 00:00:00-04:00,25.489999771118164,25.489999771118164,25.34000015258789,25.420000076293945,3400,0.0,0.0,0.0,-0.004308680273914067,-0.004317989386381611,0.09093392900667623,0.14074459689541094
2014-06-12 00:00:00-04:00,25.68000030517578,25.68000030517578,25.020000457763672,25.020000457763672,4200,0.0,0.0,0.0,-0.015735626173475237,-0.015860745427968306,0.15047323209750396,0.15096997673454243
2014-06-13 00:00:00-04:00,24.6200008392334,25.420000076293945,24.6200008392334,25.389999389648438,6200,0.0,0.0,0.0,0.014788126503409105,0.014679848342858341,0.18452843655082196,0.16048341091687973
2014-06-16 00:00:00-04:00,25.65999984741211,25.790000915527344,25.260000228881836,25.260000228881836,2700,0.0,0.0,0.0,-0.005120093103255563,-0.005133245694149878,0.17465777220406448,0.16136359131922792
2014-06-17 00:00:00-04:00,25.25,25.260000228881836,25.040000915527344,25.079999923706055,7900,0.0,0.0,0.0,-0.00712590275315883,-0.007151413260687062,0.177587423853017,0.1559536988510845
2014-06-18 00:00:00-04:00,25.06999969482422,25.290000915527344,25.06999969482422,25.200000762939453,1700,0.0,0.0,0.0,0.004784722472027214,0.004773312070055635,0.1864907659499938,0.15698357577068633
2014-06-19 00:00:00-04:00,25.0,25.530000686645508,25.0,25.450000762939453,4000,0.0,0.0,0.0,0.00992063462028403,0.009871748181753638,0.15007496502488932,0.16143362126532693
2014-06-20 00:00:00-04:00,25.260000228881836,25.510000228881836,25.260000228881836,25.510000228881836,800,0.0,0.0,0.0,0.002357542795430989,0.002354768151453783,0.11203171709713158,0.13737848542395162
2014-06-23 00:00:00-04:00,25.6299991607666,25.700000762939453,25.450000762939453,25.700000762939453,2500,0.0,0.0,0.0,0.007448080452876704,0.007420480461573901,0.10430010024634492,0.1406504004464728
2014-06-24 00:00:00-04:00,25.459999084472656,25.459999084472656,25.290000915527344,25.3700008392334,3500,0.0,0.0,0.0,-0.012840463576247463,-0.012923614896588257,0.14198187333227,0.12284387267522251
2014-06-25 00:00:00-04:00,25.420000076293945,25.420000076293945,25.420000076293945,25.420000076293945,700,0.0,0.0,0.0,0.0019708015532748924,0.001968862071697836,0.14031767623272567,0.12188854739902473
2014-06-26 00:00:00-04:00,25.6299991607666,25.65999984741211,25.6299991607666,25.65999984741211,1200,0.0,0.0,0.0,0.009441375704085209,0.00939708447831975,0.1385947940976925,0.12671913456728232
2014-06-27 00:00:00-04:00,25.719999313354492,25.719999313354492,25.309999465942383,25.329999923706055,2700,0.0,0.0,0.0,-0.012860480345612157,-0.012943892239378607,0.17196715935959234,0.1322518976321979
2014-06-30 00:00:00-04:00,25.100000381469727,25.3700008392334,23.520000457763672,23.90999984741211,20400,0.0,0.0,0.0,-0.05606001107662795,-0.05769268591311151,0.4028676622147792,0.2379243915064656
2014-07-01 00:00:00-04:00,23.649999618530273,24.09000015258789,23.540000915527344,24.09000015258789,9500,0.0,0.0,0.0,0.007528243677310753,0.007500047872383004,0.4317029578751277,0.24066489373079783
2014-07-02 00:00:00-04:00,24.0,24.0,23.799999237060547,23.899999618530273,10200,0.0,0.0,0.0,-0.00788711219817928,-0.007918379984467516,0.42000153689350794,0.24142262641145817
2014-07-03 00:00:00-04:00,23.899999618530273,23.899999618530273,23.709999084472656,23.709999084472656,20600,0.0,0.0,0.0,-0.007949813267373651,-0.007981581512628151,0.3804361729151467,0.2421283450206097
2014-07-07 00:00:00-04:00,23.5,23.639999389648438,23.350000381469727,23.610000610351562,14700,0.0,0.0,0.0,-0.004217565499046394,-0.004226484514938689,0.38898847043519563,0.23916840259914815
2014-07-08 00:00:00-04:00,23.850000381469727,23.850000381469727,23.3700008392334,23.3700008392334,6900,0.0,0.0,0.0,-0.010165174286905332,-0.010217192487341145,0.11231116910864299,0.2368162479032865
2014-07-09 00:00:00-04:00,23.299999237060547,23.299999237060547,23.030000686645508,23.059999465942383,7000,0.0,0.0,0.0,-0.013264927777434488,-0.013353692780048079,0.05282958919578243,0.23871256056800141
2014-07-10 00:00:00-04:00,23.0,23.0,22.520000457763672,22.860000610351562,18900,0.0,0.0,0.0,-0.008672977459787123,-0.008710806615224725,0.052363207498001385,0.23905589282543402
2014-07-11 00:00:00-04:00,22.770000457763672,22.780000686645508,22.440000534057617,22.520000457763672,7500,0.0,0.0,0.0,-0.014873147135172404,-0.014984861467734539,0.06609741175111394,0.2385700447572455
2014-07-14 00:00:00-04:00,22.649999618530273,22.809999465942383,22.649999618530273,22.75,17200,0.0,0.0,0.0,0.010213123337527996,0.010161321798486308,0.16066281440741126,0.23401061220692965
2014-07-15 00:00:00-04:00,22.56999969482422,22.739999771118164,22.459999084472656,22.739999771118164,11700,0.0,0.0,0.0,-0.00043957050030052347,-0.00043966713973382437,0.16472148244617793,0.23466542028909948
2014-07-16 00:00:00-04:00,23.1299991607666,23.1299991607666,22.93000030517578,23.059999465942383,15100,0.0,0.0,0.0,0.014072106334435786,0.013974013424206759,0.19425014379722735,0.24415166948252515
2014-07-17 00:00:00-04:00,23.34000015258789,23.34000015258789,22.8700008392334,22.8799991607666,6200,0.0,0.0,0.0,-0.007805737612510577,-0.007836361849617217,0.1918769469883676,0.24217456248483693
2014-07-18 00:00:00-04:00,22.84000015258789,23.010000228881836,22.75,22.75,1900,0.0,0.0,0.0,-0.005681781710443312,-0.005697984434855674,0.1535564823078083,0.23592993577992055
2014-07-21 00:00:00-04:00,22.420000076293945,22.950000762939453,22.34000015258789,22.540000915527344,7300,0.0,0.0,0.0,-0.009230728987809078,-0.00927359616743544,0.15062513747729508,0.23440222781590267
2014-07-22 00:00:00-04:00,22.309999465942383,22.670000076293945,22.200000762939453,22.200000762939453,9900,0.0,0.0,0.0,-0.015084300744356738,-0.015199225984648792,0.17594084242454586,0.23079313174199753
2014-07-23 00:00:00-04:00,22.309999465942383,22.559999465942383,22.309999465942383,22.530000686645508,4900,0.0,0.0,0.0,0.014864860917345402,0.014755461676219694,0.1812913370728673,0.24245556324944284
2014-07-24 00:00:00-04:00,22.829999923706055,22.829999923706055,22.59000015258789,22.670000076293945,9700,0.0,0.0,0.0,0.006213909692928787,0.006194682963757309,0.19258199035258358,0.24471772260736285
2014-07-25 00:00:00-04:00,22.5,23.020000457763672,22.350000381469727,23.020000457763672,8900,0.0,0.0,0.0,0.015438922818342693,0.015320955294360892,0.22180309068414156,0.25046327475510827
2014-07-28 00:00:00-04:00,23.239999771118164,23.549999237060547,22.81999969482422,23.079999923706055,7300,0.0,0.0,0.0,0.0026064059404546924,0.0026030151550556764,0.19710683531315307,0.25028252799727985
2014-07-29 00:00:00-04:00,22.799999237060547,22.829999923706055,22.75,22.780000686645508,7200,0.0,0.0,0.0,-0.012998233884412236,-0.013083450172761201,0.18396156987865395,0.16472049026978608
2014-07-30 00:00:00-04:00,22.6299991607666,22.719999313354492,22.549999237060547,22.579999923706055,4000,0.0,0.0,0.0,-0.008779664482481797,-0.008818432818819858,0.18248289621465358,0.16187449728770997
2014-07-31 00:00:00-04:00,22.610000610351562,22.68000030517578,22.579999923706055,22.670000076293945,4600,0.0,0.0,0.0,0.003985834937643373,0.003977912542164582,0.17873179075269646,0.16278115217483985
2014-08-01 00:00:00-04:00,22.719999313354492,22.719999313354492,22.139999389648438,22.18000030517578,9200,0.0,0.0,0.0,-0.021614458291535632,-0.021851472203578866,0.1711673784237387,0.17548152284483312
2014-08-04 00:00:00-04:00,22.530000686645508,22.6200008392334,22.450000762939453,22.600000381469727,4000,0.0,0.0,0.0,0.01893598153810383,0.01875892747615828,0.25148335459976967,0.1922693429055445
2014-08-05 00:00:00-04:00,23.030000686645508,23.030000686645508,22.18000030517578,22.209999084472656,10400,0.0,0.0,0.0,-0.017256694266113426,-0.01740732647249849,0.2625557215860527,0.19777683313481756
2014-08-06 00:00:00-04:00,22.329999923706055,22.459999084472656,22.329999923706055,22.43000030517578,4900,0.0,0.0,0.0,0.009905503366586466,0.009856765452880816,0.2783985447297614,0.19810222013103332
2014-08-07 00:00:00-04:00,22.469999313354492,22.489999771118164,22.40999984741211,22.469999313354492,4800,0.0,0.0,0.0,0.0017832816600309442,0.0017816935011009218,0.2762401809112706,0.19641756289964185
2014-08-08 00:00:00-04:00,22.5,22.540000915527344,22.5,22.540000915527344,900,0.0,0.0,0.0,0.0031153361954598946,0.0031104935906092436,0.21194530290060348,0.18956708593478674
2014-08-11 00:00:00-04:00,22.290000915527344,22.670000076293945,22.290000915527344,22.350000381469727,3700,0.0,0.0,0.0,-0.008429482091401819,-0.008465211101949638,0.16952500047355692,0.18793527177854633
2014-08-12 00:00:00-04:00,22.25,22.25,21.889999389648438,22.100000381469727,4800,0.0,0.0,0.0,-0.0111856821357047,-0.011248712342793786,0.13806050370585068,0.19148440856426097
2014-08-13 00:00:00-04:00,22.06999969482422,22.06999969482422,21.8700008392334,21.90999984741211,2000,0.0,0.0,0.0,-0.008597309084977578,-0.008634479141709017,0.10478005519318402,0.1840196505071048
2014-08-14 00:00:00-04:00,21.860000610351562,22.100000381469727,21.860000610351562,22.0,1600,0.0,0.0,0.0,0.004107720365799983,0.004099306715244204,0.11462585749339989,0.18431466960144652
2014-08-15 00:00:00-04:00,22.100000381469727,22.100000381469727,21.90999984741211,21.950000762939453,2100,0.0,0.0,0.0,-0.002272692593661252,-0.0022752790790744855,0.09817005011882905,0.18378219444721194
2014-08-18 00:00:00-04:00,21.920000076293945,22.09000015258789,21.920000076293945,21.989999771118164,5300,0.0,0.0,0.0,0.0018222782135954851,0.0018206198789773385,0.10421250479122615,0.18197376958773145
2014-08-19 00:00:00-04:00,21.8700008392334,21.899999618530273,21.829999923706055,21.8700008392334,2800,0.0,0.0,0.0,-0.005456977404900809,-0.005471921095816609,0.08226919910670212,0.175297979009838
2014-08-20 00:00:00-04:00,21.950000762939453,21.950000762939453,21.649999618530273,21.700000762939453,6000,0.0,0.0,0.0,-0.007773208494303074,-0.007803577357488796,0.07826654112124586,0.1668698797439961
2014-08-21 00:00:00-04:00,21.690000534057617,21.84000015258789,21.690000534057617,21.729999542236328,6100,0.0,0.0,0.0,0.001382432177058135,0.0013814774974479733,0.06657332792784795,0.16465032346638034
2014-08-22 00:00:00-04:00,22.0,22.0,21.729999542236328,21.770000457763672,2500,0.0,0.0,0.0,0.0018408152954441093,0.0018391230713645265,0.07336017744582547,0.1520727615831623
2014-08-25 00:00:00-04:00,21.690000534057617,21.690000534057617,21.420000076293945,21.5,13900,0.0,0.0,0.0,-0.012402409374657752,-0.012479961140108912,0.09684916026509656,0.15438371714960683
2014-08-26 00:00:00-04:00,21.5,21.540000915527344,21.329999923706055,21.540000915527344,4700,0.0,0.0,0.0,0.00186050769894619,0.001858779098215161,0.10573270550549256,0.1512291854745795
2014-08-27 00:00:00-04:00,21.59000015258789,21.59000015258789,21.40999984741211,21.40999984741211,3000,0.0,0.0,0.0,-0.006035332525056725,-0.006053618757185791,0.1014418357227485,0.15008772504663787
2014-08-28 00:00:00-04:00,21.43000030517578,21.59000015258789,21.389999389648438,21.520000457763672,12200,0.0,0.0,0.0,0.005137814625667092,0.005124661090483119,0.1136623590452562,0.15081355832233345
2014-08-29 00:00:00-04:00,21.5,21.5,21.350000381469727,21.43000030517578,2600,0.0,0.0,0.0,-0.004182163135383332,-0.004190932839056945,0.10905779516465734,0.1332706318633754
2014-09-02 00:00:00-04:00,21.469999313354492,21.6200008392334,21.469999313354492,21.59000015258789,3300,0.0,0.0,0.0,0.007466161695455886,0.007438427868169617,0.09253304409472711,0.11465032118203343
2014-09-03 00:00:00-04:00,21.520000457763672,21.520000457763672,21.139999389648438,21.34000015258789,7600,0.0,0.0,0.0,-0.011579434841737735,-0.011646998570311944,0.1263090376918112,0.10626444020165628
2014-09-04 00:00:00-04:00,21.34000015258789,21.34000015258789,20.979999542236328,21.010000228881836,5100,0.0,0.0,0.0,-0.015463913840039756,-0.015584727273073725,0.1594370530827699,0.10680240894932146
2014-09-05 00:00:00-04:00,21.110000610351562,21.34000015258789,21.030000686645508,21.290000915527344,4800,0.0,0.0,0.0,0.01332701968563521,0.01323899615722423,0.1947933349584376,0.12093366152341688
2014-09-08 00:00:00-04:00,21.360000610351562,21.360000610351562,21.09000015258789,21.09000015258789,1800,0.0,0.0,0.0,-0.009394117160116622,-0.009438520182314945,0.20171710296278164,0.1211539717529343
2014-09-09 00:00:00-04:00,20.889999389648438,20.940000534057617,20.719999313354492,20.75,4700,0.0,0.0,0.0,-0.016121391660880113,-0.016252755049058435,0.19298248888652775,0.12834381252514437
2014-09-10 00:00:00-04:00,20.649999618530273,20.8799991607666,20.649999618530273,20.780000686645508,3200,0.0,0.0,0.0,0.0014458162238799588,0.001444772037949477,0.1991640547198165,0.12635772466265724
2014-09-11 00:00:00-04:00,20.65999984741211,20.709999084472656,20.299999237060547,20.489999771118164,5500,0.0,0.0,0.0,-0.01395577025720296,-0.014054067634265019,0.1945209379200623,0.13083328621358756
2014-09-12 00:00:00-04:00,20.520000457763672,20.559999465942383,20.459999084472656,20.5,1200,0.0,0.0,0.0,0.00048805412364782974,0.00048793506397082733,0.12882566599720036,0.128724457667738
2014-09-15 00:00:00-04:00,20.600000381469727,20.719999313354492,20.510000228881836,20.56999969482422,6800,0.0,0.0,0.0,0.003414619259717977,0.003408802684539099,0.1477160172822845,0.13100262739312155
2014-09-16 00:00:00-04:00,20.600000381469727,20.65999984741211,20.459999084472656,20.559999465942383,5700,0.0,0.0,0.0,-0.00048615600535728554,-0.00048627421750264017,0.11011061450750112,0.13007977553941183
2014-09-17 00:00:00-04:00,20.489999771118164,20.559999465942383,20.489999771118164,20.559999465942383,1900,0.0,0.0,0.0,0.0,0.0,0.10786565213805835,0.13033517441206763
2014-09-18 00:00:00-04:00,21.489999771118164,21.8700008392334,20.309999465942383,20.389999389648438,4100,0.0,0.0,0.0,-0.008268486415845988,-0.008302859958903331,0.06910140456551024,0.13058476698189472
2014-09-19 00:00:00-04:00,20.299999237060547,20.299999237060547,20.040000915527344,20.049999237060547,5000,0.0,0.0,0.0,-0.016674848590750857,-0.016815438951761207,0.12832443449832553,0.13793152194492514
2014-09-22 00:00:00-04:00,20.139999389648438,20.139999389648438,19.540000915527344,19.59000015258789,6600,0.0,0.0,0.0,-0.022942598602317732,-0.023209875955214624,0.1597431878785091,0.15145336114587776
2014-09-23 00:00:00-04:00,19.389999389648438,19.670000076293945,19.389999389648438,19.670000076293945,4600,0.0,0.0,0.0,0.004083712255381844,0.004075396534143644,0.17849665769421716,0.15238434857725114
2014-09-24 00:00:00-04:00,19.670000076293945,19.709999084472656,19.59000015258789,19.6200008392334,3900,0.0,0.0,0.0,-0.002541903246904731,-0.002545139368064179,0.17140860977192418,0.1507806032802644
2014-09-25 00:00:00-04:00,19.520000457763672,19.520000457763672,19.389999389648438,19.420000076293945,3800,0.0,0.0,0.0,-0.01019371836822347,-0.010246030119793019,0.17124560921261095,0.15201788725364082
2014-09-26 00:00:00-04:00,19.260000228881836,19.260000228881836,19.149999618530273,19.170000076293945,1900,0.0,0.0,0.0,-0.012873326416984687,-0.012956905754391642,0.1633720519014349,0.1497944231731979
2014-09-29 00:00:00-04:00,19.149999618530273,19.440000534057617,19.06999969482422,19.43000030517578,4100,0.0,0.0,0.0,0.013562870518887271,0.013471718058355944,0.17098179029510205,0.16471504381631985
2014-09-30 00:00:00-04:00,19.06999969482422,19.229999542236328,19.06999969482422,19.139999389648438,3900,0.0,0.0,0.0,-0.014925420019169633,-0.015037924959759304,0.18398735806128005,0.16168418789789935
2014-10-01 00:00:00-04:00,19.149999618530273,19.31999969482422,19.079999923706055,19.229999542236328,11700,0.0,0.0,0.0,0.004702202479513362,0.004691181660013551,0.19773653610823552,0.16447724124053026
2014-10-02 00:00:00-04:00,19.450000762939453,19.489999771118164,19.219999313354492,19.479999542236328,3900,0.0,0.0,0.0,0.01300052033027388,0.012916738919202048,0.21898228876901463,0.17165984305073356
2014-10-03 00:00:00-04:00,19.3700008392334,19.3700008392334,19.06999969482422,19.079999923706055,8500,0.0,0.0,0.0,-0.020533861803384457,-0.020747612693720944,0.25299378202090944,0.16912762765207623
2014-10-06 00:00:00-04:00,19.34000015258789,19.739999771118164,19.329999923706055,19.739999771118164,4300,0.0,0.0,0.0,0.03459118710960207,0.03400636038900493,0.3527751031701924,0.21984932818231634
2014-10-07 00:00:00-04:00,21.25,21.25,19.65999984741211,19.770000457763672,12500,0.0,0.0,0.0,0.0015197916410010226,0.0015186379264741983,0.3165078075966231,0.21497371673135526
2014-10-08 00:00:00-04:00,19.75,19.75,19.489999771118164,19.649999618530273,10800,0.0,0.0,0.0,-0.006069845040710398,-0.006088341434932774,0.3296623429047594,0.21487852634164936
2014-10-09 00:00:00-04:00,20.0,20.0,19.719999313354492,19.790000915527344,5200,0.0,0.0,0.0,0.007124748077096399,0.007099486974540224,0.3226842445361631,0.21326240906425198
2014-10-10 00:00:00-04:00,19.579999923706055,19.93000030517578,19.34000015258789,19.3700008392334,11800,0.0,0.0,0.0,-0.021222842691452914,-0.021451285131235998,0.32591470347336265,0.22402690853005328
2014-10-13 00:00:00-04:00,19.399999618530273,19.850000381469727,19.389999389648438,19.760000228881836,7500,0.0,0.0,0.0,0.020134195805428412,0.019934183157453805,0.24403255290116593,0.23756780694932284
2014-10-14 00:00:00-04:00,20.030000686645508,20.270000457763672,19.799999237060547,20.200000762939453,29800,0.0,0.0,0.0,0.02226723324701685,0.022022938273627717,0.2905906619544175,0.25261720879938965
2014-10-15 00:00:00-04:00,20.200000762939453,20.440000534057617,19.8700008392334,19.8799991607666,13000,0.0,0.0,0.0,-0.015841662875575313,-0.01596848316297078,0.31969365465200905,0.25817996004348825
2014-10-16 00:00:00-04:00,20.0,20.219999313354492,19.90999984741211,20.219999313354492,16700,0.0,0.0,0.0,0.017102624091598795,0.016958020620128012,0.3362226709202791,0.2650458552478889
2014-10-17 00:00:00-04:00,20.049999237060547,20.079999923706055,19.8799991607666,19.8799991607666,6800,0.0,0.0,0.0,-0.016815042736590735,-0.01695802062012803,0.3158252389194438,0.2651612686749247
2014-10-20 00:00:00-04:00,19.760000228881836,19.770000457763672,19.579999923706055,19.770000457763672,7000,0.0,0.0,0.0,-0.005533134187450717,-0.005548498676482227,0.2918892578437295,0.25232894258292343
2014-10-21 00:00:00-04:00,19.950000762939453,20.15999984741211,19.899999618530273,20.15999984741211,5300,0.0,0.0,0.0,0.01972682754770938,0.019534775297338998,0.2801296171493458,0.2611673101541956
2014-10-22 00:00:00-04:00,20.350000381469727,20.3700008392334,20.020000457763672,20.079999923706055,13100,0.0,0.0,0.0,-0.003968250213867153,-0.003976144610294895,0.24956965371563306,0.2614987464857646
2014-10-23 00:00:00-04:00,22.219999313354492,22.469999313354492,20.1299991607666,20.649999618530273,196600,0.0,0.0,0.0,0.028386439093124105,0.027991009909902168,0.3000476687726709,0.27456470224475077
2014-10-24 00:00:00-04:00,20.670000076293945,20.68000030517578,20.25,20.280000686645508,67700,0.0,0.0,0.0,-0.01791762415107978,-0.018080088352689785,0.3050107122127819,0.279032870166666
2014-10-27 00:00:00-04:00,20.25,20.81999969482422,20.100000381469727,20.809999465942383,24100,0.0,0.0,0.0,0.02613406121065287,0.025798402160792423,0.324008263131718,0.2887642228587997
2014-10-28 00:00:00-04:00,21.010000228881836,21.010000228881836,20.75,20.780000686645508,30300,0.0,0.0,0.0,-0.0014415559859081162,-0.0014425960273772044,0.3207518761654129,0.28116184761862
2014-10-29 00:00:00-04:00,20.889999389648438,21.510000228881836,20.889999389648438,21.510000228881836,27200,0.0,0.0,0.0,0.035129909437658036,0.03452693520569954,0.3600607817072027,0.30177584484294856
2014-10-30 00:00:00-04:00,21.299999237060547,21.299999237060547,21.079999923706055,21.110000610351562,19000,0.0,0.0,0.0,-0.01859598392719619,-0.018771063147215862,0.39506237744333234,0.3124151314146144
2014-10-31 00:00:00-04:00,21.030000686645508,21.489999771118164,20.860000610351562,21.3700008392334,30100,0.0,0.0,0.0,0.012316448193485208,0.012241217829482676,0.34077685478905634,0.2993988361266342
2014-11-03 00:00:00-05:00,21.299999237060547,21.299999237060547,21.059999465942383,21.1200008392334,41500,0.0,0.0,0.0,-0.011698642497992906,-0.011767610028133237,0.3387255502146202,0.2852169652664432
2014-11-04 00:00:00-05:00,20.860000610351562,20.8799991607666,20.6200008392334,20.709999084472656,34400,0.0,0.0,0.0,-0.0194129611017394,-0.019603867374015982,0.37602104595697067,0.2966307736389458
2014-11-05 00:00:00-05:00,20.940000534057617,20.940000534057617,20.450000762939453,20.920000076293945,23500,0.0,0.0,0.0,0.010140077310710094,0.010089011643186438,0.24663334275780854,0.29600652344506195
2014-11-06 00:00:00-05:00,20.81999969482422,21.209999084472656,20.81999969482422,21.049999237060547,18300,0.0,0.0,0.0,0.006214109000597601,0.006194881040574926,0.22529232820930362,0.2958681097444223
2014-11-07 00:00:00-05:00,21.030000686645508,21.290000915527344,20.90999984741211,21.290000915527344,51200,0.0,0.0,0.0,0.011401505328525241,0.01133699802384547,0.22208707531877345,0.2824275559640268
2014-11-10 00:00:00-05:00,21.450000762939453,21.510000228881836,20.920000076293945,20.969999313354492,30200,0.0,0.0,0.0,-0.015030605373974715,-0.015144709738435147,0.23347770277593044,0.2848210254037639
2014-11-11 00:00:00-05:00,21.0,21.829999923706055,20.979999542236328,21.739999771118164,16700,0.0,0.0,0.0,0.03671914558782596,0.0360610589952746,0.29235600857775695,0.3018140020730945
2014-11-12 00:00:00-05:00,21.950000762939453,22.1200008392334,21.389999389648438,21.459999084472656,33900,0.0,0.0,0.0,-0.012879516540634572,-0.012963176624406903,0.3338418697177716,0.2994243101392872
2014-11-13 00:00:00-05:00,21.5,21.84000015258789,21.459999084472656,21.639999389648438,23500,0.0,0.0,0.0,0.008387712621386934,0.008352731232981655,0.3345788249602331,0.295943634410039
2014-11-14 00:00:00-05:00,21.5,21.5,20.940000534057617,21.030000686645508,28500,0.0,0.0,0.0,-0.028188480601100463,-0.02859340340812566,0.4032310277097701,0.3088049784872153
2014-11-17 00:00:00-05:00,21.040000915527344,21.290000915527344,20.81999969482422,21.229999542236328,22500,0.0,0.0,0.0,0.00951016876180244,0.009465231787681803,0.39149653792229383,0.3079107355409742
2014-11-18 00:00:00-05:00,21.290000915527344,21.290000915527344,20.969999313354492,20.969999313354492,9900,0.0,0.0,0.0,-0.012246831582100381,-0.01232244198340541,0.2535430594579782,0.3068170425036757
2014-11-19 00:00:00-05:00,20.790000915527344,20.790000915527344,20.579999923706055,20.600000381469727,14700,0.0,0.0,0.0,-0.01764420333810579,-0.017801717856162382,0.2625033026588727,0.3141848012559878
2014-11-20 00:00:00-05:00,20.59000015258789,20.950000762939453,20.59000015258789,20.950000762939453,10800,0.0,0.0,0.0,0.01699030946545821,0.016847588471820683,0.30073290895773686,0.30366089646371985
2014-11-21 00:00:00-05:00,20.969999313354492,21.239999771118164,20.920000076293945,21.239999771118164,15300,0.0,0.0,0.0,0.013842434253831692,0.013747502812453414,0.25227252239306236,0.29844750437031775
2014-11-24 00:00:00-05:00,21.040000915527344,21.200000762939453,20.989999771118164,21.139999389648438,26100,0.0,0.0,0.0,-0.004708115939139779,-0.0047192340275468096,0.24604406527253914,0.2858432803698495
2014-11-25 00:00:00-05:00,21.329999923706055,21.450000762939453,21.280000686645508,21.360000610351562,12300,0.0,0.0,0.0,0.010406869775542837,0.010353091096294852,0.23150737428000798,0.2876224011837562
2014-11-26 00:00:00-05:00,21.389999389648438,21.389999389648438,21.200000762939453,21.329999923706055,6500,0.0,0.0,0.0,-0.0014045264882140973,-0.0014055137600834195,0.15183715157559158,0.2588142031178246
2014-11-28 00:00:00-05:00,21.479999542236328,21.479999542236328,20.700000762939453,20.729999542236328,16600,0.0,0.0,0.0,-0.028129413202805043,-0.028532624540917585,0.26269167144365324,0.26973741745299323
2014-12-01 00:00:00-05:00,20.700000762939453,20.84000015258789,20.649999618530273,20.81999969482422,12400,0.0,0.0,0.0,0.004341541465281651,0.004332144163500026,0.23365129726031497,0.2660659667487436
2014-12-02 00:00:00-05:00,20.799999237060547,20.84000015258789,20.350000381469727,20.360000610351562,25100,0.0,0.0,0.0,-0.0220940966001556,-0.022341826868708094,0.26758274286699135,0.27396382088468585
2014-12-03 00:00:00-05:00,20.299999237060547,20.469999313354492,19.969999313354492,20.469999313354492,34600,0.0,0.0,0.0,0.005402686626001518,0.005388144468909856,0.2482943814412046,0.26673678170462295
2014-12-04 00:00:00-05:00,20.510000228881836,20.729999542236328,20.3799991607666,20.610000610351562,12900,0.0,0.0,0.0,0.006839340581009878,0.006816058387501918,0.26891932295077847,0.26525212875836945
2014-12-05 00:00:00-05:00,20.610000610351562,21.190000534057617,20.610000610351562,21.149999618530273,18900,0.0,0.0,0.0,0.026200824463221473,0.02586346293918506,0.27309566219814063,0.2810904089440994
2014-12-08 00:00:00-05:00,21.200000762939453,21.3799991607666,21.1299991607666,21.209999084472656,10800,0.0,0.0,0.0,0.0028368542328396362,0.0028328379558058294,0.2732339148524395,0.2782686369923389
2014-12-09 00:00:00-05:00,21.25,21.3700008392334,21.209999084472656,21.31999969482422,7700,0.0,0.0,0.0,0.005186261909463807,0.005172859571883784,0.15176075734258804,0.27303015498445243
2014-12-10 00:00:00-05:00,21.31999969482422,21.31999969482422,20.959999084472656,21.049999237060547,10500,0.0,0.0,0.0,-0.012664186755557028,-0.01274506109934747,0.21986118176403022,0.24174645508718073
2014-12-11 00:00:00-05:00,21.010000228881836,21.239999771118164,20.989999771118164,21.190000534057617,6900,0.0,0.0,0.0,0.006650893210037978,0.006628873599257553,0.21980263183486987,0.23948369810213066
2014-12-12 00:00:00-05:00,21.389999389648438,21.420000076293945,21.079999923706055,21.270000457763672,15900,0.0,0.0,0.0,0.0037753620429350487,0.0037682532502170832,0.1247742244703802,0.23776065881792172
2014-12-15 00:00:00-05:00,21.290000915527344,21.290000915527344,21.06999969482422,21.06999969482422,7900,0.0,0.0,0.0,-0.009402950570527646,-0.009447437401512642,0.14327781815929755,0.2174997190164556
2014-12-16 00:00:00-05:00,21.0,21.079999923706055,20.8700008392334,20.8700008392334,3700,0.0,0.0,0.0,-0.0094921147834639,-0.009537452030659373,0.13931279811640696,0.21715224993051305
2014-12-17 00:00:00-05:00,20.84000015258789,21.06999969482422,20.760000228881836,21.0,14400,0.0,0.0,0.0,0.006228996432152467,0.006209676421885283,0.13157671457144118,0.21407781856378583
2014-12-18 00:00:00-05:00,21.18000030517578,21.229999542236328,21.059999465942383,21.139999389648438,14200,0.0,0.0,0.0,0.006666637602306569,0.00664451384678727,0.13163026617999218,0.20444022345181462
2014-12-19 00:00:00-05:00,21.06999969482422,21.110000610351562,20.920000076293945,21.110000610351562,10000,0.0,0.0,0.0,-0.0014190529878427283,-0.0014200607970698428,0.1261916306428363,0.19606094655725487
2014-12-22 00:00:00-05:00,21.200000762939453,21.290000915527344,21.010000228881836,21.200000762939453,8700,0.0,0.0,0.0,0.004263389388238892,0.004254326892535757,0.10817046125219358,0.19024691530639917
2014-12-23 00:00:00-05:00,21.149999618530273,21.389999389648438,21.149999618530273,21.170000076293945,7400,0.0,0.0,0.0,-0.0014151266776345484,-0.0014161289150315978,0.06369467391979738,0.18952970944402106
2014-12-24 00:00:00-05:00,21.1299991607666,21.1299991607666,21.010000228881836,21.010000228881836,700,0.0,0.0,0.0,-0.007557857668185619,-0.007586562999788115,0.08827859599921087,0.18733620366488382
2014-12-26 00:00:00-05:00,21.190000534057617,21.399999618530273,21.1299991607666,21.399999618530273,17300,0.0,0.0,0.0,0.018562559990471517,0.01839237845126113,0.15734236034136304,0.19944058358168365
2014-12-29 00:00:00-05:00,21.459999084472656,21.6200008392334,21.209999084472656,21.290000915527344,12300,0.0,0.0,0.0,-0.005140126400174361,-0.005153382294036799,0.16518398139951365,0.17069289764414927
2014-12-30 00:00:00-05:00,21.260000228881836,21.360000610351562,21.15999984741211,21.15999984741211,7000,0.0,0.0,0.0,-0.0061062030307580395,-0.006124922129129987,0.17149797344075848,0.17231661038125964
2014-12-31 00:00:00-05:00,21.010000228881836,21.049999237060547,20.75,20.760000228881836,24100,0.0,0.0,0.0,-0.018903573790866268,-0.01908453045612624,0.21728858833359757,0.16696732804609282
2015-01-02 00:00:00-05:00,20.65999984741211,20.68000030517578,20.450000762939453,20.450000762939453,23000,0.0,0.0,0.0,-0.014932536730471901,-0.015045149526461672,0.23112817310877842,0.17529230426288644
2015-01-05 00:00:00-05:00,20.649999618530273,21.219999313354492,20.649999618530273,21.170000076293945,11800,0.0,0.0,0.0,0.03520778907056621,0.03460216895428174,0.3426944692114185,0.21449354386077096
2015-01-06 00:00:00-05:00,21.479999542236328,21.479999542236328,21.18000030517578,21.3700008392334,14200,0.0,0.0,0.0,0.009447367133617268,0.009403019851978485,0.34978087195351804,0.1963020216490427
2015-01-07 00:00:00-05:00,21.399999618530273,21.420000076293945,21.229999542236328,21.299999237060547,10400,0.0,0.0,0.0,-0.003275694872427626,-0.0032810717059978756,0.34675142340757803,0.1965728525774605
2015-01-08 00:00:00-05:00,21.40999984741211,21.40999984741211,21.110000610351562,21.139999389648438,11400,0.0,0.0,0.0,-0.007511730194512012,-0.007540085326414928,0.3122146615562587,0.19753800005305003
2015-01-09 00:00:00-05:00,21.110000610351562,21.25,21.110000610351562,21.190000534057617,28500,0.0,0.0,0.0,0.0023652386874553066,0.0023624459132824413,0.267878046792786,0.19224566383031838
2015-01-12 00:00:00-05:00,21.18000030517578,21.18000030517578,20.549999237060547,20.549999237060547,28200,0.0,0.0,0.0,-0.03020298635521168,-0.030668493667257296,0.23864022648186275,0.2190011729881296
2015-01-13 00:00:00-05:00,20.65999984741211,20.729999542236328,20.31999969482422,20.399999618530273,32800,0.0,0.0,0.0,-0.007299251780981009,-0.007326021665561298,0.19706773036383954,0.21902997693135254
2015-01-14 00:00:00-05:00,20.350000381469727,20.520000457763672,20.170000076293945,20.489999771118164,24200,0.0,0.0,0.0,0.004411772268178904,0.004402068929717674,0.21803199648408778,0.21832187772812306
2015-01-15 00:00:00-05:00,20.549999237060547,20.549999237060547,20.020000457763672,20.09000015258789,17300,0.0,0.0,0.0,-0.019521699511880763,-0.019714764658332707,0.2336714041584493,0.22607529787904912
2015-01-16 00:00:00-05:00,20.0,20.149999618530273,19.969999313354492,20.06999969482422,14200,0.0,0.0,0.0,-0.0009955429373700309,-0.0009960388193819795,0.2234155496840536,0.22411545785138753
2015-01-20 00:00:00-05:00,19.959999084472656,19.969999313354492,19.729999542236328,19.899999618530273,41300,0.0,0.0,0.0,-0.008470357692022534,-0.0085064350415635,0.14273237093880065,0.22263752181512675
2015-01-21 00:00:00-05:00,19.260000228881836,20.309999465942383,19.260000228881836,19.90999984741211,16500,0.0,0.0,0.0,0.0005025240740468284,0.0005023978511092697,0.15010568384491926,0.22291419093298545
2015-01-22 00:00:00-05:00,20.020000457763672,20.020000457763672,19.799999237060547,19.799999237060547,5700,0.0,0.0,0.0,-0.005524892576323159,-0.00554021124402969,0.1263186450848084,0.22148709571844324
2015-01-23 00:00:00-05:00,19.670000076293945,19.850000381469727,19.649999618530273,19.719999313354492,13100,0.0,0.0,0.0,-0.004040400342860351,-0.0040485848134563344,0.056781913068442276,0.22138396173975788
2015-01-26 00:00:00-05:00,19.829999923706055,19.8799991607666,19.739999771118164,19.8799991607666,2700,0.0,0.0,0.0,0.008113582808481956,0.008080844658730553,0.10255147956905042,0.22449361884016014
2015-01-27 00:00:00-05:00,19.979999542236328,19.979999542236328,19.770000457763672,19.770000457763672,12000,0.0,0.0,0.0,-0.005533134187450717,-0.005548498676482227,0.09227156125055197,0.21010593554332643
2015-01-28 00:00:00-05:00,19.770000457763672,19.850000381469727,19.649999618530273,19.68000030517578,9600,0.0,0.0,0.0,-0.004552359661304295,-0.004562753205978466,0.09303790134020556,0.21006918348200915
2015-01-29 00:00:00-05:00,19.5,19.780000686645508,19.299999237060547,19.6299991607666,7600,0.0,0.0,0.0,-0.002540708517978496,-0.0025439415952307966,0.08885435241741688,0.20994049341543414
2015-01-30 00:00:00-05:00,19.670000076293945,19.670000076293945,19.3799991607666,19.489999771118164,9600,0.0,0.0,0.0,-0.007131910118888141,-0.007157463759858877,0.09635515901340108,0.20263751213248501
2015-02-02 00:00:00-05:00,19.5,19.549999237060547,19.43000030517578,19.489999771118164,5200,0.0,0.0,0.0,0.0,0.0,0.04389401345803302,0.19792520642496692
2015-02-03 00:00:00-05:00,19.690000534057617,20.219999313354492,19.690000534057617,19.920000076293945,15800,0.0,0.0,0.0,0.022062612120344438,0.021822754210552544,0.18657046335997476,0.16811684702617835
2015-02-04 00:00:00-05:00,19.770000457763672,19.770000457763672,19.649999618530273,19.690000534057617,8600,0.0,0.0,0.0,-0.011546161714629855,-0.011613336212143856,0.20655925788700977,0.16399136904917927
2015-02-05 00:00:00-05:00,19.850000381469727,19.920000076293945,19.84000015258789,19.920000076293945,3200,0.0,0.0,0.0,0.011681032808429803,0.011613336212143777,0.2191011449350067,0.1732423481099441
2015-02-06 00:00:00-05:00,19.84000015258789,19.8700008392334,19.68000030517578,19.719999313354492,84800,0.0,0.0,0.0,-0.010040198904289532,-0.010090941631732705,0.22836197039580206,0.17428953066050373
2015-02-09 00:00:00-05:00,19.700000762939453,19.899999618530273,19.700000762939453,19.809999465942383,28400,0.0,0.0,0.0,0.004563902419963073,0.00455351939673099,0.22759782085120117,0.17542736317953092
2015-02-10 00:00:00-05:00,19.790000915527344,19.920000076293945,19.360000610351562,19.600000381469727,25200,0.0,0.0,0.0,-0.01060066078415045,-0.010657248052255442,0.16892355467788772,0.14706816791208346
2015-02-11 00:00:00-05:00,19.579999923706055,19.760000228881836,19.579999923706055,19.739999771118164,5300,0.0,0.0,0.0,0.0071428258634522734,0.007117436711298379,0.16265875578766156,0.149501609361501
2015-02-12 00:00:00-05:00,19.790000915527344,19.860000610351562,19.670000076293945,19.829999923706055,18700,0.0,0.0,0.0,0.004559278299464342,0.004548916273793468,0.13793200855604484,0.14958118876841212
2015-02-13 00:00:00-05:00,19.969999313354492,20.1299991607666,19.950000762939453,20.030000686645508,26000,0.0,0.0,0.0,0.010085767206703844,0.010035245274276029,0.12727192574145182,0.13906621312406153
2015-02-17 00:00:00-05:00,20.059999465942383,20.360000610351562,20.059999465942383,20.360000610351562,16900,0.0,0.0,0.0,0.01647528269562537,0.016341037701715737,0.15959524771835176,0.1509185707490179
2015-02-18 00:00:00-05:00,20.329999923706055,20.329999923706055,20.030000686645508,20.09000015258789,9200,0.0,0.0,0.0,-0.013261318746051298,-0.01335003523823701,0.17673697118226134,0.15568789043701237
2015-02-19 00:00:00-05:00,20.100000381469727,20.469999313354492,20.100000381469727,20.280000686645508,9400,0.0,0.0,0.0,0.009457468024615334,0.009413026159182518,0.1792507060947278,0.15888610994422506
2015-02-20 00:00:00-05:00,20.18000030517578,20.219999313354492,20.139999389648438,20.139999389648438,17200,0.0,0.0,0.0,-0.006903416777952143,-0.006927355596265827,0.2001467300903904,0.15970655925688726
2015-02-23 00:00:00-05:00,20.360000610351562,20.360000610351562,20.030000686645508,20.149999618530273,24500,0.0,0.0,0.0,0.0004965357092798772,0.0004964124762159726,0.19062567632554908,0.15865378589979642
2015-02-24 00:00:00-05:00,20.290000915527344,20.700000762939453,20.290000915527344,20.489999771118164,24700,0.0,0.0,0.0,0.016873457023553584,0.016732681619200055,0.19263915731903522,0.16661775698776818
2015-02-25 00:00:00-05:00,20.450000762939453,20.479999542236328,20.239999771118164,20.239999771118164,5800,0.0,0.0,0.0,-0.012201073830776177,-0.01227611796951809,0.1876616469590395,0.171979870817068
2015-02-26 00:00:00-05:00,20.389999389648438,20.6299991607666,20.350000381469727,20.59000015258789,6000,0.0,0.0,0.0,0.01729250916144598,0.017144695339600988,0.21476161602768779,0.17955087345595366
2015-02-27 00:00:00-05:00,20.530000686645508,20.770000457763672,20.530000686645508,20.649999618530273,12300,0.0,0.0,0.0,0.002914009980463428,0.00290977248345676,0.1964476054205313,0.1786326699539846
2015-03-02 00:00:00-05:00,20.809999465942383,20.899999618530273,20.329999923706055,20.3799991607666,23300,0.0,0.0,0.0,-0.013075082941957361,-0.013161314318617313,0.23601739820203732,0.18408771935305102
2015-03-03 00:00:00-05:00,20.280000686645508,20.399999618530273,20.170000076293945,20.389999389648438,8700,0.0,0.0,0.0,0.0004906883853601496,0.0004905680371817453,0.19817619900459146,0.18401467372448937
2015-03-04 00:00:00-05:00,20.200000762939453,20.200000762939453,20.0,20.010000228881836,13900,0.0,0.0,0.0,-0.01863654596083597,-0.018812394618481016,0.22474881423023482,0.18281644661388358
2015-03-05 00:00:00-05:00,19.989999771118164,20.049999237060547,19.809999465942383,19.809999465942383,17900,0.0,0.0,0.0,-0.009995040512332354,-0.01004532628254669,0.14495075331538004,0.18156329068846222
2015-03-06 00:00:00-05:00,19.739999771118164,19.860000610351562,19.690000534057617,19.790000915527344,7800,0.0,0.0,0.0,-0.0010095179684088684,-0.0010100278748751842,0.12868166856740743,0.17659396931133536
2015-03-09 00:00:00-04:00,19.93000030517578,20.06999969482422,19.93000030517578,19.969999313354492,4100,0.0,0.0,0.0,0.009095421399698989,0.009054307167279436,0.16851814661150566,0.1756107498618294
2015-03-10 00:00:00-04:00,19.899999618530273,19.920000076293945,19.790000915527344,19.790000915527344,3900,0.0,0.0,0.0,-0.009013440361351321,-0.009054307167279315,0.16601222451724026,0.17823024645897542
2015-03-11 00:00:00-04:00,19.899999618530273,20.030000686645508,19.8799991607666,19.950000762939453,2700,0.0,0.0,0.0,0.008084883274895205,0.008052375701858027,0.14389074493508577,0.1758020421158228
2015-03-12 00:00:00-04:00,20.049999237060547,20.049999237060547,19.860000610351562,19.889999389648438,4300,0.0,0.0,0.0,-0.003007587518616961,-0.0030121193989235385,0.12192271698179431,0.17474380085491645
2015-03-13 00:00:00-04:00,19.760000228881836,19.760000228881836,19.59000015258789,19.59000015258789,3700,0.0,0.0,0.0,-0.015082918364325293,-0.015197822434007484,0.16765810432157285,0.1823413356533767
2015-03-16 00:00:00-04:00,19.559999465942383,19.670000076293945,19.5,19.540000915527344,33100,0.0,0.0,0.0,-0.002552283648346032,-0.0025555462768748153,0.13669532331918743,0.1780354927348903
2015-03-17 00:00:00-04:00,19.489999771118164,19.489999771118164,19.219999313354492,19.290000915527344,25600,0.0,0.0,0.0,-0.012794267568398077,-0.012876819089767164,0.1471212865803543,0.16966135150697323
2015-03-18 00:00:00-04:00,19.350000381469727,19.5,19.219999313354492,19.5,7300,0.0,0.0,0.0,0.010886421695481596,0.010827591190823306,0.16335234780238897,0.17125884532114014
2015-03-19 00:00:00-04:00,19.5,19.510000228881836,19.3799991607666,19.389999389648438,2700,0.0,0.0,0.0,-0.0056410569411057265,-0.005657027792787472,0.16289552868586885,0.1668527450631842
2015-03-20 00:00:00-04:00,19.530000686645508,19.68000030517578,19.520000457763672,19.559999465942383,13000,0.0,0.0,0.0,0.00876741009000237,0.008729199526198047,0.15815958348410764,0.17021842839791443
2015-03-23 00:00:00-04:00,19.719999313354492,19.899999618530273,19.719999313354492,19.780000686645508,10500,0.0,0.0,0.0,0.011247506478013314,0.011184723605584486,0.175038057603652,0.17599164010895643
2015-03-24 00:00:00-04:00,19.649999618530273,19.729999542236328,19.649999618530273,19.700000762939453,4800,0.0,0.0,0.0,-0.004044485385688912,-0.004052686436863174,0.13282643951631795,0.1632240989586308
2015-03-25 00:00:00-04:00,19.75,19.809999465942383,19.610000610351562,19.639999389648438,4900,0.0,0.0,0.0,-0.0030457548714359906,-0.0030504026224772124,0.12555412800863108,0.15874470927438517
2015-03-26 00:00:00-04:00,19.649999618530273,19.649999618530273,19.56999969482422,19.56999969482422,1400,0.0,0.0,0.0,-0.003564139358431584,-0.0035705060354324965,0.1188436540146663,0.14250715957921342
2015-03-27 00:00:00-04:00,19.559999465942383,19.559999465942383,19.440000534057617,19.440000534057617,3900,0.0,0.0,0.0,-0.006642777863761662,-0.00666493930953103,0.1127120293486493,0.14172825102910666
2015-03-30 00:00:00-04:00,19.450000762939453,19.6299991607666,19.450000762939453,19.5,3900,0.0,0.0,0.0,0.0030863921961969965,0.003081639065308729,0.05701618434564632,0.13801695773835074
2015-03-31 00:00:00-04:00,19.399999618530273,19.649999618530273,19.219999313354492,19.6299991607666,4600,0.0,0.0,0.0,0.006666623629056456,0.006644499966074741,0.08608403941751264,0.1412972824304833
2015-04-01 00:00:00-04:00,19.6299991607666,19.969999313354492,19.6299991607666,19.920000076293945,7300,0.0,0.0,0.0,0.014773353434825998,0.014665290450693558,0.13470946517649385,0.13842335367374306
2015-04-02 00:00:00-04:00,19.8700008392334,20.040000915527344,19.850000381469727,20.040000915527344,5400,0.0,0.0,0.0,0.006024138492660258,0.006006065915190656,0.1225329220254889,0.1350096119766538
2015-04-06 00:00:00-04:00,20.0,20.0,19.829999923706055,19.899999618530273,1700,0.0,0.0,0.0,-0.006986092345364847,-0.007010609340546654,0.12455700093003805,0.13760334981398176
2015-04-07 00:00:00-04:00,19.729999542236328,19.729999542236328,19.68000030517578,19.709999084472656,1000,0.0,0.0,0.0,-0.009547765713557865,-0.009593637846376417,0.16170531760476453,0.13773439316623176
2015-04-08 00:00:00-04:00,19.700000762939453,19.729999542236328,19.6200008392334,19.639999389648438,4400,0.0,0.0,0.0,-0.003551481383850641,-0.0035578028653812286,0.16013183502570205,0.13464942325618623
2015-04-09 00:00:00-04:00,19.610000610351562,19.610000610351562,19.299999237060547,19.350000381469727,5500,0.0,0.0,0.0,-0.014765734072861525,-0.014875832659367535,0.12314184491401665,0.13999689369689286
2015-04-10 00:00:00-04:00,19.350000381469727,19.440000534057617,19.0,19.299999237060547,9300,0.0,0.0,0.0,-0.002584038419816359,-0.002587382809690863,0.07817488899924817,0.13994400982809113
2015-04-13 00:00:00-04:00,19.299999237060547,19.350000381469727,19.200000762939453,19.200000762939453,3600,0.0,0.0,0.0,-0.0051812682939942345,-0.0051947376101326,0.07993372963158292,0.1313146142751259
2015-04-14 00:00:00-04:00,19.360000610351562,19.479999542236328,19.270000457763672,19.440000534057617,6600,0.0,0.0,0.0,0.012499987582366145,0.012422507734227345,0.15543959471484486,0.13952608654834342
2015-04-15 00:00:00-04:00,19.450000762939453,19.68000030517578,19.450000762939453,19.5,3100,0.0,0.0,0.0,0.0030863921961969965,0.003081639065308729,0.16026169570736498,0.13171237469293254
2015-04-16 00:00:00-04:00,19.489999771118164,19.510000228881836,19.350000381469727,19.510000228881836,1400,0.0,0.0,0.0,0.0005128322503504812,0.0005127007968324636,0.10815378733007464,0.12596190524553624
2015-04-17 00:00:00-04:00,19.510000228881836,19.610000610351562,19.459999084472656,19.579999923706055,2600,0.0,0.0,0.0,0.0035878879550494958,0.0035814668393063433,0.10154510666572099,0.1246796399994013
2015-04-20 00:00:00-04:00,19.610000610351562,19.709999084472656,19.610000610351562,19.639999389648438,3700,0.0,0.0,0.0,0.0030643241152283895,0.003059638643515822,0.07308140766659729,0.1212711217640572
2015-04-21 00:00:00-04:00,19.559999465942383,19.610000610351562,19.5,19.610000610351562,12300,0.0,0.0,0.0,-0.0015274328018913819,-0.0015286005165954992,0.03474599318419961,0.11414935970867411
2015-04-22 00:00:00-04:00,19.59000015258789,19.59000015258789,19.450000762939453,19.530000686645508,5700,0.0,0.0,0.0,-0.004079547231825464,-0.004087891285673362,0.050833301706334766,0.11416424546104613
2015-04-23 00:00:00-04:00,19.600000381469727,19.770000457763672,19.600000381469727,19.700000762939453,11600,0.0,0.0,0.0,0.00870456069211456,0.00866689442474598,0.07857338756964043,0.11811522767123818
2015-04-24 00:00:00-04:00,19.579999923706055,19.59000015258789,19.5,19.510000228881836,1500,0.0,0.0,0.0,-0.009644696786766382,-0.009691508105299446,0.11076079494917239,0.12255932195411035
2015-04-27 00:00:00-04:00,19.600000381469727,19.649999618530273,19.530000686645508,19.56999969482422,5100,0.0,0.0,0.0,0.0030753185668117577,0.0030705994473896538,0.11078433889299062,0.12054301181555678
2015-04-28 00:00:00-04:00,19.59000015258789,19.760000228881836,19.530000686645508,19.530000686645508,6400,0.0,0.0,0.0,-0.002043894164663107,-0.0020459857668362197,0.11108926399442959,0.12037986993695092
2015-04-29 00:00:00-04:00,19.540000915527344,19.75,19.540000915527344,19.719999313354492,5400,0.0,0.0,0.0,0.009728551972806754,0.009681534307649644,0.12743767583318164,0.12305468870819099
2015-04-30 00:00:00-04:00,19.770000457763672,19.809999465942383,19.489999771118164,19.56999969482422,12900,0.0,0.0,0.0,-0.00760647179275975,-0.007635548540813432,0.12568242105792704,0.11329480859377422
2015-05-01 00:00:00-04:00,19.280000686645508,19.31999969482422,19.270000457763672,19.280000686645508,2900,0.0,0.0,0.0,-0.014818549448184615,-0.014929441017130856,0.1502874498856083,0.12042559357722471
2015-05-04 00:00:00-04:00,19.450000762939453,19.540000915527344,19.450000762939453,19.540000915527344,2700,0.0,0.0,0.0,0.013485488569610293,0.013395368671852542,0.18746266554352708,0.13047209288676195
2015-05-05 00:00:00-04:00,19.510000228881836,19.6299991607666,19.469999313354492,19.6299991607666,3900,0.0,0.0,0.0,0.004605846521109402,0.00459527206713082,0.18939023930148569,0.12764368011846375
2015-05-06 00:00:00-04:00,19.719999313354492,19.719999313354492,19.56999969482422,19.56999969482422,2700,0.0,0.0,0.0,-0.003056519027382354,-0.003061199721852531,0.17370428205849933,0.12748189186218706
2015-05-07 00:00:00-04:00,19.479999542236328,19.520000457763672,19.459999084472656,19.520000457763672,2600,0.0,0.0,0.0,-0.002554892071550241,-0.0025581613779694337,0.16600773340109343,0.11573889478867402
2015-05-08 00:00:00-04:00,19.510000228881836,19.510000228881836,19.3799991607666,19.489999771118164,29200,0.0,0.0,0.0,-0.001536920386370988,-0.0015381026600369517,0.11150479222063499,0.11543257995489487
2015-05-11 00:00:00-04:00,19.489999771118164,19.540000915527344,19.459999084472656,19.489999771118164,3000,0.0,0.0,0.0,0.0,0.0,0.049026845716069516,0.11349023126106443
2015-05-12 00:00:00-04:00,19.469999313354492,19.530000686645508,19.110000610351562,19.139999389648438,10700,0.0,0.0,0.0,-0.017957946925601598,-0.018121147639905702,0.11628949833216035,0.12286215105734195
2015-05-13 00:00:00-04:00,19.260000228881836,19.260000228881836,19.1299991607666,19.18000030517578,8200,0.0,0.0,0.0,0.002089912058669041,0.0020877312304267907,0.12701245401930059,0.122499978064288
2015-05-14 00:00:00-04:00,19.239999771118164,19.270000457763672,19.149999618530273,19.270000457763672,20500,0.0,0.0,0.0,0.004692395784978265,0.0046814208150867806,0.14174487969096142,0.12398285420612337
2015-05-15 00:00:00-04:00,19.389999389648438,19.389999389648438,19.139999389648438,19.18000030517578,24300,0.0,0.0,0.0,-0.004670480044105529,-0.004681420815086831,0.14208962734865294,0.12375755443778096
2015-05-18 00:00:00-04:00,19.209999084472656,19.350000381469727,19.18000030517578,19.25,27200,0.0,0.0,0.0,0.003649619067280785,0.0036429753673552514,0.14939260348808867,0.12402979388584011
2015-05-19 00:00:00-04:00,19.110000610351562,19.1200008392334,18.940000534057617,18.959999084472656,19400,0.0,0.0,0.0,-0.015064982624797052,-0.015179612194225783,0.13070272937041974,0.13375921635177285
2015-05-20 00:00:00-04:00,18.850000381469727,18.920000076293945,18.809999465942383,18.920000076293945,19700,0.0,0.0,0.0,-0.0021096524319702548,-0.002111880883385701,0.12602231627021196,0.13346713741597366
2015-05-21 00:00:00-04:00,18.93000030517578,18.950000762939453,18.799999237060547,18.799999237060547,30000,0.0,0.0,0.0,-0.006342539045956719,-0.006362738402164858,0.10834924553732765,0.12873459520215372
2015-05-22 00:00:00-04:00,18.899999618530273,18.899999618530273,18.600000381469727,18.670000076293945,19700,0.0,0.0,0.0,-0.0069148492575644704,-0.006938867613939692,0.10920794972993401,0.12702335672799783
2015-05-26 00:00:00-04:00,18.59000015258789,18.65999984741211,18.510000228881836,18.540000915527344,13800,0.0,0.0,0.0,-0.006962997334513554,-0.00698735212117496,0.07456503820197742,0.12652487675536422
2015-05-27 00:00:00-04:00,18.68000030517578,18.690000534057617,18.510000228881836,18.6299991607666,8200,0.0,0.0,0.0,0.004854274045039686,0.004842530047175686,0.0807341707646735,0.12931580317988017
2015-05-28 00:00:00-04:00,18.639999389648438,18.65999984741211,18.469999313354492,18.489999771118164,3700,0.0,0.0,0.0,-0.0075147287147100394,-0.007543106545726881,0.08394554255033512,0.12229412630506051
2015-05-29 00:00:00-04:00,18.549999237060547,18.670000076293945,18.530000686645508,18.56999969482422,8900,0.0,0.0,0.0,0.004326658988444976,0.004317325910456953,0.10202651700616416,0.12389933383656479
2015-06-01 00:00:00-04:00,18.479999542236328,18.559999465942383,18.43000030517578,18.510000228881836,13900,0.0,0.0,0.0,-0.0032309890645343398,-0.0032362199800948558,0.09495991780208926,0.11525678242437737
2015-06-02 00:00:00-04:00,18.780000686645508,18.84000015258789,18.75,18.75,6400,0.0,0.0,0.0,0.012965951817963006,0.012882613465706688,0.12582812700687154,0.11434145459083152
2015-06-03 00:00:00-04:00,18.75,18.920000076293945,18.700000762939453,18.760000228881836,16500,0.0,0.0,0.0,0.0005333455403646603,0.0005332033621831,0.12398509561753274,0.11209533823964442
2015-06-04 00:00:00-04:00,18.850000381469727,18.969999313354492,18.850000381469727,18.90999984741211,16300,0.0,0.0,0.0,0.007995715175916907,0.007963918822599371,0.10021810377616687,0.11775047267840329
2015-06-05 00:00:00-04:00,18.889999389648438,19.0,18.75,18.780000686645508,16800,0.0,0.0,0.0,-0.006874625162114567,-0.0068983642584923635,0.12898658145847183,0.11916234606599886
2015-06-08 00:00:00-04:00,18.780000686645508,18.889999389648438,18.770000457763672,18.889999389648438,3300,0.0,0.0,0.0,0.005857225717843084,0.0058401388598788,0.12038301498163738,0.12231303315647836
2015-06-09 00:00:00-04:00,18.90999984741211,18.969999313354492,18.850000381469727,18.889999389648438,9000,0.0,0.0,0.0,0.0,0.0,0.09205109302410601,0.12231303315647836
2015-06-10 00:00:00-04:00,19.0,19.040000915527344,18.81999969482422,18.889999389648438,6600,0.0,0.0,0.0,0.0,0.0,0.09248166186200532,0.10583058454221038
2015-06-11 00:00:00-04:00,18.770000457763672,18.780000686645508,18.540000915527344,18.6299991607666,9700,0.0,0.0,0.0,-0.013763908802681746,-0.013859509636510451,0.11966982121134102,0.1149811387855514
2015-06-12 00:00:00-04:00,18.479999542236328,18.56999969482422,18.469999313354492,18.510000228881836,4300,0.0,0.0,0.0,-0.006441166789608599,-0.006462000615364787,0.11881216768451477,0.11390673527630198
2015-06-15 00:00:00-04:00,18.469999313354492,18.520000457763672,18.350000381469727,18.520000457763672,6000,0.0,0.0,0.0,0.0005402608729432323,0.0005401149845806333,0.09846185398308266,0.11377926739418912
2015-06-16 00:00:00-04:00,18.59000015258789,18.93000030517578,18.559999465942383,18.8700008392334,10000,0.0,0.0,0.0,0.018898508251548485,0.018722149919641964,0.19251103229619937,0.13434859870103028
2015-06-17 00:00:00-04:00,19.020000457763672,19.139999389648438,18.979999542236328,19.059999465942383,17600,0.0,0.0,0.0,0.010068819197609713,0.010018466351307867,0.2058264905146568,0.12886733665875377
2015-06-18 00:00:00-04:00,19.049999237060547,19.200000762939453,18.989999771118164,19.110000610351562,7200,0.0,0.0,0.0,0.0026233549743024387,0.002619919984794906,0.15374612759877726,0.12879144977426457
2015-06-19 00:00:00-04:00,19.06999969482422,19.149999618530273,19.030000686645508,19.079999923706055,10900,0.0,0.0,0.0,-0.0015698945937896447,-0.0015711281695324195,0.13314199606743377,0.12650714626746376
2015-06-22 00:00:00-04:00,19.170000076293945,19.479999542236328,19.149999618530273,19.479999542236328,35900,0.0,0.0,0.0,0.02096434067765851,0.02074761269372089,0.1562426227183002,0.14182573596750642
2015-06-23 00:00:00-04:00,19.469999313354492,19.5,19.270000457763672,19.469999313354492,18800,0.0,0.0,0.0,-0.0005133587842316434,-0.0005134905979660733,0.14872995552523208,0.1381204645958381
2015-06-24 00:00:00-04:00,19.389999389648438,19.549999237060547,19.350000381469727,19.40999984741211,5800,0.0,0.0,0.0,-0.0030816367775231557,-0.0030863947976450265,0.15689487963425114,0.13918421367853026
2015-06-25 00:00:00-04:00,19.5,19.770000457763672,19.5,19.670000076293945,19300,0.0,0.0,0.0,0.013395169032755172,0.013306246960047622,0.1703634187703745,0.13983679578071753
2015-06-26 00:00:00-04:00,19.989999771118164,20.1200008392334,19.75,19.75,24100,0.0,0.0,0.0,0.0040671033754835495,0.004058855067467541,0.15925762683691944,0.13981048431291937
2015-06-29 00:00:00-04:00,19.8799991607666,19.959999084472656,19.670000076293945,19.729999542236328,20500,0.0,0.0,0.0,-0.0010126814057555,-0.0010131945140096563,0.1046120747781524,0.13869087729833146
2015-06-30 00:00:00-04:00,19.59000015258789,20.610000610351562,19.59000015258789,20.489999771118164,56400,0.0,0.0,0.0,0.038520032768115,0.03779665424727062,0.2693776033727005,0.18455592175345883
2015-07-01 00:00:00-04:00,20.65999984741211,20.790000915527344,20.299999237060547,20.540000915527344,86000,0.0,0.0,0.0,0.0024402706182387046,0.0024372979929182517,0.2544340024655733,0.18413455907810936
2015-07-02 00:00:00-04:00,20.329999923706055,20.709999084472656,20.329999923706055,20.530000686645508,30200,0.0,0.0,0.0,-0.0004868660387583601,-0.00048698459651093216,0.2666511959086191,0.1845246878496319
2015-07-06 00:00:00-04:00,20.25,20.459999084472656,20.239999771118164,20.34000015258789,22300,0.0,0.0,0.0,-0.009254774851576553,-0.009297866354522386,0.29636700792615356,0.18659793678176909
2015-07-07 00:00:00-04:00,20.25,20.25,19.719999313354492,19.81999969482422,31700,0.0,0.0,0.0,-0.02556541071104723,-0.02589788461780031,0.37421724872015855,0.21392495299185516
2015-07-08 00:00:00-04:00,19.670000076293945,20.0,19.670000076293945,19.760000228881836,46900,0.0,0.0,0.0,-0.0030272183080836124,-0.0030318096016659435,0.17693512676102943,0.21466116318869488
2015-07-09 00:00:00-04:00,20.149999618530273,20.459999084472656,20.149999618530273,20.280000686645508,25400,0.0,0.0,0.0,0.026315812335043542,0.025975508678431042,0.29828401837109086,0.23058988483632348
2015-07-10 00:00:00-04:00,20.3799991607666,20.559999465942383,20.25,20.350000381469727,16300,0.0,0.0,0.0,0.0034516613636168536,0.0034457180528032743,0.30117502137027063,0.22124879859655552
2015-07-13 00:00:00-04:00,20.25,20.5,20.25,20.440000534057617,16400,0.0,0.0,0.0,0.004422611837876955,0.004412860829521778,0.29490753629360017,0.21744041434304545
2015-07-14 00:00:00-04:00,20.530000686645508,20.530000686645508,20.3799991607666,20.3799991607666,6500,0.0,0.0,0.0,-0.0029354878533902617,-0.0029398048482528554,0.19155269307082673,0.21874471156588593
2015-07-15 00:00:00-04:00,20.239999771118164,20.31999969482422,20.170000076293945,20.219999313354492,11500,0.0,0.0,0.0,-0.007850826987280901,-0.007881806981718545,0.20769242929653997,0.21661525122530348
2015-07-16 00:00:00-04:00,20.420000076293945,20.479999542236328,20.030000686645508,20.1200008392334,31800,0.0,0.0,0.0,-0.004945523121509199,-0.004957792690656364,0.08468568978280372,0.21717672532265236
2015-07-17 00:00:00-04:00,20.010000228881836,20.139999389648438,20.0,20.049999237060547,21700,0.0,0.0,0.0,-0.0034792047342439014,-0.0034852712422047075,0.07215291081864096,0.218319064566148
2015-07-20 00:00:00-04:00,19.84000015258789,20.040000915527344,19.799999237060547,19.899999618530273,25800,0.0,0.0,0.0,-0.007481278016859605,-0.00750940313962086,0.03575216330517598,0.22077264136487565
2015-07-21 00:00:00-04:00,20.0,20.09000015258789,19.950000762939453,19.969999313354492,15300,0.0,0.0,0.0,0.0035175726716616396,0.0035114004827585745,0.07301232063736023,0.20950044426969328
2015-07-22 00:00:00-04:00,19.860000610351562,19.989999771118164,19.729999542236328,19.81999969482422,11200,0.0,0.0,0.0,-0.007511248056476627,-0.007539599539395631,0.07192977896413133,0.21177506393740356
2015-07-23 00:00:00-04:00,19.81999969482422,19.81999969482422,19.510000228881836,19.540000915527344,13800,0.0,0.0,0.0,-0.014127082926746692,-0.014227820035831519,0.10266318879592559,0.21811567457396183
2015-07-24 00:00:00-04:00,19.450000762939453,19.489999771118164,19.059999465942383,19.219999313354492,14900,0.0,0.0,0.0,-0.016376744482062167,-0.01651232565207195,0.12298654202122597,0.22022204362593226
2015-07-27 00:00:00-04:00,19.040000915527344,19.09000015258789,18.65999984741211,18.670000076293945,22700,0.0,0.0,0.0,-0.02861598630122708,-0.029033406176495868,0.1876244220683346,0.23980554011240315
2015-07-28 00:00:00-04:00,18.829999923706055,18.979999542236328,18.760000228881836,18.90999984741211,10000,0.0,0.0,0.0,0.01285483503681939,0.01277291296112497,0.2420453871380891,0.24607012974323283
2015-07-29 00:00:00-04:00,18.8700008392334,19.049999237060547,18.8700008392334,18.899999618530273,9100,0.0,0.0,0.0,-0.0005288328377858198,-0.0005289727191890737,0.2527789452061067,0.1943826544481532
2015-07-30 00:00:00-04:00,19.0,19.030000686645508,18.950000762939453,19.030000686645508,4700,0.0,0.0,0.0,0.006878363531170439,0.006854815508309625,0.27113627025258463,0.19694206874108913
2015-07-31 00:00:00-04:00,19.0,19.0,18.799999237060547,18.809999465942383,13800,0.0,0.0,0.0,-0.01156075737072948,-0.011628102469601885,0.260530127389317,0.19843518310385083
2015-08-03 00:00:00-04:00,18.6299991607666,18.809999465942383,18.6299991607666,18.809999465942383,4300,0.0,0.0,0.0,0.0,0.0,0.14523320256748481,0.19808365530360356
2015-08-04 00:00:00-04:00,18.920000076293945,18.959999084472656,18.920000076293945,18.920000076293945,8900,0.0,0.0,0.0,0.005847985830660596,0.005830952735461057,0.11648052141364257,0.1831874581524696
2015-08-05 00:00:00-04:00,19.049999237060547,19.049999237060547,18.979999542236328,18.989999771118164,9600,0.0,0.0,0.0,0.0036997724387921593,0.003692945115256668,0.11882466683818312,0.1843650912215712
2015-08-06 00:00:00-04:00,19.0,19.0,18.780000686645508,18.84000015258789,12300,0.0,0.0,0.0,-0.007898874162094893,-0.007930235524076547,0.1188685682609876,0.15202952552751892
2015-08-07 00:00:00-04:00,18.959999084472656,19.219999313354492,18.959999084472656,19.219999313354492,12400,0.0,0.0,0.0,0.020169806671387125,0.01996909056921117,0.16303079295514514,0.17255725670675914
2015-08-10 00:00:00-04:00,19.3700008392334,19.790000915527344,19.3700008392334,19.790000915527344,11000,0.0,0.0,0.0,0.029656692119484074,0.029225438060019558,0.23366781479100415,0.20647300009071098
2015-08-11 00:00:00-04:00,19.520000457763672,19.549999237060547,19.290000915527344,19.3700008392334,2900,0.0,0.0,0.0,-0.021222842691452914,-0.021451285131235998,0.3266557174346277,0.21800131952992352
2015-08-12 00:00:00-04:00,19.34000015258789,19.34000015258789,18.049999237060547,18.350000381469727,39400,0.0,0.0,0.0,-0.05265877199642088,-0.054095925456236794,0.5245724174150201,0.28150160194227486
2015-08-13 00:00:00-04:00,18.3799991607666,18.649999618530273,18.3799991607666,18.649999618530273,10700,0.0,0.0,0.0,0.016348731925013738,0.016216530346563566,0.5479062400896738,0.29122452387924486
2015-08-14 00:00:00-04:00,18.360000610351562,18.479999542236328,18.34000015258789,18.389999389648438,21300,0.0,0.0,0.0,-0.013941031324392394,-0.01403912020877262,0.5152966538537148,0.2935140528214167
2015-08-17 00:00:00-04:00,18.469999313354492,18.479999542236328,18.40999984741211,18.459999084472656,4200,0.0,0.0,0.0,0.003806400062395854,0.003799174052596488,0.4187756329318681,0.2945465670479891
2015-08-18 00:00:00-04:00,18.290000915527344,18.290000915527344,18.18000030517578,18.209999084472656,6100,0.0,0.0,0.0,-0.01354279590459373,-0.013635336016068166,0.41340647571880756,0.29531608041031127
2015-08-19 00:00:00-04:00,18.239999771118164,18.280000686645508,17.959999084472656,18.030000686645508,22200,0.0,0.0,0.0,-0.009884591261766218,-0.009933768164714045,0.20969604356322766,0.29576368621030996
2015-08-20 00:00:00-04:00,18.020000457763672,18.280000686645508,18.0,18.280000686645508,7700,0.0,0.0,0.0,0.013865778728736844,0.013770528289942451,0.19517010990985775,0.30040245838475377
2015-08-21 00:00:00-04:00,18.200000762939453,18.200000762939453,17.959999084472656,17.989999771118164,2600,0.0,0.0,0.0,-0.01586438209158303,-0.015991568348951903,0.2017465478716993,0.3001087282409484
2015-08-24 00:00:00-04:00,17.799999237060547,17.850000381469727,17.139999389648438,17.65999984741211,10500,0.0,0.0,0.0,-0.018343520172571015,-0.01851384870421287,0.20673181239828872,0.29060286034187877
2015-08-25 00:00:00-04:00,17.65999984741211,17.780000686645508,17.65999984741211,17.65999984741211,14000,0.0,0.0,0.0,0.0,0.0,0.20930848015173725,0.2850556849716684
2015-08-26 00:00:00-04:00,17.670000076293945,17.670000076293945,17.43000030517578,17.43000030517578,4200,0.0,0.0,0.0,-0.01302375675105294,-0.013109309494922892,0.21406834449209017,0.2869130787181967
2015-08-27 00:00:00-04:00,17.610000610351562,17.780000686645508,17.56999969482422,17.68000030517578,7300,0.0,0.0,0.0,0.014343086381115144,0.01424119742999073,0.21696074946650473,0.2918084387945231
2015-08-28 00:00:00-04:00,17.799999237060547,17.84000015258789,17.790000915527344,17.799999237060547,1400,0.0,0.0,0.0,0.006787269785828887,0.006764339965700657,0.2154690672066051,0.2923622453786918
2015-08-31 00:00:00-04:00,17.739999771118164,17.899999618530273,17.600000381469727,17.899999618530273,21600,0.0,0.0,0.0,0.005617999199770685,0.005602277099279571,0.1617522756218063,0.2937000971609249
2015-09-01 00:00:00-04:00,17.729999542236328,17.729999542236328,17.559999465942383,17.649999618530273,11500,0.0,0.0,0.0,-0.013966480744569298,-0.014064929769261353,0.20205295926509592,0.29481828633245794
2015-09-02 00:00:00-04:00,17.649999618530273,17.649999618530273,17.420000076293945,17.6200008392334,7600,0.0,0.0,0.0,-0.0016996475889653473,-0.00170109362866623,0.16963107739078093,0.2937383796959689
2015-09-03 00:00:00-04:00,17.719999313354492,17.719999313354492,17.510000228881836,17.530000686645508,9100,0.0,0.0,0.0,-0.005107840425721877,-0.0051209300347431486,0.13462091354440892,0.29335999172813737
2015-09-04 00:00:00-04:00,17.549999237060547,17.549999237060547,17.40999984741211,17.420000076293945,4000,0.0,0.0,0.0,-0.006274991787955986,-0.006294762298848332,0.11312233679515651,0.27984753669995927
2015-09-08 00:00:00-04:00,17.639999389648438,17.670000076293945,17.549999237060547,17.6200008392334,6000,0.0,0.0,0.0,0.011481100003646105,0.011415692333591507,0.1478037191948848,0.2566826973062387
2015-09-09 00:00:00-04:00,17.770000457763672,17.770000457763672,17.520000457763672,17.520000457763672,3900,0.0,0.0,0.0,-0.005675390278476189,-0.005691556501315152,0.1182064168046656,0.2500299997690156
2015-09-10 00:00:00-04:00,17.510000228881836,17.690000534057617,17.5,17.579999923706055,3900,0.0,0.0,0.0,0.0034246269620270553,0.0034187762809076198,0.12303836592029115,0.17628514952750018
2015-09-11 00:00:00-04:00,17.510000228881836,17.6299991607666,17.229999542236328,17.600000381469727,30300,0.0,0.0,0.0,0.0011376824715854106,0.0011370358013061568,0.11586027011948048,0.162956829644681
2015-09-14 00:00:00-04:00,17.84000015258789,17.84000015258789,17.729999542236328,17.760000228881836,10100,0.0,0.0,0.0,0.009090900224102638,0.009049826732992556,0.1076552259555767,0.1626606770599827
2015-09-15 00:00:00-04:00,17.780000686645508,17.950000762939453,17.780000686645508,17.860000610351562,15800,0.0,0.0,0.0,0.00563065203721691,0.00561485917105733,0.08786474011585675,0.16360461786195551
2015-09-16 00:00:00-04:00,17.81999969482422,18.0,17.81999969482422,17.850000381469727,1900,0.0,0.0,0.0,-0.0005599232105311103,-0.0005600800260711286,0.06022249347848797,0.15740833796520434
2015-09-17 00:00:00-04:00,17.799999237060547,17.8799991607666,17.799999237060547,17.8799991607666,3000,0.0,0.0,0.0,0.0016806038462620077,0.0016791932118752082,0.06205159572363441,0.1540196049820302
2015-09-18 00:00:00-04:00,17.8700008392334,17.8700008392334,17.540000915527344,17.540000915527344,8700,0.0,0.0,0.0,-0.019015562706809486,-0.019198683667798592,0.1733639213050653,0.15787889121647256
2015-09-21 00:00:00-04:00,17.639999389648438,17.729999542236328,17.639999389648438,17.700000762939453,1600,0.0,0.0,0.0,0.009121997665944681,0.009080643543128904,0.17347393296535654,0.15366875980387448
2015-09-22 00:00:00-04:00,17.600000381469727,17.600000381469727,17.459999084472656,17.510000228881836,4100,0.0,0.0,0.0,-0.010734492986884114,-0.010792523314453399,0.17517111142852235,0.1442084301585729
2015-09-23 00:00:00-04:00,17.479999542236328,17.520000457763672,17.479999542236328,17.510000228881836,3600,0.0,0.0,0.0,0.0,0.0,0.17588765443234244,0.1442084301585729
2015-09-24 00:00:00-04:00,17.56999969482422,17.600000381469727,17.530000686645508,17.530000686645508,10400,0.0,0.0,0.0,0.0011422305826520596,0.0011415787336274618,0.17487141322991698,0.13629411980308684
2015-09-25 00:00:00-04:00,17.760000228881836,17.989999771118164,17.760000228881836,17.979999542236328,3200,0.0,0.0,0.0,0.02567021323242913,0.025346265480989876,0.2147019469361658,0.15622365719580955
2015-09-28 00:00:00-04:00,17.899999618530273,17.979999542236328,17.739999771118164,17.739999771118164,3500,0.0,0.0,0.0,-0.013348152237400601,-0.013438039604457028,0.24492270456185794,0.1623673721865241
2015-09-29 00:00:00-04:00,17.770000457763672,17.8700008392334,17.770000457763672,17.829999923706055,5100,0.0,0.0,0.0,0.005073289388335622,0.0050604636166707555,0.22385977343214997,0.16212342248288747
2015-09-30 00:00:00-04:00,18.040000915527344,18.049999237060547,17.809999465942383,18.0,7400,0.0,0.0,0.0,0.009534496748254018,0.009489330300080595,0.22414477528463875,0.15693186323006086
2015-10-01 00:00:00-04:00,18.040000915527344,18.049999237060547,17.780000686645508,17.780000686645508,13700,0.0,0.0,0.0,-0.012222184075249554,-0.012297489191424465,0.25840566400542314,0.16365893214220736
2015-10-02 00:00:00-04:00,17.75,17.850000381469727,17.6200008392334,17.75,4600,0.0,0.0,0.0,-0.0016873276426834227,-0.0016887527833153787,0.16170253984829489,0.16255036723446167
2015-10-05 00:00:00-04:00,17.799999237060547,17.93000030517578,17.799999237060547,17.889999389648438,2800,0.0,0.0,0.0,0.007887289557658494,0.00785634748229007,0.14117175533341347,0.1622943287528485
2015-10-06 00:00:00-04:00,17.989999771118164,18.09000015258789,17.950000762939453,17.979999542236328,6300,0.0,0.0,0.0,0.005030752132946681,0.005018140180155402,0.14110835417663828,0.1585422124330001
2015-10-07 00:00:00-04:00,18.079999923706055,18.1200008392334,17.979999542236328,18.059999465942383,7000,0.0,0.0,0.0,0.004449384079133534,0.004439514833671945,0.1272815443392727,0.15690307336290138
2015-10-08 00:00:00-04:00,17.920000076293945,17.940000534057617,17.84000015258789,17.84000015258789,5900,0.0,0.0,0.0,-0.012181579172766188,-0.012256382712546128,0.1270220649490406,0.16406597869048153
2015-10-09 00:00:00-04:00,17.950000762939453,18.079999923706055,17.670000076293945,17.940000534057617,23300,0.0,0.0,0.0,0.005605402500807655,0.005589750694751318,0.1289250526825219,0.164957399056291
2015-10-12 00:00:00-04:00,18.040000915527344,18.09000015258789,17.93000030517578,17.93000030517578,5000,0.0,0.0,0.0,-0.0005574263424825698,-0.000557581762305636,0.11882744463072846,0.1622198780902937
2015-10-13 00:00:00-04:00,18.010000228881836,18.459999084472656,18.010000228881836,18.40999984741211,20000,0.0,0.0,0.0,0.026770749250783155,0.02641868231922885,0.22457800118981158,0.18657120655053133
2015-10-14 00:00:00-04:00,18.450000762939453,18.5,18.309999465942383,18.329999923706055,6300,0.0,0.0,0.0,-0.0043454603133687986,-0.004354929267301906,0.23396879197720094,0.18762878274166556
2015-10-15 00:00:00-04:00,18.389999389648438,18.389999389648438,18.25,18.25,8000,0.0,0.0,0.0,-0.004364425752265921,-0.0043739776608684505,0.20690699566441992,0.18872993991144274
2015-10-16 00:00:00-04:00,18.190000534057617,18.190000534057617,18.139999389648438,18.15999984741211,4100,0.0,0.0,0.0,-0.004931515210295334,-0.004943715257770152,0.21702608858642383,0.17494682051514915
2015-10-19 00:00:00-04:00,18.09000015258789,18.09000015258789,18.020000457763672,18.020000457763672,1900,0.0,0.0,0.0,-0.007709217556430059,-0.007739087187449285,0.2290115188592961,0.1757977575385924
2015-10-20 00:00:00-04:00,18.18000030517578,18.200000762939453,18.09000015258789,18.110000610351562,3900,0.0,0.0,0.0,0.004994458951254721,0.004982028014501193,0.0765946822668969,0.17071978522393183
2015-10-21 00:00:00-04:00,18.15999984741211,18.280000686645508,18.139999389648438,18.280000686645508,3600,0.0,0.0,0.0,0.009387082858339335,0.009343297990885723,0.11624361394269397,0.17269081752179502
2015-10-22 00:00:00-04:00,18.360000610351562,18.360000610351562,18.1299991607666,18.1299991607666,5700,0.0,0.0,0.0,-0.00820577244225651,-0.008239625111671882,0.12694380853779674,0.17660101973409797
2015-10-23 00:00:00-04:00,18.030000686645508,18.030000686645508,17.920000076293945,17.959999084472656,9500,0.0,0.0,0.0,-0.009376728304644755,-0.009420966578853671,0.13837830564833803,0.15626760990122046
2015-10-26 00:00:00-04:00,17.84000015258789,17.850000381469727,17.719999313354492,17.799999237060547,6700,0.0,0.0,0.0,-0.008908677926962594,-0.008948597461870753,0.1416206212425643,0.15197743465628286
2015-10-27 00:00:00-04:00,17.799999237060547,17.90999984741211,17.799999237060547,17.889999389648438,8600,0.0,0.0,0.0,0.005056188564351416,0.005043448967443248,0.14182480937959438,0.1519701918175578
2015-10-28 00:00:00-04:00,17.809999465942383,17.81999969482422,17.729999542236328,17.780000686645508,8500,0.0,0.0,0.0,-0.00614861412832568,-0.0061675946989746405,0.09584763471207153,0.1493835100091151
2015-10-29 00:00:00-04:00,17.790000915527344,17.790000915527344,17.639999389648438,17.709999084472656,10800,0.0,0.0,0.0,-0.00393709783292806,-0.003944868605501562,0.09305279356171875,0.14359711137833264
2015-10-30 00:00:00-04:00,17.770000457763672,17.829999923706055,17.729999542236328,17.829999923706055,4900,0.0,0.0,0.0,0.006775880600615514,0.006753027496845326,0.11052140038790673,0.14553153186715959
2015-11-02 00:00:00-05:00,17.81999969482422,17.8799991607666,17.670000076293945,17.709999084472656,11000,0.0,0.0,0.0,-0.006730277046936517,-0.006753027496845435,0.10199063491101647,0.14462359674664801
2015-11-03 00:00:00-05:00,17.610000610351562,17.799999237060547,17.610000610351562,17.700000762939453,2100,0.0,0.0,0.0,-0.000564557992663528,-0.0005647174155321951,0.08779274474074034,0.14315922528105915
2015-11-04 00:00:00-05:00,17.809999465942383,17.809999465942383,17.770000457763672,17.770000457763672,4100,0.0,0.0,0.0,0.003954784847850723,0.003946985243329975,0.08789186227766242,0.14293173811276857
2015-11-05 00:00:00-05:00,17.639999389648438,17.639999389648438,17.399999618530273,17.440000534057617,12300,0.0,0.0,0.0,-0.018570619876482786,-0.018745218823633465,0.15997530637923818,0.15125368655490357
2015-11-06 00:00:00-05:00,17.34000015258789,17.479999542236328,17.31999969482422,17.479999542236328,3900,0.0,0.0,0.0,0.002293521040931168,0.0022908949361331405,0.14514920574969697,0.14975864342372663
2015-11-09 00:00:00-05:00,17.450000762939453,17.5,17.450000762939453,17.450000762939453,3600,0.0,0.0,0.0,-0.0017161773502561983,-0.0017176516696421136,0.14339493678934842,0.14974344897740954
2015-11-10 00:00:00-05:00,17.3799991607666,17.3799991607666,17.09000015258789,17.270000457763672,30000,0.0,0.0,0.0,-0.010315203284006036,-0.01036877370501442,0.14986424130114723,0.11011100507107738
2015-11-11 00:00:00-05:00,17.260000228881836,17.329999923706055,17.18000030517578,17.280000686645508,37800,0.0,0.0,0.0,0.0005790520333970317,0.0005788844474592056,0.13885157098776632,0.11079800986259279
2015-11-12 00:00:00-05:00,17.360000610351562,17.420000076293945,17.360000610351562,17.420000076293945,2900,0.0,0.0,0.0,0.008101816208643697,0.00806917269169357,0.10659593240121377,0.117291554476273
2015-11-13 00:00:00-05:00,17.280000686645508,17.290000915527344,17.25,17.260000228881836,7800,0.0,0.0,0.0,-0.009184836206163172,-0.009227276887925554,0.11991760059835319,0.11950862897213993
2015-11-16 00:00:00-05:00,17.25,17.350000381469727,17.25,17.350000381469727,4100,0.0,0.0,0.0,0.005214377253442315,0.005200829463489119,0.13225626635663132,0.12085037203893664
2015-11-17 00:00:00-05:00,17.3799991607666,17.440000534057617,17.3700008392334,17.420000076293945,5000,0.0,0.0,0.0,0.0040345644544756976,0.004026447424436337,0.10604731796390848,0.12017388034423053
2015-11-18 00:00:00-05:00,17.440000534057617,17.440000534057617,17.25,17.280000686645508,800,0.0,0.0,0.0,-0.00803670430742165,-0.008069172691693468,0.12750435925445308,0.11421108650193992
2015-11-19 00:00:00-05:00,17.350000381469727,17.389999389648438,17.329999923706055,17.389999389648438,4200,0.0,0.0,0.0,0.006365665430091205,0.0063454901560053515,0.12100668946067326,0.1167215880917872
2015-11-20 00:00:00-05:00,17.290000915527344,17.34000015258789,17.280000686645508,17.299999237060547,6100,0.0,0.0,0.0,-0.005175397110218638,-0.005188835865157985,0.10476215505977214,0.11415092607361334
2015-11-23 00:00:00-05:00,17.100000381469727,17.459999084472656,17.100000381469727,17.459999084472656,7200,0.0,0.0,0.0,0.009248546501051447,0.009206040572567638,0.11917046384283318,0.11739922876011988
2015-11-24 00:00:00-05:00,17.479999542236328,17.510000228881836,17.459999084472656,17.469999313354492,2400,0.0,0.0,0.0,0.0005727508250976676,0.000572586865946015,0.11665029296558393,0.11542530075396194
2015-11-25 00:00:00-05:00,17.489999771118164,17.65999984741211,17.489999771118164,17.65999984741211,8900,0.0,0.0,0.0,0.010875818060987363,0.01081710169380351,0.10519242155371872,0.1213379937135316
2015-11-27 00:00:00-05:00,17.549999237060547,17.670000076293945,17.549999237060547,17.600000381469727,1700,0.0,0.0,0.0,-0.003397478282038291,-0.003403262816980829,0.11586086242070627,0.12113904854123766
2015-11-30 00:00:00-05:00,17.670000076293945,17.780000686645508,17.670000076293945,17.729999542236328,22700,0.0,0.0,0.0,0.007386315792553777,0.007359170549000073,0.09668094650587453,0.12162926275731091
2015-12-01 00:00:00-05:00,17.809999465942383,17.959999084472656,17.809999465942383,17.950000762939453,11800,0.0,0.0,0.0,0.012408416603679973,0.012332063170355427,0.1075498823412934,0.12696712660784365
2015-12-02 00:00:00-05:00,17.860000610351562,17.959999084472656,17.860000610351562,17.950000762939453,7800,0.0,0.0,0.0,0.0,0.0,0.10928899669473066,0.12690813099775747
2015-12-03 00:00:00-05:00,17.8700008392334,18.100000381469727,17.84000015258789,18.09000015258789,18800,0.0,0.0,0.0,0.007799408562560561,0.007769150404256493,0.10158581177261813,0.1289208730857891
2015-12-04 00:00:00-05:00,18.020000457763672,18.260000228881836,17.989999771118164,18.260000228881836,11400,0.0,0.0,0.0,0.009397461296849485,0.009353579859290442,0.07274344436626222,0.10960599251541907
2015-12-07 00:00:00-05:00,18.25,18.25,17.760000228881836,17.8799991607666,9300,0.0,0.0,0.0,-0.020810573020376366,-0.021030164893048514,0.2130856909722092,0.13695678892931018
2015-12-08 00:00:00-05:00,17.760000228881836,17.780000686645508,17.639999389648438,17.68000030517578,4900,0.0,0.0,0.0,-0.011185618846653589,-0.011248648337805244,0.20445741938602116,0.14356646519450597
2015-12-09 00:00:00-05:00,17.729999542236328,17.799999237060547,17.549999237060547,17.65999984741211,5700,0.0,0.0,0.0,-0.0011312475915408182,-0.0011318879350677698,0.2035815402048786,0.13781173208004754
2015-12-10 00:00:00-05:00,17.6200008392334,17.860000610351562,17.6200008392334,17.75,3200,0.0,0.0,0.0,0.005096271425001131,0.005083329385921795,0.1951207234331176,0.1384932940085722
2015-12-11 00:00:00-05:00,17.8700008392334,17.8700008392334,17.559999465942383,17.56999969482422,4000,0.0,0.0,0.0,-0.010140862263424255,-0.010192631091558602,0.15812197788745075,0.14184624676809485
2015-12-14 00:00:00-05:00,17.540000915527344,17.559999465942383,17.540000915527344,17.559999465942383,400,0.0,0.0,0.0,-0.0005691650003147863,-0.0005693270361999315,0.10976087664065955,0.13729471458406925
2015-12-15 00:00:00-05:00,17.520000457763672,17.520000457763672,17.420000076293945,17.440000534057617,3100,0.0,0.0,0.0,-0.0068336523652807735,-0.006857108690263342,0.09399383301812742,0.13892156965889363
2015-12-16 00:00:00-05:00,17.389999389648438,17.389999389648438,17.209999084472656,17.309999465942383,3600,0.0,0.0,0.0,-0.007454189457240079,-0.007482110767834096,0.09791562128550622,0.14079316556427476
2015-12-17 00:00:00-05:00,17.219999313354492,17.579999923706055,17.1299991607666,17.579999923706055,11000,0.0,0.0,0.0,0.015597947203574547,0.015477549581647368,0.1647910465367785,0.14831571171451358
2015-12-18 00:00:00-05:00,17.700000762939453,17.920000076293945,17.700000762939453,17.920000076293945,4300,0.0,0.0,0.0,0.019340168035462346,0.019155523887042947,0.20068472973984483,0.1612415357255561
2015-12-21 00:00:00-05:00,17.920000076293945,17.920000076293945,17.799999237060547,17.829999923706055,4500,0.0,0.0,0.0,-0.005022329922138247,-0.0050349842081749705,0.2093959927686979,0.16115773580226758
2015-12-22 00:00:00-05:00,17.899999618530273,17.90999984741211,17.780000686645508,17.780000686645508,2300,0.0,0.0,0.0,-0.0028042197013175008,-0.002808158891343805,0.19901909757739322,0.15919707331076122
2015-12-23 00:00:00-05:00,17.760000228881836,17.760000228881836,17.65999984741211,17.670000076293945,1300,0.0,0.0,0.0,-0.0061867607482255504,-0.006205978055424609,0.19460554262871033,0.16120849850353028
2015-12-24 00:00:00-05:00,17.600000381469727,17.600000381469727,17.510000228881836,17.520000457763672,900,0.0,0.0,0.0,-0.0084889427211442,-0.008525179013007032,0.18020677184264763,0.15951193701786326
2015-12-28 00:00:00-05:00,17.3700008392334,17.3799991607666,17.299999237060547,17.31999969482422,1400,0.0,0.0,0.0,-0.011415568362661,-0.011481226121868367,0.05244421935328266,0.16401917134831207
2015-12-29 00:00:00-05:00,17.399999618530273,17.399999618530273,17.31999969482422,17.389999389648438,5300,0.0,0.0,0.0,0.004041552890161837,0.0040334077539037365,0.0943523856432097,0.16223836120819998
2015-12-30 00:00:00-05:00,17.3799991607666,17.489999771118164,17.360000610351562,17.440000534057617,12300,0.0,0.0,0.0,0.002875281550552833,0.0028711558350591145,0.1099024355854061,0.15523011270224515
2015-12-31 00:00:00-05:00,17.360000610351562,17.3700008392334,17.299999237060547,17.329999923706055,3400,0.0,0.0,0.0,-0.006307374253615938,-0.006327349778308621,0.11006825462016909,0.15609066406348757
2016-01-04 00:00:00-05:00,17.25,17.25,16.950000762939453,17.229999542236328,91200,0.0,0.0,0.0,-0.005770362487592107,-0.005787075353084203,0.10441057724863864,0.1525169841310786
2016-01-05 00:00:00-05:00,17.25,17.34000015258789,17.15999984741211,17.190000534057617,6100,0.0,0.0,0.0,-0.0023214747093092125,-0.00232417350932855,0.07607910629903254,0.14604113069327807
2016-01-06 00:00:00-05:00,17.1200008392334,17.31999969482422,17.09000015258789,17.260000228881836,12800,0.0,0.0,0.0,0.004072117082575488,0.004063848453424921,0.0762194524584881,0.13174477839992016
2016-01-07 00:00:00-05:00,17.18000030517578,17.350000381469727,17.18000030517578,17.31999969482422,11000,0.0,0.0,0.0,0.003476214666670918,0.0034701865983335265,0.07847395355850754,0.12801540298766922
2016-01-08 00:00:00-05:00,17.389999389648438,17.420000076293945,17.309999465942383,17.329999923706055,22300,0.0,0.0,0.0,0.0005773804306026253,0.0005772138106541174,0.06530082218434928,0.12813531257585456
2016-01-11 00:00:00-05:00,17.31999969482422,17.34000015258789,17.190000534057617,17.25,18000,0.0,0.0,0.0,-0.004616267977971655,-0.004626955847725598,0.059086708863624944,0.12672540097494758
2016-01-12 00:00:00-05:00,17.18000030517578,17.639999389648438,17.18000030517578,17.489999771118164,25600,0.0,0.0,0.0,0.013913030209748545,0.013817132466701737,0.10742403652361451,0.13330706832386008
2016-01-13 00:00:00-05:00,17.56999969482422,17.56999969482422,17.479999542236328,17.530000686645508,7900,0.0,0.0,0.0,0.0022870735306355083,0.0022844621588099024,0.10755627301870724,0.13358594571688667
2016-01-14 00:00:00-05:00,17.459999084472656,17.520000457763672,17.459999084472656,17.520000457763672,2700,0.0,0.0,0.0,-0.0005704636902527094,-0.0005706264665719214,0.11052543687143644,0.1311974687898271
2016-01-15 00:00:00-05:00,17.389999389648438,17.469999313354492,17.389999389648438,17.450000762939453,1800,0.0,0.0,0.0,-0.003995416266852847,-0.004003419266414631,0.11946858794795502,0.12905673556129266
2016-01-19 00:00:00-05:00,17.549999237060547,17.579999923706055,17.510000228881836,17.510000228881836,3000,0.0,0.0,0.0,0.0034383646601214846,0.0034324669993592463,0.10692564100644224,0.11673701341589919
2016-01-20 00:00:00-05:00,17.420000076293945,17.450000762939453,17.360000610351562,17.440000534057617,8400,0.0,0.0,0.0,-0.003997698110178138,-0.0040057102658501865,0.05482592839023722,0.09170424481064005
2016-01-21 00:00:00-05:00,17.389999389648438,17.59000015258789,17.389999389648438,17.510000228881836,2000,0.0,0.0,0.0,0.004013743846367435,0.0040057102658501206,0.06145904873277893,0.09249878439062623
2016-01-22 00:00:00-05:00,17.6200008392334,17.6200008392334,17.420000076293945,17.459999084472656,7300,0.0,0.0,0.0,-0.002855576456629927,-0.002859661393499496,0.06434778079185413,0.09251306651005056
2016-01-25 00:00:00-05:00,17.469999313354492,17.540000915527344,17.3700008392334,17.540000915527344,12800,0.0,0.0,0.0,0.004582006600781119,0.004571541164823841,0.06530530257791989,0.09223469157300375
2016-01-26 00:00:00-05:00,17.530000686645508,17.530000686645508,17.479999542236328,17.510000228881836,2500,0.0,0.0,0.0,-0.0017104153409108758,-0.0017118797713244805,0.06358039962657246,0.08731146172179372
2016-01-27 00:00:00-05:00,17.559999465942383,17.65999984741211,17.510000228881836,17.649999618530273,7900,0.0,0.0,0.0,0.007995396220356277,0.00796360239703695,0.07239465385258394,0.08062384982734153
2016-01-28 00:00:00-05:00,17.479999542236328,17.479999542236328,17.299999237060547,17.3799991607666,5600,0.0,0.0,0.0,-0.01529747669117254,-0.015415690216352172,0.14185194673605933,0.09813203118132142
2016-01-29 00:00:00-05:00,17.389999389648438,17.440000534057617,17.350000381469727,17.43000030517578,8000,0.0,0.0,0.0,0.0028769359507250236,0.002872805490642447,0.1441116628682981,0.0981326766444122
2016-02-01 00:00:00-05:00,17.540000915527344,17.559999465942383,17.450000762939453,17.510000228881836,2600,0.0,0.0,0.0,0.0045897832647943115,0.0045792823286730025,0.1441283060296391,0.09646796257550459
2016-02-02 00:00:00-05:00,17.540000915527344,17.709999084472656,17.510000228881836,17.68000030517578,6300,0.0,0.0,0.0,0.009708742094334033,0.009661915101317706,0.1591503470933739,0.09867282284763974
2016-02-03 00:00:00-05:00,17.600000381469727,17.600000381469727,17.479999542236328,17.559999465942383,4800,0.0,0.0,0.0,-0.006787377667537009,-0.006810516676904582,0.15851938207023022,0.1020667500535087
2016-02-04 00:00:00-05:00,17.579999923706055,17.6299991607666,17.420000076293945,17.520000457763672,6800,0.0,0.0,0.0,-0.0022778479154449416,-0.0022804461573577074,0.10093255220780191,0.10209077656872051
2016-02-05 00:00:00-05:00,17.450000762939453,17.450000762939453,17.329999923706055,17.350000381469727,8100,0.0,0.0,0.0,-0.009703200448183402,-0.009750583256712821,0.12717922355569733,0.1080006513722147
2016-02-08 00:00:00-05:00,17.31999969482422,17.329999923706055,17.229999542236328,17.229999542236328,12800,0.0,0.0,0.0,-0.006916474731698763,-0.006940504407585596,0.12205291472646318,0.11080853223851303
2016-02-09 00:00:00-05:00,17.239999771118164,17.239999771118164,17.170000076293945,17.200000762939453,18900,0.0,0.0,0.0,-0.0017410783571606414,-0.001742595795658867,0.053740130754164554,0.10977666575841834
2016-02-10 00:00:00-05:00,17.25,17.270000457763672,17.219999313354492,17.260000228881836,3600,0.0,0.0,0.0,0.003488340888429642,0.003482270739755264,0.08076985688700435,0.09766787304085954
2016-02-11 00:00:00-05:00,17.229999542236328,17.5,17.229999542236328,17.479999542236328,16400,0.0,0.0,0.0,0.012746194115708098,0.012665645123429492,0.1417085274968467,0.10830728684182699
2016-02-12 00:00:00-05:00,17.450000762939453,17.450000762939453,17.3700008392334,17.450000762939453,2800,0.0,0.0,0.0,-0.0017161773502561983,-0.0017176516696421136,0.11815007648944711,0.10844665808599223
2016-02-16 00:00:00-05:00,19.18000030517578,19.18000030517578,17.440000534057617,17.5,10600,0.0,0.0,0.0,0.002865285666160844,0.0028611885595744863,0.093875435868656,0.10797691717792839
2016-02-17 00:00:00-05:00,17.5,17.610000610351562,17.5,17.59000015258789,97200,0.0,0.0,0.0,0.00514286586216528,0.005129686494693812,0.08352973085937972,0.10882840054385555
2016-02-18 00:00:00-05:00,17.540000915527344,17.579999923706055,17.510000228881836,17.56999969482422,20500,0.0,0.0,0.0,-0.001137035678804632,-0.0011376825942958921,0.09299549045470672,0.10781642473115113
2016-02-19 00:00:00-05:00,17.559999465942383,17.559999465942383,17.489999771118164,17.540000915527344,3900,0.0,0.0,0.0,-0.0017073864438206243,-0.0017088456892887284,0.0498438638542967,0.1071791053902982
2016-02-22 00:00:00-05:00,17.559999465942383,17.6200008392334,17.540000915527344,17.600000381469727,3300,0.0,0.0,0.0,0.0034207219390318677,0.0034148845779447276,0.04751076539452965,0.10719338760650915
2016-02-23 00:00:00-05:00,17.489999771118164,17.489999771118164,17.299999237060547,17.3700008392334,2600,0.0,0.0,0.0,-0.01306815552563767,-0.013154295150403363,0.11290268310342283,0.11604982876291155
2016-02-24 00:00:00-05:00,17.360000610351562,17.399999618530273,17.309999465942383,17.350000381469727,16200,0.0,0.0,0.0,-0.0011514367758980182,-0.0011521001885231538,0.09746481366545721,0.11598698215454192
2016-02-25 00:00:00-05:00,17.25,17.25,17.190000534057617,17.219999313354492,1700,0.0,0.0,0.0,-0.007492856787143287,-0.007521069254896057,0.10129534430422715,0.11407267575081172
2016-02-26 00:00:00-05:00,17.209999084472656,17.209999084472656,17.1200008392334,17.139999389648438,3200,0.0,0.0,0.0,-0.004645756498028009,-0.004656581564842637,0.09923286766568733,0.10227967984692703
2016-02-29 00:00:00-05:00,17.170000076293945,17.170000076293945,17.139999389648438,17.149999618530273,1800,0.0,0.0,0.0,0.0005834439462042429,0.0005832738089588757,0.08596496401324698,0.10154457124302578
2016-03-01 00:00:00-05:00,17.139999389648438,17.139999389648438,17.020000457763672,17.059999465942383,4500,0.0,0.0,0.0,-0.005247822425059834,-0.005261640609950262,0.051719909849694906,0.1006321664834568
2016-03-02 00:00:00-05:00,17.040000915527344,17.139999389648438,17.040000915527344,17.1200008392334,32200,0.0,0.0,0.0,0.0035170794354828505,0.003510908975371523,0.07216913288085831,0.09383367341357317
2016-03-03 00:00:00-05:00,17.1299991607666,17.18000030517578,17.079999923706055,17.18000030517578,2600,0.0,0.0,0.0,0.0035046415304422762,0.0034985145853050847,0.06784754854619046,0.09338565355471327
2016-03-04 00:00:00-05:00,17.389999389648438,17.479999542236328,17.350000381469727,17.479999542236328,24300,0.0,0.0,0.0,0.01746212058972829,0.017311409719993773,0.13255352832185108,0.11402539393361481
2016-03-07 00:00:00-05:00,17.559999465942383,17.6299991607666,17.5,17.510000228881836,16800,0.0,0.0,0.0,0.0017162864663136101,0.0017148153297170787,0.13096793041633342,0.10831822670570025
2016-03-08 00:00:00-05:00,17.469999313354492,17.559999465942383,17.389999389648438,17.510000228881836,37400,0.0,0.0,0.0,0.0,0.0,0.1109042908232363,0.10477768044091985
2016-03-09 00:00:00-05:00,17.549999237060547,17.59000015258789,17.5,17.520000457763672,61100,0.0,0.0,0.0,0.0005711152913259188,0.0005709522670554083,0.11565773378360679,0.10434661804165701
2016-03-10 00:00:00-05:00,17.520000457763672,17.649999618530273,17.469999313354492,17.6299991607666,23500,0.0,0.0,0.0,0.006278464619228208,0.006258837170894243,0.11560232674535728,0.10571055596762134
2016-03-11 00:00:00-05:00,17.670000076293945,17.760000228881836,17.639999389648438,17.739999771118164,22400,0.0,0.0,0.0,0.006239399636294607,0.0062200151722105615,0.04878787773459629,0.09846290674555147
2016-03-14 00:00:00-04:00,17.709999084472656,17.799999237060547,17.670000076293945,17.790000915527344,43300,0.0,0.0,0.0,0.0028185538362059948,0.002814589161361356,0.047629952693617535,0.098267905343694
2016-03-15 00:00:00-04:00,17.700000762939453,17.709999084472656,17.639999389648438,17.690000534057617,11100,0.0,0.0,0.0,-0.005621156623013102,-0.0056370147792780805,0.07819509963198476,0.10069959176214388
2016-03-16 00:00:00-04:00,17.639999389648438,17.760000228881836,17.56999969482422,17.760000228881836,24800,0.0,0.0,0.0,0.003957020503727593,0.003949212090018074,0.07783473144670387,0.10006967843334962
2016-03-17 00:00:00-04:00,17.860000610351562,17.920000076293945,17.760000228881836,17.799999237060547,26200,0.0,0.0,0.0,0.0022521963774337905,0.0022496639847568323,0.07125560646890723,0.10005754351336403
2016-03-18 00:00:00-04:00,17.899999618530273,17.899999618530273,17.780000686645508,17.809999465942383,8000,0.0,0.0,0.0,0.0005618106354192687,0.0005616528789076588,0.060154750184701795,0.09966609392904989
2016-03-21 00:00:00-04:00,17.799999237060547,17.920000076293945,17.780000686645508,17.899999618530273,9000,0.0,0.0,0.0,0.005053349538836072,0.005040624220371976,0.06663691537898687,0.10040497003273131
2016-03-22 00:00:00-04:00,18.040000915527344,18.06999969482422,17.920000076293945,18.010000228881836,46700,0.0,0.0,0.0,0.006145285625463792,0.006126480360910615,0.03528745687871426,0.08735919317093892
2016-03-23 00:00:00-04:00,17.84000015258789,17.93000030517578,17.84000015258789,17.8799991607666,4200,0.0,0.0,0.0,-0.007218271319439418,-0.007244449088085873,0.08383470328684921,0.09259808069403748
2016-03-24 00:00:00-04:00,17.899999618530273,18.040000915527344,17.899999618530273,18.040000915527344,5300,0.0,0.0,0.0,0.008948644422301033,0.008908842575952997,0.10021006968246733,0.08971573653887877
2016-03-28 00:00:00-04:00,18.010000228881836,18.079999923706055,17.93000030517578,18.020000457763672,19200,0.0,0.0,0.0,-0.0011086727687722453,-0.0011092878010480678,0.10311334328612305,0.08689504509781384
2016-03-29 00:00:00-04:00,17.989999771118164,18.1299991607666,17.979999542236328,18.1299991607666,24400,0.0,0.0,0.0,0.006104256393375307,0.006085700893714904,0.1050910221691726,0.08747049609538916
2016-03-30 00:00:00-04:00,18.100000381469727,18.1200008392334,17.969999313354492,17.969999313354492,15800,0.0,0.0,0.0,-0.008825143674487834,-0.008864315892186005,0.12491397538744017,0.09260509857259502
2016-03-31 00:00:00-04:00,17.969999313354492,18.079999923706055,17.709999084472656,18.020000457763672,17100,0.0,0.0,0.0,0.002782478927087162,0.0027786149984711226,0.10989808055164516,0.09254718307509138
2016-04-01 00:00:00-04:00,18.020000457763672,18.239999771118164,18.020000457763672,18.219999313354492,15400,0.0,0.0,0.0,0.011098715344630028,0.01103757656216908,0.1196107202507209,0.09735327174250517
2016-04-04 00:00:00-04:00,18.260000228881836,18.260000228881836,18.1299991607666,18.1299991607666,2500,0.0,0.0,0.0,-0.004939635344658022,-0.004951875668454111,0.12865439650979849,0.08475631382533323
2016-04-05 00:00:00-04:00,18.059999465942383,18.139999389648438,17.959999084472656,17.959999084472656,13300,0.0,0.0,0.0,-0.009376728304644755,-0.009420966578853671,0.13838601290819597,0.09365225698077373
2016-04-06 00:00:00-04:00,17.93000030517578,18.049999237060547,17.90999984741211,18.040000915527344,13600,0.0,0.0,0.0,0.004454445163299292,0.004444553486186912,0.12794938731055688,0.0941742626135172
2016-04-07 00:00:00-04:00,18.0,18.010000228881836,17.959999084472656,17.979999542236328,7100,0.0,0.0,0.0,-0.003326018306316847,-0.0033315618004587863,0.12933974441425983,0.09569269276760392
2016-04-08 00:00:00-04:00,18.139999389648438,18.18000030517578,18.139999389648438,18.149999618530273,17700,0.0,0.0,0.0,0.0094549544283693,0.009410536109373441,0.12033166027669917,0.09850146909837686
2016-04-11 00:00:00-04:00,18.239999771118164,18.399999618530273,18.229999542236328,18.389999389648438,22000,0.0,0.0,0.0,0.013223128163216913,0.013136465733667143,0.14666341711160286,0.10583053509088211
2016-04-12 00:00:00-04:00,18.5,18.549999237060547,18.34000015258789,18.510000228881836,18400,0.0,0.0,0.0,0.006525331333123718,0.006504133523802345,0.0984115776639699,0.10710378535921466
2016-04-13 00:00:00-04:00,18.59000015258789,18.889999389648438,18.59000015258789,18.84000015258789,11800,0.0,0.0,0.0,0.017828196630227167,0.01767113829664869,0.12642390312161977,0.11685255711650099
2016-04-14 00:00:00-04:00,18.75,18.829999923706055,18.639999389648438,18.68000030517578,19000,0.0,0.0,0.0,-0.008492560834195695,-0.00852882810963219,0.15869422141343845,0.12389809899623834
2016-04-15 00:00:00-04:00,18.68000030517578,18.889999389648438,18.670000076293945,18.829999923706055,4400,0.0,0.0,0.0,0.008029958034246443,0.007997889479608222,0.1580268961086262,0.1253977655949887
2016-04-18 00:00:00-04:00,18.81999969482422,18.979999542236328,18.790000915527344,18.790000915527344,14200,0.0,0.0,0.0,-0.0021242171184692182,-0.0021264764677851027,0.16008532961529978,0.12640517161724665
2016-04-19 00:00:00-04:00,18.84000015258789,19.25,18.84000015258789,19.25,14500,0.0,0.0,0.0,0.024481057054793975,0.02418619858424037,0.21631143387134474,0.14812368887985344
2016-04-20 00:00:00-04:00,19.149999618530273,19.43000030517578,19.110000610351562,19.389999389648438,25600,0.0,0.0,0.0,0.0072726955661526205,0.007246377043120396,0.19814355332633804,0.14842598117927316
2016-04-21 00:00:00-04:00,19.43000030517578,19.600000381469727,19.350000381469727,19.420000076293945,93000,0.0,0.0,0.0,0.0015472247338761402,0.0015460290148926786,0.16192140671555702,0.14300520369632075
2016-04-22 00:00:00-04:00,19.25,19.3799991607666,19.020000457763672,19.100000381469727,46100,0.0,0.0,0.0,-0.016477842099230644,-0.01661511176698532,0.2364486630623771,0.15930706672143607
2016-04-25 00:00:00-04:00,19.049999237060547,19.6299991607666,19.049999237060547,19.360000610351562,31500,0.0,0.0,0.0,0.013612577156494776,0.01352075835003318,0.24155388687203475,0.16291529778525862
2016-04-26 00:00:00-04:00,19.440000534057617,19.579999923706055,19.299999237060547,19.579999923706055,21500,0.0,0.0,0.0,0.011363600538156104,0.011299519830985965,0.19136101328681548,0.16502527441226997
2016-04-27 00:00:00-04:00,19.5,19.540000915527344,19.299999237060547,19.440000534057617,32800,0.0,0.0,0.0,-0.007150122073235399,-0.007175806701447782,0.2004521057064003,0.16341064274187284
2016-04-28 00:00:00-04:00,19.520000457763672,19.700000762939453,19.479999542236328,19.5,12200,0.0,0.0,0.0,0.0030863921961969965,0.003081639065308729,0.20121680318193752,0.1633844313589929
2016-04-29 00:00:00-04:00,19.399999618530273,19.579999923706055,19.399999618530273,19.520000457763672,25700,0.0,0.0,0.0,0.0010256645007011844,0.001025138866252878,0.13278709610945233,0.16148493098546526
2016-05-02 00:00:00-04:00,19.530000686645508,19.770000457763672,19.3700008392334,19.770000457763672,15900,0.0,0.0,0.0,0.012807376748834365,0.012726055901031152,0.1293412908544305,0.16146931974866383
2016-05-03 00:00:00-04:00,19.81999969482422,19.829999923706055,19.43000030517578,19.469999313354492,26200,0.0,0.0,0.0,-0.015174564363318988,-0.015290876219724343,0.16840357792936647,0.16915341520999802
2016-05-04 00:00:00-04:00,19.600000381469727,19.780000686645508,19.510000228881836,19.6200008392334,16000,0.0,0.0,0.0,0.007704238889008064,0.007674712794338434,0.1676945239927069,0.16963680169994702
2016-05-05 00:00:00-04:00,19.809999465942383,19.829999923706055,19.309999465942383,19.360000610351562,32400,0.0,0.0,0.0,-0.013251794992889199,-0.013340383536745121,0.19776696349066233,0.17892900728446065
2016-05-06 00:00:00-04:00,19.43000030517578,19.760000228881836,19.43000030517578,19.739999771118164,33400,0.0,0.0,0.0,0.019628055205918704,0.019437909035656734,0.24937152795409478,0.18669538837586488
2016-05-09 00:00:00-04:00,19.690000534057617,19.700000762939453,19.43000030517578,19.559999465942383,24800,0.0,0.0,0.0,-0.009118556598928684,-0.009160385107399149,0.23980253888773814,0.18931553621351116
2016-05-10 00:00:00-04:00,19.649999618530273,20.579999923706055,19.610000610351562,20.360000610351562,48800,0.0,0.0,0.0,0.040899855125360984,0.040085584357184484,0.35099459895301593,0.2319499162605313
2016-05-11 00:00:00-04:00,20.440000534057617,20.440000534057617,20.209999084472656,20.299999237060547,15400,0.0,0.0,0.0,-0.002947022175456615,-0.0029513731957795087,0.3617808186048178,0.22825554221573183
2016-05-12 00:00:00-04:00,20.420000076293945,20.420000076293945,20.040000915527344,20.1200008392334,15100,0.0,0.0,0.0,-0.008866916482367926,-0.008906461521577553,0.3473357687329721,0.22852742802020398
2016-05-13 00:00:00-04:00,20.0,20.059999465942383,19.959999084472656,20.010000228881836,9000,0.0,0.0,0.0,-0.005467226926604507,-0.0054822269089244945,0.33964521157151906,0.23024323453924134
2016-05-16 00:00:00-04:00,20.049999237060547,20.059999465942383,19.959999084472656,20.020000457763672,15900,0.0,0.0,0.0,0.0004997615575936809,0.0004996367183779522,0.3247399861449903,0.22963473731737216
2016-05-17 00:00:00-04:00,19.979999542236328,20.299999237060547,19.979999542236328,20.260000228881836,12000,0.0,0.0,0.0,0.01198800028124336,0.011916713365372505,0.1271359510105007,0.2183361545732267
2016-05-18 00:00:00-04:00,20.239999771118164,20.239999771118164,20.06999969482422,20.06999969482422,8600,0.0,0.0,0.0,-0.009378111150599056,-0.009422362515087953,0.14092276661583264,0.2216344610001507
2016-05-19 00:00:00-04:00,19.84000015258789,20.040000915527344,19.68000030517578,19.989999771118164,17200,0.0,0.0,0.0,-0.003986045088315904,-0.003994010540185218,0.13033582444028746,0.22259186252824834
2016-05-20 00:00:00-04:00,20.030000686645508,20.030000686645508,19.850000381469727,19.889999389648438,12600,0.0,0.0,0.0,-0.005002520390931076,-0.005015074882964611,0.12943135669783273,0.21382653886040603
2016-05-23 00:00:00-04:00,19.6299991607666,19.770000457763672,19.610000610351562,19.639999389648438,20600,0.0,0.0,0.0,-0.0125691306018898,-0.012648790330171394,0.15033797009940325,0.21534343147116183
2016-05-24 00:00:00-04:00,19.450000762939453,19.799999237060547,19.450000762939453,19.56999969482422,14100,0.0,0.0,0.0,-0.003564139358431584,-0.0035705060354324965,0.062245281853989,0.2121306025541994
2016-05-25 00:00:00-04:00,19.649999618530273,19.969999313354492,19.649999618530273,19.90999984741211,4100,0.0,0.0,0.0,0.01737353898261995,0.017224344598299458,0.17773646162153225,0.21883329116806022
2016-05-26 00:00:00-04:00,20.0,20.0,19.81999969482422,19.940000534057617,34200,0.0,0.0,0.0,0.0015068150113224377,0.0015056809046995806,0.17727004958690304,0.21873257783262248
2016-05-27 00:00:00-04:00,19.979999542236328,20.1299991607666,19.979999542236328,20.1299991607666,18500,0.0,0.0,0.0,0.00952851663090315,0.00948340664409635,0.18366658733551272,0.22071332209701675
2016-05-31 00:00:00-04:00,20.1299991607666,20.260000228881836,20.020000457763672,20.06999969482422,4200,0.0,0.0,0.0,-0.00298059952527574,-0.002985050358341618,0.14218145204584587,0.2171962500198869
2016-06-01 00:00:00-04:00,20.170000076293945,20.209999084472656,20.149999618530273,20.209999084472656,11500,0.0,0.0,0.0,0.00697555514584991,0.006951338512141777,0.12358784308502657,0.20963285977501006
2016-06-02 00:00:00-04:00,20.299999237060547,20.5,20.239999771118164,20.360000610351562,26200,0.0,0.0,0.0,0.0074221441204394,0.007394735545477154,0.08128280989252618,0.2095325025015839
2016-06-03 00:00:00-04:00,20.399999618530273,20.540000915527344,20.360000610351562,20.530000686645508,25500,0.0,0.0,0.0,0.008349708801458133,0.008315042816503039,0.07996467902212624,0.2026856329631806
2016-06-06 00:00:00-04:00,20.739999771118164,20.93000030517578,20.709999084472656,20.850000381469727,58000,0.0,0.0,0.0,0.015586930546591438,0.01546670206392124,0.1050969254297036,0.19876199930128594
2016-06-07 00:00:00-04:00,20.8799991607666,21.049999237060547,20.799999237060547,21.010000228881836,27900,0.0,0.0,0.0,0.007673853452506707,0.007644559210135922,0.0572109826296565,0.19428008730927993
2016-06-08 00:00:00-04:00,21.09000015258789,21.6200008392334,21.09000015258789,21.559999465942383,59200,0.0,0.0,0.0,0.02617797387286447,0.025841195519178115,0.1283402309284999,0.16102709480748292
2016-06-09 00:00:00-04:00,21.479999542236328,21.549999237060547,21.34000015258789,21.469999313354492,26400,0.0,0.0,0.0,-0.0041744042123035285,-0.0041831413609714225,0.17737169792702703,0.1616774453615559
2016-06-10 00:00:00-04:00,21.600000381469727,21.950000762939453,21.520000457763672,21.610000610351562,32100,0.0,0.0,0.0,0.006520787213532442,0.006499618853671921,0.17937718000849284,0.1560081074866135
2016-06-13 00:00:00-04:00,21.790000915527344,21.899999618530273,21.610000610351562,21.6200008392334,18500,0.0,0.0,0.0,0.0004627593058486035,0.0004626522657822801,0.18368003809963546,0.15281210018267358
2016-06-14 00:00:00-04:00,21.489999771118164,21.510000228881836,21.260000228881836,21.40999984741211,34100,0.0,0.0,0.0,-0.009713273990267557,-0.009760755553870938,0.21960507990321856,0.15997668671010656
2016-06-15 00:00:00-04:00,21.3799991607666,21.3799991607666,21.200000762939453,21.200000762939453,32900,0.0,0.0,0.0,-0.009808458008842003,-0.009856877808970271,0.11079561330449925,0.16315313481926047
2016-06-16 00:00:00-04:00,21.049999237060547,21.06999969482422,20.770000457763672,20.889999389648438,23500,0.0,0.0,0.0,-0.014622705761074384,-0.014730671314605866,0.13737849766780516,0.16909455911964716
2016-06-17 00:00:00-04:00,21.1200008392334,21.350000381469727,21.1200008392334,21.350000381469727,9900,0.0,0.0,0.0,0.022020153435199807,0.021781211190997563,0.23307434105083633,0.18150825972114848
2016-06-20 00:00:00-04:00,21.15999984741211,21.15999984741211,21.0,21.100000381469727,11300,0.0,0.0,0.0,-0.011709601664315783,-0.011778698980913316,0.23980073934118537,0.1870816524559219
2016-06-21 00:00:00-04:00,20.90999984741211,20.90999984741211,20.670000076293945,20.690000534057617,16700,0.0,0.0,0.0,-0.01943127203789896,-0.01962254099134869,0.26138280452865337,0.196038331097577
2016-06-22 00:00:00-04:00,20.709999084472656,20.8700008392334,20.690000534057617,20.729999542236328,9500,0.0,0.0,0.0,0.0019332531245161988,0.0019313867956980324,0.2658684506310001,0.19468256845478912
2016-06-23 00:00:00-04:00,20.729999542236328,20.8799991607666,20.530000686645508,20.540000915527344,21100,0.0,0.0,0.0,-0.009165394640837876,-0.009207655292194004,0.25520894014572554,0.1913766270388537
2016-06-24 00:00:00-04:00,20.219999313354492,20.389999389648438,20.139999389648438,20.3700008392334,32600,0.0,0.0,0.0,-0.008276536938488288,-0.008310977635116942,0.1218558366283807,0.19458253968577122
2016-06-27 00:00:00-04:00,20.459999084472656,20.729999542236328,20.459999084472656,20.709999084472656,18800,0.0,0.0,0.0,0.01669112573546916,0.016553359762280576,0.2167621878390825,0.2002570129901632
2016-06-28 00:00:00-04:00,21.110000610351562,21.110000610351562,20.809999465942383,20.940000534057617,19400,0.0,0.0,0.0,0.011105816501817412,0.011044599746100855,0.18237998583636833,0.20231188635293684
2016-06-29 00:00:00-04:00,20.700000762939453,20.969999313354492,20.700000762939453,20.790000915527344,19700,0.0,0.0,0.0,-0.007163305382266283,-0.007189085039744831,0.19502301464517996,0.20410339705304092
2016-06-30 00:00:00-04:00,20.850000381469727,21.510000228881836,20.489999771118164,21.34000015258789,45200,0.0,0.0,0.0,0.0264549885926062,0.02611110711710039,0.24079300313334154,0.22184566025948158
2016-07-01 00:00:00-04:00,21.219999313354492,21.270000457763672,21.059999465942383,21.139999389648438,44000,0.0,0.0,0.0,-0.009372106912342248,-0.009416301453719956,0.24547059005589425,0.22449322495436969
2016-07-05 00:00:00-04:00,21.1200008392334,21.1200008392334,20.09000015258789,20.170000076293945,27300,0.0,0.0,0.0,-0.04588454784106899,-0.04697059582154426,0.43067565633110055,0.2741096833976756
2016-07-06 00:00:00-04:00,19.850000381469727,20.209999084472656,19.649999618530273,20.149999618530273,50900,0.0,0.0,0.0,-0.0009915943325741194,-0.000992086287474331,0.4103056068784914,0.27197481494033027
2016-07-07 00:00:00-04:00,20.170000076293945,20.18000030517578,19.360000610351562,19.360000610351562,21600,0.0,0.0,0.0,-0.039205906855314,-0.039995156086337566,0.46816369626429644,0.2811683344126483
2016-07-08 00:00:00-04:00,19.670000076293945,19.959999084472656,19.6299991607666,19.90999984741211,27000,0.0,0.0,0.0,0.028409050605425534,0.028012997037368745,0.4788328565453859,0.3055053721922284
2016-07-11 00:00:00-04:00,20.1200008392334,20.170000076293945,19.81999969482422,19.969999313354492,21300,0.0,0.0,0.0,0.0030135342241190965,0.0030090026316491746,0.4932671106921647,0.30421722237615784
2016-07-12 00:00:00-04:00,20.0,20.450000762939453,20.0,20.3799991607666,11300,0.0,0.0,0.0,0.020530789259363136,0.020322873571441823,0.4160904390608387,0.31602501002759015
2016-07-13 00:00:00-04:00,20.829999923706055,20.959999084472656,20.649999618530273,20.649999618530273,21600,0.0,0.0,0.0,0.013248305637001634,0.013161314318617388,0.42113348640676257,0.3198114880914271
2016-07-14 00:00:00-04:00,20.90999984741211,20.90999984741211,19.950000762939453,20.0,27900,0.0,0.0,0.0,-0.03147697968705998,-0.03198302737994037,0.37029783210391715,0.3360164556378593
2016-07-15 00:00:00-04:00,19.959999084472656,20.25,19.860000610351562,19.860000610351562,14900,0.0,0.0,0.0,-0.006999969482421875,-0.0070245842042578575,0.3219576342887643,0.33350757832393857
2016-07-18 00:00:00-04:00,19.65999984741211,20.139999389648438,19.540000915527344,20.06999969482422,46900,0.0,0.0,0.0,0.010573971702860785,0.010518458252943907,0.33125403111463236,0.32479191101456945
2016-07-19 00:00:00-04:00,19.8700008392334,19.8700008392334,19.399999618530273,19.510000228881836,57700,0.0,0.0,0.0,-0.027902315618210993,-0.02829898123614347,0.3314168119791035,0.3355348892312278
2016-07-20 00:00:00-04:00,19.5,19.610000610351562,19.110000610351562,19.209999084472656,14700,0.0,0.0,0.0,-0.01537678835928813,-0.015496237244962957,0.26954145324278544,0.3333142601228869
2016-07-21 00:00:00-04:00,19.440000534057617,19.440000534057617,19.190000534057617,19.260000228881836,12000,0.0,0.0,0.0,0.0026028707335856716,0.0025994891322009563,0.2390751894040184,0.3334672767413329
2016-07-22 00:00:00-04:00,18.989999771118164,18.989999771118164,18.600000381469727,18.93000030517578,89100,0.0,0.0,0.0,-0.017133952221412452,-0.017282436911262754,0.24858802556475532,0.3364619490139762
2016-07-25 00:00:00-04:00,18.899999618530273,18.899999618530273,18.459999084472656,18.510000228881836,69500,0.0,0.0,0.0,-0.022187008426994614,-0.022436842391795532,0.18232983685583415,0.3424547986671948
2016-07-26 00:00:00-04:00,18.520000457763672,18.780000686645508,18.520000457763672,18.68000030517578,14100,0.0,0.0,0.0,0.00918422875158531,0.009142310187016547,0.21666544476704974,0.3372757827912472
2016-07-27 00:00:00-04:00,18.850000381469727,18.989999771118164,18.81999969482422,18.84000015258789,20800,0.0,0.0,0.0,0.008565302184057044,0.008528828109632165,0.23523800733586453,0.3357911751038059
2016-07-28 00:00:00-04:00,18.850000381469727,18.90999984741211,18.600000381469727,18.709999084472656,14200,0.0,0.0,0.0,-0.0069002689523532945,-0.006924185893879174,0.22853727787151482,0.33577057431199864
2016-07-29 00:00:00-04:00,18.690000534057617,19.110000610351562,18.65999984741211,19.079999923706055,45600,0.0,0.0,0.0,0.019775566934177924,0.01958257066802323,0.26017068916986547,0.3282122766095932
2016-08-01 00:00:00-04:00,18.829999923706055,18.829999923706055,18.34000015258789,18.450000762939453,60900,0.0,0.0,0.0,-0.03301882407157952,-0.03357625018323876,0.32586248064853135,0.34245460954216744
2016-08-02 00:00:00-04:00,18.399999618530273,18.489999771118164,18.1200008392334,18.31999969482422,37000,0.0,0.0,0.0,-0.007046128061759638,-0.007071069250349809,0.31575594564826603,0.30946121930429354
2016-08-03 00:00:00-04:00,18.450000762939453,18.530000686645508,18.309999465942383,18.3799991607666,10000,0.0,0.0,0.0,0.0032750800732455065,0.003269728679481154,0.30482798216234075,0.31049302962823166
2016-08-04 00:00:00-04:00,18.520000457763672,18.520000457763672,18.350000381469727,18.3799991607666,9300,0.0,0.0,0.0,0.0,0.0,0.30574324250130963,0.28209802750174595
2016-08-05 00:00:00-04:00,18.520000457763672,18.75,18.520000457763672,18.690000534057617,41800,0.0,0.0,0.0,0.01686623435504475,0.016725578774583822,0.2922479659799783,0.26797664932261867
2016-08-08 00:00:00-04:00,18.8799991607666,18.889999389648438,18.6200008392334,18.81999969482422,26100,0.0,0.0,0.0,0.006955546123699197,0.006931467899747184,0.14038334037945016,0.2695147933713602
2016-08-09 00:00:00-04:00,18.709999084472656,19.010000228881836,18.709999084472656,18.860000610351562,31800,0.0,0.0,0.0,0.002125447193197516,0.002123191625806121,0.1056890901714421,0.2559385202371043
2016-08-10 00:00:00-04:00,18.940000534057617,18.950000762939453,18.68000030517578,18.760000228881836,14200,0.0,0.0,0.0,-0.005302246990110948,-0.005316353788933049,0.13287204581286183,0.24794998123468828
2016-08-11 00:00:00-04:00,18.84000015258789,18.8799991607666,18.799999237060547,18.799999237060547,7200,0.0,0.0,0.0,0.002132143267095099,0.0021298734754141547,0.12951774277185701,0.22762599106331768
2016-08-12 00:00:00-04:00,18.809999465942383,18.8799991607666,18.5,18.799999237060547,35700,0.0,0.0,0.0,0.0,0.0,0.07035527556965294,0.22734666218795038
2016-08-15 00:00:00-04:00,19.1299991607666,19.290000915527344,18.969999313354492,19.209999084472656,35000,0.0,0.0,0.0,0.02180850340695084,0.02157409986755371,0.16393085873856625,0.23919632418279174
2016-08-16 00:00:00-04:00,19.219999313354492,19.229999542236328,19.100000381469727,19.170000076293945,16800,0.0,0.0,0.0,-0.002082197297502364,-0.0020843680841560745,0.16982471372274052,0.21892510150243644
2016-08-17 00:00:00-04:00,19.149999618530273,19.309999465942383,19.139999389648438,19.309999465942383,54100,0.0,0.0,0.0,0.007303045857655732,0.0072765077459590564,0.1522108541305894,0.21361746508206814
2016-08-18 00:00:00-04:00,19.290000915527344,19.31999969482422,18.940000534057617,19.290000915527344,36700,0.0,0.0,0.0,-0.0010356577404526668,-0.0010361944044958566,0.15859002891016202,0.21349806014802447
2016-08-19 00:00:00-04:00,19.110000610351562,19.219999313354492,19.059999465942383,19.110000610351562,39700,0.0,0.0,0.0,-0.00933127509760201,-0.009375084187839352,0.18881639163002636,0.20680477850453763
2016-08-22 00:00:00-04:00,19.030000686645508,19.399999618530273,19.030000686645508,19.350000381469727,29200,0.0,0.0,0.0,0.012558857323539785,0.012480648998949911,0.13575961421220745,0.192404808314475
2016-08-23 00:00:00-04:00,19.31999969482422,19.350000381469727,19.239999771118164,19.280000686645508,9800,0.0,0.0,0.0,-0.0036175552167561076,-0.0036241143931958794,0.13870508788958208,0.19168715452737786
2016-08-24 00:00:00-04:00,19.219999313354492,19.239999771118164,19.010000228881836,19.1200008392334,15700,0.0,0.0,0.0,-0.008298746976857507,-0.008333373280578083,0.13950463455589818,0.19296259770453716
2016-08-25 00:00:00-04:00,19.059999465942383,19.06999969482422,18.639999389648438,18.649999618530273,31000,0.0,0.0,0.0,-0.02458165272350321,-0.024888825880530947,0.2114392097995628,0.21163469193757198
2016-08-26 00:00:00-04:00,18.760000228881836,18.790000915527344,18.469999313354492,18.559999465942383,25400,0.0,0.0,0.0,-0.004825745545778415,-0.0048374270522855535,0.2102612926827332,0.1986466560022221
2016-08-29 00:00:00-04:00,18.549999237060547,18.670000076293945,18.5,18.530000686645508,37100,0.0,0.0,0.0,-0.001616313586211171,-0.0016176212302474893,0.14707388560137427,0.15958952922725717
2016-08-30 00:00:00-04:00,18.489999771118164,18.5,18.229999542236328,18.31999969482422,8800,0.0,0.0,0.0,-0.01133302666160374,-0.011397734765233097,0.14070872947696755,0.16288551761020365
2016-08-31 00:00:00-04:00,18.15999984741211,18.3799991607666,18.079999923706055,18.15999984741211,71700,0.0,0.0,0.0,-0.00873361627060032,-0.00877197781718711,0.1403854580341043,0.1652918379752809
2016-09-01 00:00:00-04:00,18.209999084472656,18.229999542236328,18.1200008392334,18.200000762939453,32400,0.0,0.0,0.0,0.0022026936048153978,0.002200271231768617,0.08596793010846071,0.16557380646656233
2016-09-02 00:00:00-04:00,18.260000228881836,18.389999389648438,18.260000228881836,18.389999389648438,43000,0.0,0.0,0.0,0.010439484546389544,0.010385369424411966,0.13857581109325773,0.15806557203308222
2016-09-06 00:00:00-04:00,18.309999465942383,18.5,18.270000457763672,18.489999771118164,5700,0.0,0.0,0.0,0.005437758824832661,0.005423027593440243,0.14792453494611774,0.1571720344195745
2016-09-07 00:00:00-04:00,18.649999618530273,18.780000686645508,18.639999389648438,18.780000686645508,29000,0.0,0.0,0.0,0.015684203305417643,0.015562477322358648,0.1464350811807261,0.1675860898628772
2016-09-08 00:00:00-04:00,18.790000915527344,18.8799991607666,18.65999984741211,18.780000686645508,7800,0.0,0.0,0.0,0.0,0.0,0.10083584277888272,0.16648128578231314
2016-09-09 00:00:00-04:00,18.75,18.889999389648438,18.700000762939453,18.81999969482422,6400,0.0,0.0,0.0,0.002129872562100399,0.0021276075990199826,0.10104397059074752,0.16648091936233297
2016-09-12 00:00:00-04:00,18.760000228881836,18.950000762939453,18.559999465942383,18.6299991607666,20000,0.0,0.0,0.0,-0.010095671473888013,-0.010146978375651686,0.14794101688236852,0.17037709863787887
2016-09-13 00:00:00-04:00,18.489999771118164,18.489999771118164,18.260000228881836,18.280000686645508,65100,0.0,0.0,0.0,-0.018786821786775154,-0.01896553597741018,0.20711455768489845,0.16086797100177752
2016-09-14 00:00:00-04:00,18.25,18.31999969482422,18.239999771118164,18.270000457763672,23600,0.0,0.0,0.0,-0.0005470584521991562,-0.0005472081432698839,0.13989584880444453,0.16100411506393988
2016-09-15 00:00:00-04:00,18.299999237060547,18.440000534057617,18.239999771118164,18.399999618530273,37400,0.0,0.0,0.0,0.007115443760777662,0.0070902484374913595,0.1643704976045596,0.16085620728934416
2016-09-16 00:00:00-04:00,18.290000915527344,18.700000762939453,18.290000915527344,18.649999618530273,14700,0.0,0.0,0.0,0.013586956803424588,0.013495481752794126,0.20624169386352906,0.17053805721197682
2016-09-19 00:00:00-04:00,18.8799991607666,18.8799991607666,18.700000762939453,18.809999465942383,2000,0.0,0.0,0.0,0.008579080465671352,0.00854248928503739,0.20115709946276225,0.1716581328256978
2016-09-20 00:00:00-04:00,18.979999542236328,19.1299991607666,18.979999542236328,19.049999237060547,37000,0.0,0.0,0.0,0.01275915884807488,0.012678446602673168,0.08965496511456442,0.17186522137917326
2016-09-21 00:00:00-04:00,19.079999923706055,19.079999923706055,18.799999237060547,18.90999984741211,36400,0.0,0.0,0.0,-0.007349049619701731,-0.007376186922191948,0.13398191251489466,0.17320335697193864
2016-09-22 00:00:00-04:00,18.90999984741211,19.0,18.850000381469727,18.850000381469727,8800,0.0,0.0,0.0,-0.003172896162164429,-0.0031779404700618425,0.15184326214032998,0.17124846528407991
2016-09-23 00:00:00-04:00,18.690000534057617,18.700000762939453,18.469999313354492,18.510000228881836,13700,0.0,0.0,0.0,-0.018037143008343026,-0.018201795180427065,0.196898770722825,0.16034979472748842
2016-09-26 00:00:00-04:00,18.479999542236328,18.540000915527344,18.3700008392334,18.440000534057617,7200,0.0,0.0,0.0,-0.0037817230663776957,-0.0037888918603560737,0.17566698867209599,0.16000385401265307
2016-09-27 00:00:00-04:00,18.3799991607666,18.559999465942383,18.200000762939453,18.510000228881836,46100,0.0,0.0,0.0,0.0037960787850810362,0.0037888918603560862,0.12678893372872538,0.160554969055558
2016-09-28 00:00:00-04:00,18.469999313354492,18.549999237060547,18.389999389648438,18.489999771118164,17300,0.0,0.0,0.0,-0.0010805217458865757,-0.001081105930362176,0.12946220923853977,0.15498914311240916
2016-09-29 00:00:00-04:00,18.510000228881836,18.510000228881836,18.399999618530273,18.440000534057617,12100,0.0,0.0,0.0,-0.0027041231843953906,-0.002707785929993873,0.12979707674814178,0.1516631419106662
2016-09-30 00:00:00-04:00,18.5,18.579999923706055,18.440000534057617,18.479999542236328,22600,0.0,0.0,0.0,0.002169143547736674,0.0021667943524192055,0.051060610064025125,0.15165909888892423
2016-10-03 00:00:00-04:00,18.489999771118164,18.920000076293945,18.399999618530273,18.8799991607666,21100,0.0,0.0,0.0,0.0216450015388836,0.02141407482365579,0.15524782885053554,0.16566750318889528
2016-10-04 00:00:00-04:00,18.809999465942383,18.809999465942383,18.719999313354492,18.719999313354492,12500,0.0,0.0,0.0,-0.008474568565903118,-0.008510681896768226,0.18217789335251877,0.1684706065426938
2016-10-05 00:00:00-04:00,18.739999771118164,18.809999465942383,18.549999237060547,18.639999389648438,9800,0.0,0.0,0.0,-0.004273500354724069,-0.0042826578564018674,0.18726204658536902,0.15954122342411628
2016-10-06 00:00:00-04:00,18.549999237060547,18.649999618530273,18.5,18.610000610351562,23400,0.0,0.0,0.0,-0.0016093766244185126,-0.0016106730621358732,0.18580578336453885,0.15959985882310967
2016-10-07 00:00:00-04:00,18.75,18.829999923706055,18.579999923706055,18.579999923706055,4200,0.0,0.0,0.0,-0.0016120733832120093,-0.0016133741716740427,0.187382051788088,0.15936365074544745
2016-10-10 00:00:00-04:00,18.56999969482422,18.760000228881836,18.540000915527344,18.579999923706055,14000,0.0,0.0,0.0,0.0,0.0,0.05280802702206388,0.15535879775900802
2016-10-11 00:00:00-04:00,18.65999984741211,18.700000762939453,18.549999237060547,18.549999237060547,4400,0.0,0.0,0.0,-0.0016146763599944602,-0.001615981354820269,0.024415022692021685,0.1390493287964074
2016-10-12 00:00:00-04:00,18.6299991607666,18.719999313354492,18.420000076293945,18.469999313354492,24500,0.0,0.0,0.0,-0.004312664528105525,-0.004321990889743178,0.024663097751750927,0.14016030059210102
2016-10-13 00:00:00-04:00,18.440000534057617,18.709999084472656,18.309999465942383,18.639999389648438,31100,0.0,0.0,0.0,0.009204119253595655,0.009162019478373333,0.08247360606511453,0.14164001724926112
2016-10-14 00:00:00-04:00,18.93000030517578,18.950000762939453,18.770000457763672,18.770000457763672,24900,0.0,0.0,0.0,0.0069743064577261205,0.006950098473203772,0.09172460051036496,0.13546174727906804
2016-10-17 00:00:00-04:00,18.93000030517578,19.059999465942383,18.829999923706055,19.059999465942383,33200,0.0,0.0,0.0,0.015450133250197284,0.015331995219777997,0.12826934189807904,0.14298132042357173
2016-10-18 00:00:00-04:00,18.989999771118164,19.15999984741211,18.920000076293945,18.969999313354492,52800,0.0,0.0,0.0,-0.004721938882984111,-0.004733122455710855,0.13994389283756514,0.1367536819441327
2016-10-19 00:00:00-04:00,19.030000686645508,19.139999389648438,19.030000686645508,19.1299991607666,10200,0.0,0.0,0.0,0.008434362319637678,0.00839899183161223,0.11657271303808406,0.13724775447951146
2016-10-20 00:00:00-04:00,19.209999084472656,19.219999313354492,18.950000762939453,18.969999313354492,18900,0.0,0.0,0.0,-0.008363818841155557,-0.008398991831612227,0.15625709330167237,0.14034916503992903
2016-10-21 00:00:00-04:00,18.969999313354492,19.149999618530273,18.969999313354492,19.1200008392334,10000,0.0,0.0,0.0,0.007907302651998904,0.007876203765681652,0.1576774006161549,0.12458694780589606
2016-10-24 00:00:00-04:00,19.280000686645508,19.399999618530273,19.139999389648438,19.239999771118164,9300,0.0,0.0,0.0,0.006276094488371298,0.006256481825200696,0.12477697078387168,0.12388274064997915
2016-10-25 00:00:00-04:00,19.329999923706055,19.399999618530273,19.1200008392334,19.270000457763672,22900,0.0,0.0,0.0,0.0015592872662371082,0.00155807284011001,0.11095885609387787,0.12374397319372452
2016-10-26 00:00:00-04:00,19.440000534057617,19.600000381469727,19.420000076293945,19.559999465942383,21300,0.0,0.0,0.0,0.015049247601957028,0.014937131121586766,0.137517463551546,0.1313561048912705
2016-10-27 00:00:00-04:00,19.579999923706055,19.770000457763672,19.479999542236328,19.610000610351562,16100,0.0,0.0,0.0,0.0025562957962366184,0.002553034029648641,0.08509529019105877,0.12972354301454747
2016-10-28 00:00:00-04:00,19.649999618530273,19.649999618530273,19.360000610351562,19.40999984741211,14000,0.0,0.0,0.0,-0.010198916711602668,-0.010251282013144528,0.1447084338506413,0.13807599832450496
2016-10-31 00:00:00-04:00,19.43000030517578,19.520000457763672,19.3700008392334,19.420000076293945,4500,0.0,0.0,0.0,0.0005152101473699933,0.00051507747219046,0.1423738226772797,0.11813669096713814
2016-11-01 00:00:00-04:00,19.360000610351562,19.3700008392334,19.049999237060547,19.049999237060547,23400,0.0,0.0,0.0,-0.019052566312039332,-0.019236405268412308,0.2062952460226696,0.13471210021530197
2016-11-02 00:00:00-04:00,19.079999923706055,19.110000610351562,18.940000534057617,18.969999313354492,28400,0.0,0.0,0.0,-0.00419947122887121,-0.004208313772861287,0.13904285104116493,0.13467458301506693
2016-11-03 00:00:00-04:00,19.020000457763672,19.079999923706055,19.020000457763672,19.020000457763672,1600,0.0,0.0,0.0,0.0026358010658429354,0.0026323334342018487,0.13935461004837285,0.13446330467292414
2016-11-04 00:00:00-04:00,18.979999542236328,19.110000610351562,18.979999542236328,19.040000915527344,4100,0.0,0.0,0.0,0.001051548753013165,0.0010509962629027868,0.14118006892042423,0.1340762256541394
2016-11-07 00:00:00-05:00,19.139999389648438,19.239999771118164,19.1200008392334,19.200000762939453,14500,0.0,0.0,0.0,0.0084033529263976,0.008368241322527527,0.1654285018668904,0.1363300945866775
2016-11-08 00:00:00-05:00,19.299999237060547,19.56999969482422,19.299999237060547,19.360000610351562,13800,0.0,0.0,0.0,0.00833332505491069,0.008298794604689132,0.08441229827933909,0.13770996084247905
2016-11-09 00:00:00-05:00,19.479999542236328,19.5,19.030000686645508,19.110000610351562,18400,0.0,0.0,0.0,-0.01291322273338813,-0.012997323183815704,0.13829574143406115,0.14620589896147926
2016-11-10 00:00:00-05:00,19.34000015258789,19.3799991607666,19.209999084472656,19.270000457763672,19400,0.0,0.0,0.0,0.008372571549026597,0.008337715990486588,0.14698243304427125,0.14567204758540078
2016-11-11 00:00:00-05:00,19.270000457763672,19.270000457763672,18.860000610351562,19.059999465942383,80400,0.0,0.0,0.0,-0.010897819762981986,-0.010957635975281321,0.17665291331217098,0.15081819940579283
2016-11-14 00:00:00-05:00,18.860000610351562,19.0,18.860000610351562,18.950000762939453,12700,0.0,0.0,0.0,-0.005771180801945053,-0.005787898417151933,0.16367006919521157,0.14205317081907995
2016-11-15 00:00:00-05:00,18.920000076293945,19.09000015258789,18.899999618530273,19.06999969482422,8400,0.0,0.0,0.0,0.006332397205990992,0.006312431820310755,0.15569020058071287,0.1428560533327877
2016-11-16 00:00:00-05:00,19.110000610351562,19.170000076293945,18.950000762939453,19.010000228881836,6400,0.0,0.0,0.0,-0.003146275139095378,-0.003151235068989186,0.12968224764721237,0.13999750786880352
2016-11-17 00:00:00-05:00,18.969999313354492,19.010000228881836,18.969999313354492,19.0,6500,0.0,0.0,0.0,-0.0005260509606224151,-0.0005261893739727801,0.10136529419266367,0.13671917711322285
2016-11-18 00:00:00-05:00,19.110000610351562,19.209999084472656,19.09000015258789,19.15999984741211,13000,0.0,0.0,0.0,0.008421044600637417,0.008385785412396695,0.096839855325135,0.13711914104036652
2016-11-21 00:00:00-05:00,19.360000610351562,19.6200008392334,19.360000610351562,19.610000610351562,7400,0.0,0.0,0.0,0.023486470069060683,0.023214906753923275,0.1653198150655562,0.1591697964448406
2016-11-22 00:00:00-05:00,19.59000015258789,19.799999237060547,19.59000015258789,19.75,17500,0.0,0.0,0.0,0.007139183339675004,0.00711382001437051,0.16524034927639822,0.1606549991565574
2016-11-23 00:00:00-05:00,19.700000762939453,19.81999969482422,19.549999237060547,19.809999465942383,59200,0.0,0.0,0.0,0.0030379476426523055,0.003033342404337058,0.1458336667683252,0.1524487028709356
2016-11-25 00:00:00-05:00,19.809999465942383,19.90999984741211,19.770000457763672,19.90999984741211,5000,0.0,0.0,0.0,0.005047974970501468,0.005035276660754873,0.12894327334473712,0.153110792685235
2016-11-28 00:00:00-05:00,20.110000610351562,20.239999771118164,19.950000762939453,20.1200008392334,61800,0.0,0.0,0.0,0.010547513482205506,0.010492276530716193,0.1287822454699899,0.1510337031784237
2016-11-29 00:00:00-05:00,19.989999771118164,20.010000228881836,19.920000076293945,19.950000762939453,10900,0.0,0.0,0.0,-0.008449307614463386,-0.008485205364488222,0.11455537239381941,0.15536726911874632
2016-11-30 00:00:00-05:00,19.93000030517578,20.100000381469727,19.739999771118164,19.739999771118164,37800,0.0,0.0,0.0,-0.010526365102271118,-0.010582159167939842,0.1437789139880792,0.1429366589784265
2016-12-01 00:00:00-05:00,19.780000686645508,19.780000686645508,19.600000381469727,19.719999313354492,15700,0.0,0.0,0.0,-0.001013194427334052,-0.0010137080557741332,0.1411165760907625,0.14159847560108602
2016-12-02 00:00:00-05:00,19.809999465942383,19.850000381469727,19.719999313354492,19.719999313354492,2800,0.0,0.0,0.0,0.0,0.0,0.1320173011169574,0.14174517243615975
2016-12-05 00:00:00-05:00,19.899999618530273,20.06999969482422,19.899999618530273,19.93000030517578,12800,0.0,0.0,0.0,0.010649137887092985,0.010592835182348896,0.13262098052959523,0.1450859823122922
2016-12-06 00:00:00-05:00,20.139999389648438,20.200000762939453,20.010000228881836,20.020000457763672,6100,0.0,0.0,0.0,0.0045158129056583896,0.0045056472153067965,0.12372927308322616,0.1435747012961218
2016-12-07 00:00:00-05:00,20.030000686645508,20.1200008392334,19.950000762939453,20.1200008392334,2600,0.0,0.0,0.0,0.004995023935224108,0.0049825901905465875,0.07380096601529236,0.14214417824255393
2016-12-08 00:00:00-05:00,19.969999313354492,19.969999313354492,19.649999618530273,19.649999618530273,33500,0.0,0.0,0.0,-0.023359900651029664,-0.023637068040886715,0.21035729923519655,0.16032155020100133
2016-12-09 00:00:00-05:00,19.799999237060547,19.940000534057617,19.68000030517578,19.90999984741211,9000,0.0,0.0,0.0,0.013231564067647694,0.013144791510170483,0.23268198483541389,0.1639929143567967
2016-12-12 00:00:00-05:00,19.8700008392334,19.8799991607666,19.760000228881836,19.790000915527344,5600,0.0,0.0,0.0,-0.006027068448238193,-0.006045304535630119,0.2235993003387619,0.15989612772967368
2016-12-13 00:00:00-05:00,19.8700008392334,19.8700008392334,19.739999771118164,19.799999237060547,4600,0.0,0.0,0.0,0.0005052208726963325,0.0005050932916005082,0.21875507067601555,0.15742009147307334
2016-12-14 00:00:00-05:00,19.639999389648438,19.690000534057617,19.639999389648438,19.649999618530273,1900,0.0,0.0,0.0,-0.007575738601520388,-0.007604580266140799,0.2110239784041719,0.1603424298156188
2016-12-15 00:00:00-05:00,19.649999618530273,19.799999237060547,19.559999465942383,19.709999084472656,11500,0.0,0.0,0.0,0.0030534079952755366,0.003048755812684676,0.1319443600614272,0.15944293980848684
2016-12-16 00:00:00-05:00,19.739999771118164,19.850000381469727,19.6200008392334,19.809999465942383,6900,0.0,0.0,0.0,0.005073586307190903,0.005060759036730723,0.08841966903916386,0.1595715159585087
2016-12-19 00:00:00-05:00,19.59000015258789,19.670000076293945,19.579999923706055,19.600000381469727,3100,0.0,0.0,0.0,-0.01060066078415045,-0.010657248052255442,0.10850181432432623,0.16386458196598577
2016-12-20 00:00:00-05:00,19.450000762939453,19.450000762939453,19.280000686645508,19.290000915527344,28800,0.0,0.0,0.0,-0.015816298974946075,-0.015942711320334646,0.14224719177716857,0.15187476641656503
2016-12-21 00:00:00-05:00,19.399999618530273,19.399999618530273,19.299999237060547,19.350000381469727,6400,0.0,0.0,0.0,0.0031103920733401846,0.0031055648111104517,0.15084636769687626,0.14974742372855335
2016-12-22 00:00:00-05:00,19.18000030517578,19.260000228881836,19.059999465942383,19.06999969482422,26900,0.0,0.0,0.0,-0.014470319438011359,-0.014576035580585922,0.15743680871739235,0.15627095294040622
2016-12-23 00:00:00-05:00,19.0,19.020000457763672,18.969999313354492,18.969999313354492,13100,0.0,0.0,0.0,-0.005243858577347993,-0.00525765585886981,0.1226903183905423,0.15450099454506408
2016-12-27 00:00:00-05:00,19.270000457763672,19.3700008392334,19.200000762939453,19.3700008392334,12700,0.0,0.0,0.0,0.021086006344624098,0.020866772994824104,0.2401783984414332,0.16994405870743104
2016-12-28 00:00:00-05:00,19.3700008392334,19.3700008392334,19.209999084472656,19.260000228881836,5800,0.0,0.0,0.0,-0.0056789161376162856,-0.00569510249158529,0.21344367535311543,0.16879636307572757
2016-12-29 00:00:00-05:00,19.219999313354492,19.239999771118164,19.190000534057617,19.190000534057617,2200,0.0,0.0,0.0,-0.003634459708845128,-0.0036410804041677033,0.21214211633275834,0.16576466957697952
2016-12-30 00:00:00-05:00,19.18000030517578,19.270000457763672,19.079999923706055,19.100000381469727,6500,0.0,0.0,0.0,-0.0046899504993843655,-0.004700982824782813,0.18425655635235091,0.16617591196370715
2017-01-03 00:00:00-05:00,19.09000015258789,19.09000015258789,18.93000030517578,18.93000030517578,17000,0.0,0.0,0.0,-0.008900527376893397,-0.008940373682312245,0.19289864958143543,0.1680717036424127
2017-01-04 00:00:00-05:00,19.079999923706055,19.239999771118164,19.079999923706055,19.219999313354492,5600,0.0,0.0,0.0,0.015319545879744156,0.01520338647406433,0.1526469411782183,0.17346078870182316
2017-01-05 00:00:00-05:00,19.18000030517578,19.25,19.15999984741211,19.239999771118164,78100,0.0,0.0,0.0,0.0010406065805514952,0.001040065524841975,0.14850220259044172,0.17222866196679443
2017-01-06 00:00:00-05:00,19.139999389648438,19.139999389648438,18.899999618530273,18.940000534057617,40400,0.0,0.0,0.0,-0.015592476124188237,-0.015715317386143395,0.1856752288585993,0.17669695696507318
2017-01-09 00:00:00-05:00,18.979999542236328,19.110000610351562,18.90999984741211,19.110000610351562,24700,0.0,0.0,0.0,0.008975716552291235,0.008935674235766798,0.2005688395015451,0.16400327357327427
2017-01-10 00:00:00-05:00,19.09000015258789,19.299999237060547,19.09000015258789,19.280000686645508,40500,0.0,0.0,0.0,0.00889586974695633,0.008856534605753951,0.1893517100122334,0.15955519192155398
2017-01-11 00:00:00-05:00,19.190000534057617,19.239999771118164,19.049999237060547,19.170000076293945,22300,0.0,0.0,0.0,-0.00570542564491483,-0.005721763759377858,0.16560576191895934,0.1594397595894293
2017-01-12 00:00:00-05:00,19.239999771118164,19.700000762939453,19.100000381469727,19.649999618530273,22900,0.0,0.0,0.0,0.025039099651851693,0.024730757864637805,0.24706559005591752,0.1853043589231763
2017-01-13 00:00:00-05:00,19.59000015258789,19.889999389648438,19.59000015258789,19.780000686645508,44700,0.0,0.0,0.0,0.006615830566868874,0.006594042006643862,0.1737007758176657,0.18477640305273818
2017-01-17 00:00:00-05:00,20.1200008392334,20.190000534057617,19.979999542236328,20.059999465942383,165000,0.0,0.0,0.0,0.014155650635842232,0.014056395002080925,0.1779390824595602,0.19099380641617691
2017-01-18 00:00:00-05:00,20.059999465942383,20.260000228881836,20.020000457763672,20.190000534057617,19600,0.0,0.0,0.0,0.006480611743582054,0.0064597028655593094,0.1795314278509609,0.19146154295746345
2017-01-19 00:00:00-05:00,20.139999389648438,20.200000762939453,20.059999465942383,20.1200008392334,14900,0.0,0.0,0.0,-0.0034670476955233065,-0.0034730718333974273,0.16806889092297414,0.1873496334398148
2017-01-20 00:00:00-05:00,20.040000915527344,20.149999618530273,20.010000228881836,20.06999969482422,5600,0.0,0.0,0.0,-0.002485146238745628,-0.002488239340262015,0.11600595170817231,0.17680356732824648
2017-01-23 00:00:00-05:00,20.010000228881836,20.079999923706055,19.90999984741211,20.010000228881836,9400,0.0,0.0,0.0,-0.002989510057534117,-0.0029939875686625446,0.12351595809446393,0.17763881528809955
2017-01-24 00:00:00-05:00,19.989999771118164,20.0,19.860000610351562,19.989999771118164,9500,0.0,0.0,0.0,-0.0009995231151873618,-0.0010000229715226578,0.06532497186520787,0.16748254035218468
2017-01-25 00:00:00-05:00,19.959999084472656,19.989999771118164,19.940000534057617,19.950000762939453,8300,0.0,0.0,0.0,-0.002000950907288246,-0.002002955484041078,0.015087610686344897,0.1659048230914441
2017-01-26 00:00:00-05:00,19.84000015258789,19.920000076293945,19.809999465942383,19.850000381469727,4200,0.0,0.0,0.0,-0.00501255025791747,-0.0050251552276331,0.0236233370397396,0.152611771156596
2017-01-27 00:00:00-05:00,19.809999465942383,19.8799991607666,19.799999237060547,19.850000381469727,2300,0.0,0.0,0.0,0.0,0.0,0.030591425805181465,0.1504997235175571
2017-01-30 00:00:00-05:00,19.68000030517578,19.68000030517578,19.350000381469727,19.3799991607666,22500,0.0,0.0,0.0,-0.02367764290533103,-0.023962463192295388,0.15672802959163074,0.1745554112545802
2017-01-31 00:00:00-05:00,19.469999313354492,19.469999313354492,19.3700008392334,19.389999389648438,2100,0.0,0.0,0.0,0.0005160077045864853,0.0005158746183912556,0.16030870239826167,0.1734573473736784
2017-02-01 00:00:00-05:00,19.40999984741211,19.649999618530273,19.40999984741211,19.649999618530273,14400,0.0,0.0,0.0,0.013408985923982986,0.013319881125138745,0.2133071653541328,0.17496235764650703
2017-02-02 00:00:00-05:00,19.649999618530273,19.68000030517578,19.56999969482422,19.68000030517578,13400,0.0,0.0,0.0,0.0015267525306827956,0.0015255882289542434,0.21437872526769652,0.16765589401844574
2017-02-03 00:00:00-05:00,19.68000030517578,19.68000030517578,19.469999313354492,19.5,8300,0.0,0.0,0.0,-0.009146356828482416,-0.009188441561305544,0.2197237362625404,0.17166513734897088
2017-02-06 00:00:00-05:00,19.639999389648438,19.739999771118164,19.600000381469727,19.690000534057617,10200,0.0,0.0,0.0,0.009743617131159787,0.009696454204624502,0.13963205232795384,0.163062164293218
2017-02-07 00:00:00-05:00,19.6299991607666,19.760000228881836,19.6299991607666,19.75,9800,0.0,0.0,0.0,0.0030472048915692884,0.00304257157280516,0.13769853635476717,0.16104074573921828
2017-02-08 00:00:00-05:00,19.90999984741211,20.010000228881836,19.860000610351562,20.010000228881836,29500,0.0,0.0,0.0,0.013164568550979139,0.013078668686883814,0.13662133125345655,0.16425234818318396
2017-02-09 00:00:00-05:00,19.940000534057617,20.010000228881836,19.780000686645508,19.899999618530273,23700,0.0,0.0,0.0,-0.005497281813759858,-0.005512447472901062,0.1518100613060044,0.1641259543309657
2017-02-10 00:00:00-05:00,20.079999923706055,20.079999923706055,19.969999313354492,20.010000228881836,20200,0.0,0.0,0.0,0.005527668967849397,0.0055124474729011585,0.1131587712906418,0.1406022995337265
2017-02-13 00:00:00-05:00,19.90999984741211,20.059999465942383,19.90999984741211,19.969999313354492,29600,0.0,0.0,0.0,-0.0019990462303747236,-0.002001046990142489,0.1141391132111846,0.13931385571130636
2017-02-14 00:00:00-05:00,19.799999237060547,19.8799991607666,19.719999313354492,19.790000915527344,7100,0.0,0.0,0.0,-0.009013440361351321,-0.009054307167279315,0.14162311107019182,0.13337382521373967
2017-02-15 00:00:00-05:00,19.84000015258789,20.049999237060547,19.84000015258789,20.049999237060547,8200,0.0,0.0,0.0,0.013137863037146591,0.013052309824141727,0.141471950937126,0.14001816813450232
2017-02-16 00:00:00-05:00,20.059999465942383,20.059999465942383,19.760000228881836,19.760000228881836,9800,0.0,0.0,0.0,-0.014463791481980404,-0.014569411797923816,0.17539730631547137,0.1484906551411606
2017-02-17 00:00:00-05:00,19.670000076293945,19.68000030517578,19.559999465942383,19.6299991607666,19900,0.0,0.0,0.0,-0.006579001346630586,-0.006600738367034655,0.16625705861912823,0.14979005498526507
2017-02-21 00:00:00-05:00,19.5,19.6299991607666,19.479999542236328,19.479999542236328,14400,0.0,0.0,0.0,-0.0076413461509499125,-0.007670690820548951,0.16726419737999243,0.15148318917191078
2017-02-22 00:00:00-05:00,19.520000457763672,19.520000457763672,19.40999984741211,19.420000076293945,9900,0.0,0.0,0.0,-0.0030800547922135157,-0.003084807923420621,0.1633564836155065,0.15160880355243705
2017-02-23 00:00:00-05:00,19.389999389648438,19.389999389648438,19.209999084472656,19.270000457763672,14100,0.0,0.0,0.0,-0.007723976207053562,-0.007753960610281306,0.06552832931028459,0.15326073764209108
2017-02-24 00:00:00-05:00,19.25,19.280000686645508,19.219999313354492,19.239999771118164,16000,0.0,0.0,0.0,-0.0015568596747708163,-0.0015580728401099063,0.04485169585209432,0.15275659726142943
2017-02-27 00:00:00-05:00,19.3700008392334,19.3700008392334,19.15999984741211,19.299999237060547,23400,0.0,0.0,0.0,0.003118475397928533,0.0031136230388824214,0.07216929876198797,0.15356581740698136
2017-02-28 00:00:00-05:00,19.3700008392334,19.780000686645508,19.350000381469727,19.549999237060547,47200,0.0,0.0,0.0,0.012953368387701447,0.012870191026040687,0.12457462897077527,0.1371247417036204
2017-03-01 00:00:00-05:00,19.600000381469727,19.809999465942383,19.600000381469727,19.809999465942383,2400,0.0,0.0,0.0,0.013299244963087098,0.013211586345129778,0.14543694566665233,0.1444888960415252
2017-03-02 00:00:00-05:00,19.65999984741211,19.709999084472656,19.479999542236328,19.549999237060547,18500,0.0,0.0,0.0,-0.013124696410458325,-0.01321158634512984,0.17496371558444943,0.14523190359820062
2017-03-03 00:00:00-05:00,19.5,19.549999237060547,19.360000610351562,19.5,9700,0.0,0.0,0.0,-0.00255750583180403,-0.0025607818366369228,0.17671862780095804,0.14530570562568432
2017-03-06 00:00:00-05:00,19.530000686645508,19.65999984741211,19.510000228881836,19.510000228881836,20900,0.0,0.0,0.0,0.0005128322503504812,0.0005127007968324636,0.1773320912475455,0.14160976546697515
2017-03-07 00:00:00-05:00,19.40999984741211,19.40999984741211,19.299999237060547,19.350000381469727,4300,0.0,0.0,0.0,-0.008200914686574579,-0.008234727176545343,0.15931973529468962,0.13965240618969085
2017-03-08 00:00:00-05:00,19.280000686645508,19.280000686645508,19.219999313354492,19.229999542236328,25800,0.0,0.0,0.0,-0.006201593636572467,-0.006220903393963367,0.08320008760179717,0.1401015389321223
2017-03-09 00:00:00-05:00,19.110000610351562,19.200000762939453,19.0,19.06999969482422,52800,0.0,0.0,0.0,-0.00832032507648739,-0.008355132186622495,0.06099846899281903,0.13116080631569577
2017-03-10 00:00:00-05:00,19.040000915527344,19.040000915527344,18.93000030517578,19.0,26300,0.0,0.0,0.0,-0.0036706709986585873,-0.003677424442962064,0.058712913566741486,0.13074285933562865
2017-03-13 00:00:00-04:00,18.959999084472656,19.040000915527344,18.959999084472656,19.020000457763672,30800,0.0,0.0,0.0,0.0010526556717722624,0.0010521020182941907,0.06203905196881538,0.12813782352901934
2017-03-14 00:00:00-04:00,18.950000762939453,18.950000762939453,18.760000228881836,18.899999618530273,25700,0.0,0.0,0.0,-0.006309192236870653,-0.006329179302721537,0.0572930565626974,0.12882455240596954
2017-03-15 00:00:00-04:00,19.040000915527344,19.040000915527344,18.8700008392334,18.90999984741211,26200,0.0,0.0,0.0,0.0005291126499300525,0.0005289727191891355,0.06544961238663766,0.1270813960279153
2017-03-16 00:00:00-04:00,19.0,19.0,18.899999618530273,18.920000076293945,47900,0.0,0.0,0.0,0.0005288328377857088,0.0005286930549795361,0.051782527540422854,0.11405714964128981
2017-03-17 00:00:00-04:00,18.93000030517578,18.93000030517578,18.809999465942383,18.93000030517578,36600,0.0,0.0,0.0,0.0005285533214329785,0.000528413686327079,0.049605708709353484,0.10597683790420377
2017-03-20 00:00:00-04:00,18.93000030517578,19.049999237060547,18.920000076293945,18.920000076293945,37600,0.0,0.0,0.0,-0.0005282741004024594,-0.0005284136863269546,0.047231290423051304,0.10477143122653636
2017-03-21 00:00:00-04:00,18.920000076293945,19.040000915527344,18.850000381469727,19.0,6800,0.0,0.0,0.0,0.004228325760225138,0.004219411510258739,0.029063013785052383,0.104495136934759
2017-03-22 00:00:00-04:00,18.950000762939453,18.950000762939453,18.90999984741211,18.920000076293945,800,0.0,0.0,0.0,-0.004210522300318709,-0.00421941151025875,0.04787784190413888,0.10483763495873306
2017-03-23 00:00:00-04:00,18.920000076293945,18.950000762939453,18.809999465942383,18.850000381469727,5500,0.0,0.0,0.0,-0.0036997724387921593,-0.003706633525041368,0.05449780462092056,0.10250552832711239
2017-03-24 00:00:00-04:00,18.709999084472656,18.739999771118164,18.549999237060547,18.559999465942383,15200,0.0,0.0,0.0,-0.015384663642363905,-0.015504235547742296,0.11487661623615893,0.11441585615342256
2017-03-27 00:00:00-04:00,18.59000015258789,18.59000015258789,18.450000762939453,18.450000762939453,59100,0.0,0.0,0.0,-0.005926654427160782,-0.005944286745130761,0.11117137325921908,0.11379040979802768
2017-03-28 00:00:00-04:00,18.489999771118164,18.510000228881836,18.469999313354492,18.469999313354492,3700,0.0,0.0,0.0,0.001083932226995321,0.001083345196621427,0.0959255863086745,0.0997216850692759
2017-03-29 00:00:00-04:00,18.459999084472656,18.489999771118164,18.420000076293945,18.450000762939453,5800,0.0,0.0,0.0,-0.001082758590065569,-0.0010833451966215028,0.10125818088220558,0.08001033873753785
2017-03-30 00:00:00-04:00,18.309999465942383,18.3799991607666,18.299999237060547,18.329999923706055,8100,0.0,0.0,0.0,-0.006504110258599205,-0.006525354148898233,0.10094279909360701,0.07259660725421721
2017-03-31 00:00:00-04:00,18.280000686645508,18.280000686645508,18.06999969482422,18.1200008392334,51100,0.0,0.0,0.0,-0.011456578578653787,-0.011522710759227782,0.07814037275737105,0.0781976476057981
2017-04-03 00:00:00-04:00,18.200000762939453,18.200000762939453,18.030000686645508,18.030000686645508,11400,0.0,0.0,0.0,-0.004966895608140454,-0.0049792716314157786,0.07754575542622531,0.07673258603843965
2017-04-04 00:00:00-04:00,18.06999969482422,18.06999969482422,18.010000228881836,18.049999237060547,12600,0.0,0.0,0.0,0.0011091818998016922,0.0011085672120499654,0.07766217025552088,0.07696871190344823
2017-04-05 00:00:00-04:00,18.18000030517578,18.18000030517578,18.079999923706055,18.1299991607666,21000,0.0,0.0,0.0,0.004432128924515277,0.0044223359662205934,0.09997293325114709,0.08109025859265927
2017-04-06 00:00:00-04:00,18.06999969482422,18.100000381469727,18.0,18.030000686645508,18400,0.0,0.0,0.0,-0.005515635893546533,-0.005530903178270491,0.09832011079669957,0.07920603023306926
2017-04-07 00:00:00-04:00,18.09000015258789,18.09000015258789,17.989999771118164,18.059999465942383,9800,0.0,0.0,0.0,0.0016638257434506976,0.001662443118816933,0.06946180890340302,0.0806676571673547
2017-04-10 00:00:00-04:00,18.100000381469727,18.1299991607666,18.010000228881836,18.079999923706055,11400,0.0,0.0,0.0,0.001107445091645065,0.0011068323266901956,0.05817875035955691,0.08070008158794723
2017-04-11 00:00:00-04:00,18.049999237060547,18.079999923706055,17.899999618530273,18.079999923706055,39100,0.0,0.0,0.0,0.0,0.0,0.05805114978166452,0.07987289831020017
2017-04-12 00:00:00-04:00,18.1299991607666,18.200000762939453,18.1299991607666,18.18000030517578,6900,0.0,0.0,0.0,0.005530994573656356,0.005515754791446611,0.06322750432477998,0.08400861794803709
2017-04-13 00:00:00-04:00,18.270000457763672,18.309999465942383,18.219999313354492,18.309999465942383,47900,0.0,0.0,0.0,0.007150668789020376,0.007125223983201866,0.04890281268862098,0.08969897463626665
2017-04-17 00:00:00-04:00,18.25,18.270000457763672,18.209999084472656,18.229999542236328,12900,0.0,0.0,0.0,-0.004369193120669301,-0.00437876593876896,0.07287302037638076,0.08982622382686706
2017-04-18 00:00:00-04:00,18.15999984741211,18.15999984741211,18.010000228881836,18.139999389648438,30700,0.0,0.0,0.0,-0.00493692566362236,-0.0049491525398455295,0.08799554459778602,0.09031665117363796
2017-04-19 00:00:00-04:00,18.15999984741211,18.229999542236328,18.149999618530273,18.149999618530273,7300,0.0,0.0,0.0,0.0005512805522773778,0.000551128652977241,0.0878159380131234,0.08781477950325044
2017-04-20 00:00:00-04:00,18.25,18.25,18.049999237060547,18.079999923706055,15800,0.0,0.0,0.0,-0.003856732578261468,-0.003864188949011217,0.080870122397667,0.08772008146728173
2017-04-21 00:00:00-04:00,18.110000610351562,18.170000076293945,18.049999237060547,18.15999984741211,12200,0.0,0.0,0.0,0.004424774559935729,0.004415014026497735,0.06390119598113474,0.09063569614698391
2017-04-24 00:00:00-04:00,18.309999465942383,18.309999465942383,18.260000228881836,18.280000686645508,12600,0.0,0.0,0.0,0.006607975784234332,0.006586238817937468,0.07986245032549179,0.08007290226606385
2017-04-25 00:00:00-04:00,18.200000762939453,18.25,18.170000076293945,18.190000534057617,11100,0.0,0.0,0.0,-0.004923421729061572,-0.004935581698680385,0.07980395004787495,0.07928762593439337
2017-04-26 00:00:00-04:00,18.15999984741211,18.219999313354492,18.059999465942383,18.100000381469727,17900,0.0,0.0,0.0,-0.004947781745216595,-0.004960062542532065,0.0888781715383669,0.08037354950068225
2017-04-27 00:00:00-04:00,18.06999969482422,18.139999389648438,18.06999969482422,18.06999969482422,18400,0.0,0.0,0.0,-0.0016574964648189416,-0.0016588716318507884,0.08499264767095462,0.08040737002013554
2017-04-28 00:00:00-04:00,18.0,18.06999969482422,18.0,18.06999969482422,15100,0.0,0.0,0.0,0.0,0.0,0.0754208539822374,0.07780452841320085
2017-05-01 00:00:00-04:00,18.239999771118164,18.350000381469727,18.239999771118164,18.299999237060547,17500,0.0,0.0,0.0,0.012728253797492206,0.012647930441089417,0.11589167564089324,0.08077329880953404
2017-05-02 00:00:00-04:00,18.360000610351562,18.360000610351562,18.219999313354492,18.290000915527344,17200,0.0,0.0,0.0,-0.0005463563907125435,-0.000546505697751093,0.10746556799000136,0.07828611881900932
2017-05-03 00:00:00-04:00,18.309999465942383,18.3799991607666,18.290000915527344,18.3700008392334,34000,0.0,0.0,0.0,0.004373970459352838,0.004364432453087567,0.09384559013729285,0.0793477134766965
2017-05-04 00:00:00-04:00,18.270000457763672,18.34000015258789,18.25,18.270000457763672,34800,0.0,0.0,0.0,-0.005443678655482342,-0.005458549466632594,0.10835908578446818,0.08122353768381835
2017-05-05 00:00:00-04:00,18.309999465942383,18.459999084472656,18.280000686645508,18.280000686645508,20800,0.0,0.0,0.0,0.000547357888958766,0.000547208143269961,0.10771961875931672,0.07816328588766022
2017-05-08 00:00:00-04:00,18.270000457763672,18.270000457763672,18.15999984741211,18.200000762939453,15500,0.0,0.0,0.0,-0.004376363276862416,-0.0043859675861688515,0.06279273855540686,0.08009249625029392
2017-05-09 00:00:00-04:00,18.229999542236328,18.350000381469727,18.229999542236328,18.350000381469727,15200,0.0,0.0,0.0,0.00824173693639163,0.008207959286621087,0.09184897440810169,0.08479586724252278
2017-05-10 00:00:00-04:00,18.360000610351562,18.520000457763672,18.25,18.260000228881836,33900,0.0,0.0,0.0,-0.004904640366044655,-0.004916707587695535,0.09188765179610338,0.08713012862432341
2017-05-11 00:00:00-04:00,18.329999923706055,18.350000381469727,18.219999313354492,18.229999542236328,14000,0.0,0.0,0.0,-0.0016429729610877297,-0.0016443241213124431,0.08445689385896961,0.08534978368245652
2017-05-12 00:00:00-04:00,18.190000534057617,18.229999542236328,18.15999984741211,18.170000076293945,9300,0.0,0.0,0.0,-0.003291248900109567,-0.003296676973136058,0.08604856270348342,0.0819732170460877
2017-05-15 00:00:00-04:00,18.18000030517578,18.299999237060547,18.170000076293945,18.18000030517578,9100,0.0,0.0,0.0,0.0005503703269040816,0.0005502189287032178,0.08156360631782608,0.0806399937255666
2017-05-16 00:00:00-04:00,18.260000228881836,18.31999969482422,18.18000030517578,18.280000686645508,11900,0.0,0.0,0.0,0.0055005709456041885,0.005485498052988472,0.06412824521630613,0.08089020872607008
2017-05-17 00:00:00-04:00,18.329999923706055,18.360000610351562,18.290000915527344,18.290000915527344,27200,0.0,0.0,0.0,0.0005470584521991562,0.0005469088702749793,0.05255187994159863,0.08089010315721554
2017-05-18 00:00:00-04:00,18.079999923706055,18.079999923706055,17.8799991607666,17.93000030517578,27500,0.0,0.0,0.0,-0.01968291920892906,-0.019879207821500936,0.15380102595946177,0.10716663732729761
2017-05-19 00:00:00-04:00,18.059999465942383,18.059999465942383,18.020000457763672,18.020000457763672,14100,0.0,0.0,0.0,0.005019528781709637,0.0050069729458392,0.16467866896273325,0.107541531200441
2017-05-22 00:00:00-04:00,18.049999237060547,18.170000076293945,18.049999237060547,18.110000610351562,67200,0.0,0.0,0.0,0.004994458951254721,0.004982028014501193,0.17124804907798707,0.10629927642308316
2017-05-23 00:00:00-04:00,18.049999237060547,18.1299991607666,17.979999542236328,17.989999771118164,18500,0.0,0.0,0.0,-0.0066262195024336945,-0.006648270358066137,0.16500387828221755,0.10741659593726285
2017-05-24 00:00:00-04:00,18.0,18.020000457763672,17.950000762939453,17.989999771118164,10300,0.0,0.0,0.0,0.0,0.0,0.16427584609326265,0.10614645226291146
2017-05-25 00:00:00-04:00,17.979999542236328,17.989999771118164,17.799999237060547,17.799999237060547,50800,0.0,0.0,0.0,-0.010561452833515395,-0.010617620803444408,0.11092266511497831,0.11220758703950164
2017-05-26 00:00:00-04:00,17.81999969482422,17.81999969482422,17.649999618530273,17.649999618530273,15800,0.0,0.0,0.0,-0.008426945222445026,-0.00846265266998159,0.10237854875392217,0.1154228626108244
2017-05-30 00:00:00-04:00,17.670000076293945,17.670000076293945,17.489999771118164,17.530000686645508,38600,0.0,0.0,0.0,-0.006798806486022935,-0.006822023663409488,0.06278073574240083,0.10458602068110828
2017-05-31 00:00:00-04:00,17.56999969482422,17.56999969482422,17.489999771118164,17.510000228881836,16700,0.0,0.0,0.0,-0.0011409273805054188,-0.0011415787336274193,0.07320296503676361,0.10448813833393562
2017-06-01 00:00:00-04:00,17.540000915527344,17.540000915527344,17.489999771118164,17.530000686645508,10700,0.0,0.0,0.0,0.0011422305826520596,0.0011415787336274618,0.07873712926062586,0.10241861743179406
2017-06-02 00:00:00-04:00,17.579999923706055,17.65999984741211,17.540000915527344,17.65999984741211,26600,0.0,0.0,0.0,0.007415810363637698,0.007388448432622617,0.10122499743745479,0.10727000215609288
2017-06-05 00:00:00-04:00,17.6299991607666,17.729999542236328,17.6200008392334,17.6200008392334,15700,0.0,0.0,0.0,-0.0022649495200631753,-0.002267518397879459,0.08264359702619938,0.10696141434783626
2017-06-06 00:00:00-04:00,17.75,17.860000610351562,17.700000762939453,17.739999771118164,18600,0.0,0.0,0.0,0.006810381734918547,0.006787295841789626,0.07121068050677566,0.11071389527488694
2017-06-07 00:00:00-04:00,17.84000015258789,17.899999618530273,17.75,17.75,36200,0.0,0.0,0.0,0.0005637107672411545,0.000563551942011461,0.06677189397961758,0.10519492408840969
2017-06-08 00:00:00-04:00,17.950000762939453,17.989999771118164,17.8799991607666,17.889999389648438,19300,0.0,0.0,0.0,0.007887289557658494,0.00785634748229007,0.0734788741264496,0.10963546605817151
2017-06-09 00:00:00-04:00,17.90999984741211,17.969999313354492,17.8700008392334,17.969999313354492,43800,0.0,0.0,0.0,0.004471767827579853,0.00446179918109494,0.06781941316218681,0.11129600041418979
2017-06-12 00:00:00-04:00,17.920000076293945,17.920000076293945,17.799999237060547,17.829999923706055,26700,0.0,0.0,0.0,-0.007790728714407669,-0.007821234988725759,0.10073631815948847,0.11380607616425054
2017-06-13 00:00:00-04:00,17.90999984741211,17.959999084472656,17.809999465942383,17.809999465942383,17700,0.0,0.0,0.0,-0.001121730670176846,-0.0011223602809048686,0.09433686993697393,0.11367434393055743
2017-06-14 00:00:00-04:00,17.8700008392334,17.93000030517578,17.829999923706055,17.829999923706055,4900,0.0,0.0,0.0,0.001122990362909304,0.0011223602809049382,0.0943314020887371,0.11139165298893483
2017-06-15 00:00:00-04:00,17.709999084472656,17.950000762939453,17.709999084472656,17.93000030517578,10000,0.0,0.0,0.0,0.005608546376759671,0.005592877041357828,0.08460447999354553,0.11387892794189525
2017-06-16 00:00:00-04:00,17.940000534057617,18.059999465942383,17.8700008392334,18.020000457763672,21300,0.0,0.0,0.0,0.005019528781709637,0.0050069729458392,0.08631367351445475,0.09162110159593073
2017-06-19 00:00:00-04:00,18.100000381469727,18.110000610351562,17.989999771118164,17.989999771118164,8700,0.0,0.0,0.0,-0.0016648549324860262,-0.001666242343565088,0.05375707644739618,0.09008101012052445
2017-06-20 00:00:00-04:00,17.940000534057617,17.940000534057617,17.799999237060547,17.8700008392334,31100,0.0,0.0,0.0,-0.006670313141271755,-0.006692659105123569,0.08049319343057051,0.0908987875004788
2017-06-21 00:00:00-04:00,17.760000228881836,17.790000915527344,17.649999618530273,17.65999984741211,10300,0.0,0.0,0.0,-0.011751593842135422,-0.011821189599089382,0.11882652031885234,0.09698416227399463
2017-06-22 00:00:00-04:00,17.610000610351562,17.6299991607666,17.360000610351562,17.399999618530273,49400,0.0,0.0,0.0,-0.01472254989401578,-0.014832002238567404,0.12545574634994444,0.10854773188091728
2017-06-23 00:00:00-04:00,17.40999984741211,17.450000762939453,17.270000457763672,17.34000015258789,20200,0.0,0.0,0.0,-0.003448245244700221,-0.0034542041447768257,0.08741093952531816,0.10362172756160412
2017-06-26 00:00:00-04:00,17.3799991607666,17.450000762939453,17.350000381469727,17.389999389648438,3600,0.0,0.0,0.0,0.0028834623195250764,0.002879313116185063,0.11006446995584147,0.10103198181716963
2017-06-27 00:00:00-04:00,17.530000686645508,17.56999969482422,17.43000030517578,17.43000030517578,38900,0.0,0.0,0.0,0.0023002252404422663,0.0022975837722362764,0.12747846347186198,0.09891426927018372
2017-06-28 00:00:00-04:00,17.469999313354492,17.540000915527344,17.469999313354492,17.510000228881836,46900,0.0,0.0,0.0,0.0045897832647943115,0.0045792823286730025,0.12530115221279783,0.10032475114593155
2017-06-29 00:00:00-04:00,17.65999984741211,17.739999771118164,17.559999465942383,17.559999465942383,6800,0.0,0.0,0.0,0.002855467527526079,0.002851398424413138,0.048837379981373344,0.10076251002121184
2017-06-30 00:00:00-04:00,17.670000076293945,18.149999618530273,17.6200008392334,18.049999237060547,42000,0.0,0.0,0.0,0.02790431583261266,0.027522084717109187,0.17621545694150414,0.13934049199545162
2017-07-03 00:00:00-04:00,18.309999465942383,18.670000076293945,18.309999465942383,18.540000915527344,76400,0.0,0.0,0.0,0.027146908541731074,0.026784967008127044,0.2115533326530511,0.16633544039493423
2017-07-05 00:00:00-04:00,18.600000381469727,18.799999237060547,18.540000915527344,18.790000915527344,55400,0.0,0.0,0.0,0.01348435747867871,0.013394252630650657,0.18983744490449753,0.17021793774311375
2017-07-06 00:00:00-04:00,18.690000534057617,18.850000381469727,18.670000076293945,18.790000915527344,40900,0.0,0.0,0.0,0.0,0.0,0.20792737555244128,0.17033374547395724
2017-07-07 00:00:00-04:00,18.8799991607666,19.1299991607666,18.8799991607666,19.049999237060547,55500,0.0,0.0,0.0,0.01383705741697705,0.013742199373841205,0.1830474626926563,0.17391353304988824
2017-07-10 00:00:00-04:00,19.40999984741211,19.549999237060547,19.360000610351562,19.450000762939453,65300,0.0,0.0,0.0,0.02099745626764804,0.020780047766739366,0.16113272305997042,0.1850493545422479
2017-07-11 00:00:00-04:00,19.350000381469727,19.59000015258789,19.309999465942383,19.549999237060547,46500,0.0,0.0,0.0,0.00514130952177827,0.005128138116204772,0.13018550825182537,0.17971039006362774
2017-07-12 00:00:00-04:00,19.489999771118164,19.639999389648438,19.350000381469727,19.5,63800,0.0,0.0,0.0,-0.00255750583180403,-0.0025607818366369228,0.15580187205636337,0.1803956621566759
2017-07-13 00:00:00-04:00,19.139999389648438,19.139999389648438,18.6299991607666,18.670000076293945,179000,0.0,0.0,0.0,-0.0425640986515925,-0.043496503929623904,0.39461308674212675,0.24621993299310113
2017-07-14 00:00:00-04:00,18.719999313354492,18.950000762939453,18.719999313354492,18.950000762939453,22200,0.0,0.0,0.0,0.014997358623529689,0.014886010149014499,0.3974427652951786,0.2500583651589827
2017-07-17 00:00:00-04:00,18.940000534057617,19.0,18.809999465942383,18.809999465942383,22600,0.0,0.0,0.0,-0.007387930942508003,-0.007415356868370923,0.3473039830143159,0.25252257990060567
2017-07-18 00:00:00-04:00,19.040000915527344,19.1299991607666,18.860000610351562,18.860000610351562,24500,0.0,0.0,0.0,0.0026582214688368744,0.0026546946468149835,0.34248603413657025,0.25209536393284726
2017-07-19 00:00:00-04:00,18.979999542236328,19.1299991607666,18.979999542236328,19.079999923706055,31200,0.0,0.0,0.0,0.011664862472684279,0.011597352453970169,0.36796748533747575,0.25166496873982785
2017-07-20 00:00:00-04:00,19.200000762939453,19.360000610351562,19.190000534057617,19.329999923706055,38200,0.0,0.0,0.0,0.013102725419269268,0.013017627251814406,0.1482430217634692,0.24724167521179652
2017-07-21 00:00:00-04:00,19.239999771118164,19.280000686645508,19.18000030517578,19.280000686645508,38500,0.0,0.0,0.0,-0.0025866134122033424,-0.0025899644765280286,0.140912377131164,0.23822179253976425
2017-07-24 00:00:00-04:00,18.969999313354492,19.059999465942383,18.889999389648438,19.020000457763672,43800,0.0,0.0,0.0,-0.013485488569610293,-0.013577243612057923,0.17345836705392112,0.2456322392918477
2017-07-25 00:00:00-04:00,19.149999618530273,19.200000762939453,18.709999084472656,18.739999771118164,51700,0.0,0.0,0.0,-0.014721381698559077,-0.014830816588003656,0.2108616616256095,0.25516966115491846
2017-07-26 00:00:00-04:00,18.649999618530273,18.8700008392334,18.59000015258789,18.84000015258789,23600,0.0,0.0,0.0,0.005336199716706735,0.0053220126506309095,0.19031169289217773,0.2551496922021762
2017-07-27 00:00:00-04:00,19.020000457763672,19.040000915527344,18.90999984741211,18.959999084472656,6700,0.0,0.0,0.0,0.006369370005991248,0.006349171292205422,0.15903101072147557,0.2552805029020314
2017-07-28 00:00:00-04:00,18.90999984741211,19.149999618530273,18.90999984741211,19.030000686645508,35100,0.0,0.0,0.0,0.0036920678034304544,0.0036852688507553505,0.1680820035006499,0.2552432597245431
2017-07-31 00:00:00-04:00,18.84000015258789,18.979999542236328,18.700000762939453,18.93000030517578,27500,0.0,0.0,0.0,-0.0052548806022851835,-0.005268736047814007,0.14260914186280582,0.24106103505804147
2017-08-01 00:00:00-04:00,18.670000076293945,18.670000076293945,18.299999237060547,18.329999923706055,44400,0.0,0.0,0.0,-0.03169574071827541,-0.032208923653139786,0.253744312306141,0.25150826018472744
2017-08-02 00:00:00-04:00,18.459999084472656,18.479999542236328,18.3799991607666,18.420000076293945,42400,0.0,0.0,0.0,0.004909991978313766,0.004897977279699729,0.2527395445668537,0.2470096076469404
2017-08-03 00:00:00-04:00,18.270000457763672,18.299999237060547,18.1200008392334,18.209999084472656,16300,0.0,0.0,0.0,-0.011400705263381328,-0.01146619150562943,0.23598463415924145,0.24977213121636954
2017-08-04 00:00:00-04:00,18.209999084472656,18.25,18.1200008392334,18.1200008392334,19800,0.0,0.0,0.0,-0.004942243259967949,-0.004954496533298153,0.21628827617443064,0.2433429290952427
2017-08-07 00:00:00-04:00,18.219999313354492,18.3799991607666,18.219999313354492,18.34000015258789,10500,0.0,0.0,0.0,0.012141241896531874,0.012068128218128067,0.2678155950966853,0.23390306311715695
2017-08-08 00:00:00-04:00,18.489999771118164,18.510000228881836,18.3700008392334,18.40999984741211,39600,0.0,0.0,0.0,0.003816777221473444,0.0038095118084015608,0.14557715146559433,0.233351035956922
2017-08-09 00:00:00-04:00,18.479999542236328,18.489999771118164,18.309999465942383,18.420000076293945,37700,0.0,0.0,0.0,0.0005431954896644164,0.0005430480123979944,0.14124508826667243,0.2336699332313271
2017-08-10 00:00:00-04:00,18.450000762939453,18.639999389648438,17.81999969482422,17.850000381469727,135100,0.0,0.0,0.0,-0.030944608711364396,-0.03143350537256787,0.2595259436431346,0.20982905205560004
2017-08-11 00:00:00-04:00,17.889999389648438,17.969999313354492,17.860000610351562,17.940000534057617,15800,0.0,0.0,0.0,0.005042025247311566,0.0050293568032467265,0.26652942782886774,0.20185707276646694
2017-08-14 00:00:00-04:00,17.75,17.81999969482422,17.68000030517578,17.780000686645508,24000,0.0,0.0,0.0,-0.008918608843314302,-0.00895861769500736,0.2370327805755341,0.20240524830606368
2017-08-15 00:00:00-04:00,17.670000076293945,17.670000076293945,17.520000457763672,17.56999969482422,8300,0.0,0.0,0.0,-0.011811078948889997,-0.011881383874874021,0.22131826414155822,0.20380462271122518
2017-08-16 00:00:00-04:00,17.6299991607666,17.6299991607666,17.5,17.579999923706055,25400,0.0,0.0,0.0,0.0005691650003147863,0.0005690030873498768,0.22139048670973682,0.196562298614875
2017-08-17 00:00:00-04:00,17.68000030517578,17.739999771118164,17.600000381469727,17.729999542236328,10300,0.0,0.0,0.0,0.008532401546145874,0.008496206350306134,0.13950515369562036,0.19189853749808622
2017-08-18 00:00:00-04:00,17.670000076293945,17.799999237060547,17.670000076293945,17.770000457763672,20800,0.0,0.0,0.0,0.0022561148652064933,0.0022535736595142085,0.13274262816867027,0.1932174810310818
2017-08-21 00:00:00-04:00,17.649999618530273,17.809999465942383,17.649999618530273,17.75,11200,0.0,0.0,0.0,-0.001125518134409198,-0.0011261520056116323,0.1173226178603786,0.19012462659337437
2017-08-22 00:00:00-04:00,17.81999969482422,17.84000015258789,17.760000228881836,17.809999465942383,11000,0.0,0.0,0.0,0.0033802516023877516,0.003374551393754385,0.05824516989086551,0.18662895459499754
2017-08-23 00:00:00-04:00,17.899999618530273,17.920000076293945,17.729999542236328,17.809999465942383,16800,0.0,0.0,0.0,0.0,0.0,0.05969297765670433,0.1846170265318558
2017-08-24 00:00:00-04:00,17.920000076293945,17.969999313354492,17.8700008392334,17.940000534057617,59700,0.0,0.0,0.0,0.007299330264654458,0.007272819084568286,0.05214909017671973,0.18525416960459687
2017-08-25 00:00:00-04:00,17.920000076293945,17.920000076293945,17.8799991607666,17.899999618530273,6300,0.0,0.0,0.0,-0.0022297053699305014,-0.0022321948641964204,0.06159199363163734,0.18373234041667325
2017-08-28 00:00:00-04:00,17.940000534057617,17.950000762939453,17.81999969482422,17.889999389648438,25500,0.0,0.0,0.0,-0.0005586720164777459,-0.0005588281318363061,0.0602059426322941,0.18372130480044324
2017-08-29 00:00:00-04:00,17.760000228881836,17.8700008392334,17.719999313354492,17.799999237060547,46800,0.0,0.0,0.0,-0.005030752132946792,-0.005043448967443316,0.07266743525887168,0.14914154090853876
2017-08-30 00:00:00-04:00,17.760000228881836,17.770000457763672,17.700000762939453,17.719999313354492,23500,0.0,0.0,0.0,-0.004494377928932147,-0.004504508009083828,0.07899199944544104,0.14757228552879878
2017-08-31 00:00:00-04:00,17.700000762939453,18.010000228881836,17.700000762939453,18.0,25600,0.0,0.0,0.0,0.015801393763852367,0.01567785146897705,0.1370280344813809,0.1556954793303056
2017-09-01 00:00:00-04:00,18.049999237060547,18.049999237060547,17.920000076293945,18.030000686645508,4400,0.0,0.0,0.0,0.001666704813639397,0.0016653174025607152,0.13455375516175858,0.1549792189627372
2017-09-05 00:00:00-04:00,18.170000076293945,18.459999084472656,18.170000076293945,18.3799991607666,12600,0.0,0.0,0.0,0.019412005590234482,0.019225995968673262,0.181889043150236,0.16451590175386674
2017-09-06 00:00:00-04:00,18.3799991607666,18.510000228881836,18.350000381469727,18.389999389648438,17700,0.0,0.0,0.0,0.0005440821185227485,0.000543934159512369,0.16514618236374592,0.16396038164087054
2017-09-07 00:00:00-04:00,18.5,18.5,18.399999618530273,18.399999618530273,4700,0.0,0.0,0.0,0.0005437862541455285,0.0005436384559784101,0.14669244653847696,0.16396040777197526
2017-09-08 00:00:00-04:00,18.440000534057617,18.440000534057617,18.260000228881836,18.260000228881836,13400,0.0,0.0,0.0,-0.007608662638636465,-0.007637756181464792,0.15788966946216956,0.12079473312426761
2017-09-11 00:00:00-04:00,18.260000228881836,18.34000015258789,18.15999984741211,18.260000228881836,23100,0.0,0.0,0.0,0.0,0.0,0.15915584997761437,0.11997060308974812
2017-09-12 00:00:00-04:00,18.25,18.299999237060547,17.81999969482422,18.06999969482422,75000,0.0,0.0,0.0,-0.010405286510188128,-0.010459799985819928,0.08304014896101443,0.12168997908214026
2017-09-13 00:00:00-04:00,18.110000610351562,18.18000030517578,18.110000610351562,18.149999618530273,39600,0.0,0.0,0.0,0.0044272233014464035,0.004417451977639265,0.09786801131763836,0.112617767273332
2017-09-14 00:00:00-04:00,18.280000686645508,18.489999771118164,18.280000686645508,18.450000762939453,11700,0.0,0.0,0.0,0.01652898902008193,0.01639387214502335,0.16972331183217174,0.12423783601556444
2017-09-15 00:00:00-04:00,18.450000762939453,18.469999313354492,18.350000381469727,18.3700008392334,6300,0.0,0.0,0.0,-0.004336039045957696,-0.004345466926236785,0.16113877462337214,0.12427502316336096
2017-09-18 00:00:00-04:00,18.3700008392334,18.469999313354492,18.31999969482422,18.360000610351562,20700,0.0,0.0,0.0,-0.0005443782485016202,-0.0005445264761373826,0.1614493681907698,0.12453706319322845
2017-09-19 00:00:00-04:00,18.270000457763672,18.34000015258789,18.200000762939453,18.34000015258789,7700,0.0,0.0,0.0,-0.0010893495151843569,-0.0010899432876237873,0.12998046144869413,0.12452638569142732
2017-09-20 00:00:00-04:00,18.350000381469727,18.43000030517578,18.34000015258789,18.40999984741211,12500,0.0,0.0,0.0,0.003816777221473444,0.0038095118084015608,0.1296291499759148,0.124615727521502
2017-09-21 00:00:00-04:00,18.34000015258789,18.40999984741211,18.31999969482422,18.389999389648438,14700,0.0,0.0,0.0,-0.0010863909793287219,-0.0010869815297598906,0.04623651812047261,0.12487021638984494
2017-09-22 00:00:00-04:00,18.5,18.649999618530273,18.5,18.6200008392334,542800,0.0,0.0,0.0,0.012506876412101908,0.01242931149362024,0.09278163993963853,0.12929430533295902
2017-09-25 00:00:00-04:00,18.5,18.520000457763672,18.3799991607666,18.3799991607666,22800,0.0,0.0,0.0,-0.012889455835098595,-0.012973245653132551,0.14617870622534432,0.1389768718840838
2017-09-26 00:00:00-04:00,18.260000228881836,18.31999969482422,18.239999771118164,18.260000228881836,3900,0.0,0.0,0.0,-0.006528777876166125,-0.0065501835659740205,0.15420286860772042,0.14165997294858865
2017-09-27 00:00:00-04:00,18.200000762939453,18.299999237060547,18.15999984741211,18.299999237060547,18700,0.0,0.0,0.0,0.0021905261597665593,0.0021881304552692662,0.15152025548852366,0.13984835298909318
2017-09-28 00:00:00-04:00,18.170000076293945,18.260000228881836,18.170000076293945,18.209999084472656,43200,0.0,0.0,0.0,-0.0049180413300577985,-0.004930174693254518,0.1538249094374817,0.14009397495613496
2017-09-29 00:00:00-04:00,18.18000030517578,18.469999313354492,18.1299991607666,18.360000610351562,65100,0.0,0.0,0.0,0.00823731649755044,0.008203574972453609,0.1296746738781601,0.13212856273918394
2017-10-02 00:00:00-04:00,18.290000915527344,18.290000915527344,18.1200008392334,18.139999389648438,7400,0.0,0.0,0.0,-0.011982636894853127,-0.012055007395626408,0.12530786287878296,0.1399016553272969
2017-10-03 00:00:00-04:00,18.110000610351562,18.209999084472656,18.110000610351562,18.149999618530273,3700,0.0,0.0,0.0,0.0005512805522773778,0.000551128652977241,0.12134227430242304,0.12047102091740476
2017-10-04 00:00:00-04:00,18.079999923706055,18.219999313354492,18.079999923706055,18.149999618530273,2600,0.0,0.0,0.0,0.0,0.0,0.11846649666594214,0.12041783263800876
2017-10-05 00:00:00-04:00,18.290000915527344,18.3799991607666,18.260000228881836,18.3799991607666,8000,0.0,0.0,0.0,0.012672151353739336,0.01259253157415473,0.14941390491372164,0.1293494872641643
2017-10-06 00:00:00-04:00,18.329999923706055,18.450000762939453,18.270000457763672,18.450000762939453,2900,0.0,0.0,0.0,0.003808574829659017,0.00380134057086853,0.140620932755892,0.12679249406665483
2017-10-09 00:00:00-04:00,18.40999984741211,18.450000762939453,18.280000686645508,18.280000686645508,12400,0.0,0.0,0.0,-0.009214095895075824,-0.00925680824959948,0.1250131830824758,0.13145342594584417
2017-10-10 00:00:00-04:00,18.450000762939453,18.450000762939453,18.280000686645508,18.329999923706055,8100,0.0,0.0,0.0,0.0027351879202648366,0.0027314541007010906,0.12486039765244376,0.1256912895595617
2017-10-11 00:00:00-04:00,18.290000915527344,18.31999969482422,18.270000457763672,18.299999237060547,13100,0.0,0.0,0.0,-0.0016366986781438664,-0.0016380395326749998,0.12703406079338508,0.12517668916606348
2017-10-12 00:00:00-04:00,18.299999237060547,18.809999465942383,18.0,18.780000686645508,69200,0.0,0.0,0.0,0.026229588502543644,0.025891492186015885,0.2102153579228421,0.144895275191356
2017-10-13 00:00:00-04:00,18.790000915527344,18.899999618530273,18.739999771118164,18.8700008392334,46500,0.0,0.0,0.0,0.004792340218171098,0.004780893512226081,0.2101615655985867,0.1441193031076341
2017-10-16 00:00:00-04:00,18.760000228881836,18.81999969482422,18.700000762939453,18.709999084472656,4900,0.0,0.0,0.0,-0.008479159917580747,-0.008515312501453135,0.20716570473531135,0.1482203016133305
2017-10-17 00:00:00-04:00,18.639999389648438,18.639999389648438,18.559999465942383,18.639999389648438,24800,0.0,0.0,0.0,-0.003741298677150229,-0.003748314840220677,0.21600478104907112,0.14900956664211737
2017-10-18 00:00:00-04:00,18.56999969482422,18.65999984741211,18.56999969482422,18.600000381469727,10000,0.0,0.0,0.0,-0.0021458696077492068,-0.0021481752849815835,0.21678648066486242,0.1489398568546923
2017-10-19 00:00:00-04:00,18.639999389648438,18.68000030517578,18.6200008392334,18.65999984741211,15000,0.0,0.0,0.0,0.0032257776726798415,0.0032205860136454933,0.08541696263548608,0.14909599342611068
2017-10-20 00:00:00-04:00,18.670000076293945,18.780000686645508,18.489999771118164,18.489999771118164,67900,0.0,0.0,0.0,-0.009110400733337687,-0.009152154221574857,0.08011637132883224,0.14624578721982323
2017-10-23 00:00:00-04:00,18.469999313354492,18.59000015258789,18.469999313354492,18.530000686645508,9400,0.0,0.0,0.0,0.0021633810720660396,0.002161044332799339,0.07866416255738398,0.13863614706584673
2017-10-24 00:00:00-04:00,18.510000228881836,18.510000228881836,18.43000030517578,18.479999542236328,7800,0.0,0.0,0.0,-0.0026983886970504134,-0.0027020359103742233,0.0774839264518804,0.1367352437106612
2017-10-25 00:00:00-04:00,18.549999237060547,18.56999969482422,18.450000762939453,18.450000762939453,9400,0.0,0.0,0.0,-0.001623310608223405,-0.0016246296045091628,0.07738880332785111,0.13682955381252662
2017-10-26 00:00:00-04:00,18.489999771118164,18.5,18.389999389648438,18.389999389648438,8400,0.0,0.0,0.0,-0.0032521068189623747,-0.0032574064113563292,0.06448323017641852,0.13608957757194165
2017-10-27 00:00:00-04:00,18.40999984741211,18.489999771118164,18.399999618530273,18.469999313354492,6300,0.0,0.0,0.0,0.004350186316541382,0.004340751607977662,0.05257324195225836,0.13384951590478722
2017-10-30 00:00:00-04:00,18.40999984741211,18.549999237060547,18.40999984741211,18.43000030517578,9200,0.0,0.0,0.0,-0.0021656204475216656,-0.0021679687945144422,0.049119924398362075,0.12618676085002423
2017-10-31 00:00:00-04:00,18.459999084472656,18.520000457763672,18.420000076293945,18.440000534057617,5100,0.0,0.0,0.0,0.0005426060073925321,0.0005424588499828262,0.04775351615456561,0.12618701241834068
2017-11-01 00:00:00-04:00,18.5,18.600000381469727,18.5,18.549999237060547,16800,0.0,0.0,0.0,0.00596522233281771,0.005947500834274706,0.06357199586649508,0.1274415468628267
2017-11-02 00:00:00-04:00,18.610000610351562,18.690000534057617,18.610000610351562,18.670000076293945,6700,0.0,0.0,0.0,0.006469048203174621,0.0064482137154452755,0.059060342824937044,0.12175989179643461
2017-11-03 00:00:00-04:00,18.700000762939453,18.700000762939453,18.450000762939453,18.450000762939453,4200,0.0,0.0,0.0,-0.01178357324346424,-0.011853549801809967,0.11801720110397648,0.1290302810846912
2017-11-06 00:00:00-05:00,18.530000686645508,18.6299991607666,18.489999771118164,18.600000381469727,7000,0.0,0.0,0.0,0.00813006028875507,0.008097189390013294,0.12928038305819078,0.12722274020881477
2017-11-07 00:00:00-05:00,18.649999618530273,18.65999984741211,18.6200008392334,18.639999389648438,7000,0.0,0.0,0.0,0.0021504842665789337,0.002148175284981716,0.1287473268269066,0.12712766753560825
2017-11-08 00:00:00-05:00,18.68000030517578,18.68000030517578,18.6299991607666,18.670000076293945,4500,0.0,0.0,0.0,0.0016094789499923046,0.0016081851268151454,0.1243305989729552,0.12680080907490968
2017-11-09 00:00:00-05:00,18.729999542236328,18.770000457763672,18.270000457763672,18.459999084472656,70200,0.0,0.0,0.0,-0.011248044507934152,-0.011311782160569633,0.1406164597971424,0.09341022845508798
2017-11-10 00:00:00-05:00,18.489999771118164,18.540000915527344,18.459999084472656,18.459999084472656,12300,0.0,0.0,0.0,0.0,0.0,0.11217925246052717,0.09109629865235822
2017-11-13 00:00:00-05:00,18.40999984741211,18.489999771118164,18.239999771118164,18.239999771118164,505300,0.0,0.0,0.0,-0.011917623199642624,-0.01198920738166854,0.11237508496423584,0.09551016718472595
2017-11-14 00:00:00-05:00,18.270000457763672,18.270000457763672,18.1299991607666,18.149999618530273,7200,0.0,0.0,0.0,-0.00493421895379631,-0.004946432404595261,0.09886162734747801,0.09601473908718622
2017-11-15 00:00:00-05:00,18.200000762939453,18.270000457763672,18.200000762939453,18.270000457763672,1300,0.0,0.0,0.0,0.0066116166256491304,0.006589855752154211,0.12404967804220798,0.09995919268385473
2017-11-16 00:00:00-05:00,18.229999542236328,18.25,18.170000076293945,18.239999771118164,25300,0.0,0.0,0.0,-0.001642073666876076,-0.0016434233475588985,0.10782645766974262,0.09879672178210065
2017-11-17 00:00:00-05:00,18.309999465942383,18.56999969482422,18.290000915527344,18.549999237060547,34600,0.0,0.0,0.0,0.01699558496887965,0.0168527758267929,0.17684353345127302,0.11319928908787298
2017-11-20 00:00:00-05:00,18.5,18.520000457763672,18.40999984741211,18.5,8300,0.0,0.0,0.0,-0.002695376771803537,-0.0026990158403526463,0.14326025783663224,0.11338737454540723
2017-11-21 00:00:00-05:00,18.469999313354492,18.520000457763672,18.469999313354492,18.479999542236328,2300,0.0,0.0,0.0,-0.0010811058250633776,-0.001081690641502839,0.13222814017951026,0.11303241922559047
2017-11-22 00:00:00-05:00,18.65999984741211,18.670000076293945,18.600000381469727,18.6299991607666,16000,0.0,0.0,0.0,0.008116862675642711,0.008084098123301632,0.13476834250078923,0.11638758096692721
2017-11-24 00:00:00-05:00,18.649999618530273,18.649999618530273,18.530000686645508,18.549999237060547,6400,0.0,0.0,0.0,-0.0042941453199057955,-0.00430339164144621,0.1427651811915044,0.11689213098295344
2017-11-27 00:00:00-05:00,18.540000915527344,18.68000030517578,18.540000915527344,18.610000610351562,8000,0.0,0.0,0.0,0.0032345755126037545,0.0032293555264943296,0.07979475970028156,0.11646587098348553
2017-11-28 00:00:00-05:00,18.510000228881836,18.59000015258789,18.489999771118164,18.59000015258789,5800,0.0,0.0,0.0,-0.0010747155888080062,-0.0010752935097105933,0.07625736756191746,0.11621083709239068
2017-11-29 00:00:00-05:00,18.510000228881836,18.639999389648438,18.510000228881836,18.559999465942383,19700,0.0,0.0,0.0,-0.0016138077675772466,-0.001615111358017621,0.0772518626092586,0.11644181079341165
2017-11-30 00:00:00-05:00,18.540000915527344,18.540000915527344,18.459999084472656,18.469999313354492,10600,0.0,0.0,0.0,-0.004849146291897366,-0.004860941548509375,0.051066386034962795,0.11585091536745058
2017-12-01 00:00:00-05:00,18.469999313354492,18.6200008392334,18.469999313354492,18.600000381469727,5800,0.0,0.0,0.0,0.0070384988060741005,0.007013844193391791,0.0735128840059456,0.1163018502938155
2017-12-04 00:00:00-05:00,18.760000228881836,18.799999237060547,18.670000076293945,18.709999084472656,14700,0.0,0.0,0.0,0.005913908642309229,0.005896490125202201,0.08168992775767851,0.10962149407137003
2017-12-05 00:00:00-05:00,18.729999542236328,18.93000030517578,18.729999542236328,18.8700008392334,499900,0.0,0.0,0.0,0.008551670902727349,0.008515312501452989,0.09341624133412073,0.11000888929731034
2017-12-06 00:00:00-05:00,18.93000030517578,18.93000030517578,18.6299991607666,18.780000686645508,8000,0.0,0.0,0.0,-0.004769483231859106,-0.00478089351222602,0.10519639654417759,0.11156645175997423
2017-12-07 00:00:00-05:00,18.65999984741211,18.65999984741211,18.520000457763672,18.559999465942383,13200,0.0,0.0,0.0,-0.011714654561198579,-0.011783811759311737,0.14033168147845715,0.11939708721862177
2017-12-08 00:00:00-05:00,18.56999969482422,18.56999969482422,18.510000228881836,18.510000228881836,1400,0.0,0.0,0.0,-0.0026939244881065694,-0.002697559632684769,0.13064011651010335,0.11263348633953121
2017-12-11 00:00:00-05:00,18.479999542236328,18.5,18.399999618530273,18.399999618530273,7500,0.0,0.0,0.0,-0.005942766558150847,-0.005960495067823934,0.1179366115322101,0.11470123707337579
2017-12-12 00:00:00-05:00,18.329999923706055,18.40999984741211,18.290000915527344,18.34000015258789,23600,0.0,0.0,0.0,-0.0032608406079508434,-0.0032661687346202317,0.05728259284261224,0.1067503403161267
2017-12-13 00:00:00-05:00,18.329999923706055,18.3799991607666,18.309999465942383,18.329999923706055,3600,0.0,0.0,0.0,-0.0005452687458361583,-0.0005454174589002655,0.06828839309444452,0.10502175217503341
2017-12-14 00:00:00-05:00,18.219999313354492,18.260000228881836,18.139999389648438,18.15999984741211,487600,0.0,0.0,0.0,-0.009274417730579798,-0.00931769291863865,0.05335784026218481,0.1078887012761465
2017-12-15 00:00:00-05:00,18.190000534057617,18.190000534057617,18.139999389648438,18.139999389648438,700,0.0,0.0,0.0,-0.0011013468024076989,-0.0011019537304637246,0.05749686280100077,0.10781520986128058
2017-12-18 00:00:00-05:00,18.100000381469727,18.15999984741211,17.969999313354492,18.020000457763672,34200,0.0,0.0,0.0,-0.006615156335299743,-0.006637133456985634,0.05908601258652443,0.08857378991060301
2017-12-19 00:00:00-05:00,18.049999237060547,18.059999465942383,17.899999618530273,17.90999984741211,14700,0.0,0.0,0.0,-0.0061043622395786645,-0.006123070030364178,0.059805773305770214,0.09003248874251898
2017-12-20 00:00:00-05:00,17.93000030517578,17.979999542236328,17.899999618530273,17.899999618530273,17600,0.0,0.0,0.0,-0.000558360076328035,-0.000558516017365655,0.05974813410622626,0.09009185649522085
2017-12-21 00:00:00-05:00,17.850000381469727,17.860000610351562,17.760000228881836,17.790000915527344,17600,0.0,0.0,0.0,-0.0061451790696720465,-0.006164138394776483,0.04766402079530389,0.08373625434172029
2017-12-22 00:00:00-05:00,17.809999465942383,17.81999969482422,17.790000915527344,17.81999969482422,4000,0.0,0.0,0.0,0.0016862719366523837,0.0016848517764236272,0.060979253182441386,0.08452585294492009
2017-12-26 00:00:00-05:00,17.829999923706055,18.030000686645508,17.829999923706055,17.979999542236328,24300,0.0,0.0,0.0,0.00897866723637386,0.008938598666672008,0.09973176183862371,0.09141505031888704
2017-12-27 00:00:00-05:00,18.049999237060547,18.049999237060547,17.899999618530273,17.90999984741211,3700,0.0,0.0,0.0,-0.0038931978090313013,-0.00390079603095349,0.09279835574480642,0.09170442829766837
2017-12-28 00:00:00-05:00,17.81999969482422,17.81999969482422,17.75,17.760000228881836,14100,0.0,0.0,0.0,-0.008375188152329738,-0.00841045710140213,0.11070000430477075,0.09457349574754803
2017-12-29 00:00:00-05:00,17.780000686645508,17.8799991607666,17.719999313354492,17.8799991607666,29500,0.0,0.0,0.0,0.006756696528056327,0.006733972356861325,0.11477568217878917,0.09909959521009679
2018-01-02 00:00:00-05:00,18.040000915527344,18.040000915527344,17.81999969482422,17.950000762939453,15500,0.0,0.0,0.0,0.00391507860506235,0.00390743462950158,0.11665308095690786,0.09606063032889091
2018-01-03 00:00:00-05:00,18.0,18.020000457763672,17.950000762939453,18.020000457763672,22400,0.0,0.0,0.0,0.0038997042812802807,0.003892120145403333,0.10053352270900144,0.09417416000006218
2018-01-04 00:00:00-05:00,17.959999084472656,17.979999542236328,17.809999465942383,17.959999084472656,8600,0.0,0.0,0.0,-0.0033297098649720525,-0.0033352656851388003,0.09906499592322844,0.08582508491741014
2018-01-05 00:00:00-05:00,18.0,18.059999465942383,17.969999313354492,18.010000228881836,15700,0.0,0.0,0.0,0.0027840282270619188,0.002780159998319525,0.059227904918198286,0.08729818683204875
2018-01-08 00:00:00-05:00,18.0,18.0,17.850000381469727,17.8799991607666,7900,0.0,0.0,0.0,-0.007218271319439418,-0.007244449088085873,0.07995625715669548,0.08201323215697201
2018-01-09 00:00:00-05:00,17.8700008392334,17.920000076293945,17.8700008392334,17.90999984741211,8600,0.0,0.0,0.0,0.0016778908307411022,0.0016764847445408636,0.07446151119752045,0.08288148445398547
2018-01-10 00:00:00-05:00,17.829999923706055,17.829999923706055,17.670000076293945,17.709999084472656,12600,0.0,0.0,0.0,-0.011166988533969913,-0.011229807453678218,0.09355346663168256,0.08837664237887385
2018-01-11 00:00:00-05:00,17.729999542236328,17.790000915527344,17.649999618530273,17.649999618530273,27100,0.0,0.0,0.0,-0.0033878864508235518,-0.003393638332948754,0.0935496417374611,0.08840384010940523
2018-01-12 00:00:00-05:00,17.68000030517578,17.84000015258789,17.59000015258789,17.829999923706055,41300,0.0,0.0,0.0,0.010198317794114953,0.010146665829794092,0.13174741187217326,0.09826450819794756
2018-01-16 00:00:00-05:00,18.020000457763672,18.020000457763672,17.940000534057617,18.0,20600,0.0,0.0,0.0,0.009534496748254018,0.009489330300080595,0.1429822125362757,0.10082937677424039
2018-01-17 00:00:00-05:00,18.020000457763672,18.020000457763672,17.889999389648438,18.020000457763672,7300,0.0,0.0,0.0,0.0011111365424261166,0.0011105196871161916,0.14296222778549822,0.10093781715742209
2018-01-18 00:00:00-05:00,18.010000228881836,18.110000610351562,18.010000228881836,18.09000015258789,7900,0.0,0.0,0.0,0.0038845556629305555,0.003877030258853038,0.0910642326279184,0.099106696222829
2018-01-19 00:00:00-05:00,18.219999313354492,18.239999771118164,18.110000610351562,18.139999389648438,41100,0.0,0.0,0.0,0.002763915789873339,0.0027601031981325692,0.06531221006689192,0.09657697629745222
2018-01-22 00:00:00-05:00,18.290000915527344,18.309999465942383,18.229999542236328,18.25,23200,0.0,0.0,0.0,0.006063980929036594,0.006045668988233993,0.05175800904175712,0.09831787000384648
2018-01-23 00:00:00-05:00,18.31999969482422,18.31999969482422,18.200000762939453,18.299999237060547,27900,0.0,0.0,0.0,0.0027396842224958196,0.0027359381281934782,0.029025788270514108,0.09476363354099167
2018-01-24 00:00:00-05:00,18.260000228881836,18.43000030517578,18.260000228881836,18.3799991607666,26700,0.0,0.0,0.0,0.0043715807126396555,0.004362053110704666,0.021768201906083907,0.09533716692666087
2018-01-25 00:00:00-05:00,18.43000030517578,18.549999237060547,18.299999237060547,18.360000610351562,30100,0.0,0.0,0.0,-0.0010880604639921243,-0.0010886528315055398,0.04207532023455429,0.09157764460862265
2018-01-26 00:00:00-05:00,18.360000610351562,18.360000610351562,18.260000228881836,18.270000457763672,12800,0.0,0.0,0.0,-0.004901968932242151,-0.004914022990495096,0.07022391393008305,0.09236820556939077
2018-01-29 00:00:00-05:00,18.43000030517578,18.489999771118164,18.350000381469727,18.389999389648438,9400,0.0,0.0,0.0,0.006568085871819118,0.006546609981513076,0.07237469208689565,0.0873191550175144
2018-01-30 00:00:00-05:00,18.420000076293945,18.579999923706055,18.40999984741211,18.510000228881836,22200,0.0,0.0,0.0,0.006525331333123718,0.006504133523802345,0.08083095103901934,0.08714720861601744
2018-01-31 00:00:00-05:00,18.450000762939453,18.479999542236328,18.350000381469727,18.469999313354492,11900,0.0,0.0,0.0,-0.0021610434917731514,-0.0021633819158246095,0.08351772737293828,0.08780895997464822
2018-02-01 00:00:00-05:00,18.31999969482422,18.34000015258789,18.15999984741211,18.290000915527344,52500,0.0,0.0,0.0,-0.009745446914933176,-0.009793244575945907,0.11409579244869135,0.09574628142314699
2018-02-02 00:00:00-05:00,18.190000534057617,18.229999542236328,18.139999389648438,18.139999389648438,24200,0.0,0.0,0.0,-0.00820128585950819,-0.008235101418676194,0.12367463963529944,0.09997510724050337
2018-02-05 00:00:00-05:00,18.100000381469727,18.1299991607666,17.959999084472656,17.979999542236328,23600,0.0,0.0,0.0,-0.008820278544409033,-0.00885940745639622,0.10851297140351372,0.10485269310259938
2018-02-06 00:00:00-05:00,18.1299991607666,18.34000015258789,18.1299991607666,18.31999969482422,23300,0.0,0.0,0.0,0.0189099088567386,0.018733339004047073,0.19151892289087616,0.1209810020703949
2018-02-07 00:00:00-05:00,18.270000457763672,18.299999237060547,18.239999771118164,18.25,5100,0.0,0.0,0.0,-0.0038209441042728054,-0.003828262559416867,0.19196688839326473,0.12228684602243076
2018-02-08 00:00:00-05:00,18.280000686645508,18.420000076293945,18.190000534057617,18.270000457763672,7200,0.0,0.0,0.0,0.0010959154938998683,0.0010953154168974236,0.1807017782157319,0.11358336784386523
2018-02-09 00:00:00-05:00,18.270000457763672,18.270000457763672,18.149999618530273,18.18000030517578,13000,0.0,0.0,0.0,-0.004926116602785635,-0.004938289909718665,0.1728536364257699,0.11460272295814371
2018-02-12 00:00:00-05:00,18.399999618530273,18.540000915527344,18.360000610351562,18.489999771118164,10000,0.0,0.0,0.0,0.0170516755081751,0.016907927484671795,0.18240413405939515,0.12371728742732364
2018-02-13 00:00:00-05:00,18.549999237060547,18.68000030517578,18.549999237060547,18.68000030517578,48800,0.0,0.0,0.0,0.010275853780939537,0.01022341611737852,0.1503869933670432,0.12435455629067468
2018-02-14 00:00:00-05:00,18.649999618530273,18.780000686645508,18.649999618530273,18.729999542236328,4200,0.0,0.0,0.0,0.0026766186425968286,0.0026730428781352434,0.13562480650736963,0.12434953321468709
2018-02-15 00:00:00-05:00,18.739999771118164,18.8700008392334,18.729999542236328,18.8700008392334,22800,0.0,0.0,0.0,0.0074747090453133325,0.0074469118390708125,0.13083686535190414,0.12573065480592535
2018-02-16 00:00:00-05:00,18.8799991607666,18.8799991607666,18.75,18.809999465942383,21000,0.0,0.0,0.0,-0.0031797228734756766,-0.003184788934214989,0.12147185678292664,0.12710373026839417
2018-02-20 00:00:00-05:00,18.93000030517578,19.030000686645508,18.829999923706055,18.84000015258789,102900,0.0,0.0,0.0,0.0015949328813020802,0.0015936623266410161,0.08335100743354967,0.12612260494180907
2018-02-21 00:00:00-05:00,18.899999618530273,19.040000915527344,18.899999618530273,18.989999771118164,22000,0.0,0.0,0.0,0.007961763127144694,0.007930235524076625,0.07293759297042904,0.12808334484046863
2018-02-22 00:00:00-05:00,18.969999313354492,19.0,18.90999984741211,18.93000030517578,9800,0.0,0.0,0.0,-0.0031595295769111242,-0.0031645314289297367,0.08659744017642727,0.12892963219933476
2018-02-23 00:00:00-05:00,18.920000076293945,19.030000686645508,18.920000076293945,19.010000228881836,11900,0.0,0.0,0.0,0.004226092045237939,0.004217187197904526,0.07646396212639672,0.12889116365475006
2018-02-26 00:00:00-05:00,19.1200008392334,19.389999389648438,18.969999313354492,18.969999313354492,26000,0.0,0.0,0.0,-0.0021042038424897713,-0.0021064207898805662,0.07261124645396763,0.12734298940879527
2018-02-27 00:00:00-05:00,19.010000228881836,19.1299991607666,19.010000228881836,19.049999237060547,29500,0.0,0.0,0.0,0.004217181159818839,0.004208313772861319,0.07471933634618066,0.12647341154083325
2018-02-28 00:00:00-05:00,19.149999618530273,19.170000076293945,19.110000610351562,19.1200008392334,35400,0.0,0.0,0.0,0.003674624933142745,0.003667889992820462,0.058413942723580095,0.1254598896144795
2018-03-01 00:00:00-05:00,19.149999618530273,19.309999465942383,19.059999465942383,19.309999465942383,52000,0.0,0.0,0.0,0.00993716623270835,0.009888117267159262,0.06768337962560952,0.12790898049343383
2018-03-02 00:00:00-05:00,19.40999984741211,19.40999984741211,19.239999771118164,19.329999923706055,32800,0.0,0.0,0.0,0.0010357565156304815,0.0010352204899467799,0.07070493320134441,0.11996978178728518
2018-03-05 00:00:00-05:00,19.350000381469727,19.459999084472656,19.280000686645508,19.450000762939453,36600,0.0,0.0,0.0,0.00620801033145546,0.00618882001681299,0.052600998039753766,0.11316100592645709
2018-03-06 00:00:00-05:00,19.459999084472656,19.469999313354492,19.34000015258789,19.420000076293945,24000,0.0,0.0,0.0,-0.0015424516950494072,-0.0015436424983270682,0.07083405131442125,0.10531446495359602
2018-03-07 00:00:00-05:00,19.40999984741211,19.40999984741211,19.25,19.25,46000,0.0,0.0,0.0,-0.008753865892177082,-0.008792406058013107,0.11444220957851767,0.09851278086512329
2018-03-08 00:00:00-05:00,19.200000762939453,19.350000381469727,19.200000762939453,19.229999542236328,49100,0.0,0.0,0.0,-0.0010389848188920858,-0.0010395249377683148,0.08561676561139218,0.09662316930558343
2018-03-09 00:00:00-05:00,19.030000686645508,19.06999969482422,18.850000381469727,18.920000076293945,130800,0.0,0.0,0.0,-0.016120617437431872,-0.016251968139843156,0.13474824769528052,0.11736378152105242
2018-03-12 00:00:00-04:00,18.8799991607666,19.0,18.8700008392334,19.0,52100,0.0,0.0,0.0,0.004228325760225138,0.004219411510258739,0.12548334942823144,0.1149035284981363
2018-03-13 00:00:00-04:00,19.059999465942383,19.1299991607666,19.020000457763672,19.1299991607666,96400,0.0,0.0,0.0,0.006842061092979135,0.006818760415704589,0.1502245808501753,0.1024841331318791
2018-03-14 00:00:00-04:00,19.1200008392334,19.139999389648438,18.799999237060547,18.799999237060547,57000,0.0,0.0,0.0,-0.017250388822956486,-0.017400910328128075,0.17999809422662155,0.11749330825018527
2018-03-15 00:00:00-04:00,18.940000534057617,19.020000457763672,18.860000610351562,18.93000030517578,19000,0.0,0.0,0.0,0.006914950712283208,0.006891152088491925,0.1980524657920493,0.11955333653388887
2018-03-16 00:00:00-04:00,18.950000762939453,19.040000915527344,18.93000030517578,19.010000228881836,12000,0.0,0.0,0.0,0.004226092045237939,0.004217187197904526,0.16324954923178694,0.11760085110207963
2018-03-19 00:00:00-04:00,18.90999984741211,18.90999984741211,18.690000534057617,18.690000534057617,27900,0.0,0.0,0.0,-0.016833229404071504,-0.016976518498430897,0.2010458652109863,0.13218859462954186
2018-03-20 00:00:00-04:00,18.690000534057617,18.81999969482422,18.690000534057617,18.75,14500,0.0,0.0,0.0,0.0032102442069517068,0.003205102374437408,0.19099655648051378,0.13261723307094778
2018-03-21 00:00:00-04:00,18.780000686645508,18.889999389648438,18.739999771118164,18.780000686645508,20200,0.0,0.0,0.0,0.0016000366210937589,0.0015987579262899685,0.15096319852132864,0.12930169318606766
2018-03-22 00:00:00-04:00,18.829999923706055,18.829999923706055,18.68000030517578,18.799999237060547,25700,0.0,0.0,0.0,0.0010648854996719859,0.0010643189113070952,0.13888002292918594,0.12902893528697545
2018-03-23 00:00:00-04:00,18.700000762939453,18.799999237060547,18.530000686645508,18.739999771118164,56900,0.0,0.0,0.0,-0.003191461083897562,-0.003196564657285968,0.1298174206760312,0.12825218337563654
2018-03-26 00:00:00-04:00,18.81999969482422,18.8799991607666,18.739999771118164,18.780000686645508,30000,0.0,0.0,0.0,0.002134520598500389,0.0021322457459788963,0.03896400152046469,0.12851185270303336
2018-03-27 00:00:00-04:00,18.75,18.809999465942383,18.600000381469727,18.610000610351562,14200,0.0,0.0,0.0,-0.00905218690512788,-0.009093406891583559,0.07500371078111567,0.13070337744031918
2018-03-28 00:00:00-04:00,18.65999984741211,18.65999984741211,18.540000915527344,18.600000381469727,14000,0.0,0.0,0.0,-0.0005373577944040031,-0.0005375022228457566,0.07087972820750434,0.12949710011523358
2018-03-29 00:00:00-04:00,18.56999969482422,19.110000610351562,18.510000228881836,19.049999237060547,52000,0.0,0.0,0.0,0.024193486363534245,0.02390546029511357,0.20167388918366014,0.15361398531826867
2018-04-02 00:00:00-04:00,19.100000381469727,19.139999389648438,18.8799991607666,18.940000534057617,12500,0.0,0.0,0.0,-0.005774210362640586,-0.005790945568122415,0.20719278852751732,0.15453193937576734
2018-04-03 00:00:00-04:00,19.030000686645508,19.059999465942383,18.920000076293945,18.920000076293945,17500,0.0,0.0,0.0,-0.001055990348453606,-0.0010565482990898625,0.2084834290647042,0.15218791873732396
2018-04-04 00:00:00-04:00,18.389999389648438,18.6299991607666,18.209999084472656,18.579999923706055,65600,0.0,0.0,0.0,-0.017970409683766286,-0.01813383837672968,0.24370650428949292,0.1632520668989948
2018-04-05 00:00:00-04:00,18.639999389648438,18.81999969482422,18.639999389648438,18.81999969482422,18900,0.0,0.0,0.0,0.012917102911930156,0.012834388662277617,0.26075557890192436,0.16963803974473965
2018-04-06 00:00:00-04:00,18.600000381469727,18.84000015258789,18.600000381469727,18.84000015258789,11100,0.0,0.0,0.0,0.001062723596598758,0.0010621593056322055,0.17782908645647338,0.16980786110742888
2018-04-09 00:00:00-04:00,19.020000457763672,19.040000915527344,18.93000030517578,19.010000228881836,42200,0.0,0.0,0.0,0.009023358541246917,0.008982891293051451,0.189547491094398,0.1633868893640121
2018-04-10 00:00:00-04:00,19.09000015258789,19.200000762939453,18.989999771118164,19.079999923706055,39100,0.0,0.0,0.0,0.003682256390395322,0.0036754934810926438,0.18961669539174655,0.16322362267340154
2018-04-11 00:00:00-04:00,19.190000534057617,19.190000534057617,19.0,19.0,9700,0.0,0.0,0.0,-0.004192868135531769,-0.0042016828550656025,0.10629933451746354,0.16201749579873428
2018-04-12 00:00:00-04:00,19.0,19.190000534057617,19.0,19.1200008392334,11300,0.0,0.0,0.0,0.006315833643863122,0.00629597234977402,0.0805827069728887,0.1504852689339132
2018-04-13 00:00:00-04:00,19.100000381469727,19.110000610351562,19.059999465942383,19.059999465942383,12000,0.0,0.0,0.0,-0.003138147000908864,-0.003143081309970777,0.09221047464257788,0.14937107868926244
2018-04-16 00:00:00-04:00,19.110000610351562,19.110000610351562,18.90999984741211,18.940000534057617,19300,0.0,0.0,0.0,-0.006295851796805474,-0.006315754250971929,0.08617716860120088,0.1504472887126815
2018-04-17 00:00:00-04:00,18.940000534057617,18.950000762939453,18.899999618530273,18.950000762939453,5500,0.0,0.0,0.0,0.0005279951742267475,0.0005278558338199616,0.07858782178671277,0.13691353388046712
2018-04-18 00:00:00-04:00,19.059999465942383,19.059999465942383,18.950000762939453,18.969999313354492,3700,0.0,0.0,0.0,0.0010553324332391867,0.0010547759614409431,0.07542347359390618,0.13660831950468572
2018-04-19 00:00:00-04:00,18.93000030517578,18.969999313354492,18.899999618530273,18.969999313354492,158500,0.0,0.0,0.0,0.0,0.0,0.04928236701776018,0.13657389568109518
2018-04-20 00:00:00-04:00,18.8799991607666,18.90999984741211,18.81999969482422,18.8799991607666,48800,0.0,0.0,0.0,-0.004744341372987404,-0.004755631484100607,0.053629393560984215,0.13782786515081838
2018-04-23 00:00:00-04:00,18.809999465942383,18.809999465942383,18.68000030517578,18.729999542236328,38300,0.0,0.0,0.0,-0.00794489540243093,-0.007976624250567292,0.06267636864108396,0.14040976897996707
2018-04-24 00:00:00-04:00,18.670000076293945,18.790000915527344,18.670000076293945,18.739999771118164,36600,0.0,0.0,0.0,0.0005339150627998723,0.0005337725808659746,0.06269273945060094,0.14020340179480265
2018-04-25 00:00:00-04:00,18.770000457763672,18.850000381469727,18.75,18.780000686645508,24800,0.0,0.0,0.0,0.002134520598500389,0.0021322457459788963,0.06659166390632906,0.13626558573593484
2018-04-26 00:00:00-04:00,18.809999465942383,18.84000015258789,18.700000762939453,18.760000228881836,28500,0.0,0.0,0.0,-0.001064987062428302,-0.001065554564106948,0.06498213800496885,0.1363311823599742
2018-04-27 00:00:00-04:00,18.65999984741211,19.020000457763672,18.610000610351562,18.950000762939453,106400,0.0,0.0,0.0,0.010127960114046486,0.010077016010488908,0.1031247066925388,0.11056695780882785
2018-04-30 00:00:00-04:00,19.0,19.079999923706055,18.889999389648438,18.899999618530273,50600,0.0,0.0,0.0,-0.002638582712195303,-0.002642069907078634,0.07896560038162133,0.10903496335066294
2018-05-01 00:00:00-04:00,18.81999969482422,19.010000228881836,18.81999969482422,19.0,16100,0.0,0.0,0.0,0.005291025581380504,0.005277077284427325,0.08127797395549685,0.1106003459867379
2018-05-02 00:00:00-04:00,18.989999771118164,18.989999771118164,18.8799991607666,18.8799991607666,15600,0.0,0.0,0.0,-0.006315833643863122,-0.006335862900008393,0.10431541856825585,0.09119159231634277
2018-05-03 00:00:00-04:00,18.899999618530273,19.010000228881836,18.719999313354492,18.979999542236328,30400,0.0,0.0,0.0,0.005296630609896047,0.005282652797137053,0.10584009883595466,0.0812503641587207
2018-05-04 00:00:00-04:00,18.889999389648438,18.889999389648438,18.780000686645508,18.799999237060547,14300,0.0,0.0,0.0,-0.009483683325451353,-0.00952893980955218,0.1066418074404981,0.08847424620474623
2018-05-07 00:00:00-04:00,18.75,18.75,18.43000030517578,18.440000534057617,38300,0.0,0.0,0.0,-0.01914886795810411,-0.01933458216365976,0.16532927934095704,0.10495900470051563
2018-05-08 00:00:00-04:00,18.530000686645508,18.56999969482422,18.440000534057617,18.540000915527344,32200,0.0,0.0,0.0,0.005423014022425399,0.005408362428545063,0.16584229764090563,0.1062726442521481
2018-05-09 00:00:00-04:00,18.510000228881836,18.540000915527344,18.450000762939453,18.479999542236328,11400,0.0,0.0,0.0,-0.0032363198666708337,-0.003241568076125976,0.16556331282538939,0.1059946720417093
2018-05-10 00:00:00-04:00,18.520000457763672,18.719999313354492,18.510000228881836,18.59000015258789,42700,0.0,0.0,0.0,0.005952414127508687,0.005934768498639207,0.16798823088875645,0.10565267369340688
2018-05-11 00:00:00-04:00,18.440000534057617,18.440000534057617,18.299999237060547,18.309999465942383,33200,0.0,0.0,0.0,-0.015061898028361775,-0.015176480422534517,0.18322987481090158,0.11622782125649014
2018-05-14 00:00:00-04:00,18.440000534057617,18.549999237060547,18.420000076293945,18.420000076293945,49000,0.0,0.0,0.0,0.006007679604588256,0.005989705450187738,0.1459461328508895,0.11835361795449488
2018-05-15 00:00:00-04:00,18.399999618530273,18.469999313354492,18.299999237060547,18.399999618530273,35200,0.0,0.0,0.0,-0.001085801177026724,-0.0010863910861794355,0.1372511679179184,0.11814982771190828
2018-05-16 00:00:00-04:00,18.3700008392334,18.3700008392334,18.209999084472656,18.25,24500,0.0,0.0,0.0,-0.008152153350003966,-0.008185563854388843,0.1453984598745505,0.12007025409638593
2018-05-17 00:00:00-04:00,18.350000381469727,18.350000381469727,18.09000015258789,18.139999389648438,38000,0.0,0.0,0.0,-0.0060274307041952024,-0.00604566898823393,0.12515487860145919,0.12070608688822299
2018-05-18 00:00:00-04:00,18.239999771118164,18.239999771118164,18.1200008392334,18.149999618530273,35700,0.0,0.0,0.0,0.0005512805522773778,0.000551128652977241,0.08881295804451572,0.12069326199016502
2018-05-21 00:00:00-04:00,18.530000686645508,18.600000381469727,18.399999618530273,18.579999923706055,76700,0.0,0.0,0.0,0.02369147736712751,0.023415189586208435,0.2022735397584407,0.14879575493973304
2018-05-22 00:00:00-04:00,18.690000534057617,18.729999542236328,18.600000381469727,18.65999984741211,33400,0.0,0.0,0.0,0.004305700970643311,0.004296457962473827,0.20105295831032094,0.14969600786331855
2018-05-23 00:00:00-04:00,18.690000534057617,18.860000610351562,18.690000534057617,18.860000610351562,52000,0.0,0.0,0.0,0.010718154586008222,0.010661122325609847,0.1793132957790893,0.15447444465941487
2018-05-24 00:00:00-04:00,18.940000534057617,18.959999084472656,18.799999237060547,18.799999237060547,67100,0.0,0.0,0.0,-0.003181408873236369,-0.0031864803135189745,0.16738027060755276,0.15489686069516442
2018-05-25 00:00:00-04:00,18.8799991607666,18.950000762939453,18.8700008392334,18.8700008392334,22500,0.0,0.0,0.0,0.0037234896283855345,0.0037165746009188553,0.1608074385592414,0.15104639116245
2018-05-29 00:00:00-04:00,18.780000686645508,18.90999984741211,18.700000762939453,18.780000686645508,42600,0.0,0.0,0.0,-0.004769483231859106,-0.00478089351222602,0.09940247667279789,0.15169655138667598
2018-05-30 00:00:00-04:00,18.600000381469727,18.68000030517578,18.549999237060547,18.6299991607666,39600,0.0,0.0,0.0,-0.007987301405455893,-0.008019370776631769,0.11904864814969807,0.15255448322651013
2018-05-31 00:00:00-04:00,18.809999465942383,18.809999465942383,18.579999923706055,18.6299991607666,9700,0.0,0.0,0.0,0.0,0.0,0.07129885186333546,0.15124375027056566
2018-06-01 00:00:00-04:00,18.670000076293945,18.799999237060547,18.600000381469727,18.799999237060547,39800,0.0,0.0,0.0,0.009125071602362311,0.009083689687938863,0.10757089895233114,0.15381982096065308
2018-06-04 00:00:00-04:00,18.6200008392334,18.6200008392334,18.420000076293945,18.440000534057617,9300,0.0,0.0,0.0,-0.01914886795810411,-0.01933458216365976,0.16510634001981175,0.16479779452479765
2018-06-05 00:00:00-04:00,18.420000076293945,18.5,18.3700008392334,18.450000762939453,92800,0.0,0.0,0.0,0.0005423117457814541,0.0005421647479100283,0.16893591764758117,0.15006573409606896
2018-06-06 00:00:00-04:00,18.5,18.5,18.360000610351562,18.3700008392334,38500,0.0,0.0,0.0,-0.004336039045957696,-0.004345466926236785,0.1647542627351018,0.1494451842935654
2018-06-07 00:00:00-04:00,18.3700008392334,18.3700008392334,18.06999969482422,18.06999969482422,26000,0.0,0.0,0.0,-0.016331035966446916,-0.01646585719642595,0.18681352247787616,0.1596032674583548
2018-06-08 00:00:00-04:00,18.059999465942383,18.059999465942383,17.959999084472656,18.020000457763672,33500,0.0,0.0,0.0,-0.00276697498090539,-0.0027708101323235443,0.13899281901263622,0.15749976884317865
2018-06-11 00:00:00-04:00,17.959999084472656,17.959999084472656,17.719999313354492,17.719999313354492,41300,0.0,0.0,0.0,-0.016648231786249967,-0.01678837115609336,0.12747536194842277,0.15939942947879077
2018-06-12 00:00:00-04:00,17.760000228881836,17.8799991607666,17.739999771118164,17.799999237060547,57000,0.0,0.0,0.0,0.004514668555645196,0.004504508009083941,0.1458587742042508,0.15854155825381608
2018-06-13 00:00:00-04:00,17.68000030517578,17.68000030517578,17.479999542236328,17.5,56500,0.0,0.0,0.0,-0.016853890444890163,-0.01699753350680315,0.15745318936123934,0.16741182326904872
2018-06-14 00:00:00-04:00,17.489999771118164,17.489999771118164,17.309999465942383,17.360000610351562,50100,0.0,0.0,0.0,-0.007999965122767905,-0.008032136538764782,0.14574594464785803,0.16734394831706761
2018-06-15 00:00:00-04:00,17.079999923706055,17.360000610351562,17.0,17.0,81800,0.0,0.0,0.0,-0.020737361618345718,-0.02095540033448757,0.1605616484364828,0.179244794872822
2018-06-18 00:00:00-04:00,17.06999969482422,17.09000015258789,16.950000762939453,17.040000915527344,34900,0.0,0.0,0.0,0.0023529950310201553,0.002350231073082586,0.1782098811317421,0.17985521707556423
2018-06-19 00:00:00-04:00,16.690000534057617,17.040000915527344,15.979999542236328,16.75,236200,0.0,0.0,0.0,-0.017018832156463493,-0.017165316858223312,0.14787296792452848,0.15591599055801278
2018-06-20 00:00:00-04:00,16.799999237060547,16.850000381469727,16.559999465942383,16.760000228881836,88600,0.0,0.0,0.0,0.0005970285899603578,0.0005968504392955762,0.16326417014533495,0.15347751120546968
2018-06-21 00:00:00-04:00,16.760000228881836,16.760000228881836,16.56999969482422,16.600000381469727,82000,0.0,0.0,0.0,-0.009546530144813992,-0.009592390367769748,0.1632984005731634,0.14182236974381268
2018-06-22 00:00:00-04:00,16.75,16.860000610351562,16.6200008392334,16.84000015258789,78700,0.0,0.0,0.0,0.014457817204996726,0.014354299532618037,0.1909773814767606,0.15970028762682212
2018-06-25 00:00:00-04:00,17.040000915527344,17.040000915527344,16.43000030517578,16.489999771118164,104900,0.0,0.0,0.0,-0.020783870445270747,-0.021002895183750377,0.2263920765168469,0.16466260056808288
2018-06-26 00:00:00-04:00,16.649999618530273,16.649999618530273,16.270000457763672,16.3700008392334,44800,0.0,0.0,0.0,-0.007277072986680122,-0.007303680041878168,0.2075439401338349,0.16451987289318803
2018-06-27 00:00:00-04:00,16.5,16.5,16.350000381469727,16.3799991607666,39500,0.0,0.0,0.0,0.0006107709847662512,0.0006105845400811417,0.20756526816332,0.1665104129920929
2018-06-28 00:00:00-04:00,16.34000015258789,16.43000030517578,16.25,16.31999969482422,31800,0.0,0.0,0.0,-0.0036629712464267827,-0.003669696353207472,0.20271317042340542,0.16515620748457094
2018-06-29 00:00:00-04:00,16.31999969482422,16.5,16.200000762939453,16.239999771118164,65500,0.0,0.0,0.0,-0.004901956201103785,-0.00491401019664174,0.12880066217209607,0.15467678827047598
2018-07-02 00:00:00-04:00,16.239999771118164,16.280000686645508,16.030000686645508,16.100000381469727,64400,0.0,0.0,0.0,-0.0086206521934451,-0.00865802495563383,0.056854543861136524,0.14831593113183117
2018-07-03 00:00:00-04:00,16.149999618530273,16.149999618530273,15.970000267028809,16.020000457763672,72400,0.0,0.0,0.0,-0.004968939242891657,-0.004981325469464815,0.05264916462088818,0.14600874752377407
2018-07-05 00:00:00-04:00,16.010000228881836,16.139999389648438,15.819999694824219,15.84000015258789,130900,0.0,0.0,0.0,-0.011235973784791575,-0.01129957419537048,0.05002021983668793,0.14639524312736776
2018-07-06 00:00:00-04:00,15.869999885559082,16.540000915527344,15.869999885559082,16.469999313354492,239000,0.0,0.0,0.0,0.039772673907687794,0.03900210647951403,0.3377734623462587,0.21843199645015732
2018-07-09 00:00:00-04:00,16.360000610351562,16.360000610351562,16.020000457763672,16.139999389648438,120600,0.0,0.0,0.0,-0.0200364260755298,-0.02023987747314745,0.3725775097533559,0.22507768868201852
2018-07-10 00:00:00-04:00,16.139999389648438,16.260000228881836,16.059999465942383,16.1299991607666,138500,0.0,0.0,0.0,-0.000619592890954479,-0.0006197849179528785,0.3665730885736681,0.2216174850071061
2018-07-11 00:00:00-04:00,15.970000267028809,15.970000267028809,15.699999809265137,15.729999542236328,189900,0.0,0.0,0.0,-0.024798489729819906,-0.025111152138895386,0.4099557160709753,0.2299028870836223
2018-07-12 00:00:00-04:00,15.8100004196167,15.84000015258789,15.539999961853027,15.739999771118164,249400,0.0,0.0,0.0,0.0006357424776131104,0.0006355404789723997,0.40425366285511133,0.22738403687802836
2018-07-13 00:00:00-04:00,15.630000114440918,15.630000114440918,15.359999656677246,15.510000228881836,282100,0.0,0.0,0.0,-0.014612423480358738,-0.014720236502347639,0.18174772251790441,0.22966817617347784
2018-07-16 00:00:00-04:00,15.520000457763672,15.84000015258789,15.510000228881836,15.739999771118164,218500,0.0,0.0,0.0,0.014829112755784246,0.014720236502347637,0.24185640066484151,0.23308599816498676
2018-07-17 00:00:00-04:00,15.819999694824219,15.899999618530273,15.6899995803833,15.850000381469727,101600,0.0,0.0,0.0,0.006988603046450326,0.006964295942935689,0.25598404219510146,0.23526419325715453
2018-07-18 00:00:00-04:00,15.979999542236328,16.010000228881836,15.75,15.880000114440918,76200,0.0,0.0,0.0,0.0018927275866986726,0.0018909386348166491,0.17158122444515683,0.23038800554512276
2018-07-19 00:00:00-04:00,15.850000381469727,15.979999542236328,15.8100004196167,15.960000038146973,100900,0.0,0.0,0.0,0.005037778534604964,0.005025131386227345,0.17230671359109473,0.23173146033503333
2018-07-20 00:00:00-04:00,16.0,16.040000915527344,15.880000114440918,16.020000457763672,101000,0.0,0.0,0.0,0.00375942477902802,0.003752375802900125,0.07956622750007203,0.23105708805353453
2018-07-23 00:00:00-04:00,16.020000457763672,16.09000015258789,15.960000038146973,15.970000267028809,97900,0.0,0.0,0.0,-0.0031211104435787673,-0.0031259912671513937,0.06111844894268478,0.22306372903525554
2018-07-24 00:00:00-04:00,15.949999809265137,16.219999313354492,15.899999618530273,16.18000030517578,162600,0.0,0.0,0.0,0.01314965777305166,0.013063951544069495,0.09388086073679713,0.2187654422513306
2018-07-25 00:00:00-04:00,16.15999984741211,16.350000381469727,16.1200008392334,16.350000381469727,150400,0.0,0.0,0.0,0.010506803033839551,0.010451990183101709,0.10054984150319202,0.22094249539275249
2018-07-26 00:00:00-04:00,16.540000915527344,16.559999465942383,16.1200008392334,16.149999618530273,326000,0.0,0.0,0.0,-0.01223246227970265,-0.012307894626495064,0.16415236517358428,0.22515808009766708
2018-07-27 00:00:00-04:00,16.280000686645508,16.399999618530273,16.25,16.360000610351562,174800,0.0,0.0,0.0,0.013003157695455014,0.012919342433904161,0.18116657628394783,0.22988495933091965
2018-07-30 00:00:00-04:00,16.450000762939453,16.520000457763672,16.40999984741211,16.489999771118164,99800,0.0,0.0,0.0,0.007946158674611903,0.007914754209315825,0.16941097247336412,0.2306099007558602
2018-07-31 00:00:00-04:00,16.559999465942383,16.959999084472656,16.559999465942383,16.860000610351562,280200,0.0,0.0,0.0,0.022437892320741337,0.022189866083400175,0.20213860279178406,0.23983613174458332
2018-08-01 00:00:00-04:00,16.65999984741211,16.760000228881836,16.600000381469727,16.65999984741211,83000,0.0,0.0,0.0,-0.011862441026049497,-0.011933361195109505,0.24484782868192795,0.2438660733087699
2018-08-02 00:00:00-04:00,16.559999465942383,16.6299991607666,16.389999389648438,16.6299991607666,214100,0.0,0.0,0.0,-0.0018007615198248894,-0.0018023848399515354,0.21044046313959128,0.23929397331632699
2018-08-03 00:00:00-04:00,16.399999618530273,16.719999313354492,16.399999618530273,16.68000030517578,132900,0.0,0.0,0.0,0.0030066835196926878,0.003002172486702639,0.20107521397833025,0.19489854096207893
2018-08-06 00:00:00-04:00,16.540000915527344,16.549999237060547,16.43000030517578,16.520000457763672,64900,0.0,0.0,0.0,-0.00959231681563344,-0.009638619424013638,0.2170100319412423,0.18333963203599515
2018-08-07 00:00:00-04:00,16.649999618530273,16.770000457763672,16.6200008392334,16.700000762939453,59300,0.0,0.0,0.0,0.010895901948428266,0.01083696930520869,0.14769225748721634,0.1863329843889878
2018-08-08 00:00:00-04:00,16.780000686645508,16.8799991607666,16.729999542236328,16.860000610351562,69300,0.0,0.0,0.0,0.009580828748653625,0.009535223667163365,0.13413093633644774,0.15922483746296126
2018-08-09 00:00:00-04:00,16.829999923706055,16.860000610351562,16.700000762939453,16.729999542236328,69000,0.0,0.0,0.0,-0.007710620605518637,-0.007740501137982054,0.15130405958719667,0.16391887874841285
2018-08-10 00:00:00-04:00,16.600000381469727,16.639999389648438,16.0,16.030000686645508,316100,0.0,0.0,0.0,-0.04184093692433244,-0.04274147818039773,0.3380201993323193,0.2213771272674076
2018-08-13 00:00:00-04:00,15.899999618530273,16.139999389648438,15.819999694824219,16.1299991607666,52500,0.0,0.0,0.0,0.006238207725368428,0.006218830651277936,0.35097058119634605,0.2166928455453417
2018-08-14 00:00:00-04:00,16.219999313354492,16.299999237060547,16.079999923706055,16.280000686645508,71700,0.0,0.0,0.0,0.009299537116143064,0.0092565626438686,0.3466965295111145,0.21764862785106603
2018-08-15 00:00:00-04:00,16.1299991607666,16.270000457763672,16.110000610351562,16.1200008392334,71500,0.0,0.0,0.0,-0.009828000040771334,-0.009876613611529755,0.3221863240963347,0.22126431887610293
2018-08-16 00:00:00-04:00,16.450000762939453,16.65999984741211,16.34000015258789,16.649999618530273,155200,0.0,0.0,0.0,0.03287833447297017,0.03234940437525183,0.4384583094379491,0.24863928924501566
2018-08-17 00:00:00-04:00,16.520000457763672,16.700000762939453,16.31999969482422,16.649999618530273,121600,0.0,0.0,0.0,0.0,0.0,0.251645139685943,0.24869182466040193
2018-08-20 00:00:00-04:00,16.68000030517578,16.719999313354492,16.520000457763672,16.549999237060547,80300,0.0,0.0,0.0,-0.006006029054705375,-0.00602413779134763,0.27048789941482876,0.24969589920136342
2018-08-21 00:00:00-04:00,16.459999084472656,16.540000915527344,16.420000076293945,16.43000030517578,55400,0.0,0.0,0.0,-0.0072506910825742565,-0.007277105100531732,0.28029144248078186,0.24800405658202412
2018-08-22 00:00:00-04:00,16.299999237060547,16.299999237060547,16.1299991607666,16.190000534057617,78300,0.0,0.0,0.0,-0.01460741123921705,-0.014715149947053445,0.2946397824965915,0.25108202120855233
2018-08-23 00:00:00-04:00,16.079999923706055,16.1299991607666,15.850000381469727,15.869999885559082,109100,0.0,0.0,0.0,-0.0197653266178327,-0.019963273349255312,0.12270092283935419,0.25715181130205944
2018-08-24 00:00:00-04:00,15.949999809265137,15.979999542236328,15.880000114440918,15.890000343322754,22500,0.0,0.0,0.0,0.0012602682991744718,0.001259474827669542,0.12902797435064237,0.25215240230894087
2018-08-27 00:00:00-04:00,15.739999771118164,15.859999656677246,15.600000381469727,15.819999694824219,68700,0.0,0.0,0.0,-0.004405327060169051,-0.0044150591058361045,0.13204709281391855,0.24992372251813524
2018-08-28 00:00:00-04:00,15.800000190734863,15.800000190734863,15.550000190734863,15.600000381469727,68700,0.0,0.0,0.0,-0.013906404399392502,-0.014004004340324422,0.1350588947413976,0.23577518871309572
2018-08-29 00:00:00-04:00,15.640000343322754,15.739999771118164,15.609999656677246,15.630000114440918,59700,0.0,0.0,0.0,0.0019230597588206777,0.0019212130465823167,0.15168984863910306,0.2345751770870386
2018-08-30 00:00:00-04:00,15.699999809265137,15.699999809265137,15.479999542236328,15.5,103200,0.0,0.0,0.0,-0.008317345712672619,-0.008352127830060011,0.10569342059730016,0.23524282197294963
2018-08-31 00:00:00-04:00,15.529999732971191,15.789999961853027,15.520000457763672,15.789999961853027,44800,0.0,0.0,0.0,0.018709674958259814,0.018536801926455362,0.19899126200181366,0.24722029204888915
2018-09-04 00:00:00-04:00,15.720000267028809,15.850000381469727,15.609999656677246,15.760000228881836,53700,0.0,0.0,0.0,-0.0018999197621069053,-0.001901726898964248,0.19723537630492763,0.24584791916496201
2018-09-05 00:00:00-04:00,15.729999542236328,15.729999542236328,15.619999885559082,15.670000076293945,43300,0.0,0.0,0.0,-0.005710669497514087,-0.005727037715972257,0.16925582166091188,0.2411027712803988
2018-09-06 00:00:00-04:00,15.710000038146973,15.710000038146973,15.600000381469727,15.680000305175781,61600,0.0,0.0,0.0,0.0006381766964356217,0.0006379731482828729,0.16903177940933123,0.2369339489482814
2018-09-07 00:00:00-04:00,15.680000305175781,15.800000190734863,15.640000343322754,15.789999961853027,15000,0.0,0.0,0.0,0.0070152840903285885,0.006990791466653625,0.15175798264669832,0.23923033346813224
2018-09-10 00:00:00-04:00,15.8100004196167,15.84000015258789,15.75,15.800000190734863,17000,0.0,0.0,0.0,0.0006333267198224135,0.0006331262530915522,0.0736723303301297,0.18960898647628957
2018-09-11 00:00:00-04:00,15.729999542236328,15.729999542236328,15.510000228881836,15.520000457763672,61600,0.0,0.0,0.0,-0.017721501872853374,-0.017880407854593636,0.14866403036291936,0.1969865836546159
2018-09-12 00:00:00-04:00,15.460000038146973,15.710000038146973,15.350000381469727,15.710000038146973,114100,0.0,0.0,0.0,0.01224224064299273,0.0121679104455724,0.1796644770024389,0.19945772603478526
2018-09-13 00:00:00-04:00,15.6899995803833,15.779999732971191,15.579999923706055,15.619999885559082,45100,0.0,0.0,0.0,-0.005728844835732216,-0.005745317610750053,0.18509721441214025,0.19776739904847848
2018-09-14 00:00:00-04:00,15.630000114440918,15.649999618530273,15.529999732971191,15.550000190734863,26000,0.0,0.0,0.0,-0.004481414554230234,-0.004491486193825978,0.17242122349566458,0.15042593322776157
2018-09-17 00:00:00-04:00,15.449999809265137,15.520000457763672,15.449999809265137,15.460000038146973,24000,0.0,0.0,0.0,-0.005787791092215944,-0.005804605264412171,0.16987770033372165,0.15010933736576074
2018-09-18 00:00:00-04:00,15.420000076293945,15.420000076293945,15.260000228881836,15.300000190734863,54000,0.0,0.0,0.0,-0.01034927859102952,-0.010403204762017964,0.13829753011039286,0.15179254381450805
2018-09-19 00:00:00-04:00,15.270000457763672,15.59000015258789,15.270000457763672,15.569999694824219,54700,0.0,0.0,0.0,0.017647026191075277,0.01749312538094324,0.17566046981265038,0.16918197154935627
2018-09-20 00:00:00-04:00,15.550000190734863,15.970000267028809,15.489999771118164,15.850000381469727,65000,0.0,0.0,0.0,0.017983345673319828,0.01782355814511607,0.21743383462308308,0.17790903671186234
2018-09-21 00:00:00-04:00,15.800000190734863,15.899999618530273,15.760000228881836,15.880000114440918,73500,0.0,0.0,0.0,0.0018927275866986726,0.0018909386348166491,0.2081217471882833,0.16365115858737223
2018-09-24 00:00:00-04:00,15.789999961853027,15.8100004196167,15.710000038146973,15.75,27100,0.0,0.0,0.0,-0.008186405132497354,-0.008220097753954476,0.21597807274130193,0.16616504473298527
2018-09-25 00:00:00-04:00,15.75,16.049999237060547,15.75,15.850000381469727,78200,0.0,0.0,0.0,0.0063492305695065365,0.006329159119137984,0.17588381324300092,0.16710116718554513
2018-09-26 00:00:00-04:00,15.970000267028809,15.970000267028809,15.850000381469727,15.920000076293945,19800,0.0,0.0,0.0,0.0044163844252052,0.004406660817790266,0.14912104087725817,0.1591300050608847
2018-09-27 00:00:00-04:00,15.920000076293945,16.049999237060547,15.90999984741211,15.979999542236328,45000,0.0,0.0,0.0,0.0037688106567113078,0.003761726483520882,0.09085946738764092,0.1593969122035147
2018-09-28 00:00:00-04:00,15.979999542236328,16.079999923706055,15.779999732971191,15.850000381469727,70100,0.0,0.0,0.0,-0.008135116676505794,-0.008168387301311203,0.11408121053957393,0.15925452218909383
2018-10-01 00:00:00-04:00,15.819999694824219,16.149999618530273,15.819999694824219,16.020000457763672,45500,0.0,0.0,0.0,0.010725556605834186,0.010668445823944247,0.11128771562273139,0.14983117466240056
2018-10-02 00:00:00-04:00,16.040000915527344,16.219999313354492,16.0,16.200000762939453,51900,0.0,0.0,0.0,0.011235973784791575,0.01117331911864117,0.12405270137665425,0.1539310066791626
2018-10-03 00:00:00-04:00,16.25,16.25,16.110000610351562,16.1200008392334,51700,0.0,0.0,0.0,-0.004938266662867674,-0.004950500193259168,0.1406519672758268,0.1534800428214543
2018-10-04 00:00:00-04:00,16.209999084472656,16.229999542236328,16.079999923706055,16.100000381469727,40000,0.0,0.0,0.0,-0.0012407231217379522,-0.0012414934559172356,0.14236124825294444,0.15375829504241406
2018-10-05 00:00:00-04:00,16.100000381469727,16.270000457763672,15.970000267028809,16.25,119200,0.0,0.0,0.0,0.009316746271814669,0.009273613091557586,0.11985449598971036,0.15509085791109756
2018-10-08 00:00:00-04:00,16.229999542236328,16.280000686645508,16.15999984741211,16.219999313354492,30100,0.0,0.0,0.0,-0.001846196101262021,-0.0018479024217424144,0.11529400458859652,0.15551998439470996
2018-10-09 00:00:00-04:00,16.200000762939453,16.200000762939453,16.100000381469727,16.1200008392334,24900,0.0,0.0,0.0,-0.006165134300515129,-0.006184217213897981,0.09701474305216672,0.1414933643012855
2018-10-10 00:00:00-04:00,16.09000015258789,16.09000015258789,15.869999885559082,15.920000076293945,34800,0.0,0.0,0.0,-0.012406994573640806,-0.012484603931535955,0.1263060052724373,0.14469669389288156
2018-10-11 00:00:00-04:00,15.850000381469727,16.1200008392334,15.850000381469727,16.030000686645508,79900,0.0,0.0,0.0,0.0069095860442465185,0.006885824247919139,0.14339444257122586,0.144198773959847
2018-10-12 00:00:00-04:00,16.139999389648438,16.229999542236328,16.100000381469727,16.229999542236328,32400,0.0,0.0,0.0,0.012476534436922204,0.012399343865224456,0.15845590657750913,0.14764858188021565
2018-10-15 00:00:00-04:00,16.219999313354492,16.639999389648438,16.219999313354492,16.610000610351562,111700,0.0,0.0,0.0,0.02341349838774387,0.023143607049519312,0.22813859676259582,0.1623880780412384
2018-10-16 00:00:00-04:00,16.520000457763672,16.559999465942383,16.40999984741211,16.459999084472656,78000,0.0,0.0,0.0,-0.009030795928172575,-0.009071820743656221,0.23756420400330427,0.1609422447296064
2018-10-17 00:00:00-04:00,16.469999313354492,16.56999969482422,16.450000762939453,16.489999771118164,60700,0.0,0.0,0.0,0.0018226420604001703,0.0018209830638919943,0.1916686627958879,0.15233858879846882
2018-10-18 00:00:00-04:00,16.280000686645508,16.299999237060547,16.1200008392334,16.15999984741211,65600,0.0,0.0,0.0,-0.020012124213854898,-0.020215079040839613,0.2719810179502079,0.1619046649570697
2018-10-19 00:00:00-04:00,16.15999984741211,16.15999984741211,15.979999542236328,15.979999542236328,45200,0.0,0.0,0.0,-0.011138632851200647,-0.011201131958538196,0.2647940231554924,0.1674829501814088
2018-10-22 00:00:00-04:00,16.0,16.09000015258789,15.979999542236328,15.989999771118164,37600,0.0,0.0,0.0,0.0006257965687297418,0.0006256008397104669,0.14310531932273843,0.16440696589483927
2018-10-23 00:00:00-04:00,15.930000305175781,16.09000015258789,15.899999618530273,16.0,12700,0.0,0.0,0.0,0.0006254051923064718,0.0006252097079795522,0.15288157065820937,0.16309818316384472
2018-10-24 00:00:00-04:00,15.979999542236328,15.979999542236328,15.869999885559082,15.869999885559082,45500,0.0,0.0,0.0,-0.008125007152557373,-0.00815819491261151,0.1379757034371133,0.16518768685399737
2018-10-25 00:00:00-04:00,15.850000381469727,15.850000381469727,15.6899995803833,15.75,60400,0.0,0.0,0.0,-0.0075614295163465295,-0.0075901620555276885,0.0859419194868491,0.16655311316307356
2018-10-26 00:00:00-04:00,15.760000228881836,15.859999656677246,15.75,15.779999732971191,38500,0.0,0.0,0.0,0.0019047449505518177,0.0019029332241082232,0.07784950272711222,0.164385336931459
2018-10-29 00:00:00-04:00,15.800000190734863,15.84000015258789,15.649999618530273,15.6899995803833,37500,0.0,0.0,0.0,-0.00570343181944688,-0.005719758495022303,0.07471206968279498,0.16023402988526722
2018-10-30 00:00:00-04:00,15.6899995803833,15.699999809265137,15.569999694824219,15.59000015258789,18600,0.0,0.0,0.0,-0.006373449998076208,-0.006393847143493796,0.06459766442334437,0.15450017827862939
2018-10-31 00:00:00-04:00,15.5600004196167,15.710000038146973,15.550000190734863,15.619999885559082,52100,0.0,0.0,0.0,0.00192429330837518,0.0019224442277425127,0.07431811150617182,0.15461431411061613
2018-11-01 00:00:00-04:00,15.619999885559082,16.270000457763672,15.619999885559082,16.1200008392334,80600,0.0,0.0,0.0,0.032010304567068104,0.031508652055129385,0.2500184146297288,0.19516918010842535
2018-11-02 00:00:00-04:00,16.25,16.329999923706055,16.139999389648438,16.309999465942383,139300,0.0,0.0,0.0,0.011786514690902417,0.011717594748633299,0.2527548168757245,0.19689974000061972
2018-11-05 00:00:00-05:00,16.209999084472656,16.350000381469727,16.209999084472656,16.229999542236328,24300,0.0,0.0,0.0,-0.004904961761225457,-0.004917030567025699,0.25033248526988433,0.19763103692024692
2018-11-06 00:00:00-05:00,16.18000030517578,16.280000686645508,16.1299991607666,16.280000686645508,93200,0.0,0.0,0.0,0.003080785324673485,0.0030760494299220567,0.22665636000721973,0.1964627870510838
2018-11-07 00:00:00-05:00,16.219999313354492,16.219999313354492,16.09000015258789,16.15999984741211,27200,0.0,0.0,0.0,-0.007371058610079473,-0.007398359101006512,0.2525007517477545,0.19283193138523927
2018-11-08 00:00:00-05:00,16.149999618530273,16.239999771118164,15.869999885559082,16.139999389648438,80600,0.0,0.0,0.0,-0.0012376521010224462,-0.001238418624909235,0.11984192715018915,0.19158290928804492
2018-11-09 00:00:00-05:00,16.110000610351562,16.329999923706055,16.100000381469727,16.280000686645508,43900,0.0,0.0,0.0,0.00867418229810224,0.008636777725915706,0.10165791345552379,0.188862863714299
2018-11-12 00:00:00-05:00,16.229999542236328,16.25,16.149999618530273,16.190000534057617,21100,0.0,0.0,0.0,-0.005528264667809091,-0.005543602075210741,0.10349639897769583,0.16857508606016167
2018-11-13 00:00:00-05:00,16.260000228881836,16.280000686645508,16.1299991607666,16.18000030517578,42100,0.0,0.0,0.0,-0.0006176793423076088,-0.0006178701847829151,0.09870783011282691,0.16603536184502476
2018-11-14 00:00:00-05:00,16.209999084472656,16.280000686645508,16.200000762939453,16.209999084472656,15100,0.0,0.0,0.0,0.0018540654345524654,0.0018523487767710522,0.08293433439766569,0.1660419973346358
2018-11-15 00:00:00-05:00,16.31999969482422,16.420000076293945,16.219999313354492,16.309999465942383,96100,0.0,0.0,0.0,0.006169055343471008,0.006150104620326146,0.08888776256236874,0.15121863806169392
2018-11-16 00:00:00-05:00,16.260000228881836,16.3700008392334,16.18000030517578,16.309999465942383,28400,0.0,0.0,0.0,0.0,0.0,0.06722497127448261,0.14487972430655946
2018-11-19 00:00:00-05:00,16.309999465942383,16.309999465942383,16.0,16.020000457763672,35500,0.0,0.0,0.0,-0.01778044253062483,-0.017940413674015276,0.14559882296389054,0.1595984650405053
2018-11-20 00:00:00-05:00,16.059999465942383,16.239999771118164,16.059999465942383,16.18000030517578,20600,0.0,0.0,0.0,0.00998750579526786,0.009937960276918028,0.16974938200109516,0.16338993399101562
2018-11-21 00:00:00-05:00,16.15999984741211,16.280000686645508,16.100000381469727,16.209999084472656,12500,0.0,0.0,0.0,0.0018540654345524654,0.0018523487767710522,0.16974938200109516,0.16012162140256236
2018-11-23 00:00:00-05:00,16.229999542236328,16.229999542236328,16.149999618530273,16.15999984741211,7300,0.0,0.0,0.0,-0.00308446883926361,-0.0030892356177839903,0.16121846126627362,0.15767649611672385
2018-11-26 00:00:00-05:00,16.09000015258789,16.09000015258789,15.760000228881836,15.850000381469727,108400,0.0,0.0,0.0,-0.019183135449845068,-0.019369519259849304,0.20044002972846464,0.1736226128568971
2018-11-27 00:00:00-05:00,15.880000114440918,16.1299991607666,15.859999656677246,16.1200008392334,23900,0.0,0.0,0.0,0.01703472878646295,0.016891264749326076,0.21912305463451806,0.18180117993340691
2018-11-28 00:00:00-05:00,16.18000030517578,16.3700008392334,16.18000030517578,16.350000381469727,44500,0.0,0.0,0.0,0.014267960934378321,0.014167131534637768,0.23154292992867395,0.18481283791494849
2018-11-29 00:00:00-05:00,16.270000457763672,16.350000381469727,16.209999084472656,16.270000457763672,28400,0.0,0.0,0.0,-0.004892961580399868,-0.004904971308353954,0.23702678467981303,0.18664366088698575
2018-11-30 00:00:00-05:00,16.3700008392334,16.40999984741211,16.309999465942383,16.360000610351562,68800,0.0,0.0,0.0,0.005531662572568985,0.005516419115763166,0.23595616769027686,0.15055128009379817
2018-12-03 00:00:00-05:00,16.729999542236328,16.729999542236328,16.549999237060547,16.56999969482422,209800,0.0,0.0,0.0,0.012836129378857253,0.012754444538950749,0.1402128913309749,0.15161121857713347
2018-12-04 00:00:00-05:00,16.6200008392334,16.68000030517578,16.579999923706055,16.6200008392334,103800,0.0,0.0,0.0,0.0030175706294550686,0.0030130269015881716,0.123665129009915,0.15023529817534673
2018-12-06 00:00:00-05:00,16.600000381469727,16.649999618530273,16.40999984741211,16.639999389648438,118300,0.0,0.0,0.0,0.0012032821543443983,0.0012025587905885667,0.1026433824426767,0.1500763636975389
2018-12-07 00:00:00-05:00,16.690000534057617,16.760000228881836,16.649999618530273,16.75,59900,0.0,0.0,0.0,0.0066106138453341234,0.00658885955779491,0.07059249420338838,0.14775204352587265
2018-12-10 00:00:00-05:00,16.729999542236328,16.729999542236328,16.610000610351562,16.610000610351562,50400,0.0,0.0,0.0,-0.008358172516324647,-0.008393297899842379,0.12347556409705952,0.15182235830919513
2018-12-11 00:00:00-05:00,16.670000076293945,16.760000228881836,16.6200008392334,16.75,65800,0.0,0.0,0.0,0.008428620379531404,0.008393297899842403,0.10390959131382822,0.15167044874881144
2018-12-12 00:00:00-05:00,16.780000686645508,16.940000534057617,16.75,16.81999969482422,103200,0.0,0.0,0.0,0.004179086258162323,0.00417037813010088,0.10482233530151044,0.14963236155009493
2018-12-13 00:00:00-05:00,16.809999465942383,16.829999923706055,16.56999969482422,16.6200008392334,56100,0.0,0.0,0.0,-0.011890538598069211,-0.011961796478484417,0.1470510412519685,0.15735210310494038
2018-12-14 00:00:00-05:00,16.639999389648438,16.639999389648438,16.469999313354492,16.479999542236328,48800,0.0,0.0,0.0,-0.008423663653889912,-0.008459343218288435,0.1417847193802238,0.16113322475235264
2018-12-17 00:00:00-05:00,16.540000915527344,16.6200008392334,16.530000686645508,16.56999969482422,46200,0.0,0.0,0.0,0.005461174459212348,0.005446316316700446,0.14411429458282493,0.16084410906775634
2018-12-18 00:00:00-05:00,16.600000381469727,16.68000030517578,16.56999969482422,16.610000610351562,30300,0.0,0.0,0.0,0.002414056503563966,0.0024111473501292908,0.12595367513175848,0.16090515508673314
2018-12-19 00:00:00-05:00,16.610000610351562,16.610000610351562,16.440000534057617,16.450000762939453,90700,0.0,0.0,0.0,-0.009632741814133094,-0.009679436780555217,0.12381931027896645,0.15058697019077638
2018-12-20 00:00:00-05:00,16.549999237060547,16.549999237060547,16.350000381469727,16.360000610351562,37300,0.0,0.0,0.0,-0.005471133642173109,-0.005486155108524909,0.10658826944489852,0.1488386595294265
2018-12-21 00:00:00-05:00,16.299999237060547,16.3700008392334,16.1299991607666,16.139999389648438,86300,0.0,0.0,0.0,-0.013447506876248072,-0.013538743456432955,0.12642675419453175,0.15681862970769703
2018-12-24 00:00:00-05:00,16.0,16.3700008392334,15.819999694824219,16.200000762939453,33400,0.0,0.0,0.0,0.003717557345726874,0.003710664307645118,0.11844264811602127,0.15700058387679564
2018-12-26 00:00:00-05:00,16.18000030517578,16.309999465942383,15.949999809265137,15.949999809265137,56900,0.0,0.0,0.0,-0.015432156907439154,-0.015552472060810337,0.12070376485986786,0.15133017017499836
2018-12-27 00:00:00-05:00,15.930000305175781,16.059999465942383,15.930000305175781,16.020000457763672,18000,0.0,0.0,0.0,0.004388755444239667,0.004379152942169168,0.14726697689247592,0.13900174777105306
2018-12-28 00:00:00-05:00,16.049999237060547,16.280000686645508,16.049999237060547,16.200000762939453,20100,0.0,0.0,0.0,0.011235973784791575,0.01117331911864117,0.18785035499210934,0.13515803453918798
2018-12-31 00:00:00-05:00,16.299999237060547,16.299999237060547,16.1299991607666,16.18000030517578,39000,0.0,0.0,0.0,-0.0012345961001080097,-0.0012353588417230571,0.15826265595736552,0.13417474534636614
2019-01-02 00:00:00-05:00,16.18000030517578,16.459999084472656,16.18000030517578,16.3799991607666,37500,0.0,0.0,0.0,0.012360868468392017,0.012285096698029662,0.17966124551241228,0.1401308591394847
2019-01-03 00:00:00-05:00,16.450000762939453,16.479999542236328,16.420000076293945,16.459999084472656,25100,0.0,0.0,0.0,0.004884000476487849,0.004872112437905054,0.08821512994429026,0.13321591332984375
2019-01-04 00:00:00-05:00,16.59000015258789,16.639999389648438,16.549999237060547,16.639999389648438,42700,0.0,0.0,0.0,0.010935620606782548,0.01087625908570355,0.09134143590712444,0.1386835916212212
2019-01-07 00:00:00-05:00,16.75,16.75,16.649999618530273,16.68000030517578,49900,0.0,0.0,0.0,0.0024039012616927646,0.0024010165132301556,0.09093377828194123,0.13887602941174046
2019-01-08 00:00:00-05:00,16.68000030517578,16.700000762939453,16.520000457763672,16.56999969482422,39400,0.0,0.0,0.0,-0.006594760691786661,-0.006616602205406927,0.12047942742543584,0.13864684507348773
2019-01-09 00:00:00-05:00,16.610000610351562,16.729999542236328,16.610000610351562,16.719999313354492,16900,0.0,0.0,0.0,0.0090524816712656,0.009011753568135857,0.1091525458104586,0.1393374370443337
2019-01-10 00:00:00-05:00,16.6299991607666,16.6299991607666,16.3799991607666,16.389999389648438,60200,0.0,0.0,0.0,-0.019736838352767072,-0.019934211072767556,0.20036552320703108,0.15292868320369804
2019-01-11 00:00:00-05:00,16.420000076293945,16.489999771118164,16.420000076293945,16.450000762939453,17200,0.0,0.0,0.0,0.003660852686114824,0.00365416807420577,0.1790742425669339,0.15270494184504957
2019-01-14 00:00:00-05:00,16.399999618530273,16.399999618530273,16.329999923706055,16.360000610351562,19200,0.0,0.0,0.0,-0.005471133642173109,-0.005486155108524909,0.17487829388744267,0.14830723945059304
2019-01-15 00:00:00-05:00,16.329999923706055,16.329999923706055,16.170000076293945,16.200000762939453,15500,0.0,0.0,0.0,-0.009779941408490589,-0.009828079148787717,0.17946642579686897,0.1493131535879766
2019-01-16 00:00:00-05:00,16.280000686645508,16.290000915527344,16.139999389648438,16.25,22000,0.0,0.0,0.0,0.003086372512705715,0.0030816194423813046,0.15442877358641438,0.14822333587921552
2019-01-17 00:00:00-05:00,16.270000457763672,16.5,16.209999084472656,16.489999771118164,75300,0.0,0.0,0.0,0.01476921668419462,0.01466121391572229,0.15034485093724717,0.15808386060913024
2019-01-18 00:00:00-05:00,16.510000228881836,16.6299991607666,16.43000030517578,16.559999465942383,37000,0.0,0.0,0.0,0.004244978520061782,0.004235994015788224,0.15099000974573526,0.1548778848625563
2019-01-22 00:00:00-05:00,16.559999465942383,16.579999923706055,16.290000915527344,16.510000228881836,63200,0.0,0.0,0.0,-0.0030192776976458724,-0.0030238449119960238,0.14487077400056,0.15389101527846963
2019-01-23 00:00:00-05:00,16.510000228881836,16.600000381469727,16.510000228881836,16.549999237060547,9400,0.0,0.0,0.0,0.002422713968758039,0.002419783928749192,0.10293257933446992,0.14485791848767648
2019-01-24 00:00:00-05:00,16.559999465942383,16.600000381469727,16.469999313354492,16.579999923706055,9300,0.0,0.0,0.0,0.0018127303944719397,0.0018110893815737714,0.10426774712287402,0.1445929223988242
2019-01-25 00:00:00-05:00,16.600000381469727,16.709999084472656,16.520000457763672,16.670000076293945,32900,0.0,0.0,0.0,0.00542823600736031,0.005413556233840055,0.05146465291773581,0.13109907870326865
2019-01-28 00:00:00-05:00,16.65999984741211,16.690000534057617,16.559999465942383,16.690000534057617,15000,0.0,0.0,0.0,0.001199787502827565,0.0011990683329781166,0.04819589513794285,0.13089518661872837
2019-01-29 00:00:00-05:00,16.610000610351562,16.639999389648438,16.59000015258789,16.6200008392334,29000,0.0,0.0,0.0,-0.004194109801337498,-0.004202929749710269,0.05542184945381378,0.12801224280236195
2019-01-30 00:00:00-05:00,16.639999389648438,16.68000030517578,16.59000015258789,16.649999618530273,16600,0.0,0.0,0.0,0.0018049806126398948,0.001803353592666028,0.05482758762861281,0.12766461136159357
2019-01-31 00:00:00-05:00,16.700000762939453,16.75,16.510000228881836,16.579999923706055,30600,0.0,0.0,0.0,-0.004204185971650953,-0.004213048409773831,0.06613627809657391,0.12234095667613543
2019-02-01 00:00:00-05:00,16.799999237060547,16.809999465942383,16.579999923706055,16.600000381469727,47500,0.0,0.0,0.0,0.001206300232551527,0.0012055732370171875,0.04887168240774033,0.12133937264454538
2019-02-04 00:00:00-05:00,16.579999923706055,16.68000030517578,16.579999923706055,16.6299991607666,20200,0.0,0.0,0.0,0.0018071553378011807,0.0018055243972067531,0.05062548525613103,0.11504125088731137
2019-02-05 00:00:00-05:00,16.649999618530273,16.670000076293945,16.530000686645508,16.649999618530273,22800,0.0,0.0,0.0,0.001202673407877164,0.0012019507755499145,0.04081345419392798,0.11478637595441
2019-02-06 00:00:00-05:00,16.600000381469727,16.68000030517578,16.600000381469727,16.670000076293945,8800,0.0,0.0,0.0,0.0012012287220362072,0.0012005078240660302,0.0396792580624519,0.11221131444386623
2019-02-07 00:00:00-05:00,16.610000610351562,16.639999389648438,16.510000228881836,16.540000915527344,28400,0.0,0.0,0.0,-0.007798389932311411,-0.007828956391562007,0.06511033808544366,0.11076070180358277
2019-02-08 00:00:00-05:00,16.549999237060547,16.59000015258789,16.459999084472656,16.59000015258789,40000,0.0,0.0,0.0,0.003022928312755413,0.0030183684520735,0.06921560993278307,0.0848037593205565
2019-02-11 00:00:00-05:00,16.549999237060547,16.549999237060547,16.360000610351562,16.389999389648438,38400,0.0,0.0,0.0,-0.012055500970459931,-0.012128757883463367,0.10546380877599622,0.09505928595427811
2019-02-12 00:00:00-05:00,16.43000030517578,16.6299991607666,16.399999618530273,16.6200008392334,23900,0.0,0.0,0.0,0.014033035884688516,0.013935484406219702,0.16133281214668707,0.10528321369500829
2019-02-13 00:00:00-05:00,16.59000015258789,16.610000610351562,16.549999237060547,16.579999923706055,18600,0.0,0.0,0.0,-0.002406793833181875,-0.0024096948171078566,0.16122378205523644,0.09848053013098518
2019-02-14 00:00:00-05:00,16.479999542236328,16.489999771118164,16.3700008392334,16.40999984741211,20100,0.0,0.0,0.0,-0.010253321898444634,-0.010306249302054458,0.16848464593187723,0.1061383135082705
2019-02-15 00:00:00-05:00,16.440000534057617,16.459999084472656,16.329999923706055,16.459999084472656,22800,0.0,0.0,0.0,0.003046876144147781,0.003042243824047397,0.1685255137122346,0.09253765312032919
2019-02-19 00:00:00-05:00,16.420000076293945,16.420000076293945,16.229999542236328,16.309999465942383,60100,0.0,0.0,0.0,-0.009112978546382378,-0.009154755738837438,0.1579042817209473,0.09633693365704395
2019-02-20 00:00:00-05:00,16.270000457763672,16.3700008392334,16.190000534057617,16.350000381469727,36000,0.0,0.0,0.0,0.0024525393523691097,0.0024495367860043896,0.09923203111325321,0.09657967569155809
2019-02-21 00:00:00-05:00,16.469999313354492,16.540000915527344,16.440000534057617,16.489999771118164,27000,0.0,0.0,0.0,0.008562653601348336,0.008526202016725055,0.13070405352977235,0.10135899621549245
2019-02-22 00:00:00-05:00,16.5,16.520000457763672,16.450000762939453,16.489999771118164,21200,0.0,0.0,0.0,0.0,0.0,0.10249976819753168,0.10109443401329016
2019-02-25 00:00:00-05:00,16.6299991607666,16.6299991607666,16.469999313354492,16.469999313354492,31400,0.0,0.0,0.0,-0.0012128840534432195,-0.0012136201926012666,0.10157093203443907,0.09886858250867292
2019-02-26 00:00:00-05:00,16.43000030517578,16.43000030517578,16.290000915527344,16.360000610351562,69400,0.0,0.0,0.0,-0.006678731486876144,-0.006701134016714532,0.08819256425834725,0.10091636884475345
2019-02-27 00:00:00-05:00,16.399999618530273,16.459999084472656,16.350000381469727,16.3700008392334,15100,0.0,0.0,0.0,0.0006112609112929324,0.0006110741674376993,0.08674527485406355,0.10032556618348941
2019-02-28 00:00:00-05:00,16.329999923706055,16.3799991607666,16.25,16.260000228881836,10100,0.0,0.0,0.0,-0.006719645981198008,-0.006742324453552597,0.05745816476072113,0.10200828083136786
2019-03-01 00:00:00-05:00,16.309999465942383,16.31999969482422,16.079999923706055,16.25,51700,0.0,0.0,0.0,-0.0006150202177779285,-0.0006152094202916242,0.055709293199085234,0.10138358370243494
2019-03-04 00:00:00-05:00,16.399999618530273,16.5,16.360000610351562,16.389999389648438,37000,0.0,0.0,0.0,0.008615347055288547,0.008578446740725658,0.10044704451698358,0.10677559037226617
2019-03-05 00:00:00-05:00,16.260000228881836,16.350000381469727,16.260000228881836,16.329999923706055,19000,0.0,0.0,0.0,-0.003660736313405688,-0.0036674532061096977,0.09150418033320688,0.10689452923940256
2019-03-06 00:00:00-05:00,16.329999923706055,16.329999923706055,16.100000381469727,16.1299991607666,23500,0.0,0.0,0.0,-0.012247444205380265,-0.012323062202595235,0.12305667935170894,0.11384129113073058
2019-03-07 00:00:00-05:00,16.1200008392334,16.190000534057617,16.049999237060547,16.1299991607666,30700,0.0,0.0,0.0,0.0,0.0,0.11919009940538969,0.11353418716701277
2019-03-08 00:00:00-05:00,16.079999923706055,16.100000381469727,15.930000305175781,16.010000228881836,30800,0.0,0.0,0.0,-0.007439487794682731,-0.007467298802964361,0.12538922101894545,0.11328204724314737
2019-03-11 00:00:00-04:00,16.010000228881836,16.010000228881836,15.899999618530273,15.9399995803833,28800,0.0,0.0,0.0,-0.004372307776251971,-0.004381894267495819,0.07282598914817477,0.11231415712481335
2019-03-12 00:00:00-04:00,15.970000267028809,16.049999237060547,15.920000076293945,16.020000457763672,17600,0.0,0.0,0.0,0.005018875751968244,0.005006323177416945,0.10564152965282335,0.10826392648610947
2019-03-13 00:00:00-04:00,15.960000038146973,16.100000381469727,15.960000038146973,16.09000015258789,17200,0.0,0.0,0.0,0.0043695189028720716,0.0043600002729666625,0.08606351255907087,0.09494046262642394
2019-03-14 00:00:00-04:00,16.09000015258789,16.15999984741211,16.049999237060547,16.100000381469727,15000,0.0,0.0,0.0,0.0006215182589808244,0.0006213251964981314,0.08639648656533667,0.0952082036284972
2019-03-15 00:00:00-04:00,16.100000381469727,16.219999313354492,16.100000381469727,16.149999618530273,17300,0.0,0.0,0.0,0.0031055426009860554,0.0031007303640598395,0.06052177612571682,0.09052004324247727
2019-03-18 00:00:00-04:00,16.110000610351562,16.149999618530273,16.049999237060547,16.09000015258789,13000,0.0,0.0,0.0,-0.0037151372978077024,-0.0037220555605578702,0.05637212851657438,0.08990597904258525
2019-03-19 00:00:00-04:00,16.219999313354492,16.219999313354492,16.06999969482422,16.170000076293945,21900,0.0,0.0,0.0,0.004972027529358769,0.004959707819564849,0.056208535565092914,0.08715918113095542
2019-03-20 00:00:00-04:00,16.079999923706055,16.190000534057617,16.030000686645508,16.110000610351562,6400,0.0,0.0,0.0,-0.0037105420939573808,-0.0037174432318704993,0.062496886698885264,0.08721385803426532
2019-03-21 00:00:00-04:00,16.15999984741211,16.25,16.100000381469727,16.209999084472656,24000,0.0,0.0,0.0,0.006207229691651328,0.00618804419302811,0.07573987651622256,0.08423703375948677
2019-03-22 00:00:00-04:00,16.200000762939453,16.200000762939453,16.049999237060547,16.049999237060547,20500,0.0,0.0,0.0,-0.009870441483576076,-0.009919477227557922,0.10671505433649009,0.09001579724316454
2019-03-25 00:00:00-04:00,16.1299991607666,16.149999618530273,16.079999923706055,16.149999618530273,10900,0.0,0.0,0.0,0.006230553658770122,0.006211224007393359,0.11511270824470682,0.093942871516324
2019-03-26 00:00:00-04:00,16.1200008392334,16.139999389648438,16.020000457763672,16.049999237060547,14400,0.0,0.0,0.0,-0.006191974231069763,-0.006211224007393402,0.11668649441554116,0.09356526607280671
2019-03-27 00:00:00-04:00,16.0,16.0,15.819999694824219,15.880000114440918,27500,0.0,0.0,0.0,-0.010591846149567985,-0.010648339015258756,0.13396834084571665,0.09937311775954738
2019-03-28 00:00:00-04:00,15.899999618530273,15.90999984741211,15.829999923706055,15.829999923706055,21700,0.0,0.0,0.0,-0.00314862659789239,-0.0031535939522553836,0.10812043854629254,0.09767921638149679
2019-03-29 00:00:00-04:00,15.899999618530273,15.90999984741211,15.75,15.75,25300,0.0,0.0,0.0,-0.00505369071962225,-0.005066503801699054,0.09864151504677589,0.09852071557516388
2019-04-01 00:00:00-04:00,15.880000114440918,16.010000228881836,15.859999656677246,15.949999809265137,28700,0.0,0.0,0.0,0.01269840058826266,0.012618452000912809,0.14132615966265466,0.1049601489688888
2019-04-02 00:00:00-04:00,15.970000267028809,16.079999923706055,15.930000305175781,16.049999237060547,34600,0.0,0.0,0.0,0.006269556676566257,0.006249984768300368,0.1481082910273366,0.10792372775102989
2019-04-03 00:00:00-04:00,16.09000015258789,16.149999618530273,15.960000038146973,16.049999237060547,18200,0.0,0.0,0.0,0.0,0.0,0.11579432237936046,0.09915779442511508
2019-04-04 00:00:00-04:00,16.06999969482422,16.170000076293945,16.06999969482422,16.149999618530273,31000,0.0,0.0,0.0,0.006230553658770122,0.006211224007393359,0.10759402266242774,0.10178122351390682
2019-04-05 00:00:00-04:00,16.100000381469727,16.100000381469727,16.010000228881836,16.049999237060547,15900,0.0,0.0,0.0,-0.006191974231069763,-0.006211224007393402,0.11377365517308392,0.10064861204114556
2019-04-08 00:00:00-04:00,16.059999465942383,16.1200008392334,16.010000228881836,16.049999237060547,21500,0.0,0.0,0.0,0.0,0.0,0.08268057579455589,0.09923319710386341
2019-04-09 00:00:00-04:00,16.049999237060547,16.059999465942383,15.979999542236328,16.059999465942383,29600,0.0,0.0,0.0,0.000623067249669651,0.000622873223860747,0.06985730514590485,0.09771254457379414
2019-04-10 00:00:00-04:00,16.059999465942383,16.09000015258789,16.049999237060547,16.079999923706055,6700,0.0,0.0,0.0,0.0012453585572083092,0.0012445837414558729,0.07026695428837787,0.09654239554389973
2019-04-11 00:00:00-04:00,16.040000915527344,16.040000915527344,15.9399995803833,15.949999809265137,15700,0.0,0.0,0.0,-0.008084584269758888,-0.008117441733617099,0.06866886560372805,0.10064198917242488
2019-04-12 00:00:00-04:00,15.9399995803833,16.010000228881836,15.9399995803833,15.9399995803833,8000,0.0,0.0,0.0,-0.0006269736051047747,-0.0006271702352477591,0.060618507103430266,0.09976187343492277
2019-04-15 00:00:00-04:00,15.989999771118164,16.059999465942383,15.989999771118164,16.020000457763672,4600,0.0,0.0,0.0,0.005018875751968244,0.005006323177416945,0.07622089244864422,0.10099550423324935
2019-04-16 00:00:00-04:00,15.949999809265137,15.949999809265137,15.8100004196167,15.850000381469727,28100,0.0,0.0,0.0,-0.010611739790029717,-0.010668445823944123,0.10379149269362972,0.10546351745686124
2019-04-17 00:00:00-04:00,15.850000381469727,15.859999656677246,15.710000038146973,15.720000267028809,32900,0.0,0.0,0.0,-0.008201899767327547,-0.0082357204031542,0.10334170216575547,0.10817709730931215
2019-04-18 00:00:00-04:00,15.6899995803833,15.729999542236328,15.649999618530273,15.720000267028809,21300,0.0,0.0,0.0,0.0,0.0,0.10160462883263344,0.10472682928032888
2019-04-22 00:00:00-04:00,15.699999809265137,15.729999542236328,15.670000076293945,15.670000076293945,19400,0.0,0.0,0.0,-0.0031806736568404936,-0.003185742750905992,0.0996284684335551,0.10024222859310508
2019-04-23 00:00:00-04:00,15.680000305175781,15.680000305175781,15.40999984741211,15.4399995803833,84900,0.0,0.0,0.0,-0.01467775971862284,-0.014786543817337421,0.09272170467111485,0.10699318961029274
2019-04-24 00:00:00-04:00,15.449999809265137,15.479999542236328,15.319999694824219,15.350000381469727,59900,0.0,0.0,0.0,-0.005828963818620747,-0.005846018534728519,0.08817708349515593,0.10682224543374247
2019-04-25 00:00:00-04:00,15.380000114440918,15.470000267028809,15.359999656677246,15.380000114440918,37700,0.0,0.0,0.0,0.0019543799495540526,0.0019524726337359934,0.10314916600690129,0.10297261586386823
2019-04-26 00:00:00-04:00,15.380000114440918,15.399999618530273,15.300000190734863,15.319999694824219,23400,0.0,0.0,0.0,-0.0039011976053473507,-0.00390882712603492,0.09628202580477038,0.10315931092442299
2019-04-29 00:00:00-04:00,15.350000381469727,15.350000381469727,15.170000076293945,15.220000267028809,38100,0.0,0.0,0.0,-0.0065273779234600315,-0.006548774414215474,0.09494240486282875,0.10394033590162817
2019-04-30 00:00:00-04:00,15.220000267028809,15.220000267028809,15.050000190734863,15.100000381469727,45300,0.0,0.0,0.0,-0.007884355023241252,-0.007915600894365259,0.061136602659466924,0.09102706988644593
2019-05-01 00:00:00-04:00,15.09000015258789,15.09000015258789,14.949999809265137,15.020000457763672,78000,0.0,0.0,0.0,-0.005298008058610915,-0.005312092270843689,0.06048804280485704,0.08493461329918596
2019-05-02 00:00:00-04:00,15.029999732971191,15.029999732971191,14.899999618530273,14.90999984741211,80400,0.0,0.0,0.0,-0.0073236089879546995,-0.0073505582702129936,0.02547840018875003,0.08514198779096464
2019-05-03 00:00:00-04:00,14.930000305175781,14.970000267028809,14.890000343322754,14.899999618530273,47300,0.0,0.0,0.0,-0.0006707061692943217,-0.0006709311932993711,0.045885810665335695,0.07770480552381741
2019-05-06 00:00:00-04:00,14.569999694824219,14.779999732971191,14.510000228881836,14.760000228881836,98500,0.0,0.0,0.0,-0.009395932431724874,-0.009440352670192243,0.053635919608065984,0.07970545671955194
2019-05-07 00:00:00-04:00,14.65999984741211,14.829999923706055,14.65999984741211,14.760000228881836,72600,0.0,0.0,0.0,0.0,0.0,0.06520450104089116,0.07970545671955194
2019-05-08 00:00:00-04:00,14.75,14.760000228881836,14.649999618530273,14.670000076293945,23100,0.0,0.0,0.0,-0.006097571218988351,-0.0061162373236575505,0.06603370250036406,0.0778963047036087
2019-05-09 00:00:00-04:00,14.579999923706055,14.579999923706055,14.359999656677246,14.460000038146973,130700,0.0,0.0,0.0,-0.014314930951249472,-0.014418377986846396,0.09558886402125202,0.08212933346505054
2019-05-10 00:00:00-04:00,14.420000076293945,14.550000190734863,14.399999618530273,14.420000076293945,146700,0.0,0.0,0.0,-0.0027662490835064224,-0.0027700822210765625,0.08902871380884544,0.08189218194918514
2019-05-13 00:00:00-04:00,14.15999984741211,14.40999984741211,14.149999618530273,14.350000381469727,163000,0.0,0.0,0.0,-0.004854347742986209,-0.00486616835875927,0.08553970905657333,0.08024491910529676
2019-05-14 00:00:00-04:00,14.630000114440918,14.899999618530273,14.579999923706055,14.789999961853027,165300,0.0,0.0,0.0,0.030661990849246035,0.03020130535458165,0.27633614455660327,0.14729152729976877
2019-05-15 00:00:00-04:00,14.850000381469727,15.010000228881836,14.800000190734863,14.84000015258789,150300,0.0,0.0,0.0,0.0033806755147955947,0.003374973877969734,0.27014711226832355,0.14726708810777206
2019-05-16 00:00:00-04:00,14.899999618530273,14.970000267028809,14.829999923706055,14.899999618530273,67700,0.0,0.0,0.0,0.004043090655354131,0.004034939327980793,0.2263891919343018,0.1482133419317747
2019-05-17 00:00:00-04:00,14.869999885559082,14.869999885559082,14.520000457763672,14.569999694824219,44100,0.0,0.0,0.0,-0.022147646453336334,-0.022396588087794263,0.303016684488239,0.16309572693853114
2019-05-20 00:00:00-04:00,14.729999542236328,14.84000015258789,14.720000267028809,14.770000457763672,97300,0.0,0.0,0.0,0.013726888615550159,0.013633528274465144,0.3044096256596407,0.17450969418337342
2019-05-21 00:00:00-04:00,14.890000343322754,14.960000038146973,14.5600004196167,14.609999656677246,62500,0.0,0.0,0.0,-0.010832823028270377,-0.010891925272643026,0.22394908383436862,0.17157584025960473
2019-05-22 00:00:00-04:00,14.65999984741211,14.819999694824219,14.65999984741211,14.75,31100,0.0,0.0,0.0,0.00958250147930495,0.009536880522382836,0.2378703545446797,0.1765031271749923
2019-05-23 00:00:00-04:00,14.640000343322754,14.739999771118164,14.539999961853027,14.630000114440918,32500,0.0,0.0,0.0,-0.008135585461632733,-0.008168859931450249,0.23690973111923133,0.1771880399082596
2019-05-24 00:00:00-04:00,14.739999771118164,14.760000228881836,14.710000038146973,14.739999771118164,42700,0.0,0.0,0.0,0.007518773466629547,0.0074906483788717325,0.17609094490874572,0.1805422966920335
2019-05-28 00:00:00-04:00,14.899999618530273,15.210000038146973,14.899999618530273,15.1899995803833,171700,0.0,0.0,0.0,0.03052915985432203,0.030072417749894866,0.2632036184616642,0.2128765241160199
2019-05-29 00:00:00-04:00,15.529999732971191,15.5600004196167,15.279999732971191,15.390000343322754,156400,0.0,0.0,0.0,0.013166607535509023,0.013080681175813508,0.21957482869291842,0.21565050054207108
2019-05-30 00:00:00-04:00,15.449999809265137,15.640000343322754,15.4399995803833,15.630000114440918,102900,0.0,0.0,0.0,0.0155945266903319,0.015474181596302195,0.22207049617374203,0.22021181820409885
2019-05-31 00:00:00-04:00,15.539999961853027,15.649999618530273,15.420000076293945,15.470000267028809,131200,0.0,0.0,0.0,-0.010236714410787662,-0.01028946990921281,0.23409039150704097,0.22209699515160022
2019-06-03 00:00:00-04:00,15.539999961853027,15.600000381469727,15.430000305175781,15.479999542236328,72200,0.0,0.0,0.0,0.0006463655484758579,0.0006461567442357963,0.24589730763818154,0.22194099701879447
2019-06-04 00:00:00-04:00,15.600000381469727,15.65999984741211,15.510000228881836,15.510000228881836,44400,0.0,0.0,0.0,0.001938028910378975,0.0019361533552127088,0.16581006582984828,0.21782833745561153
2019-06-05 00:00:00-04:00,15.449999809265137,15.550000190734863,15.350000381469727,15.359999656677246,47800,0.0,0.0,0.0,-0.009671216633850732,-0.009718286577712716,0.16745308450434157,0.22200684826399916
2019-06-06 00:00:00-04:00,15.229999542236328,15.369999885559082,15.149999618530273,15.319999694824219,40300,0.0,0.0,0.0,-0.002604164241347462,-0.0026075609754292396,0.0904483143385146,0.2206409018212092
2019-06-07 00:00:00-04:00,15.210000038146973,15.260000228881836,15.119999885559082,15.119999885559082,39500,0.0,0.0,0.0,-0.013054818097203102,-0.013140781209811785,0.10392705747180661,0.21942729337845632
2019-06-10 00:00:00-04:00,15.130000114440918,15.329999923706055,15.050000190734863,15.25,24100,0.0,0.0,0.0,0.008597891231803434,0.00856113987087746,0.13853815224531818,0.21963838949011202
2019-06-11 00:00:00-04:00,15.270000457763672,15.399999618530273,15.079999923706055,15.170000076293945,39300,0.0,0.0,0.0,-0.005245896636462577,-0.005259704663715049,0.13176253919226033,0.21982587403640147
2019-06-12 00:00:00-04:00,15.229999542236328,15.5600004196167,15.229999542236328,15.489999771118164,35800,0.0,0.0,0.0,0.021094244773556703,0.02087484126296854,0.21122300333772742,0.2059709861178778
2019-06-13 00:00:00-04:00,15.569999694824219,15.630000114440918,15.510000228881836,15.630000114440918,16600,0.0,0.0,0.0,0.00903811138743782,0.008997512102586737,0.21224592501802325,0.20730491346396393
2019-06-14 00:00:00-04:00,15.640000343322754,15.75,15.630000114440918,15.699999809265137,44400,0.0,0.0,0.0,0.004478547300811986,0.004468548450284034,0.15058182909997833,0.20734872064902687
2019-06-17 00:00:00-04:00,15.930000305175781,15.949999809265137,15.850000381469727,15.90999984741211,70300,0.0,0.0,0.0,0.013375798770586256,0.013287132553459787,0.15630307952797595,0.1883622699724879
2019-06-18 00:00:00-04:00,15.899999618530273,16.0,15.869999885559082,15.899999618530273,61600,0.0,0.0,0.0,-0.0006285499043208187,-0.000628747524625751,0.13221191241102045,0.18588696403865138
2019-06-19 00:00:00-04:00,15.850000381469727,15.9399995803833,15.739999771118164,15.739999771118164,39000,0.0,0.0,0.0,-0.010062883726465133,-0.010113856786534538,0.14414780969347799,0.18510387424629288
2019-06-20 00:00:00-04:00,15.819999694824219,15.979999542236328,15.789999961853027,15.960000038146973,43100,0.0,0.0,0.0,0.0139771455036799,0.013880365963979431,0.1600506012088209,0.1875668853631208
2019-06-21 00:00:00-04:00,15.9399995803833,15.9399995803833,15.720000267028809,15.729999542236328,63400,0.0,0.0,0.0,-0.014411058606573102,-0.014515906442952062,0.2073728158889801,0.19416570642063433
2019-06-24 00:00:00-04:00,15.800000190734863,15.869999885559082,15.779999732971191,15.859999656677246,31700,0.0,0.0,0.0,0.008264470325752837,0.008230506590745715,0.1897253510222768,0.19437804939452474
2019-06-25 00:00:00-04:00,15.869999885559082,15.890000343322754,15.710000038146973,15.75,36100,0.0,0.0,0.0,-0.006935665766608978,-0.006959829287975545,0.19505231849604007,0.16983659025519343
2019-06-26 00:00:00-04:00,15.6899995803833,15.720000267028809,15.600000381469727,15.600000381469727,25800,0.0,0.0,0.0,-0.009523785303509391,-0.009569426562963371,0.1936519269804507,0.16890795964244246
2019-06-27 00:00:00-04:00,15.630000114440918,15.640000343322754,15.5,15.529999732971191,73900,0.0,0.0,0.0,-0.004487220947871573,-0.0044973187424687455,0.1347259080943062,0.16029266097198536
2019-06-28 00:00:00-04:00,15.59000015258789,15.8100004196167,15.5600004196167,15.729999542236328,53900,0.0,0.0,0.0,0.01287828800412183,0.012796068002662014,0.15736697976385278,0.16222325612725605
2019-07-01 00:00:00-04:00,15.819999694824219,15.819999694824219,15.449999809265137,15.479999542236328,62700,0.0,0.0,0.0,-0.015893198173892453,-0.016020849378587845,0.17070700285928087,0.17282101818000045
2019-07-02 00:00:00-04:00,15.479999542236328,15.5,15.350000381469727,15.359999656677246,26200,0.0,0.0,0.0,-0.007751930820906638,-0.0077821332224999465,0.17144942099147373,0.17483272844288208
2019-07-03 00:00:00-04:00,15.460000038146973,15.539999961853027,15.40999984741211,15.489999771118164,32800,0.0,0.0,0.0,0.008463549306422236,0.00842793428488996,0.1880109266443864,0.17396536308826235
2019-07-05 00:00:00-04:00,15.5,15.5,15.260000228881836,15.270000457763672,38600,0.0,0.0,0.0,-0.014202667308277905,-0.014304490444158924,0.20960882126121083,0.18140390924195016
2019-07-08 00:00:00-04:00,15.369999885559082,15.380000114440918,15.239999771118164,15.350000381469727,35000,0.0,0.0,0.0,0.0052390256259213785,0.0052253496761386605,0.17692825397826556,0.1756084006859881
2019-07-09 00:00:00-04:00,15.279999732971191,15.489999771118164,15.279999732971191,15.489999771118164,24000,0.0,0.0,0.0,0.009120481183664486,0.009079140768020277,0.16723317110716485,0.1759251707435629
2019-07-10 00:00:00-04:00,15.529999732971191,15.609999656677246,15.430000305175781,15.609999656677246,33200,0.0,0.0,0.0,0.007746926231905205,0.007717072880895989,0.15683159324694915,0.17600973765091393
2019-07-11 00:00:00-04:00,15.569999694824219,15.710000038146973,15.550000190734863,15.710000038146973,24300,0.0,0.0,0.0,0.006406174482326277,0.006385742162156534,0.1531798265164929,0.16142841731877414
2019-07-12 00:00:00-04:00,15.729999542236328,15.920000076293945,15.729999542236328,15.899999618530273,46200,0.0,0.0,0.0,0.012094180771606844,0.01202163053865215,0.04212839983716814,0.16385459245671127
2019-07-15 00:00:00-04:00,15.829999923706055,15.829999923706055,15.670000076293945,15.699999809265137,67600,0.0,0.0,0.0,-0.01257860465808136,-0.01265838502883396,0.15571154048797756,0.1699953841651689
2019-07-16 00:00:00-04:00,15.600000381469727,15.600000381469727,15.449999809265137,15.449999809265137,38300,0.0,0.0,0.0,-0.01592356707243181,-0.016051709207089097,0.20361609460522742,0.17135222525705962
2019-07-17 00:00:00-04:00,15.510000228881836,15.520000457763672,15.369999885559082,15.380000114440918,29400,0.0,0.0,0.0,-0.004530724640025019,-0.004541019480066017,0.1907218366534354,0.17167559736166174
2019-07-18 00:00:00-04:00,15.319999694824219,15.460000038146973,15.319999694824219,15.390000343322754,48100,0.0,0.0,0.0,0.0006502099354632751,0.0006499986405689196,0.17689146506577602,0.16886450945744602
2019-07-19 00:00:00-04:00,15.5,15.779999732971191,15.5,15.699999809265137,23900,0.0,0.0,0.0,0.020142914816560165,0.019942730046586084,0.22568980187582915,0.177356292751063
2019-07-22 00:00:00-04:00,15.6899995803833,15.6899995803833,15.449999809265137,15.449999809265137,18100,0.0,0.0,0.0,-0.01592356707243181,-0.016051709207089097,0.23615570727302462,0.17897405587332887
2019-07-23 00:00:00-04:00,15.430000305175781,15.510000228881836,15.380000114440918,15.460000038146973,21500,0.0,0.0,0.0,0.0006472640132875185,0.0006470546282827839,0.2070500379294259,0.17585144199682992
2019-07-24 00:00:00-04:00,15.569999694824219,15.600000381469727,15.489999771118164,15.550000190734863,18900,0.0,0.0,0.0,0.005821484629095597,0.005804605264412072,0.20519251788157014,0.1761802725115389
2019-07-25 00:00:00-04:00,15.470000267028809,15.5,15.380000114440918,15.390000343322754,20000,0.0,0.0,0.0,-0.010289379128589404,-0.010342680732191866,0.22442157994324788,0.17671588126554766
2019-07-26 00:00:00-04:00,15.40999984741211,15.550000190734863,15.390000343322754,15.390000343322754,25900,0.0,0.0,0.0,0.0,0.0,0.1410450867467819,0.17612982729942286
2019-07-29 00:00:00-04:00,15.470000267028809,15.579999923706055,15.449999809265137,15.520000457763672,23800,0.0,0.0,0.0,0.008447050782381726,0.008411574091195554,0.11426665244527634,0.17236306561037362
2019-07-30 00:00:00-04:00,15.4399995803833,15.4399995803833,15.270000457763672,15.350000381469727,48900,0.0,0.0,0.0,-0.010953612840191917,-0.011014045365500325,0.14228879788244952,0.16737582646102586
2019-07-31 00:00:00-04:00,15.350000381469727,15.350000381469727,15.140000343322754,15.15999984741211,87500,0.0,0.0,0.0,-0.012377884647285287,-0.012455128735592593,0.14279853328924016,0.17085165533822017
2019-08-01 00:00:00-04:00,15.180000305175781,15.180000305175781,14.850000381469727,14.920000076293945,67700,0.0,0.0,0.0,-0.015831119626240175,-0.015957770259911262,0.16002603829627995,0.17545993036767688
2019-08-02 00:00:00-04:00,14.970000267028809,15.020000457763672,14.930000305175781,14.979999542236328,49700,0.0,0.0,0.0,0.004021411905869465,0.004013347641600343,0.1718606758757207,0.17024198639753813
2019-08-05 00:00:00-04:00,14.789999961853027,15.0,14.760000228881836,14.920000076293945,45500,0.0,0.0,0.0,-0.004005304924957653,-0.004013347641600393,0.12538409000160738,0.1689758144669441
2019-08-06 00:00:00-04:00,14.949999809265137,15.0,14.899999618530273,14.920000076293945,21100,0.0,0.0,0.0,0.0,0.0,0.13212195321070272,0.16451128519367586
2019-08-07 00:00:00-04:00,14.90999984741211,14.949999809265137,14.869999885559082,14.920000076293945,30500,0.0,0.0,0.0,0.0,0.0,0.12110898244029682,0.16079116979538788
2019-08-08 00:00:00-04:00,14.949999809265137,15.220000267028809,14.949999809265137,15.220000267028809,18800,0.0,0.0,0.0,0.020107251286916927,0.019907770088989335,0.14966004662787744,0.1770599138032438
2019-08-09 00:00:00-04:00,15.270000457763672,15.369999885559082,15.220000267028809,15.34000015258789,21700,0.0,0.0,0.0,0.007884355023241252,0.007853435908030025,0.1521467329427789,0.17335728701186234
2019-08-12 00:00:00-04:00,15.199999809265137,15.350000381469727,15.09000015258789,15.09000015258789,18600,0.0,0.0,0.0,-0.016297261897864068,-0.016431522994557024,0.2107058859662541,0.17690863497058953
2019-08-13 00:00:00-04:00,15.1899995803833,15.4399995803833,15.1899995803833,15.3100004196167,24800,0.0,0.0,0.0,0.014579209065884502,0.014473954185993893,0.22541783958830716,0.1780160636014446
2019-08-14 00:00:00-04:00,15.210000038146973,15.3100004196167,15.100000381469727,15.100000381469727,21800,0.0,0.0,0.0,-0.013716527262657707,-0.013811467993832253,0.26339559574308125,0.18374039698791939
2019-08-15 00:00:00-04:00,15.109999656677246,15.1899995803833,14.979999542236328,15.0,28100,0.0,0.0,0.0,-0.006622541651882585,-0.006644567981564034,0.21476760842485115,0.18476109657858134
2019-08-16 00:00:00-04:00,15.010000228881836,15.15999984741211,15.010000228881836,15.149999618530273,22600,0.0,0.0,0.0,0.009999974568684955,0.00995030567364792,0.22182882343864738,0.17229509447097557
2019-08-19 00:00:00-04:00,15.029999732971191,15.09000015258789,14.920000076293945,14.920000076293945,33400,0.0,0.0,0.0,-0.015181488318653846,-0.015297906886707902,0.21752838516873307,0.1715023436545786
2019-08-20 00:00:00-04:00,15.0600004196167,15.069999694824219,14.930000305175781,14.989999771118164,29000,0.0,0.0,0.0,0.004691668529910986,0.004680696956387794,0.17707749857648455,0.17282860691653099
2019-08-21 00:00:00-04:00,15.0,15.09000015258789,15.0,15.039999961853027,24500,0.0,0.0,0.0,0.0033355698130963507,0.0033300191397880336,0.15965920882545387,0.17165579576799977
2019-08-22 00:00:00-04:00,15.029999732971191,15.130000114440918,14.949999809265137,14.949999809265137,12900,0.0,0.0,0.0,-0.005984052713840726,-0.00600202890681541,0.15823905098722213,0.16943461665501705
2019-08-23 00:00:00-04:00,14.869999885559082,14.90999984741211,14.760000228881836,14.770000457763672,41800,0.0,0.0,0.0,-0.012040090555045513,-0.012113159542421526,0.1414519616382753,0.1734619444333537
2019-08-26 00:00:00-04:00,14.9399995803833,14.989999771118164,14.880000114440918,14.920000076293945,30400,0.0,0.0,0.0,0.010155694914107283,0.010104472353060915,0.14132849405542533,0.17492628625719
2019-08-27 00:00:00-04:00,14.84000015258789,14.899999618530273,14.8100004196167,14.8100004196167,11100,0.0,0.0,0.0,-0.007372631106887351,-0.007399943276107463,0.1422174049612267,0.17292163202148747
2019-08-28 00:00:00-04:00,14.8100004196167,14.960000038146973,14.729999542236328,14.920000076293945,8700,0.0,0.0,0.0,0.007427390517257937,0.0073999432761075136,0.1549741216353163,0.17103115648648867
2019-08-29 00:00:00-04:00,14.960000038146973,15.029999732971191,14.960000038146973,14.960000038146973,13100,0.0,0.0,0.0,0.0026809625769763645,0.0026773752071126027,0.1515716989807868,0.16174123358641315
2019-08-30 00:00:00-04:00,15.039999961853027,15.100000381469727,14.960000038146973,14.960000038146973,22200,0.0,0.0,0.0,0.0,0.0,0.10842701210364435,0.1611041714011727
2019-09-03 00:00:00-04:00,14.930000305175781,14.989999771118164,14.850000381469727,14.970000267028809,28700,0.0,0.0,0.0,0.0006684644957444252,0.0006682411728701229,0.08505778754457516,0.16042268803462412
2019-09-04 00:00:00-04:00,15.010000228881836,15.130000114440918,14.930000305175781,15.050000190734863,48400,0.0,0.0,0.0,0.005344016184305245,0.005329787599164976,0.049810798265165705,0.16144561080833078
2019-09-05 00:00:00-04:00,15.079999923706055,15.079999923706055,14.8100004196167,14.84000015258789,34000,0.0,0.0,0.0,-0.013953490729937235,-0.014051755846860279,0.11915380589506398,0.16940093984023663
2019-09-06 00:00:00-04:00,14.880000114440918,14.920000076293945,14.779999732971191,14.779999732971191,20900,0.0,0.0,0.0,-0.004043154919121439,-0.004051350568283416,0.11538493823552225,0.15174606878040858
2019-09-09 00:00:00-04:00,14.789999961853027,14.880000114440918,14.729999542236328,14.829999923706055,11900,0.0,0.0,0.0,0.0033829628983905735,0.0033772535521188916,0.12211528028444597,0.1488990437457751
2019-09-10 00:00:00-04:00,14.850000381469727,15.0600004196167,14.829999923706055,15.050000190734863,30700,0.0,0.0,0.0,0.01483481241811302,0.014725852863024984,0.17114446776533987,0.14928051884619825
2019-09-11 00:00:00-04:00,15.020000457763672,15.020000457763672,14.920000076293945,14.9399995803833,46500,0.0,0.0,0.0,-0.007309010561958762,-0.007335852250420434,0.17496868005422347,0.14072572405633393
2019-09-12 00:00:00-04:00,15.050000190734863,15.420000076293945,15.050000190734863,15.40999984741211,98700,0.0,0.0,0.0,0.03145918877038878,0.030974487812272397,0.2506472887648969,0.1746464189388079
2019-09-13 00:00:00-04:00,15.420000076293945,15.510000228881836,15.40999984741211,15.4399995803833,85300,0.0,0.0,0.0,0.0019467704911255712,0.0019448779892328506,0.23621156398798046,0.17227064700164002
2019-09-16 00:00:00-04:00,15.449999809265137,15.479999542236328,15.420000076293945,15.470000267028809,32200,0.0,0.0,0.0,0.0019430497060131113,0.0019411644266657249,0.23852594781241104,0.16934857264647737
2019-09-17 00:00:00-04:00,15.359999656677246,15.430000305175781,15.279999732971191,15.380000114440918,94300,0.0,0.0,0.0,-0.0058177214631151,-0.005834710327658328,0.24920291626955357,0.16043620881416687
2019-09-18 00:00:00-04:00,15.380000114440918,15.380000114440918,15.270000457763672,15.300000190734863,7100,0.0,0.0,0.0,-0.005201555468841601,-0.005215130653669184,0.24332063365229106,0.16171932612653167
2019-09-19 00:00:00-04:00,15.300000190734863,15.369999885559082,15.270000457763672,15.359999656677246,12600,0.0,0.0,0.0,0.0039215336728373185,0.003913864503063521,0.07178178461169252,0.16184139477536302
2019-09-20 00:00:00-04:00,15.3100004196167,15.3100004196167,15.140000343322754,15.180000305175781,36400,0.0,0.0,0.0,-0.011718708041976833,-0.011787913296494009,0.10053769393308697,0.16638795986100616
2019-09-23 00:00:00-04:00,15.380000114440918,15.420000076293945,15.270000457763672,15.279999732971191,21900,0.0,0.0,0.0,0.006587577456194982,0.006565974191376759,0.11961199724954388,0.1603272175127893
2019-09-24 00:00:00-04:00,15.369999885559082,15.420000076293945,15.300000190734863,15.329999923706055,20400,0.0,0.0,0.0,0.003272263848733692,0.0032669216442817632,0.1208695721905194,0.1573735334089767
2019-09-25 00:00:00-04:00,15.289999961853027,15.289999961853027,15.210000038146973,15.25,13200,0.0,0.0,0.0,-0.005218520815668426,-0.005232184853528171,0.12091007009045898,0.15595983877280123
2019-09-26 00:00:00-04:00,15.319999694824219,15.369999885559082,15.270000457763672,15.289999961853027,13100,0.0,0.0,0.0,0.0026229483182313995,0.00261951439265356,0.11814954204123267,0.15446753576545882
2019-09-27 00:00:00-04:00,15.220000267028809,15.25,15.170000076293945,15.220000267028809,12900,0.0,0.0,0.0,-0.004578135709539577,-0.00458864746793465,0.08238432532393958,0.15573214984548459
2019-09-30 00:00:00-04:00,15.25,15.520000457763672,15.25,15.510000228881836,28100,0.0,0.0,0.0,0.019053873637653984,0.018874621967357296,0.15531701824447444,0.1684292921091129
2019-10-01 00:00:00-04:00,15.510000228881836,15.6899995803833,15.510000228881836,15.670000076293945,37100,0.0,0.0,0.0,0.010315915219276883,0.010263069291223148,0.1638244505070113,0.1709861367070619
2019-10-02 00:00:00-04:00,15.630000114440918,15.670000076293945,15.609999656677246,15.640000343322754,9300,0.0,0.0,0.0,-0.0019144692294275067,-0.0019163041679723227,0.15286607810590247,0.17123706152485813
2019-10-03 00:00:00-04:00,15.569999694824219,15.699999809265137,15.569999694824219,15.579999923706055,30200,0.0,0.0,0.0,-0.003836343881048254,-0.003843721523060911,0.1657916499840953,0.16228348745829727
2019-10-04 00:00:00-04:00,15.630000114440918,15.720000267028809,15.609999656677246,15.640000343322754,16600,0.0,0.0,0.0,0.0038511180943847645,0.0038437215230608343,0.14886548465317653,0.1604808013780527
2019-10-07 00:00:00-04:00,15.680000305175781,15.680000305175781,15.619999885559082,15.680000305175781,12500,0.0,0.0,0.0,0.002557542261826473,0.002554277316255313,0.08770154655075249,0.16047322827293561
2019-10-08 00:00:00-04:00,15.609999656677246,15.819999694824219,15.5600004196167,15.729999542236328,39500,0.0,0.0,0.0,0.0031887267912897865,0.00318365358386906,0.054394002933993504,0.15412543800612954
2019-10-09 00:00:00-04:00,15.880000114440918,15.920000076293945,15.760000228881836,15.779999732971191,48500,0.0,0.0,0.0,0.0031786517603265008,0.003173610526878527,0.050436139230800044,0.1499315749550835
2019-10-10 00:00:00-04:00,15.8100004196167,15.930000305175781,15.75,15.789999961853027,35300,0.0,0.0,0.0,0.0006337280767465536,0.0006335273559060697,0.01957330637269059,0.10489090917977446
2019-10-11 00:00:00-04:00,15.899999618530273,15.979999542236328,15.859999656677246,15.920000076293945,86400,0.0,0.0,0.0,0.008233066165610259,0.00819935935691397,0.04468102447050154,0.1077867203640344
2019-10-14 00:00:00-04:00,15.920000076293945,16.020000457763672,15.899999618530273,16.0,77700,0.0,0.0,0.0,0.005025120811725348,0.005012537031210991,0.04463309151409474,0.10848730798581178
2019-10-15 00:00:00-04:00,16.030000686645508,16.049999237060547,15.90999984741211,15.9399995803833,44900,0.0,0.0,0.0,-0.003750026226043701,-0.0037570752024741606,0.071925708316745,0.1068204173478369
2019-10-16 00:00:00-04:00,15.90999984741211,15.970000267028809,15.84000015258789,15.84000015258789,64300,0.0,0.0,0.0,-0.0062734899892014084,-0.006293251017953369,0.09520182730758683,0.10781690015123103
2019-10-17 00:00:00-04:00,15.880000114440918,15.989999771118164,15.859999656677246,15.869999885559082,23700,0.0,0.0,0.0,0.001893922517815838,0.0018921313078161456,0.09550500249179106,0.10751697018779517
2019-10-18 00:00:00-04:00,15.90999984741211,15.970000267028809,15.899999618530273,15.930000305175781,17500,0.0,0.0,0.0,0.003780744804623204,0.003773615752086703,0.07795527695937124,0.09533002994193536
2019-10-21 00:00:00-04:00,15.949999809265137,15.960000038146973,15.869999885559082,15.890000343322754,15900,0.0,0.0,0.0,-0.002510983119066945,-0.0025141409244172825,0.06554553555268787,0.09553923833813574
2019-10-22 00:00:00-04:00,16.010000228881836,16.010000228881836,15.880000114440918,15.890000343322754,30200,0.0,0.0,0.0,0.0,0.0,0.06230036933622057,0.09565652418625403
2019-10-23 00:00:00-04:00,15.850000381469727,15.960000038146973,15.829999923706055,15.899999618530273,9600,0.0,0.0,0.0,0.0006292809937993304,0.0006290830795395207,0.03697830874124163,0.09214318967257087
2019-10-24 00:00:00-04:00,15.960000038146973,15.989999771118164,15.899999618530273,15.9399995803833,16100,0.0,0.0,0.0,0.0025157209316162277,0.002512561802928182,0.03841654381524176,0.09213598221445186
2019-10-25 00:00:00-04:00,15.930000305175781,15.930000305175781,15.729999542236328,15.75,49200,0.0,0.0,0.0,-0.011919672859786345,-0.011991281765664994,0.0903715830925054,0.10231629278595002
2019-10-28 00:00:00-04:00,15.739999771118164,15.819999694824219,15.739999771118164,15.75,52600,0.0,0.0,0.0,0.0,0.0,0.09167596238846677,0.07929937333405687
2019-10-29 00:00:00-04:00,15.739999771118164,15.819999694824219,15.699999809265137,15.699999809265137,18200,0.0,0.0,0.0,-0.0031746152847532683,-0.00317966506609722,0.09061151201959262,0.07189595423594543
2019-10-30 00:00:00-04:00,15.789999961853027,15.789999961853027,15.6899995803833,15.699999809265137,11900,0.0,0.0,0.0,0.0,0.0,0.08939249723342556,0.0715026778289211
2019-10-31 00:00:00-04:00,15.680000305175781,15.760000228881836,15.619999885559082,15.720000267028809,85000,0.0,0.0,0.0,0.0012739145227167459,0.0012731037820809526,0.0853316064176589,0.0699598046830119
2019-11-01 00:00:00-04:00,15.800000190734863,15.8100004196167,15.760000228881836,15.789999961853027,31100,0.0,0.0,0.0,0.0044529067197942584,0.004443021864030627,0.04363805747523186,0.07037843595330813
2019-11-04 00:00:00-05:00,15.8100004196167,15.869999885559082,15.800000190734863,15.8100004196167,24900,0.0,0.0,0.0,0.001266653439644827,0.0012658519109447397,0.04363114493027194,0.07002293100596604
2019-11-05 00:00:00-05:00,15.800000190734863,15.800000190734863,15.739999771118164,15.760000228881836,19000,0.0,0.0,0.0,-0.0031625673249713326,-0.003167578809908871,0.04356266156761162,0.07032342396166466
2019-11-06 00:00:00-05:00,15.739999771118164,15.739999771118164,15.649999618530273,15.65999984741211,21200,0.0,0.0,0.0,-0.006345201777755438,-0.006365418133834027,0.06737542562003761,0.07288106764494233
2019-11-07 00:00:00-05:00,15.6899995803833,15.8100004196167,15.65999984741211,15.770000457763672,85900,0.0,0.0,0.0,0.007024304688594274,0.006999749183588291,0.08656433333842517,0.07743800577362144
2019-11-08 00:00:00-05:00,15.739999771118164,15.760000228881836,15.630000114440918,15.680000305175781,26000,0.0,0.0,0.0,-0.0057070481912119275,-0.005723395617443697,0.08845360642676175,0.07335867028940471
2019-11-11 00:00:00-05:00,15.609999656677246,15.609999656677246,15.449999809265137,15.470000267028809,56700,0.0,0.0,0.0,-0.013392859315038086,-0.0134833525389546,0.11729289321034704,0.0826719732986204
2019-11-12 00:00:00-05:00,15.430000305175781,15.5,15.430000305175781,15.489999771118164,26900,0.0,0.0,0.0,0.001292792743642135,0.0012919578066260008,0.12412075504846617,0.08292663720557755
2019-11-13 00:00:00-05:00,15.470000267028809,15.539999961853027,15.420000076293945,15.470000267028809,35900,0.0,0.0,0.0,-0.0012911235884357497,-0.0012919578066258905,0.1217954157143354,0.08091887283840052
2019-11-14 00:00:00-05:00,15.449999809265137,15.470000267028809,15.390000343322754,15.449999809265137,17700,0.0,0.0,0.0,-0.001292854390332443,-0.0012936908475924313,0.09180817263007289,0.08010574600597314
2019-11-15 00:00:00-05:00,15.510000228881836,15.550000190734863,15.430000305175781,15.479999542236328,137700,0.0,0.0,0.0,0.0019417303133686392,0.0019398475918280856,0.09903309807887224,0.07880561987375288
2019-11-18 00:00:00-05:00,15.470000267028809,15.470000267028809,15.329999923706055,15.329999923706055,34800,0.0,0.0,0.0,-0.009689898124415786,-0.009737150683335208,0.07374911237768446,0.08406812335720257
2019-11-19 00:00:00-05:00,15.380000114440918,15.449999809265137,15.34000015258789,15.350000381469727,12500,0.0,0.0,0.0,0.0013046613087546177,0.0013038109777049963,0.07378059046605814,0.08456039965481146
2019-11-20 00:00:00-05:00,15.420000076293945,15.430000305175781,15.300000190734863,15.329999923706055,40600,0.0,0.0,0.0,-0.0013029613854482758,-0.0013038109777050498,0.07377543881501418,0.08412736918687887
2019-11-21 00:00:00-05:00,15.390000343322754,15.390000343322754,15.25,15.25,12100,0.0,0.0,0.0,-0.005218520815668426,-0.005232184853528171,0.07723199522400723,0.08332823990673302
2019-11-22 00:00:00-05:00,15.260000228881836,15.270000457763672,15.170000076293945,15.180000305175781,10800,0.0,0.0,0.0,-0.004590143922899581,-0.004600710982130549,0.06620394134174386,0.07569783112594479
2019-11-25 00:00:00-05:00,15.180000305175781,15.199999809265137,15.149999618530273,15.170000076293945,27800,0.0,0.0,0.0,-0.000658776592937671,-0.0006589936815845543,0.04364036773685284,0.07552245566156689
2019-11-26 00:00:00-05:00,15.119999885559082,15.119999885559082,15.0,15.029999732971191,49100,0.0,0.0,0.0,-0.00922876352133517,-0.009271612391210349,0.05465256429387499,0.07985002313790637
2019-11-27 00:00:00-05:00,15.050000190734863,15.050000190734863,14.960000038146973,14.989999771118164,25700,0.0,0.0,0.0,-0.0026613414879362862,-0.002664889152957335,0.0508338863102813,0.07945027003611327
2019-11-29 00:00:00-05:00,14.920000076293945,14.989999771118164,14.899999618530273,14.899999618530273,15700,0.0,0.0,0.0,-0.006004012939432979,-0.006022109496119802,0.051856667102075926,0.07930902312026356
2019-12-02 00:00:00-05:00,14.989999771118164,14.989999771118164,14.800000190734863,14.869999885559082,84700,0.0,0.0,0.0,-0.002013404948942532,-0.002015434573448347,0.05510205932114127,0.07480754109454786
2019-12-03 00:00:00-05:00,14.850000381469727,14.850000381469727,14.8100004196167,14.84000015258789,59300,0.0,0.0,0.0,-0.0020174669268373524,-0.0020195047545324032,0.05037744654977654,0.07322261707604645
2019-12-04 00:00:00-05:00,14.920000076293945,14.9399995803833,14.880000114440918,14.930000305175781,16100,0.0,0.0,0.0,0.0060647002467986155,0.0060463839701024496,0.07065495561507575,0.08019623038384008
2019-12-05 00:00:00-05:00,15.0600004196167,15.0600004196167,14.989999771118164,15.0,23900,0.0,0.0,0.0,0.004688526014293037,0.0046775691106705096,0.08048853198524535,0.08303840863952154
2019-12-06 00:00:00-05:00,15.149999618530273,15.149999618530273,15.020000457763672,15.100000381469727,41700,0.0,0.0,0.0,0.0066666920979818745,0.006644567981564161,0.06895747530453449,0.08252319257149832
2019-12-09 00:00:00-05:00,15.170000076293945,15.289999961853027,15.170000076293945,15.220000267028809,36600,0.0,0.0,0.0,0.007947012087916372,0.007915600894365257,0.062191478544704915,0.08872878318033217
2019-12-10 00:00:00-05:00,15.239999771118164,15.260000228881836,15.199999809265137,15.25,15800,0.0,0.0,0.0,0.001971073090989428,0.0019691330752812947,0.03617724379621119,0.07738882313676167
2019-12-11 00:00:00-05:00,15.270000457763672,15.270000457763672,15.109999656677246,15.140000343322754,27700,0.0,0.0,0.0,-0.0072130922411308696,-0.007239232367582222,0.09589240277446193,0.08031169733038811
2019-12-12 00:00:00-05:00,15.140000343322754,15.239999771118164,15.069999694824219,15.229999542236328,65100,0.0,0.0,0.0,0.005944464786836523,0.005926866164523062,0.09783559330456203,0.08413489944325303
2019-12-13 00:00:00-05:00,15.430000305175781,15.5,15.279999732971191,15.350000381469727,75800,0.0,0.0,0.0,0.007879241158255335,0.007848362034292435,0.10097745486545488,0.08950428255758906
2019-12-16 00:00:00-05:00,15.489999771118164,15.59000015258789,15.460000038146973,15.539999961853027,76900,0.0,0.0,0.0,0.012377822518666814,0.01230184360008736,0.1173756473724305,0.10003260702627027
2019-12-17 00:00:00-05:00,15.5600004196167,15.680000305175781,15.5600004196167,15.649999618530273,58000,0.0,0.0,0.0,0.007078485003041646,0.007053550126358184,0.11688704409768999,0.09562868978203673
2019-12-18 00:00:00-05:00,15.569999694824219,15.649999618530273,15.5600004196167,15.630000114440918,25100,0.0,0.0,0.0,-0.0012779236151337914,-0.00127874085583851,0.07839053191871981,0.09597649590849876
2019-12-19 00:00:00-05:00,15.539999961853027,15.630000114440918,15.539999961853027,15.5600004196167,51100,0.0,0.0,0.0,-0.004478547300811875,-0.004488606037361588,0.11054091240021209,0.09760091368864335
2019-12-20 00:00:00-05:00,15.600000381469727,15.630000114440918,15.569999694824219,15.569999694824219,39600,0.0,0.0,0.0,0.0006426269240271676,0.0006424205277645551,0.10774734722217492,0.09502022335711859
2019-12-23 00:00:00-05:00,15.569999694824219,15.699999809265137,15.569999694824219,15.640000343322754,22100,0.0,0.0,0.0,0.004495867043710078,0.004485790823083662,0.07277798871213047,0.09331802019712762
2019-12-24 00:00:00-05:00,15.640000343322754,15.720000267028809,15.640000343322754,15.699999809265137,16300,0.0,0.0,0.0,0.0038362829044309432,0.003828943136797404,0.0588438224595663,0.0932964349204773
2019-12-26 00:00:00-05:00,15.720000267028809,15.760000228881836,15.6899995803833,15.760000228881836,54300,0.0,0.0,0.0,0.0038216828245623002,0.0038143987471472487,0.05948598171079228,0.0839927079458974
2019-12-27 00:00:00-05:00,15.770000457763672,15.800000190734863,15.630000114440918,15.6899995803833,37200,0.0,0.0,0.0,-0.00444166544936031,-0.0044515589519640445,0.059246159410273426,0.08563376670347846
2019-12-30 00:00:00-05:00,15.699999809265137,15.8100004196167,15.699999809265137,15.8100004196167,42900,0.0,0.0,0.0,0.007648237249377132,0.007619137761872997,0.07124571530771366,0.08170009061445217
2019-12-31 00:00:00-05:00,15.789999961853027,15.869999885559082,15.75,15.829999923706055,25000,0.0,0.0,0.0,0.0012649907374158165,0.001264191310740148,0.07086921598342275,0.07984981637794578
2020-01-02 00:00:00-05:00,15.84000015258789,15.930000305175781,15.84000015258789,15.869999885559082,26100,0.0,0.0,0.0,0.0025268453598110696,0.0025236582538285053,0.06982954992283424,0.07754930816753773
2020-01-03 00:00:00-05:00,15.680000305175781,15.789999961853027,15.579999923706055,15.65999984741211,56300,0.0,0.0,0.0,-0.01323251667683134,-0.013320846508311583,0.12638335411699886,0.09657976167881296
2020-01-06 00:00:00-05:00,15.649999618530273,15.75,15.630000114440918,15.710000038146973,32400,0.0,0.0,0.0,0.003192860231293393,0.003187773876868505,0.12584548090856099,0.09625658662399092
2020-01-07 00:00:00-05:00,15.65999984741211,15.680000305175781,15.600000381469727,15.670000076293945,29700,0.0,0.0,0.0,-0.0025461465153341356,-0.002549393459006795,0.10775245220277925,0.09630979695207469
2020-01-08 00:00:00-05:00,15.670000076293945,15.75,15.65999984741211,15.720000267028809,21800,0.0,0.0,0.0,0.00319082262229875,0.003185742750905852,0.11194307343880452,0.09377708553048202
2020-01-09 00:00:00-05:00,15.789999961853027,15.789999961853027,15.619999885559082,15.649999618530273,38100,0.0,0.0,0.0,-0.004452967386098239,-0.004462911376526231,0.10750038467021687,0.09621171966205887
2020-01-10 00:00:00-05:00,15.649999618530273,15.729999542236328,15.510000228881836,15.729999542236328,30200,0.0,0.0,0.0,0.005111816335850339,0.005098795357772334,0.0658240331547844,0.0915600757604422
2020-01-13 00:00:00-05:00,15.640000343322754,15.649999618530273,15.579999923706055,15.630000114440918,40700,0.0,0.0,0.0,-0.006357242892913173,-0.006377536213610849,0.07854686612376378,0.09476151971304096
2020-01-14 00:00:00-05:00,15.699999809265137,15.729999542236328,15.569999694824219,15.670000076293945,104700,0.0,0.0,0.0,0.002559178602696832,0.0025559094814587967,0.08059511776677632,0.09170534634347578
2020-01-15 00:00:00-05:00,15.630000114440918,15.649999618530273,15.4399995803833,15.460000038146973,68500,0.0,0.0,0.0,-0.013401406325751486,-0.01349201560998123,0.11713912609714257,0.09505684256464318
2020-01-16 00:00:00-05:00,15.470000267028809,15.470000267028809,15.350000381469727,15.390000343322754,37900,0.0,0.0,0.0,-0.0045277939619338126,-0.004538075467779778,0.11718639342349527,0.09208502486591985
2020-01-17 00:00:00-05:00,15.350000381469727,15.5,15.319999694824219,15.430000305175781,34600,0.0,0.0,0.0,0.0025990877817219094,0.0025957159941908904,0.10667869185542368,0.09285515351038039
2020-01-21 00:00:00-05:00,15.329999923706055,15.399999618530273,15.239999771118164,15.25,46600,0.0,0.0,0.0,-0.011665606067123857,-0.01173418309972911,0.12039030683948407,0.10003561497437456
2020-01-22 00:00:00-05:00,15.300000190734863,15.329999923706055,15.220000267028809,15.220000267028809,28000,0.0,0.0,0.0,-0.0019671956046682926,-0.0019691330752812336,0.10620508785499659,0.09990067463578539
2020-01-23 00:00:00-05:00,15.15999984741211,15.210000038146973,15.069999694824219,15.149999618530273,40700,0.0,0.0,0.0,-0.004599254091353644,-0.004609863202281516,0.08213208373945664,0.09832707114789371
2020-01-24 00:00:00-05:00,15.140000343322754,15.140000343322754,15.029999732971191,15.039999961853027,74300,0.0,0.0,0.0,-0.007260703593860329,-0.007287190790531979,0.08539776898458755,0.0981214673702555
2020-01-27 00:00:00-05:00,14.890000343322754,14.979999542236328,14.850000381469727,14.930000305175781,45200,0.0,0.0,0.0,-0.007313806978473836,-0.007340683993786338,0.0572719991814657,0.09712421541742955
2020-01-28 00:00:00-05:00,14.850000381469727,14.949999809265137,14.84000015258789,14.949999809265137,11900,0.0,0.0,0.0,0.001339551485636692,0.0013386550869708355,0.058654011359020694,0.09790113821239185
2020-01-29 00:00:00-05:00,14.90999984741211,14.960000038146973,14.880000114440918,14.899999618530273,20400,0.0,0.0,0.0,-0.003344494406205656,-0.003350099729092432,0.0564802616630334,0.09043656213666318
2020-01-30 00:00:00-05:00,14.8100004196167,14.8100004196167,14.640000343322754,14.670000076293945,31400,0.0,0.0,0.0,-0.015436211283542,-0.015556589993849814,0.09800682894350606,0.09913894623616701
2020-01-31 00:00:00-05:00,14.680000305175781,14.680000305175781,14.569999694824219,14.579999923706055,28300,0.0,0.0,0.0,-0.006134979694603193,-0.006153876007837082,0.09771166398129129,0.0965657454843346
2020-02-03 00:00:00-05:00,14.59000015258789,14.680000305175781,14.579999923706055,14.609999656677246,21100,0.0,0.0,0.0,0.0020575948647580944,0.0020554809157148184,0.11239522300744802,0.09280179769689252
2020-02-04 00:00:00-05:00,14.739999771118164,14.75,14.680000305175781,14.710000038146973,34900,0.0,0.0,0.0,0.0068446532388537484,0.006821334943168237,0.13444151952943317,0.09707460026784295
2020-02-05 00:00:00-05:00,14.770000457763672,14.8100004196167,14.699999809265137,14.720000267028809,17600,0.0,0.0,0.0,0.0006798252111421821,0.0006795942346598254,0.13718182246201305,0.0980619256759404
2020-02-06 00:00:00-05:00,14.829999923706055,14.829999923706055,14.670000076293945,14.760000228881836,31700,0.0,0.0,0.0,0.0027173886635465383,0.00271370323795161,0.0748660815667029,0.09767247668975981
2020-02-07 00:00:00-05:00,14.65999984741211,14.75,14.649999618530273,14.729999542236328,19500,0.0,0.0,0.0,-0.002032566814382797,-0.002034635281650812,0.051426324336887916,0.09761472886874123
2020-02-10 00:00:00-05:00,14.699999809265137,14.8100004196167,14.680000305175781,14.760000228881836,28300,0.0,0.0,0.0,0.002036706556540313,0.0020346352816508683,0.05142643026344587,0.09479216189020744
2020-02-11 00:00:00-05:00,14.710000038146973,14.760000228881836,14.6899995803833,14.729999542236328,13500,0.0,0.0,0.0,-0.002032566814382797,-0.002034635281650812,0.035392033999693616,0.09409819781818254
2020-02-12 00:00:00-05:00,14.6899995803833,14.819999694824219,14.6899995803833,14.819999694824219,41000,0.0,0.0,0.0,0.006109990182268987,0.006091399878207687,0.054923194287061015,0.0976303810261715
2020-02-13 00:00:00-05:00,14.819999694824219,14.899999618530273,14.8100004196167,14.880000114440918,73400,0.0,0.0,0.0,0.004048611393538293,0.0040404378200850554,0.05773724371417542,0.0919006895932605
2020-02-14 00:00:00-05:00,14.859999656677246,14.899999618530273,14.779999732971191,14.829999923706055,40400,0.0,0.0,0.0,-0.0033602278461233315,-0.003365886090595059,0.06351738994085496,0.09154968110594025
2020-02-18 00:00:00-05:00,14.829999923706055,14.829999923706055,14.770000457763672,14.770000457763672,15700,0.0,0.0,0.0,-0.004045817009511454,-0.004054023469183609,0.07335442073817594,0.09031054819218504
2020-02-19 00:00:00-05:00,14.75,14.819999694824219,14.6899995803833,14.800000190734863,40500,0.0,0.0,0.0,0.0020311260691547872,0.0020290661214710667,0.07140518345830961,0.0840775721188758
2020-02-20 00:00:00-05:00,14.770000457763672,14.819999694824219,14.75,14.760000228881836,75700,0.0,0.0,0.0,-0.0027027000903735443,-0.002706358978334304,0.057365264591122934,0.08417421673083814
2020-02-21 00:00:00-05:00,14.760000228881836,14.869999885559082,14.699999809265137,14.720000267028809,27500,0.0,0.0,0.0,-0.0027100244737636725,-0.002713703237951683,0.038197419298794444,0.08352215610548192
2020-02-24 00:00:00-05:00,14.569999694824219,14.569999694824219,14.4399995803833,14.5,109300,0.0,0.0,0.0,-0.01494567004333447,-0.015058482014745307,0.09989751948623463,0.09439085095717172
2020-02-25 00:00:00-05:00,14.510000228881836,14.600000381469727,14.470000267028809,14.579999923706055,42500,0.0,0.0,0.0,0.005517236117658975,0.005502071921202503,0.12290392530167257,0.09544975712373317
2020-02-26 00:00:00-05:00,14.600000381469727,14.729999542236328,14.579999923706055,14.640000343322754,50300,0.0,0.0,0.0,0.004115255139277574,0.004106810636441731,0.12857079686666478,0.09691424916009748
2020-02-27 00:00:00-05:00,14.489999771118164,14.6899995803833,14.40999984741211,14.649999618530273,30200,0.0,0.0,0.0,0.0006830105855892832,0.0006827774400138268,0.12988590889545434,0.09669237243354926
2020-02-28 00:00:00-05:00,14.5,14.609999656677246,14.489999771118164,14.569999694824219,25900,0.0,0.0,0.0,-0.005460745787656207,-0.00547571016256296,0.13297428439521328,0.08208360556441768
2020-03-02 00:00:00-05:00,14.640000343322754,14.770000457763672,14.640000343322754,14.760000228881836,45200,0.0,0.0,0.0,0.013040531093841512,0.01295623541760193,0.10756916591883514,0.09174745663269251
2020-03-03 00:00:00-05:00,14.770000457763672,14.819999694824219,14.729999542236328,14.779999732971191,34200,0.0,0.0,0.0,0.001354979930841882,0.00135406277392805,0.10690092286660755,0.09163624275794877
2020-03-04 00:00:00-05:00,14.800000190734863,14.850000381469727,14.779999732971191,14.800000190734863,17600,0.0,0.0,0.0,0.0013532109692164784,0.0013522962044063974,0.10647060340946163,0.08869449162669567
2020-03-05 00:00:00-05:00,14.710000038146973,14.75,14.600000381469727,14.649999618530273,14700,0.0,0.0,0.0,-0.01013517366699046,-0.010186884233373265,0.13890408048781705,0.09611034944909949
2020-03-06 00:00:00-05:00,14.539999961853027,14.600000381469727,14.5,14.529999732971191,27000,0.0,0.0,0.0,-0.008191118681484366,-0.008224850219752389,0.14683061637162126,0.09942997743960608
2020-03-09 00:00:00-04:00,14.270000457763672,14.300000190734863,14.170000076293945,14.260000228881836,69800,0.0,0.0,0.0,-0.018582209845240283,-0.018757028167665064,0.1339609042670001,0.11786957425662213
2020-03-10 00:00:00-04:00,14.350000381469727,14.449999809265137,14.279999732971191,14.34000015258789,27100,0.0,0.0,0.0,0.005610092736466177,0.0055944147754225714,0.15248537623279235,0.11999273474832796
2020-03-11 00:00:00-04:00,14.359999656677246,14.390000343322754,14.220000267028809,14.260000228881836,31100,0.0,0.0,0.0,-0.005578795178158846,-0.005594414775422463,0.13878286687629418,0.12089166130058288
2020-03-12 00:00:00-04:00,13.90999984741211,14.0600004196167,13.399999618530273,13.9399995803833,50600,0.0,0.0,0.0,-0.02244043782344507,-0.022696055806020368,0.17655337021106057,0.13802922291438977
2020-03-13 00:00:00-04:00,14.100000381469727,14.180000305175781,13.84000015258789,13.9399995803833,48400,0.0,0.0,0.0,0.0,0.0,0.1903964596428129,0.13601275879542993
2020-03-16 00:00:00-04:00,13.510000228881836,13.8100004196167,13.399999618530273,13.569999694824219,47700,0.0,0.0,0.0,-0.026542316836203783,-0.026900923872975227,0.22329159993316905,0.15923441331504212
2020-03-17 00:00:00-04:00,13.550000190734863,13.640000343322754,13.449999809265137,13.449999809265137,18800,0.0,0.0,0.0,-0.008843027874558596,-0.008882359490956471,0.17983824851756766,0.16000891044431487
2020-03-18 00:00:00-04:00,13.470000267028809,13.59000015258789,13.420000076293945,13.579999923706055,88200,0.0,0.0,0.0,0.009665436154977947,0.009619024645621903,0.24019917110975714,0.16638631193278638
2020-03-19 00:00:00-04:00,13.609999656677246,13.819999694824219,13.600000381469727,13.619999885559082,63200,0.0,0.0,0.0,0.0029455053076399285,0.0029411758065100847,0.22182540142766038,0.168275500341961
2020-03-20 00:00:00-04:00,13.899999618530273,13.970000267028809,13.65999984741211,13.850000381469727,64300,0.0,0.0,0.0,0.016886967536211772,0.016745967857338267,0.2706856914308285,0.18385839108510646
2020-03-23 00:00:00-04:00,13.949999809265137,14.029999732971191,13.899999618530273,14.029999732971191,32400,0.0,0.0,0.0,0.012996342710740239,0.012912614905379661,0.16030294333343847,0.18646860819906155
2020-03-24 00:00:00-04:00,14.029999732971191,14.09000015258789,13.9399995803833,14.050000190734863,36300,0.0,0.0,0.0,0.0014255494044430606,0.0014245342735224721,0.10422120957549089,0.18496255265458206
2020-03-25 00:00:00-04:00,14.050000190734863,14.149999618530273,13.949999809265137,14.119999885559082,38000,0.0,0.0,0.0,0.004982184617362551,0.004969814605025419,0.10699217751189545,0.185354517087824
2020-03-26 00:00:00-04:00,14.109999656677246,14.119999885559082,14.039999961853027,14.109999656677246,20600,0.0,0.0,0.0,-0.0007082315129522954,-0.0007084824273675901,0.1199033089840044,0.18517885826556624
2020-03-27 00:00:00-04:00,14.199999809265137,14.199999809265137,13.960000038146973,14.109999656677246,40300,0.0,0.0,0.0,0.0,0.0,0.08922050502111324,0.18476544346922721
2020-03-30 00:00:00-04:00,14.119999885559082,14.130000114440918,14.0,14.079999923706055,38800,0.0,0.0,0.0,-0.0021261327924266826,-0.0021283962215552007,0.04298049972854407,0.17655434174281892
2020-03-31 00:00:00-04:00,14.010000228881836,14.079999923706055,13.960000038146973,14.050000190734863,18400,0.0,0.0,0.0,-0.002130662864612831,-0.0021329359561025095,0.046542274027988495,0.1760310043716131
2020-04-01 00:00:00-04:00,13.819999694824219,13.979999542236328,13.75,13.75,29500,0.0,0.0,0.0,-0.021352326452827808,-0.021583585242609525,0.14352236002341365,0.1875623963065318
2020-04-02 00:00:00-04:00,13.75,13.869999885559082,13.729999542236328,13.8100004196167,37200,0.0,0.0,0.0,0.0043636668812145896,0.004354173693609171,0.1574999449834859,0.18792876752553167
2020-04-03 00:00:00-04:00,13.75,13.819999694824219,13.670000076293945,13.729999542236328,29200,0.0,0.0,0.0,-0.005792967049206732,-0.005809811366708749,0.1529578668189792,0.18722148863405036
2020-04-06 00:00:00-04:00,13.75,13.960000038146973,13.710000038146973,13.890000343322754,33700,0.0,0.0,0.0,0.01165337264536892,0.011585995044032318,0.19662981835849536,0.18406933196937034
2020-04-07 00:00:00-04:00,13.9399995803833,14.0,13.770000457763672,13.770000457763672,28600,0.0,0.0,0.0,-0.008639300402664807,-0.00867683549940095,0.2009253187121215,0.18397595677054462
2020-04-08 00:00:00-04:00,13.760000228881836,13.880000114440918,13.760000228881836,13.859999656677246,44400,0.0,0.0,0.0,0.006535889318931121,0.006514623006883321,0.13576358635876573,0.18583335427286332
2020-04-09 00:00:00-04:00,13.859999656677246,14.0,13.829999923706055,14.0,30200,0.0,0.0,0.0,0.010101035121981905,0.01005036062426322,0.1485638604335032,0.1722689593560208
2020-04-13 00:00:00-04:00,14.0,14.0,13.829999923706055,13.899999618530273,42700,0.0,0.0,0.0,-0.00714288439069477,-0.007168516922478154,0.15368737112241881,0.1742722390132746
2020-04-14 00:00:00-04:00,13.899999618530273,13.930000305175781,13.829999923706055,13.829999923706055,15100,0.0,0.0,0.0,-0.005035949406135276,-0.005048672532667855,0.13569486053718022,0.1452781610287412
2020-04-15 00:00:00-04:00,13.890000343322754,13.890000343322754,13.699999809265137,13.789999961853027,35500,0.0,0.0,0.0,-0.002892260453629003,-0.0028964511211800503,0.12011379772257953,0.1414209700070621
2020-04-16 00:00:00-04:00,13.819999694824219,13.819999694824219,13.649999618530273,13.720000267028809,62200,0.0,0.0,0.0,-0.005076120015798158,-0.0050890472784523265,0.11008473792154279,0.13950502016843702
2020-04-17 00:00:00-04:00,13.899999618530273,13.899999618530273,13.649999618530273,13.649999618530273,36900,0.0,0.0,0.0,-0.005102087983682946,-0.005115148076011845,0.023864087217957117,0.1405924280204847
2020-04-20 00:00:00-04:00,13.619999885559082,13.619999885559082,13.5,13.520000457763672,46800,0.0,0.0,0.0,-0.00952374830766467,-0.009569389211390986,0.03851066820894982,0.12972124313626499
2020-04-21 00:00:00-04:00,13.430000305175781,13.600000381469727,13.270000457763672,13.5,70300,0.0,0.0,0.0,-0.0014793237490008382,-0.001480419028693458,0.04837596859553135,0.11843541426192009
2020-04-22 00:00:00-04:00,13.569999694824219,13.670000076293945,13.569999694824219,13.630000114440918,76700,0.0,0.0,0.0,0.009629638106734673,0.00958356866030969,0.11522156999543855,0.1248923016121795
2020-04-23 00:00:00-04:00,13.829999923706055,13.829999923706055,13.579999923706055,13.609999656677246,79000,0.0,0.0,0.0,-0.001467385003356081,-0.001468462667090868,0.11258223951982074,0.12253763257436005
2020-04-24 00:00:00-04:00,13.640000343322754,13.710000038146973,13.399999618530273,13.4399995803833,86300,0.0,0.0,0.0,-0.012490821497599502,-0.012569487564080257,0.13673797209194719,0.12814284260584158
2020-04-27 00:00:00-04:00,13.59000015258789,13.600000381469727,13.420000076293945,13.449999809265137,36700,0.0,0.0,0.0,0.000744064672177025,0.000743787993294982,0.12512630379269754,0.12835459542914263
2020-04-28 00:00:00-04:00,13.470000267028809,13.479999542236328,13.329999923706055,13.34000015258789,26500,0.0,0.0,0.0,-0.008178413251833105,-0.008212039940967128,0.13532275486087422,0.1299950005959326
2020-04-29 00:00:00-04:00,13.550000190734863,13.550000190734863,13.430000305175781,13.539999961853027,71100,0.0,0.0,0.0,0.014992489278670584,0.01488121274092485,0.16690829333850604,0.14434410741812514
2020-04-30 00:00:00-04:00,13.5600004196167,13.789999961853027,13.5600004196167,13.770000457763672,67600,0.0,0.0,0.0,0.01698674272958911,0.016844081317337056,0.21115553760707928,0.1395670479128546
2020-05-01 00:00:00-04:00,13.75,13.760000228881836,13.630000114440918,13.739999771118164,29500,0.0,0.0,0.0,-0.0021786990303688247,-0.002181075847975613,0.17488307187656843,0.13885224645100533
2020-05-04 00:00:00-04:00,13.550000190734863,13.8100004196167,13.460000038146973,13.520000457763672,38400,0.0,0.0,0.0,-0.01601159512512773,-0.016141165663059235,0.2293623199008682,0.1486837315516147
2020-05-05 00:00:00-04:00,13.529999732971191,13.569999694824219,13.4399995803833,13.4399995803833,21500,0.0,0.0,0.0,-0.005917224457964498,-0.005934800599554761,0.22408694530773826,0.1422170538234027
2020-05-06 00:00:00-04:00,13.460000038146973,13.510000228881836,13.380000114440918,13.399999618530273,16900,0.0,0.0,0.0,-0.002976187730794999,-0.002980625384547116,0.19002204330147487,0.13990505689815474
2020-05-07 00:00:00-04:00,13.399999618530273,13.5600004196167,13.399999618530273,13.479999542236328,71700,0.0,0.0,0.0,0.005970143730110733,0.005952393036455796,0.1258687460156519,0.13949731597339074
2020-05-08 00:00:00-04:00,13.5,13.720000267028809,13.5,13.649999618530273,54000,0.0,0.0,0.0,0.012611282052443107,0.012532422159037276,0.17514768537699918,0.1424835316287619
2020-05-11 00:00:00-04:00,13.619999885559082,13.789999961853027,13.619999885559082,13.680000305175781,25200,0.0,0.0,0.0,0.002197852562924707,0.0021954408181070802,0.116419273412873,0.14119160026306818
2020-05-12 00:00:00-04:00,13.729999542236328,13.729999542236328,13.609999656677246,13.630000114440918,41800,0.0,0.0,0.0,-0.0036549846213048687,-0.00366168039788186,0.10699124843386015,0.14072120100475322
2020-05-13 00:00:00-04:00,13.710000038146973,13.710000038146973,13.4399995803833,13.5,50800,0.0,0.0,0.0,-0.009537792615510243,-0.00958356866030971,0.13570963669248343,0.14403812875940397
2020-05-14 00:00:00-04:00,13.4399995803833,13.529999732971191,13.4399995803833,13.470000267028809,34900,0.0,0.0,0.0,-0.002222202442310528,-0.002224675198146395,0.131161329767828,0.14332752260587228
2020-05-15 00:00:00-04:00,13.539999961853027,13.569999694824219,13.449999809265137,13.479999542236328,40700,0.0,0.0,0.0,0.0007423366747805193,0.0007420612791935589,0.07253978113991515,0.14254357204609291
2020-05-18 00:00:00-04:00,13.5,13.619999885559082,13.5,13.609999656677246,38500,0.0,0.0,0.0,0.009643925731124492,0.009597719912171674,0.11162086353830045,0.1428448195846933
2020-05-19 00:00:00-04:00,13.630000114440918,13.649999618530273,13.569999694824219,13.579999923706055,19700,0.0,0.0,0.0,-0.0022042420079322333,-0.0022066749251633913,0.10991372751594863,0.14299240877576702
2020-05-20 00:00:00-04:00,13.6899995803833,13.6899995803833,13.600000381469727,13.670000076293945,33200,0.0,0.0,0.0,0.0066274044987866265,0.006605539804541594,0.08533492656145958,0.1407838973924082
2020-05-21 00:00:00-04:00,13.630000114440918,13.649999618530273,13.5,13.520000457763672,36400,0.0,0.0,0.0,-0.010972905464016636,-0.011033551843903535,0.12793475042601346,0.1462016652258757
2020-05-22 00:00:00-04:00,13.5,13.579999923706055,13.449999809265137,13.539999961853027,18700,0.0,0.0,0.0,0.0014792532109619838,0.001478160193697676,0.128032619442745,0.13897193947671424
2020-05-26 00:00:00-04:00,13.539999961853027,13.699999809265137,13.539999961853027,13.649999618530273,40000,0.0,0.0,0.0,0.008124051476156025,0.008091229017693158,0.12180759859836703,0.14165246842082008
2020-05-27 00:00:00-04:00,13.770000457763672,13.770000457763672,13.649999618530273,13.680000305175781,54800,0.0,0.0,0.0,0.002197852562924707,0.0021954408181070802,0.11938346065579138,0.1376857225833368
2020-05-28 00:00:00-04:00,13.619999885559082,13.6899995803833,13.550000190734863,13.6899995803833,24000,0.0,0.0,0.0,0.0007309411538343191,0.0007306741464523351,0.11040251482485848,0.12782096916299723
2020-05-29 00:00:00-04:00,13.6899995803833,13.6899995803833,13.600000381469727,13.65999984741211,17700,0.0,0.0,0.0,-0.0021913611315356185,-0.002193765676800281,0.05990872248125975,0.11236938854192415
2020-06-01 00:00:00-04:00,13.5600004196167,13.720000267028809,13.5600004196167,13.640000343322754,34100,0.0,0.0,0.0,-0.0014640925558387918,-0.0014651653866217251,0.0651466253916763,0.11224599360844871
2020-06-02 00:00:00-04:00,13.680000305175781,13.819999694824219,13.65999984741211,13.800000190734863,51000,0.0,0.0,0.0,0.011730193796544386,0.011661928398920107,0.0889866196071173,0.10375303695406299
2020-06-03 00:00:00-04:00,13.84000015258789,13.930000305175781,13.800000190734863,13.880000114440918,48100,0.0,0.0,0.0,0.005797095840604838,0.0057803573391555264,0.09257555565353559,0.10163702137857385
2020-06-04 00:00:00-04:00,13.949999809265137,14.109999656677246,13.920000076293945,14.069999694824219,231400,0.0,0.0,0.0,0.013688730462301901,0.013595886112795186,0.1160071886208683,0.10859333418112879
2020-06-05 00:00:00-04:00,14.109999656677246,14.149999618530273,14.050000190734863,14.119999885559082,90500,0.0,0.0,0.0,0.0035536739032948628,0.003547374523738657,0.09769745815604997,0.1078952593717794
2020-06-08 00:00:00-04:00,14.119999885559082,14.140000343322754,14.029999732971191,14.050000190734863,86400,0.0,0.0,0.0,-0.004957485509317183,-0.0049698146050253696,0.11720204472588902,0.10366071582799197
2020-06-09 00:00:00-04:00,14.0,14.039999961853027,13.949999809265137,14.020000457763672,48300,0.0,0.0,0.0,-0.0021352122821304276,-0.0021374950979851375,0.11553870788098386,0.10439314067951463
2020-06-10 00:00:00-04:00,14.050000190734863,14.0600004196167,14.0,14.029999732971191,37000,0.0,0.0,0.0,0.0007132150414432825,0.0007129608244626802,0.1139358994146729,0.102811199592387
2020-06-11 00:00:00-04:00,13.960000038146973,14.029999732971191,13.960000038146973,14.0,45200,0.0,0.0,0.0,-0.002138256132727556,-0.002140545466408825,0.05138832162355586,0.09539366640631991
2020-06-12 00:00:00-04:00,14.0,14.069999694824219,13.989999771118164,14.039999961853027,45200,0.0,0.0,0.0,0.0028571401323591594,0.002853066265385662,0.04760459156417887,0.0942235996418894
2020-06-15 00:00:00-04:00,13.949999809265137,14.010000228881836,13.859999656677246,14.010000228881836,96100,0.0,0.0,0.0,-0.0021367331234117826,-0.0021390191946954627,0.036161034112639344,0.0953180791829776
2020-06-16 00:00:00-04:00,14.010000228881836,14.020000457763672,13.90999984741211,13.960000038146973,630400,0.0,0.0,0.0,-0.0035688929277665205,-0.0035752766191312155,0.04116220652485484,0.0926693406412032
2020-06-17 00:00:00-04:00,14.0,14.050000190734863,13.859999656677246,14.020000457763672,396900,0.0,0.0,0.0,0.004298024316099047,0.00428881419038712,0.05522877990682133,0.0922942984112146
2020-06-18 00:00:00-04:00,14.039999961853027,14.050000190734863,13.960000038146973,14.0,131000,0.0,0.0,0.0,-0.0014265661277205188,-0.00142758464194607,0.053817785330683085,0.09090640328467561
2020-06-19 00:00:00-04:00,14.119999885559082,14.149999618530273,14.010000228881836,14.039999961853027,631600,0.0,0.0,0.0,0.0028571401323591594,0.002853066265385662,0.053817785330683085,0.07877148530725739
2020-06-22 00:00:00-04:00,14.039999961853027,14.050000190734863,14.0,14.020000457763672,154500,0.0,0.0,0.0,-0.0014244661071007858,-0.0014254816234395599,0.05224699359950467,0.07964688596379868
2020-06-23 00:00:00-04:00,14.010000228881836,14.029999732971191,13.949999809265137,13.960000038146973,406600,0.0,0.0,0.0,-0.004279630360744635,-0.004288814190387105,0.05556960607414777,0.07865535315729717
2020-06-24 00:00:00-04:00,13.979999542236328,14.0,13.859999656677246,13.90999984741211,624600,0.0,0.0,0.0,-0.0035816755442860115,-0.0035881051011203095,0.044214318204158255,0.08027830498322162
2020-06-25 00:00:00-04:00,13.899999618530273,13.899999618530273,13.729999542236328,13.850000381469727,350100,0.0,0.0,0.0,-0.004313405219306676,-0.0043227347894095325,0.048191082542557474,0.08234455894243008
2020-06-26 00:00:00-04:00,13.8100004196167,13.819999694824219,13.6899995803833,13.720000267028809,128700,0.0,0.0,0.0,-0.009386289592803854,-0.009430618415807598,0.046427371839033615,0.08924385700813138
2020-06-29 00:00:00-04:00,13.699999809265137,13.800000190734863,13.65999984741211,13.739999771118164,93600,0.0,0.0,0.0,0.0014576897740605776,0.0014566283756564122,0.061043505027732294,0.0891089835797545
2020-06-30 00:00:00-04:00,13.800000190734863,14.050000190734863,13.75,13.970000267028809,723600,0.0,0.0,0.0,0.01673948324177643,0.01660092224717964,0.1590827901829865,0.09881672422420702
2020-07-01 00:00:00-04:00,14.039999961853027,14.279999732971191,14.039999961853027,14.279999732971191,256700,0.0,0.0,0.0,0.022190369364131435,0.021947745828625718,0.21577177830304015,0.12408664021177691
2020-07-02 00:00:00-04:00,14.300000190734863,14.300000190734863,14.199999809265137,14.229999542236328,88100,0.0,0.0,0.0,-0.003501413982481938,-0.003507558279097099,0.21354926986938774,0.11636241049580064
2020-07-06 00:00:00-04:00,14.40999984741211,14.430000305175781,14.319999694824219,14.380000114440918,218600,0.0,0.0,0.0,0.010541150880530203,0.010485980318395068,0.1680476274393006,0.12126240796741175
2020-07-07 00:00:00-04:00,14.380000114440918,14.380000114440918,14.260000228881836,14.270000457763672,126100,0.0,0.0,0.0,-0.007649489276900678,-0.00767889668375165,0.2040394939073369,0.12335732841945511
2020-07-08 00:00:00-04:00,14.25,14.34000015258789,14.25,14.289999961853027,90400,0.0,0.0,0.0,0.0014015068989345902,0.0014005257048006169,0.18960429367601175,0.12287692872741317
2020-07-09 00:00:00-04:00,14.369999885559082,14.4399995803833,14.3100004196167,14.34000015258789,90100,0.0,0.0,0.0,0.0034989636716822314,0.00349285653990313,0.11010071716216188,0.12319344815603268
2020-07-10 00:00:00-04:00,14.369999885559082,14.369999885559082,14.140000343322754,14.180000305175781,174300,0.0,0.0,0.0,-0.011157590356317693,-0.011220303186646354,0.13885977411344416,0.13031334048596876
2020-07-13 00:00:00-04:00,14.100000381469727,14.109999656677246,13.90999984741211,13.930000305175781,239400,0.0,0.0,0.0,-0.017630465064852552,-0.017787732926022256,0.13955339514684026,0.14519678712280634
2020-07-14 00:00:00-04:00,14.0,14.069999694824219,13.960000038146973,14.029999732971191,208200,0.0,0.0,0.0,0.007178709662931881,0.007153065382144145,0.16747956760106084,0.14742756439348623
2020-07-15 00:00:00-04:00,14.0600004196167,14.069999694824219,13.949999809265137,14.069999694824219,121300,0.0,0.0,0.0,0.0028510308349489755,0.0028469743548090033,0.17035731590460404,0.14706233185763556
2020-07-16 00:00:00-04:00,14.0600004196167,14.170000076293945,14.0600004196167,14.149999618530273,150700,0.0,0.0,0.0,0.005685851132994912,0.005669747693778499,0.17626037535011202,0.14762750058334093
2020-07-17 00:00:00-04:00,14.289999961853027,14.289999961853027,14.149999618530273,14.25,55700,0.0,0.0,0.0,0.007067164958702188,0.007042309584404535,0.1678987287988235,0.1492254789862806
2020-07-20 00:00:00-04:00,14.270000457763672,14.289999961853027,14.180000305175781,14.270000457763672,66300,0.0,0.0,0.0,0.0014035408956962758,0.001402556852828655,0.041174769857578244,0.1490652613128356
2020-07-21 00:00:00-04:00,14.289999961853027,14.289999961853027,14.15999984741211,14.210000038146973,89900,0.0,0.0,0.0,-0.004204654358231363,-0.004213518773962922,0.06977027919387355,0.1499530477050381
2020-07-22 00:00:00-04:00,14.199999809265137,14.279999732971191,14.149999618530273,14.270000457763672,154700,0.0,0.0,0.0,0.004222408124956223,0.004213518773962953,0.07080158743773778,0.1492318769727056
2020-07-23 00:00:00-04:00,14.279999732971191,14.300000190734863,14.229999542236328,14.300000190734863,90900,0.0,0.0,0.0,0.0021022937637587003,0.0021000870364755782,0.06612710263833489,0.14820668348626173
2020-07-24 00:00:00-04:00,14.329999923706055,14.34000015258789,14.25,14.279999732971191,50400,0.0,0.0,0.0,-0.0013986333913919013,-0.0013996123920221144,0.052018090225433716,0.14706664659366273
2020-07-27 00:00:00-04:00,14.300000190734863,14.350000381469727,14.279999732971191,14.329999923706055,71600,0.0,0.0,0.0,0.003501413982481827,0.003495298304067082,0.05644783230242786,0.14133512344409543
2020-07-28 00:00:00-04:00,14.149999618530273,14.15999984741211,14.069999694824219,14.15999984741211,1300900,0.0,0.0,0.0,-0.011863229392814922,-0.011934159026416246,0.10495192447588995,0.14993010158858283
2020-07-29 00:00:00-04:00,14.170000076293945,14.170000076293945,14.100000381469727,14.15999984741211,142900,0.0,0.0,0.0,0.0,0.0,0.09644415414002883,0.1387966714826081
2020-07-30 00:00:00-04:00,14.15999984741211,14.199999809265137,14.050000190734863,14.1899995803833,167400,0.0,0.0,0.0,0.002118625232660154,0.0021163841110615404,0.09648298333809854,0.11360015655571858
2020-07-31 00:00:00-04:00,14.210000038146973,14.25,14.170000076293945,14.229999542236328,465300,0.0,0.0,0.0,0.0028188839348750605,0.002814918332190389,0.10136268460955297,0.11344683883658428
2020-08-03 00:00:00-04:00,14.239999771118164,14.289999961853027,14.210000038146973,14.260000228881836,109300,0.0,0.0,0.0,0.0021082703872521424,0.00210605110392474,0.09817010861997513,0.1068348399197177
2020-08-04 00:00:00-04:00,14.300000190734863,14.300000190734863,14.050000190734863,14.15999984741211,911200,0.0,0.0,0.0,-0.007012649359372958,-0.007037353547176704,0.06451015771591763,0.10628396528879963
2020-08-05 00:00:00-04:00,14.149999618530273,14.1899995803833,14.0600004196167,14.079999923706055,569700,0.0,0.0,0.0,-0.0056497121870150435,-0.005665732178300458,0.07599346928776095,0.10766734337448114
2020-08-06 00:00:00-04:00,14.079999923706055,14.149999618530273,14.039999961853027,14.079999923706055,269000,0.0,0.0,0.0,0.0,0.0,0.07166453495450652,0.10656040826801898
2020-08-07 00:00:00-04:00,14.050000190734863,14.109999656677246,13.899999618530273,13.920000076293945,280300,0.0,0.0,0.0,-0.01136362558800319,-0.011428684924131786,0.08643812675304308,0.1068258183555469
2020-08-10 00:00:00-04:00,13.960000038146973,14.029999732971191,13.899999618530273,14.010000228881836,161400,0.0,0.0,0.0,0.0064655281677161724,0.006444716298788249,0.10951040383493015,0.08964292780741988
2020-08-11 00:00:00-04:00,14.010000228881836,14.010000228881836,13.880000114440918,13.90999984741211,1057700,0.0,0.0,0.0,-0.00713778585553293,-0.007163381720251479,0.10976571302069268,0.08948007337615385
2020-08-12 00:00:00-04:00,13.9399995803833,14.109999656677246,13.850000381469727,14.100000381469727,167400,0.0,0.0,0.0,0.013659276501930773,0.013566829473015511,0.16031126668239354,0.10205274191331187
2020-08-13 00:00:00-04:00,14.25,14.380000114440918,14.229999542236328,14.319999694824219,344800,0.0,0.0,0.0,0.015602787759042558,0.01548231578262859,0.19321264948609918,0.11452707696213721
2020-08-14 00:00:00-04:00,14.3100004196167,14.329999923706055,14.279999732971191,14.300000190734863,120800,0.0,0.0,0.0,-0.0013966134438245792,-0.0013975896173775797,0.15407893349227367,0.11212508965715232
2020-08-17 00:00:00-04:00,14.4399995803833,14.579999923706055,14.430000305175781,14.569999694824219,231000,0.0,0.0,0.0,0.018881083950214927,0.01870504865765989,0.18197720290943198,0.1303051089231688
2020-08-18 00:00:00-04:00,14.579999923706055,14.600000381469727,14.510000228881836,14.5600004196167,207400,0.0,0.0,0.0,-0.0006862920670528405,-0.0006865276732561031,0.1515642458297262,0.12900723064536035
2020-08-19 00:00:00-04:00,14.630000114440918,14.640000343322754,14.510000228881836,14.520000457763672,179500,0.0,0.0,0.0,-0.002747250048093064,-0.0027510306652944994,0.1653622898780405,0.12924832462561797
2020-08-20 00:00:00-04:00,14.5,14.5,14.40999984741211,14.460000038146973,200200,0.0,0.0,0.0,-0.004132260173905,-0.004140821554351363,0.15140482338826772,0.13036898307802436
2020-08-21 00:00:00-04:00,14.5,14.5,14.399999618530273,14.40999984741211,121600,0.0,0.0,0.0,-0.0034578278425282383,-0.0034638199463190382,0.15496925617111773,0.1309886873547486
2020-08-24 00:00:00-04:00,14.5,14.539999961853027,14.40999984741211,14.449999809265137,142100,0.0,0.0,0.0,0.0027758474862309424,0.002772001936393688,0.0443000268742938,0.130792285749103
2020-08-25 00:00:00-04:00,14.510000228881836,14.65999984741211,14.510000228881836,14.65999984741211,218300,0.0,0.0,0.0,0.014532874804076057,0.01442828469125792,0.1244325681478655,0.1313952140743667
2020-08-26 00:00:00-04:00,14.699999809265137,14.720000267028809,14.649999618530273,14.699999809265137,195800,0.0,0.0,0.0,0.002728510386723393,0.0027247947594753125,0.11890006756499123,0.13126489976575945
2020-08-27 00:00:00-04:00,14.850000381469727,15.0,14.760000228881836,14.899999618530273,451700,0.0,0.0,0.0,0.013605429378242606,0.013513706539888284,0.12326889784846873,0.13768797051273765
2020-08-28 00:00:00-04:00,15.0,15.069999694824219,14.9399995803833,15.069999694824219,287100,0.0,0.0,0.0,0.011409401385656714,0.01134480503843621,0.09246100693621313,0.14129793111481398
2020-08-31 00:00:00-04:00,15.25,15.25,15.069999694824219,15.130000114440918,660000,0.0,0.0,0.0,0.003981447964946261,0.003973542976251358,0.08760837331316386,0.14131354034580068
2020-09-01 00:00:00-04:00,15.079999923706055,15.1899995803833,15.069999694824219,15.109999656677246,254600,0.0,0.0,0.0,-0.0013219073107991752,-0.001322781801016644,0.09896429716823023,0.1373523542187818
2020-09-02 00:00:00-04:00,15.109999656677246,15.239999771118164,15.0,15.220000267028809,203600,0.0,0.0,0.0,0.007279987614225547,0.007253616415050294,0.09442273240226685,0.13381651193289573
2020-09-03 00:00:00-04:00,15.300000190734863,15.300000190734863,15.149999618530273,15.260000228881836,215600,0.0,0.0,0.0,0.0026281183410803433,0.0026246708769810494,0.0764202445821933,0.1331151228506067
2020-09-04 00:00:00-04:00,15.270000457763672,15.329999923706055,15.210000038146973,15.300000190734863,272300,0.0,0.0,0.0,0.002621229439913275,0.002617800009600174,0.04907960722342026,0.12025084114561456
2020-09-08 00:00:00-04:00,15.3100004196167,15.350000381469727,15.239999771118164,15.350000381469727,247900,0.0,0.0,0.0,0.0032679862818003613,0.003262658019933277,0.04847298491455385,0.12018659600802709
2020-09-09 00:00:00-04:00,15.350000381469727,15.430000305175781,15.319999694824219,15.390000343322754,208900,0.0,0.0,0.0,0.0026058606422783015,0.0026024712743050165,0.0322519153509636,0.11227664761520989
2020-09-10 00:00:00-04:00,15.40999984741211,15.430000305175781,15.319999694824219,15.34000015258789,182300,0.0,0.0,0.0,-0.0032488752189376857,-0.003254164272789343,0.043038878463934435,0.1112008759022945
2020-09-11 00:00:00-04:00,15.40999984741211,15.579999923706055,15.40999984741211,15.579999923706055,267800,0.0,0.0,0.0,0.015645356501360563,0.015524229659517066,0.1100911775645549,0.111258622533482
2020-09-14 00:00:00-04:00,15.619999885559082,15.670000076293945,15.609999656677246,15.649999618530273,511100,0.0,0.0,0.0,0.004492920100577669,0.0044828570654128685,0.10922187778924268,0.10924098669116557
2020-09-15 00:00:00-04:00,15.680000305175781,15.680000305175781,15.520000457763672,15.579999923706055,280200,0.0,0.0,0.0,-0.004472824059454705,-0.004482857065412976,0.12728857044128875,0.09961627695706073
2020-09-16 00:00:00-04:00,15.649999618530273,15.819999694824219,15.630000114440918,15.789999961853027,289100,0.0,0.0,0.0,0.013478821513178696,0.013388790305969673,0.14701910223202286,0.10452477900592388
2020-09-17 00:00:00-04:00,15.739999771118164,16.030000686645508,15.739999771118164,15.9399995803833,429400,0.0,0.0,0.0,0.00949965920789464,0.009454821185650743,0.1275457941844291,0.10293756583513929
2020-09-18 00:00:00-04:00,16.100000381469727,16.190000534057617,15.979999542236328,16.170000076293945,604700,0.0,0.0,0.0,0.014429140650273009,0.014326031269948598,0.12300130024353348,0.10290986145292406
2020-09-21 00:00:00-04:00,16.110000610351562,16.110000610351562,15.8100004196167,15.829999923706055,679600,0.0,0.0,0.0,-0.021026601792435873,-0.02125080923391458,0.2399474488299796,0.13679200889353108
2020-09-22 00:00:00-04:00,15.869999885559082,16.059999465942383,15.800000190734863,15.800000190734863,286300,0.0,0.0,0.0,-0.001895118958672004,-0.0018969169685933366,0.23597329793370822,0.1386759577226214
2020-09-23 00:00:00-04:00,15.779999732971191,15.850000381469727,15.699999809265137,15.699999809265137,230400,0.0,0.0,0.0,-0.006329137991299971,-0.00634925189920296,0.22146875894395765,0.13845361022740924
2020-09-24 00:00:00-04:00,15.579999923706055,15.59000015258789,15.479999542236328,15.489999771118164,550600,0.0,0.0,0.0,-0.013375798770586256,-0.013466060552870796,0.21206874240912954,0.1508426739070374
2020-09-25 00:00:00-04:00,15.479999542236328,15.630000114440918,15.460000038146973,15.529999732971191,142800,0.0,0.0,0.0,0.0025823087439684755,0.0025789803135358655,0.14862765689884191,0.1452072724698026
2020-09-28 00:00:00-04:00,15.529999732971191,15.529999732971191,15.399999618530273,15.449999809265137,137700,0.0,0.0,0.0,-0.005151315201648687,-0.005164628967754132,0.09355767160241214,0.1430271209752425
2020-09-29 00:00:00-04:00,15.449999809265137,15.550000190734863,15.350000381469727,15.420000076293945,233600,0.0,0.0,0.0,-0.0019417303133687502,-0.0019436179155457132,0.09346597444336331,0.14309116465849256
2020-09-30 00:00:00-04:00,15.4399995803833,15.989999771118164,15.380000114440918,15.84000015258789,432200,0.0,0.0,0.0,0.02723735889856682,0.0268730229364436,0.24338690891857043,0.17029918746144823
2020-10-01 00:00:00-04:00,15.979999542236328,15.979999542236328,15.850000381469727,15.899999618530273,131900,0.0,0.0,0.0,0.003787845035631454,0.003780689215025117,0.20276425991696614,0.16942531088737275
2020-10-02 00:00:00-04:00,15.720000267028809,15.920000076293945,15.699999809265137,15.829999923706055,70900,0.0,0.0,0.0,-0.004402496635448894,-0.004412216161037665,0.2143981867628574,0.17104295917441298
2020-10-05 00:00:00-04:00,15.880000114440918,15.899999618530273,15.8100004196167,15.869999885559082,298200,0.0,0.0,0.0,0.0025268453598110696,0.0025236582538285053,0.20043815380721008,0.17103793717025914
2020-10-06 00:00:00-04:00,15.970000267028809,16.18000030517578,15.970000267028809,16.020000457763672,488000,0.0,0.0,0.0,0.009451831965108237,0.009407442887554475,0.19004911531361962,0.17309700534747316
2020-10-07 00:00:00-04:00,16.149999618530273,16.200000762939453,16.0,16.010000228881836,168800,0.0,0.0,0.0,-0.000624233994761858,-0.0006244289099212996,0.08201640358847022,0.17337475721764567
2020-10-08 00:00:00-04:00,16.139999389648438,16.170000076293945,15.90999984741211,15.960000038146973,198600,0.0,0.0,0.0,-0.0031230599637758205,-0.0031279468929789078,0.08778299581924023,0.17332448592492725
2020-10-09 00:00:00-04:00,16.09000015258789,16.329999923706055,16.020000457763672,16.270000457763672,237000,0.0,0.0,0.0,0.019423585142590793,0.019237354954566063,0.14422701318786338,0.17772128877198662
2020-10-12 00:00:00-04:00,16.25,16.25,15.90999984741211,15.920000076293945,1021700,0.0,0.0,0.0,-0.021512008089877743,-0.021746764157819728,0.24295092751507533,0.19632520447302804
2020-10-13 00:00:00-04:00,15.920000076293945,16.100000381469727,15.920000076293945,16.059999465942383,524600,0.0,0.0,0.0,0.008793931468436877,0.008755490056145999,0.24150239313508248,0.19713084384159923
2020-10-14 00:00:00-04:00,16.079999923706055,16.200000762939453,16.079999923706055,16.149999618530273,270600,0.0,0.0,0.0,0.005603994743508478,0.0055883507835326205,0.24356579437095566,0.19276614329791847
2020-10-15 00:00:00-04:00,16.049999237060547,16.190000534057617,15.930000305175781,16.170000076293945,137900,0.0,0.0,0.0,0.001238418466630975,0.0012376522590069347,0.23991058489628062,0.1902614761963041
2020-10-16 00:00:00-04:00,16.209999084472656,16.280000686645508,16.040000915527344,16.06999969482422,184300,0.0,0.0,0.0,-0.006184315460599943,-0.006203517548238042,0.19151580583439928,0.18464175912209901
2020-10-19 00:00:00-04:00,16.100000381469727,16.170000076293945,16.059999465942383,16.100000381469727,102400,0.0,0.0,0.0,0.0018668753712030028,0.001865134925171099,0.08922939616411013,0.1675611432178056
2020-10-20 00:00:00-04:00,16.200000762939453,16.270000457763672,16.15999984741211,16.25,170900,0.0,0.0,0.0,0.009316746271814669,0.009273613091557586,0.09168332848050584,0.16979318705403634
2020-10-21 00:00:00-04:00,16.399999618530273,16.420000076293945,16.31999969482422,16.31999969482422,137700,0.0,0.0,0.0,0.0043076735276441624,0.004298422060717816,0.0892301940751314,0.1675045299135956
2020-10-22 00:00:00-04:00,16.329999923706055,16.479999542236328,16.299999237060547,16.299999237060547,164500,0.0,0.0,0.0,-0.0012255182682395782,-0.001226269829850212,0.09240296071414014,0.1580034956367995
2020-10-23 00:00:00-04:00,16.239999771118164,16.540000915527344,16.239999771118164,16.440000534057617,151500,0.0,0.0,0.0,0.008589037027606494,0.008552361106675734,0.07083659363751606,0.15942747836754137
2020-10-26 00:00:00-04:00,16.440000534057617,16.5,16.360000610351562,16.469999313354492,80600,0.0,0.0,0.0,0.0018247432069560254,0.0018230803855777415,0.07093847704257489,0.1566544155788169
2020-10-27 00:00:00-04:00,16.469999313354492,16.5,16.329999923706055,16.34000015258789,99500,0.0,0.0,0.0,-0.007893088414472116,-0.007924403728706635,0.09823667529640771,0.16064288355376666
2020-10-28 00:00:00-04:00,16.06999969482422,16.209999084472656,16.040000915527344,16.06999969482422,239400,0.0,0.0,0.0,-0.016523895669664945,-0.01666193801114324,0.1521719421716627,0.14745373894477445
2020-10-29 00:00:00-04:00,16.040000915527344,16.100000381469727,16.0,16.020000457763672,236800,0.0,0.0,0.0,-0.0031113402619821207,-0.003116190544293624,0.1513374649799507,0.14760967553587484
2020-10-30 00:00:00-04:00,16.030000686645508,16.219999313354492,16.030000686645508,16.1299991607666,138400,0.0,0.0,0.0,0.006866335821458902,0.006842869893043154,0.14298700348121235,0.1481483875381373
2020-11-02 00:00:00-05:00,16.010000228881836,16.18000030517578,16.010000228881836,16.09000015258789,110500,0.0,0.0,0.0,-0.002479789848718772,-0.0024828696200763813,0.13544778023688556,0.14852081306549822
2020-11-03 00:00:00-05:00,16.219999313354492,16.34000015258789,16.219999313354492,16.25,101600,0.0,0.0,0.0,0.00994405505871776,0.00989493828805576,0.16445099336494945,0.14891393690413873
2020-11-04 00:00:00-05:00,16.360000610351562,16.579999923706055,16.329999923706055,16.549999237060547,172900,0.0,0.0,0.0,0.018461491511418293,0.018293146948263766,0.14342023806700305,0.16145239302680178
2020-11-05 00:00:00-05:00,16.799999237060547,16.899999618530273,16.739999771118164,16.809999465942383,225900,0.0,0.0,0.0,0.015709984342453298,0.015587859926280432,0.13025808561080096,0.1676956557310773
2020-11-06 00:00:00-05:00,16.799999237060547,16.8700008392334,16.770000457763672,16.829999923706055,85300,0.0,0.0,0.0,0.0011897952646693355,0.001189088019212698,0.14359064195333807,0.15555837979096349
2020-11-09 00:00:00-05:00,16.90999984741211,17.010000228881836,16.8700008392334,16.8700008392334,138000,0.0,0.0,0.0,0.0023767626683706133,0.002373942635461794,0.12267174300520355,0.12905452751081622
2020-11-10 00:00:00-05:00,16.959999084472656,17.489999771118164,16.959999084472656,17.399999618530273,264800,0.0,0.0,0.0,0.03141664214172968,0.03093323799197049,0.19846729342464933,0.1631574673803958
2020-11-11 00:00:00-05:00,17.420000076293945,17.520000457763672,17.360000610351562,17.489999771118164,199100,0.0,0.0,0.0,0.0051724226759202185,0.005159091647134912,0.20133644807545412,0.16311065091975693
2020-11-12 00:00:00-05:00,17.420000076293945,17.469999313354492,17.329999923706055,17.440000534057617,187200,0.0,0.0,0.0,-0.002858732859626012,-0.0028628268406677053,0.21748433932547356,0.16468582565336434
2020-11-13 00:00:00-05:00,17.469999313354492,17.610000610351562,17.469999313354492,17.510000228881836,124100,0.0,0.0,0.0,0.004013743846367435,0.0040057102658501206,0.21323821098714413,0.1603762472095084
2020-11-16 00:00:00-05:00,17.600000381469727,17.649999618530273,17.469999313354492,17.639999389648438,81800,0.0,0.0,0.0,0.007424280929030136,0.007396856608962858,0.20775687654431546,0.16044905221867575
2020-11-17 00:00:00-05:00,17.75,17.850000381469727,17.709999084472656,17.75,246800,0.0,0.0,0.0,0.006235862480591381,0.00621649994320893,0.06406191543818174,0.15962503638105247
2020-11-18 00:00:00-05:00,17.850000381469727,17.979999542236328,17.770000457763672,17.799999237060547,135900,0.0,0.0,0.0,0.002816858425946256,0.0028128985148466665,0.06352061765491093,0.15973307566173092
2020-11-19 00:00:00-05:00,17.739999771118164,17.860000610351562,17.65999984741211,17.850000381469727,112700,0.0,0.0,0.0,0.0028090531770965654,0.0028051151602294625,0.03307598915051918,0.15848649391841318
2020-11-20 00:00:00-05:00,18.010000228881836,18.040000915527344,17.850000381469727,17.8799991607666,168700,0.0,0.0,0.0,0.0016806038462620077,0.0016791932118752082,0.03947590820312542,0.1580764540961941
2020-11-23 00:00:00-05:00,18.049999237060547,18.06999969482422,17.969999313354492,18.059999465942383,145000,0.0,0.0,0.0,0.010067131634477366,0.010016795609166327,0.05464684468166318,0.15910086102425636
2020-11-24 00:00:00-05:00,17.950000762939453,18.09000015258789,17.829999923706055,18.06999969482422,260200,0.0,0.0,0.0,0.0005537225458225326,0.0005535692980622068,0.059410508500469715,0.15296428588934197
2020-11-25 00:00:00-05:00,18.010000228881836,18.040000915527344,17.920000076293945,17.93000030517578,105500,0.0,0.0,0.0,-0.007747614389198798,-0.007777783078162686,0.10088497539093036,0.1390582775549717
2020-11-27 00:00:00-05:00,17.889999389648438,18.040000915527344,17.889999389648438,18.040000915527344,90200,0.0,0.0,0.0,0.006135003261534155,0.00611626074688715,0.10627970610619096,0.13526154769329168
2020-11-30 00:00:00-05:00,17.899999618530273,17.90999984741211,17.700000762939453,17.709999084472656,220100,0.0,0.0,0.0,-0.018292783498178755,-0.01846216528509046,0.18042251713919072,0.16026849103352567
2020-12-01 00:00:00-05:00,17.700000762939453,17.790000915527344,17.579999923706055,17.639999389648438,143600,0.0,0.0,0.0,-0.003952552142455601,-0.003960384121022737,0.14626996415731533,0.16122977142210076
2020-12-02 00:00:00-05:00,17.469999313354492,17.6200008392334,17.360000610351562,17.510000228881836,332000,0.0,0.0,0.0,-0.007369567191872317,-0.007396856608962863,0.13911526613385813,0.16536090124692138
2020-12-03 00:00:00-05:00,17.600000381469727,17.729999542236328,17.56999969482422,17.670000076293945,80900,0.0,0.0,0.0,0.009137626803008114,0.00909613128006251,0.17471939569466602,0.15751652320638607
2020-12-04 00:00:00-05:00,17.690000534057617,17.700000762939453,17.59000015258789,17.639999389648438,122400,0.0,0.0,0.0,-0.0016978317213340866,-0.0016992746710996192,0.1572680076491076,0.15136421362555547
2020-12-07 00:00:00-05:00,17.5,17.760000228881836,17.479999542236328,17.6299991607666,138900,0.0,0.0,0.0,-0.0005669064188122963,-0.0005670671710133157,0.09807385346395536,0.15168714555062499
2020-12-08 00:00:00-05:00,17.600000381469727,17.6200008392334,17.479999542236328,17.520000457763672,98800,0.0,0.0,0.0,-0.0062392914486189,-0.006258837170894142,0.10375204153833192,0.1547329770919318
2020-12-09 00:00:00-05:00,17.670000076293945,17.709999084472656,17.600000381469727,17.709999084472656,90100,0.0,0.0,0.0,0.010844670190906847,0.010786288462930125,0.11689226604788377,0.11483739154318186
2020-12-10 00:00:00-05:00,17.719999313354492,17.93000030517578,17.600000381469727,17.709999084472656,194400,0.0,0.0,0.0,0.0,0.0,0.09997283271188798,0.11375264385712411
2020-12-11 00:00:00-05:00,17.700000762939453,17.790000915527344,17.6200008392334,17.75,78200,0.0,0.0,0.0,0.0022586627665279746,0.0022561158221861073,0.09850761707341957,0.11310782413165844
2020-12-14 00:00:00-05:00,17.84000015258789,17.899999618530273,17.770000457763672,17.8799991607666,57200,0.0,0.0,0.0,0.007323896381216999,0.007297206886951225,0.10500513848779797,0.11491022338393092
2020-12-15 00:00:00-05:00,17.8799991607666,18.09000015258789,17.770000457763672,18.049999237060547,98100,0.0,0.0,0.0,0.009507834690896999,0.009462919702399304,0.07425690103979729,0.11666274360490277
2020-12-16 00:00:00-05:00,18.100000381469727,18.18000030517578,18.0,18.040000915527344,59900,0.0,0.0,0.0,-0.0005539236540617054,-0.0005540771264462428,0.07131463525147014,0.11523718312262025
2020-12-17 00:00:00-05:00,18.09000015258789,18.280000686645508,18.059999465942383,18.25,95100,0.0,0.0,0.0,0.011640746885545061,0.011573514644171373,0.08048425180226294,0.12134401704176632
2020-12-18 00:00:00-05:00,18.43000030517578,18.549999237060547,18.350000381469727,18.489999771118164,149500,0.0,0.0,0.0,0.013150672390036311,0.013064952991850506,0.08528619286610628,0.1284220790216169
2020-12-21 00:00:00-05:00,18.5,18.790000915527344,18.489999771118164,18.780000686645508,156200,0.0,0.0,0.0,0.015684203305417643,0.015562477322358648,0.09929228635344683,0.1375535385963267
2020-12-22 00:00:00-05:00,18.790000915527344,18.860000610351562,18.68000030517578,18.780000686645508,90000,0.0,0.0,0.0,0.0,0.0,0.12193436417943192,0.13481706360999704
2020-12-23 00:00:00-05:00,18.90999984741211,18.950000762939453,18.81999969482422,18.8799991607666,95000,0.0,0.0,0.0,0.005324732186628767,0.005310605923722223,0.10141676285682362,0.13520566668080392
2020-12-24 00:00:00-05:00,18.969999313354492,18.969999313354492,18.860000610351562,18.899999618530273,79000,0.0,0.0,0.0,0.001059346326944377,0.0010587856155809161,0.11234353944601132,0.13010408543424454
2020-12-28 00:00:00-05:00,19.15999984741211,19.15999984741211,18.68000030517578,18.75,155500,0.0,0.0,0.0,-0.0079364879131113,-0.007968149465593268,0.13713671685404047,0.13464209520090087
2020-12-29 00:00:00-05:00,18.719999313354492,19.329999923706055,18.719999313354492,19.31999969482422,213300,0.0,0.0,0.0,0.030399983723958357,0.029947060572104122,0.2314339554908817,0.14776896094211675
2020-12-30 00:00:00-05:00,19.209999084472656,19.399999618530273,19.170000076293945,19.31999969482422,128500,0.0,0.0,0.0,0.0,0.0,0.2314339554908817,0.14545339958793738
2020-12-31 00:00:00-05:00,19.56999969482422,19.579999923706055,19.459999084472656,19.469999313354492,166400,0.0,0.0,0.0,0.007763955533107936,0.007733971128736977,0.23178620697565858,0.13870111828692236
2021-01-04 00:00:00-05:00,19.899999618530273,20.0,19.399999618530273,19.579999923706055,226700,0.0,0.0,0.0,0.005649749061681364,0.005633849088579117,0.2275530302966111,0.1379902928725867
2021-01-05 00:00:00-05:00,19.889999389648438,20.3799991607666,19.8700008392334,20.079999923706055,326600,0.0,0.0,0.0,0.02553626159082034,0.025215657818189137,0.2109839786197325,0.1530277689374113
2021-01-06 00:00:00-05:00,20.350000381469727,20.43000030517578,20.15999984741211,20.270000457763672,222100,0.0,0.0,0.0,0.009462178026868662,0.009417692023188099,0.15165867877360084,0.15097521212551432
2021-01-07 00:00:00-05:00,20.06999969482422,20.229999542236328,20.0,20.200000762939453,239100,0.0,0.0,0.0,-0.0034533642448640878,-0.0034593408707791653,0.16677669956311386,0.14801918196274527
2021-01-08 00:00:00-05:00,20.440000534057617,20.559999465942383,20.280000686645508,20.440000534057617,187300,0.0,0.0,0.0,0.011881176339284538,0.011811149287128673,0.16742723091716413,0.14840447154683556
2021-01-11 00:00:00-05:00,20.600000381469727,20.600000381469727,20.170000076293945,20.329999923706055,217100,0.0,0.0,0.0,-0.005381634416705472,-0.005396167576088013,0.199887248287434,0.1530412934336132
2021-01-12 00:00:00-05:00,20.450000762939453,21.200000762939453,20.100000381469727,21.0,493900,0.0,0.0,0.0,0.03295622620798366,0.03242481383594429,0.24390628357154773,0.17737546459183584
2021-01-13 00:00:00-05:00,20.989999771118164,20.989999771118164,20.799999237060547,20.799999237060547,256400,0.0,0.0,0.0,-0.009523845854259694,-0.0095694876959328,0.27708221855143794,0.18858546756670372
2021-01-14 00:00:00-05:00,20.93000030517578,21.229999542236328,20.84000015258789,21.18000030517578,241600,0.0,0.0,0.0,0.01826928279103801,0.018104404554447173,0.2767856318438267,0.19225378902612708
2021-01-15 00:00:00-05:00,21.100000381469727,21.139999389648438,21.010000228881836,21.040000915527344,116400,0.0,0.0,0.0,-0.006609980530275283,-0.006631923198772174,0.29769460181484575,0.1970108501478003
2021-01-19 00:00:00-05:00,20.920000076293945,20.920000076293945,20.639999389648438,20.65999984741211,299100,0.0,0.0,0.0,-0.018060886481939153,-0.01822597507734027,0.33884368884138444,0.2165590183384437
2021-01-20 00:00:00-05:00,20.34000015258789,20.559999465942383,20.219999313354492,20.3700008392334,283500,0.0,0.0,0.0,-0.014036738156851247,-0.014136184867631784,0.2261548476437897,0.2264437484019475
2021-01-21 00:00:00-05:00,20.579999923706055,20.6299991607666,20.34000015258789,20.34000015258789,159400,0.0,0.0,0.0,-0.0014727876980605847,-0.001473873315916372,0.22545628747522237,0.22383054751182813
2021-01-22 00:00:00-05:00,20.09000015258789,20.149999618530273,19.399999618530273,19.479999542236328,418000,0.0,0.0,0.0,-0.04228124896263308,-0.04320112340704981,0.2505968591423205,0.27787391383613264
2021-01-25 00:00:00-05:00,19.420000076293945,20.030000686645508,19.420000076293945,19.93000030517578,258000,0.0,0.0,0.0,0.023100655724542785,0.022837874821858634,0.37984593717193976,0.28770422207660723
2021-01-26 00:00:00-05:00,20.1200008392334,20.360000610351562,20.1200008392334,20.31999969482422,188800,0.0,0.0,0.0,0.019568458789594567,0.01937945815470232,0.42430803731394773,0.2936038917625137
2021-01-27 00:00:00-05:00,20.43000030517578,20.520000457763672,20.190000534057617,20.260000228881836,109400,0.0,0.0,0.0,-0.0029527296674942693,-0.0029570975740227236,0.4133393919064163,0.2914888455464992
2021-01-28 00:00:00-05:00,20.399999618530273,20.489999771118164,19.8700008392334,19.940000534057617,193000,0.0,0.0,0.0,-0.015794654057705304,-0.015920718800842636,0.42706883005328383,0.28205234102854304
2021-01-29 00:00:00-05:00,20.149999618530273,20.299999237060547,19.81999969482422,20.15999984741211,130600,0.0,0.0,0.0,0.011033064566810413,0.010972644317401574,0.25745539396272515,0.28386739063084615
2021-02-01 00:00:00-05:00,20.100000381469727,20.260000228881836,20.020000457763672,20.260000228881836,181100,0.0,0.0,0.0,0.0049603364199708455,0.004948074483440958,0.21458530328903352,0.28332330037851583
2021-02-02 00:00:00-05:00,20.010000228881836,20.200000762939453,19.93000030517578,20.100000381469727,84800,0.0,0.0,0.0,-0.007897327028852597,-0.007928676074141792,0.16728614361195723,0.2851738646312117
2021-02-03 00:00:00-05:00,20.100000381469727,20.299999237060547,19.979999542236328,20.25,116400,0.0,0.0,0.0,0.007462667446939797,0.007434959508924809,0.1799241884409998,0.2718449130638461
2021-02-04 00:00:00-05:00,20.34000015258789,20.43000030517578,20.200000762939453,20.280000686645508,138300,0.0,0.0,0.0,0.0014815153899017108,0.0014804190286935388,0.11461390509810501,0.26984791809861824
2021-02-05 00:00:00-05:00,20.200000762939453,20.469999313354492,20.200000762939453,20.290000915527344,89300,0.0,0.0,0.0,0.0004931079163335017,0.000492986378577438,0.0927848960422789,0.2695099642222232
2021-02-08 00:00:00-05:00,20.399999618530273,20.639999389648438,20.3700008392334,20.6299991607666,107100,0.0,0.0,0.0,0.01675693592399341,0.01661808744309827,0.14513173146349664,0.2728100029455493
2021-02-09 00:00:00-05:00,20.81999969482422,20.8799991607666,20.469999313354492,20.790000915527344,145200,0.0,0.0,0.0,0.007755780963143666,0.007725859503912578,0.1030486329129588,0.2729728973982783
2021-02-10 00:00:00-05:00,20.559999465942383,20.559999465942383,20.15999984741211,20.190000534057617,250000,0.0,0.0,0.0,-0.028860045937833867,-0.029284687130493366,0.27209404156769484,0.2658730426585675
2021-02-11 00:00:00-05:00,20.270000457763672,20.540000915527344,20.270000457763672,20.3799991607666,82700,0.0,0.0,0.0,0.009410531039287795,0.009366527838977571,0.28135029695563696,0.2670985123749176
2021-02-12 00:00:00-05:00,20.420000076293945,20.489999771118164,20.34000015258789,20.420000076293945,45800,0.0,0.0,0.0,0.0019627535414401542,0.001960829857441709,0.28134032693339367,0.2576961906923091
2021-02-16 00:00:00-05:00,20.610000610351562,20.670000076293945,20.5,20.670000076293945,81100,0.0,0.0,0.0,0.012242899072768987,0.012168560911968364,0.2672971483825906,0.26159090993953044
2021-02-17 00:00:00-05:00,20.65999984741211,20.719999313354492,20.559999465942383,20.649999618530273,97000,0.0,0.0,0.0,-0.0009676080159578548,-0.0009680764507927067,0.25944273051846917,0.25350549899436314
2021-02-18 00:00:00-05:00,20.690000534057617,20.690000534057617,20.489999771118164,20.530000686645508,84800,0.0,0.0,0.0,-0.005811086397167986,-0.005828036457132174,0.1178097741216604,0.2490649786467156
2021-02-19 00:00:00-05:00,20.579999923706055,20.790000915527344,20.579999923706055,20.690000534057617,280600,0.0,0.0,0.0,0.00779346527329583,0.007763253093006887,0.11304717678792814,0.2502558342444005
2021-02-22 00:00:00-05:00,20.690000534057617,20.860000610351562,20.6200008392334,20.799999237060547,162000,0.0,0.0,0.0,0.005316515232653751,0.005302432457684353,0.11353240391645811,0.19121064396204732
2021-02-23 00:00:00-05:00,21.100000381469727,21.31999969482422,21.049999237060547,21.09000015258789,249900,0.0,0.0,0.0,0.013942352219447729,0.013846051698275444,0.12190690021795114,0.1811652670757895
2021-02-24 00:00:00-05:00,21.200000762939453,21.3700008392334,21.18000030517578,21.329999923706055,108100,0.0,0.0,0.0,0.011379789918527505,0.011315527180655852,0.12137370999419704,0.17333198168834424
2021-02-25 00:00:00-05:00,21.329999923706055,21.329999923706055,20.93000030517578,21.1299991607666,148900,0.0,0.0,0.0,-0.009376500874581528,-0.00942073699608127,0.14461606454006978,0.1774558165626585
2021-02-26 00:00:00-05:00,20.81999969482422,21.149999618530273,20.799999237060547,21.06999969482422,179700,0.0,0.0,0.0,-0.0028395394380227312,-0.002843578578143272,0.1547779429246327,0.16563119530613904
2021-03-01 00:00:00-05:00,21.329999923706055,21.450000762939453,20.8700008392334,20.93000030517578,90200,0.0,0.0,0.0,-0.0066444894008625965,-0.006666662293506251,0.16943189334495568,0.1658797982206748
2021-03-02 00:00:00-05:00,20.81999969482422,21.190000534057617,20.81999969482422,21.149999618530273,80100,0.0,0.0,0.0,0.01051119494250985,0.010456336417202249,0.15437481398463634,0.16837700775304273
2021-03-03 00:00:00-05:00,21.020000457763672,21.079999923706055,20.850000381469727,21.030000686645508,68500,0.0,0.0,0.0,-0.005673708465679161,-0.005689865090524082,0.12385118465962892,0.16678488936586686
2021-03-04 00:00:00-05:00,21.100000381469727,21.440000534057617,21.010000228881836,21.1299991607666,119600,0.0,0.0,0.0,0.004755039032623198,0.004743769544971235,0.11705672343104499,0.1659517437907498
2021-03-05 00:00:00-05:00,21.18000030517578,21.479999542236328,21.18000030517578,21.450000762939453,106600,0.0,0.0,0.0,0.015144420959893878,0.015030889031957937,0.15335996939256527,0.17215810470726353
2021-03-08 00:00:00-05:00,21.610000610351562,21.6200008392334,21.469999313354492,21.510000228881836,76000,0.0,0.0,0.0,0.002797177799920947,0.0027932729780579674,0.12570933300153914,0.17193127027876653
2021-03-09 00:00:00-05:00,21.450000762939453,21.6299991607666,21.360000610351562,21.59000015258789,91000,0.0,0.0,0.0,0.003719196785439305,0.0037122976738859794,0.11766542449976441,0.1641262084212311
2021-03-10 00:00:00-05:00,21.329999923706055,21.34000015258789,21.1200008392334,21.15999984741211,114500,0.0,0.0,0.0,-0.019916642062841272,-0.02011765181529151,0.20419659692081663,0.18055943352459244
2021-03-11 00:00:00-05:00,21.25,21.31999969482422,21.200000762939453,21.309999465942383,154300,0.0,0.0,0.0,0.007088828904156186,0.007063821270213225,0.20733254760010192,0.14305178295322782
2021-03-12 00:00:00-05:00,21.18000030517578,21.350000381469727,21.030000686645508,21.309999465942383,46800,0.0,0.0,0.0,0.0,0.0,0.1703486891860156,0.14112028045258249
2021-03-15 00:00:00-04:00,21.260000228881836,21.399999618530273,21.110000610351562,21.329999923706055,82200,0.0,0.0,0.0,0.0009385480180623684,0.0009381078572577683,0.1680538826123254,0.14119678110113945
2021-03-16 00:00:00-04:00,21.18000030517578,21.3700008392334,21.18000030517578,21.31999969482422,49500,0.0,0.0,0.0,-0.00046883398582298064,-0.0004689439228389277,0.16217662505464017,0.13635565037652914
2021-03-17 00:00:00-04:00,21.15999984741211,21.270000457763672,21.1200008392334,21.15999984741211,50900,0.0,0.0,0.0,-0.007504683381911681,-0.0075329852046320004,0.08236095871854307,0.13990652035432175
2021-03-18 00:00:00-04:00,21.09000015258789,21.09000015258789,20.700000762939453,20.719999313354492,165900,0.0,0.0,0.0,-0.020793976239627865,-0.02101321552693083,0.14525832990926102,0.15878204043184047
2021-03-19 00:00:00-04:00,20.780000686645508,21.06999969482422,20.780000686645508,20.93000030517578,99100,0.0,0.0,0.0,0.010135183338830567,0.010084166786671228,0.18271525712189454,0.1604162002513315
2021-03-22 00:00:00-04:00,21.049999237060547,21.049999237060547,20.829999923706055,20.920000076293945,99300,0.0,0.0,0.0,-0.0004777940150991755,-0.0004779081950307149,0.180795336880963,0.15948470794884825
2021-03-23 00:00:00-04:00,20.920000076293945,21.200000762939453,20.920000076293945,21.0,78300,0.0,0.0,0.0,0.0038240881173183805,0.003816794879762768,0.1882273910552032,0.1518991202349574
2021-03-24 00:00:00-04:00,21.030000686645508,21.209999084472656,21.030000686645508,21.1200008392334,82600,0.0,0.0,0.0,0.0057143256777809626,0.005698060851066872,0.19150111957968446,0.14745169837169844
2021-03-25 00:00:00-04:00,21.09000015258789,21.09000015258789,20.889999389648438,21.010000228881836,120900,0.0,0.0,0.0,-0.005208362025593383,-0.005221972823633397,0.09331751157764746,0.14482514609406083
2021-03-26 00:00:00-04:00,20.93000030517578,21.010000228881836,20.84000015258789,20.8700008392334,123800,0.0,0.0,0.0,-0.006663464451370338,-0.0066857644493185835,0.08602081915235625,0.14636167962956081
2021-03-29 00:00:00-04:00,20.81999969482422,20.899999618530273,20.729999542236328,20.739999771118164,48400,0.0,0.0,0.0,-0.006229087824033308,-0.006248569535924947,0.09489723626439323,0.1461352314699426
2021-03-30 00:00:00-04:00,20.719999313354492,20.729999542236328,20.440000534057617,20.459999084472656,142700,0.0,0.0,0.0,-0.013500515416370762,-0.013592475989315374,0.10975799703426863,0.1471752798583515
2021-03-31 00:00:00-04:00,20.540000915527344,21.8799991607666,20.540000915527344,21.6200008392334,313600,0.0,0.0,0.0,0.05669608048228514,0.05514713525222002,0.46152872470632367,0.2529055704526983
2021-04-01 00:00:00-04:00,21.6200008392334,21.68000030517578,21.219999313354492,21.25,86700,0.0,0.0,0.0,-0.017113821686906006,-0.017261955658091622,0.4852775449455096,0.260960395674762
2021-04-05 00:00:00-04:00,21.40999984741211,21.5,21.350000381469727,21.360000610351562,44400,0.0,0.0,0.0,0.005176499310661775,0.005163147296079209,0.4782087344566945,0.2558437815366908
2021-04-06 00:00:00-04:00,21.56999969482422,21.579999923706055,21.399999618530273,21.450000762939453,25000,0.0,0.0,0.0,0.00421349016929673,0.004204638275793083,0.4683984131620996,0.25610498126133574
2021-04-07 00:00:00-04:00,21.530000686645508,21.530000686645508,21.31999969482422,21.40999984741211,38100,0.0,0.0,0.0,-0.0018648444804000297,-0.0018665854676517448,0.4427489765366121,0.2557909279464673
2021-04-08 00:00:00-04:00,21.360000610351562,21.5,21.360000610351562,21.420000076293945,53000,0.0,0.0,0.0,0.00046708215567980993,0.00046697310676494614,0.14297804721617283,0.2450636968231899
2021-04-09 00:00:00-04:00,21.450000762939453,21.489999771118164,21.280000686645508,21.350000381469727,96100,0.0,0.0,0.0,-0.003267959597333947,-0.003273311039343638,0.058575253162612494,0.24425075824364093
2021-04-12 00:00:00-04:00,21.5,21.5,21.010000228881836,21.15999984741211,105300,0.0,0.0,0.0,-0.008899322279287802,-0.008939157763117217,0.07688757475871191,0.24638260785460808
2021-04-13 00:00:00-04:00,21.190000534057617,21.309999465942383,21.1299991607666,21.15999984741211,26200,0.0,0.0,0.0,0.0,0.0,0.059804573707931165,0.24634551545558014
2021-04-14 00:00:00-04:00,21.280000686645508,21.459999084472656,21.25,21.31999969482422,72800,0.0,0.0,0.0,0.0075614295163464185,0.007532985204631916,0.0951957703997853,0.24791161451788302
2021-04-15 00:00:00-04:00,21.399999618530273,21.469999313354492,21.350000381469727,21.420000076293945,65100,0.0,0.0,0.0,0.004690449479415548,0.00467948359782895,0.10320005179920995,0.24671790981768946
2021-04-16 00:00:00-04:00,21.459999084472656,21.68000030517578,21.459999084472656,21.56999969482422,70900,0.0,0.0,0.0,0.0070027832864614226,0.006978377671494768,0.108239767635068,0.23396540762103857
2021-04-19 00:00:00-04:00,21.65999984741211,21.760000228881836,21.56999969482422,21.700000762939453,48500,0.0,0.0,0.0,0.0060269388017852865,0.006008849452007023,0.048088642155314235,0.23254724241812674
2021-04-20 00:00:00-04:00,21.989999771118164,22.1299991607666,21.940000534057617,22.010000228881836,104900,0.0,0.0,0.0,0.014285689172500726,0.0141846102324498,0.05913404464734242,0.2364115689047015
2021-04-21 00:00:00-04:00,21.93000030517578,22.239999771118164,21.93000030517578,22.229999542236328,119000,0.0,0.0,0.0,0.009995425309710093,0.009945801446583696,0.0607244630609601,0.23783025902230245
2021-04-22 00:00:00-04:00,22.420000076293945,22.780000686645508,22.31999969482422,22.65999984741211,155000,0.0,0.0,0.0,0.019343243995970205,0.01915854148211407,0.08751754783625129,0.24474788119700389
2021-04-23 00:00:00-04:00,22.56999969482422,22.770000457763672,22.5,22.700000762939453,73100,0.0,0.0,0.0,0.0017652654808781865,0.0017637092309628684,0.10907822985254567,0.24264848503024608
2021-04-26 00:00:00-04:00,22.8700008392334,23.139999389648438,22.780000686645508,23.139999389648438,130600,0.0,0.0,0.0,0.01938319876302974,0.01919773729203409,0.11715757160912765,0.2450912802727726
2021-04-27 00:00:00-04:00,23.15999984741211,23.190000534057617,22.790000915527344,22.84000015258789,163700,0.0,0.0,0.0,-0.012964530897729865,-0.013049303920517964,0.215826777197876,0.25039731916621033
2021-04-28 00:00:00-04:00,22.600000381469727,23.030000686645508,22.559999465942383,22.559999465942383,166700,0.0,0.0,0.0,-0.012259224377184741,-0.012334988511449098,0.2540827941661939,0.24922022254441112
2021-04-29 00:00:00-04:00,22.649999618530273,22.739999771118164,22.479999542236328,22.530000686645508,79000,0.0,0.0,0.0,-0.0013297331563399961,-0.001330618035996396,0.2089650798388666,0.1580569045799163
2021-04-30 00:00:00-04:00,22.43000030517578,22.969999313354492,22.399999618530273,22.950000762939453,127200,0.0,0.0,0.0,0.018641813736956392,0.018470184829007953,0.2531277608481997,0.15118515374055336
2021-05-03 00:00:00-04:00,23.209999084472656,23.260000228881836,22.729999542236328,22.899999618530273,87100,0.0,0.0,0.0,-0.0021786990303688247,-0.002181075847975613,0.202677845933964,0.15260809009407925
2021-05-04 00:00:00-04:00,23.010000228881836,23.270000457763672,23.010000228881836,23.200000762939453,107800,0.0,0.0,0.0,0.013100486873651507,0.01301541765545785,0.19841636656392483,0.15635005309909747
2021-05-05 00:00:00-04:00,23.3799991607666,23.399999618530273,23.110000610351562,23.3700008392334,107500,0.0,0.0,0.0,0.007327589254458644,0.007300872903895574,0.14340423750377884,0.15519684272652104
2021-05-06 00:00:00-04:00,23.5,23.889999389648438,23.5,23.799999237060547,337300,0.0,0.0,0.0,0.018399588463226424,0.01823236415966858,0.13855250777660402,0.16202043673189298
2021-05-07 00:00:00-04:00,24.0,24.200000762939453,23.670000076293945,24.059999465942383,212500,0.0,0.0,0.0,0.01092437971497806,0.010865139728475241,0.12175482137053555,0.1598474507711849
2021-05-10 00:00:00-04:00,24.020000457763672,24.020000457763672,23.760000228881836,23.8700008392334,110700,0.0,0.0,0.0,-0.00789686745329865,-0.007928212840385829,0.15778825583317974,0.15863980951907908
2021-05-11 00:00:00-04:00,23.90999984741211,24.260000228881836,23.90999984741211,24.1200008392334,426100,0.0,0.0,0.0,0.010473397201942847,0.010418931143833684,0.15388132759803747,0.15765948811253724
2021-05-12 00:00:00-04:00,24.360000610351562,24.579999923706055,24.1299991607666,24.200000762939453,186000,0.0,0.0,0.0,0.0033167463069041503,0.003311258035991887,0.15732779387293208,0.15804090324932984
2021-05-13 00:00:00-04:00,23.920000076293945,23.920000076293945,23.170000076293945,23.540000915527344,283200,0.0,0.0,0.0,-0.027272720107631154,-0.027651523964523417,0.2540336728421381,0.1982451633535012
2021-05-14 00:00:00-04:00,23.670000076293945,23.8799991607666,23.559999465942383,23.6200008392334,170200,0.0,0.0,0.0,0.0033984673149816125,0.003392705575301804,0.23461817874048982,0.19812781586359093
2021-05-17 00:00:00-04:00,23.610000610351562,23.719999313354492,23.360000610351562,23.540000915527344,138800,0.0,0.0,0.0,-0.003386956852819978,-0.003392705575301731,0.2315749094947781,0.2000523204510423
2021-05-18 00:00:00-04:00,23.719999313354492,23.809999465942383,23.559999465942383,23.6299991607666,85300,0.0,0.0,0.0,0.0038232048317337064,0.0038159149586852194,0.2117130645832769,0.19643860623136722
2021-05-19 00:00:00-04:00,23.360000610351562,23.360000610351562,22.959999084472656,23.309999465942383,178200,0.0,0.0,0.0,-0.013542095056673586,-0.013634625546654724,0.20869423974887857,0.2039472972516227
2021-05-20 00:00:00-04:00,23.299999237060547,23.399999618530273,23.09000015258789,23.219999313354492,80100,0.0,0.0,0.0,-0.003861010495490924,-0.0038684834381224765,0.11200065773446059,0.194891439668148
2021-05-21 00:00:00-04:00,23.06999969482422,23.239999771118164,23.010000228881836,23.020000457763672,185500,0.0,0.0,0.0,-0.008613215396427454,-0.008650523519235337,0.10278776490891085,0.19801482517167224
2021-05-24 00:00:00-04:00,22.84000015258789,23.149999618530273,22.81999969482422,23.06999969482422,189100,0.0,0.0,0.0,0.0021719911410202908,0.00216963577819682,0.11547233441700294,0.18559734165720612
2021-05-25 00:00:00-04:00,23.190000534057617,23.280000686645508,22.760000228881836,22.889999389648438,84300,0.0,0.0,0.0,-0.0078023540336744635,-0.007832951657485437,0.09316556974835101,0.18171044755576812
2021-05-26 00:00:00-04:00,22.739999771118164,23.059999465942383,22.600000381469727,22.889999389648438,143800,0.0,0.0,0.0,0.0,0.0,0.07493622284615971,0.1756982418544531
2021-05-27 00:00:00-04:00,23.1299991607666,23.549999237060547,23.1200008392334,23.489999771118164,97700,0.0,0.0,0.0,0.026212337154585708,0.025874681627098054,0.22424928649226908,0.1971877677330231
2021-05-28 00:00:00-04:00,23.3700008392334,23.549999237060547,23.309999465942383,23.3799991607666,92600,0.0,0.0,0.0,-0.004682869792396183,-0.004693868778455714,0.21357760428866965,0.188524410487245
2021-06-01 00:00:00-04:00,23.75,24.1200008392334,23.68000030517578,23.81999969482422,132000,0.0,0.0,0.0,0.018819527367476274,0.01864463096684164,0.23972746856947486,0.1983154790262331
2021-06-02 00:00:00-04:00,23.899999618530273,24.1299991607666,23.860000610351562,24.09000015258789,58000,0.0,0.0,0.0,0.011335031957298458,0.011271271845447656,0.20351368677783938,0.19710551531127612
2021-06-03 00:00:00-04:00,24.25,24.360000610351562,23.899999618530273,24.0,53100,0.0,0.0,0.0,-0.003735996347771775,-0.003742992612910316,0.21676528515752938,0.19701975106565925
2021-06-04 00:00:00-04:00,24.170000076293945,24.420000076293945,24.170000076293945,24.360000610351562,71200,0.0,0.0,0.0,0.015000025431315178,0.014888637549233275,0.17274109922036818,0.19346776820654002
2021-06-07 00:00:00-04:00,24.600000381469727,24.799999237060547,24.440000534057617,24.510000228881836,127000,0.0,0.0,0.0,0.006157619654021396,0.006138738981146563,0.13903412840840856,0.19102561346950644
2021-06-08 00:00:00-04:00,24.600000381469727,24.770000457763672,24.600000381469727,24.75,91800,0.0,0.0,0.0,0.009791912234882627,0.009744282136373943,0.11337788750247742,0.19042236111256275
2021-06-09 00:00:00-04:00,24.549999237060547,24.610000610351562,24.290000915527344,24.559999465942383,69300,0.0,0.0,0.0,-0.007676789254853267,-0.0077064074807748646,0.14962350211971429,0.1904578731259523
2021-06-10 00:00:00-04:00,24.75,24.75,24.3700008392334,24.68000030517578,72800,0.0,0.0,0.0,0.004886027762329714,0.004874129868569639,0.1335303250108489,0.19079520263631614
2021-06-11 00:00:00-04:00,24.299999237060547,24.43000030517578,24.139999389648438,24.3700008392334,65700,0.0,0.0,0.0,-0.012560756163255471,-0.012640309328227767,0.15356181548874748,0.16756039088679173
2021-06-14 00:00:00-04:00,23.540000915527344,23.90999984741211,23.5,23.6299991607666,216100,0.0,0.0,0.0,-0.03036527094719932,-0.030835846391040884,0.2510470522519052,0.2024767150620353
2021-06-15 00:00:00-04:00,23.5,23.5,23.229999542236328,23.290000915527344,117100,0.0,0.0,0.0,-0.014388415459775539,-0.01449293247708643,0.2019135099797332,0.20865997285670101
2021-06-16 00:00:00-04:00,23.34000015258789,23.3799991607666,22.770000457763672,22.799999237060547,80900,0.0,0.0,0.0,-0.021039143804417626,-0.021263620708001335,0.20604340404395247,0.22024593268731982
2021-06-17 00:00:00-04:00,22.31999969482422,22.479999542236328,21.270000457763672,21.3799991607666,267500,0.0,0.0,0.0,-0.06228070718466461,-0.06430463615443854,0.322684266003953,0.3061959822492072
2021-06-18 00:00:00-04:00,22.229999542236328,22.6200008392334,21.959999084472656,22.440000534057617,157400,0.0,0.0,0.0,0.0495791120158775,0.04838923811015506,0.6485480416237764,0.3607259781585311
2021-06-21 00:00:00-04:00,22.260000228881836,22.690000534057617,21.959999084472656,22.690000534057617,97400,0.0,0.0,0.0,0.011140819699205107,0.011079217875031902,0.6563075921672179,0.3623417149614058
2021-06-22 00:00:00-04:00,22.56999969482422,22.68000030517578,22.270000457763672,22.360000610351562,34400,0.0,0.0,0.0,-0.014543848212375532,-0.014650646745406554,0.6564128149791827,0.3655678826743932
2021-06-23 00:00:00-04:00,22.31999969482422,22.489999771118164,22.219999313354492,22.31999969482422,109800,0.0,0.0,0.0,-0.0017889496616929623,-0.0017905517431194655,0.6454007869209818,0.3647732432617075
2021-06-24 00:00:00-04:00,21.90999984741211,22.299999237060547,21.760000228881836,22.239999771118164,62200,0.0,0.0,0.0,-0.00358422602149977,-0.0035906647494279775,0.3950170647244999,0.3648638700780319
2021-06-25 00:00:00-04:00,22.350000381469727,22.350000381469727,21.780000686645508,21.889999389648438,80700,0.0,0.0,0.0,-0.015737427386319114,-0.015862575438827072,0.1737463608772966,0.35328533925864075
2021-06-28 00:00:00-04:00,22.049999237060547,22.719999313354492,22.049999237060547,22.610000610351562,59300,0.0,0.0,0.0,0.03289178806663684,0.03236242963253488,0.313052018700154,0.37577299309604506
2021-06-29 00:00:00-04:00,22.6299991607666,22.829999923706055,22.510000228881836,22.520000457763672,77600,0.0,0.0,0.0,-0.003980546225491266,-0.003988489686166732,0.2915531877024646,0.36813522662647385
2021-06-30 00:00:00-04:00,22.540000915527344,23.969999313354492,22.239999771118164,23.700000762939453,266700,0.0,0.0,0.0,0.05239788104751053,0.05107125673415011,0.45839111592730186,0.41459364089744444
2021-07-01 00:00:00-04:00,24.209999084472656,24.209999084472656,23.690000534057617,23.760000228881836,82700,0.0,0.0,0.0,0.0025316229540468527,0.0025284237948950557,0.4468692113812611,0.4145400958497001
2021-07-02 00:00:00-04:00,23.8799991607666,23.8799991607666,23.56999969482422,23.81999969482422,50200,0.0,0.0,0.0,0.0025252300237543768,0.002522046987890304,0.3859352057296917,0.41083036685230634
2021-07-06 00:00:00-04:00,23.649999618530273,23.649999618530273,22.18000030517578,22.299999237060547,140100,0.0,0.0,0.0,-0.06381194278914915,-0.06593890686186742,0.6557132026092516,0.46642280936887637
2021-07-07 00:00:00-04:00,22.600000381469727,22.790000915527344,22.389999389648438,22.729999542236328,28000,0.0,0.0,0.0,0.019282525555478935,0.019098973471725792,0.6720323856827692,0.47141591581060727
2021-07-08 00:00:00-04:00,22.440000534057617,22.860000610351562,22.440000534057617,22.6200008392334,27500,0.0,0.0,0.0,-0.004839362306124695,-0.0048511099359049995,0.5074429772490424,0.4712160695052106
2021-07-09 00:00:00-04:00,22.530000686645508,22.790000915527344,22.520000457763672,22.700000762939453,27600,0.0,0.0,0.0,0.0035366896877959686,0.003530450307662096,0.5089127688049774,0.47091482076484553
2021-07-12 00:00:00-04:00,22.770000457763672,23.18000030517578,22.770000457763672,23.15999984741211,146200,0.0,0.0,0.0,0.020264276167940132,0.020061688019346928,0.5475903207882585,0.47714442973234455
2021-07-13 00:00:00-04:00,23.139999389648438,23.350000381469727,23.1299991607666,23.149999618530273,76500,0.0,0.0,0.0,-0.00043178881466843233,-0.00043188206230182486,0.18317973357491643,0.46531879007422045
2021-07-14 00:00:00-04:00,23.280000686645508,23.670000076293945,23.280000686645508,23.6299991607666,71400,0.0,0.0,0.0,0.020734321820554902,0.020522291629156617,0.18922196118751708,0.4682216887084986
2021-07-15 00:00:00-04:00,23.690000534057617,23.690000534057617,23.489999771118164,23.549999237060547,49500,0.0,0.0,0.0,-0.003385523764168452,-0.0033912676173791256,0.18326613620413348,0.4612711647823004
2021-07-16 00:00:00-04:00,23.559999465942383,23.989999771118164,23.559999465942383,23.610000610351562,98200,0.0,0.0,0.0,0.002547829097021337,0.0025445888829749913,0.18495881719674603,0.3938800700077348
2021-07-19 00:00:00-04:00,23.729999542236328,23.829999923706055,23.420000076293945,23.450000762939453,62600,0.0,0.0,0.0,-0.006776782857936814,-0.006799849521802207,0.1705640305341518,0.35904773360255693
2021-07-20 00:00:00-04:00,23.790000915527344,23.940000534057617,23.459999084472656,23.700000762939453,61300,0.0,0.0,0.0,0.010660980463382375,0.010604552905603741,0.17647517518257216,0.3588976716427994
2021-07-21 00:00:00-04:00,23.739999771118164,23.739999771118164,23.530000686645508,23.700000762939453,37600,0.0,0.0,0.0,0.0,0.0,0.10520328079712113,0.35344926524362974
2021-07-22 00:00:00-04:00,23.219999313354492,23.43000030517578,22.989999771118164,23.270000457763672,62900,0.0,0.0,0.0,-0.018143472208160816,-0.018310083346584887,0.17167726439857342,0.3611647061975386
2021-07-23 00:00:00-04:00,23.059999465942383,23.290000915527344,23.030000686645508,23.040000915527344,55400,0.0,0.0,0.0,-0.00988395091155192,-0.009933121421918633,0.17205364977687063,0.36322031670690375
2021-07-26 00:00:00-04:00,23.200000762939453,23.309999465942383,22.889999389648438,23.280000686645508,70700,0.0,0.0,0.0,0.010416656318638529,0.010362776794199096,0.20070134027905154,0.3580905874954821
2021-07-27 00:00:00-04:00,23.270000457763672,23.649999618530273,23.149999618530273,23.25,92600,0.0,0.0,0.0,-0.0012886892508864323,-0.0012895203249533146,0.1712696141080731,0.34079830585557164
2021-07-28 00:00:00-04:00,23.200000762939453,23.329999923706055,23.149999618530273,23.260000228881836,15400,0.0,0.0,0.0,0.0004301173712617512,0.00043002489730070844,0.17189373220253634,0.3401964232242405
2021-07-29 00:00:00-04:00,23.520000457763672,23.559999465942383,23.3799991607666,23.559999465942383,27600,0.0,0.0,0.0,0.012897645490477672,0.012815179184739331,0.1469537646754375,0.2870834555837713
2021-07-30 00:00:00-04:00,23.360000610351562,23.360000610351562,23.049999237060547,23.110000610351562,38600,0.0,0.0,0.0,-0.019100121638004453,-0.01928488541840394,0.2006829665255516,0.29458743633755863
2021-08-02 00:00:00-04:00,23.0,23.329999923706055,23.0,23.200000762939453,39800,0.0,0.0,0.0,0.0038944245006888867,0.0038868608605835196,0.1854959624471208,0.29485817177101414
2021-08-03 00:00:00-04:00,23.06999969482422,23.06999969482422,22.56999969482422,22.760000228881836,53800,0.0,0.0,0.0,-0.018965539637416318,-0.019147692243135176,0.22719369464856512,0.19426519883673252
2021-08-04 00:00:00-04:00,22.690000534057617,22.90999984741211,22.670000076293945,22.81999969482422,50000,0.0,0.0,0.0,0.0026361803751762114,0.0026327117463079237,0.23052236596737385,0.18220412240773928
2021-08-05 00:00:00-04:00,22.729999542236328,23.040000915527344,22.729999542236328,22.84000015258789,19500,0.0,0.0,0.0,0.0008764442607862577,0.0008760604077825931,0.1877291245799994,0.18120926754519867
2021-08-06 00:00:00-04:00,22.989999771118164,23.040000915527344,22.93000030517578,23.0,43400,0.0,0.0,0.0,0.007005247212924504,0.0069808244606095774,0.16411180343705373,0.18238299483261247
2021-08-09 00:00:00-04:00,22.809999465942383,23.139999389648438,22.809999465942383,22.899999618530273,16000,0.0,0.0,0.0,-0.004347842672596802,-0.0043573220270225225,0.1592683729777067,0.16773745882201727
2021-08-10 00:00:00-04:00,23.0,23.059999465942383,22.950000762939453,22.969999313354492,33500,0.0,0.0,0.0,0.0030567552834182,0.0030520929057356334,0.06545798435356744,0.1682157670365357
2021-08-11 00:00:00-04:00,23.200000762939453,23.209999084472656,22.959999084472656,22.979999542236328,20500,0.0,0.0,0.0,0.000435360434513532,0.00043526569265646875,0.0656472970352549,0.1488034925362949
2021-08-12 00:00:00-04:00,22.979999542236328,23.399999618530273,22.739999771118164,22.969999313354492,91300,0.0,0.0,0.0,-0.00043517097828726925,-0.0004352656926564008,0.06696010252847581,0.1486370987614538
2021-08-13 00:00:00-04:00,23.15999984741211,23.31999969482422,23.15999984741211,23.31999969482422,61000,0.0,0.0,0.0,0.015237283061921625,0.015122361587988709,0.11823601176527228,0.1593261307099844
2021-08-16 00:00:00-04:00,23.360000610351562,23.450000762939453,23.260000228881836,23.389999389648438,118800,0.0,0.0,0.0,0.00300170221870788,0.002997206105684262,0.10046329689894902,0.1580492988332339
2021-08-17 00:00:00-04:00,23.520000457763672,23.520000457763672,23.209999084472656,23.329999923706055,45000,0.0,0.0,0.0,-0.002565176037111705,-0.0025684717384048157,0.11197133519888755,0.15301978682347453
2021-08-18 00:00:00-04:00,23.25,23.31999969482422,23.110000610351562,23.18000030517578,42700,0.0,0.0,0.0,-0.006429473597119761,-0.006450231686047324,0.13133034361077142,0.1543027835672239
2021-08-19 00:00:00-04:00,22.850000381469727,22.93000030517578,22.59000015258789,22.739999771118164,61700,0.0,0.0,0.0,-0.018981903721518534,-0.01916437281985796,0.19929493028345557,0.15555729397977747
2021-08-20 00:00:00-04:00,22.690000534057617,22.729999542236328,22.100000381469727,22.299999237060547,69200,0.0,0.0,0.0,-0.019349188148034102,-0.019538834003684707,0.1584885246817991,0.1659246481189487
2021-08-23 00:00:00-04:00,22.469999313354492,22.540000915527344,22.299999237060547,22.389999389648438,41000,0.0,0.0,0.0,0.00403588142004585,0.0040277590971148115,0.16345886618503064,0.16128751519901188
2021-08-24 00:00:00-04:00,22.790000915527344,23.06999969482422,22.790000915527344,23.0,20800,0.0,0.0,0.0,0.027244333496211803,0.026879812578493784,0.3072281193976091,0.19165794257080912
2021-08-25 00:00:00-04:00,23.0,23.15999984741211,22.899999618530273,23.040000915527344,110700,0.0,0.0,0.0,0.001739170240319332,0.0017376596349698986,0.3064466395407627,0.19179586687480582
2021-08-26 00:00:00-04:00,22.850000381469727,22.989999771118164,22.84000015258789,22.920000076293945,15900,0.0,0.0,0.0,-0.005208369551432002,-0.0052219803888745595,0.26902074336905796,0.1858140897945569
2021-08-27 00:00:00-04:00,22.829999923706055,22.8799991607666,22.65999984741211,22.829999923706055,32900,0.0,0.0,0.0,-0.003926708215022057,-0.003934437975369305,0.20849775921507974,0.17397636921633516
2021-08-30 00:00:00-04:00,22.899999618530273,22.899999618530273,22.510000228881836,22.6299991607666,17500,0.0,0.0,0.0,-0.00876043642609814,-0.00879903463942357,0.2300408882734495,0.17547904040764742
2021-08-31 00:00:00-04:00,22.579999923706055,22.610000610351562,22.350000381469727,22.520000457763672,17400,0.0,0.0,0.0,-0.004860747109245778,-0.004872598961978979,0.060239181709654165,0.16323931321511725
2021-09-01 00:00:00-04:00,22.450000762939453,22.459999084472656,22.170000076293945,22.299999237060547,16100,0.0,0.0,0.0,-0.00976914814525598,-0.009817179344932155,0.041070256630845126,0.16601426319054946
2021-09-02 00:00:00-04:00,22.350000381469727,22.40999984741211,22.209999084472656,22.329999923706055,20300,0.0,0.0,0.0,0.0013453223171258077,0.0013444181818687102,0.0701588916476789,0.16609662586477308
2021-09-03 00:00:00-04:00,22.5,22.549999237060547,22.450000762939453,22.479999542236328,23000,0.0,0.0,0.0,0.006717403450191339,0.006694942226927793,0.11105198734219883,0.165913906125092
2021-09-07 00:00:00-04:00,22.540000915527344,22.549999237060547,22.229999542236328,22.229999542236328,27300,0.0,0.0,0.0,-0.011120996667739691,-0.011183297278390434,0.11961282133047492,0.16938298323311066
2021-09-08 00:00:00-04:00,22.329999923706055,22.329999923706055,22.200000762939453,22.280000686645508,17500,0.0,0.0,0.0,0.0022492643022407055,0.0022467384940544283,0.12517880948348867,0.16912336272993045
2021-09-09 00:00:00-04:00,22.139999389648438,22.299999237060547,22.059999465942383,22.1299991607666,25600,0.0,0.0,0.0,-0.006732563790665225,-0.0067553297379267675,0.1149180383403092,0.16996408785591544
2021-09-10 00:00:00-04:00,22.15999984741211,22.56999969482422,22.030000686645508,22.3700008392334,88000,0.0,0.0,0.0,0.010845083035171843,0.010786696877984251,0.14549997639647805,0.1758066464936056
2021-09-13 00:00:00-04:00,22.420000076293945,22.43000030517578,22.309999465942383,22.399999618530273,27700,0.0,0.0,0.0,0.0013410271869218615,0.0013401288130366748,0.1354321041481243,0.165100866387032
2021-09-14 00:00:00-04:00,22.440000534057617,22.549999237060547,22.34000015258789,22.34000015258789,27200,0.0,0.0,0.0,-0.002678547632328887,-0.0026821413597861356,0.10407394384436977,0.164065039543262
2021-09-15 00:00:00-04:00,22.350000381469727,22.56999969482422,22.290000915527344,22.549999237060547,16600,0.0,0.0,0.0,0.009400138005295933,0.00935623164414235,0.12053969055204053,0.16917179925525266
2021-09-16 00:00:00-04:00,22.549999237060547,22.700000762939453,22.469999313354492,22.520000457763672,32500,0.0,0.0,0.0,-0.0013303228519658816,-0.0013312085169785237,0.09879515916526012,0.1682247356468234
2021-09-17 00:00:00-04:00,22.3799991607666,22.420000076293945,22.260000228881836,22.299999237060547,38600,0.0,0.0,0.0,-0.00976914814525598,-0.009817179344932155,0.11018128843624166,0.1583347194701635
2021-09-20 00:00:00-04:00,22.06999969482422,22.18000030517578,22.0,22.040000915527344,48100,0.0,0.0,0.0,-0.011659117956430709,-0.011727618429474947,0.13215973353374708,0.14851794197080348
2021-09-21 00:00:00-04:00,21.989999771118164,22.239999771118164,21.950000762939453,22.200000762939453,63900,0.0,0.0,0.0,0.0072595209058901045,0.007233297420809092,0.1520071983950917,0.15026718523967475
2021-09-22 00:00:00-04:00,22.290000915527344,22.31999969482422,22.190000534057617,22.270000457763672,21000,0.0,0.0,0.0,0.003153139298133434,0.0031481785795723608,0.12928214843436706,0.11062254277114877
2021-09-23 00:00:00-04:00,22.270000457763672,22.3700008392334,22.270000457763672,22.360000610351562,16300,0.0,0.0,0.0,0.00404131794961482,0.004033173759031883,0.13761887524063554,0.11183615651086949
2021-09-24 00:00:00-04:00,22.34000015258789,22.389999389648438,22.25,22.3700008392334,25500,0.0,0.0,0.0,0.00044723741542318507,0.00044713743457931325,0.11584258160094589,0.11113050046075514
2021-09-27 00:00:00-04:00,22.360000610351562,22.600000381469727,22.360000610351562,22.40999984741211,38300,0.0,0.0,0.0,0.0017880646704562242,0.0017864679858569043,0.04098726271952347,0.11111564662767516
2021-09-28 00:00:00-04:00,22.420000076293945,22.420000076293945,22.25,22.260000228881836,14300,0.0,0.0,0.0,-0.006693423451655911,-0.006715924874314316,0.0678048461717137,0.10940652501060535
2021-09-29 00:00:00-04:00,22.260000228881836,22.43000030517578,22.260000228881836,22.350000381469727,15100,0.0,0.0,0.0,0.00404313349786567,0.004034981997972771,0.07021138852985594,0.10958978456409774
2021-09-30 00:00:00-04:00,22.3700008392334,22.510000228881836,21.8700008392334,22.020000457763672,71300,0.0,0.0,0.0,-0.01476509700553097,-0.014875186044499762,0.12205502700633629,0.1164983366972644
2021-10-01 00:00:00-04:00,21.940000534057617,22.06999969482422,21.770000457763672,21.8799991607666,25100,0.0,0.0,0.0,-0.006357915262790503,-0.006378212885483117,0.11935135100506526,0.1179865634801186
2021-10-04 00:00:00-04:00,21.790000915527344,21.899999618530273,21.709999084472656,21.719999313354492,34100,0.0,0.0,0.0,-0.007312607566229201,-0.007339475745370603,0.10642655740938445,0.11632798763933096
2021-10-05 00:00:00-04:00,21.780000686645508,22.09000015258789,21.780000686645508,22.010000228881836,40700,0.0,0.0,0.0,0.013351792113042826,0.013263442485142232,0.1742843307678619,0.1223024691806241
2021-10-06 00:00:00-04:00,22.020000457763672,22.020000457763672,21.829999923706055,21.899999618530273,25100,0.0,0.0,0.0,-0.004997755983992103,-0.005010286533617202,0.16544925897912108,0.12287024156908645
2021-10-07 00:00:00-04:00,21.860000610351562,22.010000228881836,21.760000228881836,22.010000228881836,31700,0.0,0.0,0.0,0.005022859007654423,0.0050102865336172685,0.14250788561492925,0.1224667747222353
2021-10-08 00:00:00-04:00,22.020000457763672,22.15999984741211,21.8799991607666,21.889999389648438,21500,0.0,0.0,0.0,-0.005452105315107203,-0.005467022285258188,0.140110352166154,0.11640873589172884
2021-10-11 00:00:00-04:00,21.950000762939453,21.959999084472656,21.6299991607666,21.6299991607666,31600,0.0,0.0,0.0,-0.011877580453692804,-0.01194868248664822,0.1579801658979373,0.12211174250641584
2021-10-12 00:00:00-04:00,21.639999389648438,21.639999389648438,21.149999618530273,21.190000534057617,62600,0.0,0.0,0.0,-0.020342054728650805,-0.02055180368196405,0.14877945302026735,0.13889533710256846
2021-10-13 00:00:00-04:00,21.34000015258789,21.34000015258789,20.969999313354492,21.100000381469727,54600,0.0,0.0,0.0,-0.004247293549768383,-0.004256338922338197,0.1496766235119266,0.13150493583978895
2021-10-14 00:00:00-04:00,21.229999542236328,21.229999542236328,21.049999237060547,21.229999542236328,32200,0.0,0.0,0.0,0.006161097555276163,0.00614219559189617,0.15571471811213075,0.13560635788007716
2021-10-15 00:00:00-04:00,21.360000610351562,21.450000762939453,21.350000381469727,21.450000762939453,27900,0.0,0.0,0.0,0.010362752022930577,0.010309426789247317,0.20059689219252116,0.14082962103455185
2021-10-18 00:00:00-04:00,21.479999542236328,21.5,21.280000686645508,21.420000076293945,51600,0.0,0.0,0.0,-0.0013986333602999945,-0.0013996123608866603,0.18803531501670384,0.13603058393527676
2021-10-19 00:00:00-04:00,21.540000915527344,21.709999084472656,21.5,21.600000381469727,22400,0.0,0.0,0.0,0.008403375561842008,0.008368263769343168,0.10090134246092507,0.13705207818190002
2021-10-20 00:00:00-04:00,21.68000030517578,21.940000534057617,21.68000030517578,21.940000534057617,31000,0.0,0.0,0.0,0.015740747527003274,0.015618146838061961,0.09954012008707501,0.14925753624912436
2021-10-21 00:00:00-04:00,21.780000686645508,21.780000686645508,21.5,21.530000686645508,50000,0.0,0.0,0.0,-0.018687321669644597,-0.018864135920046293,0.21523778925721082,0.1610149394767401
2021-10-22 00:00:00-04:00,21.489999771118164,21.59000015258789,21.40999984741211,21.440000534057617,82300,0.0,0.0,0.0,-0.004180220609268925,-0.004188982156765595,0.20804559825620705,0.1609807326048749
2021-10-25 00:00:00-04:00,21.559999465942383,21.719999313354492,21.559999465942383,21.709999084472656,44500,0.0,0.0,0.0,0.012593215657161316,0.012514580607428338,0.22522689423667844,0.16879636110081903
2021-10-26 00:00:00-04:00,21.649999618530273,21.850000381469727,21.6299991607666,21.68000030517578,30000,0.0,0.0,0.0,-0.0013817955118353709,-0.0013827510716138802,0.22048185278740828,0.16769143497079528
2021-10-27 00:00:00-04:00,21.6200008392334,22.0,21.549999237060547,21.770000457763672,68000,0.0,0.0,0.0,0.004151298492666822,0.004142705625907081,0.18327280526215953,0.16773728877639277
2021-10-28 00:00:00-04:00,21.75,21.920000076293945,21.68000030517578,21.690000534057617,45400,0.0,0.0,0.0,-0.0036747782280144303,-0.003681546812646518,0.11152810210288315,0.16035189741001485
2021-10-29 00:00:00-04:00,21.75,21.799999237060547,21.670000076293945,21.770000457763672,39100,0.0,0.0,0.0,0.00368833203025698,0.0036815468126465915,0.09962868073703446,0.15961914904602673
2021-11-01 00:00:00-04:00,21.729999542236328,21.90999984741211,21.700000762939453,21.760000228881836,51400,0.0,0.0,0.0,-0.00045935823020482047,-0.00045946376751750855,0.05346995263845386,0.15740947541656716
2021-11-02 00:00:00-04:00,21.780000686645508,21.940000534057617,21.75,21.889999389648438,72100,0.0,0.0,0.0,0.005974226075331268,0.005956451145896402,0.062247535400947365,0.1512539901021433
2021-11-03 00:00:00-04:00,21.780000686645508,21.889999389648438,21.6200008392334,21.700000762939453,39200,0.0,0.0,0.0,-0.008679699954620923,-0.008717587947191581,0.09268634801276139,0.15334353058341435
2021-11-04 00:00:00-04:00,21.649999618530273,21.770000457763672,21.25,21.3700008392334,50600,0.0,0.0,0.0,-0.015207369221371114,-0.015324187102290387,0.14042082304901235,0.1604782296228678
2021-11-05 00:00:00-04:00,21.229999542236328,21.25,21.040000915527344,21.040000915527344,39300,0.0,0.0,0.0,-0.015442204527208236,-0.015562677219457796,0.148975834723704,0.16756425334615574
2021-11-08 00:00:00-05:00,20.920000076293945,21.040000915527344,20.809999465942383,20.860000610351562,65200,0.0,0.0,0.0,-0.008555147212134462,-0.008591952551116243,0.13808358003285437,0.16534732933629742
2021-11-09 00:00:00-05:00,20.790000915527344,21.639999389648438,20.670000076293945,21.260000228881836,154400,0.0,0.0,0.0,0.019175436568864557,0.01899390484759651,0.2274421057144027,0.16594154488493118
2021-11-10 00:00:00-05:00,21.299999237060547,21.3700008392334,21.219999313354492,21.34000015258789,34500,0.0,0.0,0.0,0.00376293146024409,0.0037558693442847823,0.23436474139806804,0.1655189220192237
2021-11-11 00:00:00-05:00,21.399999618530273,21.469999313354492,21.309999465942383,21.360000610351562,20900,0.0,0.0,0.0,0.0009372285670412595,0.0009367896425747774,0.20915600565257766,0.16423201462094697
2021-11-12 00:00:00-05:00,21.43000030517578,21.780000686645508,21.34000015258789,21.719999313354492,39600,0.0,0.0,0.0,0.0168538713818418,0.016713420785715808,0.18323569038085785,0.1709562588212368
2021-11-15 00:00:00-05:00,21.700000762939453,21.93000030517578,21.649999618530273,21.93000030517578,59400,0.0,0.0,0.0,0.009668554256913264,0.009622112893479985,0.12606928372756576,0.17366314600346253
2021-11-16 00:00:00-05:00,21.940000534057617,21.940000534057617,21.790000915527344,21.850000381469727,40200,0.0,0.0,0.0,-0.003647967286492637,-0.003654637345533307,0.12645112293899538,0.17232811445656912
2021-11-17 00:00:00-05:00,21.989999771118164,22.3700008392334,21.969999313354492,22.190000534057617,92900,0.0,0.0,0.0,0.01556064744402641,0.015440822011825277,0.1428303477131614,0.17211974008820352
2021-11-18 00:00:00-05:00,22.260000228881836,22.290000915527344,21.940000534057617,22.0,43200,0.0,0.0,0.0,-0.008562439363892782,-0.008599307653677024,0.18235233543059623,0.16040798639458612
2021-11-19 00:00:00-05:00,22.0,22.059999465942383,21.799999237060547,22.0,31300,0.0,0.0,0.0,0.0,0.0,0.15641424126232195,0.15925516999329842
2021-11-22 00:00:00-05:00,21.989999771118164,22.209999084472656,21.989999771118164,22.149999618530273,75300,0.0,0.0,0.0,0.006818164478648692,0.006795025910718991,0.14945763919265084,0.15510706050196602
2021-11-23 00:00:00-05:00,22.110000610351562,22.1299991607666,21.969999313354492,22.1299991607666,32100,0.0,0.0,0.0,-0.0009029552193282608,-0.0009033631289602233,0.14405635758815033,0.15501681729627548
2021-11-24 00:00:00-05:00,22.15999984741211,22.219999313354492,21.950000762939453,21.979999542236328,23500,0.0,0.0,0.0,-0.00677811225570224,-0.006801187990972239,0.09681935514741802,0.1569803816184633
2021-11-26 00:00:00-05:00,21.709999084472656,21.899999618530273,21.31999969482422,21.760000228881836,45300,0.0,0.0,0.0,-0.01000906814996727,-0.010059495642893872,0.10342427501660674,0.16079275131218698
2021-11-29 00:00:00-05:00,21.850000381469727,21.899999618530273,21.549999237060547,21.549999237060547,35500,0.0,0.0,0.0,-0.009650780772628709,-0.009697651359675265,0.11290108197919234,0.16390667959792554
2021-11-30 00:00:00-05:00,21.350000381469727,21.440000534057617,21.1200008392334,21.200000762939453,66500,0.0,0.0,0.0,-0.01624122907249037,-0.016374563480857078,0.08837624878104622,0.17321822099517112
2021-12-01 00:00:00-05:00,21.280000686645508,21.389999389648438,21.100000381469727,21.260000228881836,45800,0.0,0.0,0.0,0.0028301633859970643,0.0028261660139692023,0.11039923575783506,0.17183396150831626
2021-12-02 00:00:00-05:00,21.280000686645508,21.6299991607666,21.280000686645508,21.520000457763672,58400,0.0,0.0,0.0,0.012229549674633855,0.012155372885484147,0.18234892961221644,0.1760678215567658
2021-12-03 00:00:00-05:00,21.59000015258789,21.860000610351562,21.59000015258789,21.81999969482422,46600,0.0,0.0,0.0,0.013940484696984168,0.013844209853737324,0.21103123028613407,0.17384913217908637
2021-12-06 00:00:00-05:00,21.729999542236328,21.780000686645508,21.6200008392334,21.780000686645508,30200,0.0,0.0,0.0,-0.0018331351392364414,-0.0018348173876292506,0.19363840944671212,0.16305105897591962
2021-12-07 00:00:00-05:00,21.739999771118164,21.84000015258789,21.540000915527344,21.670000076293945,23500,0.0,0.0,0.0,-0.005050532914767536,-0.005063329962252564,0.13351322613949249,0.16056033416451268
2021-12-08 00:00:00-05:00,21.489999771118164,21.860000610351562,21.489999771118164,21.829999923706055,40400,0.0,0.0,0.0,0.007383472397267887,0.0073563479979547285,0.13400258537348375,0.1488125051619266
2021-12-09 00:00:00-05:00,21.770000457763672,21.93000030517578,21.610000610351562,21.90999984741211,71200,0.0,0.0,0.0,0.003664678148678213,0.0036579795761317213,0.11921558399922717,0.14879191764833638
2021-12-10 00:00:00-05:00,22.0,22.040000915527344,21.889999389648438,21.969999313354492,24100,0.0,0.0,0.0,0.002738451225934968,0.0027347084996684323,0.07727429900328289,0.14886130790630997
2021-12-13 00:00:00-05:00,21.709999084472656,21.780000686645508,21.549999237060547,21.549999237060547,111800,0.0,0.0,0.0,-0.01911698176697929,-0.019302073996206835,0.1674099983056138,0.1541604509526994
2021-12-14 00:00:00-05:00,21.65999984741211,21.8700008392334,21.65999984741211,21.81999969482422,35000,0.0,0.0,0.0,0.012529024005687228,0.012451185272333628,0.19238894732858366,0.1569349264440074
2021-12-15 00:00:00-05:00,21.829999923706055,21.84000015258789,21.600000381469727,21.790000915527344,16800,0.0,0.0,0.0,-0.001374829501211705,-0.0013757754463987113,0.1852576262932399,0.1564802512566852
2021-12-16 00:00:00-05:00,21.950000762939453,21.989999771118164,21.889999389648438,21.899999618530273,134400,0.0,0.0,0.0,0.005048127507169875,0.005035428431277903,0.187376710103076,0.14667605243859727
2021-12-17 00:00:00-05:00,21.959999084472656,22.200000762939453,21.959999084472656,22.049999237060547,40500,0.0,0.0,0.0,0.006849297769090157,0.0068259478886797354,0.19338672279633723,0.14580249502448406
2021-12-20 00:00:00-05:00,22.079999923706055,22.170000076293945,22.06999969482422,22.139999389648438,52400,0.0,0.0,0.0,0.004081639714373475,0.004073332420243525,0.07964198772134409,0.1464637864159401
2021-12-21 00:00:00-05:00,22.170000076293945,22.459999084472656,22.170000076293945,22.3799991607666,128200,0.0,0.0,0.0,0.010840098361988959,0.01078176567185111,0.0705350481073022,0.149481431134669
2021-12-22 00:00:00-05:00,22.600000381469727,22.75,22.59000015258789,22.709999084472656,79300,0.0,0.0,0.0,0.014745305454906488,0.014637650419104354,0.07030946863248409,0.15755394810626838
2021-12-23 00:00:00-05:00,22.649999618530273,22.809999465942383,22.6299991607666,22.780000686645508,84500,0.0,0.0,0.0,0.0030824132538478377,0.003077672357882759,0.07711540644532225,0.1546758153361218
2021-12-27 00:00:00-05:00,22.8799991607666,23.190000534057617,22.8799991607666,23.170000076293945,71600,0.0,0.0,0.0,0.017120253638845062,0.016975353575567367,0.09938960181787511,0.15708351598731352
2021-12-28 00:00:00-05:00,23.170000076293945,23.270000457763672,23.040000915527344,23.100000381469727,137700,0.0,0.0,0.0,-0.0030211348551456574,-0.0030257076954861976,0.13301976043400066,0.15156091844658004
2021-12-29 00:00:00-05:00,22.860000610351562,23.18000030517578,22.860000610351562,23.18000030517578,15800,0.0,0.0,0.0,0.0034632001032446347,0.003457217035495021,0.13531992536870271,0.13241129097409593
2021-12-30 00:00:00-05:00,22.959999084472656,23.06999969482422,22.690000534057617,22.700000762939453,55700,0.0,0.0,0.0,-0.020707486450254775,-0.02092489298005969,0.2177361894236457,0.15987705815308975
2021-12-31 00:00:00-05:00,22.75,22.90999984741211,22.75,22.75,41500,0.0,0.0,0.0,0.002202609488109575,0.002200187299935376,0.21703678822573158,0.1563986812881073
2022-01-03 00:00:00-05:00,23.100000381469727,23.229999542236328,22.860000610351562,23.059999465942383,50000,0.0,0.0,0.0,0.013626350151313638,0.013534346284473019,0.20025071510738823,0.15610638299128402
2022-01-04 00:00:00-05:00,23.100000381469727,23.549999237060547,23.100000381469727,23.540000915527344,64500,0.0,0.0,0.0,0.02081532787083895,0.020601649043108128,0.24965515598630256,0.1674538074765727
2022-01-05 00:00:00-05:00,23.459999084472656,23.600000381469727,23.350000381469727,23.520000457763672,92400,0.0,0.0,0.0,-0.0008496370852083546,-0.000849998231373242,0.2519755183454848,0.1651078986677805
2022-01-06 00:00:00-05:00,23.3799991607666,23.559999465942383,23.270000457763672,23.540000915527344,35700,0.0,0.0,0.0,0.0008503595822453303,0.0008499982313733798,0.14990285764386876,0.1650426865323806
2022-01-07 00:00:00-05:00,23.5,23.889999389648438,23.329999923706055,23.829999923706055,68300,0.0,0.0,0.0,0.012319413632113418,0.012244147184517946,0.1452397727475519,0.1677649503367302
2022-01-10 00:00:00-05:00,23.799999237060547,23.799999237060547,23.34000015258789,23.40999984741211,63100,0.0,0.0,0.0,-0.017624845893353558,-0.01778201292430361,0.2312739501696346,0.18491310674655745
2022-01-11 00:00:00-05:00,23.299999237060547,23.579999923706055,23.209999084472656,23.450000762939453,43300,0.0,0.0,0.0,0.001708710627427168,0.0017072524422643732,0.17100713478653096,0.16524159639831804
2022-01-12 00:00:00-05:00,23.600000381469727,23.700000762939453,23.149999618530273,23.700000762939453,68600,0.0,0.0,0.0,0.010660980463382375,0.010604552905603741,0.18902903376172508,0.1641348650186333
2022-01-13 00:00:00-05:00,23.5,23.5,23.25,23.34000015258789,117100,0.0,0.0,0.0,-0.015189898681965852,-0.0153064469366001,0.22400881903527192,0.17715814171219071
2022-01-14 00:00:00-05:00,23.329999923706055,23.350000381469727,23.15999984741211,23.209999084472656,48500,0.0,0.0,0.0,-0.005569882916252711,-0.005585452555061359,0.18675544247172182,0.179916132286643
2022-01-18 00:00:00-05:00,23.0,23.200000762939453,22.799999237060547,23.06999969482422,56300,0.0,0.0,0.0,-0.006031856750140729,-0.006050121883551786,0.15331799841583846,0.18203020564802563
2022-01-19 00:00:00-05:00,23.219999313354492,23.540000915527344,23.219999313354492,23.540000915527344,59100,0.0,0.0,0.0,0.02037283168272297,0.020168081767130506,0.22773826491154545,0.1929707820756476
2022-01-20 00:00:00-05:00,23.600000381469727,24.030000686645508,23.559999465942383,23.940000534057617,69100,0.0,0.0,0.0,0.01699233657490762,0.016849581713457584,0.24842105811748877,0.19741112705423638
2022-01-21 00:00:00-05:00,23.920000076293945,23.969999313354492,23.75,23.799999237060547,57600,0.0,0.0,0.0,-0.005848007262903021,-0.005865173816849065,0.2138752026051261,0.19530346876051174
2022-01-24 00:00:00-05:00,23.520000457763672,23.670000076293945,23.299999237060547,23.65999984741211,79700,0.0,0.0,0.0,-0.005882327484718397,-0.005899696520100617,0.2147640653827921,0.1974796404679438
2022-01-25 00:00:00-05:00,23.799999237060547,23.84000015258789,23.540000915527344,23.780000686645508,25400,0.0,0.0,0.0,0.005071886728964747,0.005059068036503174,0.19599332418109983,0.18969812324832708
2022-01-26 00:00:00-05:00,23.950000762939453,24.219999313354492,23.829999923706055,24.15999984741211,74100,0.0,0.0,0.0,0.015979779217584422,0.015853446613338634,0.1775065337786945,0.19576059925194622
2022-01-27 00:00:00-05:00,24.190000534057617,24.3799991607666,24.110000610351562,24.25,42600,0.0,0.0,0.0,0.0037251719021649254,0.003718250632601886,0.1441246651118909,0.19578313299546204
2022-01-28 00:00:00-05:00,24.600000381469727,24.719999313354492,24.520000457763672,24.610000610351562,130900,0.0,0.0,0.0,0.014845385993878857,0.014736271820429412,0.14248761977655913,0.18036114829612268
2022-01-31 00:00:00-05:00,25.0,25.0,24.68000030517578,24.920000076293945,71600,0.0,0.0,0.0,0.012596483472332443,0.012517807776885631,0.09002836597371724,0.1826631184120474
2022-02-01 00:00:00-05:00,25.059999465942383,25.540000915527344,25.059999465942383,25.440000534057617,136900,0.0,0.0,0.0,0.020866791981206445,0.020652062483944966,0.09994003143584794,0.18908865202743858
2022-02-02 00:00:00-05:00,25.729999542236328,25.850000381469727,25.389999389648438,25.639999389648438,68900,0.0,0.0,0.0,0.007861590070451285,0.007830848783053939,0.10429836884958293,0.18008643870441585
2022-02-03 00:00:00-05:00,25.420000076293945,25.809999465942383,25.350000381469727,25.520000457763672,52200,0.0,0.0,0.0,-0.004680145660737156,-0.004691131833768988,0.1522509414526919,0.1820538346166157
2022-02-04 00:00:00-05:00,25.579999923706055,25.799999237060547,25.459999084472656,25.790000915527344,41800,0.0,0.0,0.0,0.010579955051745804,0.01052437897853124,0.14715082905580004,0.1829875769363646
2022-02-07 00:00:00-05:00,26.0,26.260000228881836,26.0,26.190000534057617,114100,0.0,0.0,0.0,0.015509872211344033,0.015390823518713802,0.1524403022281353,0.18510218667641226
2022-02-08 00:00:00-05:00,25.950000762939453,26.049999237060547,25.8799991607666,25.969999313354492,39900,0.0,0.0,0.0,-0.008400199168267841,-0.008435679676575436,0.16259614520990365,0.17276693206359947
2022-02-09 00:00:00-05:00,26.030000686645508,26.440000534057617,26.030000686645508,26.399999618530273,72100,0.0,0.0,0.0,0.01655757861166607,0.01642199646795302,0.1851728994681438,0.17671551118049666
2022-02-10 00:00:00-05:00,26.8700008392334,27.020000457763672,26.0,26.1200008392334,132800,0.0,0.0,0.0,-0.010606014520558649,-0.010662659164514006,0.20968697032721917,0.1851978899270657
2022-02-11 00:00:00-05:00,26.399999618530273,26.530000686645508,26.100000381469727,26.389999389648438,77200,0.0,0.0,0.0,0.010336850755743088,0.010283790848948928,0.20926624044832842,0.16994023564658267
2022-02-14 00:00:00-05:00,26.299999237060547,26.299999237060547,26.0,26.239999771118164,85500,0.0,0.0,0.0,-0.005683956877585605,-0.005700172033837047,0.1936739400220972,0.1700455966625925
2022-02-15 00:00:00-05:00,26.0,26.1200008392334,25.809999465942383,25.90999984741211,96700,0.0,0.0,0.0,-0.012576216714349164,-0.012655966668389263,0.20746203310280115,0.17770760360769514
2022-02-16 00:00:00-05:00,26.0,26.540000915527344,26.0,26.540000915527344,105000,0.0,0.0,0.0,0.024314977685272243,0.024024074715324768,0.25028542125543884,0.1824588293115567
2022-02-17 00:00:00-05:00,26.75,26.75,26.3700008392334,26.549999237060547,57500,0.0,0.0,0.0,0.0003767264954144256,0.0003766555518052509,0.22900640870045244,0.17877177934361654
2022-02-18 00:00:00-05:00,26.700000762939453,26.790000915527344,26.559999465942383,26.65999984741211,61600,0.0,0.0,0.0,0.004143149284841163,0.004134590075087608,0.22119598309450256,0.17400156794802346
2022-02-22 00:00:00-05:00,26.709999084472656,27.190000534057617,26.690000534057617,27.18000030517578,122700,0.0,0.0,0.0,0.019504893501120835,0.019317110923865417,0.2369668227586696,0.17483118202207756
2022-02-23 00:00:00-05:00,27.219999313354492,27.510000228881836,27.219999313354492,27.489999771118164,125200,0.0,0.0,0.0,0.01140542540330114,0.011340873900199605,0.15976436736829328,0.17534170940127364
2022-02-24 00:00:00-05:00,28.06999969482422,28.06999969482422,27.0,27.299999237060547,344600,0.0,0.0,0.0,-0.006911623704603964,-0.006935619606737301,0.16129253311734115,0.17915559203295675
2022-02-25 00:00:00-05:00,26.690000534057617,26.700000762939453,25.940000534057617,26.100000381469727,231800,0.0,0.0,0.0,-0.043956003264710275,-0.044951345300067634,0.393480790111485,0.2527017597778628
2022-02-28 00:00:00-05:00,26.65999984741211,27.09000015258789,26.5,26.899999618530273,147600,0.0,0.0,0.0,0.03065131131678167,0.030190943482416716,0.4632974446804598,0.2676476078562738
2022-03-01 00:00:00-05:00,27.75,27.75,27.260000228881836,27.520000457763672,106400,0.0,0.0,0.0,0.023048358662663526,0.02278675727223451,0.47226148079664143,0.2742812701520851
2022-03-02 00:00:00-05:00,27.600000381469727,27.600000381469727,26.899999618530273,27.09000015258789,145800,0.0,0.0,0.0,-0.015625010829332098,-0.015748367969365486,0.48032123115568115,0.2770622623885543
2022-03-03 00:00:00-05:00,27.239999771118164,27.530000686645508,27.06999969482422,27.260000228881836,255300,0.0,0.0,0.0,0.006275381149368764,0.006255772935007159,0.48191292435417044,0.27677238385867664
2022-03-04 00:00:00-05:00,27.399999618530273,27.399999618530273,26.579999923706055,27.0,223200,0.0,0.0,0.0,-0.009537792615510243,-0.00958356866030971,0.31777200958387053,0.2791368491827584
2022-03-07 00:00:00-05:00,27.110000610351562,27.25,26.889999389648438,27.200000762939453,144600,0.0,0.0,0.0,0.007407435664424256,0.007380135346866832,0.24255063036750235,0.278215406859023
2022-03-08 00:00:00-05:00,27.3700008392334,27.639999389648438,27.100000381469727,27.559999465942383,145000,0.0,0.0,0.0,0.013235246062692552,0.013148425416264039,0.19505573665069742,0.2769527615962704
2022-03-09 00:00:00-05:00,27.5,27.81999969482422,27.200000762939453,27.549999237060547,146400,0.0,0.0,0.0,-0.00036285301435490247,-0.0003629188614389394,0.13807283892678007,0.2741361413989284
2022-03-10 00:00:00-05:00,27.65999984741211,27.809999465942383,27.440000534057617,27.600000381469727,85600,0.0,0.0,0.0,0.001814923622281528,0.0018132786384501098,0.13584106152974001,0.2694926856007504
2022-03-11 00:00:00-05:00,27.6299991607666,27.799999237060547,27.270000457763672,27.790000915527344,74600,0.0,0.0,0.0,0.006884077225780771,0.006860490154429451,0.08433811634600549,0.26545028919291985
2022-03-14 00:00:00-04:00,27.790000915527344,27.790000915527344,27.329999923706055,27.34000015258789,97400,0.0,0.0,0.0,-0.016192902055214398,-0.01632543982197455,0.17433294442777542,0.27264601181668
2022-03-15 00:00:00-04:00,27.1299991607666,27.270000457763672,26.760000228881836,27.079999923706055,101100,0.0,0.0,0.0,-0.009509883958695786,-0.009555391650205762,0.14703086994219103,0.27439215640186937
2022-03-16 00:00:00-04:00,27.399999618530273,27.440000534057617,26.829999923706055,26.8799991607666,91400,0.0,0.0,0.0,-0.007385552566577802,-0.007412960793252597,0.1461211294414686,0.2714077635111673
2022-03-17 00:00:00-04:00,27.110000610351562,27.329999923706055,27.010000228881836,27.309999465942383,121200,0.0,0.0,0.0,0.015997035662240533,0.01587043149675872,0.20844210149791262,0.26382880928233693
2022-03-18 00:00:00-04:00,27.440000534057617,27.440000534057617,27.100000381469727,27.280000686645508,84000,0.0,0.0,0.0,-0.0010984540418715882,-0.001099057784675617,0.1941194409133784,0.26396871967802477
2022-03-21 00:00:00-04:00,27.420000076293945,27.950000762939453,27.420000076293945,27.860000610351562,135700,0.0,0.0,0.0,0.021260993735604528,0.021038132113917724,0.22166186415667638,0.27308709301161704
2022-03-22 00:00:00-04:00,27.899999618530273,27.93000030517578,27.799999237060547,27.90999984741211,95500,0.0,0.0,0.0,0.0017946603002574335,0.0017930518216217385,0.1911576705880844,0.26545658535848327
2022-03-23 00:00:00-04:00,28.06999969482422,28.290000915527344,28.049999237060547,28.170000076293945,120200,0.0,0.0,0.0,0.009315665722081423,0.009272542515531139,0.14897008228475378,0.26452012899022354
2022-03-24 00:00:00-04:00,28.100000381469727,28.1200008392334,27.889999389648438,27.920000076293945,98800,0.0,0.0,0.0,-0.008874689361835775,-0.008914303969858569,0.18128648710930637,0.265424065330041
2022-03-25 00:00:00-04:00,28.0,28.030000686645508,27.829999923706055,27.989999771118164,71000,0.0,0.0,0.0,0.0025071523865665135,0.0025040147233274528,0.1760279771034485,0.20475875152901654
2022-03-28 00:00:00-04:00,27.719999313354492,27.719999313354492,27.350000381469727,27.350000381469727,87000,0.0,0.0,0.0,-0.02286528741986016,-0.023130752534395428,0.19956863090065266,0.19895440599957623
2022-03-29 00:00:00-04:00,27.139999389648438,27.260000228881836,26.690000534057617,27.15999984741211,160800,0.0,0.0,0.0,-0.006947002976509853,-0.0069712457433103595,0.19419090481515475,0.18248332733060862
2022-03-30 00:00:00-04:00,27.200000762939453,27.700000762939453,27.200000762939453,27.530000686645508,114100,0.0,0.0,0.0,0.013623005939326305,0.013531047023849467,0.21590970550060137,0.18005038425892056
2022-03-31 00:00:00-04:00,27.469999313354492,27.65999984741211,26.709999084472656,26.709999084472656,145100,0.0,0.0,0.0,-0.029785745794428053,-0.030238351250941136,0.2831112550670748,0.20887749730974736
2022-04-01 00:00:00-04:00,26.75,26.780000686645508,26.399999618530273,26.459999084472656,92600,0.0,0.0,0.0,-0.00935979066151793,-0.009403868758912632,0.26552177094539364,0.2087812077454454
2022-04-04 00:00:00-04:00,26.709999084472656,27.059999465942383,26.709999084472656,27.040000915527344,69100,0.0,0.0,0.0,0.021919949022033203,0.021683160946642147,0.3240566930251902,0.22237762594314345
2022-04-05 00:00:00-04:00,27.290000915527344,27.420000076293945,27.260000228881836,27.299999237060547,42700,0.0,0.0,0.0,0.00961532221635042,0.009569389211391117,0.32976310868965847,0.2198332998204402
2022-04-06 00:00:00-04:00,27.299999237060547,27.34000015258789,27.06999969482422,27.15999984741211,53800,0.0,0.0,0.0,-0.005128182914319823,-0.0051413771720290515,0.31164003720196837,0.22047749453007537
2022-04-07 00:00:00-04:00,27.329999923706055,27.649999618530273,27.329999923706055,27.649999618530273,50800,0.0,0.0,0.0,0.01804122878759351,0.017880417099585818,0.2196895858891144,0.23016555654363657
2022-04-08 00:00:00-04:00,27.920000076293945,28.190000534057617,27.770000457763672,28.15999984741211,87200,0.0,0.0,0.0,0.018444854825243828,0.01827681169926741,0.1727743902435164,0.23814460640643734
2022-04-11 00:00:00-04:00,28.110000610351562,28.110000610351562,27.770000457763672,28.0,76500,0.0,0.0,0.0,-0.005681812794001595,-0.005698015696033632,0.18910622980940803,0.23103185937962156
2022-04-12 00:00:00-04:00,28.200000762939453,28.309999465942383,28.100000381469727,28.260000228881836,192000,0.0,0.0,0.0,0.009285722460065537,0.009242875180322331,0.18883974324609834,0.22899850536401678
2022-04-13 00:00:00-04:00,28.219999313354492,28.309999465942383,27.979999542236328,28.280000686645508,107700,0.0,0.0,0.0,0.0007077302760680748,0.0007074799530967105,0.16871403446829034,0.22627520292942632
2022-04-14 00:00:00-04:00,28.34000015258789,28.34000015258789,28.1299991607666,28.290000915527344,83900,0.0,0.0,0.0,0.000353614874081698,0.0003535523670772823,0.1490283207668446,0.22077286227659898
2022-04-18 00:00:00-04:00,28.420000076293945,28.690000534057617,28.420000076293945,28.59000015258789,133300,0.0,0.0,0.0,0.01060442655892202,0.010548593995627216,0.10794513391629923,0.22259608614529997
2022-04-19 00:00:00-04:00,28.540000915527344,28.780000686645508,28.479999542236328,28.690000534057617,116700,0.0,0.0,0.0,0.003497739801889166,0.0034916369367110098,0.07612550906291529,0.21132238868433123
2022-04-20 00:00:00-04:00,28.790000915527344,28.989999771118164,28.510000228881836,28.940000534057617,111200,0.0,0.0,0.0,0.008713837411861602,0.008676091049259592,0.07412705777958957,0.21284889696915757
2022-04-21 00:00:00-04:00,28.81999969482422,29.0,28.75,28.959999084472656,102800,0.0,0.0,0.0,0.0006910349013817818,0.0006907962467037969,0.07418484825196729,0.21105733979103689
2022-04-22 00:00:00-04:00,29.040000915527344,29.170000076293945,28.31999969482422,28.450000762939453,151600,0.0,0.0,0.0,-0.017610439836189262,-0.01776734851480977,0.1782386593382637,0.21886860887849724
2022-04-25 00:00:00-04:00,28.219999313354492,28.329999923706055,28.010000228881836,28.280000686645508,113700,0.0,0.0,0.0,-0.005975397952023842,-0.005993322080568996,0.16104009210265469,0.22017723905932754
2022-04-26 00:00:00-04:00,28.5,28.6299991607666,28.260000228881836,28.40999984741211,54100,0.0,0.0,0.0,0.004596858472778909,0.004586325186551559,0.16363098010409521,0.20219181469031167
2022-04-27 00:00:00-04:00,28.6299991607666,28.860000610351562,28.5,28.799999237060547,56900,0.0,0.0,0.0,0.013727539308099113,0.01363417015577206,0.18643412000665532,0.20339936020819796
2022-04-28 00:00:00-04:00,28.81999969482422,28.81999969482422,28.610000610351562,28.719999313354492,347800,0.0,0.0,0.0,-0.0027777752022684066,-0.002781640379193324,0.18617888764110965,0.20036236836545948
2022-04-29 00:00:00-04:00,28.760000228881836,28.93000030517578,28.530000686645508,28.579999923706055,65600,0.0,0.0,0.0,-0.004874630675333558,-0.004886550439519238,0.13098832738557192,0.16380457174629165
2022-05-02 00:00:00-04:00,28.43000030517578,28.479999542236328,27.920000076293945,28.100000381469727,280600,0.0,0.0,0.0,-0.01679494553945704,-0.016937579917099058,0.18023449979896727,0.17335764223337602
2022-05-03 00:00:00-04:00,28.200000762939453,28.360000610351562,27.8700008392334,27.920000076293945,53400,0.0,0.0,0.0,-0.00640570472356583,-0.00642630928837225,0.17468631491509484,0.1612370212926648
2022-05-04 00:00:00-04:00,28.020000457763672,28.100000381469727,27.709999084472656,28.100000381469727,43300,0.0,0.0,0.0,0.006447002316759098,0.006426309288372215,0.13210558434195252,0.15954483060261915
2022-05-05 00:00:00-04:00,28.270000457763672,28.350000381469727,28.010000228881836,28.18000030517578,50800,0.0,0.0,0.0,0.002846972335232012,0.002842927384915675,0.14330796494042292,0.1576553278385676
2022-05-06 00:00:00-04:00,28.209999084472656,28.209999084472656,27.68000030517578,27.780000686645508,62100,0.0,0.0,0.0,-0.014194450468363096,-0.014296155256592561,0.16195112429901753,0.15536781131915753
2022-05-09 00:00:00-04:00,27.530000686645508,27.59000015258789,27.110000610351562,27.110000610351562,154400,0.0,0.0,0.0,-0.024118072704585325,-0.024413676018994277,0.19809618536367882,0.1626550638869391
2022-05-10 00:00:00-04:00,27.309999465942383,27.399999618530273,27.239999771118164,27.31999969482422,45100,0.0,0.0,0.0,0.007746185162108343,0.007716337507708483,0.2248266430156842,0.16541770540180292
2022-05-11 00:00:00-04:00,27.43000030517578,27.670000076293945,27.43000030517578,27.520000457763672,78000,0.0,0.0,0.0,0.007320672224507607,0.007294006166824571,0.22751600784262713,0.16390947190344837
2022-05-12 00:00:00-04:00,27.3799991607666,27.75,27.260000228881836,27.600000381469727,51900,0.0,0.0,0.0,0.002906973923522793,0.002902756845473983,0.22763146222745756,0.16444731324151166
2022-05-13 00:00:00-04:00,27.739999771118164,27.979999542236328,27.690000534057617,27.8700008392334,184700,0.0,0.0,0.0,0.009782625146083301,0.009735085061814433,0.22404714629151568,0.16894659105666268
2022-05-16 00:00:00-04:00,28.010000228881836,28.139999389648438,27.93000030517578,28.040000915527344,134300,0.0,0.0,0.0,0.006099751387686814,0.006081223210864577,0.04024139494319369,0.1656762414867586
2022-05-17 00:00:00-04:00,28.15999984741211,28.420000076293945,28.149999618530273,28.3700008392334,110400,0.0,0.0,0.0,0.011768898464026512,0.011700183585329513,0.05412130458625014,0.17111280853874708
2022-05-18 00:00:00-04:00,28.3700008392334,28.3700008392334,27.889999389648438,27.899999618530273,102400,0.0,0.0,0.0,-0.01656683844905471,-0.016705603247909866,0.18015510544549815,0.17649398590284177
2022-05-19 00:00:00-04:00,27.93000030517578,28.290000915527344,27.920000076293945,28.149999618530273,99100,0.0,0.0,0.0,0.008960573599218202,0.008920665879807076,0.185433893818911,0.18042022263088886
2022-05-20 00:00:00-04:00,28.209999084472656,28.440000534057617,28.209999084472656,28.420000076293945,114200,0.0,0.0,0.0,0.009591490636679856,0.009545784319093831,0.18506356838525637,0.17362571097692786
2022-05-23 00:00:00-04:00,28.56999969482422,28.56999969482422,28.219999313354492,28.270000457763672,75100,0.0,0.0,0.0,-0.005277959821519906,-0.005291937455411682,0.19421853252771587,0.17332451534204188
2022-05-24 00:00:00-04:00,28.309999465942383,28.34000015258789,28.09000015258789,28.209999084472656,32700,0.0,0.0,0.0,-0.0021224397707619858,-0.002124695338154662,0.1726686604858145,0.17262075786680445
2022-05-25 00:00:00-04:00,27.959999084472656,28.270000457763672,27.899999618530273,28.15999984741211,69800,0.0,0.0,0.0,-0.0017723941397810306,-0.0017739666886667181,0.10946432056573009,0.16449588252940098
2022-05-26 00:00:00-04:00,28.1299991607666,28.799999237060547,28.1299991607666,28.68000030517578,92500,0.0,0.0,0.0,0.01846592544678094,0.0182975005008997,0.15818138496057588,0.1782801429322752
2022-05-27 00:00:00-04:00,28.670000076293945,28.84000015258789,28.600000381469727,28.68000030517578,43700,0.0,0.0,0.0,0.0,0.0,0.15043576330833316,0.17735310169777374
2022-05-31 00:00:00-04:00,28.850000381469727,28.989999771118164,28.049999237060547,28.1299991607666,157100,0.0,0.0,0.0,-0.019177166616344943,-0.019363433704478017,0.21181571067502566,0.18055948136292063
2022-06-01 00:00:00-04:00,28.239999771118164,28.5,27.979999542236328,28.200000762939453,122300,0.0,0.0,0.0,0.002488503528662811,0.002485412330998849,0.21269591752089448,0.17905310949958247
2022-06-02 00:00:00-04:00,28.299999237060547,28.649999618530273,28.290000915527344,28.530000686645508,77200,0.0,0.0,0.0,0.011702124637519296,0.01163418429424097,0.22667047942241159,0.18228727353913932
2022-06-03 00:00:00-04:00,28.520000457763672,28.520000457763672,28.270000457763672,28.3799991607666,78700,0.0,0.0,0.0,-0.005257676910926934,-0.005271547132299423,0.18057042788737807,0.1833604808952078
2022-06-06 00:00:00-04:00,28.510000228881836,28.540000915527344,28.219999313354492,28.520000457763672,46200,0.0,0.0,0.0,0.004933097291652144,0.004920969436115073,0.18736511406866688,0.17554817908029977
2022-06-07 00:00:00-04:00,28.530000686645508,28.780000686645508,28.469999313354492,28.649999618530273,57500,0.0,0.0,0.0,0.0045581752692858135,0.004547818249209022,0.09656006023438107,0.147605948208459
2022-06-08 00:00:00-04:00,29.0,29.09000015258789,28.90999984741211,29.09000015258789,117000,0.0,0.0,0.0,0.015357784988347278,0.015241047906559167,0.12542372302815855,0.15334493322633694
2022-06-09 00:00:00-04:00,28.989999771118164,29.290000915527344,28.850000381469727,29.239999771118164,186700,0.0,0.0,0.0,0.005156397997369222,0.005143149301398686,0.11576290108749916,0.15276268016360192
2022-06-10 00:00:00-04:00,29.1299991607666,29.1299991607666,28.780000686645508,28.989999771118164,266000,0.0,0.0,0.0,-0.00854993166747342,-0.008586692015517003,0.13483893354493265,0.15824940011477334
2022-06-13 00:00:00-04:00,28.65999984741211,28.65999984741211,28.059999465942383,28.309999465942383,153900,0.0,0.0,0.0,-0.023456374975664662,-0.023735854779184374,0.2377090137446364,0.18041288173768258
2022-06-14 00:00:00-04:00,28.40999984741211,28.540000915527344,28.209999084472656,28.239999771118164,93000,0.0,0.0,0.0,-0.0024726137811634796,-0.002475675739019729,0.23179824340512328,0.17966594415312284
2022-06-15 00:00:00-04:00,28.290000915527344,28.43000030517578,28.170000076293945,28.299999237060547,161400,0.0,0.0,0.0,0.0021246269981824994,0.002122373170039968,0.1797002098812806,0.1747785655518777
2022-06-16 00:00:00-04:00,28.420000076293945,28.68000030517578,28.309999465942383,28.649999618530273,61600,0.0,0.0,0.0,0.012367504978988864,0.012291652155723547,0.21104612746132323,0.16861573806929692
2022-06-17 00:00:00-04:00,28.729999542236328,28.760000228881836,28.469999313354492,28.469999313354492,78000,0.0,0.0,0.0,-0.006282733248602179,-0.006302552674190303,0.2085641706316983,0.1682087530940008
2022-06-21 00:00:00-04:00,27.979999542236328,28.350000381469727,27.93000030517578,28.110000610351562,106900,0.0,0.0,0.0,-0.012644844105565656,-0.012725470540324024,0.14921269011670232,0.17097309276770414
2022-06-22 00:00:00-04:00,27.850000381469727,27.8700008392334,27.43000030517578,27.530000686645508,112000,0.0,0.0,0.0,-0.020633223447617755,-0.02084906253517539,0.20342863119902801,0.18480173565519228
2022-06-23 00:00:00-04:00,27.100000381469727,27.1200008392334,26.350000381469727,26.350000381469727,213300,0.0,0.0,0.0,-0.04286234201760064,-0.04380805463183331,0.3208135330401705,0.23663388909696126
2022-06-24 00:00:00-04:00,26.579999923706055,26.770000457763672,26.280000686645508,26.549999237060547,174400,0.0,0.0,0.0,0.007590089286354074,0.0075614294875974136,0.2969729014049116,0.23974755834612585
2022-06-27 00:00:00-04:00,26.6200008392334,26.809999465942383,26.40999984741211,26.719999313354492,111500,0.0,0.0,0.0,0.006403016240265957,0.0063826040186356495,0.3319398073697445,0.2291246726772856
2022-06-28 00:00:00-04:00,26.90999984741211,27.329999923706055,26.90999984741211,27.25,39300,0.0,0.0,0.0,0.019835355548853517,0.01964119813861937,0.4030790645661867,0.24343718649885698
2022-06-29 00:00:00-04:00,27.329999923706055,27.510000228881836,27.239999771118164,27.420000076293945,208200,0.0,0.0,0.0,0.006238534909869475,0.0062191558073347655,0.3861281346259063,0.23689126120044623
2022-06-30 00:00:00-04:00,27.280000686645508,27.899999618530273,26.979999542236328,27.059999465942383,225400,0.0,0.0,0.0,-0.013129125067464997,-0.013216073910000006,0.1875297593008281,0.2401562154798928
2022-07-01 00:00:00-04:00,26.729999542236328,26.729999542236328,25.920000076293945,26.030000686645508,197200,0.0,0.0,0.0,-0.03806351809404973,-0.03880685762110894,0.3571331082154921,0.26618938566467676
2022-07-05 00:00:00-04:00,25.760000228881836,25.760000228881836,24.479999542236328,24.719999313354492,175800,0.0,0.0,0.0,-0.05032659772318415,-0.05163714057291116,0.4660683760485122,0.3121350305140571
2022-07-06 00:00:00-04:00,24.8700008392334,24.979999542236328,24.440000534057617,24.760000228881836,82900,0.0,0.0,0.0,0.0016181600581894884,0.0016168522478434237,0.3921497507054753,0.3107159993228127
2022-07-07 00:00:00-04:00,25.420000076293945,25.56999969482422,25.239999771118164,25.360000610351562,88200,0.0,0.0,0.0,0.024232648462169326,0.02394369657610418,0.47614719942841766,0.32768888987832123
2022-07-08 00:00:00-04:00,25.610000610351562,26.040000915527344,25.540000915527344,26.040000915527344,81500,0.0,0.0,0.0,0.026813891514585242,0.02646069886235254,0.5632185712031488,0.339832333131357
2022-07-11 00:00:00-04:00,26.25,26.440000534057617,26.040000915527344,26.09000015258789,56800,0.0,0.0,0.0,0.001920093521607047,0.0019182524982891262,0.4919593753918577,0.33870363692783917
2022-07-12 00:00:00-04:00,25.90999984741211,25.90999984741211,25.0,25.020000457763672,79700,0.0,0.0,0.0,-0.04101187001020712,-0.04187658166248212,0.43166110699410004,0.36146250757375564
2022-07-13 00:00:00-04:00,24.920000076293945,25.399999618530273,24.770000457763672,25.15999984741211,107100,0.0,0.0,0.0,0.005595499084213529,0.005579902432863208,0.4319480673023979,0.358712670371636
2022-07-14 00:00:00-04:00,24.950000762939453,25.459999084472656,24.670000076293945,25.09000015258789,114300,0.0,0.0,0.0,-0.002782181846134546,-0.002786059307585501,0.3909272464933104,0.35867816208913417
2022-07-15 00:00:00-04:00,25.079999923706055,25.209999084472656,24.969999313354492,25.149999618530273,31700,0.0,0.0,0.0,0.0023913696922075456,0.0023885149180129846,0.3074866017908362,0.3587560875442845
2022-07-18 00:00:00-04:00,25.700000762939453,25.969999313354492,25.700000762939453,25.799999237060547,52000,0.0,0.0,0.0,0.025844915641722643,0.02551658097830887,0.38680190402224823,0.37071707201154397
2022-07-19 00:00:00-04:00,25.350000381469727,25.559999465942383,25.110000610351562,25.459999084472656,98200,0.0,0.0,0.0,-0.01317830087760219,-0.013265905186454917,0.22763725854378836,0.37184906347425994
2022-07-20 00:00:00-04:00,25.200000762939453,25.200000762939453,24.84000015258789,24.989999771118164,29200,0.0,0.0,0.0,-0.018460303623543006,-0.018632821481895802,0.2736016058976388,0.3739381544106304
2022-07-21 00:00:00-04:00,24.700000762939453,24.709999084472656,24.260000228881836,24.40999984741211,58700,0.0,0.0,0.0,-0.02320928087307872,-0.023482857534095437,0.31601476594941047,0.3754207655007408
2022-07-22 00:00:00-04:00,24.399999618530273,24.959999084472656,24.399999618530273,24.65999984741211,49700,0.0,0.0,0.0,0.010241704283603381,0.010189613394701742,0.33256774759351787,0.35236681722552105
2022-07-25 00:00:00-04:00,24.950000762939453,25.270000457763672,24.829999923706055,25.25,20000,0.0,0.0,0.0,0.023925391574964205,0.023643664172838585,0.3219140211484031,0.3635169086378932
2022-07-26 00:00:00-04:00,25.700000762939453,25.899999618530273,25.479999542236328,25.780000686645508,244600,0.0,0.0,0.0,0.020990126203782378,0.020772868424486148,0.35148437927338955,0.3717200325635562
2022-07-27 00:00:00-04:00,26.149999618530273,26.3700008392334,26.049999237060547,26.360000610351562,89200,0.0,0.0,0.0,0.022498056953369483,0.02224870864291101,0.31448580124405656,0.37386345275873917
2022-07-28 00:00:00-04:00,26.399999618530273,26.950000762939453,26.399999618530273,26.90999984741211,82600,0.0,0.0,0.0,0.020864917463035315,0.020650226279743934,0.0862804662144351,0.38135304872544257
2022-07-29 00:00:00-04:00,27.3799991607666,27.65999984741211,27.06999969482422,27.3799991607666,192100,0.0,0.0,0.0,0.017465600743943988,0.017314830140462974,0.03823226055561179,0.38354360559761724
2022-08-01 00:00:00-04:00,26.780000686645508,26.850000381469727,26.110000610351562,26.31999969482422,216900,0.0,0.0,0.0,-0.03871437174699699,-0.03948369434668115,0.4210745669813061,0.38442578829476587
2022-08-02 00:00:00-04:00,26.010000228881836,26.270000457763672,25.860000610351562,25.90999984741211,47200,0.0,0.0,0.0,-0.015577501981990372,-0.015700106177423862,0.43325120971394016,0.3403495115979783
2022-08-03 00:00:00-04:00,26.139999389648438,26.139999389648438,25.420000076293945,25.709999084472656,44700,0.0,0.0,0.0,-0.007719056893758736,-0.007749003016846714,0.3912095719902403,0.34230528239566
2022-08-04 00:00:00-04:00,25.860000610351562,26.6299991607666,25.860000610351562,26.56999969482422,84000,0.0,0.0,0.0,0.03345004437868515,0.03290276261797323,0.4490253059444561,0.3516437298194151
2022-08-05 00:00:00-04:00,26.18000030517578,26.5,26.1200008392334,26.299999237060547,77800,0.0,0.0,0.0,-0.010161854003192472,-0.010213838111380762,0.4142093522032751,0.3421965051015517
2022-08-08 00:00:00-04:00,26.25,26.510000228881836,26.209999084472656,26.309999465942383,33200,0.0,0.0,0.0,0.0003802368506438114,0.00038016457893218263,0.3099117112685024,0.34216845217613884
2022-08-09 00:00:00-04:00,26.719999313354492,26.889999389648438,26.6200008392334,26.75,39900,0.0,0.0,0.0,0.016723699847549955,0.01658539858846966,0.29142516040721733,0.30868619146607634
2022-08-10 00:00:00-04:00,27.0,27.200000762939453,26.670000076293945,26.670000076293945,29300,0.0,0.0,0.0,-0.002990651353497409,-0.0029951322874273286,0.2785020987045896,0.30942732514252685
2022-08-11 00:00:00-04:00,27.06999969482422,27.229999542236328,27.059999465942383,27.190000534057617,41700,0.0,0.0,0.0,0.019497579912865604,0.01930993723148336,0.2042541512332405,0.3138851724987879
2022-08-12 00:00:00-04:00,27.15999984741211,27.440000534057617,26.59000015258789,27.15999984741211,50200,0.0,0.0,0.0,-0.0011033720506158362,-0.001103981213687106,0.1700122628527822,0.3143989006917179
2022-08-15 00:00:00-04:00,26.43000030517578,26.700000762939453,26.09000015258789,26.600000381469727,50800,0.0,0.0,0.0,-0.020618537153480165,-0.02083406694376404,0.2594684711510522,0.3149151649755208
2022-08-16 00:00:00-04:00,26.34000015258789,26.399999618530273,25.979999542236328,26.06999969482422,47500,0.0,0.0,0.0,-0.019924837558074615,-0.020126013889223988,0.2615729448364391,0.3200162700351717
2022-08-17 00:00:00-04:00,26.360000610351562,26.360000610351562,26.020000457763672,26.209999084472656,19400,0.0,0.0,0.0,0.005370133919726516,0.005355766165458339,0.27219428343226587,0.3114890682188105
2022-08-18 00:00:00-04:00,26.139999389648438,26.549999237060547,26.010000228881836,26.469999313354492,98600,0.0,0.0,0.0,0.00991988698831614,0.009871007893636936,0.2261278585494562,0.2969853442376943
2022-08-19 00:00:00-04:00,26.3799991607666,26.520000457763672,26.170000076293945,26.459999084472656,80000,0.0,0.0,0.0,-0.00037779482966560085,-0.00037786621211144064,0.22702728821181514,0.29652420413606223
2022-08-22 00:00:00-04:00,26.43000030517578,27.079999923706055,26.43000030517578,27.040000915527344,61000,0.0,0.0,0.0,0.021919949022033203,0.021683160946642147,0.24434587484181433,0.29478988449602644
2022-08-23 00:00:00-04:00,27.190000534057617,27.709999084472656,27.190000534057617,27.510000228881836,71100,0.0,0.0,0.0,0.017381630822527194,0.017232298223411085,0.1424650033335671,0.2922328584047539
2022-08-24 00:00:00-04:00,27.739999771118164,28.0,27.200000762939453,27.389999389648438,128500,0.0,0.0,0.0,-0.004362080633769416,-0.004371622265184205,0.17827176501755285,0.28441740731234444
2022-08-25 00:00:00-04:00,27.229999542236328,27.290000915527344,26.850000381469727,26.899999618530273,47700,0.0,0.0,0.0,-0.01788973282355566,-0.018051688564486693,0.25917623874769746,0.2837202660236068
2022-08-26 00:00:00-04:00,27.09000015258789,27.530000686645508,27.09000015258789,27.520000457763672,72100,0.0,0.0,0.0,0.023048358662663526,0.02278675727223451,0.2896097694853328,0.2888885845835306
2022-08-29 00:00:00-04:00,27.520000457763672,27.520000457763672,26.899999618530273,27.09000015258789,433200,0.0,0.0,0.0,-0.015625010829332098,-0.015748367969365486,0.2985985485921401,0.2573122581664713
2022-08-30 00:00:00-04:00,26.700000762939453,26.979999542236328,26.43000030517578,26.940000534057617,62100,0.0,0.0,0.0,-0.005537084447596263,-0.005552470923448976,0.25867975336100363,0.25082584325297935
2022-08-31 00:00:00-04:00,26.700000762939453,26.989999771118164,26.700000762939453,26.75,50600,0.0,0.0,0.0,-0.00705272940946744,-0.007077717464167159,0.25957283660049063,0.25049189731630556
2022-09-01 00:00:00-04:00,26.530000686645508,26.719999313354492,26.239999771118164,26.329999923706055,156800,0.0,0.0,0.0,-0.015700937431549322,-0.015825502731402704,0.25289812798580835,0.22872388205107455
2022-09-02 00:00:00-04:00,26.56999969482422,26.75,26.56999969482422,26.700000762939453,71400,0.0,0.0,0.0,0.01405244361205904,0.013954623370101966,0.19282272549130322,0.23109175848347785
2022-09-06 00:00:00-04:00,26.489999771118164,26.489999771118164,26.260000228881836,26.3700008392334,91500,0.0,0.0,0.0,-0.012359547351178612,-0.012436561790210993,0.1837024457859405,0.23581568433402636
2022-09-07 00:00:00-04:00,26.389999389648438,26.90999984741211,26.079999923706055,26.1200008392334,72400,0.0,0.0,0.0,-0.009480469929604607,-0.009525695652358328,0.18611393906525542,0.2297568627527103
2022-09-08 00:00:00-04:00,26.09000015258789,26.229999542236328,25.889999389648438,26.170000076293945,77200,0.0,0.0,0.0,0.0019142126896660727,0.0019123829192298574,0.19396843945887643,0.22987880805709276
2022-09-09 00:00:00-04:00,26.299999237060547,26.65999984741211,26.299999237060547,26.65999984741211,28700,0.0,0.0,0.0,0.018723720660667187,0.018550589569710646,0.21900557425063907,0.22898514859497945
2022-09-12 00:00:00-04:00,26.729999542236328,27.829999923706055,26.610000610351562,27.799999237060547,73000,0.0,0.0,0.0,0.04276066752337582,0.04187168422564002,0.36198848468235467,0.2764476365975335
2022-09-13 00:00:00-04:00,27.799999237060547,27.950000762939453,27.670000076293945,27.739999771118164,62700,0.0,0.0,0.0,-0.002158254229820189,-0.00216058661700774,0.33122580219996817,0.26453739948414334
2022-09-14 00:00:00-04:00,27.739999771118164,27.8700008392334,27.31999969482422,27.360000610351562,64500,0.0,0.0,0.0,-0.013698599996465832,-0.013793291573197477,0.34806309083435083,0.25847481066804834
2022-09-15 00:00:00-04:00,27.290000915527344,27.540000915527344,27.1299991607666,27.25,24600,0.0,0.0,0.0,-0.004020490054738701,-0.004028593953267554,0.3586108269438081,0.25926042627706314
2022-09-16 00:00:00-04:00,27.09000015258789,27.25,26.899999618530273,27.1299991607666,30000,0.0,0.0,0.0,-0.004403700522326526,-0.004413425372191209,0.353902030384566,0.25849482357914944
2022-09-19 00:00:00-04:00,27.139999389648438,27.510000228881836,27.030000686645508,27.5,54500,0.0,0.0,0.0,0.013638070426793991,0.0135459089354637,0.1569909786525409,0.26201125444301354
2022-09-20 00:00:00-04:00,27.329999923706055,27.829999923706055,27.329999923706055,27.75,69100,0.0,0.0,0.0,0.009090909090909038,0.009049835519917856,0.17601684467968176,0.2529117090381696
2022-09-21 00:00:00-04:00,27.799999237060547,27.799999237060547,27.479999542236328,27.530000686645508,90600,0.0,0.0,0.0,-0.00792790318394565,-0.007959496096209459,0.15037215582270916,0.24762222784835378
2022-09-22 00:00:00-04:00,27.5,27.6200008392334,27.350000381469727,27.389999389648438,27800,0.0,0.0,0.0,-0.005085408409197134,-0.00509838310498471,0.15290369309568422,0.24781030190874348
2022-09-23 00:00:00-04:00,27.049999237060547,27.049999237060547,26.829999923706055,26.8799991607666,56400,0.0,0.0,0.0,-0.01861994305390824,-0.018795476557781587,0.20822242828847368,0.24852645907177318
2022-09-26 00:00:00-04:00,26.75,27.020000457763672,26.559999465942383,26.6299991607666,31600,0.0,0.0,0.0,-0.00930059552847362,-0.00934411612221236,0.15909520818432416,0.23503154471956786
2022-09-27 00:00:00-04:00,26.8700008392334,27.0,26.59000015258789,26.59000015258789,19000,0.0,0.0,0.0,-0.0015020281426685322,-0.001503157317782725,0.10165007767543766,0.22907674106450174
2022-09-28 00:00:00-04:00,26.600000381469727,26.739999771118164,26.43000030517578,26.709999084472656,35500,0.0,0.0,0.0,0.004512934606850205,0.004502781851820336,0.1378769575002736,0.22911750272337406
2022-09-29 00:00:00-04:00,26.850000381469727,26.969999313354492,26.719999313354492,26.81999969482422,32900,0.0,0.0,0.0,0.004118330742119314,0.004109873629574964,0.1560091498871414,0.22820024410362236
2022-09-30 00:00:00-04:00,26.84000015258789,27.06999969482422,26.06999969482422,26.110000610351562,99300,0.0,0.0,0.0,-0.026472747671569596,-0.026829460387669722,0.20434287219052694,0.24101605142324153
2022-10-03 00:00:00-04:00,26.110000610351562,26.329999923706055,26.100000381469727,26.229999542236328,430000,0.0,0.0,0.0,0.004595899237060497,0.0045853703396711585,0.21268487188172008,0.2358230201847102
2022-10-04 00:00:00-04:00,26.43000030517578,26.65999984741211,26.40999984741211,26.479999542236328,48000,0.0,0.0,0.0,0.009531071458748652,0.009485937354790155,0.23104604401664294,0.2343685139387093
2022-10-05 00:00:00-04:00,26.34000015258789,26.3700008392334,26.1200008392334,26.350000381469727,29900,0.0,0.0,0.0,-0.004909333950676609,-0.004921424317258894,0.22719371263606145,0.2323889811384346
2022-10-06 00:00:00-04:00,26.010000228881836,26.219999313354492,25.989999771118164,26.170000076293945,41700,0.0,0.0,0.0,-0.006831131027321136,-0.006854570007025429,0.21989294764092293,0.23377201368338524
2022-10-07 00:00:00-04:00,26.149999618530273,26.360000610351562,26.059999465942383,26.290000915527344,25400,0.0,0.0,0.0,0.004585435188519504,0.004574954108580619,0.11056288395938679,0.2240182642116435
2022-10-10 00:00:00-04:00,26.649999618530273,26.75,26.329999923706055,26.329999923706055,46400,0.0,0.0,0.0,0.0015214532820759796,0.001520297044656781,0.10705298282142332,0.15548013137678715
2022-10-11 00:00:00-04:00,26.309999465942383,26.559999465942383,26.280000686645508,26.389999389648438,22400,0.0,0.0,0.0,0.0022787491878555333,0.0022761567764815398,0.07819249519364026,0.15646719184129435
2022-10-12 00:00:00-04:00,26.299999237060547,26.979999542236328,26.299999237060547,26.610000610351562,40600,0.0,0.0,0.0,0.008336537544196387,0.008301980539427663,0.08878711453486311,0.15499031052475182
2022-10-13 00:00:00-04:00,26.3799991607666,26.739999771118164,26.329999923706055,26.670000076293945,19500,0.0,0.0,0.0,0.0022547713102660794,0.0022522331280661824,0.04425735207477333,0.15515317952311114
2022-10-14 00:00:00-04:00,26.690000534057617,26.809999465942383,26.389999389648438,26.459999084472656,21500,0.0,0.0,0.0,-0.007874052914156215,-0.00790521696820794,0.09242543728515736,0.15663612561742463
2022-10-17 00:00:00-04:00,26.489999771118164,26.56999969482422,26.34000015258789,26.34000015258789,28500,0.0,0.0,0.0,-0.004535107182040088,-0.004545421978235092,0.1011182385190801,0.14677136875202001
2022-10-18 00:00:00-04:00,26.31999969482422,26.440000534057617,26.059999465942383,26.190000534057617,24100,0.0,0.0,0.0,-0.005694746304530152,-0.005711023196863328,0.1059830192722189,0.14107680072002668
2022-10-19 00:00:00-04:00,26.010000228881836,26.290000915527344,26.010000228881836,26.239999771118164,14300,0.0,0.0,0.0,0.001909096450591008,0.0019072764419753622,0.07311833019949605,0.14070227435607766
2022-10-20 00:00:00-04:00,26.40999984741211,26.610000610351562,26.40999984741211,26.579999923706055,23500,0.0,0.0,0.0,0.012957323001280052,0.012874095061490442,0.13386423984730603,0.15031326229237807
2022-10-21 00:00:00-04:00,26.3700008392334,26.670000076293945,26.350000381469727,26.610000610351562,16100,0.0,0.0,0.0,0.0011286940079615615,0.0011280575117743582,0.11750366774850468,0.13607784826336367
2022-10-24 00:00:00-04:00,26.43000030517578,26.43000030517578,26.18000030517578,26.200000762939453,24100,0.0,0.0,0.0,-0.015407735362945263,-0.015527668039644886,0.1660048190258207,0.1428907492278064
2022-10-25 00:00:00-04:00,26.239999771118164,26.5,26.239999771118164,26.450000762939453,12600,0.0,0.0,0.0,0.00954198445496357,0.009496747262022645,0.1740301159958857,0.14745017109505315
2022-10-26 00:00:00-04:00,26.610000610351562,26.700000762939453,26.389999389648438,26.459999084472656,18600,0.0,0.0,0.0,0.0003780083646429677,0.000377936937480574,0.17443382298408797,0.1464157289315747
2022-10-27 00:00:00-04:00,26.450000762939453,26.579999923706055,26.399999618530273,26.450000762939453,10300,0.0,0.0,0.0,-0.0003778655283125376,-0.0003779369374805563,0.1432052473843553,0.1454300207028931
2022-10-28 00:00:00-04:00,26.360000610351562,26.56999969482422,26.239999771118164,26.5,32000,0.0,0.0,0.0,0.0018903302691244406,0.001888545843276832,0.14400073799424154,0.10890858644323637
2022-10-31 00:00:00-04:00,26.6299991607666,26.920000076293945,26.549999237060547,26.920000076293945,38700,0.0,0.0,0.0,0.015849059482790473,0.01572477461844962,0.11147390393170747,0.12083258508694363
2022-11-01 00:00:00-04:00,27.079999923706055,27.399999618530273,27.079999923706055,27.360000610351562,151400,0.0,0.0,0.0,0.01634474490381166,0.016212607451894467,0.1351327212479649,0.12910603354551178
2022-11-02 00:00:00-04:00,27.200000762939453,27.530000686645508,27.110000610351562,27.530000686645508,31900,0.0,0.0,0.0,0.006213452942308351,0.006194229033713505,0.12346185039703221,0.1276196615260041
2022-11-03 00:00:00-04:00,27.25,27.290000915527344,27.040000915527344,27.239999771118164,41800,0.0,0.0,0.0,-0.010533995942398233,-0.01058987121733937,0.17647043438786458,0.1317152635610921
2022-11-04 00:00:00-04:00,27.5,27.65999984741211,27.5,27.649999618530273,27800,0.0,0.0,0.0,0.015051389532198867,0.014939241293075469,0.18203060750182373,0.13941380391625866
2022-11-07 00:00:00-05:00,27.690000534057617,27.700000762939453,27.350000381469727,27.440000534057617,337200,0.0,0.0,0.0,-0.0075949037023465005,-0.00762389185154475,0.19843931782912164,0.14399618731812927
2022-11-08 00:00:00-05:00,27.469999313354492,27.489999771118164,27.299999237060547,27.360000610351562,21900,0.0,0.0,0.0,-0.002915449057909525,-0.002919707257904846,0.16692576744647666,0.1450896786382752
2022-11-09 00:00:00-05:00,27.299999237060547,27.459999084472656,27.110000610351562,27.34000015258789,61100,0.0,0.0,0.0,-0.0007310108668676651,-0.0007312781855946064,0.1577865044326744,0.14326845620678963
2022-11-10 00:00:00-05:00,27.360000610351562,27.360000610351562,26.809999465942383,26.809999465942383,46600,0.0,0.0,0.0,-0.019385540734729645,-0.01957590454914845,0.19772223162517005,0.1610329402553041
2022-11-11 00:00:00-05:00,27.209999084472656,27.510000228881836,27.209999084472656,27.389999389648438,29600,0.0,0.0,0.0,0.0216337163468745,0.021403028663471737,0.2373701005438444,0.1746312561536458
2022-11-14 00:00:00-05:00,27.239999771118164,27.309999465942383,27.1200008392334,27.270000457763672,14600,0.0,0.0,0.0,-0.0043811221087546315,-0.004390747347405665,0.23349089061375483,0.17455816950707986
2022-11-15 00:00:00-05:00,27.219999313354492,27.6299991607666,27.1200008392334,27.56999969482422,27400,0.0,0.0,0.0,0.01100107194809885,0.010941000322736505,0.24737334510939768,0.17511797459203457
2022-11-16 00:00:00-05:00,27.299999237060547,27.299999237060547,27.020000457763672,27.049999237060547,19200,0.0,0.0,0.0,-0.018861097697483564,-0.01904123687887569,0.28835332334503483,0.1910454181620149
2022-11-17 00:00:00-05:00,26.8799991607666,27.010000228881836,26.670000076293945,26.84000015258789,31500,0.0,0.0,0.0,-0.007763367482278571,-0.007793659299130601,0.2539568422868752,0.1888390241766997
2022-11-18 00:00:00-05:00,26.809999465942383,27.059999465942383,26.799999237060547,27.010000228881836,41100,0.0,0.0,0.0,0.006333832910859982,0.00631385848991698,0.18765666332963254,0.1899497356986049
2022-11-21 00:00:00-05:00,26.8799991607666,27.18000030517578,26.8799991607666,27.170000076293945,19300,0.0,0.0,0.0,0.005923726251620742,0.005906249967787221,0.19603196209913096,0.1806520162044892
2022-11-22 00:00:00-05:00,27.1299991607666,27.239999771118164,27.059999465942383,27.18000030517578,39300,0.0,0.0,0.0,0.0003680614226631018,0.00036799370467341895,0.1687783455115745,0.17841310891296844
2022-11-23 00:00:00-05:00,27.020000457763672,27.239999771118164,27.010000228881836,27.18000030517578,16500,0.0,0.0,0.0,0.0,0.0,0.09080614482041026,0.17844749271327182
2022-11-25 00:00:00-05:00,27.200000762939453,27.34000015258789,27.139999389648438,27.209999084472656,9700,0.0,0.0,0.0,0.001103707835174772,0.0011030991974796882,0.04948081839982744,0.17832881507424597
2022-11-28 00:00:00-05:00,27.110000610351562,27.579999923706055,27.079999923706055,27.549999237060547,63700,0.0,0.0,0.0,0.01249541212891514,0.01241798875759,0.08454194768090183,0.18257722378281246
2022-11-29 00:00:00-05:00,27.559999465942383,27.719999313354492,27.520000457763672,27.579999923706055,27800,0.0,0.0,0.0,0.0010889541733689612,0.0010883616928568539,0.08450001508688101,0.1751003084710848
2022-11-30 00:00:00-05:00,27.760000228881836,27.8799991607666,27.610000610351562,27.75,33500,0.0,0.0,0.0,0.006163889657875732,0.0061449705935656945,0.08308450108374255,0.1670176566969007
2022-12-01 00:00:00-05:00,27.75,27.75,27.0,27.049999237060547,45500,0.0,0.0,0.0,-0.025225252718538815,-0.02554886310473905,0.22853518115946414,0.1892119531772633
2022-12-02 00:00:00-05:00,27.059999465942383,27.31999969482422,27.059999465942383,27.25,39200,0.0,0.0,0.0,0.00739374375528401,0.007366544021548668,0.23619975716421307,0.18768911472488709
2022-12-05 00:00:00-05:00,27.299999237060547,27.420000076293945,27.190000534057617,27.260000228881836,56800,0.0,0.0,0.0,0.0003669808763977489,0.0003669135553857738,0.21141113196053835,0.17920492094139961
2022-12-06 00:00:00-05:00,27.450000762939453,27.75,27.3799991607666,27.520000457763672,122300,0.0,0.0,0.0,0.009537792615510243,0.009492595034358403,0.22721309532232747,0.1807105200669553
2022-12-07 00:00:00-05:00,27.649999618530273,27.84000015258789,27.540000915527344,27.829999923706055,39500,0.0,0.0,0.0,0.011264515290185129,0.011201543097374053,0.2390083815667164,0.1844319801006921
2022-12-08 00:00:00-05:00,27.8700008392334,28.0,27.739999771118164,27.940000534057617,35200,0.0,0.0,0.0,0.003952591112221349,0.0039448001468901294,0.06957252533086684,0.18462632047711755
2022-12-09 00:00:00-05:00,27.8700008392334,27.959999084472656,27.790000915527344,27.920000076293945,20500,0.0,0.0,0.0,-0.0007158359835853778,-0.000716092316498591,0.08511677728267325,0.16825109140779237
2022-12-12 00:00:00-05:00,27.610000610351562,27.6200008392334,27.479999542236328,27.489999771118164,84500,0.0,0.0,0.0,-0.01540115702008471,-0.015520986775612023,0.16954300357892574,0.16243401441404837
2022-12-13 00:00:00-05:00,27.65999984741211,27.920000076293945,27.65999984741211,27.799999237060547,27600,0.0,0.0,0.0,0.01127680860398117,0.011213699401575069,0.17495311075007824,0.16600536057676868
2022-12-14 00:00:00-05:00,27.739999771118164,27.8799991607666,27.649999618530273,27.799999237060547,16900,0.0,0.0,0.0,0.0,0.0,0.1547947435719769,0.16176719736332124
2022-12-15 00:00:00-05:00,27.729999542236328,27.799999237060547,27.56999969482422,27.600000381469727,26900,0.0,0.0,0.0,-0.007194203635955465,-0.0072202067082546536,0.15627841017389296,0.14799529254272184
2022-12-16 00:00:00-05:00,27.6200008392334,27.829999923706055,27.6200008392334,27.690000534057617,44300,0.0,0.0,0.0,0.003260875048694434,0.0032555699254204055,0.16145371311733633,0.1444197159304541
2022-12-19 00:00:00-05:00,27.68000030517578,27.68000030517578,27.440000534057617,27.469999313354492,80700,0.0,0.0,0.0,-0.007945150468037454,-0.00797688135890546,0.12615223274222076,0.1470813611410884
2022-12-20 00:00:00-05:00,27.540000915527344,27.860000610351562,27.540000915527344,27.670000076293945,59000,0.0,0.0,0.0,0.007280697777164669,0.0072543214451288324,0.10478856599759745,0.14777507063536524
2022-12-21 00:00:00-05:00,27.780000686645508,27.850000381469727,27.729999542236328,27.809999465942383,19600,0.0,0.0,0.0,0.005059609297521472,0.005046852485960637,0.11338912096166678,0.14846525748931547
2022-12-22 00:00:00-05:00,27.690000534057617,27.729999542236328,27.540000915527344,27.6200008392334,19500,0.0,0.0,0.0,-0.006832025543246356,-0.006855470675940854,0.11194277719321882,0.15114692510861644
2022-12-23 00:00:00-05:00,27.700000762939453,27.899999618530273,27.700000762939453,27.84000015258789,28400,0.0,0.0,0.0,0.007965217475373487,0.007933662580971081,0.12442575500177552,0.15324947538756603
2022-12-27 00:00:00-05:00,27.889999389648438,28.399999618530273,27.829999923706055,27.899999618530273,62900,0.0,0.0,0.0,0.0021551532188768263,0.0021528342074639763,0.09541992249367012,0.1474163023133169
2022-12-28 00:00:00-05:00,28.0,28.440000534057617,28.0,28.440000534057617,346300,0.0,0.0,0.0,0.01935487178891182,0.01916994855886733,0.15090958354028985,0.1616699826207873
2022-12-29 00:00:00-05:00,28.40999984741211,28.5,28.34000015258789,28.40999984741211,37600,0.0,0.0,0.0,-0.0010548764445198477,-0.0010554332182625592,0.15820412307764498,0.16098807606652174
2022-12-30 00:00:00-05:00,28.3700008392334,28.729999542236328,28.3700008392334,28.5,53400,0.0,0.0,0.0,0.0031679040151804116,0.0031628967794302076,0.12656997481720464,0.12709633909913282
2023-01-03 00:00:00-05:00,28.170000076293945,28.540000915527344,27.940000534057617,28.030000686645508,70000,0.0,0.0,0.0,-0.0164912039773506,-0.016628697601100955,0.20270187676725246,0.14259295061181376
2023-01-04 00:00:00-05:00,28.040000915527344,28.09000015258789,27.770000457763672,27.829999923706055,52000,0.0,0.0,0.0,-0.007135239316449327,-0.007160816877132676,0.21115169616563087,0.145799629783851
2023-01-05 00:00:00-05:00,27.770000457763672,27.799999237060547,27.56999969482422,27.65999984741211,37200,0.0,0.0,0.0,-0.006108518748113134,-0.006127252076313385,0.11739077210767684,0.1443254783034702
2023-01-06 00:00:00-05:00,27.850000381469727,28.059999465942383,27.850000381469727,27.959999084472656,89400,0.0,0.0,0.0,0.010845959461876609,0.01078756390136848,0.16619505050890926,0.1439105178933133
2023-01-09 00:00:00-05:00,28.010000228881836,28.079999923706055,27.8799991607666,27.959999084472656,18500,0.0,0.0,0.0,0.0,0.0,0.16002208718650332,0.14325220056322016
2023-01-10 00:00:00-05:00,27.770000457763672,28.1200008392334,27.75,27.829999923706055,23900,0.0,0.0,0.0,-0.004649469421434849,-0.004660311825055188,0.11706985323964887,0.14421726786927644
2023-01-11 00:00:00-05:00,28.010000228881836,28.100000381469727,27.90999984741211,27.90999984741211,84200,0.0,0.0,0.0,0.0028745930264235664,0.002870469284719021,0.10739498536248954,0.13266505538915702
2023-01-12 00:00:00-05:00,27.989999771118164,28.450000762939453,27.989999771118164,28.329999923706055,46600,0.0,0.0,0.0,0.015048372575784397,0.014936269068290478,0.1273971480525415,0.13721608167265864
2023-01-13 00:00:00-05:00,28.139999389648438,28.420000076293945,28.139999389648438,28.420000076293945,17600,0.0,0.0,0.0,0.00317684972927168,0.0031718142040897852,0.11565098301795139,0.13737838787592813
2023-01-17 00:00:00-05:00,28.1299991607666,28.5,28.1299991607666,28.5,29500,0.0,0.0,0.0,0.0028149163790041065,0.0028109619211343544,0.1122835122026198,0.13387539213008107
2023-01-18 00:00:00-05:00,28.290000915527344,28.459999084472656,27.950000762939453,28.15999984741211,22200,0.0,0.0,0.0,-0.01192982991536462,-0.012001561403367313,0.15191626144407608,0.1420450533769948
2023-01-19 00:00:00-05:00,28.079999923706055,28.09000015258789,27.850000381469727,27.93000030517578,30600,0.0,0.0,0.0,-0.008167597424808437,-0.008201134987701095,0.16899500238983226,0.14223042775707828
2023-01-20 00:00:00-05:00,28.18000030517578,28.18000030517578,27.700000762939453,27.700000762939453,52900,0.0,0.0,0.0,-0.008234856416872494,-0.008268950147303502,0.11084901054725671,0.14360975770446027
2023-01-23 00:00:00-05:00,27.510000228881836,27.510000228881836,27.290000915527344,27.459999084472656,295500,0.0,0.0,0.0,-0.008664320283626181,-0.008702073736807087,0.08915200348031936,0.14556390813352424
2023-01-24 00:00:00-05:00,27.799999237060547,27.799999237060547,27.420000076293945,27.440000534057617,21000,0.0,0.0,0.0,-0.0007282793547632727,-0.0007285446790004905,0.0653611637529776,0.14369462963938434
2023-01-25 00:00:00-05:00,27.40999984741211,27.649999618530273,27.290000915527344,27.6200008392334,13600,0.0,0.0,0.0,0.0065597777577435235,0.006538356045709254,0.10623914691755237,0.1427071998054685
2023-01-26 00:00:00-05:00,27.68000030517578,27.90999984741211,27.68000030517578,27.899999618530273,15700,0.0,0.0,0.0,0.010137536958331417,0.010086496788435055,0.13494288890734193,0.1473105626496482
2023-01-27 00:00:00-05:00,27.799999237060547,27.889999389648438,27.75,27.829999923706055,15200,0.0,0.0,0.0,-0.002508949669580929,-0.0025121023581985637,0.11855402274332365,0.12853808032690994
2023-01-30 00:00:00-05:00,28.0,28.209999084472656,28.0,28.1299991607666,16100,0.0,0.0,0.0,0.010779706715162485,0.010722019871287848,0.09763600827329505,0.13522563114137495
2023-01-31 00:00:00-05:00,28.0,28.219999313354492,28.0,28.190000534057617,20400,0.0,0.0,0.0,0.002133003024568092,0.0021307314032931917,0.08907894058078779,0.13490683892186248
2023-02-01 00:00:00-05:00,28.1200008392334,28.1299991607666,27.81999969482422,28.040000915527344,17500,0.0,0.0,0.0,-0.005321022195407643,-0.005335229253802457,0.11551314110668208,0.12262710942248449
2023-02-02 00:00:00-05:00,27.93000030517578,28.270000457763672,27.93000030517578,28.190000534057617,17300,0.0,0.0,0.0,0.005349486934118186,0.005335229253802513,0.10109040416809004,0.12092587741091639
2023-02-03 00:00:00-05:00,28.09000015258789,28.260000228881836,28.059999465942383,28.200000762939453,18200,0.0,0.0,0.0,0.00035474383442291035,0.0003546809277056202,0.09473358493313677,0.11826749572205189
2023-02-06 00:00:00-05:00,28.059999465942383,28.100000381469727,27.959999084472656,28.059999465942383,93600,0.0,0.0,0.0,-0.0049645848655812674,-0.004976949357045309,0.07320111916129467,0.11403859097733617
2023-02-07 00:00:00-05:00,28.1299991607666,28.1299991607666,27.889999389648438,28.010000228881836,13300,0.0,0.0,0.0,-0.001781868781616791,-0.0017834581981626845,0.0695496016426711,0.11425585852419319
2023-02-08 00:00:00-05:00,28.280000686645508,28.280000686645508,27.850000381469727,28.010000228881836,12200,0.0,0.0,0.0,0.0,0.0,0.05958111556972514,0.11286850406186164
2023-02-09 00:00:00-05:00,28.219999313354492,28.219999313354492,27.899999618530273,27.959999084472656,15800,0.0,0.0,0.0,-0.0017851176008781833,-0.0017867128220235755,0.03345206116286315,0.11269597424923324
2023-02-10 00:00:00-05:00,28.299999237060547,28.3700008392334,28.030000686645508,28.309999465942383,23300,0.0,0.0,0.0,0.012517896742854306,0.012440195637753783,0.10782062993817915,0.10852910246056348
2023-02-13 00:00:00-05:00,28.309999465942383,28.559999465942383,28.309999465942383,28.399999618530273,20400,0.0,0.0,0.0,0.0031790941111164983,0.003174051475947463,0.09516058373950119,0.10852997770254375
2023-02-14 00:00:00-05:00,28.280000686645508,28.450000762939453,28.280000686645508,28.350000381469727,19400,0.0,0.0,0.0,-0.001760536539864077,-0.00176208810564443,0.09510125897144234,0.10816334221318534
2023-02-15 00:00:00-05:00,28.3799991607666,28.3799991607666,28.020000457763672,28.100000381469727,21500,0.0,0.0,0.0,-0.008818342033018345,-0.008857453714348188,0.12515514189218302,0.10419503666143122
2023-02-16 00:00:00-05:00,28.200000762939453,28.270000457763672,28.1299991607666,28.219999313354492,10200,0.0,0.0,0.0,0.004270424564260855,0.004261332177657792,0.12506518837372127,0.10069533120715368
2023-02-17 00:00:00-05:00,28.010000228881836,28.34000015258789,28.010000228881836,28.299999237060547,12700,0.0,0.0,0.0,0.002834866252749979,0.0028308555974075403,0.08593701591500665,0.09543670198164671
2023-02-21 00:00:00-05:00,28.309999465942383,28.690000534057617,28.309999465942383,28.690000534057617,67800,0.0,0.0,0.0,0.013780964929721362,0.013686870917838356,0.13181631279960945,0.09822824158143349
2023-02-22 00:00:00-05:00,28.75,28.75,28.479999542236328,28.56999969482422,25100,0.0,0.0,0.0,-0.004182671209467137,-0.004191443047043394,0.13725035418587636,0.10034198639021263
2023-02-23 00:00:00-05:00,28.440000534057617,28.549999237060547,28.34000015258789,28.350000381469727,19000,0.0,0.0,0.0,-0.007700361067709327,-0.00773016193151194,0.13204658574511752,0.10450152294423748
2023-02-24 00:00:00-05:00,28.309999465942383,28.309999465942383,28.100000381469727,28.1200008392334,44800,0.0,0.0,0.0,-0.008112858523510291,-0.008145946842304054,0.1459840477342404,0.10417002989379075
2023-02-27 00:00:00-05:00,28.260000228881836,28.260000228881836,27.989999771118164,28.030000686645508,21100,0.0,0.0,0.0,-0.003200574320834315,-0.003205707113675248,0.14309905025879546,0.10445588856329986
2023-02-28 00:00:00-05:00,27.8700008392334,27.8700008392334,27.440000534057617,27.5,143100,0.0,0.0,0.0,-0.018908336555910954,-0.019089385000978294,0.0990773981152872,0.11758149504555963
2023-03-01 00:00:00-05:00,27.559999465942383,27.809999465942383,27.559999465942383,27.700000762939453,114500,0.0,0.0,0.0,0.007272755015980126,0.007246436063707385,0.15015871101168213,0.12082977922772084
2023-03-02 00:00:00-05:00,27.5,28.06999969482422,27.5,27.959999084472656,24000,0.0,0.0,0.0,0.009386220735454254,0.009342443885193374,0.18406756643201874,0.12482191572764328
2023-03-03 00:00:00-05:00,28.0,28.200000762939453,28.0,28.18000030517578,11500,0.0,0.0,0.0,0.007868427321419347,0.007837632678624373,0.18941708979868346,0.12659179038979534
2023-03-06 00:00:00-05:00,27.950000762939453,28.459999084472656,27.950000762939453,28.31999969482422,10500,0.0,0.0,0.0,0.004968040742807434,0.004955740749487215,0.188281217511897,0.12781049174097525
2023-03-07 00:00:00-05:00,28.31999969482422,28.31999969482422,28.06999969482422,28.110000610351562,13800,0.0,0.0,0.0,-0.007415221989251486,-0.007442851418128551,0.10797756948932247,0.12942074805986425
2023-03-08 00:00:00-05:00,28.020000457763672,28.350000381469727,28.020000457763672,28.100000381469727,15400,0.0,0.0,0.0,-0.0003557534210139046,-0.00035581671627430155,0.10884067536524024,0.12924157553941243
2023-03-09 00:00:00-05:00,28.219999313354492,28.260000228881836,27.899999618530273,28.020000457763672,13200,0.0,0.0,0.0,-0.002846972335232012,-0.0028510326692409798,0.0968301193771761,0.12969196855497628
2023-03-10 00:00:00-05:00,27.829999923706055,27.920000076293945,27.760000228881836,27.860000610351562,97400,0.0,0.0,0.0,-0.0057102014560380665,-0.005726566986425533,0.07723839060910209,0.13116841366033505
2023-03-13 00:00:00-04:00,27.799999237060547,27.920000076293945,27.59000015258789,27.639999389648438,49000,0.0,0.0,0.0,-0.007896669629697817,-0.007928013442183544,0.05070703449987924,0.12489239215702029
2023-03-14 00:00:00-04:00,27.579999923706055,27.6299991607666,27.5,27.6200008392334,24500,0.0,0.0,0.0,-0.0007235365722376708,-0.0007237984511502866,0.05158418558240318,0.12385498056940962
2023-03-15 00:00:00-04:00,27.40999984741211,27.510000228881836,27.329999923706055,27.350000381469727,42700,0.0,0.0,0.0,-0.009775541258497888,-0.009823635550439774,0.058251961745828605,0.12741313275011099
2023-03-16 00:00:00-04:00,27.309999465942383,27.389999389648438,27.149999618530273,27.34000015258789,22000,0.0,0.0,0.0,-0.0003656390765029993,-0.00036570593876893376,0.06707353982236319,0.12470954742132744
2023-03-17 00:00:00-04:00,27.34000015258789,27.34000015258789,27.06999969482422,27.06999969482422,23800,0.0,0.0,0.0,-0.009875656776033859,-0.009924744524295185,0.07616800870260769,0.1263659984985875
2023-03-20 00:00:00-04:00,27.020000457763672,27.139999389648438,26.799999237060547,27.09000015258789,21900,0.0,0.0,0.0,0.0007388421865219819,0.0007385693770008746,0.08485092853885165,0.12550792230376887
2023-03-21 00:00:00-04:00,27.43000030517578,27.43000030517578,26.799999237060547,26.809999465942383,19200,0.0,0.0,0.0,-0.010335942601268688,-0.010389729401854113,0.0888135919832029,0.11352271184068334
2023-03-22 00:00:00-04:00,26.670000076293945,26.670000076293945,26.31999969482422,26.329999923706055,21100,0.0,0.0,0.0,-0.01790375053330706,-0.018065961717164746,0.12314010363746018,0.124737830749665
2023-03-23 00:00:00-04:00,26.399999618530273,26.639999389648438,25.920000076293945,25.959999084472656,26100,0.0,0.0,0.0,-0.01405244361205904,-0.014152114041571013,0.1105344164291375,0.1291661841016389
2023-03-24 00:00:00-04:00,25.959999084472656,26.350000381469727,25.959999084472656,26.290000915527344,17600,0.0,0.0,0.0,0.012711935388783235,0.012631816996914224,0.197735069892827,0.14169089786891562
2023-03-27 00:00:00-04:00,26.360000610351562,26.56999969482422,26.270000457763672,26.510000228881836,14500,0.0,0.0,0.0,0.008368174427280328,0.008333355368770536,0.21974539325232714,0.14764687450474767
2023-03-28 00:00:00-04:00,26.670000076293945,26.90999984741211,26.6200008392334,26.889999389648438,29800,0.0,0.0,0.0,0.014334181723340889,0.01423241864795939,0.24499156551582504,0.14652104042309932
2023-03-29 00:00:00-04:00,26.729999542236328,26.889999389648438,26.729999542236328,26.84000015258789,6200,0.0,0.0,0.0,-0.0018593989659886345,-0.0018611297941121233,0.188156089770503,0.14316323004907014
2023-03-30 00:00:00-04:00,26.950000762939453,26.950000762939453,26.809999465942383,26.889999389648438,17200,0.0,0.0,0.0,0.0018628627710990386,0.0018611297941121673,0.11030571556235333,0.1379454924047684
2023-03-31 00:00:00-04:00,26.8700008392334,27.3700008392334,26.8700008392334,27.139999389648438,16200,0.0,0.0,0.0,0.009297136692990815,0.009254184335033165,0.10165315048542298,0.1393749856025052
2023-04-03 00:00:00-04:00,27.360000610351562,27.540000915527344,27.34000015258789,27.440000534057617,18000,0.0,0.0,0.0,0.011053837551802115,0.010993190402706483,0.10659598902236073,0.1448840449872982
2023-04-04 00:00:00-04:00,27.299999237060547,27.350000381469727,27.15999984741211,27.31999969482422,16100,0.0,0.0,0.0,-0.004373208341758472,-0.004382798788252749,0.10754809441507916,0.14364431951295514
2023-04-05 00:00:00-04:00,27.149999618530273,27.3799991607666,27.149999618530273,27.25,13000,0.0,0.0,0.0,-0.002562214334046242,-0.002565502422919537,0.10972323804086036,0.14364807525729975
2023-04-06 00:00:00-04:00,26.950000762939453,27.100000381469727,26.950000762939453,27.030000686645508,14500,0.0,0.0,0.0,-0.008073369297412536,-0.008106135417807695,0.13604589348780297,0.14548634424641171
2023-04-10 00:00:00-04:00,27.030000686645508,27.1200008392334,26.969999313354492,27.079999923706055,11200,0.0,0.0,0.0,0.0018497682497378154,0.0018480595352749621,0.11654305134483689,0.14523651160140436
2023-04-11 00:00:00-04:00,27.25,27.34000015258789,27.079999923706055,27.149999618530273,21300,0.0,0.0,0.0,0.0025849222681475492,0.0025815871027738443,0.07037364977061139,0.14375596209184913
2023-04-12 00:00:00-04:00,27.1200008392334,27.1299991607666,27.020000457763672,27.100000381469727,3500,0.0,0.0,0.0,-0.0018415925511255926,-0.0018432903674652642,0.06749132841962892,0.14379718269131042
2023-04-13 00:00:00-04:00,27.190000534057617,27.270000457763672,27.059999465942383,27.18000030517578,8700,0.0,0.0,0.0,0.0029520266634666115,0.0029476779889224614,0.07365424294976543,0.14044878332961555
2023-04-14 00:00:00-04:00,27.0,27.020000457763672,26.8799991607666,26.979999542236328,6600,0.0,0.0,0.0,-0.007358379716477348,-0.00738558613811967,0.0690575593321604,0.14268458488945504
2023-04-17 00:00:00-04:00,26.979999542236328,27.209999084472656,26.979999542236328,27.209999084472656,17300,0.0,0.0,0.0,0.008524816387645684,0.008488685335599376,0.09420908148261195,0.14180732639913918
2023-04-18 00:00:00-04:00,27.309999465942383,27.3700008392334,27.25,27.3700008392334,10200,0.0,0.0,0.0,0.0058802557936155075,0.005863034566684567,0.10046000047653969,0.14318797502634853
2023-04-19 00:00:00-04:00,27.18000030517578,27.260000228881836,27.1299991607666,27.18000030517578,5300,0.0,0.0,0.0,-0.006941926497322615,-0.006966133764164194,0.11676983682618142,0.14024122814037784
2023-04-20 00:00:00-04:00,26.8799991607666,27.0,26.850000381469727,27.0,14600,0.0,0.0,0.0,-0.006622527709887693,-0.006644553946622253,0.12422439596657732,0.12528849550101978
2023-04-21 00:00:00-04:00,26.81999969482422,26.90999984741211,26.530000686645508,26.709999084472656,9300,0.0,0.0,0.0,-0.0107407746491609,-0.010798873159036137,0.13634061595454397,0.12036569801980888
2023-04-24 00:00:00-04:00,26.350000381469727,26.81999969482422,26.350000381469727,26.5,18800,0.0,0.0,0.0,-0.007862189879097925,-0.007893259853116416,0.1021413588104903,0.1169462152692586
2023-04-25 00:00:00-04:00,26.3700008392334,26.3700008392334,26.110000610351562,26.280000686645508,34800,0.0,0.0,0.0,-0.008301860881301582,-0.00833651324770363,0.025835562905749586,0.11689650558863028
2023-04-26 00:00:00-04:00,26.239999771118164,26.34000015258789,26.209999084472656,26.290000915527344,21400,0.0,0.0,0.0,0.0003805262032172685,0.0003804538214831165,0.06657809590590395,0.10325074223167818
2023-04-27 00:00:00-04:00,26.049999237060547,26.209999084472656,26.049999237060547,26.149999618530273,7400,0.0,0.0,0.0,-0.005325267863128258,-0.005339497642776629,0.06722036754828263,0.10431294881078397
2023-04-28 00:00:00-04:00,26.139999389648438,26.350000381469727,26.049999237060547,26.31999969482422,10000,0.0,0.0,0.0,0.006500959035329323,0.00647991893911242,0.10002921267643623,0.10741982454725194
2023-05-01 00:00:00-04:00,26.110000610351562,26.59000015258789,26.110000610351562,26.59000015258789,8800,0.0,0.0,0.0,0.010258376173794881,0.010206116131180826,0.12359022224499679,0.10869437399708563
2023-05-02 00:00:00-04:00,26.809999465942383,26.809999465942383,26.290000915527344,26.40999984741211,20000,0.0,0.0,0.0,-0.006769473642077584,-0.006792490462087698,0.11685167835738516,0.1005872649242639
2023-05-03 00:00:00-04:00,26.209999084472656,26.510000228881836,26.200000762939453,26.510000228881836,11800,0.0,0.0,0.0,0.0037864589946041693,0.003779308403341582,0.11819160513748359,0.10207679900573083
2023-05-04 00:00:00-04:00,26.43000030517578,26.43000030517578,26.299999237060547,26.389999389648438,11100,0.0,0.0,0.0,-0.004526625356368719,-0.004536901547632053,0.11530586231028848,0.10258886670769173
2023-05-05 00:00:00-04:00,26.3799991607666,26.690000534057617,26.3799991607666,26.6299991607666,38100,0.0,0.0,0.0,0.009094345459223607,0.009053240924160925,0.12310245004657729,0.10621707855546175
2023-05-08 00:00:00-04:00,26.510000228881836,26.770000457763672,26.510000228881836,26.520000457763672,6900,0.0,0.0,0.0,-0.00413063111038281,-0.0041391857325201965,0.1062306681173804,0.10641628737135608
2023-05-09 00:00:00-04:00,26.5,26.5,26.110000610351562,26.25,11700,0.0,0.0,0.0,-0.010181012560451563,-0.010233193541102506,0.12067538950519356,0.1102546995842844
2023-05-10 00:00:00-04:00,26.200000762939453,26.309999465942383,26.139999389648438,26.170000076293945,15300,0.0,0.0,0.0,-0.003047616141182985,-0.003052269580257417,0.11238317821110957,0.1103639234458289
2023-05-11 00:00:00-04:00,25.979999542236328,26.209999084472656,25.84000015258789,26.200000762939453,13400,0.0,0.0,0.0,0.001146377017884781,0.0011457204295018605,0.11333600391759936,0.10953276234019678
2023-05-12 00:00:00-04:00,26.09000015258789,26.1200008392334,25.65999984741211,25.68000030517578,31800,0.0,0.0,0.0,-0.019847345138219397,-0.0200469491813247,0.12924968734806605,0.12569886387391185
2023-05-15 00:00:00-04:00,25.65999984741211,25.899999618530273,25.65999984741211,25.729999542236328,5900,0.0,0.0,0.0,0.0019470107658241531,0.0019451177970518372,0.14466111347400712,0.120136725925791
2023-05-16 00:00:00-04:00,25.729999542236328,25.729999542236328,25.219999313354492,25.270000457763672,24400,0.0,0.0,0.0,-0.01787792820274081,-0.018039668987595743,0.16724482487419592,0.12687174121092176
2023-05-17 00:00:00-04:00,25.010000228881836,25.329999923706055,24.809999465942383,24.850000381469727,27300,0.0,0.0,0.0,-0.016620501333030613,-0.01676017162147654,0.17198805662242211,0.13432830938003326
2023-05-18 00:00:00-04:00,24.760000228881836,24.989999771118164,24.700000762939453,24.860000610351562,22600,0.0,0.0,0.0,0.0004024236912805179,0.00040234274058378996,0.16893627982070733,0.1351245228114375
2023-05-19 00:00:00-04:00,25.1299991607666,25.15999984741211,24.600000381469727,24.649999618530273,21000,0.0,0.0,0.0,-0.00844734459635721,-0.008483225620862287,0.14669094272731933,0.13386576451950816
2023-05-22 00:00:00-04:00,24.809999465942383,25.170000076293945,24.809999465942383,25.040000915527344,15200,0.0,0.0,0.0,0.015821553875558392,0.01569769778123702,0.22094835012615618,0.1501434716502438
2023-05-23 00:00:00-04:00,25.1200008392334,25.1200008392334,24.799999237060547,24.90999984741211,21700,0.0,0.0,0.0,-0.005191735757270721,-0.005205259645969364,0.19208100248541946,0.1490300420497551
2023-05-24 00:00:00-04:00,24.889999389648438,25.049999237060547,24.729999542236328,24.829999923706055,9200,0.0,0.0,0.0,-0.003211558578727458,-0.0032167267010980286,0.15039595178678566,0.14861205893463944
2023-05-25 00:00:00-04:00,24.700000762939453,24.81999969482422,24.510000228881836,24.649999618530273,24100,0.0,0.0,0.0,-0.007249307520292403,-0.007275711434169728,0.15830664023310534,0.14919957089299912
2023-05-26 00:00:00-04:00,24.829999923706055,24.989999771118164,24.809999465942383,24.920000076293945,5400,0.0,0.0,0.0,0.010953365596026332,0.010893811967553473,0.16561633025579386,0.15369271413684527
2023-05-30 00:00:00-04:00,24.65999984741211,24.65999984741211,24.209999084472656,24.280000686645508,26500,0.0,0.0,0.0,-0.025682158414488176,-0.026017702509217363,0.2077020782785424,0.16600524915560505
2023-05-31 00:00:00-04:00,23.8700008392334,24.110000610351562,23.829999923706055,24.059999465942383,13600,0.0,0.0,0.0,-0.009061005538773759,-0.009102306121965754,0.20847893105328053,0.1666222620114692
2023-06-01 00:00:00-04:00,24.420000076293945,24.56999969482422,24.389999389648438,24.43000030517578,20200,0.0,0.0,0.0,0.015378256336087803,0.015261209411870185,0.26344534805130887,0.17897929997843404
2023-06-02 00:00:00-04:00,24.520000457763672,24.799999237060547,24.520000457763672,24.729999542236328,122200,0.0,0.0,0.0,0.01227995224367584,0.012205165261370395,0.2801689163032912,0.18805639781112551
2023-06-05 00:00:00-04:00,24.739999771118164,24.84000015258789,24.610000610351562,24.639999389648438,17300,0.0,0.0,0.0,-0.003639310725994105,-0.0036459491283075416,0.26553711235399663,0.18238291033387416
2023-06-06 00:00:00-04:00,24.68000030517578,24.81999969482422,24.600000381469727,24.690000534057617,10400,0.0,0.0,0.0,0.0020292672746651252,0.002027211093053923,0.16440649381149863,0.18354757396554006
2023-06-07 00:00:00-04:00,24.610000610351562,24.719999313354492,24.530000686645508,24.530000686645508,8000,0.0,0.0,0.0,-0.006480350099280274,-0.0065014387251423195,0.15268965424051728,0.18222763379299023
2023-06-08 00:00:00-04:00,24.5,24.829999923706055,24.5,24.809999465942383,9800,0.0,0.0,0.0,0.011414544291036721,0.011349889915339126,0.13557352231307127,0.18959616765516138
2023-06-09 00:00:00-04:00,24.850000381469727,25.18000030517578,24.850000381469727,25.110000610351562,14300,0.0,0.0,0.0,0.01209194481527498,0.012019421298796585,0.134777562478128,0.19632388410004947
2023-06-12 00:00:00-04:00,25.18000030517578,25.3799991607666,25.149999618530273,25.270000457763672,12200,0.0,0.0,0.0,0.006371957129549077,0.0063517420384041024,0.12139367298082955,0.18661870309022233
2023-06-13 00:00:00-04:00,25.549999237060547,25.989999771118164,25.510000228881836,25.84000015258789,38800,0.0,0.0,0.0,0.02255637849223291,0.022305745304496527,0.16753645841492368,0.20407476370934985
2023-06-14 00:00:00-04:00,25.700000762939453,25.920000076293945,25.6200008392334,25.8700008392334,8600,0.0,0.0,0.0,0.0011610172781868489,0.0011603438188416133,0.12618588892350263,0.19245103247794973
2023-06-15 00:00:00-04:00,26.260000228881836,26.790000915527344,26.260000228881836,26.770000457763672,41400,0.0,0.0,0.0,0.034789315397522946,0.03419784599378978,0.2133271256345249,0.21442233395715096
2023-06-16 00:00:00-04:00,27.18000030517578,27.579999923706055,27.18000030517578,27.56999969482422,47800,0.0,0.0,0.0,0.02988416971911323,0.029446339334443516,0.2325088424599662,0.2329382824669662
2023-06-20 00:00:00-04:00,27.600000381469727,27.700000762939453,27.309999465942383,27.639999389648438,39000,0.0,0.0,0.0,0.0025389806165778683,0.0025357628507048074,0.24673202709755407,0.22754796884296363
2023-06-21 00:00:00-04:00,27.780000686645508,28.190000534057617,27.75,28.190000534057617,41800,0.0,0.0,0.0,0.01989873938329989,0.01970334725366751,0.24447737202267372,0.23036342470767024
2023-06-22 00:00:00-04:00,27.489999771118164,27.690000534057617,27.290000915527344,27.68000030517578,132500,0.0,0.0,0.0,-0.01809152959276039,-0.018257182296347027,0.344181025359183,0.24291538062630247
2023-06-23 00:00:00-04:00,27.049999237060547,27.200000762939453,26.6200008392334,27.059999465942383,25800,0.0,0.0,0.0,-0.02239887400281082,-0.022653538768017387,0.36342622416251,0.2608216093590056
2023-06-26 00:00:00-04:00,27.049999237060547,27.579999923706055,27.049999237060547,27.43000030517578,36900,0.0,0.0,0.0,0.013673349835024107,0.013580713068544664,0.2985234901102387,0.2589548154924859
2023-06-27 00:00:00-04:00,26.809999465942383,27.040000915527344,26.65999984741211,26.90999984741211,38500,0.0,0.0,0.0,-0.01895736244908286,-0.019139357006622604,0.32117985843389013,0.2720114332613052
2023-06-28 00:00:00-04:00,26.5,26.5,26.190000534057617,26.299999237060547,15900,0.0,0.0,0.0,-0.02266817591268866,-0.022929048893896298,0.24494159904437424,0.2678293588606114
2023-06-29 00:00:00-04:00,26.25,26.450000762939453,26.25,26.270000457763672,35500,0.0,0.0,0.0,-0.001140638029167751,-0.0011412890518257622,0.2550959637060462,0.2641018481950607
2023-06-30 00:00:00-04:00,26.68000030517578,27.709999084472656,26.579999923706055,27.31999969482422,51900,0.0,0.0,0.0,0.0399695172730854,0.03919140240938467,0.40746735308537285,0.29059057683860023
2023-07-03 00:00:00-04:00,28.079999923706055,28.100000381469727,27.739999771118164,27.920000076293945,26000,0.0,0.0,0.0,0.021961946858418013,0.021724257094590197,0.42602848117018144,0.29546143526151414
2023-07-05 00:00:00-04:00,27.940000534057617,28.170000076293945,27.700000762939453,27.75,36000,0.0,0.0,0.0,-0.006088827930852636,-0.006107440434319403,0.3910156938845243,0.2966741003128829
2023-07-06 00:00:00-04:00,27.84000015258789,27.84000015258789,27.479999542236328,27.68000030517578,10000,0.0,0.0,0.0,-0.002522511525197113,-0.0025256984178381966,0.3155083498703065,0.29794495586671593
2023-07-07 00:00:00-04:00,27.540000915527344,27.540000915527344,27.190000534057617,27.190000534057617,13000,0.0,0.0,0.0,-0.0177023036747056,-0.017860863488533826,0.370846650239196,0.30666390005755323
2023-07-10 00:00:00-04:00,27.450000762939453,27.799999237060547,27.450000762939453,27.59000015258789,14100,0.0,0.0,0.0,0.014711276597043188,0.014604115473673709,0.2552407904375211,0.307751791324984
2023-07-11 00:00:00-04:00,27.860000610351562,27.950000762939453,27.780000686645508,27.940000534057617,12400,0.0,0.0,0.0,0.012685769464807262,0.012605979183516167,0.21502841262792186,0.30792761184506234
2023-07-12 00:00:00-04:00,28.139999389648438,28.229999542236328,27.260000228881836,27.290000915527344,41500,0.0,0.0,0.0,-0.023264123339509335,-0.023539004674926062,0.2734052369135615,0.32438454391006705
2023-07-13 00:00:00-04:00,27.59000015258789,28.1299991607666,27.59000015258789,28.1200008392334,14300,0.0,0.0,0.0,0.03041406727230278,0.029960728518843748,0.3637486991659985,0.33145244748523345
2023-07-14 00:00:00-04:00,28.209999084472656,28.280000686645508,28.0,28.25,14600,0.0,0.0,0.0,0.004623014114040425,0.004612360805270898,0.3133054162778288,0.3312255606753501
2023-07-17 00:00:00-04:00,28.399999618530273,28.479999542236328,28.219999313354492,28.299999237060547,19500,0.0,0.0,0.0,0.0017698844977185324,0.0017683200977504099,0.3088479648207552,0.3114794245386287
2023-07-18 00:00:00-04:00,28.530000686645508,28.780000686645508,28.510000228881836,28.600000381469727,21100,0.0,0.0,0.0,0.010600747438053393,0.010544953473708945,0.3060254478478403,0.2965383784726513
2023-07-19 00:00:00-04:00,29.100000381469727,29.200000762939453,28.75,28.889999389648438,35400,0.0,0.0,0.0,0.010139825325548024,0.010088762187492956,0.1779022287818165,0.2979454442425647
2023-07-20 00:00:00-04:00,29.049999237060547,29.049999237060547,28.770000457763672,28.860000610351562,15600,0.0,0.0,0.0,-0.001038379367623743,-0.0010389188569747045,0.08117142116045077,0.2908016597457653
2023-07-21 00:00:00-04:00,28.670000076293945,28.90999984741211,28.670000076293945,28.790000915527344,18300,0.0,0.0,0.0,-0.002425491799855073,-0.002428438070157817,0.09809211169233077,0.2821090375707243
2023-07-24 00:00:00-04:00,29.040000915527344,29.43000030517578,28.90999984741211,29.309999465942383,48900,0.0,0.0,0.0,0.01806177609861015,0.01790060007752753,0.13716054806920472,0.2718458606399856
2023-07-25 00:00:00-04:00,29.110000610351562,29.200000762939453,28.950000762939453,29.190000534057617,10900,0.0,0.0,0.0,-0.004094129446307271,-0.004102533339863857,0.15216676359677472,0.2708961761039753
2023-07-26 00:00:00-04:00,29.09000015258789,29.270000457763672,28.959999084472656,29.219999313354492,14300,0.0,0.0,0.0,0.0010277073911619805,0.001027179661457919,0.14296139195063526,0.25815396570851845
2023-07-27 00:00:00-04:00,29.219999313354492,29.360000610351562,28.719999313354492,28.799999237060547,20200,0.0,0.0,0.0,-0.014373719581231903,-0.014478022172444717,0.18713780585538373,0.24816833099889357
2023-07-28 00:00:00-04:00,28.530000686645508,28.739999771118164,28.40999984741211,28.510000228881836,14100,0.0,0.0,0.0,-0.010069410272953494,-0.010120449698241319,0.1998849830465911,0.2529175021673735
2023-07-31 00:00:00-04:00,28.18000030517578,28.18000030517578,27.450000762939453,27.649999618530273,24500,0.0,0.0,0.0,-0.0301648756032048,-0.030629196780735026,0.18957690596035412,0.24379225223310724
2023-08-01 00:00:00-04:00,27.6200008392334,27.860000610351562,27.549999237060547,27.860000610351562,20700,0.0,0.0,0.0,0.007594972684214829,0.007566276087498258,0.2319154117107327,0.2322439334415493
2023-08-02 00:00:00-04:00,27.530000686645508,27.56999969482422,27.299999237060547,27.399999618530273,33500,0.0,0.0,0.0,-0.016511162302357385,-0.016648990787696938,0.21608493822812977,0.23872094386149234
2023-08-03 00:00:00-04:00,27.510000228881836,27.700000762939453,27.399999618530273,27.530000686645508,8900,0.0,0.0,0.0,0.004744564595808187,0.004733344624462474,0.24717235037660687,0.2393081684068065
2023-08-04 00:00:00-04:00,28.0,28.0,27.68000030517578,27.8799991607666,45700,0.0,0.0,0.0,0.012713347816619258,0.0126332116944602,0.28955748213761684,0.2340389614135367
2023-08-07 00:00:00-04:00,27.139999389648438,27.280000686645508,26.93000030517578,27.200000762939453,27500,0.0,0.0,0.0,-0.024390187169878286,-0.024692554439498436,0.2583071538189464,0.24533178414514298
2023-08-08 00:00:00-04:00,27.0,27.3799991607666,27.0,27.270000457763672,108800,0.0,0.0,0.0,0.0025735181198816015,0.002570212292647754,0.24735113272167109,0.24065107133239774
2023-08-09 00:00:00-04:00,27.5,27.5,27.31999969482422,27.399999618530273,7300,0.0,0.0,0.0,0.004767112526013584,0.004755785827928022,0.22566610197297227,0.22657326631227065
2023-08-10 00:00:00-04:00,27.399999618530273,27.6299991607666,27.399999618530273,27.549999237060547,25500,0.0,0.0,0.0,0.005474438708708229,0.005459508434249329,0.22667345996395902,0.1981138138746522
2023-08-11 00:00:00-04:00,27.549999237060547,27.84000015258789,27.239999771118164,27.34000015258789,22400,0.0,0.0,0.0,-0.007622471516810947,-0.007651671029095,0.20057735177326672,0.19831437431604226
2023-08-14 00:00:00-04:00,27.280000686645508,27.670000076293945,27.280000686645508,27.56999969482422,15700,0.0,0.0,0.0,0.008412565506681569,0.008377377089654147,0.0975898437375446,0.2011753143081131
2023-08-15 00:00:00-04:00,27.520000457763672,27.639999389648438,27.239999771118164,27.239999771118164,19800,0.0,0.0,0.0,-0.011969529465319706,-0.0120417410876854,0.14301642754085256,0.19951853176010612
2023-08-16 00:00:00-04:00,27.420000076293945,27.770000457763672,27.420000076293945,27.6200008392334,20300,0.0,0.0,0.0,0.013950112749932408,0.013853705487239874,0.17446107679678513,0.20311010152783154
2023-08-17 00:00:00-04:00,27.760000228881836,28.0,27.6299991607666,27.889999389648438,9600,0.0,0.0,0.0,0.009775472201706492,0.009728001389018654,0.18287186661329177,0.2074870728232964
2023-08-18 00:00:00-04:00,28.1299991607666,28.309999465942383,28.09000015258789,28.309999465942383,23600,0.0,0.0,0.0,0.015059164054690877,0.014946900504026629,0.17440035376358018,0.2157132111307559
2023-08-21 00:00:00-04:00,28.700000762939453,28.739999771118164,28.31999969482422,28.420000076293945,24300,0.0,0.0,0.0,0.003885574441069739,0.00387804509429053,0.1751245854116737,0.20491352630131368
2023-08-22 00:00:00-04:00,28.389999389648438,28.420000076293945,27.950000762939453,28.0,14800,0.0,0.0,0.0,-0.014778327767996036,-0.014888615178266635,0.1935856857263087,0.21017653215086518
2023-08-23 00:00:00-04:00,28.049999237060547,28.399999618530273,27.739999771118164,28.399999618530273,12800,0.0,0.0,0.0,0.014285700661795575,0.01418462155992381,0.19451242610782146,0.21783478799272266
2023-08-24 00:00:00-04:00,28.440000534057617,28.610000610351562,28.3700008392334,28.610000610351562,14700,0.0,0.0,0.0,0.007394401219789737,0.007367196660395454,0.19204629207319995,0.21422407542648877
2023-08-25 00:00:00-04:00,28.75,28.8799991607666,28.56999969482422,28.56999969482422,27500,0.0,0.0,0.0,-0.0013981445184895192,-0.0013991228345279394,0.17327562551596412,0.21113809020061658
2023-08-28 00:00:00-04:00,29.06999969482422,29.149999618530273,28.920000076293945,29.139999389648438,54300,0.0,0.0,0.0,0.019950987081301275,0.01975457426057391,0.21701772805008196,0.18939972265321212
2023-08-29 00:00:00-04:00,29.010000228881836,29.100000381469727,28.899999618530273,28.940000534057617,9200,0.0,0.0,0.0,-0.006863378853119273,-0.006887040164271009,0.17446717780411944,0.1913822610115855
2023-08-30 00:00:00-04:00,29.1299991607666,29.1299991607666,28.75,28.81999969482422,17800,0.0,0.0,0.0,-0.00414653894329331,-0.004155159674949995,0.172869833072829,0.18025267771071662
2023-08-31 00:00:00-04:00,28.719999313354492,28.780000686645508,28.399999618530273,28.40999984741211,31800,0.0,0.0,0.0,-0.014226226639611705,-0.014328389487173505,0.2035636658794021,0.18958345053792153
2023-09-01 00:00:00-04:00,28.770000457763672,28.770000457763672,28.420000076293945,28.520000457763672,82400,0.0,0.0,0.0,0.00387189760444806,0.0038644211015400943,0.2068746373415671,0.18528452710988047
2023-09-05 00:00:00-04:00,28.360000610351562,28.559999465942383,28.299999237060547,28.489999771118164,15000,0.0,0.0,0.0,-0.0010519174671801412,-0.001052471120658251,0.10716366223622908,0.15921915381530732
2023-09-06 00:00:00-04:00,28.65999984741211,28.790000915527344,28.549999237060547,28.56999969482422,11400,0.0,0.0,0.0,0.0028080001526413767,0.0028040650849387276,0.11531614060238585,0.15922535876068344
2023-09-07 00:00:00-04:00,28.510000228881836,28.510000228881836,28.309999465942383,28.360000610351562,11900,0.0,0.0,0.0,-0.007350335551830622,-0.0073774823755044456,0.12024991850053811,0.1625889699830357
2023-09-08 00:00:00-04:00,28.299999237060547,28.479999542236328,28.239999771118164,28.479999542236328,9000,0.0,0.0,0.0,0.004231273952827852,0.004222347285121363,0.07722224621688425,0.16227318794546228
2023-09-11 00:00:00-04:00,28.489999771118164,28.610000610351562,28.489999771118164,28.600000381469727,11900,0.0,0.0,0.0,0.0042135126812568036,0.004204660693296972,0.0781934685845159,0.15864227440058473
2023-09-12 00:00:00-04:00,28.399999618530273,28.420000076293945,28.0,28.15999984741211,24300,0.0,0.0,0.0,-0.01538463385275679,-0.015504205292671545,0.1392730298235759,0.1686593577111387
2023-09-13 00:00:00-04:00,28.110000610351562,28.270000457763672,27.959999084472656,28.25,13000,0.0,0.0,0.0,0.003196028163194864,0.0031909317212124384,0.14019318480171944,0.1614962564466706
2023-09-14 00:00:00-04:00,28.190000534057617,28.5,28.170000076293945,28.489999771118164,17500,0.0,0.0,0.0,0.008495567119227054,0.008459682883606476,0.14853861114680691,0.15718848916001835
2023-09-15 00:00:00-04:00,28.280000686645508,28.299999237060547,27.979999542236328,28.030000686645508,13800,0.0,0.0,0.0,-0.016145984140687242,-0.016277750802552563,0.1859235271043625,0.16598758623761306
2023-09-18 00:00:00-04:00,27.93000030517578,27.93000030517578,27.549999237060547,27.59000015258789,113400,0.0,0.0,0.0,-0.015697485668177302,-0.01582199591375862,0.19009870482501523,0.16562488028933484
2023-09-19 00:00:00-04:00,27.459999084472656,27.639999389648438,27.459999084472656,27.59000015258789,15600,0.0,0.0,0.0,0.0,0.0,0.17894477072989026,0.16460255976093716
2023-09-20 00:00:00-04:00,27.790000915527344,27.790000915527344,27.510000228881836,27.65999984741211,12800,0.0,0.0,0.0,0.0025371400665850086,0.002533926960312543,0.17732223786040213,0.15729147263415869
2023-09-21 00:00:00-04:00,27.399999618530273,27.469999313354492,27.200000762939453,27.229999542236328,51600,0.0,0.0,0.0,-0.015545925797104121,-0.01566803084539496,0.1491003767713115,0.15557235274772818
2023-09-22 00:00:00-04:00,27.25,27.350000381469727,27.200000762939453,27.260000228881836,9700,0.0,0.0,0.0,0.0011017512724880163,0.0011011447899758465,0.147071959779031,0.1520667115156813
2023-09-25 00:00:00-04:00,27.239999771118164,27.40999984741211,27.100000381469727,27.3700008392334,13400,0.0,0.0,0.0,0.004035238790461193,0.004027119050476832,0.12630384942370051,0.15374121320087503
2023-09-26 00:00:00-04:00,27.450000762939453,27.5,27.239999771118164,27.440000534057617,7300,0.0,0.0,0.0,0.0025575335286025513,0.0025542686053099638,0.12957493456631217,0.1314342309043706
2023-09-27 00:00:00-04:00,27.540000915527344,27.770000457763672,27.510000228881836,27.510000228881836,14300,0.0,0.0,0.0,0.002551009236947177,0.002547760936008033,0.12959924538769527,0.13198094827874182
2023-09-28 00:00:00-04:00,27.389999389648438,27.530000686645508,27.3700008392334,27.530000686645508,14500,0.0,0.0,0.0,0.000727024994448211,0.0007267608398005351,0.02099218976716017,0.13230668105308954
2023-09-29 00:00:00-04:00,27.420000076293945,27.540000915527344,27.059999465942383,27.06999969482422,81500,0.0,0.0,0.0,-0.01670908028870588,-0.016850251743603162,0.13740881529786872,0.13554056623972255
2023-10-02 00:00:00-04:00,27.030000686645508,27.219999313354492,26.81999969482422,27.18000030517578,12700,0.0,0.0,0.0,0.004063561566001628,0.004055327598320479,0.13747910420851564,0.1356594381123202
2023-10-03 00:00:00-04:00,27.110000610351562,27.139999389648438,26.90999984741211,27.110000610351562,21100,0.0,0.0,0.0,-0.002575411848354081,-0.002578733926487149,0.13301670199907276,0.1355711110463234
2023-10-04 00:00:00-04:00,27.049999237060547,27.1200008392334,26.979999542236328,27.06999969482422,18500,0.0,0.0,0.0,-0.0014755040437760547,-0.001476593671833286,0.1265089500238624,0.1342158365648981
2023-10-05 00:00:00-04:00,27.059999465942383,27.190000534057617,26.889999389648438,27.190000534057617,25100,0.0,0.0,0.0,0.004432982659262619,0.0044231859334408095,0.13611606918990016,0.13526608521520025
2023-10-06 00:00:00-04:00,27.190000534057617,27.190000534057617,26.889999389648438,26.90999984741211,9900,0.0,0.0,0.0,-0.010297928692380331,-0.010351319217561553,0.09530364208206729,0.1361189212970758
2023-10-09 00:00:00-04:00,26.989999771118164,26.989999771118164,26.799999237060547,26.81999969482422,2800,0.0,0.0,0.0,-0.00334448729461978,-0.0033500925936421075,0.08344570314563043,0.13357694652365926
2023-10-10 00:00:00-04:00,26.850000381469727,26.989999771118164,26.850000381469727,26.969999313354492,6700,0.0,0.0,0.0,0.005592827003619183,0.005577245217166711,0.10200380377257935,0.12881294683693173
2023-10-11 00:00:00-04:00,26.8700008392334,26.8799991607666,26.59000015258789,26.639999389648438,17800,0.0,0.0,0.0,-0.012235815057757615,-0.012311288930941312,0.12984612324261524,0.13196657065488882
2023-10-12 00:00:00-04:00,26.780000686645508,27.459999084472656,26.700000762939453,27.299999237060547,38200,0.0,0.0,0.0,0.02477476961461811,0.024472851483320023,0.23917175217191897,0.16023046564994464
2023-10-13 00:00:00-04:00,27.440000534057617,27.440000534057617,26.979999542236328,27.139999389648438,6400,0.0,0.0,0.0,-0.0058608004352946885,-0.0058780423266944805,0.22789488664716168,0.15221639893702493
2023-10-16 00:00:00-04:00,27.1299991607666,27.270000457763672,27.110000610351562,27.270000457763672,12400,0.0,0.0,0.0,0.00479001735588902,0.004778581726124532,0.2236365217988407,0.1441526280184508
2023-10-17 00:00:00-04:00,27.290000915527344,27.479999542236328,27.290000915527344,27.469999313354492,16200,0.0,0.0,0.0,0.007334024651029392,0.007307261467142475,0.22504333993184183,0.14684532982783044
2023-10-18 00:00:00-04:00,27.610000610351562,27.690000534057617,27.329999923706055,27.68000030517578,18800,0.0,0.0,0.0,0.007644739609410811,0.007615666663619306,0.17462705044228324,0.14919795460966512
2023-10-19 00:00:00-04:00,27.600000381469727,27.760000228881836,27.469999313354492,27.729999542236328,14600,0.0,0.0,0.0,0.0018063307987463695,0.0018047013451954583,0.0881707523094213,0.1373401924194363
2023-10-20 00:00:00-04:00,27.59000015258789,27.68000030517578,27.459999084472656,27.459999084472656,22400,0.0,0.0,0.0,-0.00973676387381206,-0.009784476120374874,0.11370302014439249,0.14246968197014273
2023-10-23 00:00:00-04:00,27.309999465942383,27.510000228881836,27.25,27.260000228881836,34600,0.0,0.0,0.0,-0.007283279761793993,-0.0073099323347871805,0.12880196688701645,0.14429642358399358
2023-10-24 00:00:00-04:00,27.3799991607666,27.420000076293945,27.25,27.399999618530273,22800,0.0,0.0,0.0,0.005135707574210002,0.005122564807132797,0.1216102691429625,0.14522813702952292
2023-10-25 00:00:00-04:00,27.43000030517578,27.440000534057617,27.1200008392334,27.299999237060547,12900,0.0,0.0,0.0,-0.0036496490095604406,-0.0036563252273580657,0.0982166775474975,0.14543242150803154
2023-10-26 00:00:00-04:00,27.489999771118164,27.489999771118164,27.149999618530273,27.190000534057617,8100,0.0,0.0,0.0,-0.00402925663285747,-0.004037395958341974,0.08953172787319892,0.14594720005690545
2023-10-27 00:00:00-04:00,27.459999084472656,27.65999984741211,27.459999084472656,27.559999465942383,7300,0.0,0.0,0.0,0.013607904546427463,0.013516148481388409,0.13546726211517632,0.14110791806309209
2023-10-30 00:00:00-04:00,27.559999465942383,27.59000015258789,27.34000015258789,27.3799991607666,6900,0.0,0.0,0.0,-0.006531215844115645,-0.006552637558486946,0.13273302426808198,0.14299107959845297
2023-10-31 00:00:00-04:00,27.309999465942383,27.549999237060547,27.309999465942383,27.440000534057617,2700,0.0,0.0,0.0,0.0021914307936499178,0.002189033111452356,0.12839816338745794,0.14267409587897328
2023-11-01 00:00:00-04:00,27.459999084472656,27.559999465942383,27.459999084472656,27.489999771118164,5400,0.0,0.0,0.0,0.0018221295950227034,0.0018204715307253208,0.12353023413039763,0.14250464678175584
2023-11-02 00:00:00-04:00,27.700000762939453,27.84000015258789,27.65999984741211,27.780000686645508,33700,0.0,0.0,0.0,0.010549324042993469,0.010494068192307412,0.1263964723317909,0.14617468201378925
2023-11-03 00:00:00-04:00,28.049999237060547,28.290000915527344,27.989999771118164,28.270000457763672,31900,0.0,0.0,0.0,0.01763858023782272,0.01748482585460067,0.14665560826630603,0.15081063865821093
2023-11-06 00:00:00-05:00,28.489999771118164,28.530000686645508,28.350000381469727,28.459999084472656,27100,0.0,0.0,0.0,0.006720856867082459,0.0066983725947311525,0.10431097023544292,0.14985666867496933
2023-11-07 00:00:00-05:00,28.399999618530273,28.65999984741211,28.209999084472656,28.3700008392334,37700,0.0,0.0,0.0,-0.003162271543724615,-0.0031672820903103287,0.1268787721007411,0.15107596344401325
2023-11-08 00:00:00-05:00,28.600000381469727,28.639999389648438,28.31999969482422,28.3700008392334,11300,0.0,0.0,0.0,0.0,0.0,0.13186588502728758,0.1410771458883928
2023-11-09 00:00:00-05:00,28.329999923706055,28.479999542236328,27.850000381469727,28.06999969482422,43000,0.0,0.0,0.0,-0.010574590607494883,-0.010630898900643698,0.16940850890680836,0.12412048352913894
2023-11-10 00:00:00-05:00,28.110000610351562,28.110000610351562,27.920000076293945,28.06999969482422,21200,0.0,0.0,0.0,0.0,0.0,0.09950004857455401,0.12127108470505218
2023-11-13 00:00:00-05:00,28.149999618530273,28.81999969482422,28.149999618530273,28.81999969482422,30900,0.0,0.0,0.0,0.026718917283718113,0.026368200480512298,0.22478209494062307,0.15018386495784875
2023-11-14 00:00:00-05:00,28.59000015258789,28.90999984741211,28.520000457763672,28.90999984741211,18900,0.0,0.0,0.0,0.003122836694687825,0.003117970767874952,0.2189919716958165,0.14924239585397792
2023-11-15 00:00:00-05:00,28.809999465942383,28.889999389648438,28.75,28.850000381469727,18100,0.0,0.0,0.0,-0.0020753879716036705,-0.002077544573593856,0.22177068487165386,0.14887213880211145
2023-11-16 00:00:00-05:00,28.59000015258789,28.639999389648438,28.239999771118164,28.34000015258789,18600,0.0,0.0,0.0,-0.01767765068070526,-0.01783576652990685,0.2535083338789799,0.1646359428075635
2023-11-17 00:00:00-05:00,28.18000030517578,28.190000534057617,28.020000457763672,28.1200008392334,50800,0.0,0.0,0.0,-0.007762855051869244,-0.0077931428595432945,0.26320575669366403,0.1630478658105328
2023-11-20 00:00:00-05:00,28.34000015258789,28.579999923706055,28.149999618530273,28.56999969482422,20100,0.0,0.0,0.0,0.016002803775275076,0.015876108773816136,0.1990385803752105,0.16778933547147368
2023-11-21 00:00:00-05:00,28.809999465942383,28.950000762939453,28.549999237060547,28.760000228881836,16700,0.0,0.0,0.0,0.006650351280613975,0.006628335250189836,0.20585756482235287,0.1682022197025115
2023-11-22 00:00:00-05:00,28.6299991607666,28.65999984741211,28.420000076293945,28.5,21000,0.0,0.0,0.0,-0.009040341683333342,-0.009081453536580318,0.21398622706335207,0.17185568917203112
2023-11-24 00:00:00-05:00,28.43000030517578,28.43000030517578,27.93000030517578,27.93000030517578,7800,0.0,0.0,0.0,-0.019999989292077802,-0.020202696391068285,0.22481653429329523,0.18812446353029955
2023-11-27 00:00:00-05:00,28.040000915527344,28.040000915527344,27.829999923706055,28.0,13900,0.0,0.0,0.0,0.002506254710324729,0.002503119291667388,0.22242916837039986,0.18262426738443138
2023-11-28 00:00:00-05:00,28.010000228881836,28.34000015258789,28.010000228881836,28.31999969482422,11800,0.0,0.0,0.0,0.011428560529436416,0.011363747874334085,0.2021352065754269,0.1841113107459824
2023-11-29 00:00:00-05:00,28.280000686645508,28.31999969482422,28.139999389648438,28.299999237060547,7000,0.0,0.0,0.0,-0.0007062308608473122,-0.0007064803593376572,0.18935253019429515,0.18430698916620436
2023-11-30 00:00:00-05:00,28.190000534057617,28.280000686645508,28.190000534057617,28.25,6400,0.0,0.0,0.0,-0.0017667575409355818,-0.0017683200977503884,0.18202686872340965,0.18469157181720028
2023-12-01 00:00:00-05:00,28.0,28.1299991607666,27.860000610351562,27.979999542236328,16300,0.0,0.0,0.0,-0.009557538327917614,-0.009603504715503551,0.12067100336711462,0.18531149948041795
2023-12-04 00:00:00-05:00,27.84000015258789,27.989999771118164,27.540000915527344,27.649999618530273,35300,0.0,0.0,0.0,-0.011794136136704103,-0.011864238704976153,0.14504725245741693,0.17836714485943908
2023-12-05 00:00:00-05:00,27.709999084472656,27.729999542236328,27.360000610351562,27.6299991607666,22900,0.0,0.0,0.0,-0.0007233438712335172,-0.0007236056106375497,0.08477294865319004,0.1760082844443373
2023-12-06 00:00:00-05:00,27.559999465942383,27.559999465942383,27.360000610351562,27.440000534057617,19200,0.0,0.0,0.0,-0.006876533929786488,-0.006900286240907265,0.07640267718427216,0.1769868500503343
2023-12-07 00:00:00-05:00,27.459999084472656,27.75,27.440000534057617,27.719999313354492,4400,0.0,0.0,0.0,0.010204036947789152,0.010152327230515382,0.14021932114092792,0.18185452437133462
2023-12-08 00:00:00-05:00,27.81999969482422,27.979999542236328,27.43000030517578,27.6299991607666,46500,0.0,0.0,0.0,-0.0032467588317915963,-0.003252040989607987,0.13057709725124866,0.1786203101146257
2023-12-11 00:00:00-05:00,27.729999542236328,28.15999984741211,27.729999542236328,28.15999984741211,21400,0.0,0.0,0.0,0.01918207393209359,0.019000417309904875,0.17054632138944975,0.1921267730535809
2023-12-12 00:00:00-05:00,27.989999771118164,28.059999465942383,27.790000915527344,27.920000076293945,40600,0.0,0.0,0.0,-0.008522719191002448,-0.008559245244474722,0.19106691300091144,0.1667283853107994
2023-12-13 00:00:00-05:00,27.719999313354492,27.719999313354492,27.530000686645508,27.709999084472656,34100,0.0,0.0,0.0,-0.007521525474478596,-0.0075499547914773925,0.19303095145579988,0.167067224286491
2023-12-14 00:00:00-05:00,27.709999084472656,27.850000381469727,27.65999984741211,27.84000015258789,11800,0.0,0.0,0.0,0.0046914858322055775,0.00468051511182021,0.1819542653000493,0.16877954069096243
2023-12-15 00:00:00-05:00,27.489999771118164,27.899999618530273,27.489999771118164,27.719999313354492,5800,0.0,0.0,0.0,-0.004310374948839346,-0.004319691396165047,0.18363636459384264,0.1583727720460331
2023-12-18 00:00:00-05:00,27.770000457763672,27.93000030517578,27.600000381469727,27.93000030517578,15400,0.0,0.0,0.0,0.00757579354340443,0.007547241332595693,0.11614214930215812,0.15911757967334333
2023-12-19 00:00:00-05:00,27.6299991607666,27.989999771118164,27.479999542236328,27.530000686645508,12400,0.0,0.0,0.0,-0.014321504266369356,-0.014425046787302423,0.1422288476419282,0.1542663326948601
2023-12-20 00:00:00-05:00,27.549999237060547,27.549999237060547,27.34000015258789,27.34000015258789,8900,0.0,0.0,0.0,-0.006901581159414416,-0.006925507219308055,0.140988736858326,0.15189376165552673
2023-12-21 00:00:00-05:00,27.389999389648438,27.399999618530273,27.079999923706055,27.149999618530273,12000,0.0,0.0,0.0,-0.006949544001360719,-0.006973804547432069,0.12623268976542276,0.15087488589129636
2023-12-22 00:00:00-05:00,27.190000534057617,27.280000686645508,27.149999618530273,27.149999618530273,5800,0.0,0.0,0.0,0.0,0.0,0.13128424039123654,0.13585152511494766
2023-12-26 00:00:00-05:00,27.329999923706055,27.479999542236328,27.1200008392334,27.479999542236328,18500,0.0,0.0,0.0,0.012154693493285462,0.012081418366587705,0.15823930253830856,0.1436083965367887
2023-12-27 00:00:00-05:00,27.31999969482422,27.450000762939453,27.299999237060547,27.420000076293945,6500,0.0,0.0,0.0,-0.0021833867154970044,-0.002185773779493857,0.12434440748285708,0.1360408726083417
2023-12-28 00:00:00-05:00,27.479999542236328,27.56999969482422,27.239999771118164,27.280000686645508,14600,0.0,0.0,0.0,-0.0051057399437964834,-0.005118818771036982,0.11932306480486601,0.13656200750496453
2023-12-29 00:00:00-05:00,27.219999313354492,27.219999313354492,26.950000762939453,27.010000228881836,21300,0.0,0.0,0.0,-0.009897377234885707,-0.009946681867060206,0.13077612489112347,0.13955374409923182
2024-01-02 00:00:00-05:00,27.020000457763672,27.020000457763672,26.3700008392334,26.549999237060547,17500,0.0,0.0,0.0,-0.017030765935699965,-0.01717745732649254,0.17193380792740026,0.14709335017945988
2024-01-03 00:00:00-05:00,26.459999084472656,26.670000076293945,26.440000534057617,26.639999389648438,18900,0.0,0.0,0.0,0.00338983635307466,0.0033841038090953435,0.12303145111419629,0.14432512057441507
2024-01-04 00:00:00-05:00,26.389999389648438,26.530000686645508,26.239999771118164,26.469999313354492,29900,0.0,0.0,0.0,-0.006381384391472733,-0.006401832462601748,0.11797721732331345,0.14515015164143233
2024-01-05 00:00:00-05:00,26.1299991607666,26.399999618530273,26.1299991607666,26.18000030517578,15000,0.0,0.0,0.0,-0.010955761832317168,-0.01101621815990897,0.11934587269076359,0.14763064801843917
2024-01-08 00:00:00-05:00,25.969999313354492,26.049999237060547,25.809999465942383,26.049999237060547,21100,0.0,0.0,0.0,-0.004965663353698746,-0.004978033226710192,0.11999597579287409,0.14021452985483765
2024-01-09 00:00:00-05:00,25.899999618530273,26.110000610351562,25.850000381469727,26.110000610351562,10000,0.0,0.0,0.0,0.0023033157408178795,0.00230066717532565,0.09624348543795512,0.14149727463357623
2024-01-10 00:00:00-05:00,25.850000381469727,26.059999465942383,25.850000381469727,25.93000030517578,13800,0.0,0.0,0.0,-0.006893921906092171,-0.006917794767408863,0.07678605344750586,0.11572632804293105
2024-01-11 00:00:00-05:00,25.850000381469727,26.040000915527344,25.850000381469727,26.0,13500,0.0,0.0,0.0,0.0026995639799605176,0.00269592670169266,0.09436617171433696,0.11687708774342445
2024-01-12 00:00:00-05:00,26.270000457763672,26.270000457763672,25.3799991607666,25.850000381469727,38000,0.0,0.0,0.0,-0.005769216097318175,-0.005785922309994599,0.07368318136798027,0.11624722210798202
2024-01-16 00:00:00-05:00,25.899999618530273,25.989999771118164,25.65999984741211,25.829999923706055,74400,0.0,0.0,0.0,-0.0007737120877572279,-0.0007740115574334346,0.0708931340630771,0.11274107754763675
2024-01-17 00:00:00-05:00,25.5,25.65999984741211,25.34000015258789,25.389999389648438,22900,0.0,0.0,0.0,-0.017034476785026897,-0.01718123247652048,0.1189570432912479,0.12227508392411734
2024-01-18 00:00:00-05:00,25.399999618530273,25.549999237060547,25.350000381469727,25.540000915527344,9700,0.0,0.0,0.0,0.005907897971043852,0.005890514773661984,0.14230213566267247,0.12024359892842783
2024-01-19 00:00:00-05:00,25.75,25.81999969482422,25.459999084472656,25.549999237060547,14100,0.0,0.0,0.0,0.0003914769449802069,0.00039140033787360667,0.13734117711346616,0.11544575210832302
2024-01-22 00:00:00-05:00,25.149999618530273,25.729999542236328,25.149999618530273,25.709999084472656,21300,0.0,0.0,0.0,0.006262225134630484,0.006242698878952366,0.15050227915412798,0.11997123417888925
2024-01-23 00:00:00-05:00,25.5,25.989999771118164,25.5,25.989999771118164,14800,0.0,0.0,0.0,0.010890731101371731,0.010831854178842713,0.1729548629027062,0.1286622829884342
2024-01-24 00:00:00-05:00,26.059999465942383,26.06999969482422,25.860000610351562,25.969999313354492,10800,0.0,0.0,0.0,-0.0007695443609005981,-0.0007698406121577019,0.07553765570814591,0.12852067904362252
2024-01-25 00:00:00-05:00,26.1299991607666,26.1299991607666,25.520000457763672,25.6200008392334,28100,0.0,0.0,0.0,-0.013477030549674085,-0.013568670009155575,0.14592984441046608,0.12265285525044521
2024-01-26 00:00:00-05:00,25.389999389648438,25.510000228881836,25.149999618530273,25.3700008392334,13900,0.0,0.0,0.0,-0.009758001241637726,-0.00980592253460535,0.16379917070097516,0.12453192895007967
2024-01-29 00:00:00-05:00,25.219999313354492,25.3799991607666,25.06999969482422,25.239999771118164,13500,0.0,0.0,0.0,-0.005124204328531001,-0.005137378086151708,0.1497138092400681,0.12453441881672284
2024-01-30 00:00:00-05:00,25.399999618530273,25.719999313354492,25.239999771118164,25.690000534057617,22200,0.0,0.0,0.0,0.017828873495251862,0.017671803305539066,0.19377790086267782,0.14403748599897073
2024-01-31 00:00:00-05:00,25.56999969482422,25.729999542236328,25.469999313354492,25.729999542236328,29900,0.0,0.0,0.0,0.0015569874405290118,0.0015557765922714424,0.19560058453004106,0.13385551630814807
2024-02-01 00:00:00-05:00,25.56999969482422,25.56999969482422,25.309999465942383,25.389999389648438,17200,0.0,0.0,0.0,-0.013214153075664536,-0.013302236825070816,0.19461788714572673,0.1386453485457631
2024-02-02 00:00:00-05:00,25.290000915527344,25.299999237060547,25.0,25.059999465942383,33300,0.0,0.0,0.0,-0.01299724031661842,-0.013082443520769444,0.20414846491477986,0.14310517848258528
2024-02-05 00:00:00-05:00,25.049999237060547,25.190000534057617,24.81999969482422,25.15999984741211,39700,0.0,0.0,0.0,0.0039904382921329695,0.003982497610774182,0.20669668175863828,0.1414867701503771
2024-02-06 00:00:00-05:00,25.25,25.31999969482422,25.170000076293945,25.280000686645508,11100,0.0,0.0,0.0,0.004769508742494821,0.004758170672728439,0.14508278770881977,0.14294471604880044
2024-02-07 00:00:00-05:00,25.110000610351562,25.1200008392334,24.8799991607666,25.010000228881836,15200,0.0,0.0,0.0,-0.010680397564478805,-0.01073784239912612,0.1459256466890325,0.14581136886763274
2024-02-08 00:00:00-05:00,25.079999923706055,25.290000915527344,24.84000015258789,25.170000076293945,21700,0.0,0.0,0.0,0.0063974348639685985,0.006377058137230157,0.1480843959679734,0.14764856996716236
2024-02-09 00:00:00-05:00,25.100000381469727,25.110000610351562,24.850000381469727,24.8700008392334,14600,0.0,0.0,0.0,-0.011918920784712128,-0.011990520618248799,0.14301470596385046,0.15127957560500896
2024-02-12 00:00:00-05:00,25.030000686645508,25.1200008392334,25.0,25.059999465942383,15900,0.0,0.0,0.0,0.0076396711016291086,0.007610636596642383,0.15376462582780775,0.15450866109418523
2024-02-13 00:00:00-05:00,25.06999969482422,25.06999969482422,24.860000610351562,24.959999084472656,24900,0.0,0.0,0.0,-0.0039904382921328585,-0.003998421335319221,0.14631980534315508,0.1547283114498004
2024-02-14 00:00:00-05:00,24.979999542236328,24.979999542236328,24.530000686645508,24.610000610351562,29300,0.0,0.0,0.0,-0.014022375278804566,-0.014121617617523228,0.159413414079352,0.15108693878439594
2024-02-15 00:00:00-05:00,24.540000915527344,24.649999618530273,24.360000610351562,24.469999313354492,31600,0.0,0.0,0.0,-0.0056887969737872135,-0.005705039810048996,0.13487553917423026,0.14912436643735638
2024-02-16 00:00:00-05:00,24.56999969482422,24.649999618530273,24.520000457763672,24.649999618530273,16500,0.0,0.0,0.0,0.007355958734234447,0.00732903561938109,0.14683467145427367,0.15267190652530332
2024-02-20 00:00:00-05:00,24.770000457763672,24.899999618530273,24.649999618530273,24.780000686645508,18000,0.0,0.0,0.0,0.005273877084261969,0.005260018897407622,0.1380078456116775,0.15202311419457495
2024-02-21 00:00:00-05:00,24.579999923706055,24.579999923706055,24.360000610351562,24.40999984741211,16100,0.0,0.0,0.0,-0.014931429740952407,-0.01504402575683292,0.16591491332497257,0.15106923080115353
2024-02-22 00:00:00-05:00,24.43000030517578,24.469999313354492,24.1299991607666,24.219999313354492,38300,0.0,0.0,0.0,-0.007783717134179358,-0.007814168379233988,0.14807939476518012,0.15169194076241513
2024-02-23 00:00:00-05:00,24.139999389648438,24.139999389648438,23.940000534057617,24.049999237060547,28600,0.0,0.0,0.0,-0.0070189959171556016,-0.007043744945879075,0.14980451761578203,0.14770341156797556
2024-02-26 00:00:00-05:00,23.950000762939453,24.100000381469727,23.850000381469727,24.040000915527344,43300,0.0,0.0,0.0,-0.00041573063826949586,-0.0004158170782092782,0.1221985864845091,0.1458422297683164
2024-02-27 00:00:00-05:00,24.219999313354492,24.389999389648438,23.989999771118164,24.049999237060547,49200,0.0,0.0,0.0,0.0004159035421145152,0.0004158170782092757,0.09923921798882326,0.14592082050731048
2024-02-28 00:00:00-05:00,23.969999313354492,24.190000534057617,23.920000076293945,24.15999984741211,10100,0.0,0.0,0.0,0.00457383009734369,0.004563401922174638,0.08331961338766827,0.12807807476252556
2024-02-29 00:00:00-05:00,23.989999771118164,24.190000534057617,23.790000915527344,23.969999313354492,14400,0.0,0.0,0.0,-0.00786426056529832,-0.007895346950634657,0.08367028513103689,0.12796453651527792
2024-03-01 00:00:00-05:00,24.09000015258789,24.219999313354492,23.989999771118164,24.209999084472656,33100,0.0,0.0,0.0,0.010012506382695241,0.009962713333628857,0.10479726886991658,0.13111317092474123
2024-03-04 00:00:00-05:00,24.469999313354492,24.510000228881836,24.260000228881836,24.34000015258789,112300,0.0,0.0,0.0,0.0053697262714318406,0.005355360694514289,0.10670668825552804,0.12747921516109365
2024-03-05 00:00:00-05:00,24.34000015258789,24.360000610351562,24.170000076293945,24.270000457763672,46600,0.0,0.0,0.0,-0.0028759118482082346,-0.0028800552285921707,0.11312608649332649,0.12593049495655065
2024-03-06 00:00:00-05:00,24.280000686645508,24.280000686645508,24.059999465942383,24.260000228881836,43100,0.0,0.0,0.0,-0.00041204073725664703,-0.00041212564936685993,0.1110628242924541,0.12368533207863741
2024-03-07 00:00:00-05:00,24.350000381469727,24.56999969482422,24.350000381469727,24.56999969482422,39400,0.0,0.0,0.0,0.012778213644587089,0.01269726116198127,0.10562199156471509,0.1297995312025957
2024-03-08 00:00:00-05:00,24.540000915527344,24.979999542236328,24.34000015258789,24.969999313354492,150000,0.0,0.0,0.0,0.01628000095639126,0.01614890268044154,0.1308217431766558,0.1413498587001317
2024-03-11 00:00:00-04:00,24.920000076293945,25.0,24.81999969482422,24.920000076293945,70400,0.0,0.0,0.0,-0.0020023723842798047,-0.0020043798120553944,0.1437034950178805,0.13482794153712943
2024-03-12 00:00:00-04:00,24.989999771118164,25.239999771118164,24.850000381469727,25.209999084472656,87200,0.0,0.0,0.0,0.011637199329488812,0.011570007902981523,0.13158565515488188,0.13847653815885866
2024-03-13 00:00:00-04:00,25.15999984741211,25.270000457763672,24.950000762939453,25.270000457763672,44800,0.0,0.0,0.0,0.002380062493852808,0.0023772346312198635,0.12193952375849025,0.13768165312506883
2024-03-14 00:00:00-04:00,25.18000030517578,25.549999237060547,25.1200008392334,25.270000457763672,67800,0.0,0.0,0.0,0.0,0.0,0.12550323762166327,0.12639234945698827
2024-03-15 00:00:00-04:00,25.06999969482422,25.34000015258789,25.0,25.260000228881836,28700,0.0,0.0,0.0,-0.0003957352077832432,-0.0003958135316249323,0.08631348833055003,0.12385135758177986
2024-03-18 00:00:00-04:00,25.170000076293945,25.290000915527344,25.049999237060547,25.100000381469727,62100,0.0,0.0,0.0,-0.006334119000884542,-0.006354264647648442,0.10371580091213306,0.12496885329269568
2024-03-19 00:00:00-04:00,24.920000076293945,25.1299991607666,24.920000076293945,25.100000381469727,27600,0.0,0.0,0.0,0.0,0.0,0.05153608904948888,0.12393781983270018
2024-03-20 00:00:00-04:00,25.049999237060547,25.540000915527344,25.049999237060547,25.540000915527344,49300,0.0,0.0,0.0,0.01752990148886413,0.01737802511546021,0.1429249993714086,0.1233006299323507
2024-03-21 00:00:00-04:00,25.639999389648438,25.639999389648438,25.3700008392334,25.559999465942383,35800,0.0,0.0,0.0,0.0007830285707970397,0.0007827221638655192,0.14228614618849003,0.11763379002535268
2024-03-22 00:00:00-04:00,25.239999771118164,25.280000686645508,25.1200008392334,25.170000076293945,36300,0.0,0.0,0.0,-0.015258192402081039,-0.015375796436690348,0.1909389228478715,0.12969970379213464
2024-03-25 00:00:00-04:00,25.1299991607666,25.440000534057617,25.1299991607666,25.3700008392334,30600,0.0,0.0,0.0,0.007945997708908248,0.007914594512574959,0.19109813062824607,0.13076077772901093
2024-03-26 00:00:00-04:00,25.3799991607666,25.389999389648438,25.170000076293945,25.170000076293945,44900,0.0,0.0,0.0,-0.007883356575619893,-0.007914594512574986,0.2045388289053869,0.13592382662144536
2024-03-27 00:00:00-04:00,25.170000076293945,25.209999084472656,25.0,25.030000686645508,19800,0.0,0.0,0.0,-0.005562152929045605,-0.005577679301787173,0.13971636127061574,0.13842679482072126
2024-03-28 00:00:00-04:00,24.969999313354492,25.260000228881836,24.729999542236328,25.209999084472656,90000,0.0,0.0,0.0,0.007191306148192966,0.007165572007205457,0.15952530304272447,0.13474365089100762
2024-04-01 00:00:00-04:00,25.219999313354492,25.260000228881836,25.010000228881836,25.059999465942383,25700,0.0,0.0,0.0,-0.00595000491779718,-0.005967776727024719,0.12289030284785699,0.13494601414753213
2024-04-02 00:00:00-04:00,25.139999389648438,25.31999969482422,24.93000030517578,24.950000762939453,31100,0.0,0.0,0.0,-0.004389413621194271,-0.004399075380501266,0.09537910866136527,0.13592746421621643
2024-04-03 00:00:00-04:00,24.93000030517578,25.229999542236328,24.920000076293945,25.190000534057617,23800,0.0,0.0,0.0,0.009619229009189434,0.009573258789431615,0.1202922882047405,0.13808800887653802
2024-04-04 00:00:00-04:00,25.06999969482422,25.149999618530273,24.979999542236328,25.110000610351562,135400,0.0,0.0,0.0,-0.00317586034180084,-0.003180914089089828,0.11414982859503424,0.13904637729944916
2024-04-05 00:00:00-04:00,25.170000076293945,25.260000228881836,25.09000015258789,25.15999984741211,30900,0.0,0.0,0.0,0.0019912081180888386,0.001989228290933697,0.1005635951094963,0.13284272131581648
2024-04-08 00:00:00-04:00,25.260000228881836,25.280000686645508,25.059999465942383,25.1200008392334,53500,0.0,0.0,0.0,-0.0015897857083184697,-0.0015910507585679737,0.08950786052754825,0.12054941396989924
2024-04-09 00:00:00-04:00,25.0,25.149999618530273,24.959999084472656,25.0,24000,0.0,0.0,0.0,-0.00477710331306902,-0.004788550140769487,0.09087155172406715,0.12165775235260141
2024-04-10 00:00:00-04:00,24.889999389648438,24.899999618530273,24.760000228881836,24.81999969482422,17000,0.0,0.0,0.0,-0.007200012207031259,-0.0072260573872989595,0.054828929646929626,0.11640746496294352
2024-04-11 00:00:00-04:00,24.860000610351562,24.860000610351562,24.510000228881836,24.760000228881836,35800,0.0,0.0,0.0,-0.0024173838307860462,-0.002420310420490491,0.054896726984138826,0.11593915885318536
2024-04-12 00:00:00-04:00,24.799999237060547,25.049999237060547,24.780000686645508,24.90999984741211,113400,0.0,0.0,0.0,0.006058142857175763,0.0060398660881099565,0.07938344837899668,0.1185917268954172
2024-04-15 00:00:00-04:00,24.770000457763672,24.8700008392334,24.649999618530273,24.770000457763672,24800,0.0,0.0,0.0,-0.005620208370373914,-0.005636061166685284,0.08318428920804438,0.11986257163254178
2024-04-16 00:00:00-04:00,24.649999618530273,24.690000534057617,24.5,24.520000457763672,21200,0.0,0.0,0.0,-0.010092854072662805,-0.010144132244834117,0.09835568585809953,0.12280750132723249
2024-04-17 00:00:00-04:00,24.510000228881836,24.690000534057617,24.510000228881836,24.559999465942383,40000,0.0,0.0,0.0,0.0016312808903740095,0.0016299517969225398,0.09940768800819176,0.12314437264055429
2024-04-18 00:00:00-04:00,24.56999969482422,24.56999969482422,24.329999923706055,24.329999923706055,63900,0.0,0.0,0.0,-0.009364802411957363,-0.009408927874290453,0.11226166575957967,0.10496322155105858
2024-04-19 00:00:00-04:00,24.329999923706055,24.670000076293945,24.329999923706055,24.6200008392334,15100,0.0,0.0,0.0,0.011919478686260865,0.01184900118413818,0.14620761895608742,0.11628040153554806
2024-04-22 00:00:00-04:00,24.549999237060547,24.969999313354492,24.549999237060547,24.899999618530273,61900,0.0,0.0,0.0,0.011372817617888886,0.0113086333068201,0.16980270311620774,0.11394151766958074
2024-04-23 00:00:00-04:00,24.790000915527344,24.969999313354492,24.790000915527344,24.940000534057617,30300,0.0,0.0,0.0,0.001606462495588712,0.0016051735149951853,0.13871522525526173,0.1098465977567331
2024-04-24 00:00:00-04:00,24.899999618530273,25.040000915527344,24.889999389648438,24.90999984741211,27300,0.0,0.0,0.0,-0.001202914434766722,-0.0012036385170663528,0.14244362497259724,0.10667228506576856
2024-04-25 00:00:00-04:00,24.760000228881836,25.0,24.690000534057617,24.969999313354492,94100,0.0,0.0,0.0,0.0024086497916464555,0.0024057536443411963,0.09556247667771328,0.10539771361379636
2024-04-26 00:00:00-04:00,24.8700008392334,24.969999313354492,24.8700008392334,24.959999084472656,17000,0.0,0.0,0.0,-0.000400489753977995,-0.00040056997141773914,0.07989785900033193,0.10181712363655646
2024-04-29 00:00:00-04:00,25.0,25.15999984741211,24.90999984741211,25.030000686645508,36100,0.0,0.0,0.0,0.002804551471975003,0.0028006260551384967,0.027964993409191913,0.10030869399099687
2024-04-30 00:00:00-04:00,24.889999389648438,24.93000030517578,24.579999923706055,24.649999618530273,32300,0.0,0.0,0.0,-0.015181824118685738,-0.015298247863329645,0.11745524650498071,0.11302355454967075
2024-05-01 00:00:00-04:00,24.56999969482422,24.809999465942383,24.56999969482422,24.790000915527344,98000,0.0,0.0,0.0,0.0056795658889921,0.0056634979651616684,0.1309464996692659,0.10910527154467545
2024-05-02 00:00:00-04:00,24.799999237060547,25.299999237060547,24.799999237060547,25.299999237060547,45100,0.0,0.0,0.0,0.020572743150395034,0.020363982599349167,0.20355555175877224,0.13228555425665942
2024-05-03 00:00:00-04:00,25.420000076293945,25.559999465942383,25.31999969482422,25.549999237060547,53100,0.0,0.0,0.0,0.009881423222882546,0.009832921211304581,0.20676770020108096,0.13643627541480152
2024-05-06 00:00:00-04:00,25.520000457763672,26.030000686645508,25.520000457763672,26.010000228881836,97700,0.0,0.0,0.0,0.018003953250771643,0.01784380147125412,0.22509582563682265,0.14902285321903536
2024-05-07 00:00:00-04:00,25.979999542236328,26.190000534057617,25.959999084472656,26.110000610351562,46500,0.0,0.0,0.0,0.003844689757391162,0.003837317826874904,0.11764032110071834,0.14711854281039993
2024-05-08 00:00:00-04:00,25.940000534057617,26.0,25.729999542236328,25.780000686645508,57100,0.0,0.0,0.0,-0.012638832477668505,-0.012719381941343116,0.21073343889741436,0.15288861382697802
2024-05-09 00:00:00-04:00,25.65999984741211,25.799999237060547,25.469999313354492,25.530000686645508,29000,0.0,0.0,0.0,-0.009697439617583292,-0.00974476599683012,0.20586400710429822,0.15774919440442814
2024-05-10 00:00:00-04:00,25.59000015258789,25.709999084472656,25.40999984741211,25.68000030517578,24100,0.0,0.0,0.0,0.005875425558007796,0.005858232556527474,0.1978621211282398,0.15768170621223598
2024-05-13 00:00:00-04:00,25.709999084472656,25.8799991607666,25.690000534057617,25.809999465942383,35800,0.0,0.0,0.0,0.005062272555362846,0.005049502333082266,0.14138498701553429,0.15576868734802546
2024-05-14 00:00:00-04:00,25.8700008392334,25.8700008392334,25.549999237060547,25.649999618530273,50100,0.0,0.0,0.0,-0.006199141833506672,-0.006218436293970375,0.1352646614632083,0.15229947045582834
2024-05-15 00:00:00-04:00,25.8799991607666,25.899999618530273,25.489999771118164,25.530000686645508,34100,0.0,0.0,0.0,-0.004678321000756491,-0.004689298595639363,0.11110127619941186,0.15429998997911365
2024-05-16 00:00:00-04:00,25.59000015258789,25.59000015258789,25.43000030517578,25.450000762939453,31800,0.0,0.0,0.0,-0.0031335652782767953,-0.003138485174519126,0.0899376809075044,0.14973963097359244
2024-05-17 00:00:00-04:00,25.540000915527344,25.799999237060547,25.520000457763672,25.520000457763672,66900,0.0,0.0,0.0,0.0027504790854919747,0.0027467034395310852,0.07762427009182912,0.14539730555276031
2024-05-20 00:00:00-04:00,25.540000915527344,25.8799991607666,25.540000915527344,25.770000457763672,60200,0.0,0.0,0.0,0.009796238068794594,0.00974856601366974,0.10447001819127648,0.14412799602263077
2024-05-21 00:00:00-04:00,25.690000534057617,25.809999465942383,25.6200008392334,25.719999313354492,78100,0.0,0.0,0.0,-0.0019402849639498232,-0.0019421697552365637,0.0930522916670076,0.14472597658310726
2024-05-22 00:00:00-04:00,25.670000076293945,25.920000076293945,25.670000076293945,25.920000076293945,51700,0.0,0.0,0.0,0.0077760796375918595,0.007746001755043086,0.09087261224295129,0.14594016133387175
2024-05-23 00:00:00-04:00,25.969999313354492,26.0,25.719999313354492,25.739999771118164,53600,0.0,0.0,0.0,-0.006944456197760851,-0.00696868115160084,0.10935657553653966,0.14935417735731868
2024-05-24 00:00:00-04:00,25.739999771118164,25.8700008392334,25.739999771118164,25.860000610351562,21700,0.0,0.0,0.0,0.004662037307709976,0.004651203669947411,0.11070008878780019,0.14955300530575338
2024-05-28 00:00:00-04:00,25.850000381469727,25.850000381469727,25.6200008392334,25.68000030517578,42600,0.0,0.0,0.0,-0.006960568481337526,-0.006984906240307311,0.10658402331655809,0.15268013469865066
2024-05-29 00:00:00-04:00,25.530000686645508,25.68000030517578,25.399999618530273,25.43000030517578,56700,0.0,0.0,0.0,-0.009735202376520702,-0.009782899270903672,0.12513545975401827,0.14594486900479645
2024-05-30 00:00:00-04:00,25.459999084472656,25.549999237060547,25.270000457763672,25.290000915527344,61100,0.0,0.0,0.0,-0.005505284623214979,-0.005520494551615315,0.0882442024817751,0.14719190862947
2024-05-31 00:00:00-04:00,25.450000762939453,25.540000915527344,25.15999984741211,25.270000457763672,24500,0.0,0.0,0.0,-0.0007908444855528884,-0.0007911573680248477,0.09004327162877566,0.12785445713574362
2024-06-03 00:00:00-04:00,25.139999389648438,25.139999389648438,24.719999313354492,24.84000015258789,49900,0.0,0.0,0.0,-0.017016236540813856,-0.017162676306900843,0.0951078389192141,0.13561683231250077
2024-06-04 00:00:00-04:00,24.790000915527344,24.84000015258789,24.6200008392334,24.6200008392334,38100,0.0,0.0,0.0,-0.008856655072587483,-0.008896108364335418,0.0947522039497518,0.11694475842990239
2024-06-05 00:00:00-04:00,24.65999984741211,24.719999313354492,24.5,24.5,26300,0.0,0.0,0.0,-0.004874120030173623,-0.004886037293091001,0.09664056634517378,0.11452704981212349
2024-06-06 00:00:00-04:00,24.639999389648438,24.950000762939453,24.639999389648438,24.920000076293945,94500,0.0,0.0,0.0,0.01714286025689571,0.016997579430125857,0.20155149458845176,0.12960614843513035
2024-06-07 00:00:00-04:00,24.65999984741211,25.020000457763672,24.530000686645508,24.670000076293945,47100,0.0,0.0,0.0,-0.01003210269801813,-0.010082763346962006,0.20614500653551918,0.12988643762895352
2024-06-10 00:00:00-04:00,24.75,24.760000228881836,24.6200008392334,24.700000762939453,54600,0.0,0.0,0.0,0.0012160797143383473,0.0012153408883227598,0.17612057664444264,0.12731929507430692
2024-06-11 00:00:00-04:00,24.690000534057617,24.700000762939453,24.5,24.530000686645508,55900,0.0,0.0,0.0,-0.0068825939693498706,-0.006906388259699167,0.1711162102497474,0.12568937513628023
2024-06-12 00:00:00-04:00,24.600000381469727,24.610000610351562,24.350000381469727,24.520000457763672,21900,0.0,0.0,0.0,-0.00040767340407288355,-0.00040775652546676646,0.16712038364520537,0.12511487010563757
2024-06-13 00:00:00-04:00,24.5,24.709999084472656,24.5,24.6299991607666,100200,0.0,0.0,0.0,0.004486080789125824,0.004476048321818393,0.09484181465755553,0.1269429672868498
2024-06-14 00:00:00-04:00,24.579999923706055,24.610000610351562,24.43000030517578,24.459999084472656,51600,0.0,0.0,0.0,-0.006902155180124381,-0.006926085229367249,0.0803048128610311,0.12818162073153974
2024-06-17 00:00:00-04:00,24.290000915527344,24.309999465942383,24.09000015258789,24.110000610351562,31900,0.0,0.0,0.0,-0.01430901419547781,-0.014412375321087,0.11356138161151078,0.134052072533615
2024-06-18 00:00:00-04:00,24.219999313354492,24.260000228881836,24.149999618530273,24.149999618530273,23900,0.0,0.0,0.0,0.0016590214502747447,0.0016576467943675893,0.1197299369771116,0.12682474395352153
2024-06-20 00:00:00-04:00,24.030000686645508,24.1200008392334,23.860000610351562,23.959999084472656,35200,0.0,0.0,0.0,-0.00786751706247768,-0.00789862926614286,0.12088958218117135,0.12777882228379991
2024-06-21 00:00:00-04:00,23.979999542236328,24.040000915527344,23.829999923706055,23.969999313354492,9900,0.0,0.0,0.0,0.00041737183906298547,0.00041728476366466766,0.10391052052470637,0.12168505322056182
2024-06-24 00:00:00-04:00,23.860000610351562,24.149999618530273,23.760000228881836,24.079999923706055,20200,0.0,0.0,0.0,0.004589095265024712,0.004578597472011456,0.12360564260911931,0.12467668972992343
2024-06-25 00:00:00-04:00,24.010000228881836,24.010000228881836,23.700000762939453,23.700000762939453,12400,0.0,0.0,0.0,-0.015780696095123448,-0.015906536939643962,0.1321575313289048,0.1284258171346143
2024-06-26 00:00:00-04:00,23.700000762939453,23.81999969482422,23.6299991607666,23.649999618530273,28100,0.0,0.0,0.0,-0.002109752860741221,-0.0021119815244794488,0.1256215075903789,0.12825742013689592
2024-06-27 00:00:00-04:00,23.670000076293945,23.719999313354492,23.56999969482422,23.6200008392334,26600,0.0,0.0,0.0,-0.0012684473480232272,-0.0012692525083015465,0.1220031398778475,0.12681734853428966
2024-06-28 00:00:00-04:00,23.700000762939453,23.90999984741211,23.59000015258789,23.649999618530273,38300,0.0,0.0,0.0,0.0012700583501692453,0.0012692525083014578,0.12357328045586599,0.1277827746079026
2024-07-01 00:00:00-04:00,23.719999313354492,23.90999984741211,23.549999237060547,23.899999618530273,22300,0.0,0.0,0.0,0.010570824694818182,0.010515344168244766,0.15012432040224155,0.13680620695372686
2024-07-02 00:00:00-04:00,23.979999542236328,24.100000381469727,23.799999237060547,23.899999618530273,18400,0.0,0.0,0.0,0.0,0.0,0.08136827337058414,0.12618965249578123
2024-07-03 00:00:00-04:00,24.030000686645508,24.170000076293945,23.989999771118164,24.149999618530273,18300,0.0,0.0,0.0,0.010460251212981886,0.010405921326345161,0.09253163804580566,0.13061102564471488
2024-07-05 00:00:00-04:00,24.149999618530273,24.299999237060547,23.979999542236328,24.299999237060547,120200,0.0,0.0,0.0,0.006211164426486393,0.00619195464708336,0.07887912080832002,0.13209135802090122
2024-07-08 00:00:00-04:00,24.020000457763672,24.020000457763672,23.579999923706055,23.65999984741211,96900,0.0,0.0,0.0,-0.02633742426923036,-0.026690466848768607,0.2450586414353927,0.14512795144235022
2024-07-09 00:00:00-04:00,23.600000381469727,23.68000030517578,23.25,23.270000457763672,60700,0.0,0.0,0.0,-0.016483490793052336,-0.01662085511501011,0.24804414339329764,0.1512177707499657
2024-07-10 00:00:00-04:00,23.270000457763672,23.780000686645508,23.0,23.0,30800,0.0,0.0,0.0,-0.01160294166103426,-0.011670781056888574,0.24630306738508356,0.1534494442530312
2024-07-11 00:00:00-04:00,23.1200008392334,23.190000534057617,22.969999313354492,23.1200008392334,13200,0.0,0.0,0.0,0.005217427792756357,0.005203864174048699,0.22394806945878665,0.15591797890538672
2024-07-12 00:00:00-04:00,23.049999237060547,23.200000762939453,22.920000076293945,22.989999771118164,33400,0.0,0.0,0.0,-0.005622883364892806,-0.005638751283821045,0.18742364517170707,0.15590711278184868
2024-07-15 00:00:00-04:00,22.65999984741211,22.700000762939453,22.459999084472656,22.479999542236328,47700,0.0,0.0,0.0,-0.02218356824529155,-0.02243332415703998,0.16718849388745535,0.16689113081718346
2024-07-16 00:00:00-04:00,22.540000915527344,22.780000686645508,22.469999313354492,22.670000076293945,36400,0.0,0.0,0.0,0.008451981224494087,0.008416463222514601,0.19835258785872148,0.17276053577368328
2024-07-17 00:00:00-04:00,22.670000076293945,22.690000534057617,22.5,22.59000015258789,9600,0.0,0.0,0.0,-0.003528889432590332,-0.00353513065027486,0.18990136506791766,0.16818743775853215
2024-07-18 00:00:00-04:00,22.479999542236328,22.68000030517578,22.3700008392334,22.549999237060547,42300,0.0,0.0,0.0,-0.0017707355138181224,-0.0017723051191256534,0.17555282023711008,0.1673124116154595
2024-07-19 00:00:00-04:00,22.649999618530273,22.670000076293945,22.399999618530273,22.399999618530273,72500,0.0,0.0,0.0,-0.00665186800910178,-0.006674090284356057,0.17595989387468633,0.16693406493111923
2024-07-22 00:00:00-04:00,22.670000076293945,23.139999389648438,22.670000076293945,23.110000610351562,44000,0.0,0.0,0.0,0.03169647338895243,0.03120450886590586,0.2480851658490394,0.20805119678913606
2024-07-23 00:00:00-04:00,23.18000030517578,23.3799991607666,23.110000610351562,23.219999313354492,130900,0.0,0.0,0.0,0.004759787974806917,0.0047484960014471,0.24682960649626873,0.20812097781562192
2024-07-24 00:00:00-04:00,23.219999313354492,23.25,22.899999618530273,22.93000030517578,33100,0.0,0.0,0.0,-0.012489191074692374,-0.012567836519617409,0.2729259895936634,0.20548603594475565
2024-07-25 00:00:00-04:00,23.079999923706055,23.3799991607666,23.06999969482422,23.299999237060547,51400,0.0,0.0,0.0,0.01613601949238741,0.01600721764864089,0.2822052128135884,0.21484457017341746
2024-07-26 00:00:00-04:00,23.299999237060547,23.299999237060547,22.610000610351562,22.6200008392334,91100,0.0,0.0,0.0,-0.029184481549061836,-0.029618820038110016,0.3782968657403615,0.23754846274192054
2024-07-29 00:00:00-04:00,22.399999618530273,22.6299991607666,22.110000610351562,22.549999237060547,35900,0.0,0.0,0.0,-0.0030946772579882875,-0.003099475673910181,0.2733848750106209,0.23724342867511167
2024-07-30 00:00:00-04:00,22.299999237060547,22.329999923706055,22.170000076293945,22.170000076293945,18000,0.0,0.0,0.0,-0.01685140459526402,-0.01699500504591692,0.2689169062081771,0.2375229273516418
2024-07-31 00:00:00-04:00,22.290000915527344,22.350000381469727,22.18000030517578,22.309999465942383,9000,0.0,0.0,0.0,0.006314812321454921,0.006294957436868615,0.28653016084397265,0.23985390214897667
2024-08-01 00:00:00-04:00,22.280000686645508,22.290000915527344,22.079999923706055,22.1200008392334,17900,0.0,0.0,0.0,-0.008516299025422613,-0.008552769912242937,0.21455399536529426,0.2347908257564418
2024-08-02 00:00:00-04:00,22.270000457763672,22.469999313354492,22.270000457763672,22.450000762939453,19000,0.0,0.0,0.0,0.014918621663013054,0.014808433578042327,0.1973273492256952,0.24187697370965525
2024-08-05 00:00:00-04:00,22.219999313354492,22.700000762939453,22.219999313354492,22.700000762939453,30700,0.0,0.0,0.0,0.011135857082584133,0.01107430992482117,0.21491383708899514,0.23202594307170787
2024-08-06 00:00:00-04:00,22.540000915527344,22.6200008392334,22.309999465942383,22.329999923706055,42400,0.0,0.0,0.0,-0.016299595894175956,-0.01643389566161424,0.21197712133745666,0.23187422114845682
2024-08-07 00:00:00-04:00,22.239999771118164,22.360000610351562,22.18000030517578,22.260000228881836,32100,0.0,0.0,0.0,-0.0031347825823280218,-0.003139706305808204,0.20908066395744296,0.22913473126586759
2024-08-08 00:00:00-04:00,22.260000228881836,22.260000228881836,21.950000762939453,22.010000228881836,46000,0.0,0.0,0.0,-0.011230907341844065,-0.011294450192238327,0.21649325999132377,0.23014236094279852
2024-08-09 00:00:00-04:00,22.09000015258789,22.09000015258789,21.8700008392334,21.920000076293945,16800,0.0,0.0,0.0,-0.004089057321761902,-0.004097440376985258,0.16474307243374772,0.2299179914816012
2024-08-12 00:00:00-04:00,21.8700008392334,21.8700008392334,21.450000762939453,21.670000076293945,56300,0.0,0.0,0.0,-0.011405109449354911,-0.011470646491392955,0.08777571755113603,0.22053474833468942
2024-08-13 00:00:00-04:00,21.399999618530273,21.399999618530273,21.1200008392334,21.149999618530273,32800,0.0,0.0,0.0,-0.02399632930008755,-0.024288931613091917,0.132455413188436,0.23049511859325764
2024-08-14 00:00:00-04:00,21.209999084472656,21.3799991607666,21.200000762939453,21.25,46600,0.0,0.0,0.0,0.0047281505093792475,0.004717007914532631,0.16800629156448768,0.232273449013163
2024-08-15 00:00:00-04:00,21.299999237060547,21.479999542236328,21.239999771118164,21.25,39100,0.0,0.0,0.0,0.0,0.0,0.178065707797592,0.23247776636869924
2024-08-16 00:00:00-04:00,21.1299991607666,21.209999084472656,21.020000457763672,21.06999969482422,36300,0.0,0.0,0.0,-0.008470602596507337,-0.008506682038228651,0.17633534869756198,0.23296007380937403
2024-08-19 00:00:00-04:00,21.100000381469727,21.489999771118164,21.100000381469727,21.469999313354492,62600,0.0,0.0,0.0,0.01898432009130646,0.018806366576866046,0.2528743115769961,0.2112399018689355
2024-08-20 00:00:00-04:00,21.459999084472656,21.59000015258789,21.399999618530273,21.489999771118164,9300,0.0,0.0,0.0,0.0009315537216263436,0.0009311200947351402,0.1593516758646815,0.20966429957940494
2024-08-21 00:00:00-04:00,21.579999923706055,21.6200008392334,21.450000762939453,21.600000381469727,21500,0.0,0.0,0.0,0.005118688297959029,0.005105632346956286,0.15960618322487802,0.20927989679462883
2024-08-22 00:00:00-04:00,21.440000534057617,21.440000534057617,21.100000381469727,21.110000610351562,48700,0.0,0.0,0.0,-0.022685174188169288,-0.02294644157761428,0.24673851726934998,0.20780785438637772
2024-08-23 00:00:00-04:00,21.170000076293945,21.389999389648438,21.170000076293945,21.350000381469727,38000,0.0,0.0,0.0,0.011369008251021828,0.01130486676892748,0.25020684137775745,0.19421405716525164
2024-08-26 00:00:00-04:00,21.229999542236328,21.559999465942383,21.229999542236328,21.530000686645508,24800,0.0,0.0,0.0,0.008430927492254714,0.008395585726702478,0.21591917849373451,0.1982598255649911
2024-08-27 00:00:00-04:00,21.639999389648438,21.729999542236328,21.549999237060547,21.649999618530273,42500,0.0,0.0,0.0,0.005573568418843378,0.005558093559879448,0.21881898409898226,0.19222395867356037
2024-08-28 00:00:00-04:00,21.6299991607666,21.6299991607666,21.350000381469727,21.450000762939453,39800,0.0,0.0,0.0,-0.009237822591906197,-0.00928075588635164,0.22767260957220337,0.19217734984519688
2024-08-29 00:00:00-04:00,21.610000610351562,21.760000228881836,21.600000381469727,21.739999771118164,33700,0.0,0.0,0.0,0.013519766800184074,0.013429190222621826,0.14278938685678566,0.19793794151874664
2024-08-30 00:00:00-04:00,22.030000686645508,22.030000686645508,21.709999084472656,21.860000610351562,51800,0.0,0.0,0.0,0.0055198178701372225,0.005504639504403548,0.13455634717732698,0.19072386105243677
2024-09-03 00:00:00-04:00,22.0,22.399999618530273,21.940000534057617,22.170000076293945,76300,0.0,0.0,0.0,0.01418112796371962,0.014081516400211188,0.14976865373060574,0.1936334860132243
2024-09-04 00:00:00-04:00,22.31999969482422,22.3799991607666,22.100000381469727,22.329999923706055,46000,0.0,0.0,0.0,0.007216952948195798,0.0071910353658750864,0.14998944763348207,0.18704668619396092
2024-09-05 00:00:00-04:00,22.25,22.450000762939453,22.190000534057617,22.450000762939453,26600,0.0,0.0,0.0,0.005373974010004501,0.0053595857367929964,0.06900373766758539,0.18755321242030906
2024-09-06 00:00:00-04:00,22.489999771118164,22.5,21.950000762939453,22.030000686645508,45500,0.0,0.0,0.0,-0.018708243297135385,-0.018885456189294773,0.19853167452202183,0.19546304871402256
2024-09-09 00:00:00-04:00,22.09000015258789,22.299999237060547,22.09000015258789,22.290000915527344,14800,0.0,0.0,0.0,0.011802098083430801,0.01173299648832517,0.20886072106270898,0.19903352514678807
2024-09-10 00:00:00-04:00,21.989999771118164,22.15999984741211,21.81999969482422,21.889999389648438,23700,0.0,0.0,0.0,-0.01794533465452941,-0.018108304819128007,0.23306657831800218,0.20564589213493484
2024-09-11 00:00:00-04:00,21.989999771118164,22.049999237060547,21.899999618530273,21.940000534057617,6500,0.0,0.0,0.0,0.002284200356479804,0.002281595536711567,0.2225686024195028,0.18400034829231127
2024-09-12 00:00:00-04:00,22.0,22.229999542236328,21.899999618530273,22.200000762939453,20800,0.0,0.0,0.0,0.011850511511074746,0.01178084405605853,0.24257438752271038,0.1871623540859621
2024-09-13 00:00:00-04:00,22.290000915527344,22.309999465942383,22.020000457763672,22.1200008392334,113700,0.0,0.0,0.0,-0.0036036000430957893,-0.0036101086507148404,0.1970153688075212,0.18817271362875387
2024-09-16 00:00:00-04:00,22.09000015258789,22.190000534057617,22.010000228881836,22.040000915527344,52900,0.0,0.0,0.0,-0.0036166329417204324,-0.003623188770094364,0.17196885245441912,0.18533205901769392
2024-09-17 00:00:00-04:00,22.09000015258789,22.219999313354492,22.010000228881836,22.1299991607666,34700,0.0,0.0,0.0,0.004083404786787259,0.004075090316008733,0.10170892303405095,0.17480846640682912
2024-09-18 00:00:00-04:00,22.239999771118164,22.399999618530273,22.139999389648438,22.239999771118164,16200,0.0,0.0,0.0,0.004970655875422558,0.004958342950857362,0.10361992348070297,0.175199432075261
2024-09-19 00:00:00-04:00,22.329999923706055,22.329999923706055,22.15999984741211,22.200000762939453,45300,0.0,0.0,0.0,-0.0017985165733075403,-0.0018001358460569574,0.06673054493289354,0.17516899398095664
2024-09-20 00:00:00-04:00,22.110000610351562,22.219999313354492,22.0,22.170000076293945,89800,0.0,0.0,0.0,-0.0013513822348867333,-0.0013522961753405051,0.06069585772288743,0.150905353999591
2024-09-23 00:00:00-04:00,22.479999542236328,22.75,22.479999542236328,22.719999313354492,78100,0.0,0.0,0.0,0.024808265005314745,0.02450553656134208,0.17266800247712358,0.16796258448124102
2024-09-24 00:00:00-04:00,23.0,23.030000686645508,22.700000762939453,22.81999969482422,64400,0.0,0.0,0.0,0.0044014253737652,0.0043917674298809125,0.17244369459887635,0.16689349334811593
2024-09-25 00:00:00-04:00,22.6299991607666,23.049999237060547,22.6299991607666,23.030000686645508,46600,0.0,0.0,0.0,0.00920249757360514,0.009160412587098803,0.1731492631047496,0.16813791599215497
2024-09-26 00:00:00-04:00,23.15999984741211,23.190000534057617,22.670000076293945,22.770000457763672,44600,0.0,0.0,0.0,-0.01128963183368914,-0.011353843468401967,0.21238048677087845,0.1702865456351532
2024-09-27 00:00:00-04:00,22.790000915527344,23.239999771118164,22.75,23.200000762939453,24600,0.0,0.0,0.0,0.018884510168253765,0.018708411378130518,0.2217122393242262,0.17564385346244557
2024-09-30 00:00:00-04:00,23.110000610351562,23.299999237060547,23.0,23.049999237060547,24000,0.0,0.0,0.0,-0.006465582799399017,-0.006486575214253487,0.19222731783992775,0.1787714678815109
2024-10-01 00:00:00-04:00,22.81999969482422,23.25,22.780000686645508,23.040000915527344,15400,0.0,0.0,0.0,-0.0004337666752338709,-0.0004338607792119063,0.19298534844818074,0.17379580504911238
2024-10-02 00:00:00-04:00,22.899999618530273,23.079999923706055,22.889999389648438,23.020000457763672,24800,0.0,0.0,0.0,-0.0008680753892762461,-0.0008684523849065218,0.18218029982839537,0.17293401017559104
2024-10-03 00:00:00-04:00,22.790000915527344,23.079999923706055,22.770000457763672,22.8799991607666,27400,0.0,0.0,0.0,-0.006081724335928684,-0.006100293347397955,0.16483645024363028,0.17437463310980605
2024-10-04 00:00:00-04:00,22.979999542236328,22.979999542236328,22.639999389648438,22.68000030517578,20700,0.0,0.0,0.0,-0.008741209044000664,-0.008779637516541582,0.058368084401640825,0.1626220426331168
2024-10-07 00:00:00-04:00,22.6299991607666,22.719999313354492,22.540000915527344,22.639999389648438,20900,0.0,0.0,0.0,-0.0017637087737699675,-0.0017652659392829774,0.05802828041814315,0.15830085001129351
2024-10-08 00:00:00-04:00,22.5,22.5,22.229999542236328,22.290000915527344,147500,0.0,0.0,0.0,-0.015459296976886083,-0.015580037904757524,0.09377512743497132,0.15459342675770457
2024-10-09 00:00:00-04:00,22.200000762939453,22.3799991607666,22.190000534057617,22.329999923706055,16100,0.0,0.0,0.0,0.0017944821236344222,0.0017928739641765782,0.10520580051221842,0.1545471629368679
2024-10-10 00:00:00-04:00,22.290000915527344,22.290000915527344,22.219999313354492,22.229999542236328,22400,0.0,0.0,0.0,-0.004478297438933909,-0.004488355051462758,0.10578982602898832,0.15004180481162724
2024-10-11 00:00:00-04:00,22.18000030517578,22.399999618530273,22.010000228881836,22.040000915527344,26700,0.0,0.0,0.0,-0.008546946946534684,-0.008583681559880972,0.1054498657855031,0.15266749700706203
2024-10-14 00:00:00-04:00,21.940000534057617,22.030000686645508,21.75,21.81999969482422,42900,0.0,0.0,0.0,-0.009981906150835607,-0.01003205940519917,0.10226045760438052,0.15622202495002782
2024-10-15 00:00:00-04:00,21.75,21.75,21.510000228881836,21.6200008392334,21600,0.0,0.0,0.0,-0.009165850521907215,-0.009208115390349386,0.0775279174762761,0.15818299397721433
2024-10-16 00:00:00-04:00,21.719999313354492,21.770000457763672,21.360000610351562,21.469999313354492,23400,0.0,0.0,0.0,-0.006938090659399987,-0.006962271119454138,0.034559718003138104,0.15775084262214265
2024-10-17 00:00:00-04:00,21.360000610351562,21.540000915527344,21.200000762939453,21.489999771118164,24400,0.0,0.0,0.0,0.0009315537216263436,0.0009311200947351402,0.07034742067737161,0.15802877299566767
2024-10-18 00:00:00-04:00,21.579999923706055,21.579999923706055,21.239999771118164,21.239999771118164,18100,0.0,0.0,0.0,-0.011633317946144972,-0.011701514406041433,0.07830356423439,0.161998671966193
2024-10-21 00:00:00-04:00,21.239999771118164,21.5,21.239999771118164,21.34000015258789,22200,0.0,0.0,0.0,0.004708115939139779,0.004697067426173135,0.11022712911608652,0.13035266978565907
2024-10-22 00:00:00-04:00,21.459999084472656,21.6299991607666,21.459999084472656,21.6299991607666,11800,0.0,0.0,0.0,0.013589456705957126,0.01349794814152663,0.15696753022345347,0.14100665022897413
2024-10-23 00:00:00-04:00,21.700000762939453,21.729999542236328,21.520000457763672,21.68000030517578,32300,0.0,0.0,0.0,0.0023116572514656486,0.002308989482362363,0.1439148580950121,0.13534058468565557
2024-10-24 00:00:00-04:00,21.950000762939453,21.950000762939453,21.6299991607666,21.700000762939453,41500,0.0,0.0,0.0,0.0009225303266668927,0.0009221050570943704,0.14391901962710693,0.13230568298744086
2024-10-25 00:00:00-04:00,21.6299991607666,21.6299991607666,21.399999618530273,21.549999237060547,31100,0.0,0.0,0.0,-0.00691251247028013,-0.006936514558380157,0.11721173183011038,0.10651259191009818
2024-10-28 00:00:00-04:00,21.399999618530273,21.5,21.25,21.329999923706055,51000,0.0,0.0,0.0,-0.010208785203859705,-0.010261252240111632,0.1469684022105464,0.10862776672711111
2024-10-29 00:00:00-04:00,21.270000457763672,21.329999923706055,21.18000030517578,21.18000030517578,25200,0.0,0.0,0.0,-0.007032330945466403,-0.007057174324484249,0.08699390403980614,0.10840218752858272
2024-10-30 00:00:00-04:00,21.229999542236328,21.469999313354492,21.229999542236328,21.40999984741211,22300,0.0,0.0,0.0,0.010859279458089732,0.01080074089270915,0.13507761247969452,0.12047197455529418
2024-10-31 00:00:00-04:00,21.56999969482422,21.600000381469727,21.440000534057617,21.549999237060547,30800,0.0,0.0,0.0,0.006538972005894594,0.006517685671886695,0.14912976118257795,0.12524663250648962
2024-11-01 00:00:00-04:00,21.719999313354492,21.790000915527344,21.40999984741211,21.5,18700,0.0,0.0,0.0,-0.002320150293767087,-0.0023228460129161546,0.1417199856520415,0.12337574140532916
2024-11-04 00:00:00-05:00,21.65999984741211,21.760000228881836,21.510000228881836,21.549999237060547,53500,0.0,0.0,0.0,0.0023255459097928366,0.0023228460129161295,0.1120852128134849,0.12460836277717156
2024-11-05 00:00:00-05:00,21.610000610351562,21.690000534057617,21.579999923706055,21.6200008392334,7800,0.0,0.0,0.0,0.003248334322558444,0.0032430698819841904,0.07806166172830503,0.11607582371746733
2024-11-06 00:00:00-05:00,21.350000381469727,21.6200008392334,21.219999313354492,21.610000610351562,30800,0.0,0.0,0.0,-0.00046254525872579944,-0.0004626522657823276,0.05435986150860205,0.11550141071527731
2024-11-07 00:00:00-05:00,21.75,22.09000015258789,21.530000686645508,22.030000686645508,14000,0.0,0.0,0.0,0.01943544953408094,0.019248993220172945,0.13758925318857498,0.1368504806881603
2024-11-08 00:00:00-05:00,21.920000076293945,22.309999465942383,21.8700008392334,22.1200008392334,23300,0.0,0.0,0.0,0.004085344974249061,0.004077022611252381,0.12465299040727719,0.13421738267237335
2024-11-11 00:00:00-05:00,22.15999984741211,22.190000534057617,21.8700008392334,21.940000534057617,17500,0.0,0.0,0.0,-0.008137445675703625,-0.008170735405343674,0.15981042849144161,0.1325076157149621
2024-11-12 00:00:00-05:00,21.940000534057617,21.940000534057617,21.559999465942383,21.729999542236328,43300,0.0,0.0,0.0,-0.009571603769804038,-0.009617705986455213,0.18559457420618408,0.13289959759743455
2024-11-13 00:00:00-05:00,21.649999618530273,21.649999618530273,21.459999084472656,21.549999237060547,17900,0.0,0.0,0.0,-0.008283493279690024,-0.008317992055828179,0.19758098874184307,0.13395134424834806
2024-11-14 00:00:00-05:00,21.540000915527344,21.540000915527344,21.239999771118164,21.290000915527344,17800,0.0,0.0,0.0,-0.012064887737261332,-0.012138259238452635,0.09973213196393375,0.1408040767171758
2024-11-15 00:00:00-05:00,21.299999237060547,21.530000686645508,21.299999237060547,21.3700008392334,16400,0.0,0.0,0.0,0.003757628946258418,0.003750586694542345,0.09748159555048065,0.13504301727074244
2024-11-18 00:00:00-05:00,21.260000228881836,21.65999984741211,21.25,21.600000381469727,26100,0.0,0.0,0.0,0.010762729677299188,0.01070522374813152,0.15641019036422285,0.13928442764816343
2024-11-19 00:00:00-05:00,21.540000915527344,21.639999389648438,21.40999984741211,21.40999984741211,36000,0.0,0.0,0.0,-0.00879632086583737,-0.008835236876108168,0.1544677877208943,0.13426108331667555
2024-11-20 00:00:00-05:00,21.3799991607666,21.3799991607666,21.18000030517578,21.239999771118164,23800,0.0,0.0,0.0,-0.007940218472934468,-0.00797190987688946,0.15373503788349185,0.13635217328790594
2024-11-21 00:00:00-05:00,21.299999237060547,21.299999237060547,20.940000534057617,21.020000457763672,49500,0.0,0.0,0.0,-0.010357783226233597,-0.01041179837142268,0.14765025076581723,0.14008216711140306
2024-11-22 00:00:00-05:00,21.0,21.15999984741211,20.969999313354492,21.09000015258789,14300,0.0,0.0,0.0,0.0033301471598381482,0.003324614499431297,0.14653312621821848,0.13960274707988105
2024-11-25 00:00:00-05:00,21.139999389648438,21.270000457763672,21.110000610351562,21.209999084472656,14400,0.0,0.0,0.0,0.005689849739998198,0.005673723685933079,0.11927926691345822,0.13714113743920958
2024-11-26 00:00:00-05:00,21.100000381469727,21.25,21.079999923706055,21.209999084472656,12900,0.0,0.0,0.0,0.0,0.0,0.1112854910311684,0.13477759168245823
2024-11-27 00:00:00-05:00,21.239999771118164,21.290000915527344,21.190000534057617,21.239999771118164,24700,0.0,0.0,0.0,0.0014144595917249259,0.0014134601860582353,0.09809735069688512,0.1288201293863717
2024-11-29 00:00:00-05:00,21.280000686645508,21.399999618530273,21.100000381469727,21.200000762939453,11500,0.0,0.0,0.0,-0.0018831924957504187,-0.001884967932080847,0.046544098278257263,0.12627532049338877
2024-12-02 00:00:00-05:00,21.059999465942383,21.100000381469727,20.950000762939453,21.020000457763672,19700,0.0,0.0,0.0,-0.008490580127263336,-0.008526830439341762,0.08243806819892897,0.12913522101740546
2024-12-03 00:00:00-05:00,21.1200008392334,21.25,21.049999237060547,21.1299991607666,27600,0.0,0.0,0.0,0.005233049505586562,0.005219404684005962,0.0802584959853159,0.1305617860937965
2024-12-04 00:00:00-05:00,21.110000610351562,21.110000610351562,20.950000762939453,20.989999771118164,11700,0.0,0.0,0.0,-0.006625622111163354,-0.006647668982126445,0.08962014857255225,0.13105259931024332
2024-12-05 00:00:00-05:00,21.030000686645508,21.200000762939453,21.030000686645508,21.139999389648438,19800,0.0,0.0,0.0,0.007146242027914251,0.007120828641996347,0.11047327242484413,0.13454585233595695
2024-12-06 00:00:00-05:00,21.149999618530273,21.200000762939453,21.06999969482422,21.200000762939453,11600,0.0,0.0,0.0,0.0028382864249465456,0.0028342660954660138,0.11294804825034975,0.1120177569560261
2024-12-09 00:00:00-05:00,21.200000762939453,21.299999237060547,21.049999237060547,21.100000381469727,16100,0.0,0.0,0.0,-0.004716998956176499,-0.004728159104521557,0.09709936410118909,0.11012695160257127
2024-12-10 00:00:00-05:00,21.139999389648438,21.280000686645508,21.110000610351562,21.219999313354492,11400,0.0,0.0,0.0,0.005687153067075235,0.0056710422662696325,0.09845687596249389,0.11139176777182391
2024-12-11 00:00:00-05:00,21.209999084472656,21.329999923706055,21.209999084472656,21.299999237060547,7400,0.0,0.0,0.0,0.003770024801824867,0.003762936069200735,0.07299172242289675,0.10883540228787913
2024-12-12 00:00:00-05:00,21.25,21.299999237060547,21.110000610351562,21.270000457763672,19300,0.0,0.0,0.0,-0.001408393444666367,-0.001409386162915251,0.06698984043523405,0.10539506850739205
2024-12-13 00:00:00-05:00,21.139999389648438,21.15999984741211,21.020000457763672,21.09000015258789,19800,0.0,0.0,0.0,-0.008462637578838472,-0.008498649007944172,0.09295115881859203,0.10089215317792807
2024-12-16 00:00:00-05:00,21.229999542236328,21.229999542236328,20.920000076293945,20.959999084472656,17800,0.0,0.0,0.0,-0.006164109396617601,-0.006183185952664923,0.09704860951193132,0.1015455625336566
2024-12-17 00:00:00-05:00,20.829999923706055,20.829999923706055,20.610000610351562,20.739999771118164,45800,0.0,0.0,0.0,-0.010496150904771295,-0.010551624007487983,0.09131750167253123,0.09696205896306095
2024-12-18 00:00:00-05:00,20.420000076293945,20.469999313354492,20.200000762939453,20.219999313354492,103000,0.0,0.0,0.0,-0.025072346359801156,-0.025392012132017402,0.14149715290978201,0.12517480925435426
2024-12-19 00:00:00-05:00,20.219999313354492,20.540000915527344,20.219999313354492,20.459999084472656,40000,0.0,0.0,0.0,0.01186942528527446,0.011799536142701907,0.2093259871699975,0.1338863423816219
2024-12-20 00:00:00-05:00,20.56999969482422,20.760000228881836,20.56999969482422,20.739999771118164,10200,0.0,0.0,0.0,0.013685273664455044,0.01359247598931543,0.2575162515316539,0.14061857430175032
2024-12-23 00:00:00-05:00,20.729999542236328,20.75,20.610000610351562,20.719999313354492,49100,0.0,0.0,0.0,-0.0009643422364702392,-0.000964807513593064,0.2564344521057622,0.1398374521662606
2024-12-24 00:00:00-05:00,20.760000228881836,20.809999465942383,20.729999542236328,20.760000228881836,41200,0.0,0.0,0.0,0.0019305461801615298,0.0019286850708047437,0.24605869012257275,0.138132798985858
2024-12-26 00:00:00-05:00,20.8700008392334,21.149999618530273,20.860000610351562,21.139999389648438,19700,0.0,0.0,0.0,0.018304390971920048,0.01813888224738587,0.12945665330918765,0.15428898936675756
2024-12-27 00:00:00-05:00,21.1200008392334,21.139999389648438,20.969999313354492,21.010000228881836,8900,0.0,0.0,0.0,-0.00614944013812313,-0.006168425819353854,0.1628768411807441,0.15562145640721659
2024-12-30 00:00:00-05:00,21.239999771118164,21.329999923706055,20.959999084472656,21.06999969482422,19800,0.0,0.0,0.0,0.002855757510173751,0.002851687581340668,0.14519455128809766,0.15597094291885527
2024-12-31 00:00:00-05:00,21.209999084472656,21.549999237060547,21.15999984741211,21.479999542236328,24700,0.0,0.0,0.0,0.019458939409136455,0.019272034997308573,0.17719894103123804,0.16753729098048895
2025-01-02 00:00:00-05:00,21.5,21.6200008392334,21.350000381469727,21.530000686645508,34600,0.0,0.0,0.0,0.002327800068657515,0.002325094939264619,0.17646431625199357,0.16691120017788624
2025-01-03 00:00:00-05:00,21.5,21.5,20.969999313354492,21.06999969482422,28500,0.0,0.0,0.0,-0.02136558184629389,-0.02159712993657315,0.23610865754811022,0.18323443830598873
2025-01-06 00:00:00-05:00,21.43000030517578,21.43000030517578,21.139999389648438,21.190000534057617,17200,0.0,0.0,0.0,0.005695341289581268,0.005679184151295531,0.2334482601116822,0.18258178955236948
2025-01-07 00:00:00-05:00,21.040000915527344,21.219999313354492,20.979999542236328,21.200000762939453,9200,0.0,0.0,0.0,0.00047193150683333407,0.00047182018218345915,0.233378915884258,0.18231805954164482
2025-01-08 00:00:00-05:00,21.209999084472656,21.209999084472656,21.079999923706055,21.1299991607666,16500,0.0,0.0,0.0,-0.003301962247813872,-0.0033074257553357793,0.16896464840948355,0.18189472211908853
2025-01-10 00:00:00-05:00,21.280000686645508,21.889999389648438,21.260000228881836,21.760000228881836,50400,0.0,0.0,0.0,0.029815480034897313,0.029379640595868124,0.29307784672963755,0.20970358494000318
2025-01-13 00:00:00-05:00,21.760000228881836,22.270000457763672,21.760000228881836,22.25,97400,0.0,0.0,0.0,0.022518371597615605,0.02226857610604057,0.22869940675670314,0.22273978606136635
2025-01-14 00:00:00-05:00,22.290000915527344,22.420000076293945,22.040000915527344,22.110000610351562,73900,0.0,0.0,0.0,-0.006292107399929803,-0.006311986137667994,0.26003511880679736,0.22447943289560174
2025-01-15 00:00:00-05:00,22.170000076293945,22.270000457763672,21.950000762939453,22.040000915527344,24500,0.0,0.0,0.0,-0.0031659743506042837,-0.0031709966505151844,0.2683847913649068,0.22196807187754927
2025-01-16 00:00:00-05:00,21.690000534057617,21.770000457763672,21.5,21.579999923706055,50000,0.0,0.0,0.0,-0.020871187509670874,-0.021092069529478057,0.3352886273129399,0.2351520419842788
2025-01-17 00:00:00-05:00,21.5,21.860000610351562,21.5,21.809999465942383,11800,0.0,0.0,0.0,0.01065799550738955,0.010601599432125967,0.26375928482399535,0.2327406913280338
2025-01-21 00:00:00-05:00,22.079999923706055,22.420000076293945,21.950000762939453,22.420000076293945,43600,0.0,0.0,0.0,0.027968850311258064,0.02758486532024109,0.2934959941834461,0.2250628852297925
2025-01-22 00:00:00-05:00,22.420000076293945,22.530000686645508,22.139999389648438,22.229999542236328,32200,0.0,0.0,0.0,-0.008474600062937432,-0.008510713663008219,0.2976014394441654,0.22870969559135812
2025-01-23 00:00:00-05:00,22.31999969482422,22.579999923706055,22.170000076293945,22.399999618530273,32000,0.0,0.0,0.0,0.007647327026298445,0.007618234447148524,0.29745565572909966,0.22640037448090058
2025-01-24 00:00:00-05:00,22.5,22.5,22.200000762939453,22.25,28300,0.0,0.0,0.0,-0.006696411655569223,-0.006718933218846244,0.23512371738304075,0.22895166632493127
2025-01-27 00:00:00-05:00,22.079999923706055,22.139999389648438,22.0,22.110000610351562,20500,0.0,0.0,0.0,-0.006292107399929803,-0.006311986137667994,0.24553299167732345,0.23162356800736017
2025-01-28 00:00:00-05:00,22.139999389648438,22.209999084472656,22.06999969482422,22.110000610351562,29000,0.0,0.0,0.0,0.0,0.0,0.10546629837129068,0.22486490383788904
2025-01-29 00:00:00-05:00,22.149999618530273,22.549999237060547,22.149999618530273,22.450000762939453,42800,0.0,0.0,0.0,0.015377663645504747,0.01526062569762149,0.15043986885734012,0.22705784121896194
2025-01-30 00:00:00-05:00,22.31999969482422,22.329999923706055,22.15999984741211,22.25,20600,0.0,0.0,0.0,-0.00890871965000617,-0.008948639559953467,0.15710338017121872,0.23124492691165555
2025-01-31 00:00:00-05:00,22.0,22.350000381469727,21.93000030517578,22.15999984741211,16300,0.0,0.0,0.0,-0.004044950678107395,-0.004053153618901271,0.15242784892527814,0.2237549909064207
2025-02-03 00:00:00-05:00,22.139999389648438,22.459999084472656,22.139999389648438,22.43000030517578,62700,0.0,0.0,0.0,0.012184136264567824,0.012110507144465823,0.1661093244338791,0.2268627055656612
2025-02-04 00:00:00-05:00,22.459999084472656,22.780000686645508,22.329999923706055,22.739999771118164,44100,0.0,0.0,0.0,0.013820751748757187,0.013726116119411876,0.1792529204848202,0.21241809836663703
2025-02-05 00:00:00-05:00,22.65999984741211,22.65999984741211,22.3799991607666,22.489999771118164,54200,0.0,0.0,0.0,-0.010993843558324112,-0.011054722463050518,0.18702489743617834,0.21872023537149854
2025-02-06 00:00:00-05:00,22.690000534057617,22.690000534057617,22.260000228881836,22.549999237060547,191900,0.0,0.0,0.0,0.00266782865953763,0.0026642763212765645,0.16774351405062432,0.21851293540224567
2025-02-07 00:00:00-05:00,22.5,22.5,22.280000686645508,22.280000686645508,99600,0.0,0.0,0.0,-0.011973328583146925,-0.012045586237450119,0.19511736800004464,0.22402342942572406
2025-02-10 00:00:00-05:00,22.25,22.3700008392334,22.239999771118164,22.270000457763672,31300,0.0,0.0,0.0,-0.0004488432932513442,-0.00044894405355381124,0.16892730416245524,0.1999920263221154
2025-02-11 00:00:00-05:00,22.260000228881836,22.479999542236328,22.200000762939453,22.270000457763672,27000,0.0,0.0,0.0,0.0,0.0,0.10808852992268611,0.1834999325956598
2025-02-12 00:00:00-05:00,22.239999771118164,22.239999771118164,21.860000610351562,21.940000534057617,43900,0.0,0.0,0.0,-0.014818137266405462,-0.014929022635630984,0.12537223617213886,0.1898306148880609
2025-02-13 00:00:00-05:00,21.850000381469727,22.020000457763672,21.850000381469727,21.940000534057617,40700,0.0,0.0,0.0,0.0,0.0,0.11631052729626971,0.18953309598781695
2025-02-14 00:00:00-05:00,22.100000381469727,22.239999771118164,22.010000228881836,22.1299991607666,8900,0.0,0.0,0.0,0.008659918964634805,0.008622636951257959,0.13424104574602724,0.1751766177509029
2025-02-18 00:00:00-05:00,22.350000381469727,22.350000381469727,22.06999969482422,22.190000534057617,30800,0.0,0.0,0.0,0.0027113138529797354,0.002707644871918254,0.13737329442157883,0.17179470253507112
2025-02-19 00:00:00-05:00,22.1200008392334,22.34000015258789,22.010000228881836,22.020000457763672,17100,0.0,0.0,0.0,-0.0076611118613100215,-0.007690608928918216,0.14547876609232807,0.14122217020420977
2025-02-20 00:00:00-05:00,22.440000534057617,22.440000534057617,22.059999465942383,22.299999237060547,14900,0.0,0.0,0.0,0.012715657287743376,0.012635492170466318,0.1251885763458962,0.14602222702152917
2025-02-21 00:00:00-05:00,22.3700008392334,22.3700008392334,22.149999618530273,22.229999542236328,9400,0.0,0.0,0.0,-0.003138999875295312,-0.003143936869593933,0.13216698523503756,0.14372487334977221
2025-02-24 00:00:00-05:00,22.170000076293945,22.290000915527344,22.0,22.06999969482422,20100,0.0,0.0,0.0,-0.0071974741658502595,-0.007223500942931487,0.1347153660684216,0.14402937833953874
2025-02-25 00:00:00-05:00,21.940000534057617,22.06999969482422,21.81999969482422,22.049999237060547,16600,0.0,0.0,0.0,-0.0009062282754975781,-0.0009066391485898648,0.13167234982203987,0.1423497631302503
2025-02-26 00:00:00-05:00,21.940000534057617,21.940000534057617,21.81999969482422,21.90999984741211,12400,0.0,0.0,0.0,-0.006349178888547691,-0.0063694206493541015,0.12791610697865993,0.14406571217022796
2025-02-27 00:00:00-05:00,21.899999618530273,21.989999771118164,21.780000686645508,21.81999969482422,27400,0.0,0.0,0.0,-0.004107720365800094,-0.004116180224204775,0.0400726017537777,0.13181793528523736
2025-02-28 00:00:00-05:00,21.700000762939453,21.770000457763672,21.520000457763672,21.530000686645508,23400,0.0,0.0,0.0,-0.013290513851267338,-0.013379623150096477,0.07255074271068981,0.13598483805413655
2025-03-03 00:00:00-05:00,21.520000457763672,21.520000457763672,21.219999313354492,21.270000457763672,56000,0.0,0.0,0.0,-0.012076183027857845,-0.012149692535060515,0.08349698524820683,0.1407964354368162
2025-03-04 00:00:00-05:00,21.1299991607666,21.1299991607666,20.8700008392334,21.030000686645508,25600,0.0,0.0,0.0,-0.011283486880723781,-0.011347628368340839,0.06307945803303996,0.13389092254295396
2025-03-05 00:00:00-05:00,21.040000915527344,21.239999771118164,20.93000030517578,21.200000762939453,10600,0.0,0.0,0.0,0.008083693330637853,0.008051195300307125,0.14165000592916038,0.12551389674035734
2025-03-06 00:00:00-05:00,21.25,21.59000015258789,21.25,21.510000228881836,13700,0.0,0.0,0.0,0.014622615791802573,0.014516736254680172,0.20850513350502628,0.1375121534547323
2025-03-07 00:00:00-05:00,21.399999618530273,21.600000381469727,21.290000915527344,21.520000457763672,7900,0.0,0.0,0.0,0.00046491068226073295,0.0004648026447733839,0.18657229176008894,0.1367000302084357
2025-03-10 00:00:00-04:00,21.459999084472656,21.489999771118164,21.299999237060547,21.299999237060547,17900,0.0,0.0,0.0,-0.01022310483379918,-0.010275719668504381,0.17936400606816086,0.13519014791208042
2025-03-11 00:00:00-04:00,21.5,21.5,21.239999771118164,21.270000457763672,31900,0.0,0.0,0.0,-0.001408393444666367,-0.001409386162915251,0.150440915872526,0.1350670037657628
2025-03-12 00:00:00-04:00,21.239999771118164,21.239999771118164,20.93000030517578,21.040000915527344,8900,0.0,0.0,0.0,-0.010813330384879083,-0.010872219350544656,0.16394505384780253,0.13808729677110762
2025-03-13 00:00:00-04:00,21.280000686645508,21.350000381469727,21.170000076293945,21.219999313354492,29800,0.0,0.0,0.0,0.00855505655868627,0.008518669444259068,0.1281770208715385,0.13601744754210637
2025-03-14 00:00:00-04:00,21.270000457763672,21.469999313354492,21.190000534057617,21.469999313354492,22200,0.0,0.0,0.0,0.011781338741263081,0.011712479081638917,0.16545384226499227,0.14408223561427927
2025-03-17 00:00:00-04:00,21.469999313354492,21.469999313354492,21.309999465942383,21.43000030517578,35000,0.0,0.0,0.0,-0.0018630186054002795,-0.0018647561829906133,0.14343275114083331,0.13945062742245273
2025-03-18 00:00:00-04:00,21.549999237060547,21.549999237060547,21.34000015258789,21.34000015258789,38100,0.0,0.0,0.0,-0.004199727079152393,-0.004208570702142462,0.14798899451599115,0.13879322932236943
2025-03-19 00:00:00-04:00,21.399999618530273,21.399999618530273,21.219999313354492,21.219999313354492,10800,0.0,0.0,0.0,-0.005623282023212495,-0.0056391521965059145,0.125436994647276,0.13785956508668504
2025-03-20 00:00:00-04:00,21.15999984741211,21.290000915527344,21.15999984741211,21.290000915527344,5200,0.0,0.0,0.0,0.0032988503505180233,0.003293421080656334,0.1122800632177598,0.1284268414795365
2025-03-21 00:00:00-04:00,21.200000762939453,21.280000686645508,21.110000610351562,21.15999984741211,7400,0.0,0.0,0.0,-0.0061062030307580395,-0.006124922129129987,0.06090846181714187,0.12911896375346926
2025-03-24 00:00:00-04:00,21.149999618530273,21.209999084472656,21.09000015258789,21.149999618530273,14100,0.0,0.0,0.0,-0.0004726006121904547,-0.0004727123230575787,0.06315628813034824,0.12802908304858102
2025-03-25 00:00:00-04:00,21.139999389648438,21.200000762939453,21.040000915527344,21.18000030517578,10000,0.0,0.0,0.0,0.001418472207404875,0.0014174671260443379,0.06679589847782116,0.12858031269597434
2025-03-26 00:00:00-04:00,21.170000076293945,21.270000457763672,21.149999618530273,21.15999984741211,7700,0.0,0.0,0.0,-0.0009443086626766961,-0.0009447548029867852,0.05596792475951367,0.12757155747130336
2025-03-27 00:00:00-04:00,21.170000076293945,21.43000030517578,21.170000076293945,21.3799991607666,14800,0.0,0.0,0.0,0.01039694305013894,0.01034326656474857,0.09551933603790076,0.13417365481792062
2025-03-28 00:00:00-04:00,21.399999618530273,21.510000228881836,21.229999542236328,21.479999542236328,14000,0.0,0.0,0.0,0.004677286501172162,0.004666381985806548,0.074307562241176,0.12729849190535802
2025-03-31 00:00:00-04:00,21.549999237060547,21.649999618530273,21.299999237060547,21.34000015258789,10500,0.0,0.0,0.0,-0.006517662599254459,-0.006538995305575582,0.10009954224960577,0.12176309797912888
2025-04-01 00:00:00-04:00,21.350000381469727,21.760000228881836,21.350000381469727,21.75,11600,0.0,0.0,0.0,0.01921273872916962,0.019030504510762995,0.15845874490606987,0.13138193754034902
2025-04-02 00:00:00-04:00,21.6299991607666,21.729999542236328,21.610000610351562,21.700000762939453,6500,0.0,0.0,0.0,-0.002298815497036588,-0.0023014618297796567,0.1621062560909522,0.12986917999436606
2025-04-03 00:00:00-04:00,21.34000015258789,21.479999542236328,21.260000228881836,21.3700008392334,17900,0.0,0.0,0.0,-0.015207369221371114,-0.015324187102290387,0.20545552505539708,0.13211784038290972
2025-04-04 00:00:00-04:00,20.90999984741211,20.940000534057617,20.600000381469727,20.729999542236328,57400,0.0,0.0,0.0,-0.029948585487282076,-0.03040620423711897,0.2865588748342908,0.16881332229202883
2025-04-07 00:00:00-04:00,20.729999542236328,20.989999771118164,20.65999984741211,20.75,71900,0.0,0.0,0.0,0.0009648074387518246,0.0009643423112031938,0.2921424025854706,0.16607092558384134
2025-04-08 00:00:00-04:00,21.0,21.010000228881836,20.59000015258789,20.59000015258789,18900,0.0,0.0,0.0,-0.007710836019860667,-0.007740718226232605,0.19544171176479747,0.16764753786511213
2025-04-09 00:00:00-04:00,20.649999618530273,21.1200008392334,20.649999618530273,21.09000015258789,20000,0.0,0.0,0.0,0.02428363265151101,0.023993473275291062,0.3200308121910749,0.18713864168035896
2025-04-10 00:00:00-04:00,21.049999237060547,21.329999923706055,21.049999237060547,21.329999923706055,25600,0.0,0.0,0.0,0.011379789918527505,0.011315527180655852,0.3249709294126507,0.18907296688715322
2025-04-11 00:00:00-04:00,21.329999923706055,21.700000762939453,21.329999923706055,21.68000030517578,47100,0.0,0.0,0.0,0.01640883182004793,0.016275661741397468,0.20047478034569644,0.19345422502916093
2025-04-14 00:00:00-04:00,21.850000381469727,21.860000610351562,21.6200008392334,21.670000076293945,33800,0.0,0.0,0.0,-0.00046126516333344636,-0.0004613715788339992,0.20432367344784294,0.19328552466265617
2025-04-15 00:00:00-04:00,21.600000381469727,21.65999984741211,21.520000457763672,21.610000610351562,6000,0.0,0.0,0.0,-0.002768780144492,-0.0027726203062499503,0.18085984094840898,0.19287784195148047
2025-04-16 00:00:00-04:00,21.75,21.81999969482422,21.610000610351562,21.709999084472656,31700,0.0,0.0,0.0,0.004627416533861339,0.004616742956697888,0.12741130511260976,0.1918507105680974
2025-04-17 00:00:00-04:00,21.829999923706055,21.829999923706055,21.549999237060547,21.6200008392334,10300,0.0,0.0,0.0,-0.0041454743912737735,-0.004154090690915524,0.13243647983474313,0.19259489757937787
2025-04-21 00:00:00-04:00,21.770000457763672,21.770000457763672,21.530000686645508,21.600000381469727,9700,0.0,0.0,0.0,-0.0009250905174517099,-0.0009255186777628452,0.05302785012856984,0.19098809710073728
2025-04-22 00:00:00-04:00,21.670000076293945,21.709999084472656,21.540000915527344,21.579999923706055,5700,0.0,0.0,0.0,-0.0009259471023357335,-0.0009263760561667088,0.05297952174360331,0.1910443292754313
2025-04-23 00:00:00-04:00,21.670000076293945,21.75,21.6200008392334,21.700000762939453,14500,0.0,0.0,0.0,0.005560743264951373,0.005545339410325469,0.0653168946353112,0.1917075518576924
2025-04-24 00:00:00-04:00,21.65999984741211,21.889999389648438,21.6200008392334,21.8799991607666,40300,0.0,0.0,0.0,0.008294856751090984,0.008260643492678072,0.08182365278236069,0.19308418275879866
2025-04-25 00:00:00-04:00,21.920000076293945,21.989999771118164,21.790000915527344,21.850000381469727,26000,0.0,0.0,0.0,-0.001371059435443911,-0.0013720001974237158,0.0713051774533839,0.19059269315487518
2025-04-28 00:00:00-04:00,21.649999618530273,21.90999984741211,21.649999618530273,21.889999389648438,20100,0.0,0.0,0.0,0.0018306181913219088,0.001828944651937202,0.06638916827036552,0.190162603548147
2025-04-29 00:00:00-04:00,21.809999465942383,21.809999465942383,21.579999923706055,21.690000534057617,18300,0.0,0.0,0.0,-0.009136540025916906,-0.00917853419102549,0.107393781288288,0.19175885984846486
2025-04-30 00:00:00-04:00,21.6200008392334,21.6200008392334,21.360000610351562,21.469999313354492,37800,0.0,0.0,0.0,-0.010142979035785649,-0.01019476955201627,0.12251079885868466,0.18263736269059816
2025-05-01 00:00:00-04:00,21.5,21.690000534057617,21.450000762939453,21.6299991607666,7000,0.0,0.0,0.0,0.007452252097306156,0.007424621256393442,0.11807007593576237,0.18469179151991802
2025-05-02 00:00:00-04:00,21.75,21.829999923706055,21.65999984741211,21.75,16500,0.0,0.0,0.0,0.005547889222809577,0.005532556369236265,0.13092003984409997,0.17669111247570776
2025-05-05 00:00:00-04:00,21.760000228881836,21.760000228881836,21.530000686645508,21.6200008392334,8900,0.0,0.0,0.0,-0.005976972908809275,-0.005994906506175655,0.132424251752372,0.13717998108968488
2025-05-06 00:00:00-04:00,21.549999237060547,21.579999923706055,21.43000030517578,21.489999771118164,15500,0.0,0.0,0.0,-0.006013000141948388,-0.006031151024718998,0.12408390315257564,0.14017571475004859
2025-05-07 00:00:00-04:00,21.700000762939453,21.729999542236328,21.5,21.520000457763672,10900,0.0,0.0,0.0,0.0013960301053994595,0.0013950565613310916,0.10008070042878446,0.13564284815341993
2025-05-08 00:00:00-04:00,21.639999389648438,21.639999389648438,21.520000457763672,21.610000610351562,9500,0.0,0.0,0.0,0.004182163135383332,0.004173442197605608,0.08765171649341079,0.10834785278891754
2025-05-09 00:00:00-04:00,21.68000030517578,21.799999237060547,21.65999984741211,21.700000762939453,18100,0.0,0.0,0.0,0.004164745490325306,0.004156096942178216,0.08235452213310986,0.10224804680171225
2025-05-12 00:00:00-04:00,22.209999084472656,22.219999313354492,21.860000610351562,22.219999313354492,64600,0.0,0.0,0.0,0.023963065996897237,0.023680457604431975,0.1763765512313714,0.11952186645746354
2025-05-13 00:00:00-04:00,22.049999237060547,22.299999237060547,21.889999389648438,22.270000457763672,51500,0.0,0.0,0.0,0.0022502765956040616,0.002247748515102278,0.15007622739061338,0.11939213518517537
2025-05-14 00:00:00-04:00,22.299999237060547,22.350000381469727,22.149999618530273,22.219999313354492,29600,0.0,0.0,0.0,-0.002245224220089659,-0.0022477485151022264,0.1607792045211889,0.11916431500613696
2025-05-15 00:00:00-04:00,22.15999984741211,22.15999984741211,21.739999771118164,21.780000686645508,39600,0.0,0.0,0.0,-0.019801919005665303,-0.020000604278107792,0.2484643824124719,0.1401458220863881
2025-05-16 00:00:00-04:00,21.649999618530273,21.940000534057617,21.600000381469727,21.719999313354492,8300,0.0,0.0,0.0,-0.002754883902634897,-0.00275868557901671,0.24893641890375257,0.13966030463794787
2025-05-19 00:00:00-04:00,21.75,21.850000381469727,21.65999984741211,21.799999237060547,21500,0.0,0.0,0.0,0.003683237856129562,0.0036764713455991853,0.14895251406056162,0.14009569705717767
2025-05-20 00:00:00-04:00,21.860000610351562,21.93000030517578,21.799999237060547,21.920000076293945,19500,0.0,0.0,0.0,0.005504625845554889,0.005489530762557972,0.1587159344249567,0.14108497240415668
2025-05-21 00:00:00-04:00,21.889999389648438,22.149999618530273,21.889999389648438,22.079999923706055,20500,0.0,0.0,0.0,0.007299263086460783,0.007272752393174878,0.1756059945239801,0.1419919250271011
2025-05-22 00:00:00-04:00,22.059999465942383,22.18000030517578,22.010000228881836,22.1299991607666,8300,0.0,0.0,0.0,0.002264458208030451,0.0022618981865218948,0.06080405659352597,0.13942027562889053
2025-05-23 00:00:00-04:00,22.079999923706055,22.1299991607666,21.969999313354492,22.1299991607666,10400,0.0,0.0,0.0,0.0,0.0,0.04486463639604952,0.13924739983792905
2025-05-27 00:00:00-04:00,22.049999237060547,22.149999618530273,22.010000228881836,22.110000610351562,16100,0.0,0.0,0.0,-0.0009036850959530662,-0.000904093665493405,0.055785421005267455,0.13928425524803323
2025-05-28 00:00:00-04:00,22.0,22.049999237060547,21.760000228881836,21.770000457763672,15800,0.0,0.0,0.0,-0.015377663645504747,-0.015497126200855237,0.13438849048178436,0.14660261952332973
2025-05-29 00:00:00-04:00,21.809999465942383,21.889999389648438,21.5,21.780000686645508,45100,0.0,0.0,0.0,0.00045935823020482047,0.00045925275751158905,0.11388414165274538,0.14139627015794623
2025-05-30 00:00:00-04:00,21.799999237060547,21.799999237060547,21.540000915527344,21.6200008392334,28800,0.0,0.0,0.0,-0.007346181926900175,-0.007373298002720111,0.10769942314868962,0.1418559667140928
2025-06-02 00:00:00-04:00,21.719999313354492,21.719999313354492,21.440000534057617,21.520000457763672,40100,0.0,0.0,0.0,-0.004625364365770879,-0.004636094463387926,0.0998847330293489,0.14118779764293712
2025-06-03 00:00:00-04:00,21.31999969482422,21.81999969482422,21.31999969482422,21.559999465942383,18800,0.0,0.0,0.0,0.0018586899315924388,0.0018569647049050592,0.10946127873676954,0.13988544256979088
2025-06-04 00:00:00-04:00,21.690000534057617,21.709999084472656,21.559999465942383,21.649999618530273,14100,0.0,0.0,0.0,0.0041744042123035285,0.004165715558615313,0.07548644770419932,0.13884623715180688
2025-06-05 00:00:00-04:00,21.649999618530273,21.889999389648438,21.59000015258789,21.809999465942383,35400,0.0,0.0,0.0,0.007390293313223273,0.007363118898064207,0.09735216835995472,0.14102563285356068
2025-06-06 00:00:00-04:00,21.68000030517578,22.020000457763672,21.68000030517578,21.989999771118164,16300,0.0,0.0,0.0,0.00825310910515431,0.00821923843150472,0.08204847987896514,0.14308151125661514
2025-06-09 00:00:00-04:00,21.940000534057617,21.959999084472656,21.790000915527344,21.829999923706055,13800,0.0,0.0,0.0,-0.007276027697929011,-0.007302627091279014,0.09884239801428571,0.1453752207803092
2025-06-10 00:00:00-04:00,21.959999084472656,21.959999084472656,21.799999237060547,21.860000610351562,29700,0.0,0.0,0.0,0.0013742870705615307,0.0013733436023838648,0.09921686826881654,0.11579017974371433
2025-06-11 00:00:00-04:00,21.940000534057617,21.940000534057617,21.670000076293945,21.770000457763672,20700,0.0,0.0,0.0,-0.004117115739936117,-0.004125614395597618,0.10888310582642538,0.11577798977554095
2025-06-12 00:00:00-04:00,21.799999237060547,21.8700008392334,21.639999389648438,21.690000534057617,10600,0.0,0.0,0.0,-0.0036747782280144303,-0.003681546812646518,0.0963903684418504,0.1160748340567188
2025-06-13 00:00:00-04:00,22.09000015258789,22.34000015258789,22.030000686645508,22.290000915527344,90800,0.0,0.0,0.0,0.02766253419531295,0.02728683901015351,0.2261036041754429,0.13570012945879142
2025-06-16 00:00:00-04:00,22.40999984741211,22.510000228881836,22.260000228881836,22.3799991607666,133800,0.0,0.0,0.0,0.004037606170602004,0.00402947691328719,0.20789243379743264,0.13522069856878494
2025-06-17 00:00:00-04:00,22.469999313354492,22.6200008392334,22.34000015258789,22.559999465942383,94300,0.0,0.0,0.0,0.008042909380056251,0.00801073757257085,0.20583150048549514,0.1370142263484142
2025-06-18 00:00:00-04:00,22.5,22.649999618530273,22.450000762939453,22.489999771118164,42000,0.0,0.0,0.0,-0.0031028234255897624,-0.003107647162916051,0.20267118660869643,0.13729219456440395
2025-06-20 00:00:00-04:00,22.579999923706055,22.579999923706055,22.360000610351562,22.389999389648438,37500,0.0,0.0,0.0,-0.00444643763839192,-0.00445635244351921,0.20519248616807736,0.13683711707639337
2025-06-23 00:00:00-04:00,22.3799991607666,22.3799991607666,22.100000381469727,22.139999389648438,23400,0.0,0.0,0.0,-0.011165699277132735,-0.011228503637986638,0.11939135064349526,0.1430078330306862
2025-06-24 00:00:00-04:00,22.049999237060547,22.049999237060547,21.920000076293945,21.950000762939453,34100,0.0,0.0,0.0,-0.008581690693172161,-0.008618725433427742,0.11726299591476397,0.14626356070624924
2025-06-25 00:00:00-04:00,21.920000076293945,21.940000534057617,21.559999465942383,21.579999923706055,88500,0.0,0.0,0.0,-0.01685652967530238,-0.017000217984653433,0.0876549213138318,0.15756344636901176
2025-06-26 00:00:00-04:00,21.719999313354492,21.719999313354492,21.510000228881836,21.56999969482422,34900,0.0,0.0,0.0,-0.0004634026374972233,-0.00046351004168164624,0.09969644203470525,0.14834568394422037
2025-06-27 00:00:00-04:00,21.65999984741211,21.850000381469727,21.559999465942383,21.729999542236328,32900,0.0,0.0,0.0,0.007417702812972271,0.007390326949455097,0.15099108864898428,0.15092664928168745
2025-06-30 00:00:00-04:00,21.729999542236328,21.979999542236328,21.670000076293945,21.780000686645508,26000,0.0,0.0,0.0,0.0023010191193051366,0.0022983758288760733,0.15183667961009245,0.1486273084943383
2025-07-01 00:00:00-04:00,21.739999771118164,21.84000015258789,21.530000686645508,21.790000915527344,13200,0.0,0.0,0.0,0.0004591473171058347,0.000459041941230565,0.14520692320406606,0.14743358049543806
2025-07-02 00:00:00-04:00,21.829999923706055,22.139999389648438,21.780000686645508,22.110000610351562,21100,0.0,0.0,0.0,0.014685620990322779,0.014578831502113216,0.09956024197492841,0.1556152721941699
2025-07-03 00:00:00-04:00,22.219999313354492,22.329999923706055,22.200000762939453,22.25,25600,0.0,0.0,0.0,0.006331948701208567,0.006311986137667908,0.08754678697754767,0.15632960815787686
2025-07-07 00:00:00-04:00,22.0,22.0,21.600000381469727,21.649999618530273,19200,0.0,0.0,0.0,-0.026966309279538248,-0.027336571783599297,0.24928727150148994,0.18402387612630786
2025-07-08 00:00:00-04:00,21.610000610351562,21.65999984741211,21.520000457763672,21.579999923706055,11800,0.0,0.0,0.0,-0.003233242312129514,-0.0032384805340619723,0.2482711594310633,0.1814382492642153
2025-07-09 00:00:00-04:00,21.510000228881836,21.549999237060547,21.399999618530273,21.43000030517578,37200,0.0,0.0,0.0,-0.006950862792427404,-0.006975132568515399,0.249696659484667,0.18128979471124992
2025-07-10 00:00:00-04:00,21.3700008392334,21.600000381469727,21.270000457763672,21.549999237060547,77500,0.0,0.0,0.0,0.0055995767697578636,0.005583957420460679,0.2144822476201371,0.1825968750471178
2025-07-11 00:00:00-04:00,21.559999465942383,21.59000015258789,21.389999389648438,21.459999084472656,23100,0.0,0.0,0.0,-0.004176341335229039,-0.004185086606020148,0.19106554789075583,0.18261190624999699
2025-07-14 00:00:00-04:00,21.43000030517578,21.489999771118164,21.360000610351562,21.450000762939453,26700,0.0,0.0,0.0,-0.0004659050307432855,-0.00046601359821485177,0.0756149275174027,0.18226278190061865
2025-07-15 00:00:00-04:00,21.399999618530273,21.459999084472656,21.260000228881836,21.350000381469727,27700,0.0,0.0,0.0,-0.0046620222803209765,-0.004672923400230277,0.07791251910501627,0.14913983366124894
2025-07-16 00:00:00-04:00,21.479999542236328,21.709999084472656,21.479999542236328,21.68000030517578,10600,0.0,0.0,0.0,0.015456670623410051,0.015338433105751219,0.13329754213606818,0.16046104766319882
2025-07-17 00:00:00-04:00,21.770000457763672,21.899999618530273,21.65999984741211,21.84000015258789,9000,0.0,0.0,0.0,0.007380066658666529,0.007352967215510197,0.13659039822640248,0.1599525246004744
2025-07-18 00:00:00-04:00,21.979999542236328,22.200000762939453,21.940000534057617,21.979999542236328,29500,0.0,0.0,0.0,0.006410228418970432,0.006389770285773091,0.12298159508243041,0.16229227721433948
2025-07-21 00:00:00-04:00,21.899999618530273,21.989999771118164,21.709999084472656,21.860000610351562,22400,0.0,0.0,0.0,-0.005459460163053098,-0.005474417479778734,0.14039034898035274,0.16260915412992072
2025-07-22 00:00:00-04:00,21.739999771118164,21.93000030517578,21.6299991607666,21.8799991607666,15400,0.0,0.0,0.0,0.000914846745501352,0.0009144285282678219,0.12374646941935369,0.15833525061433576
2025-07-23 00:00:00-04:00,21.8700008392334,22.0,21.739999771118164,21.84000015258789,6600,0.0,0.0,0.0,-0.0018281083049780378,-0.001829781334262149,0.08641659956788292,0.15557836122175772
2025-07-24 00:00:00-04:00,21.84000015258789,21.850000381469727,21.739999771118164,21.850000381469727,17000,0.0,0.0,0.0,0.000457885934613822,0.000457781136838328,0.06884680676817956,0.14259820714538152
2025-07-25 00:00:00-04:00,21.690000534057617,21.770000457763672,21.670000076293945,21.760000228881836,10400,0.0,0.0,0.0,-0.004119000046527099,-0.004127506493959193,0.04421048902952392,0.14356743077627643
2025-07-28 00:00:00-04:00,21.68000030517578,21.690000534057617,21.600000381469727,21.670000076293945,30500,0.0,0.0,0.0,-0.00413603638057114,-0.004144613437223551,0.03830272923328645,0.1420091540529319
2025-07-29 00:00:00-04:00,21.68000030517578,21.709999084472656,21.5,21.530000686645508,14600,0.0,0.0,0.0,-0.006460516343125944,-0.006481475800214686,0.041708314794996565,0.14344269063220033
2025-07-30 00:00:00-04:00,21.5,21.6200008392334,21.31999969482422,21.350000381469727,24000,0.0,0.0,0.0,-0.008360441218537962,-0.008395585726702478,0.05241118743075888,0.14602257799703658
2025-07-31 00:00:00-04:00,21.31999969482422,21.31999969482422,21.170000076293945,21.209999084472656,42600,0.0,0.0,0.0,-0.006557437681293021,-0.006579032130369002,0.028706252237956302,0.13483882832710578
2025-08-01 00:00:00-04:00,21.149999618530273,21.299999237060547,21.149999618530273,21.209999084472656,14200,0.0,0.0,0.0,0.0,0.0,0.05115976738562089,0.13145456766974922
2025-08-04 00:00:00-04:00,21.25,21.360000610351562,21.190000534057617,21.360000610351562,11500,0.0,0.0,0.0,0.0070722080317635605,0.007047317254806108,0.10155900667778271,0.09828282679087966
2025-08-05 00:00:00-04:00,21.450000762939453,21.450000762939453,21.209999084472656,21.209999084472656,12000,0.0,0.0,0.0,-0.007022543145725035,-0.007047317254806185,0.10288360504047264,0.1004962691465978
2025-08-06 00:00:00-04:00,21.31999969482422,21.31999969482422,21.059999465942383,21.1200008392334,12200,0.0,0.0,0.0,-0.004243198921453195,-0.004252226837209089,0.09297783621231699,0.09875906298321924
2025-08-07 00:00:00-04:00,21.149999618530273,21.329999923706055,21.149999618530273,21.25,6100,0.0,0.0,0.0,0.006155263049284931,0.006136396795935982,0.09864399352243323,0.09924841564631261
2025-08-08 00:00:00-04:00,21.200000762939453,21.360000610351562,21.06999969482422,21.06999969482422,14500,0.0,0.0,0.0,-0.008470602596507337,-0.008506682038228651,0.1173270744377866,0.10237491082779884
2025-08-11 00:00:00-04:00,21.450000762939453,21.649999618530273,21.43000030517578,21.56999969482422,21100,0.0,0.0,0.0,0.02373042274522774,0.023453232920709048,0.21290348199644824,0.13466283796256945
2025-08-12 00:00:00-04:00,21.43000030517578,21.969999313354492,21.280000686645508,21.969999313354492,30700,0.0,0.0,0.0,0.01854425703243079,0.01837440888983384,0.2216096352713823,0.14784153826411278
2025-08-13 00:00:00-04:00,22.059999465942383,22.260000228881836,21.979999542236328,22.06999969482422,99500,0.0,0.0,0.0,0.004551678861862474,0.004541351298275499,0.20097597490184987,0.13896228643636307
2025-08-14 00:00:00-04:00,22.079999923706055,22.079999923706055,21.8700008392334,21.8700008392334,27300,0.0,0.0,0.0,-0.009062023486920312,-0.009103333378613328,0.2394351339515669,0.14107715373457827
2025-08-15 00:00:00-04:00,22.059999465942383,22.200000762939453,21.920000076293945,22.18000030517578,22400,0.0,0.0,0.0,0.014174643532078202,0.014075122618871085,0.20564221000864122,0.14819184353675358
2025-08-18 00:00:00-04:00,22.139999389648438,22.229999542236328,22.049999237060547,22.1299991607666,19400,0.0,0.0,0.0,-0.002254334703390981,-0.0022568795411985884,0.18064983206333465,0.1469152413175035
2025-08-19 00:00:00-04:00,22.149999618530273,22.149999618530273,21.899999618530273,21.969999313354492,17800,0.0,0.0,0.0,-0.007229997897865603,-0.007256260997334593,0.1508301698673447,0.1495448819914699
2025-08-20 00:00:00-04:00,21.969999313354492,22.09000015258789,21.959999084472656,22.020000457763672,10200,0.0,0.0,0.0,0.0022758828389579655,0.002273296940334623,0.14736315693701066,0.14949907913205535
2025-08-21 00:00:00-04:00,22.09000015258789,22.389999389648438,22.09000015258789,22.309999465942383,14100,0.0,0.0,0.0,0.013169800279294153,0.013083832423328797,0.1497192165774368,0.15616633839414978
2025-08-22 00:00:00-04:00,22.459999084472656,22.5,22.350000381469727,22.399999618530273,59800,0.0,0.0,0.0,0.004034072377513187,0.00402595732469225,0.12096703646987247,0.15523974451938596
2025-08-25 00:00:00-04:00,22.489999771118164,22.5,22.219999313354492,22.299999237060547,55300,0.0,0.0,0.0,-0.004464302820210819,-0.004474297577554531,0.1267421220272505,0.15540197631443783
2025-08-26 00:00:00-04:00,22.34000015258789,22.469999313354492,22.209999084472656,22.280000686645508,37600,0.0,0.0,0.0,-0.0008967960134188546,-0.0008971983755395133,0.10522894189119272,0.15286606104064843
2025-08-27 00:00:00-04:00,22.25,22.3799991607666,22.200000762939453,22.260000228881836,14600,0.0,0.0,0.0,-0.0008976865865026884,-0.0008980897483998911,0.10862690280230398,0.14854916168181873
2025-08-28 00:00:00-04:00,22.299999237060547,22.309999465942383,22.149999618530273,22.309999465942383,13300,0.0,0.0,0.0,0.00224614719435956,0.002243628376801707,0.05196259503417818,0.14496391109195958
2025-08-29 00:00:00-04:00,22.270000457763672,22.440000534057617,22.209999084472656,22.389999389648438,21800,0.0,0.0,0.0,0.0035858326141235963,0.0035794188442525646,0.049826122861132666,0.14467906494746255
2025-09-02 00:00:00-04:00,22.209999084472656,22.239999771118164,22.079999923706055,22.15999984741211,24500,0.0,0.0,0.0,-0.010272422889956112,-0.010325548357307923,0.08595033434619387,0.15077777617400817
2025-09-03 00:00:00-04:00,22.100000381469727,22.170000076293945,22.010000228881836,22.010000228881836,22300,0.0,0.0,0.0,-0.00676893590086336,-0.006791949055984698,0.09416078179780045,0.1505816728841489
2025-09-04 00:00:00-04:00,21.940000534057617,22.09000015258789,21.829999923706055,22.049999237060547,32400,0.0,0.0,0.0,0.0018173106661862892,0.001815661355062383,0.09878771632732686,0.1488313753536254
2025-09-05 00:00:00-04:00,22.0,22.100000381469727,21.920000076293945,21.920000076293945,33400,0.0,0.0,0.0,-0.005895653753497876,-0.005913101732047699,0.09417390327998364,0.1507174019879092
2025-09-08 00:00:00-04:00,21.920000076293945,22.100000381469727,21.8700008392334,22.09000015258789,28500,0.0,0.0,0.0,0.007755477906124408,0.007725558779202732,0.11606573924851292,0.14731036931101904
2025-09-09 00:00:00-04:00,22.079999923706055,22.1299991607666,22.010000228881836,22.020000457763672,52500,0.0,0.0,0.0,-0.0031688408483789843,-0.0031738722565061556,0.09598162080641703,0.12490945485776037
2025-09-10 00:00:00-04:00,21.950000762939453,22.010000228881836,21.899999618530273,21.920000076293945,15600,0.0,0.0,0.0,-0.004541343296587841,-0.004551686522696653,0.08896137189067996,0.10775848305561998
2025-09-11 00:00:00-04:00,22.079999923706055,22.1200008392334,22.040000915527344,22.110000610351562,16200,0.0,0.0,0.0,0.008667907545452103,0.008630556914203356,0.11200149546824345,0.11105143251057649
2025-09-12 00:00:00-04:00,22.110000610351562,22.31999969482422,22.049999237060547,22.31999969482422,22600,0.0,0.0,0.0,0.009497923051812851,0.0094531013657787,0.10935765799238084,0.11025102465735656
2025-09-15 00:00:00-04:00,22.329999923706055,22.389999389648438,22.229999542236328,22.25,62100,0.0,0.0,0.0,-0.003136187086976161,-0.003141115228110857,0.11087445643496632,0.09950141388739268
2025-09-16 00:00:00-04:00,22.389999389648438,22.450000762939453,22.350000381469727,22.399999618530273,63400,0.0,0.0,0.0,0.006741555889001161,0.006718933218846403,0.10704340252693678,0.10168681374279893
2025-09-17 00:00:00-04:00,22.360000610351562,22.43000030517578,22.25,22.25,58600,0.0,0.0,0.0,-0.006696411655569223,-0.006718933218846244,0.11773371667205948,0.10115632096071764
2025-09-18 00:00:00-04:00,22.270000457763672,22.309999465942383,22.139999389648438,22.170000076293945,274800,0.0,0.0,0.0,-0.0035955021890361483,-0.003601981542714482,0.1127211858979782,0.10204975899663118
2025-09-19 00:00:00-04:00,22.25,22.329999923706055,21.90999984741211,21.959999084472656,146000,0.0,0.0,0.0,-0.00947230451504777,-0.009517452118886181,0.09739132814206485,0.09580957171074324
2025-09-22 00:00:00-04:00,21.790000915527344,21.790000915527344,21.59000015258789,21.670000076293945,323900,0.0,0.0,0.0,-0.013205784165253531,-0.013293755881663477,0.12030875375658495,0.10356653955266255
2025-09-23 00:00:00-04:00,21.59000015258789,21.760000228881836,21.59000015258789,21.690000534057617,49700,0.0,0.0,0.0,0.0009229560541419435,0.0009225303920944462,0.08597774137264767,0.10337985011583442
2025-09-24 00:00:00-04:00,21.790000915527344,21.799999237060547,21.639999389648438,21.65999984741211,28500,0.0,0.0,0.0,-0.0013831574876358443,-0.0013841149329205593,0.09285934683174313,0.10336500956248654
2025-09-25 00:00:00-04:00,21.739999771118164,21.760000228881836,21.6200008392334,21.670000076293945,64700,0.0,0.0,0.0,0.00046169108736315856,0.0004615845408262128,0.10172382619852091,0.1035633126098226
2025-09-26 00:00:00-04:00,21.670000076293945,21.75,21.65999984741211,21.739999771118164,25100,0.0,0.0,0.0,0.003230258171563083,0.0032250520959350697,0.10285074972391912,0.1040706878316755
2025-09-29 00:00:00-04:00,21.6299991607666,21.700000762939453,21.6200008392334,21.68000030517578,56000,0.0,0.0,0.0,-0.0027598650678043457,-0.002763680517100998,0.03636009119737831,0.10256823403406674
2025-09-30 00:00:00-04:00,21.610000610351562,21.610000610351562,21.459999084472656,21.459999084472656,30000,0.0,0.0,0.0,-0.010147657638667207,-0.010199496107305889,0.07964433860403126,0.102429019169965
2025-10-01 00:00:00-04:00,21.40999984741211,21.809999465942383,21.360000610351562,21.729999542236328,133900,0.0,0.0,0.0,0.01258156893208029,0.012503078661848348,0.13216646330549997,0.11201861572943599
2025-10-02 00:00:00-04:00,21.690000534057617,21.959999084472656,21.690000534057617,21.8799991607666,114200,0.0,0.0,0.0,0.006902881808106942,0.006879165995230147,0.13923849575785863,0.11490144706213182
2025-10-03 00:00:00-04:00,21.920000076293945,21.979999542236328,21.780000686645508,21.790000915527344,67400,0.0,0.0,0.0,-0.004113265479490313,-0.004121748225123378,0.14467645605594243,0.1139330527325394
2025-10-06 00:00:00-04:00,21.850000381469727,21.8799991607666,21.780000686645508,21.780000686645508,49600,0.0,0.0,0.0,-0.00045893659759832506,-0.00045904194123056434,0.14232050079367248,0.10991622236517454
2025-10-07 00:00:00-04:00,21.850000381469727,21.920000076293945,21.809999465942383,21.84000015258789,56400,0.0,0.0,0.0,0.0027547963292384736,0.0027510088320916834,0.10295179415406037,0.11015078688650927
2025-10-08 00:00:00-04:00,21.8799991607666,21.950000762939453,21.8700008392334,21.920000076293945,53100,0.0,0.0,0.0,0.003663000144099149,0.0036563076970486893,0.0666344917830303,0.10989677110576493
2025-10-09 00:00:00-04:00,21.860000610351562,21.940000534057617,21.809999465942383,21.84000015258789,45900,0.0,0.0,0.0,-0.0036496315432303916,-0.0036563076970486936,0.05657483349744662,0.10566121655003399
2025-10-10 00:00:00-04:00,21.690000534057617,21.719999313354492,21.450000762939453,21.559999465942383,67300,0.0,0.0,0.0,-0.012820544170753068,-0.012903436593294616,0.1055403218062284,0.1070811445472524
2025-10-13 00:00:00-04:00,21.639999389648438,21.700000762939453,21.549999237060547,21.579999923706055,23400,0.0,0.0,0.0,0.00092766503984687,0.0009272350245533474,0.10734416775528592,0.10733411719133683
2025-10-14 00:00:00-04:00,21.559999465942383,21.600000381469727,21.469999313354492,21.559999465942383,72400,0.0,0.0,0.0,-0.0009268052749945577,-0.0009272350245533933,0.10040639365417538,0.1028781351161782
2025-10-15 00:00:00-04:00,21.59000015258789,21.670000076293945,21.530000686645508,21.59000015258789,104200,0.0,0.0,0.0,0.001391497559770194,0.001390530324207419,0.09252054784043733,0.10186653479615579
2025-10-16 00:00:00-04:00,21.690000534057617,21.84000015258789,21.649999618530273,21.649999618530273,78300,0.0,0.0,0.0,0.0027790396256754946,0.002775185234407687,0.10064477437174767,0.10262501457109133
2025-10-17 00:00:00-04:00,21.75,21.850000381469727,21.75,21.81999969482422,43500,0.0,0.0,0.0,0.007852197657705284,0.00782152959021689,0.05272302612349669,0.10245238534729309
2025-10-20 00:00:00-04:00,22.0,22.09000015258789,21.940000534057617,22.059999465942383,74000,0.0,0.0,0.0,0.01099907307400616,0.010939023197168428,0.07757303799183253,0.09793924325734518
2025-10-21 00:00:00-04:00,22.100000381469727,22.100000381469727,21.959999084472656,22.020000457763672,76600,0.0,0.0,0.0,-0.0018131917111088303,-0.0018148375329607041,0.08157339768816127,0.0984149862490955
2025-10-22 00:00:00-04:00,22.100000381469727,22.1200008392334,21.959999084472656,22.030000686645508,99700,0.0,0.0,0.0,0.00045414299155077664,0.0004540398998334623,0.08387569983663791,0.09809654881521843
2025-10-23 00:00:00-04:00,22.149999618530273,22.280000686645508,22.110000610351562,22.260000228881836,80100,0.0,0.0,0.0,0.01044028756548121,0.010386164146693567,0.09360748957487945,0.10378191657161497
2025-10-24 00:00:00-04:00,22.290000915527344,22.299999237060547,22.209999084472656,22.25,131800,0.0,0.0,0.0,-0.0004492465758765274,-0.00044934751735236945,0.09932647990149089,0.1037263350732797
2025-10-27 00:00:00-04:00,22.6200008392334,22.75,22.530000686645508,22.639999389648438,385700,0.0,0.0,0.0,0.017528062456109605,0.01737621776374138,0.13353910633367366,0.1175790400392924
2025-10-28 00:00:00-04:00,22.850000381469727,23.079999923706055,22.790000915527344,22.850000381469727,343600,0.0,0.0,0.0,0.009275662432981724,0.009232907658740687,0.11910703588662362,0.1105405268256634
2025-10-29 00:00:00-04:00,22.739999771118164,22.920000076293945,22.709999084472656,22.799999237060547,178300,0.0,0.0,0.0,-0.002188233854460986,-0.002190631536593278,0.12987498214189253,0.1062022402072783
2025-10-30 00:00:00-04:00,22.969999313354492,23.040000915527344,22.670000076293945,22.969999313354492,268400,0.0,0.0,0.0,0.007456143946602323,0.00742848430972511,0.12646416249834874,0.1065291253124592
2025-10-31 00:00:00-04:00,22.90999984741211,23.149999618530273,22.889999389648438,23.139999389648438,137300,0.0,0.0,0.0,0.007400961313704046,0.007373708581195276,0.11135104311762735,0.10494169054704294
2025-11-03 00:00:00-05:00,23.219999313354492,23.479999542236328,23.110000610351562,23.469999313354492,355000,0.0,0.0,0.0,0.014261016958093675,0.01416028521756727,0.09471735499241321,0.11126664470395159
2025-11-04 00:00:00-05:00,23.110000610351562,23.200000762939453,23.030000686645508,23.18000030517578,204700,0.0,0.0,0.0,-0.01235615750588026,-0.012433129529541792,0.16434700684953576,0.12515194454574693
2025-11-05 00:00:00-05:00,23.239999771118164,23.479999542236328,23.239999771118164,23.420000076293945,141500,0.0,0.0,0.0,0.010353743225127277,0.010300510350128278,0.16393210428458924,0.12783870700918978
2025-11-06 00:00:00-05:00,23.299999237060547,23.299999237060547,22.899999618530273,22.979999542236328,290500,0.0,0.0,0.0,-0.018787383972000526,-0.018966108926692666,0.2342282313762803,0.14845553311442944
2025-11-07 00:00:00-05:00,23.09000015258789,23.15999984741211,23.059999465942383,23.149999618530273,179500,0.0,0.0,0.0,0.0073977406301288795,0.007370511553549722,0.23422197234285427,0.13756933618101252
2025-11-10 00:00:00-05:00,23.239999771118164,23.40999984741211,23.219999313354492,23.360000610351562,85400,0.0,0.0,0.0,0.009071317290787029,0.009030420034020322,0.21680795134104547,0.1385052443974834
2025-11-11 00:00:00-05:00,23.31999969482422,23.43000030517578,23.18000030517578,23.360000610351562,58600,0.0,0.0,0.0,0.0,0.0,0.1918563449983536,0.1381058638056221
2025-11-12 00:00:00-05:00,23.309999465942383,23.489999771118164,23.280000686645508,23.450000762939453,86800,0.0,0.0,0.0,0.003852746157378517,0.0038453433389299386,0.17825346344233933,0.1377525739302351
2025-11-13 00:00:00-05:00,23.549999237060547,23.739999771118164,23.549999237060547,23.709999084472656,194300,0.0,0.0,0.0,0.011087348105510708,0.011026334036740887,0.06986647412140716,0.13977683127896215
2025-11-14 00:00:00-05:00,23.75,23.780000686645508,23.309999465942383,23.360000610351562,199500,0.0,0.0,0.0,-0.014761640136473186,-0.01487167737567086,0.16283099989899383,0.1550007766550498
2025-11-17 00:00:00-05:00,23.610000610351562,23.860000610351562,23.600000381469727,23.799999237060547,107200,0.0,0.0,0.0,0.01883555715807672,0.018660364533059505,0.20050808183615526,0.16237595337220406
2025-11-18 00:00:00-05:00,23.75,23.850000381469727,23.65999984741211,23.729999542236328,82700,0.0,0.0,0.0,-0.0029411637423591985,-0.00294549746398146,0.2050578965707803,0.1629463641549946
2025-11-19 00:00:00-05:00,23.6299991607666,23.6299991607666,23.450000762939453,23.469999313354492,123000,0.0,0.0,0.0,-0.010956604884002186,-0.011017070550542055,0.22784092669243736,0.17089118776319384
2025-11-20 00:00:00-05:00,23.649999618530273,23.649999618530273,23.309999465942383,23.34000015258789,361100,0.0,0.0,0.0,-0.005538950343838778,-0.005554347210602386,0.20771638890288346,0.17135668419064617
2025-11-21 00:00:00-05:00,23.239999771118164,23.389999389648438,23.15999984741211,23.3799991607666,372900,0.0,0.0,0.0,0.0017137535525797443,0.0017122867525436593,0.18044735379383725,0.17104687022379306
2025-11-24 00:00:00-05:00,23.239999771118164,23.440000534057617,23.18000030517578,23.31999969482422,284900,0.0,0.0,0.0,-0.0025662732290883117,-0.0025695717527152357,0.07385045345213563,0.16233625926049444
2025-11-25 00:00:00-05:00,23.399999618530273,23.399999618530273,23.260000228881836,23.350000381469727,79500,0.0,0.0,0.0,0.0012864788609823208,0.0012856520560878203,0.08336381288955971,0.1597369549634976
2025-11-26 00:00:00-05:00,23.399999618530273,23.559999465942383,23.34000015258789,23.469999313354492,119900,0.0,0.0,0.0,0.005139140467851799,0.005125980154686037,0.06558124051906769,0.1598350288915221
2025-11-28 00:00:00-05:00,23.5,23.6200008392334,23.469999313354492,23.600000381469727,61500,0.0,0.0,0.0,0.0055390316113586024,0.005523747588910293,0.052393981601770626,0.1590299323495765
2025-12-01 00:00:00-05:00,23.489999771118164,23.540000915527344,23.450000762939453,23.469999313354492,173600,0.0,0.0,0.0,-0.005508519746351692,-0.005523747588910218,0.07639993986739511,0.15917260626713106
2025-12-02 00:00:00-05:00,23.5,23.559999465942383,23.389999389648438,23.43000030517578,66400,0.0,0.0,0.0,-0.0017042611567504862,-0.0017057150619199121,0.0742372620233178,0.1510899867831981
2025-12-03 00:00:00-05:00,23.40999984741211,23.43000030517578,23.239999771118164,23.280000686645508,420900,0.0,0.0,0.0,-0.006402032290931614,-0.0064226131863869265,0.09035969320220875,0.1460479246475267
2025-12-04 00:00:00-05:00,23.270000457763672,23.3700008392334,23.229999542236328,23.299999237060547,65600,0.0,0.0,0.0,0.0008590442364768691,0.0008586754691532746,0.07745917352189345,0.14114723028708703
2025-12-05 00:00:00-05:00,23.299999237060547,23.309999465942383,23.020000457763672,23.030000686645508,188300,0.0,0.0,0.0,-0.011587920998108237,-0.011655584179615415,0.07560380626568079,0.13049739622068732
2025-12-08 00:00:00-05:00,23.030000686645508,23.06999969482422,22.860000610351562,22.8700008392334,182600,0.0,0.0,0.0,-0.006947453002243642,-0.006971698917347504,0.07704729838174977,0.12984985490016798
2025-12-09 00:00:00-05:00,22.829999923706055,22.860000610351562,22.719999313354492,22.729999542236328,129300,0.0,0.0,0.0,-0.006121613111482627,-0.006140427005242087,0.07069836336126635,0.12602056472451975
2025-12-10 00:00:00-05:00,22.690000534057617,22.809999465942383,22.68000030517578,22.780000686645508,66400,0.0,0.0,0.0,0.002199786423940253,0.00219737043624066,0.09129640091505865,0.12657062532330615
2025-12-11 00:00:00-05:00,22.790000915527344,22.84000015258789,22.68000030517578,22.81999969482422,855100,0.0,0.0,0.0,0.0017558826590449161,0.0017543428992502733,0.09466134025835028,0.125670295347254
2025-12-12 00:00:00-05:00,22.700000762939453,22.700000762939453,22.510000228881836,22.520000457763672,258100,0.0,0.0,0.0,-0.013146329582492955,-0.01323350746228462,0.10269172705317381,0.12332776339723403
2025-12-15 00:00:00-05:00,22.559999465942383,22.559999465942383,22.389999389648438,22.479999542236328,269400,0.0,0.0,0.0,-0.0017762395521423446,-0.0017778189361356159,0.10132795591215062,0.11456651175969695
2025-12-16 00:00:00-05:00,22.469999313354492,22.469999313354492,22.239999771118164,22.290000915527344,61100,0.0,0.0,0.0,-0.008451896378022905,-0.008487816191104357,0.10646571414179451,0.08662059767998528
2025-12-17 00:00:00-05:00,22.270000457763672,22.309999465942383,22.190000534057617,22.229999542236328,59100,0.0,0.0,0.0,-0.002691851539997847,-0.002695481087286055,0.09376222180681604,0.08663720438142887
2025-12-18 00:00:00-05:00,22.200000762939453,22.219999313354492,22.049999237060547,22.079999923706055,60800,0.0,0.0,0.0,-0.006747621305402185,-0.0067704894303942465,0.0731094374780929,0.08287501128145201
2025-12-19 00:00:00-05:00,22.079999923706055,22.094999313354492,22.010000228881836,22.010000228881836,35736,0.0,0.0,0.0,-0.0031702760446599143,-0.0031753120161895514,0.045667079253146295,0.08235062716186109
