{
  "ticker": "AAPL",
  "timestamp": "2025-12-01T22:15:16.331048",
  "cv_mean": 0.3924451296934518,
  "cv_std": 0.07132958747804331,
  "relabel_attempts": 0,
  "label_stats": {
    "BUY": 213,
    "HOLD": 413,
    "SELL": 125,
    "BUY_pct": 0.2836218375499334,
    "HOLD_pct": 0.5499334221038615,
    "SELL_pct": 0.16644474034620507,
    "total": 751
  },
  "top_features": [
    [
      "macd_hist",
      42.88011321956405
    ],
    [
      "vol_sma_20",
      10.381644623526181
    ],
    [
      "ema_5",
      10.304340508186046
    ],
    [
      "ema_13",
      9.908816020496428
    ],
    [
      "sma_20",
      9.324484467806704
    ],
    [
      "macd",
      4.332127694420217
    ],
    [
      "ema_diff_5_13",
      3.1859452348267165
    ],
    [
      "macd_signal",
      1.9960707665528206
    ],
    [
      "rsi_14",
      1.6190571740925999
    ],
    [
      "rsi_9",
      1.4738913734632988
    ],
    [
      "adx",
      1.3010040965069691
    ],
    [
      "vol_ratio",
      1.2419382216108275
    ]
  ],
  "walk_forward_sharpe": 0.0,
  "walk_forward_avg_return": 0.0,
  "horizon": 7
}