{
  "ticker": "NVDA",
  "timestamp": "2025-12-01T22:15:19.762136",
  "cv_mean": 0.3120089485458613,
  "cv_std": 0.139531549930551,
  "relabel_attempts": 0,
  "label_stats": {
    "BUY": 205,
    "HOLD": 466,
    "SELL": 80,
    "BUY_pct": 0.2729693741677763,
    "HOLD_pct": 0.6205059920106525,
    "SELL_pct": 0.10652463382157124,
    "total": 751
  },
  "top_features": [
    [
      "macd_hist",
      52.802506818856074
    ],
    [
      "atr_14",
      15.84527433054728
    ],
    [
      "ema_5",
      13.872246813563049
    ],
    [
      "ema_13",
      13.76142406578021
    ],
    [
      "sma_20",
      13.444872450068427
    ],
    [
      "adx",
      7.411266096137341
    ],
    [
      "vol_sma_20",
      6.457230790056323
    ],
    [
      "macd_signal",
      6.4450928478706135
    ],
    [
      "macd",
      1.4177354108848752
    ],
    [
      "ema_diff_5_13",
      1.3562943843427573
    ],
    [
      "vol_ratio",
      1.2787088461355134
    ],
    [
      "rsi_14",
      0.7043855453763322
    ]
  ],
  "walk_forward_sharpe": 0.0,
  "walk_forward_avg_return": 0.0,
  "horizon": 5
}