{
  "ticker": "SPY",
  "timestamp": "2025-12-01T22:11:36.249727",
  "cv_mean": 0.4558135316524578,
  "cv_std": 0.06354407467237248,
  "relabel_attempts": 0,
  "label_stats": {
    "BUY": 227,
    "HOLD": 421,
    "SELL": 103,
    "BUY_pct": 0.3022636484687084,
    "HOLD_pct": 0.5605858854860186,
    "SELL_pct": 0.13715046604527298,
    "total": 751
  },
  "top_features": [
    [
      "macd_hist",
      45.5951765197783
    ],
    [
      "macd_signal",
      16.234880103621414
    ],
    [
      "macd",
      11.579281234713799
    ],
    [
      "rsi_9",
      8.501695300518127
    ],
    [
      "ema_diff_5_13",
      7.680710835001167
    ],
    [
      "vol_sma_20",
      6.822210569868773
    ],
    [
      "rsi_14",
      4.653666261280139
    ],
    [
      "atr_14",
      1.5678702483829141
    ],
    [
      "adx",
      1.5224954750793114
    ],
    [
      "sma_20",
      0.7372224242519738
    ],
    [
      "ema_13",
      0.6887707460523952
    ],
    [
      "ema_5",
      0.6591714010951009
    ]
  ],
  "walk_forward_sharpe": 0.0,
  "walk_forward_avg_return": 0.0,
  "horizon": 7
}